graph_id,state_code,ses_definition,ses_category,source_condition,target_condition,bootstrap_status,bootstrap_message,bootstrap_log_odds_ratio,bootstrap_replicates_requested,bootstrap_replicates_valid,positive_stability,bootstrap_low_log,bootstrap_high_log,stability_standard_error,stability_wilson_low,stability_wilson_high
2024_01_education_binary_higher,1,education_binary,higher,ARTHRITIS,DIABETES,ok,,0.707236497492103,200,200,1.0,0.45760508845009,0.937100146982375,0.0,0.9811546736227335,1.0
2024_01_education_binary_higher,1,education_binary,higher,COPD,ARTHRITIS,ok,,1.14539940569644,200,200,1.0,0.792465987385997,1.47045509663761,0.0,0.9811546736227335,1.0
2024_01_education_binary_higher,1,education_binary,higher,COPD,DEPRESSIVE_DISORDER,ok,,1.33341093046796,200,200,1.0,1.03454602846977,1.69746685076969,0.0,0.9811546736227335,1.0
2024_01_education_binary_higher,1,education_binary,higher,COPD,DIABETES,ok,,0.724168104825866,200,200,1.0,0.374478627900409,1.01763701404171,0.0,0.9811546736227335,1.0
2024_01_education_binary_higher,1,education_binary,higher,COPD,KIDNEY_DISEASE,ok,,0.946099499678334,200,200,0.995,0.250045395187525,1.41504941850101,0.004987484335815003,0.9722262956021069,0.9991168312843989
2024_01_education_binary_higher,1,education_binary,higher,CURRENT_ASTHMA,ARTHRITIS,ok,,1.04207263092678,200,200,1.0,0.802245026129317,1.3422456573634,0.0,0.9811546736227335,1.0
2024_01_education_binary_higher,1,education_binary,higher,CURRENT_ASTHMA,COPD,ok,,1.87980253659607,200,200,1.0,1.51451278234272,2.24342941794462,0.0,0.9811546736227335,1.0
2024_01_education_binary_higher,1,education_binary,higher,CURRENT_ASTHMA,DEPRESSIVE_DISORDER,ok,,1.05699792284849,200,200,1.0,0.789559071969364,1.32815223071908,0.0,0.9811546736227335,1.0
2024_01_education_binary_higher,1,education_binary,higher,CURRENT_ASTHMA,KIDNEY_DISEASE,ok,,0.848487336425098,200,200,1.0,0.238392214427617,1.4034475927325,0.0,0.9811546736227335,1.0
2024_01_education_binary_higher,1,education_binary,higher,DEPRESSIVE_DISORDER,ARTHRITIS,ok,,1.15774437273652,200,200,1.0,0.938949183813573,1.38605418682899,0.0,0.9811546736227335,1.0
2024_01_education_binary_higher,1,education_binary,higher,DEPRESSIVE_DISORDER,DIABETES,ok,,0.6671976115936,200,200,1.0,0.383656347043735,0.929783642617568,0.0,0.9811546736227335,1.0
2024_01_education_binary_higher,1,education_binary,higher,DEPRESSIVE_DISORDER,KIDNEY_DISEASE,ok,,0.673991413483845,200,200,0.995,0.173116294277522,1.08954186437665,0.004987484335815003,0.9722262956021069,0.9991168312843989
2024_01_education_binary_higher,1,education_binary,higher,ISCHEMIC_HEART_DISEASE,ARTHRITIS,ok,,0.823235044669934,200,200,1.0,0.515614016834009,1.18942530640495,0.0,0.9811546736227335,1.0
2024_01_education_binary_higher,1,education_binary,higher,ISCHEMIC_HEART_DISEASE,COPD,ok,,1.3711618459458,200,200,1.0,0.890798292437894,1.71029874186788,0.0,0.9811546736227335,1.0
2024_01_education_binary_higher,1,education_binary,higher,ISCHEMIC_HEART_DISEASE,CURRENT_ASTHMA,ok,,0.993906885661645,200,200,1.0,0.476243306877857,1.39424212440945,0.0,0.9811546736227335,1.0
2024_01_education_binary_higher,1,education_binary,higher,ISCHEMIC_HEART_DISEASE,DEPRESSIVE_DISORDER,ok,,0.74988856606359,200,200,1.0,0.40783741141028,1.05013547600618,0.0,0.9811546736227335,1.0
2024_01_education_binary_higher,1,education_binary,higher,ISCHEMIC_HEART_DISEASE,DIABETES,ok,,1.01682057495828,200,200,1.0,0.697277030982023,1.30202804547123,0.0,0.9811546736227335,1.0
2024_01_education_binary_higher,1,education_binary,higher,ISCHEMIC_HEART_DISEASE,KIDNEY_DISEASE,ok,,1.39616463401522,200,200,1.0,0.868509251932372,1.91365834450761,0.0,0.9811546736227335,1.0
2024_01_education_binary_higher,1,education_binary,higher,ISCHEMIC_HEART_DISEASE,STROKE,ok,,1.31715564292069,200,200,1.0,0.856699766049835,1.85997424972082,0.0,0.9811546736227335,1.0
2024_01_education_binary_higher,1,education_binary,higher,KIDNEY_DISEASE,ARTHRITIS,ok,,0.757271134042857,200,200,1.0,0.312920431148266,1.17409667445562,0.0,0.9811546736227335,1.0
2024_01_education_binary_higher,1,education_binary,higher,KIDNEY_DISEASE,DIABETES,ok,,1.22338049782673,200,200,1.0,0.77847381155162,1.68047913293866,0.0,0.9811546736227335,1.0
2024_01_education_binary_higher,1,education_binary,higher,SKIN_CANCER,OTHER_CANCER,ok,,1.33072734858093,200,200,1.0,1.05663927824547,1.6624682180284,0.0,0.9811546736227335,1.0
2024_01_education_binary_higher,1,education_binary,higher,STROKE,ARTHRITIS,ok,,0.473268296585306,200,200,1.0,0.11173325499305,0.831259834487917,0.0,0.9811546736227335,1.0
2024_01_education_binary_higher,1,education_binary,higher,STROKE,COPD,ok,,0.669446757503337,200,200,0.98,0.0402813668383225,1.10989021770264,0.009899494936611668,0.9497129130941735,0.9921955735836505
2024_01_education_binary_higher,1,education_binary,higher,STROKE,CURRENT_ASTHMA,ok,,1.09164910132385,200,200,1.0,0.495503064198068,1.64760433636309,0.0,0.9811546736227335,1.0
2024_01_education_binary_higher,1,education_binary,higher,STROKE,DEPRESSIVE_DISORDER,ok,,0.711334717059319,200,200,1.0,0.23253484758484,1.16826811150639,0.0,0.9811546736227335,1.0
2024_01_education_binary_higher,1,education_binary,higher,STROKE,DIABETES,ok,,0.573802503062766,200,200,0.995,0.128607611058355,0.946722079497797,0.004987484335815003,0.9722262956021069,0.9991168312843989
2024_01_education_binary_higher,1,education_binary,higher,STROKE,KIDNEY_DISEASE,ok,,1.48005807573905,200,200,1.0,0.815112742314764,1.97570960667123,0.0,0.9811546736227335,1.0
2024_01_education_binary_lower,1,education_binary,lower,COPD,ARTHRITIS,ok,,1.00356315432885,200,200,1.0,0.476366858286449,1.55132630340346,0.0,0.9811546736227335,1.0
2024_01_education_binary_lower,1,education_binary,lower,COPD,DEPRESSIVE_DISORDER,ok,,1.29770892026381,200,200,1.0,0.880082048934304,1.69931745938319,0.0,0.9811546736227335,1.0
2024_01_education_binary_lower,1,education_binary,lower,CURRENT_ASTHMA,ARTHRITIS,ok,,0.841367247995893,200,200,1.0,0.427486290307722,1.4749050167672,0.0,0.9811546736227335,1.0
2024_01_education_binary_lower,1,education_binary,lower,CURRENT_ASTHMA,COPD,ok,,2.13291835635536,200,200,1.0,1.6814686766402,2.69433163100104,0.0,0.9811546736227335,1.0
2024_01_education_binary_lower,1,education_binary,lower,CURRENT_ASTHMA,DEPRESSIVE_DISORDER,ok,,1.27959867005665,200,200,1.0,0.854409735406923,1.73167533304741,0.0,0.9811546736227335,1.0
2024_01_education_binary_lower,1,education_binary,lower,DEPRESSIVE_DISORDER,ARTHRITIS,ok,,1.49750324385171,200,200,1.0,1.14548264539593,1.89626628697789,0.0,0.9811546736227335,1.0
2024_01_education_binary_lower,1,education_binary,lower,ISCHEMIC_HEART_DISEASE,COPD,ok,,1.10727552119937,200,200,1.0,0.668330142846662,1.55387963734896,0.0,0.9811546736227335,1.0
2024_01_education_binary_lower,1,education_binary,lower,ISCHEMIC_HEART_DISEASE,OTHER_CANCER,ok,,0.675711294319818,200,200,1.0,0.299619019611809,1.11459072786435,0.0,0.9811546736227335,1.0
2024_01_education_binary_lower,1,education_binary,lower,ISCHEMIC_HEART_DISEASE,STROKE,ok,,1.36844598904738,200,200,1.0,0.83258008971401,1.96929829646561,0.0,0.9811546736227335,1.0
2024_01_education_binary_lower,1,education_binary,lower,KIDNEY_DISEASE,ARTHRITIS,ok,,1.16633950297322,200,200,1.0,0.624556028858896,1.89527583944787,0.0,0.9811546736227335,1.0
2024_01_education_binary_lower,1,education_binary,lower,KIDNEY_DISEASE,DIABETES,ok,,1.09751720479993,200,200,1.0,0.631531211882789,1.57768311837026,0.0,0.9811546736227335,1.0
2024_01_education_binary_lower,1,education_binary,lower,OTHER_CANCER,ARTHRITIS,ok,,0.897996173124009,200,200,1.0,0.475394264313963,1.39250321449231,0.0,0.9811546736227335,1.0
2024_01_education_binary_lower,1,education_binary,lower,OTHER_CANCER,DEPRESSIVE_DISORDER,ok,,0.647591087516208,200,200,1.0,0.219677492344017,1.05542159182825,0.0,0.9811546736227335,1.0
2024_01_education_binary_lower,1,education_binary,lower,SKIN_CANCER,OTHER_CANCER,ok,,1.51756536214092,200,200,1.0,1.08315622901942,2.05905295199178,0.0,0.9811546736227335,1.0
2024_01_education_binary_lower,1,education_binary,lower,STROKE,ARTHRITIS,ok,,0.735285824308819,200,200,1.0,0.221581683916449,1.26938035122304,0.0,0.9811546736227335,1.0
2024_01_education_binary_lower,1,education_binary,lower,STROKE,CURRENT_ASTHMA,ok,,0.922280209151476,200,200,1.0,0.41629329235354,1.52453314113463,0.0,0.9811546736227335,1.0
2024_01_education_binary_lower,1,education_binary,lower,STROKE,DEPRESSIVE_DISORDER,ok,,0.775258025681114,200,200,0.995,0.217146588407445,1.1500753930037,0.004987484335815003,0.9722262956021069,0.9991168312843989
2024_01_education_binary_lower,1,education_binary,lower,STROKE,KIDNEY_DISEASE,ok,,0.928603764005941,200,200,0.995,0.363817696372597,1.43620941056075,0.004987484335815003,0.9722262956021069,0.9991168312843989
2024_01_education_binary_lower,1,education_binary,lower,STROKE,OTHER_CANCER,ok,,0.975310798820317,200,200,1.0,0.495943445296625,1.46326007677598,0.0,0.9811546736227335,1.0
2024_02_education_binary_higher,2,education_binary,higher,ARTHRITIS,DIABETES,ok,,0.62604612414671,200,200,1.0,0.307507334680443,0.95318434603476,0.0,0.9811546736227335,1.0
2024_02_education_binary_higher,2,education_binary,higher,COPD,ARTHRITIS,ok,,0.720003308131806,200,200,1.0,0.332655599138324,1.15364201911404,0.0,0.9811546736227335,1.0
2024_02_education_binary_higher,2,education_binary,higher,COPD,DEPRESSIVE_DISORDER,ok,,1.06422810586502,200,200,1.0,0.643110987574935,1.48500094152554,0.0,0.9811546736227335,1.0
2024_02_education_binary_higher,2,education_binary,higher,COPD,DIABETES,ok,,0.640373211118189,200,200,0.995,0.0792132887912108,1.16077190514722,0.004987484335815003,0.9722262956021069,0.9991168312843989
2024_02_education_binary_higher,2,education_binary,higher,COPD,KIDNEY_DISEASE,ok,,0.886108404102412,200,200,0.995,0.298296025162398,1.41262177221947,0.004987484335815003,0.9722262956021069,0.9991168312843989
2024_02_education_binary_higher,2,education_binary,higher,CURRENT_ASTHMA,ARTHRITIS,ok,,0.539654683203749,200,200,1.0,0.239691924605843,0.89221053523893,0.0,0.9811546736227335,1.0
2024_02_education_binary_higher,2,education_binary,higher,CURRENT_ASTHMA,COPD,ok,,1.91221860190439,200,200,1.0,1.48666897727309,2.38185052877262,0.0,0.9811546736227335,1.0
2024_02_education_binary_higher,2,education_binary,higher,CURRENT_ASTHMA,DEPRESSIVE_DISORDER,ok,,0.694224498343986,200,200,1.0,0.414490964610551,1.01981797277295,0.0,0.9811546736227335,1.0
2024_02_education_binary_higher,2,education_binary,higher,CURRENT_ASTHMA,DIABETES,ok,,0.733349762195905,200,200,1.0,0.218442275714617,1.2154950113081,0.0,0.9811546736227335,1.0
2024_02_education_binary_higher,2,education_binary,higher,DEPRESSIVE_DISORDER,ARTHRITIS,ok,,0.901595160946282,200,200,1.0,0.630864129020658,1.17084370657923,0.0,0.9811546736227335,1.0
2024_02_education_binary_higher,2,education_binary,higher,DEPRESSIVE_DISORDER,DIABETES,ok,,0.732828388202551,200,200,1.0,0.375929283096764,1.08516869283295,0.0,0.9811546736227335,1.0
2024_02_education_binary_higher,2,education_binary,higher,DEPRESSIVE_DISORDER,KIDNEY_DISEASE,ok,,1.35330303493753,200,200,1.0,0.842689871233126,1.82019651543312,0.0,0.9811546736227335,1.0
2024_02_education_binary_higher,2,education_binary,higher,ISCHEMIC_HEART_DISEASE,ARTHRITIS,ok,,0.836992126039518,200,200,1.0,0.417748064910954,1.28652433681782,0.0,0.9811546736227335,1.0
2024_02_education_binary_higher,2,education_binary,higher,ISCHEMIC_HEART_DISEASE,COPD,ok,,1.00444220537893,200,200,1.0,0.421956386892548,1.49247397420429,0.0,0.9811546736227335,1.0
2024_02_education_binary_higher,2,education_binary,higher,ISCHEMIC_HEART_DISEASE,DEPRESSIVE_DISORDER,ok,,1.20061009047777,200,200,1.0,0.72111518061218,1.62373437650485,0.0,0.9811546736227335,1.0
2024_02_education_binary_higher,2,education_binary,higher,ISCHEMIC_HEART_DISEASE,DIABETES,ok,,0.865745053869879,200,200,1.0,0.469580629510532,1.37404543370608,0.0,0.9811546736227335,1.0
2024_02_education_binary_higher,2,education_binary,higher,ISCHEMIC_HEART_DISEASE,KIDNEY_DISEASE,ok,,1.54086077103452,200,200,1.0,0.882661200591115,2.07726393099265,0.0,0.9811546736227335,1.0
2024_02_education_binary_higher,2,education_binary,higher,ISCHEMIC_HEART_DISEASE,STROKE,ok,,1.2743082358108,200,200,1.0,0.362174907541095,2.00136070080338,0.0,0.9811546736227335,1.0
2024_02_education_binary_higher,2,education_binary,higher,KIDNEY_DISEASE,ARTHRITIS,ok,,1.07377288320896,200,200,1.0,0.616888836241521,1.64914733591078,0.0,0.9811546736227335,1.0
2024_02_education_binary_higher,2,education_binary,higher,KIDNEY_DISEASE,DIABETES,ok,,0.966791680928156,200,200,1.0,0.466792694627899,1.54724484130452,0.0,0.9811546736227335,1.0
2024_02_education_binary_higher,2,education_binary,higher,OTHER_CANCER,ARTHRITIS,ok,,0.404772316089603,200,200,0.995,0.0654684223181786,0.672738171851419,0.004987484335815003,0.9722262956021069,0.9991168312843989
2024_02_education_binary_higher,2,education_binary,higher,OTHER_CANCER,KIDNEY_DISEASE,ok,,0.640977020156752,200,200,0.985,0.09640627320309,1.1441617835985,0.008595056718835545,0.9568342712073097,0.9948857622067417
2024_02_education_binary_higher,2,education_binary,higher,SKIN_CANCER,OTHER_CANCER,ok,,1.92521271238091,200,200,1.0,1.41422304670531,2.32309409617834,0.0,0.9811546736227335,1.0
2024_02_education_binary_higher,2,education_binary,higher,STROKE,DEPRESSIVE_DISORDER,ok,,1.22697034433496,200,200,1.0,0.660115730786321,1.75301294174021,0.0,0.9811546736227335,1.0
2024_02_education_binary_higher,2,education_binary,higher,STROKE,DIABETES,ok,,1.0315315110326,200,200,1.0,0.587706761920375,1.53392567629114,0.0,0.9811546736227335,1.0
2024_02_education_binary_higher,2,education_binary,higher,STROKE,KIDNEY_DISEASE,ok,,1.05016409132833,200,200,0.995,0.411634050455154,1.67307550448713,0.004987484335815003,0.9722262956021069,0.9991168312843989
2024_02_education_binary_lower,2,education_binary,lower,COPD,ARTHRITIS,ok,,1.22629618143641,200,200,1.0,0.710137437752112,1.7825033023393,0.0,0.9811546736227335,1.0
2024_02_education_binary_lower,2,education_binary,lower,COPD,DEPRESSIVE_DISORDER,ok,,1.3636567959069,200,200,1.0,0.820079921623767,1.90837796781968,0.0,0.9811546736227335,1.0
2024_02_education_binary_lower,2,education_binary,lower,COPD,KIDNEY_DISEASE,ok,,1.80637231482417,200,200,0.995,0.567418395490651,2.62582884419169,0.004987484335815003,0.9722262956021069,0.9991168312843989
2024_02_education_binary_lower,2,education_binary,lower,CURRENT_ASTHMA,ARTHRITIS,ok,,0.75466805153602,200,200,0.995,0.241497203861525,1.34892124879664,0.004987484335815003,0.9722262956021069,0.9991168312843989
2024_02_education_binary_lower,2,education_binary,lower,CURRENT_ASTHMA,COPD,ok,,1.62753002801405,200,200,1.0,0.969624871053812,2.35957205271147,0.0,0.9811546736227335,1.0
2024_02_education_binary_lower,2,education_binary,lower,CURRENT_ASTHMA,DEPRESSIVE_DISORDER,ok,,0.702662079510919,200,200,0.995,0.162973564564947,1.32713366799407,0.004987484335815003,0.9722262956021069,0.9991168312843989
2024_02_education_binary_lower,2,education_binary,lower,CURRENT_ASTHMA,DIABETES,ok,,1.26928203697743,200,200,0.995,0.400027983354393,1.8734787302672,0.004987484335815003,0.9722262956021069,0.9991168312843989
2024_02_education_binary_lower,2,education_binary,lower,DEPRESSIVE_DISORDER,ARTHRITIS,ok,,1.55239571076514,200,200,1.0,1.13767206785233,2.08766419607979,0.0,0.9811546736227335,1.0
2024_02_education_binary_lower,2,education_binary,lower,DEPRESSIVE_DISORDER,KIDNEY_DISEASE,ok,,1.40341497031785,200,200,1.0,0.600432853102794,2.06568965524173,0.0,0.9811546736227335,1.0
2024_02_education_binary_lower,2,education_binary,lower,ISCHEMIC_HEART_DISEASE,ARTHRITIS,ok,,1.04894269483705,200,200,1.0,0.464102848554956,1.54674248995474,0.0,0.9811546736227335,1.0
2024_02_education_binary_lower,2,education_binary,lower,ISCHEMIC_HEART_DISEASE,COPD,ok,,0.975017601304061,200,200,0.985,0.0699610713854146,1.68473615766703,0.008595056718835545,0.9568342712073097,0.9948857622067417
2024_02_education_binary_lower,2,education_binary,lower,ISCHEMIC_HEART_DISEASE,DEPRESSIVE_DISORDER,ok,,0.851076512607155,200,200,0.99,0.153957182757843,1.52120163821662,0.007035623639735147,0.9642782382838231,0.9972533418664555
2024_02_education_binary_lower,2,education_binary,lower,ISCHEMIC_HEART_DISEASE,DIABETES,ok,,1.07624458216332,200,200,1.0,0.550624028028817,1.73338223582247,0.0,0.9811546736227335,1.0
2024_02_education_binary_lower,2,education_binary,lower,ISCHEMIC_HEART_DISEASE,KIDNEY_DISEASE,ok,,1.59016784416088,200,200,1.0,0.44030131077138,2.55276062043836,0.0,0.9811546736227335,1.0
2024_02_education_binary_lower,2,education_binary,lower,ISCHEMIC_HEART_DISEASE,STROKE,ok,,1.94678682372812,200,200,1.0,0.919364856357898,2.83661894857114,0.0,0.9811546736227335,1.0
2024_02_education_binary_lower,2,education_binary,lower,KIDNEY_DISEASE,ARTHRITIS,ok,,1.30912691831512,200,200,0.995,0.452609735656303,2.40346879972766,0.004987484335815003,0.9722262956021069,0.9991168312843989
2024_02_education_binary_lower,2,education_binary,lower,KIDNEY_DISEASE,DIABETES,ok,,1.12876233808429,200,200,0.995,0.35837666305625,2.03558328919054,0.004987484335815003,0.9722262956021069,0.9991168312843989
2024_02_education_binary_lower,2,education_binary,lower,SKIN_CANCER,ARTHRITIS,ok,,1.77341398060888,200,200,1.0,0.515564846326519,3.13313943096203,0.0,0.9811546736227335,1.0
2024_02_education_binary_lower,2,education_binary,lower,SKIN_CANCER,OTHER_CANCER,ok,,2.68527157071837,200,200,1.0,1.76029903785704,3.7296296751784,0.0,0.9811546736227335,1.0
2024_02_education_binary_lower,2,education_binary,lower,STROKE,DEPRESSIVE_DISORDER,ok,,1.48674429489664,200,200,1.0,0.598724206637943,2.1450462242317,0.0,0.9811546736227335,1.0
2024_02_education_binary_lower,2,education_binary,lower,STROKE,KIDNEY_DISEASE,ok,,1.68437322191979,200,200,0.985,0.149120022521263,2.64621500531716,0.008595056718835545,0.9568342712073097,0.9948857622067417
2024_04_education_binary_higher,4,education_binary,higher,ARTHRITIS,DIABETES,ok,,0.399915747208627,200,200,1.0,0.173033695295086,0.706809809792347,0.0,0.9811546736227335,1.0
2024_04_education_binary_higher,4,education_binary,higher,COPD,ARTHRITIS,ok,,0.70375022235932,200,200,1.0,0.358231106445245,1.05626081094499,0.0,0.9811546736227335,1.0
2024_04_education_binary_higher,4,education_binary,higher,COPD,DEPRESSIVE_DISORDER,ok,,0.756146094846136,200,200,1.0,0.295733310188169,1.10918412342248,0.0,0.9811546736227335,1.0
2024_04_education_binary_higher,4,education_binary,higher,COPD,KIDNEY_DISEASE,ok,,0.604046526176195,200,200,1.0,0.194160828692615,1.05862770069162,0.0,0.9811546736227335,1.0
2024_04_education_binary_higher,4,education_binary,higher,CURRENT_ASTHMA,ARTHRITIS,ok,,0.95617976303336,200,200,1.0,0.610506356150463,1.31197180191322,0.0,0.9811546736227335,1.0
2024_04_education_binary_higher,4,education_binary,higher,CURRENT_ASTHMA,COPD,ok,,1.62142036317709,200,200,1.0,1.15060973359803,2.0088956545758,0.0,0.9811546736227335,1.0
2024_04_education_binary_higher,4,education_binary,higher,CURRENT_ASTHMA,DEPRESSIVE_DISORDER,ok,,0.750050869027973,200,200,1.0,0.455928981765577,1.07654383424467,0.0,0.9811546736227335,1.0
2024_04_education_binary_higher,4,education_binary,higher,DEPRESSIVE_DISORDER,ARTHRITIS,ok,,0.903061192899987,200,200,1.0,0.676801012115907,1.12351658886073,0.0,0.9811546736227335,1.0
2024_04_education_binary_higher,4,education_binary,higher,DEPRESSIVE_DISORDER,DIABETES,ok,,0.536622126443134,200,200,1.0,0.276342304003717,0.879989021744258,0.0,0.9811546736227335,1.0
2024_04_education_binary_higher,4,education_binary,higher,DEPRESSIVE_DISORDER,KIDNEY_DISEASE,ok,,0.783643612458902,200,200,1.0,0.240291524754334,1.17294251655625,0.0,0.9811546736227335,1.0
2024_04_education_binary_higher,4,education_binary,higher,ISCHEMIC_HEART_DISEASE,ARTHRITIS,ok,,0.628450727938888,200,200,1.0,0.285994755899627,0.994291071346052,0.0,0.9811546736227335,1.0
2024_04_education_binary_higher,4,education_binary,higher,ISCHEMIC_HEART_DISEASE,COPD,ok,,0.901107302628102,200,200,1.0,0.477593798231364,1.34480770688884,0.0,0.9811546736227335,1.0
2024_04_education_binary_higher,4,education_binary,higher,ISCHEMIC_HEART_DISEASE,CURRENT_ASTHMA,ok,,0.774992588739854,200,200,1.0,0.383571901424603,1.20065625848084,0.0,0.9811546736227335,1.0
2024_04_education_binary_higher,4,education_binary,higher,ISCHEMIC_HEART_DISEASE,DEPRESSIVE_DISORDER,ok,,0.569059230145395,200,200,1.0,0.215939936248314,0.952645723291169,0.0,0.9811546736227335,1.0
2024_04_education_binary_higher,4,education_binary,higher,ISCHEMIC_HEART_DISEASE,DIABETES,ok,,1.20362078247418,200,200,1.0,0.862901969579286,1.51913917473418,0.0,0.9811546736227335,1.0
2024_04_education_binary_higher,4,education_binary,higher,ISCHEMIC_HEART_DISEASE,KIDNEY_DISEASE,ok,,1.06039517874827,200,200,1.0,0.594337900465581,1.49468350068926,0.0,0.9811546736227335,1.0
2024_04_education_binary_higher,4,education_binary,higher,ISCHEMIC_HEART_DISEASE,OTHER_CANCER,ok,,0.630194785447676,200,200,1.0,0.246991770302112,0.982711990473613,0.0,0.9811546736227335,1.0
2024_04_education_binary_higher,4,education_binary,higher,ISCHEMIC_HEART_DISEASE,STROKE,ok,,0.782743946006445,200,200,0.995,0.105788879311057,1.36648789466917,0.004987484335815003,0.9722262956021069,0.9991168312843989
2024_04_education_binary_higher,4,education_binary,higher,KIDNEY_DISEASE,ARTHRITIS,ok,,0.823458325919087,200,200,1.0,0.40764229342162,1.22102537935543,0.0,0.9811546736227335,1.0
2024_04_education_binary_higher,4,education_binary,higher,KIDNEY_DISEASE,DIABETES,ok,,1.47204185520375,200,200,1.0,1.06290241047822,1.88387083025581,0.0,0.9811546736227335,1.0
2024_04_education_binary_higher,4,education_binary,higher,OTHER_CANCER,ARTHRITIS,ok,,0.401023260698687,200,200,1.0,0.118622459056766,0.640348491847893,0.0,0.9811546736227335,1.0
2024_04_education_binary_higher,4,education_binary,higher,OTHER_CANCER,KIDNEY_DISEASE,ok,,0.627726928236707,200,200,0.985,0.0745968900595543,1.09574886990109,0.008595056718835545,0.9568342712073097,0.9948857622067417
2024_04_education_binary_higher,4,education_binary,higher,SKIN_CANCER,ARTHRITIS,ok,,0.347179658146426,200,200,0.975,0.0040170903704999,0.635228717771746,0.011039701082909813,0.942821659593358,0.9892752803482386
2024_04_education_binary_higher,4,education_binary,higher,SKIN_CANCER,COPD,ok,,0.735725862930545,200,200,1.0,0.370988964986542,1.13173236450817,0.0,0.9811546736227335,1.0
2024_04_education_binary_higher,4,education_binary,higher,SKIN_CANCER,OTHER_CANCER,ok,,1.47538507671324,200,200,1.0,1.09538462623467,1.78860411631355,0.0,0.9811546736227335,1.0
2024_04_education_binary_higher,4,education_binary,higher,STROKE,ARTHRITIS,ok,,0.675596977101076,200,200,1.0,0.197609899686507,1.22223316551371,0.0,0.9811546736227335,1.0
2024_04_education_binary_lower,4,education_binary,lower,COPD,ARTHRITIS,ok,,0.811850446428331,200,200,1.0,0.289996285329097,1.37268470739361,0.0,0.9811546736227335,1.0
2024_04_education_binary_lower,4,education_binary,lower,COPD,DEPRESSIVE_DISORDER,ok,,1.64011925029371,200,200,1.0,1.14579947408892,2.14869462073714,0.0,0.9811546736227335,1.0
2024_04_education_binary_lower,4,education_binary,lower,CURRENT_ASTHMA,COPD,ok,,2.38659394770805,200,200,1.0,1.95504551895812,2.9218264637556,0.0,0.9811546736227335,1.0
2024_04_education_binary_lower,4,education_binary,lower,CURRENT_ASTHMA,DEPRESSIVE_DISORDER,ok,,0.863661952198171,200,200,0.995,0.324417429480933,1.4646225050876,0.004987484335815003,0.9722262956021069,0.9991168312843989
2024_04_education_binary_lower,4,education_binary,lower,DEPRESSIVE_DISORDER,ARTHRITIS,ok,,1.189897960859,200,200,1.0,0.673605385955573,1.65757703294939,0.0,0.9811546736227335,1.0
2024_04_education_binary_lower,4,education_binary,lower,ISCHEMIC_HEART_DISEASE,ARTHRITIS,ok,,0.822991343673949,200,200,0.99,0.37306665787858,1.39585810674537,0.007035623639735147,0.9642782382838231,0.9972533418664555
2024_04_education_binary_lower,4,education_binary,lower,ISCHEMIC_HEART_DISEASE,COPD,ok,,0.978817737197038,200,200,1.0,0.362401492300518,1.52519535499308,0.0,0.9811546736227335,1.0
2024_04_education_binary_lower,4,education_binary,lower,ISCHEMIC_HEART_DISEASE,CURRENT_ASTHMA,ok,,1.30773290276861,200,200,1.0,0.549421019482279,1.93493635085551,0.0,0.9811546736227335,1.0
2024_04_education_binary_lower,4,education_binary,lower,ISCHEMIC_HEART_DISEASE,DEPRESSIVE_DISORDER,ok,,1.12218325150479,200,200,1.0,0.451158529116422,1.7834020080449,0.0,0.9811546736227335,1.0
2024_04_education_binary_lower,4,education_binary,lower,ISCHEMIC_HEART_DISEASE,DIABETES,ok,,0.599003870166838,200,200,0.99,0.0371867100832668,1.13799975301369,0.007035623639735147,0.9642782382838231,0.9972533418664555
2024_04_education_binary_lower,4,education_binary,lower,ISCHEMIC_HEART_DISEASE,KIDNEY_DISEASE,ok,,0.862667972284849,200,200,0.995,0.142020637167178,1.54865508766853,0.004987484335815003,0.9722262956021069,0.9991168312843989
2024_04_education_binary_lower,4,education_binary,lower,ISCHEMIC_HEART_DISEASE,OTHER_CANCER,ok,,0.841286891155469,200,200,0.985,0.212180246684713,1.46503969770469,0.008595056718835545,0.9568342712073097,0.9948857622067417
2024_04_education_binary_lower,4,education_binary,lower,ISCHEMIC_HEART_DISEASE,SKIN_CANCER,ok,,0.937721431984692,200,200,0.98,0.0668694601129372,1.56887991944484,0.009899494936611668,0.9497129130941735,0.9921955735836505
2024_04_education_binary_lower,4,education_binary,lower,ISCHEMIC_HEART_DISEASE,STROKE,ok,,2.4014498877204,200,200,1.0,1.71663053260455,3.19935559083701,0.0,0.9811546736227335,1.0
2024_04_education_binary_lower,4,education_binary,lower,KIDNEY_DISEASE,ARTHRITIS,ok,,0.889061284748625,200,200,0.995,0.214711681963054,1.63091032082746,0.004987484335815003,0.9722262956021069,0.9991168312843989
2024_04_education_binary_lower,4,education_binary,lower,KIDNEY_DISEASE,DIABETES,ok,,1.58562816148237,200,200,1.0,0.808449610711986,2.15587128629179,0.0,0.9811546736227335,1.0
2024_04_education_binary_lower,4,education_binary,lower,OTHER_CANCER,COPD,ok,,1.01951232341525,200,200,1.0,0.453198584783815,1.54367856492659,0.0,0.9811546736227335,1.0
2024_04_education_binary_lower,4,education_binary,lower,OTHER_CANCER,DEPRESSIVE_DISORDER,ok,,0.695898443047193,200,200,0.995,0.195346565789684,1.14319330872149,0.004987484335815003,0.9722262956021069,0.9991168312843989
2024_04_education_binary_lower,4,education_binary,lower,SKIN_CANCER,DEPRESSIVE_DISORDER,ok,,1.05767667782841,200,200,1.0,0.542179675606796,1.60904526465972,0.0,0.9811546736227335,1.0
2024_04_education_binary_lower,4,education_binary,lower,SKIN_CANCER,OTHER_CANCER,ok,,1.55336616679252,200,200,1.0,1.0052998265313,2.10708395220338,0.0,0.9811546736227335,1.0
2024_04_education_binary_lower,4,education_binary,lower,STROKE,DIABETES,ok,,0.978366583971811,200,200,0.99,0.252186875678605,1.71989816770652,0.007035623639735147,0.9642782382838231,0.9972533418664555
2024_05_education_binary_higher,5,education_binary,higher,ARTHRITIS,DIABETES,ok,,0.597321040929149,200,200,1.0,0.366171255020813,0.806372078766202,0.0,0.9811546736227335,1.0
2024_05_education_binary_higher,5,education_binary,higher,COPD,ARTHRITIS,ok,,1.47889927664277,200,200,1.0,1.11081969431437,2.00775604139807,0.0,0.9811546736227335,1.0
2024_05_education_binary_higher,5,education_binary,higher,COPD,DEPRESSIVE_DISORDER,ok,,1.57281352221751,200,200,1.0,1.27594819806363,1.90316439569078,0.0,0.9811546736227335,1.0
2024_05_education_binary_higher,5,education_binary,higher,COPD,DIABETES,ok,,0.61564249797756,200,200,1.0,0.248082575213954,0.98787045740224,0.0,0.9811546736227335,1.0
2024_05_education_binary_higher,5,education_binary,higher,COPD,KIDNEY_DISEASE,ok,,0.563205807717302,200,200,0.97,-0.000378350315331,0.991437781987147,0.012062338081814825,0.9361057075454807,0.9861796856598887
2024_05_education_binary_higher,5,education_binary,higher,CURRENT_ASTHMA,ARTHRITIS,ok,,1.31138241508212,200,200,1.0,0.978033722369645,1.64732160687884,0.0,0.9811546736227335,1.0
2024_05_education_binary_higher,5,education_binary,higher,CURRENT_ASTHMA,COPD,ok,,1.95916139638883,200,200,1.0,1.51134180884253,2.37268684964845,0.0,0.9811546736227335,1.0
2024_05_education_binary_higher,5,education_binary,higher,CURRENT_ASTHMA,DEPRESSIVE_DISORDER,ok,,0.955895357943595,200,200,1.0,0.695073234363311,1.25216282824049,0.0,0.9811546736227335,1.0
2024_05_education_binary_higher,5,education_binary,higher,CURRENT_ASTHMA,DIABETES,ok,,0.750089977582991,200,200,1.0,0.356628600147241,1.14024561130451,0.0,0.9811546736227335,1.0
2024_05_education_binary_higher,5,education_binary,higher,CURRENT_ASTHMA,KIDNEY_DISEASE,ok,,1.02368744321627,200,200,0.995,0.480810239953122,1.46590005490009,0.004987484335815003,0.9722262956021069,0.9991168312843989
2024_05_education_binary_higher,5,education_binary,higher,DEPRESSIVE_DISORDER,ARTHRITIS,ok,,1.15125584776598,200,200,1.0,0.964925295329382,1.38359821427545,0.0,0.9811546736227335,1.0
2024_05_education_binary_higher,5,education_binary,higher,DEPRESSIVE_DISORDER,DIABETES,ok,,0.520719349259934,200,200,1.0,0.222748231763706,0.808969019872702,0.0,0.9811546736227335,1.0
2024_05_education_binary_higher,5,education_binary,higher,DEPRESSIVE_DISORDER,KIDNEY_DISEASE,ok,,0.820559600864565,200,200,1.0,0.388257564688491,1.26962098934871,0.0,0.9811546736227335,1.0
2024_05_education_binary_higher,5,education_binary,higher,ISCHEMIC_HEART_DISEASE,ARTHRITIS,ok,,0.71876667251856,200,200,1.0,0.399670786956622,1.01332944692996,0.0,0.9811546736227335,1.0
2024_05_education_binary_higher,5,education_binary,higher,ISCHEMIC_HEART_DISEASE,COPD,ok,,1.55450886207358,200,200,1.0,1.1524096372775,1.99222904804514,0.0,0.9811546736227335,1.0
2024_05_education_binary_higher,5,education_binary,higher,ISCHEMIC_HEART_DISEASE,CURRENT_ASTHMA,ok,,0.944294014937238,200,200,1.0,0.540796636961306,1.36287232948014,0.0,0.9811546736227335,1.0
2024_05_education_binary_higher,5,education_binary,higher,ISCHEMIC_HEART_DISEASE,DEPRESSIVE_DISORDER,ok,,0.869581043170559,200,200,1.0,0.548144649643916,1.24922138345499,0.0,0.9811546736227335,1.0
2024_05_education_binary_higher,5,education_binary,higher,ISCHEMIC_HEART_DISEASE,DIABETES,ok,,0.901110341181769,200,200,1.0,0.601169619980725,1.1814243617901,0.0,0.9811546736227335,1.0
2024_05_education_binary_higher,5,education_binary,higher,ISCHEMIC_HEART_DISEASE,KIDNEY_DISEASE,ok,,1.16717108284667,200,200,1.0,0.672476776787287,1.64740385501066,0.0,0.9811546736227335,1.0
2024_05_education_binary_higher,5,education_binary,higher,ISCHEMIC_HEART_DISEASE,OTHER_CANCER,ok,,0.411940075543717,200,200,0.985,0.0643542141205347,0.702765603694386,0.008595056718835545,0.9568342712073097,0.9948857622067417
2024_05_education_binary_higher,5,education_binary,higher,ISCHEMIC_HEART_DISEASE,STROKE,ok,,1.40936295689575,200,200,1.0,1.04777442537525,1.82038044387867,0.0,0.9811546736227335,1.0
2024_05_education_binary_higher,5,education_binary,higher,KIDNEY_DISEASE,ARTHRITIS,ok,,1.19155435484463,200,200,1.0,0.7843779798508,1.60647158424002,0.0,0.9811546736227335,1.0
2024_05_education_binary_higher,5,education_binary,higher,KIDNEY_DISEASE,DIABETES,ok,,1.23632421856284,200,200,1.0,0.864264276470765,1.67255547682168,0.0,0.9811546736227335,1.0
2024_05_education_binary_higher,5,education_binary,higher,OTHER_CANCER,ARTHRITIS,ok,,0.67646889882629,200,200,1.0,0.394272621112437,1.02816530499602,0.0,0.9811546736227335,1.0
2024_05_education_binary_higher,5,education_binary,higher,OTHER_CANCER,DEPRESSIVE_DISORDER,ok,,0.326438685252251,200,200,0.99,0.0696888730771498,0.616242058420602,0.007035623639735147,0.9642782382838231,0.9972533418664555
2024_05_education_binary_higher,5,education_binary,higher,OTHER_CANCER,KIDNEY_DISEASE,ok,,0.542565146476854,200,200,0.985,0.0354436238590454,0.94962641624722,0.008595056718835545,0.9568342712073097,0.9948857622067417
2024_05_education_binary_higher,5,education_binary,higher,SKIN_CANCER,ARTHRITIS,ok,,0.416976546376117,200,200,1.0,0.144728013642938,0.667109835673135,0.0,0.9811546736227335,1.0
2024_05_education_binary_higher,5,education_binary,higher,SKIN_CANCER,COPD,ok,,0.453893203436898,200,200,0.98,0.0116024832412113,0.785875894612367,0.009899494936611668,0.9497129130941735,0.9921955735836505
2024_05_education_binary_higher,5,education_binary,higher,SKIN_CANCER,OTHER_CANCER,ok,,1.42560874632811,200,200,1.0,1.13513888047169,1.71398075968488,0.0,0.9811546736227335,1.0
2024_05_education_binary_higher,5,education_binary,higher,STROKE,ARTHRITIS,ok,,0.9523327802627,200,200,1.0,0.573578770591009,1.46288439860888,0.0,0.9811546736227335,1.0
2024_05_education_binary_higher,5,education_binary,higher,STROKE,COPD,ok,,1.4204780724469,200,200,1.0,0.997665519030852,1.89999128892237,0.0,0.9811546736227335,1.0
2024_05_education_binary_higher,5,education_binary,higher,STROKE,CURRENT_ASTHMA,ok,,1.01004157791296,200,200,1.0,0.501699591687773,1.50727343875463,0.0,0.9811546736227335,1.0
2024_05_education_binary_higher,5,education_binary,higher,STROKE,DEPRESSIVE_DISORDER,ok,,0.963346802617763,200,200,1.0,0.556168659045378,1.40597580352296,0.0,0.9811546736227335,1.0
2024_05_education_binary_higher,5,education_binary,higher,STROKE,DIABETES,ok,,0.75422706163235,200,200,1.0,0.353040929168427,1.12423822182337,0.0,0.9811546736227335,1.0
2024_05_education_binary_higher,5,education_binary,higher,STROKE,KIDNEY_DISEASE,ok,,0.976648615141248,200,200,0.99,0.280169353119346,1.52025066451109,0.007035623639735147,0.9642782382838231,0.9972533418664555
2024_05_education_binary_higher,5,education_binary,higher,STROKE,OTHER_CANCER,ok,,0.607497658842845,200,200,0.99,0.160620963577594,1.04397271150815,0.007035623639735147,0.9642782382838231,0.9972533418664555
2024_05_education_binary_lower,5,education_binary,lower,ARTHRITIS,DIABETES,ok,,0.672433143854588,200,200,1.0,0.439065472254239,0.936733837734894,0.0,0.9811546736227335,1.0
2024_05_education_binary_lower,5,education_binary,lower,COPD,ARTHRITIS,ok,,1.28324841647122,200,200,1.0,0.923973784975426,1.61024027917158,0.0,0.9811546736227335,1.0
2024_05_education_binary_lower,5,education_binary,lower,COPD,DEPRESSIVE_DISORDER,ok,,1.6199660219602,200,200,1.0,1.36340700809348,1.93022891538394,0.0,0.9811546736227335,1.0
2024_05_education_binary_lower,5,education_binary,lower,COPD,DIABETES,ok,,0.528750048883861,200,200,1.0,0.145458383410062,0.820770718215912,0.0,0.9811546736227335,1.0
2024_05_education_binary_lower,5,education_binary,lower,COPD,KIDNEY_DISEASE,ok,,0.587500258196131,200,200,0.98,0.105572071051215,1.03897454183173,0.009899494936611668,0.9497129130941735,0.9921955735836505
2024_05_education_binary_lower,5,education_binary,lower,CURRENT_ASTHMA,ARTHRITIS,ok,,1.11707292038914,200,200,1.0,0.839494856255665,1.46940022585471,0.0,0.9811546736227335,1.0
2024_05_education_binary_lower,5,education_binary,lower,CURRENT_ASTHMA,COPD,ok,,2.43652465638331,200,200,1.0,2.06507195082501,2.83278977206062,0.0,0.9811546736227335,1.0
2024_05_education_binary_lower,5,education_binary,lower,CURRENT_ASTHMA,DEPRESSIVE_DISORDER,ok,,1.17382567736189,200,200,1.0,0.817631158826163,1.55849418750936,0.0,0.9811546736227335,1.0
2024_05_education_binary_lower,5,education_binary,lower,CURRENT_ASTHMA,DIABETES,ok,,1.08549697428032,200,200,1.0,0.705176968983849,1.56479331110677,0.0,0.9811546736227335,1.0
2024_05_education_binary_lower,5,education_binary,lower,CURRENT_ASTHMA,KIDNEY_DISEASE,ok,,0.867127837276177,200,200,1.0,0.287969841133427,1.36951943602959,0.0,0.9811546736227335,1.0
2024_05_education_binary_lower,5,education_binary,lower,DEPRESSIVE_DISORDER,ARTHRITIS,ok,,1.17371357031187,200,200,1.0,0.857722854793567,1.48485272745732,0.0,0.9811546736227335,1.0
2024_05_education_binary_lower,5,education_binary,lower,DEPRESSIVE_DISORDER,DIABETES,ok,,0.598013017464228,200,200,1.0,0.317895647700766,0.873546608018095,0.0,0.9811546736227335,1.0
2024_05_education_binary_lower,5,education_binary,lower,DEPRESSIVE_DISORDER,KIDNEY_DISEASE,ok,,0.931986189671445,200,200,1.0,0.376811855674508,1.46701241070826,0.0,0.9811546736227335,1.0
2024_05_education_binary_lower,5,education_binary,lower,ISCHEMIC_HEART_DISEASE,ARTHRITIS,ok,,0.74629482187035,200,200,1.0,0.424259682950295,1.07310108048019,0.0,0.9811546736227335,1.0
2024_05_education_binary_lower,5,education_binary,lower,ISCHEMIC_HEART_DISEASE,COPD,ok,,1.32351352338141,200,200,1.0,0.970965691070485,1.64688524869299,0.0,0.9811546736227335,1.0
2024_05_education_binary_lower,5,education_binary,lower,ISCHEMIC_HEART_DISEASE,CURRENT_ASTHMA,ok,,1.30646665116954,200,200,1.0,0.9284474821582,1.69902255655952,0.0,0.9811546736227335,1.0
2024_05_education_binary_lower,5,education_binary,lower,ISCHEMIC_HEART_DISEASE,DEPRESSIVE_DISORDER,ok,,1.15632646599284,200,200,1.0,0.803108660424021,1.50323084297221,0.0,0.9811546736227335,1.0
2024_05_education_binary_lower,5,education_binary,lower,ISCHEMIC_HEART_DISEASE,DIABETES,ok,,0.859631929406437,200,200,1.0,0.606025668112165,1.19333417688951,0.0,0.9811546736227335,1.0
2024_05_education_binary_lower,5,education_binary,lower,ISCHEMIC_HEART_DISEASE,KIDNEY_DISEASE,ok,,0.88254027659858,200,200,1.0,0.415277249319589,1.29597586007199,0.0,0.9811546736227335,1.0
2024_05_education_binary_lower,5,education_binary,lower,ISCHEMIC_HEART_DISEASE,STROKE,ok,,1.51510227847077,200,200,1.0,1.18717412510803,1.93573875585413,0.0,0.9811546736227335,1.0
2024_05_education_binary_lower,5,education_binary,lower,KIDNEY_DISEASE,ARTHRITIS,ok,,1.05174809922409,200,200,1.0,0.574993299729645,1.67456940781685,0.0,0.9811546736227335,1.0
2024_05_education_binary_lower,5,education_binary,lower,KIDNEY_DISEASE,DIABETES,ok,,1.13954129515789,200,200,1.0,0.621734473317327,1.63173783630391,0.0,0.9811546736227335,1.0
2024_05_education_binary_lower,5,education_binary,lower,OTHER_CANCER,COPD,ok,,0.595316084522324,200,200,1.0,0.197886818199572,1.01139356064633,0.0,0.9811546736227335,1.0
2024_05_education_binary_lower,5,education_binary,lower,OTHER_CANCER,DEPRESSIVE_DISORDER,ok,,0.436170621501519,200,200,0.975,0.0100036700588684,0.770781202759797,0.011039701082909813,0.942821659593358,0.9892752803482386
2024_05_education_binary_lower,5,education_binary,lower,SKIN_CANCER,ARTHRITIS,ok,,0.459323700569788,200,200,0.98,0.0839872457413398,0.874756985238794,0.009899494936611668,0.9497129130941735,0.9921955735836505
2024_05_education_binary_lower,5,education_binary,lower,SKIN_CANCER,COPD,ok,,0.562420845369546,200,200,0.965,-0.0666731977001458,1.00890893681983,0.012995191418367032,0.9295293884777092,0.9829444579914328
2024_05_education_binary_lower,5,education_binary,lower,SKIN_CANCER,OTHER_CANCER,ok,,1.20257599478261,200,200,1.0,0.734764319708589,1.69080164887818,0.0,0.9811546736227335,1.0
2024_05_education_binary_lower,5,education_binary,lower,STROKE,ARTHRITIS,ok,,0.910335748020843,200,200,1.0,0.530475171072056,1.42883912885768,0.0,0.9811546736227335,1.0
2024_05_education_binary_lower,5,education_binary,lower,STROKE,COPD,ok,,1.31465176469066,200,200,1.0,0.90466324460079,1.74898157706474,0.0,0.9811546736227335,1.0
2024_05_education_binary_lower,5,education_binary,lower,STROKE,CURRENT_ASTHMA,ok,,1.23577661010484,200,200,1.0,0.700562875726183,1.66541665968995,0.0,0.9811546736227335,1.0
2024_05_education_binary_lower,5,education_binary,lower,STROKE,DEPRESSIVE_DISORDER,ok,,0.945135361567925,200,200,1.0,0.397885344697901,1.48316585190889,0.0,0.9811546736227335,1.0
2024_05_education_binary_lower,5,education_binary,lower,STROKE,DIABETES,ok,,0.838900278816913,200,200,1.0,0.395978137228814,1.19278056870972,0.0,0.9811546736227335,1.0
2024_05_education_binary_lower,5,education_binary,lower,STROKE,KIDNEY_DISEASE,ok,,0.90721297091436,200,200,0.985,0.144705819554148,1.57074270253081,0.008595056718835545,0.9568342712073097,0.9948857622067417
2024_06_education_binary_higher,6,education_binary,higher,ARTHRITIS,DIABETES,ok,,0.436023347034255,200,200,1.0,0.160600514918646,0.728045156397395,0.0,0.9811546736227335,1.0
2024_06_education_binary_higher,6,education_binary,higher,COPD,ARTHRITIS,ok,,0.936516337930233,200,200,1.0,0.553010722164491,1.34050801472953,0.0,0.9811546736227335,1.0
2024_06_education_binary_higher,6,education_binary,higher,COPD,DEPRESSIVE_DISORDER,ok,,1.17259691455692,200,200,1.0,0.800822780152177,1.54465667228219,0.0,0.9811546736227335,1.0
2024_06_education_binary_higher,6,education_binary,higher,COPD,DIABETES,ok,,0.499599549599463,200,200,0.98,0.0319613251916591,0.907403061367303,0.009899494936611668,0.9497129130941735,0.9921955735836505
2024_06_education_binary_higher,6,education_binary,higher,COPD,KIDNEY_DISEASE,ok,,1.02350623900397,200,200,1.0,0.577687934409704,1.45617986437368,0.0,0.9811546736227335,1.0
2024_06_education_binary_higher,6,education_binary,higher,CURRENT_ASTHMA,ARTHRITIS,ok,,0.883260675142401,200,200,1.0,0.615618407171115,1.13693489511336,0.0,0.9811546736227335,1.0
2024_06_education_binary_higher,6,education_binary,higher,CURRENT_ASTHMA,COPD,ok,,1.85866400724021,200,200,1.0,1.45009164578016,2.25601592852848,0.0,0.9811546736227335,1.0
2024_06_education_binary_higher,6,education_binary,higher,CURRENT_ASTHMA,DEPRESSIVE_DISORDER,ok,,0.817492233719331,200,200,1.0,0.563947229122297,1.07010637889263,0.0,0.9811546736227335,1.0
2024_06_education_binary_higher,6,education_binary,higher,CURRENT_ASTHMA,DIABETES,ok,,0.654817267049354,200,200,1.0,0.308934810358541,1.03194254821622,0.0,0.9811546736227335,1.0
2024_06_education_binary_higher,6,education_binary,higher,CURRENT_ASTHMA,KIDNEY_DISEASE,ok,,0.757250420894064,200,200,0.99,0.182537936008196,1.34519323489691,0.007035623639735147,0.9642782382838231,0.9972533418664555
2024_06_education_binary_higher,6,education_binary,higher,CURRENT_ASTHMA,OTHER_CANCER,ok,,0.614323975322283,200,200,1.0,0.157576679293214,0.969226087465943,0.0,0.9811546736227335,1.0
2024_06_education_binary_higher,6,education_binary,higher,DEPRESSIVE_DISORDER,ARTHRITIS,ok,,0.922182240849992,200,200,1.0,0.687075094991813,1.20260588023429,0.0,0.9811546736227335,1.0
2024_06_education_binary_higher,6,education_binary,higher,DEPRESSIVE_DISORDER,KIDNEY_DISEASE,ok,,0.816955263068572,200,200,1.0,0.340878339361598,1.25337898023802,0.0,0.9811546736227335,1.0
2024_06_education_binary_higher,6,education_binary,higher,ISCHEMIC_HEART_DISEASE,ARTHRITIS,ok,,0.638961291533728,200,200,1.0,0.332319883390921,0.954481442365688,0.0,0.9811546736227335,1.0
2024_06_education_binary_higher,6,education_binary,higher,ISCHEMIC_HEART_DISEASE,COPD,ok,,1.48228941283955,200,200,1.0,0.995969599325871,1.9464839806709,0.0,0.9811546736227335,1.0
2024_06_education_binary_higher,6,education_binary,higher,ISCHEMIC_HEART_DISEASE,CURRENT_ASTHMA,ok,,0.904733915004132,200,200,1.0,0.421966016685211,1.34562430219518,0.0,0.9811546736227335,1.0
2024_06_education_binary_higher,6,education_binary,higher,ISCHEMIC_HEART_DISEASE,DEPRESSIVE_DISORDER,ok,,0.943138094162306,200,200,1.0,0.561898052618647,1.30079624899104,0.0,0.9811546736227335,1.0
2024_06_education_binary_higher,6,education_binary,higher,ISCHEMIC_HEART_DISEASE,DIABETES,ok,,0.845089380136741,200,200,1.0,0.533440147886982,1.23497023539668,0.0,0.9811546736227335,1.0
2024_06_education_binary_higher,6,education_binary,higher,ISCHEMIC_HEART_DISEASE,KIDNEY_DISEASE,ok,,1.52475302560961,200,200,1.0,1.05597016312689,1.97651084529031,0.0,0.9811546736227335,1.0
2024_06_education_binary_higher,6,education_binary,higher,ISCHEMIC_HEART_DISEASE,OTHER_CANCER,ok,,0.579253785035249,200,200,1.0,0.24141280665273,0.900566005473126,0.0,0.9811546736227335,1.0
2024_06_education_binary_higher,6,education_binary,higher,ISCHEMIC_HEART_DISEASE,SKIN_CANCER,ok,,0.464349220817364,200,200,0.995,0.121711884228515,0.856572636914785,0.004987484335815003,0.9722262956021069,0.9991168312843989
2024_06_education_binary_higher,6,education_binary,higher,ISCHEMIC_HEART_DISEASE,STROKE,ok,,1.58135174009589,200,200,1.0,1.12685918182194,2.05332774378415,0.0,0.9811546736227335,1.0
2024_06_education_binary_higher,6,education_binary,higher,KIDNEY_DISEASE,ARTHRITIS,ok,,0.952529906116435,200,200,1.0,0.469725286265453,1.3590340332472,0.0,0.9811546736227335,1.0
2024_06_education_binary_higher,6,education_binary,higher,KIDNEY_DISEASE,DIABETES,ok,,1.21770360931649,200,200,1.0,0.769151724831112,1.70301287115098,0.0,0.9811546736227335,1.0
2024_06_education_binary_higher,6,education_binary,higher,OTHER_CANCER,ARTHRITIS,ok,,0.563217650735367,200,200,1.0,0.298947502117994,0.823855094452201,0.0,0.9811546736227335,1.0
2024_06_education_binary_higher,6,education_binary,higher,OTHER_CANCER,DEPRESSIVE_DISORDER,ok,,0.777740321397416,200,200,1.0,0.481742540174971,1.08346449112427,0.0,0.9811546736227335,1.0
2024_06_education_binary_higher,6,education_binary,higher,OTHER_CANCER,KIDNEY_DISEASE,ok,,1.00914891654348,200,200,1.0,0.482454819996335,1.46615430336366,0.0,0.9811546736227335,1.0
2024_06_education_binary_higher,6,education_binary,higher,SKIN_CANCER,ARTHRITIS,ok,,0.641074032850175,200,200,1.0,0.332594850926509,0.909011158795002,0.0,0.9811546736227335,1.0
2024_06_education_binary_higher,6,education_binary,higher,SKIN_CANCER,DEPRESSIVE_DISORDER,ok,,0.432115296431553,200,200,0.995,0.0960827155400002,0.768050681260586,0.004987484335815003,0.9722262956021069,0.9991168312843989
2024_06_education_binary_higher,6,education_binary,higher,SKIN_CANCER,KIDNEY_DISEASE,ok,,0.68057354673879,200,200,0.995,0.0940656363491316,1.18476648243323,0.004987484335815003,0.9722262956021069,0.9991168312843989
2024_06_education_binary_higher,6,education_binary,higher,SKIN_CANCER,OTHER_CANCER,ok,,1.42461472103412,200,200,1.0,1.10450972852134,1.71491039074532,0.0,0.9811546736227335,1.0
2024_06_education_binary_higher,6,education_binary,higher,STROKE,ARTHRITIS,ok,,1.37538324143744,200,200,1.0,0.897018900089338,1.90240345077447,0.0,0.9811546736227335,1.0
2024_06_education_binary_higher,6,education_binary,higher,STROKE,COPD,ok,,0.927809476978104,200,200,1.0,0.285035671387635,1.45642226123238,0.0,0.9811546736227335,1.0
2024_06_education_binary_higher,6,education_binary,higher,STROKE,CURRENT_ASTHMA,ok,,0.926339155809435,200,200,0.99,0.19681865626165,1.50385806428839,0.007035623639735147,0.9642782382838231,0.9972533418664555
2024_06_education_binary_higher,6,education_binary,higher,STROKE,DEPRESSIVE_DISORDER,ok,,0.875300916273642,200,200,1.0,0.396120672587332,1.37974774037345,0.0,0.9811546736227335,1.0
2024_06_education_binary_higher,6,education_binary,higher,STROKE,DIABETES,ok,,1.21955521589687,200,200,1.0,0.789746865270589,1.61527588321252,0.0,0.9811546736227335,1.0
2024_06_education_binary_higher,6,education_binary,higher,STROKE,KIDNEY_DISEASE,ok,,1.79008194337465,200,200,1.0,1.11029890288117,2.44224706263119,0.0,0.9811546736227335,1.0
2024_06_education_binary_lower,6,education_binary,lower,COPD,ARTHRITIS,ok,,1.24219160685538,200,200,1.0,0.827733539218304,1.71495650384784,0.0,0.9811546736227335,1.0
2024_06_education_binary_lower,6,education_binary,lower,COPD,DEPRESSIVE_DISORDER,ok,,1.34522034495396,200,200,1.0,0.886215201373696,1.77365585374585,0.0,0.9811546736227335,1.0
2024_06_education_binary_lower,6,education_binary,lower,CURRENT_ASTHMA,ARTHRITIS,ok,,1.46926267095265,200,200,1.0,1.05653316049403,1.95328804171272,0.0,0.9811546736227335,1.0
2024_06_education_binary_lower,6,education_binary,lower,CURRENT_ASTHMA,COPD,ok,,2.3465524494559,200,200,1.0,1.88633423218215,2.80247824188959,0.0,0.9811546736227335,1.0
2024_06_education_binary_lower,6,education_binary,lower,CURRENT_ASTHMA,DEPRESSIVE_DISORDER,ok,,1.25056735335697,200,200,1.0,0.818495783991688,1.61911845531326,0.0,0.9811546736227335,1.0
2024_06_education_binary_lower,6,education_binary,lower,CURRENT_ASTHMA,DIABETES,ok,,0.58683395716743,200,200,1.0,0.153809682244689,1.03581965216186,0.0,0.9811546736227335,1.0
2024_06_education_binary_lower,6,education_binary,lower,CURRENT_ASTHMA,OTHER_CANCER,ok,,1.16584445467957,200,200,0.995,0.390129830809213,1.70568379005528,0.004987484335815003,0.9722262956021069,0.9991168312843989
2024_06_education_binary_lower,6,education_binary,lower,CURRENT_ASTHMA,SKIN_CANCER,ok,,1.07022049315327,200,200,0.975,0.0154240347106445,1.95264390256269,0.011039701082909813,0.942821659593358,0.9892752803482386
2024_06_education_binary_lower,6,education_binary,lower,DEPRESSIVE_DISORDER,ARTHRITIS,ok,,1.26254369584277,200,200,1.0,0.874985853749769,1.63294294020853,0.0,0.9811546736227335,1.0
2024_06_education_binary_lower,6,education_binary,lower,ISCHEMIC_HEART_DISEASE,ARTHRITIS,ok,,0.660224095996952,200,200,0.995,0.176601580928707,1.08700791433514,0.004987484335815003,0.9722262956021069,0.9991168312843989
2024_06_education_binary_lower,6,education_binary,lower,ISCHEMIC_HEART_DISEASE,COPD,ok,,1.13370315431501,200,200,1.0,0.495866823889906,1.76234184746265,0.0,0.9811546736227335,1.0
2024_06_education_binary_lower,6,education_binary,lower,ISCHEMIC_HEART_DISEASE,CURRENT_ASTHMA,ok,,0.968987314761245,200,200,0.99,0.182838215006097,1.4954439881286,0.007035623639735147,0.9642782382838231,0.9972533418664555
2024_06_education_binary_lower,6,education_binary,lower,ISCHEMIC_HEART_DISEASE,DEPRESSIVE_DISORDER,ok,,1.17399393294557,200,200,1.0,0.637321413023965,1.667747026231,0.0,0.9811546736227335,1.0
2024_06_education_binary_lower,6,education_binary,lower,ISCHEMIC_HEART_DISEASE,DIABETES,ok,,0.920377773918184,200,200,1.0,0.471059789190929,1.42371505904637,0.0,0.9811546736227335,1.0
2024_06_education_binary_lower,6,education_binary,lower,ISCHEMIC_HEART_DISEASE,STROKE,ok,,2.41699930816407,200,200,1.0,1.92071614678964,3.04706762820641,0.0,0.9811546736227335,1.0
2024_06_education_binary_lower,6,education_binary,lower,KIDNEY_DISEASE,DIABETES,ok,,1.14185319493062,200,200,1.0,0.611348840925921,1.9720719181708,0.0,0.9811546736227335,1.0
2024_06_education_binary_lower,6,education_binary,lower,OTHER_CANCER,COPD,ok,,1.13844714830904,200,200,1.0,0.329838532544216,1.68464561274962,0.0,0.9811546736227335,1.0
2024_06_education_binary_lower,6,education_binary,lower,OTHER_CANCER,DEPRESSIVE_DISORDER,ok,,0.821489909632436,200,200,1.0,0.195290348882799,1.3983455308271,0.0,0.9811546736227335,1.0
2024_06_education_binary_lower,6,education_binary,lower,SKIN_CANCER,OTHER_CANCER,ok,,1.89441433766349,200,200,1.0,1.30836226741835,2.67909783287877,0.0,0.9811546736227335,1.0
2024_06_education_binary_lower,6,education_binary,lower,STROKE,CURRENT_ASTHMA,ok,,1.49673938486985,200,200,1.0,0.665390812276124,2.05594133689941,0.0,0.9811546736227335,1.0
2024_06_education_binary_lower,6,education_binary,lower,STROKE,DEPRESSIVE_DISORDER,ok,,0.996800605518121,200,200,0.995,0.306163274615245,1.64893662835519,0.004987484335815003,0.9722262956021069,0.9991168312843989
2024_06_education_binary_lower,6,education_binary,lower,STROKE,DIABETES,ok,,1.13865900697714,200,200,1.0,0.671817094554091,1.64209933245368,0.0,0.9811546736227335,1.0
2024_06_education_binary_lower,6,education_binary,lower,STROKE,KIDNEY_DISEASE,ok,,1.08699822063266,200,200,0.985,0.124566906059292,1.88660754507657,0.008595056718835545,0.9568342712073097,0.9948857622067417
2024_06_education_binary_lower,6,education_binary,lower,STROKE,SKIN_CANCER,ok,,0.9548655688297,200,200,0.97,-0.0039003970936272,1.76682324922434,0.012062338081814825,0.9361057075454807,0.9861796856598887
2024_08_education_binary_higher,8,education_binary,higher,ARTHRITIS,DIABETES,ok,,0.637885492741665,200,200,1.0,0.436643135959772,0.837271469939705,0.0,0.9811546736227335,1.0
2024_08_education_binary_higher,8,education_binary,higher,COPD,ARTHRITIS,ok,,1.14620166389339,200,200,1.0,0.883314837285555,1.34876053899921,0.0,0.9811546736227335,1.0
2024_08_education_binary_higher,8,education_binary,higher,COPD,DEPRESSIVE_DISORDER,ok,,1.0583338121575,200,200,1.0,0.805656825523325,1.25450043846989,0.0,0.9811546736227335,1.0
2024_08_education_binary_higher,8,education_binary,higher,COPD,DIABETES,ok,,0.840147351099455,200,200,1.0,0.600257523444192,1.09526236670994,0.0,0.9811546736227335,1.0
2024_08_education_binary_higher,8,education_binary,higher,COPD,KIDNEY_DISEASE,ok,,0.768081433529312,200,200,1.0,0.447452597535662,1.05382360141836,0.0,0.9811546736227335,1.0
2024_08_education_binary_higher,8,education_binary,higher,CURRENT_ASTHMA,ARTHRITIS,ok,,0.778840326107868,200,200,1.0,0.608940774716532,0.95275378548004,0.0,0.9811546736227335,1.0
2024_08_education_binary_higher,8,education_binary,higher,CURRENT_ASTHMA,COPD,ok,,1.76366773436141,200,200,1.0,1.56303757258199,1.9961953903297,0.0,0.9811546736227335,1.0
2024_08_education_binary_higher,8,education_binary,higher,CURRENT_ASTHMA,DEPRESSIVE_DISORDER,ok,,0.758610574227085,200,200,1.0,0.579407738311262,0.944665873545128,0.0,0.9811546736227335,1.0
2024_08_education_binary_higher,8,education_binary,higher,CURRENT_ASTHMA,DIABETES,ok,,0.65070580623304,200,200,1.0,0.375728281152364,0.872042893999991,0.0,0.9811546736227335,1.0
2024_08_education_binary_higher,8,education_binary,higher,CURRENT_ASTHMA,SKIN_CANCER,ok,,0.300459299763496,200,200,0.99,0.0382995777686745,0.528179589444204,0.007035623639735147,0.9642782382838231,0.9972533418664555
2024_08_education_binary_higher,8,education_binary,higher,DEPRESSIVE_DISORDER,ARTHRITIS,ok,,0.874954492400134,200,200,1.0,0.730084520029829,1.00039322792348,0.0,0.9811546736227335,1.0
2024_08_education_binary_higher,8,education_binary,higher,DEPRESSIVE_DISORDER,DIABETES,ok,,0.421219539873811,200,200,0.995,0.207137202173951,0.613215903722982,0.004987484335815003,0.9722262956021069,0.9991168312843989
2024_08_education_binary_higher,8,education_binary,higher,DEPRESSIVE_DISORDER,KIDNEY_DISEASE,ok,,0.633658941519879,200,200,1.0,0.340207942880235,0.885790114351303,0.0,0.9811546736227335,1.0
2024_08_education_binary_higher,8,education_binary,higher,ISCHEMIC_HEART_DISEASE,ARTHRITIS,ok,,0.690835350669617,200,200,1.0,0.493166552146279,0.888184553865943,0.0,0.9811546736227335,1.0
2024_08_education_binary_higher,8,education_binary,higher,ISCHEMIC_HEART_DISEASE,COPD,ok,,1.31336774699491,200,200,1.0,1.03219880642033,1.5957943228946,0.0,0.9811546736227335,1.0
2024_08_education_binary_higher,8,education_binary,higher,ISCHEMIC_HEART_DISEASE,CURRENT_ASTHMA,ok,,0.590264850419423,200,200,1.0,0.3413933770747,0.870124157589268,0.0,0.9811546736227335,1.0
2024_08_education_binary_higher,8,education_binary,higher,ISCHEMIC_HEART_DISEASE,DEPRESSIVE_DISORDER,ok,,0.588778607277875,200,200,1.0,0.348728367882485,0.772205414822126,0.0,0.9811546736227335,1.0
2024_08_education_binary_higher,8,education_binary,higher,ISCHEMIC_HEART_DISEASE,DIABETES,ok,,0.979012213704183,200,200,1.0,0.737785623569601,1.22737820886016,0.0,0.9811546736227335,1.0
2024_08_education_binary_higher,8,education_binary,higher,ISCHEMIC_HEART_DISEASE,KIDNEY_DISEASE,ok,,1.32393187246981,200,200,1.0,0.981721407257432,1.62027846543155,0.0,0.9811546736227335,1.0
2024_08_education_binary_higher,8,education_binary,higher,ISCHEMIC_HEART_DISEASE,OTHER_CANCER,ok,,0.530297944749601,200,200,1.0,0.283751710741937,0.751920346672839,0.0,0.9811546736227335,1.0
2024_08_education_binary_higher,8,education_binary,higher,ISCHEMIC_HEART_DISEASE,SKIN_CANCER,ok,,0.271369304758603,200,200,0.99,0.0510680203352691,0.521112904009493,0.007035623639735147,0.9642782382838231,0.9972533418664555
2024_08_education_binary_higher,8,education_binary,higher,ISCHEMIC_HEART_DISEASE,STROKE,ok,,1.6923085260327,200,200,1.0,1.26187824289187,2.08821737709708,0.0,0.9811546736227335,1.0
2024_08_education_binary_higher,8,education_binary,higher,KIDNEY_DISEASE,ARTHRITIS,ok,,0.810337581412913,200,200,1.0,0.582428092348304,1.09170064685388,0.0,0.9811546736227335,1.0
2024_08_education_binary_higher,8,education_binary,higher,KIDNEY_DISEASE,DIABETES,ok,,1.17252593036275,200,200,1.0,0.884398543278912,1.46919480578262,0.0,0.9811546736227335,1.0
2024_08_education_binary_higher,8,education_binary,higher,OTHER_CANCER,ARTHRITIS,ok,,0.326292737267601,200,200,1.0,0.187059687584236,0.517624632662943,0.0,0.9811546736227335,1.0
2024_08_education_binary_higher,8,education_binary,higher,OTHER_CANCER,COPD,ok,,0.309185393408122,200,200,0.985,0.0482606779345437,0.566119356856356,0.008595056718835545,0.9568342712073097,0.9948857622067417
2024_08_education_binary_higher,8,education_binary,higher,OTHER_CANCER,KIDNEY_DISEASE,ok,,0.412300261980069,200,200,0.99,0.105822142720586,0.691513924753025,0.007035623639735147,0.9642782382838231,0.9972533418664555
2024_08_education_binary_higher,8,education_binary,higher,SKIN_CANCER,ARTHRITIS,ok,,0.316338349571386,200,200,1.0,0.175138418670957,0.511291403061398,0.0,0.9811546736227335,1.0
2024_08_education_binary_higher,8,education_binary,higher,SKIN_CANCER,DEPRESSIVE_DISORDER,ok,,0.212332879131995,200,200,0.975,0.0225046394993594,0.449522206040153,0.011039701082909813,0.942821659593358,0.9892752803482386
2024_08_education_binary_higher,8,education_binary,higher,SKIN_CANCER,OTHER_CANCER,ok,,1.28273307592735,200,200,1.0,1.0933237149774,1.47058577658892,0.0,0.9811546736227335,1.0
2024_08_education_binary_higher,8,education_binary,higher,STROKE,ARTHRITIS,ok,,0.709407395955972,200,200,1.0,0.397262443386008,0.990591966667267,0.0,0.9811546736227335,1.0
2024_08_education_binary_higher,8,education_binary,higher,STROKE,COPD,ok,,0.883577568598657,200,200,1.0,0.427159301464473,1.25730314044042,0.0,0.9811546736227335,1.0
2024_08_education_binary_higher,8,education_binary,higher,STROKE,CURRENT_ASTHMA,ok,,0.662785064620244,200,200,1.0,0.248656187157267,1.06153498909028,0.0,0.9811546736227335,1.0
2024_08_education_binary_higher,8,education_binary,higher,STROKE,DEPRESSIVE_DISORDER,ok,,0.770143234403419,200,200,1.0,0.42683653445164,1.0791464117555,0.0,0.9811546736227335,1.0
2024_08_education_binary_higher,8,education_binary,higher,STROKE,DIABETES,ok,,1.10745721514508,200,200,1.0,0.775034475640983,1.48427719577533,0.0,0.9811546736227335,1.0
2024_08_education_binary_higher,8,education_binary,higher,STROKE,KIDNEY_DISEASE,ok,,1.2431067080181,200,200,1.0,0.73368708756508,1.65010257206226,0.0,0.9811546736227335,1.0
2024_08_education_binary_lower,8,education_binary,lower,ARTHRITIS,DIABETES,ok,,0.610423648898702,200,200,1.0,0.284394414990457,0.94537453144455,0.0,0.9811546736227335,1.0
2024_08_education_binary_lower,8,education_binary,lower,COPD,ARTHRITIS,ok,,1.45033380965614,200,200,1.0,1.06095782186353,1.81106863868251,0.0,0.9811546736227335,1.0
2024_08_education_binary_lower,8,education_binary,lower,COPD,DEPRESSIVE_DISORDER,ok,,1.22362564058039,200,200,1.0,0.894192964431039,1.58565234328917,0.0,0.9811546736227335,1.0
2024_08_education_binary_lower,8,education_binary,lower,COPD,DIABETES,ok,,0.509167258924006,200,200,0.99,0.0927601383174733,0.940033378682829,0.007035623639735147,0.9642782382838231,0.9972533418664555
2024_08_education_binary_lower,8,education_binary,lower,COPD,KIDNEY_DISEASE,ok,,1.08836398328679,200,200,1.0,0.325936542602272,1.54381133241978,0.0,0.9811546736227335,1.0
2024_08_education_binary_lower,8,education_binary,lower,CURRENT_ASTHMA,ARTHRITIS,ok,,1.17271307355731,200,200,1.0,0.852179092237263,1.57495200204339,0.0,0.9811546736227335,1.0
2024_08_education_binary_lower,8,education_binary,lower,CURRENT_ASTHMA,COPD,ok,,1.80961002807128,200,200,1.0,1.44509480645044,2.24853282311923,0.0,0.9811546736227335,1.0
2024_08_education_binary_lower,8,education_binary,lower,CURRENT_ASTHMA,DEPRESSIVE_DISORDER,ok,,1.23030488249858,200,200,1.0,0.927547343971604,1.50343086769895,0.0,0.9811546736227335,1.0
2024_08_education_binary_lower,8,education_binary,lower,CURRENT_ASTHMA,KIDNEY_DISEASE,ok,,0.865927753691355,200,200,0.98,0.181602876355926,1.46534061177839,0.009899494936611668,0.9497129130941735,0.9921955735836505
2024_08_education_binary_lower,8,education_binary,lower,CURRENT_ASTHMA,OTHER_CANCER,ok,,0.675787486848045,200,200,0.985,0.108851026917251,1.09267316469111,0.008595056718835545,0.9568342712073097,0.9948857622067417
2024_08_education_binary_lower,8,education_binary,lower,DEPRESSIVE_DISORDER,ARTHRITIS,ok,,1.55255709729338,200,200,1.0,1.28319525051118,1.82975724013688,0.0,0.9811546736227335,1.0
2024_08_education_binary_lower,8,education_binary,lower,DEPRESSIVE_DISORDER,DIABETES,ok,,0.525682715960219,200,200,1.0,0.133411879503366,0.880815888442471,0.0,0.9811546736227335,1.0
2024_08_education_binary_lower,8,education_binary,lower,DEPRESSIVE_DISORDER,KIDNEY_DISEASE,ok,,0.770978400059713,200,200,0.995,0.237655478754987,1.21057928095589,0.004987484335815003,0.9722262956021069,0.9991168312843989
2024_08_education_binary_lower,8,education_binary,lower,ISCHEMIC_HEART_DISEASE,ARTHRITIS,ok,,0.648106255032271,200,200,1.0,0.229819564203577,1.09977604808377,0.0,0.9811546736227335,1.0
2024_08_education_binary_lower,8,education_binary,lower,ISCHEMIC_HEART_DISEASE,COPD,ok,,0.925264549288762,200,200,1.0,0.372711471011725,1.44500551865903,0.0,0.9811546736227335,1.0
2024_08_education_binary_lower,8,education_binary,lower,ISCHEMIC_HEART_DISEASE,DEPRESSIVE_DISORDER,ok,,0.779363292804887,200,200,1.0,0.296674536581032,1.18232653834734,0.0,0.9811546736227335,1.0
2024_08_education_binary_lower,8,education_binary,lower,ISCHEMIC_HEART_DISEASE,DIABETES,ok,,0.755694203413425,200,200,1.0,0.295247577226695,1.14174817758538,0.0,0.9811546736227335,1.0
2024_08_education_binary_lower,8,education_binary,lower,ISCHEMIC_HEART_DISEASE,KIDNEY_DISEASE,ok,,1.19780384968212,200,200,0.995,0.379244248330739,1.80431890645768,0.004987484335815003,0.9722262956021069,0.9991168312843989
2024_08_education_binary_lower,8,education_binary,lower,ISCHEMIC_HEART_DISEASE,SKIN_CANCER,ok,,0.93610324644977,200,200,0.995,0.264829226266869,1.65668672290825,0.004987484335815003,0.9722262956021069,0.9991168312843989
2024_08_education_binary_lower,8,education_binary,lower,ISCHEMIC_HEART_DISEASE,STROKE,ok,,2.74542039721109,200,200,1.0,2.09201113209284,3.33850617748319,0.0,0.9811546736227335,1.0
2024_08_education_binary_lower,8,education_binary,lower,KIDNEY_DISEASE,ARTHRITIS,ok,,1.11382107574642,200,200,1.0,0.536652822427341,1.81132637945832,0.0,0.9811546736227335,1.0
2024_08_education_binary_lower,8,education_binary,lower,KIDNEY_DISEASE,DIABETES,ok,,1.39058548948107,200,200,1.0,0.826455342211423,1.94445409426598,0.0,0.9811546736227335,1.0
2024_08_education_binary_lower,8,education_binary,lower,OTHER_CANCER,ARTHRITIS,ok,,0.942158830455063,200,200,1.0,0.516080233234108,1.3757861934336,0.0,0.9811546736227335,1.0
2024_08_education_binary_lower,8,education_binary,lower,OTHER_CANCER,COPD,ok,,0.587020359408964,200,200,0.995,0.135837525504365,0.932002935419014,0.004987484335815003,0.9722262956021069,0.9991168312843989
2024_08_education_binary_lower,8,education_binary,lower,OTHER_CANCER,DEPRESSIVE_DISORDER,ok,,0.607649700038627,200,200,0.995,0.157919764224028,0.967831616124672,0.004987484335815003,0.9722262956021069,0.9991168312843989
2024_08_education_binary_lower,8,education_binary,lower,SKIN_CANCER,OTHER_CANCER,ok,,2.15758868758896,200,200,1.0,1.47997885764198,2.82626257352344,0.0,0.9811546736227335,1.0
2024_08_education_binary_lower,8,education_binary,lower,STROKE,ARTHRITIS,ok,,0.957008188005864,200,200,1.0,0.395336654745523,1.5816526733076,0.0,0.9811546736227335,1.0
2024_08_education_binary_lower,8,education_binary,lower,STROKE,COPD,ok,,1.24762945339053,200,200,1.0,0.574453175503308,1.80323287753962,0.0,0.9811546736227335,1.0
2024_08_education_binary_lower,8,education_binary,lower,STROKE,CURRENT_ASTHMA,ok,,0.961767067498515,200,200,0.995,0.203587406025636,1.46978935808133,0.004987484335815003,0.9722262956021069,0.9991168312843989
2024_08_education_binary_lower,8,education_binary,lower,STROKE,DEPRESSIVE_DISORDER,ok,,1.22417538924548,200,200,1.0,0.681429965505017,1.69103263923642,0.0,0.9811546736227335,1.0
2024_08_education_binary_lower,8,education_binary,lower,STROKE,DIABETES,ok,,1.14036388962308,200,200,1.0,0.490711725326973,1.68226407418945,0.0,0.9811546736227335,1.0
2024_08_education_binary_lower,8,education_binary,lower,STROKE,KIDNEY_DISEASE,ok,,1.39947619145358,200,200,0.995,0.431955645275504,2.11193183496197,0.004987484335815003,0.9722262956021069,0.9991168312843989
2024_08_education_binary_lower,8,education_binary,lower,STROKE,OTHER_CANCER,ok,,1.05150607726917,200,200,1.0,0.229388106885419,1.75390032076185,0.0,0.9811546736227335,1.0
2024_08_education_binary_lower,8,education_binary,lower,STROKE,SKIN_CANCER,ok,,1.23408898673824,200,200,0.99,0.271609447229098,2.01534220887004,0.007035623639735147,0.9642782382838231,0.9972533418664555
2024_09_education_binary_higher,9,education_binary,higher,ARTHRITIS,DIABETES,ok,,0.448129137614963,200,200,1.0,0.203946792141708,0.685610601718351,0.0,0.9811546736227335,1.0
2024_09_education_binary_higher,9,education_binary,higher,COPD,ARTHRITIS,ok,,1.27253673022814,200,200,1.0,0.902237916473648,1.63988429541045,0.0,0.9811546736227335,1.0
2024_09_education_binary_higher,9,education_binary,higher,COPD,DEPRESSIVE_DISORDER,ok,,1.39863826480239,200,200,1.0,1.04475198020047,1.74496406399712,0.0,0.9811546736227335,1.0
2024_09_education_binary_higher,9,education_binary,higher,COPD,DIABETES,ok,,0.547117097388609,200,200,0.99,0.0619550007110718,0.938039484868129,0.007035623639735147,0.9642782382838231,0.9972533418664555
2024_09_education_binary_higher,9,education_binary,higher,COPD,KIDNEY_DISEASE,ok,,1.34095881255433,200,200,1.0,0.676193898589337,1.84208952050084,0.0,0.9811546736227335,1.0
2024_09_education_binary_higher,9,education_binary,higher,CURRENT_ASTHMA,ARTHRITIS,ok,,0.449163907432979,200,200,1.0,0.208582257144918,0.697048023657311,0.0,0.9811546736227335,1.0
2024_09_education_binary_higher,9,education_binary,higher,CURRENT_ASTHMA,COPD,ok,,1.67012568297517,200,200,1.0,1.2596310402272,2.02752053004578,0.0,0.9811546736227335,1.0
2024_09_education_binary_higher,9,education_binary,higher,CURRENT_ASTHMA,DEPRESSIVE_DISORDER,ok,,0.543284071842242,200,200,1.0,0.296844285748384,0.811171434517952,0.0,0.9811546736227335,1.0
2024_09_education_binary_higher,9,education_binary,higher,CURRENT_ASTHMA,DIABETES,ok,,0.567116675044657,200,200,1.0,0.216158736968997,0.85683880677674,0.0,0.9811546736227335,1.0
2024_09_education_binary_higher,9,education_binary,higher,CURRENT_ASTHMA,SKIN_CANCER,ok,,0.511188604330521,200,200,0.985,0.144908425324412,0.886652160592634,0.008595056718835545,0.9568342712073097,0.9948857622067417
2024_09_education_binary_higher,9,education_binary,higher,DEPRESSIVE_DISORDER,ARTHRITIS,ok,,0.845976728560545,200,200,1.0,0.6274604271268,1.03775015778796,0.0,0.9811546736227335,1.0
2024_09_education_binary_higher,9,education_binary,higher,DEPRESSIVE_DISORDER,DIABETES,ok,,0.422329047191115,200,200,1.0,0.164461609777413,0.675590200760454,0.0,0.9811546736227335,1.0
2024_09_education_binary_higher,9,education_binary,higher,DEPRESSIVE_DISORDER,KIDNEY_DISEASE,ok,,0.662856635237286,200,200,1.0,0.2590138538744,1.0444843787311,0.0,0.9811546736227335,1.0
2024_09_education_binary_higher,9,education_binary,higher,ISCHEMIC_HEART_DISEASE,ARTHRITIS,ok,,0.566461572879967,200,200,1.0,0.289536253080112,0.883772120434079,0.0,0.9811546736227335,1.0
2024_09_education_binary_higher,9,education_binary,higher,ISCHEMIC_HEART_DISEASE,COPD,ok,,0.832906469478132,200,200,1.0,0.265974463795932,1.24313744677318,0.0,0.9811546736227335,1.0
2024_09_education_binary_higher,9,education_binary,higher,ISCHEMIC_HEART_DISEASE,CURRENT_ASTHMA,ok,,0.502483387671574,200,200,0.99,0.102919541912006,0.875484679706405,0.007035623639735147,0.9642782382838231,0.9972533418664555
2024_09_education_binary_higher,9,education_binary,higher,ISCHEMIC_HEART_DISEASE,DIABETES,ok,,0.873703433015145,200,200,1.0,0.563138160595448,1.20862008171961,0.0,0.9811546736227335,1.0
2024_09_education_binary_higher,9,education_binary,higher,ISCHEMIC_HEART_DISEASE,KIDNEY_DISEASE,ok,,0.951597577752009,200,200,1.0,0.448725805128412,1.34236735635287,0.0,0.9811546736227335,1.0
2024_09_education_binary_higher,9,education_binary,higher,ISCHEMIC_HEART_DISEASE,OTHER_CANCER,ok,,0.52355997196435,200,200,0.995,0.171284003736144,0.867698769804769,0.004987484335815003,0.9722262956021069,0.9991168312843989
2024_09_education_binary_higher,9,education_binary,higher,ISCHEMIC_HEART_DISEASE,STROKE,ok,,1.97513840705929,200,200,1.0,1.39025381791299,2.52006024472746,0.0,0.9811546736227335,1.0
2024_09_education_binary_higher,9,education_binary,higher,KIDNEY_DISEASE,ARTHRITIS,ok,,0.9773251139804,200,200,1.0,0.580963036940832,1.47357224431048,0.0,0.9811546736227335,1.0
2024_09_education_binary_higher,9,education_binary,higher,KIDNEY_DISEASE,DIABETES,ok,,1.39435318810974,200,200,1.0,0.931588685305054,1.80588893438851,0.0,0.9811546736227335,1.0
2024_09_education_binary_higher,9,education_binary,higher,OTHER_CANCER,ARTHRITIS,ok,,0.37471258054889,200,200,0.995,0.128622736990838,0.629745672132926,0.004987484335815003,0.9722262956021069,0.9991168312843989
2024_09_education_binary_higher,9,education_binary,higher,OTHER_CANCER,COPD,ok,,0.620113297538295,200,200,1.0,0.213147388135085,1.00572223215876,0.0,0.9811546736227335,1.0
2024_09_education_binary_higher,9,education_binary,higher,OTHER_CANCER,DEPRESSIVE_DISORDER,ok,,0.375773287266683,200,200,0.995,0.0959151448231078,0.633382744364509,0.004987484335815003,0.9722262956021069,0.9991168312843989
2024_09_education_binary_higher,9,education_binary,higher,OTHER_CANCER,KIDNEY_DISEASE,ok,,0.697077614460332,200,200,1.0,0.271397955583157,1.1304809588078,0.0,0.9811546736227335,1.0
2024_09_education_binary_higher,9,education_binary,higher,SKIN_CANCER,ARTHRITIS,ok,,0.444070183523504,200,200,1.0,0.195810927466697,0.724905366045184,0.0,0.9811546736227335,1.0
2024_09_education_binary_higher,9,education_binary,higher,SKIN_CANCER,OTHER_CANCER,ok,,1.47752665168551,200,200,1.0,1.19855956367035,1.74936925958554,0.0,0.9811546736227335,1.0
2024_09_education_binary_higher,9,education_binary,higher,STROKE,COPD,ok,,0.981376366639617,200,200,1.0,0.333916744994802,1.54677823695695,0.0,0.9811546736227335,1.0
2024_09_education_binary_higher,9,education_binary,higher,STROKE,DIABETES,ok,,0.906235698454963,200,200,1.0,0.361179150798914,1.41315260488972,0.0,0.9811546736227335,1.0
2024_09_education_binary_lower,9,education_binary,lower,ARTHRITIS,DIABETES,ok,,0.539704618540621,200,200,0.995,0.206914306199105,0.912132448004753,0.004987484335815003,0.9722262956021069,0.9991168312843989
2024_09_education_binary_lower,9,education_binary,lower,COPD,ARTHRITIS,ok,,0.875289485181956,200,200,1.0,0.309852494887447,1.57416942005705,0.0,0.9811546736227335,1.0
2024_09_education_binary_lower,9,education_binary,lower,COPD,DEPRESSIVE_DISORDER,ok,,1.1131363847874,200,200,1.0,0.587489830162779,1.62522097200549,0.0,0.9811546736227335,1.0
2024_09_education_binary_lower,9,education_binary,lower,CURRENT_ASTHMA,ARTHRITIS,ok,,0.867282291742299,200,200,1.0,0.251727841469616,1.51323270072659,0.0,0.9811546736227335,1.0
2024_09_education_binary_lower,9,education_binary,lower,CURRENT_ASTHMA,COPD,ok,,2.0321747625562,200,200,1.0,1.47758908952974,2.61314846229589,0.0,0.9811546736227335,1.0
2024_09_education_binary_lower,9,education_binary,lower,CURRENT_ASTHMA,DEPRESSIVE_DISORDER,ok,,0.896512154151337,200,200,1.0,0.494343710578637,1.28506029739829,0.0,0.9811546736227335,1.0
2024_09_education_binary_lower,9,education_binary,lower,CURRENT_ASTHMA,DIABETES,ok,,0.637094350922746,200,200,1.0,0.123031234858072,1.16231311515516,0.0,0.9811546736227335,1.0
2024_09_education_binary_lower,9,education_binary,lower,DEPRESSIVE_DISORDER,ARTHRITIS,ok,,1.24449194793366,200,200,1.0,0.810211986638641,1.67577483991727,0.0,0.9811546736227335,1.0
2024_09_education_binary_lower,9,education_binary,lower,ISCHEMIC_HEART_DISEASE,ARTHRITIS,ok,,0.820679275308851,200,200,1.0,0.346862699392029,1.29287705896248,0.0,0.9811546736227335,1.0
2024_09_education_binary_lower,9,education_binary,lower,ISCHEMIC_HEART_DISEASE,COPD,ok,,0.934072914352048,200,200,1.0,0.381242698078925,1.51602357270886,0.0,0.9811546736227335,1.0
2024_09_education_binary_lower,9,education_binary,lower,ISCHEMIC_HEART_DISEASE,DIABETES,ok,,0.671260773878641,200,200,0.995,0.22379479306315,1.08340496496369,0.004987484335815003,0.9722262956021069,0.9991168312843989
2024_09_education_binary_lower,9,education_binary,lower,ISCHEMIC_HEART_DISEASE,STROKE,ok,,1.13669660883023,200,200,0.995,0.498765108042001,1.83767307398267,0.004987484335815003,0.9722262956021069,0.9991168312843989
2024_09_education_binary_lower,9,education_binary,lower,KIDNEY_DISEASE,DIABETES,ok,,0.79107569318346,200,200,0.99,0.159315610472218,1.35490975191415,0.007035623639735147,0.9642782382838231,0.9972533418664555
2024_09_education_binary_lower,9,education_binary,lower,OTHER_CANCER,ARTHRITIS,ok,,0.863428208590406,200,200,1.0,0.486609309897689,1.3624061207049,0.0,0.9811546736227335,1.0
2024_09_education_binary_lower,9,education_binary,lower,SKIN_CANCER,OTHER_CANCER,ok,,1.75204362061099,200,200,1.0,1.08530755734631,2.45962351554421,0.0,0.9811546736227335,1.0
2024_09_education_binary_lower,9,education_binary,lower,STROKE,COPD,ok,,1.01940015049241,200,200,1.0,0.223355876691881,1.70588475157285,0.0,0.9811546736227335,1.0
2024_09_education_binary_lower,9,education_binary,lower,STROKE,CURRENT_ASTHMA,ok,,1.17704134254594,200,200,1.0,0.524916272371962,1.74456319818427,0.0,0.9811546736227335,1.0
2024_09_education_binary_lower,9,education_binary,lower,STROKE,DEPRESSIVE_DISORDER,ok,,0.830916326501435,200,200,0.99,0.128204680135852,1.42281632898082,0.007035623639735147,0.9642782382838231,0.9972533418664555
2024_10_education_binary_higher,10,education_binary,higher,ARTHRITIS,DIABETES,ok,,0.419753982148329,200,200,0.98,0.118097218507204,0.699862065202902,0.009899494936611668,0.9497129130941735,0.9921955735836505
2024_10_education_binary_higher,10,education_binary,higher,COPD,ARTHRITIS,ok,,1.09627065725563,200,200,1.0,0.432180398173122,1.68558191508922,0.0,0.9811546736227335,1.0
2024_10_education_binary_higher,10,education_binary,higher,COPD,DEPRESSIVE_DISORDER,ok,,1.8169751916369,200,200,1.0,1.29197507931128,2.19959432251894,0.0,0.9811546736227335,1.0
2024_10_education_binary_higher,10,education_binary,higher,COPD,DIABETES,ok,,0.771909006436528,200,200,1.0,0.271828517762381,1.18711963695213,0.0,0.9811546736227335,1.0
2024_10_education_binary_higher,10,education_binary,higher,COPD,KIDNEY_DISEASE,ok,,1.27784017323938,200,200,1.0,0.529740652304563,1.77699359349159,0.0,0.9811546736227335,1.0
2024_10_education_binary_higher,10,education_binary,higher,CURRENT_ASTHMA,ARTHRITIS,ok,,0.955551372123733,200,200,1.0,0.51237299352618,1.3897632698822,0.0,0.9811546736227335,1.0
2024_10_education_binary_higher,10,education_binary,higher,CURRENT_ASTHMA,COPD,ok,,2.57738905169836,200,200,1.0,1.99149955741243,3.03233482404255,0.0,0.9811546736227335,1.0
2024_10_education_binary_higher,10,education_binary,higher,CURRENT_ASTHMA,DEPRESSIVE_DISORDER,ok,,0.701298304858714,200,200,1.0,0.212506508793791,1.06372853291798,0.0,0.9811546736227335,1.0
2024_10_education_binary_higher,10,education_binary,higher,CURRENT_ASTHMA,KIDNEY_DISEASE,ok,,1.04007928281807,200,200,1.0,0.317475241561575,1.59779776428041,0.0,0.9811546736227335,1.0
2024_10_education_binary_higher,10,education_binary,higher,DEPRESSIVE_DISORDER,ARTHRITIS,ok,,1.06587432528816,200,200,1.0,0.756677835509263,1.36720545917938,0.0,0.9811546736227335,1.0
2024_10_education_binary_higher,10,education_binary,higher,DEPRESSIVE_DISORDER,DIABETES,ok,,0.567415728882424,200,200,1.0,0.152491149545448,0.919396420856975,0.0,0.9811546736227335,1.0
2024_10_education_binary_higher,10,education_binary,higher,DEPRESSIVE_DISORDER,KIDNEY_DISEASE,ok,,0.672782958976231,200,200,1.0,0.147028686034782,1.249830439549,0.0,0.9811546736227335,1.0
2024_10_education_binary_higher,10,education_binary,higher,ISCHEMIC_HEART_DISEASE,ARTHRITIS,ok,,0.47772458375936,200,200,1.0,0.160810204162485,0.802023180800391,0.0,0.9811546736227335,1.0
2024_10_education_binary_higher,10,education_binary,higher,ISCHEMIC_HEART_DISEASE,COPD,ok,,1.44746945430593,200,200,1.0,0.824998442143469,1.9493208371066,0.0,0.9811546736227335,1.0
2024_10_education_binary_higher,10,education_binary,higher,ISCHEMIC_HEART_DISEASE,CURRENT_ASTHMA,ok,,0.844341903258091,200,200,0.99,0.256698744133119,1.35774048094904,0.007035623639735147,0.9642782382838231,0.9972533418664555
2024_10_education_binary_higher,10,education_binary,higher,ISCHEMIC_HEART_DISEASE,DEPRESSIVE_DISORDER,ok,,0.802405390948272,200,200,1.0,0.343231189643638,1.20075825400898,0.0,0.9811546736227335,1.0
2024_10_education_binary_higher,10,education_binary,higher,ISCHEMIC_HEART_DISEASE,DIABETES,ok,,0.733045605970368,200,200,1.0,0.354266459196629,1.19778650880581,0.0,0.9811546736227335,1.0
2024_10_education_binary_higher,10,education_binary,higher,ISCHEMIC_HEART_DISEASE,KIDNEY_DISEASE,ok,,1.79357138769211,200,200,1.0,1.05049076651166,2.3025756119587,0.0,0.9811546736227335,1.0
2024_10_education_binary_higher,10,education_binary,higher,ISCHEMIC_HEART_DISEASE,SKIN_CANCER,ok,,0.519446687350899,200,200,0.985,0.0924177942475601,0.876370552742056,0.008595056718835545,0.9568342712073097,0.9948857622067417
2024_10_education_binary_higher,10,education_binary,higher,ISCHEMIC_HEART_DISEASE,STROKE,ok,,1.30816909843617,200,200,1.0,0.779871256420061,1.83245651181619,0.0,0.9811546736227335,1.0
2024_10_education_binary_higher,10,education_binary,higher,KIDNEY_DISEASE,ARTHRITIS,ok,,1.30103270113115,200,200,1.0,0.823037568669021,2.06291516994054,0.0,0.9811546736227335,1.0
2024_10_education_binary_higher,10,education_binary,higher,KIDNEY_DISEASE,DIABETES,ok,,1.35346849132145,200,200,1.0,0.868302056990275,1.89066530337525,0.0,0.9811546736227335,1.0
2024_10_education_binary_higher,10,education_binary,higher,OTHER_CANCER,KIDNEY_DISEASE,ok,,0.71128963095654,200,200,0.995,0.224048369754506,1.23299365715584,0.004987484335815003,0.9722262956021069,0.9991168312843989
2024_10_education_binary_higher,10,education_binary,higher,SKIN_CANCER,ARTHRITIS,ok,,0.505060354998417,200,200,1.0,0.218757182389354,0.825030895115282,0.0,0.9811546736227335,1.0
2024_10_education_binary_higher,10,education_binary,higher,SKIN_CANCER,OTHER_CANCER,ok,,1.25472924176966,200,200,1.0,0.873658752406348,1.65243812014359,0.0,0.9811546736227335,1.0
2024_10_education_binary_higher,10,education_binary,higher,STROKE,COPD,ok,,1.13879579362471,200,200,0.995,0.369103969183441,1.66148598023705,0.004987484335815003,0.9722262956021069,0.9991168312843989
2024_10_education_binary_higher,10,education_binary,higher,STROKE,DEPRESSIVE_DISORDER,ok,,0.859067607731284,200,200,1.0,0.388146636272102,1.36049326146017,0.0,0.9811546736227335,1.0
2024_10_education_binary_higher,10,education_binary,higher,STROKE,DIABETES,ok,,0.661421099097596,200,200,0.995,0.118517939885501,1.09050235327772,0.004987484335815003,0.9722262956021069,0.9991168312843989
2024_10_education_binary_higher,10,education_binary,higher,STROKE,KIDNEY_DISEASE,ok,,0.878234987164112,200,200,0.96,-0.096819626971925,1.44219419222307,0.013856406460551024,0.923067931799067,0.9795943679338476
2024_10_education_binary_lower,10,education_binary,lower,COPD,ARTHRITIS,ok,,0.650375613828378,200,200,0.99,0.196936798798808,1.16314194662416,0.007035623639735147,0.9642782382838231,0.9972533418664555
2024_10_education_binary_lower,10,education_binary,lower,COPD,DEPRESSIVE_DISORDER,ok,,1.12889770425621,200,200,1.0,0.60724550656698,1.65490597849808,0.0,0.9811546736227335,1.0
2024_10_education_binary_lower,10,education_binary,lower,COPD,KIDNEY_DISEASE,ok,,0.942476176784778,200,200,1.0,0.264333187892004,1.52126363412555,0.0,0.9811546736227335,1.0
2024_10_education_binary_lower,10,education_binary,lower,CURRENT_ASTHMA,ARTHRITIS,ok,,1.47059312650805,200,200,1.0,0.830005530626573,2.21355154916479,0.0,0.9811546736227335,1.0
2024_10_education_binary_lower,10,education_binary,lower,CURRENT_ASTHMA,COPD,ok,,2.01768013824434,200,200,1.0,1.47835731241134,2.61722249145403,0.0,0.9811546736227335,1.0
2024_10_education_binary_lower,10,education_binary,lower,CURRENT_ASTHMA,DEPRESSIVE_DISORDER,ok,,1.01661833302288,200,200,1.0,0.430278431324218,1.62540351021933,0.0,0.9811546736227335,1.0
2024_10_education_binary_lower,10,education_binary,lower,DEPRESSIVE_DISORDER,ARTHRITIS,ok,,1.35030465122511,200,200,1.0,0.887449938780934,1.96774807330405,0.0,0.9811546736227335,1.0
2024_10_education_binary_lower,10,education_binary,lower,ISCHEMIC_HEART_DISEASE,COPD,ok,,0.894337126249534,200,200,1.0,0.322885854153808,1.40566643688631,0.0,0.9811546736227335,1.0
2024_10_education_binary_lower,10,education_binary,lower,ISCHEMIC_HEART_DISEASE,DIABETES,ok,,0.719000368256336,200,200,1.0,0.240571343858872,1.23294909148122,0.0,0.9811546736227335,1.0
2024_10_education_binary_lower,10,education_binary,lower,ISCHEMIC_HEART_DISEASE,KIDNEY_DISEASE,ok,,1.50456723315737,200,200,1.0,0.834077336041462,2.1728278616721,0.0,0.9811546736227335,1.0
2024_10_education_binary_lower,10,education_binary,lower,KIDNEY_DISEASE,ARTHRITIS,ok,,1.61422885296871,200,200,1.0,0.667347753502197,2.48050162967286,0.0,0.9811546736227335,1.0
2024_10_education_binary_lower,10,education_binary,lower,KIDNEY_DISEASE,DIABETES,ok,,1.25825562680259,200,200,1.0,0.578306982947236,1.88890330074816,0.0,0.9811546736227335,1.0
2024_10_education_binary_lower,10,education_binary,lower,SKIN_CANCER,OTHER_CANCER,ok,,1.09229581274473,200,200,1.0,0.589607845563713,1.60985971095483,0.0,0.9811546736227335,1.0
2024_10_education_binary_lower,10,education_binary,lower,STROKE,SKIN_CANCER,ok,,0.958120896200452,200,200,0.98,0.0285279829343053,1.67448623853826,0.009899494936611668,0.9497129130941735,0.9921955735836505
2024_12_education_binary_higher,12,education_binary,higher,ARTHRITIS,DIABETES,ok,,0.615342551599214,200,200,1.0,0.38717667096375,0.885504413368117,0.0,0.9811546736227335,1.0
2024_12_education_binary_higher,12,education_binary,higher,COPD,ARTHRITIS,ok,,0.868924851043225,200,200,1.0,0.571675451304873,1.18665185100096,0.0,0.9811546736227335,1.0
2024_12_education_binary_higher,12,education_binary,higher,COPD,DEPRESSIVE_DISORDER,ok,,0.930945728143583,200,200,1.0,0.6265112372972,1.2444202789976,0.0,0.9811546736227335,1.0
2024_12_education_binary_higher,12,education_binary,higher,COPD,DIABETES,ok,,0.463287255903405,200,200,0.985,0.0217036774597721,0.814876515135419,0.008595056718835545,0.9568342712073097,0.9948857622067417
2024_12_education_binary_higher,12,education_binary,higher,COPD,KIDNEY_DISEASE,ok,,0.804495498985017,200,200,1.0,0.327129648860101,1.2151295745758,0.0,0.9811546736227335,1.0
2024_12_education_binary_higher,12,education_binary,higher,CURRENT_ASTHMA,ARTHRITIS,ok,,0.908953381870582,200,200,1.0,0.589944677712424,1.31545745163252,0.0,0.9811546736227335,1.0
2024_12_education_binary_higher,12,education_binary,higher,CURRENT_ASTHMA,COPD,ok,,1.99031120121627,200,200,1.0,1.69274350322865,2.36159635526127,0.0,0.9811546736227335,1.0
2024_12_education_binary_higher,12,education_binary,higher,CURRENT_ASTHMA,DEPRESSIVE_DISORDER,ok,,0.59051787333165,200,200,1.0,0.32544658636396,0.887129319662228,0.0,0.9811546736227335,1.0
2024_12_education_binary_higher,12,education_binary,higher,CURRENT_ASTHMA,DIABETES,ok,,0.809163732586189,200,200,1.0,0.449401124562763,1.14986447260395,0.0,0.9811546736227335,1.0
2024_12_education_binary_higher,12,education_binary,higher,CURRENT_ASTHMA,KIDNEY_DISEASE,ok,,0.503904226182543,200,200,0.985,0.0257958067320648,0.911564841294982,0.008595056718835545,0.9568342712073097,0.9948857622067417
2024_12_education_binary_higher,12,education_binary,higher,DEPRESSIVE_DISORDER,ARTHRITIS,ok,,0.953305450851696,200,200,1.0,0.731685223889167,1.20452915409074,0.0,0.9811546736227335,1.0
2024_12_education_binary_higher,12,education_binary,higher,DEPRESSIVE_DISORDER,DIABETES,ok,,0.606926263949638,200,200,1.0,0.325332478036576,0.854200748912478,0.0,0.9811546736227335,1.0
2024_12_education_binary_higher,12,education_binary,higher,DEPRESSIVE_DISORDER,KIDNEY_DISEASE,ok,,0.746808990278956,200,200,1.0,0.255755478861159,1.13653161834132,0.0,0.9811546736227335,1.0
2024_12_education_binary_higher,12,education_binary,higher,ISCHEMIC_HEART_DISEASE,ARTHRITIS,ok,,0.816331183159222,200,200,1.0,0.498489369995208,1.16702945123824,0.0,0.9811546736227335,1.0
2024_12_education_binary_higher,12,education_binary,higher,ISCHEMIC_HEART_DISEASE,COPD,ok,,1.14752064920401,200,200,1.0,0.764899441698758,1.49599903060373,0.0,0.9811546736227335,1.0
2024_12_education_binary_higher,12,education_binary,higher,ISCHEMIC_HEART_DISEASE,CURRENT_ASTHMA,ok,,0.638526817747521,200,200,1.0,0.195512426617501,0.969611666468314,0.0,0.9811546736227335,1.0
2024_12_education_binary_higher,12,education_binary,higher,ISCHEMIC_HEART_DISEASE,DEPRESSIVE_DISORDER,ok,,0.50093618670612,200,200,1.0,0.157038757162946,0.764658499254176,0.0,0.9811546736227335,1.0
2024_12_education_binary_higher,12,education_binary,higher,ISCHEMIC_HEART_DISEASE,DIABETES,ok,,0.669741324125552,200,200,1.0,0.378826271591308,1.00049133187171,0.0,0.9811546736227335,1.0
2024_12_education_binary_higher,12,education_binary,higher,ISCHEMIC_HEART_DISEASE,KIDNEY_DISEASE,ok,,1.4865165131005,200,200,1.0,0.883316268293979,1.99316708374386,0.0,0.9811546736227335,1.0
2024_12_education_binary_higher,12,education_binary,higher,ISCHEMIC_HEART_DISEASE,OTHER_CANCER,ok,,0.512147298148905,200,200,1.0,0.232829958240346,0.795667088850276,0.0,0.9811546736227335,1.0
2024_12_education_binary_higher,12,education_binary,higher,ISCHEMIC_HEART_DISEASE,SKIN_CANCER,ok,,0.517095879149085,200,200,0.98,0.0352825646469496,0.96602420685864,0.009899494936611668,0.9497129130941735,0.9921955735836505
2024_12_education_binary_higher,12,education_binary,higher,ISCHEMIC_HEART_DISEASE,STROKE,ok,,1.45331447548671,200,200,1.0,0.908567165319532,1.97372904805312,0.0,0.9811546736227335,1.0
2024_12_education_binary_higher,12,education_binary,higher,KIDNEY_DISEASE,ARTHRITIS,ok,,0.641656658054709,200,200,1.0,0.265222910940133,1.02991076108316,0.0,0.9811546736227335,1.0
2024_12_education_binary_higher,12,education_binary,higher,KIDNEY_DISEASE,DIABETES,ok,,1.07755488928983,200,200,1.0,0.753178880393738,1.48690854228503,0.0,0.9811546736227335,1.0
2024_12_education_binary_higher,12,education_binary,higher,OTHER_CANCER,ARTHRITIS,ok,,0.508105633035047,200,200,1.0,0.299967861154269,0.747289519965125,0.0,0.9811546736227335,1.0
2024_12_education_binary_higher,12,education_binary,higher,OTHER_CANCER,COPD,ok,,0.542571129132689,200,200,1.0,0.239571972150894,0.832651541664907,0.0,0.9811546736227335,1.0
2024_12_education_binary_higher,12,education_binary,higher,OTHER_CANCER,DEPRESSIVE_DISORDER,ok,,0.32250387007762,200,200,0.995,0.0683494805199832,0.575171414222057,0.004987484335815003,0.9722262956021069,0.9991168312843989
2024_12_education_binary_higher,12,education_binary,higher,OTHER_CANCER,KIDNEY_DISEASE,ok,,0.759524439023309,200,200,1.0,0.445734005162233,1.10947050122109,0.0,0.9811546736227335,1.0
2024_12_education_binary_higher,12,education_binary,higher,SKIN_CANCER,COPD,ok,,0.43924744212473,200,200,1.0,0.13502172173161,0.768652414266243,0.0,0.9811546736227335,1.0
2024_12_education_binary_higher,12,education_binary,higher,SKIN_CANCER,KIDNEY_DISEASE,ok,,0.989863590712928,200,200,1.0,0.546494221241179,1.48259229811253,0.0,0.9811546736227335,1.0
2024_12_education_binary_higher,12,education_binary,higher,SKIN_CANCER,OTHER_CANCER,ok,,1.41624142700311,200,200,1.0,1.19768476968579,1.61177055848562,0.0,0.9811546736227335,1.0
2024_12_education_binary_higher,12,education_binary,higher,STROKE,ARTHRITIS,ok,,0.857206199866333,200,200,1.0,0.440891097522409,1.27883804814533,0.0,0.9811546736227335,1.0
2024_12_education_binary_higher,12,education_binary,higher,STROKE,COPD,ok,,1.11873998653448,200,200,1.0,0.641987847210911,1.51324835053484,0.0,0.9811546736227335,1.0
2024_12_education_binary_higher,12,education_binary,higher,STROKE,CURRENT_ASTHMA,ok,,1.27218184317541,200,200,1.0,0.681272035525349,1.77212696042556,0.0,0.9811546736227335,1.0
2024_12_education_binary_higher,12,education_binary,higher,STROKE,DEPRESSIVE_DISORDER,ok,,1.11782345858366,200,200,1.0,0.67884249932332,1.46288547505488,0.0,0.9811546736227335,1.0
2024_12_education_binary_higher,12,education_binary,higher,STROKE,DIABETES,ok,,0.851087466601097,200,200,1.0,0.419346108342644,1.24293403189751,0.0,0.9811546736227335,1.0
2024_12_education_binary_lower,12,education_binary,lower,ARTHRITIS,DIABETES,ok,,0.483165367225232,200,200,0.995,0.100093706433126,0.90148410372112,0.004987484335815003,0.9722262956021069,0.9991168312843989
2024_12_education_binary_lower,12,education_binary,lower,COPD,ARTHRITIS,ok,,0.795409064792358,200,200,1.0,0.30851934830271,1.32100113252344,0.0,0.9811546736227335,1.0
2024_12_education_binary_lower,12,education_binary,lower,COPD,DEPRESSIVE_DISORDER,ok,,1.57306798699574,200,200,1.0,1.11064770502323,2.03497776026459,0.0,0.9811546736227335,1.0
2024_12_education_binary_lower,12,education_binary,lower,COPD,KIDNEY_DISEASE,ok,,1.01635096554555,200,200,0.97,-0.0071133617797332,1.72034013417038,0.012062338081814825,0.9361057075454807,0.9861796856598887
2024_12_education_binary_lower,12,education_binary,lower,CURRENT_ASTHMA,COPD,ok,,2.06668830542944,200,200,1.0,1.52815796517935,2.68767643382031,0.0,0.9811546736227335,1.0
2024_12_education_binary_lower,12,education_binary,lower,CURRENT_ASTHMA,DEPRESSIVE_DISORDER,ok,,1.35714475510723,200,200,1.0,0.958603066160678,1.87187467299309,0.0,0.9811546736227335,1.0
2024_12_education_binary_lower,12,education_binary,lower,CURRENT_ASTHMA,DIABETES,ok,,0.866735772907869,200,200,0.99,0.209047109542309,1.47159626937916,0.007035623639735147,0.9642782382838231,0.9972533418664555
2024_12_education_binary_lower,12,education_binary,lower,DEPRESSIVE_DISORDER,ARTHRITIS,ok,,0.922222667638687,200,200,1.0,0.516409912971839,1.30159362286287,0.0,0.9811546736227335,1.0
2024_12_education_binary_lower,12,education_binary,lower,ISCHEMIC_HEART_DISEASE,ARTHRITIS,ok,,0.914831667840094,200,200,1.0,0.49202222348306,1.28854747796001,0.0,0.9811546736227335,1.0
2024_12_education_binary_lower,12,education_binary,lower,ISCHEMIC_HEART_DISEASE,COPD,ok,,1.11044358988459,200,200,1.0,0.596733275236186,1.55079549030558,0.0,0.9811546736227335,1.0
2024_12_education_binary_lower,12,education_binary,lower,ISCHEMIC_HEART_DISEASE,DEPRESSIVE_DISORDER,ok,,0.77537792258793,200,200,1.0,0.143816353518671,1.22633428543916,0.0,0.9811546736227335,1.0
2024_12_education_binary_lower,12,education_binary,lower,ISCHEMIC_HEART_DISEASE,KIDNEY_DISEASE,ok,,1.46999933926226,200,200,1.0,0.89428113055808,2.0052519015105,0.0,0.9811546736227335,1.0
2024_12_education_binary_lower,12,education_binary,lower,ISCHEMIC_HEART_DISEASE,STROKE,ok,,2.13479872154743,200,200,1.0,1.47440860342481,2.66733654187829,0.0,0.9811546736227335,1.0
2024_12_education_binary_lower,12,education_binary,lower,KIDNEY_DISEASE,ARTHRITIS,ok,,1.12634324984827,200,200,1.0,0.44211937504093,1.89292303053349,0.0,0.9811546736227335,1.0
2024_12_education_binary_lower,12,education_binary,lower,KIDNEY_DISEASE,DIABETES,ok,,1.09775291720784,200,200,1.0,0.424007147098564,1.76590563188526,0.0,0.9811546736227335,1.0
2024_12_education_binary_lower,12,education_binary,lower,OTHER_CANCER,ARTHRITIS,ok,,0.606204757145376,200,200,0.99,0.103461262525659,1.16696652142072,0.007035623639735147,0.9642782382838231,0.9972533418664555
2024_12_education_binary_lower,12,education_binary,lower,OTHER_CANCER,COPD,ok,,0.769861977449645,200,200,1.0,0.199350492802258,1.40230230534903,0.0,0.9811546736227335,1.0
2024_12_education_binary_lower,12,education_binary,lower,OTHER_CANCER,DIABETES,ok,,0.626258401388515,200,200,0.985,0.0871809321698084,1.15641396793707,0.008595056718835545,0.9568342712073097,0.9948857622067417
2024_12_education_binary_lower,12,education_binary,lower,OTHER_CANCER,KIDNEY_DISEASE,ok,,1.15247010246637,200,200,1.0,0.442667386045005,1.81433187604271,0.0,0.9811546736227335,1.0
2024_12_education_binary_lower,12,education_binary,lower,SKIN_CANCER,OTHER_CANCER,ok,,1.94655851452281,200,200,1.0,1.42950390178491,2.43370341851204,0.0,0.9811546736227335,1.0
2024_12_education_binary_lower,12,education_binary,lower,STROKE,ARTHRITIS,ok,,0.999464169634941,200,200,1.0,0.30368666100494,1.92172335298962,0.0,0.9811546736227335,1.0
2024_12_education_binary_lower,12,education_binary,lower,STROKE,COPD,ok,,1.29908209584273,200,200,1.0,0.537881166463775,2.09024618470507,0.0,0.9811546736227335,1.0
2024_12_education_binary_lower,12,education_binary,lower,STROKE,CURRENT_ASTHMA,ok,,1.54941034142798,200,200,1.0,0.510426869845692,2.25898092338446,0.0,0.9811546736227335,1.0
2024_12_education_binary_lower,12,education_binary,lower,STROKE,DEPRESSIVE_DISORDER,ok,,0.995646413483646,200,200,0.98,0.0910886074123181,1.65638392155869,0.009899494936611668,0.9497129130941735,0.9921955735836505
2024_12_education_binary_lower,12,education_binary,lower,STROKE,DIABETES,ok,,1.50994888426944,200,200,1.0,0.738010698667237,2.22052362306076,0.0,0.9811546736227335,1.0
2024_12_education_binary_lower,12,education_binary,lower,STROKE,KIDNEY_DISEASE,ok,,1.51185754458591,200,200,1.0,0.390674195091517,2.33414307324988,0.0,0.9811546736227335,1.0
2024_13_education_binary_higher,13,education_binary,higher,ARTHRITIS,DIABETES,ok,,0.573238605553177,200,200,1.0,0.258556077800792,0.816008754498513,0.0,0.9811546736227335,1.0
2024_13_education_binary_higher,13,education_binary,higher,COPD,ARTHRITIS,ok,,1.43233279552081,200,200,1.0,1.02220894346193,1.79248867803396,0.0,0.9811546736227335,1.0
2024_13_education_binary_higher,13,education_binary,higher,COPD,DEPRESSIVE_DISORDER,ok,,1.23380499353677,200,200,1.0,0.910645361301924,1.58408837629933,0.0,0.9811546736227335,1.0
2024_13_education_binary_higher,13,education_binary,higher,COPD,DIABETES,ok,,0.609913800248131,200,200,1.0,0.2008822341183,0.92850246131426,0.0,0.9811546736227335,1.0
2024_13_education_binary_higher,13,education_binary,higher,COPD,KIDNEY_DISEASE,ok,,0.815338963988418,200,200,1.0,0.299635996450794,1.22644643962122,0.0,0.9811546736227335,1.0
2024_13_education_binary_higher,13,education_binary,higher,CURRENT_ASTHMA,ARTHRITIS,ok,,0.798650014624356,200,200,1.0,0.5252031339985,1.11541319796737,0.0,0.9811546736227335,1.0
2024_13_education_binary_higher,13,education_binary,higher,CURRENT_ASTHMA,COPD,ok,,1.97954987330908,200,200,1.0,1.64766843246042,2.32159359006451,0.0,0.9811546736227335,1.0
2024_13_education_binary_higher,13,education_binary,higher,CURRENT_ASTHMA,DEPRESSIVE_DISORDER,ok,,0.996999178725833,200,200,1.0,0.633020598449138,1.2805708546355,0.0,0.9811546736227335,1.0
2024_13_education_binary_higher,13,education_binary,higher,CURRENT_ASTHMA,DIABETES,ok,,0.757396876576766,200,200,1.0,0.406883908203337,1.11757265351515,0.0,0.9811546736227335,1.0
2024_13_education_binary_higher,13,education_binary,higher,CURRENT_ASTHMA,KIDNEY_DISEASE,ok,,1.03519856617072,200,200,1.0,0.36617265008047,1.60633145027678,0.0,0.9811546736227335,1.0
2024_13_education_binary_higher,13,education_binary,higher,CURRENT_ASTHMA,OTHER_CANCER,ok,,0.450312956435033,200,200,0.96,-0.078200103282378,0.867532119561712,0.013856406460551024,0.923067931799067,0.9795943679338476
2024_13_education_binary_higher,13,education_binary,higher,DEPRESSIVE_DISORDER,ARTHRITIS,ok,,0.930166085642318,200,200,1.0,0.69222422032957,1.24186557751045,0.0,0.9811546736227335,1.0
2024_13_education_binary_higher,13,education_binary,higher,DEPRESSIVE_DISORDER,DIABETES,ok,,0.682338123291048,200,200,1.0,0.425377682408887,0.952577448747952,0.0,0.9811546736227335,1.0
2024_13_education_binary_higher,13,education_binary,higher,DEPRESSIVE_DISORDER,KIDNEY_DISEASE,ok,,0.851139920043412,200,200,1.0,0.278959448032206,1.33493290147922,0.0,0.9811546736227335,1.0
2024_13_education_binary_higher,13,education_binary,higher,ISCHEMIC_HEART_DISEASE,ARTHRITIS,ok,,1.17586490097148,200,200,1.0,0.848187923404731,1.44852289151867,0.0,0.9811546736227335,1.0
2024_13_education_binary_higher,13,education_binary,higher,ISCHEMIC_HEART_DISEASE,COPD,ok,,1.518164425383,200,200,1.0,1.14106492632687,1.89660211125157,0.0,0.9811546736227335,1.0
2024_13_education_binary_higher,13,education_binary,higher,ISCHEMIC_HEART_DISEASE,CURRENT_ASTHMA,ok,,0.83133306844939,200,200,0.995,0.331418264606684,1.20703621767638,0.004987484335815003,0.9722262956021069,0.9991168312843989
2024_13_education_binary_higher,13,education_binary,higher,ISCHEMIC_HEART_DISEASE,DEPRESSIVE_DISORDER,ok,,1.24509614016222,200,200,1.0,0.866289620232432,1.55781766043131,0.0,0.9811546736227335,1.0
2024_13_education_binary_higher,13,education_binary,higher,ISCHEMIC_HEART_DISEASE,DIABETES,ok,,0.974003591103053,200,200,1.0,0.62560581989516,1.29579328486304,0.0,0.9811546736227335,1.0
2024_13_education_binary_higher,13,education_binary,higher,ISCHEMIC_HEART_DISEASE,KIDNEY_DISEASE,ok,,1.60510725624664,200,200,1.0,1.12618466846027,2.00189260647981,0.0,0.9811546736227335,1.0
2024_13_education_binary_higher,13,education_binary,higher,ISCHEMIC_HEART_DISEASE,OTHER_CANCER,ok,,0.410901479927405,200,200,0.99,0.0666281168729871,0.772653198082912,0.007035623639735147,0.9642782382838231,0.9972533418664555
2024_13_education_binary_higher,13,education_binary,higher,ISCHEMIC_HEART_DISEASE,STROKE,ok,,1.89656625299083,200,200,1.0,1.33411687522505,2.37568597972004,0.0,0.9811546736227335,1.0
2024_13_education_binary_higher,13,education_binary,higher,KIDNEY_DISEASE,ARTHRITIS,ok,,1.12407140107877,200,200,1.0,0.685709794322773,1.59722058713881,0.0,0.9811546736227335,1.0
2024_13_education_binary_higher,13,education_binary,higher,KIDNEY_DISEASE,DIABETES,ok,,1.36651011292819,200,200,1.0,0.827787839058862,1.81710831526177,0.0,0.9811546736227335,1.0
2024_13_education_binary_higher,13,education_binary,higher,OTHER_CANCER,ARTHRITIS,ok,,0.50847007077197,200,200,1.0,0.212845598492456,0.842066413942199,0.0,0.9811546736227335,1.0
2024_13_education_binary_higher,13,education_binary,higher,OTHER_CANCER,COPD,ok,,0.903855171195426,200,200,1.0,0.529372644279707,1.28720328213535,0.0,0.9811546736227335,1.0
2024_13_education_binary_higher,13,education_binary,higher,OTHER_CANCER,DEPRESSIVE_DISORDER,ok,,0.507122972464923,200,200,1.0,0.166301853178226,0.842611518915215,0.0,0.9811546736227335,1.0
2024_13_education_binary_higher,13,education_binary,higher,OTHER_CANCER,KIDNEY_DISEASE,ok,,0.580302974124969,200,200,0.985,0.0881479739170409,1.05167402282862,0.008595056718835545,0.9568342712073097,0.9948857622067417
2024_13_education_binary_higher,13,education_binary,higher,SKIN_CANCER,COPD,ok,,0.546581945517609,200,200,0.995,0.0668666635259497,1.07467916531956,0.004987484335815003,0.9722262956021069,0.9991168312843989
2024_13_education_binary_higher,13,education_binary,higher,SKIN_CANCER,OTHER_CANCER,ok,,1.52449287931755,200,200,1.0,1.1694540955609,1.83258873647741,0.0,0.9811546736227335,1.0
2024_13_education_binary_higher,13,education_binary,higher,STROKE,ARTHRITIS,ok,,0.832656353204212,200,200,0.995,0.303116224986947,1.29238538547338,0.004987484335815003,0.9722262956021069,0.9991168312843989
2024_13_education_binary_higher,13,education_binary,higher,STROKE,DIABETES,ok,,1.44389733011648,200,200,1.0,0.852654035572724,1.90378132301794,0.0,0.9811546736227335,1.0
2024_13_education_binary_higher,13,education_binary,higher,STROKE,KIDNEY_DISEASE,ok,,1.17941053811562,200,200,1.0,0.621832408187644,1.77137047526141,0.0,0.9811546736227335,1.0
2024_13_education_binary_lower,13,education_binary,lower,ARTHRITIS,DIABETES,ok,,0.759556065930234,200,200,1.0,0.428276235054427,1.1036938360436,0.0,0.9811546736227335,1.0
2024_13_education_binary_lower,13,education_binary,lower,COPD,ARTHRITIS,ok,,1.15664183787562,200,200,1.0,0.800241578605142,1.54281037460355,0.0,0.9811546736227335,1.0
2024_13_education_binary_lower,13,education_binary,lower,COPD,DEPRESSIVE_DISORDER,ok,,1.73930661641036,200,200,1.0,1.3618597835202,2.15804912482302,0.0,0.9811546736227335,1.0
2024_13_education_binary_lower,13,education_binary,lower,COPD,DIABETES,ok,,0.779110759447579,200,200,1.0,0.348238121566643,1.1416533995456,0.0,0.9811546736227335,1.0
2024_13_education_binary_lower,13,education_binary,lower,COPD,KIDNEY_DISEASE,ok,,0.970587450511788,200,200,0.995,0.413432620342651,1.47680806799409,0.004987484335815003,0.9722262956021069,0.9991168312843989
2024_13_education_binary_lower,13,education_binary,lower,CURRENT_ASTHMA,ARTHRITIS,ok,,1.22858331740327,200,200,1.0,0.764839409800768,1.70185206299626,0.0,0.9811546736227335,1.0
2024_13_education_binary_lower,13,education_binary,lower,CURRENT_ASTHMA,COPD,ok,,2.14946891908325,200,200,1.0,1.6449615500657,2.62825794126029,0.0,0.9811546736227335,1.0
2024_13_education_binary_lower,13,education_binary,lower,CURRENT_ASTHMA,DEPRESSIVE_DISORDER,ok,,1.35859015891349,200,200,1.0,0.893374179683861,1.7232238294338,0.0,0.9811546736227335,1.0
2024_13_education_binary_lower,13,education_binary,lower,CURRENT_ASTHMA,DIABETES,ok,,0.709381543229108,200,200,1.0,0.199736676807365,1.26346352341851,0.0,0.9811546736227335,1.0
2024_13_education_binary_lower,13,education_binary,lower,DEPRESSIVE_DISORDER,ARTHRITIS,ok,,1.42425143052465,200,200,1.0,1.0875710978782,1.79518503549236,0.0,0.9811546736227335,1.0
2024_13_education_binary_lower,13,education_binary,lower,DEPRESSIVE_DISORDER,KIDNEY_DISEASE,ok,,0.624229163262118,200,200,0.995,0.0863534250856577,1.13896961224107,0.004987484335815003,0.9722262956021069,0.9991168312843989
2024_13_education_binary_lower,13,education_binary,lower,ISCHEMIC_HEART_DISEASE,ARTHRITIS,ok,,0.769966087006841,200,200,1.0,0.26118560802702,1.19762953662584,0.0,0.9811546736227335,1.0
2024_13_education_binary_lower,13,education_binary,lower,ISCHEMIC_HEART_DISEASE,COPD,ok,,1.50520538845873,200,200,1.0,0.945384676433915,1.97308742292524,0.0,0.9811546736227335,1.0
2024_13_education_binary_lower,13,education_binary,lower,ISCHEMIC_HEART_DISEASE,CURRENT_ASTHMA,ok,,1.5847944713621,200,200,1.0,1.03153724087262,2.11580261488683,0.0,0.9811546736227335,1.0
2024_13_education_binary_lower,13,education_binary,lower,ISCHEMIC_HEART_DISEASE,DEPRESSIVE_DISORDER,ok,,0.583377025309746,200,200,0.99,0.13938840484388,1.06139516707964,0.007035623639735147,0.9642782382838231,0.9972533418664555
2024_13_education_binary_lower,13,education_binary,lower,ISCHEMIC_HEART_DISEASE,DIABETES,ok,,1.08780287284608,200,200,1.0,0.651037881167738,1.52575488327578,0.0,0.9811546736227335,1.0
2024_13_education_binary_lower,13,education_binary,lower,ISCHEMIC_HEART_DISEASE,KIDNEY_DISEASE,ok,,1.53016960724878,200,200,1.0,0.950876013712263,2.0933796966476,0.0,0.9811546736227335,1.0
2024_13_education_binary_lower,13,education_binary,lower,ISCHEMIC_HEART_DISEASE,STROKE,ok,,1.80478981056283,200,200,1.0,1.22473331938325,2.40648246714498,0.0,0.9811546736227335,1.0
2024_13_education_binary_lower,13,education_binary,lower,KIDNEY_DISEASE,ARTHRITIS,ok,,1.33564976051546,200,200,1.0,0.775473419271319,1.88979759160217,0.0,0.9811546736227335,1.0
2024_13_education_binary_lower,13,education_binary,lower,KIDNEY_DISEASE,DIABETES,ok,,1.30939306385959,200,200,1.0,0.773984617642692,1.71066717906502,0.0,0.9811546736227335,1.0
2024_13_education_binary_lower,13,education_binary,lower,OTHER_CANCER,ARTHRITIS,ok,,0.574093978199844,200,200,0.99,0.109455695060557,1.03149511632707,0.007035623639735147,0.9642782382838231,0.9972533418664555
2024_13_education_binary_lower,13,education_binary,lower,OTHER_CANCER,DEPRESSIVE_DISORDER,ok,,0.722311201812035,200,200,1.0,0.183626364238206,1.22165044016698,0.0,0.9811546736227335,1.0
2024_13_education_binary_lower,13,education_binary,lower,OTHER_CANCER,KIDNEY_DISEASE,ok,,1.08698984952463,200,200,1.0,0.374984607655257,1.61884448333177,0.0,0.9811546736227335,1.0
2024_13_education_binary_lower,13,education_binary,lower,SKIN_CANCER,COPD,ok,,0.713357176252729,200,200,1.0,0.190476964410362,1.27294569800643,0.0,0.9811546736227335,1.0
2024_13_education_binary_lower,13,education_binary,lower,SKIN_CANCER,OTHER_CANCER,ok,,1.84385009546234,200,200,1.0,1.27817814579206,2.46015233347429,0.0,0.9811546736227335,1.0
2024_13_education_binary_lower,13,education_binary,lower,STROKE,COPD,ok,,0.745624590747834,200,200,0.995,0.130024524645755,1.28127029279118,0.004987484335815003,0.9722262956021069,0.9991168312843989
2024_13_education_binary_lower,13,education_binary,lower,STROKE,DEPRESSIVE_DISORDER,ok,,1.40965306584334,200,200,1.0,0.960548876585075,1.86797356462656,0.0,0.9811546736227335,1.0
2024_13_education_binary_lower,13,education_binary,lower,STROKE,DIABETES,ok,,0.694571177047152,200,200,0.995,0.158024228941411,1.22905244399336,0.004987484335815003,0.9722262956021069,0.9991168312843989
2024_13_education_binary_lower,13,education_binary,lower,STROKE,KIDNEY_DISEASE,ok,,1.05674452370205,200,200,1.0,0.441965006764503,1.68571071761943,0.0,0.9811546736227335,1.0
2024_15_education_binary_higher,15,education_binary,higher,ARTHRITIS,DIABETES,ok,,0.411825087449802,200,200,1.0,0.181208083801222,0.690601514363276,0.0,0.9811546736227335,1.0
2024_15_education_binary_higher,15,education_binary,higher,COPD,ARTHRITIS,ok,,1.04548566342641,200,200,1.0,0.586075011507654,1.42667463037014,0.0,0.9811546736227335,1.0
2024_15_education_binary_higher,15,education_binary,higher,COPD,DEPRESSIVE_DISORDER,ok,,1.31881306281367,200,200,1.0,0.893723331518389,1.74548349929528,0.0,0.9811546736227335,1.0
2024_15_education_binary_higher,15,education_binary,higher,COPD,DIABETES,ok,,0.620885361530822,200,200,0.99,0.116867647307866,1.10043550126742,0.007035623639735147,0.9642782382838231,0.9972533418664555
2024_15_education_binary_higher,15,education_binary,higher,COPD,KIDNEY_DISEASE,ok,,0.860697001176335,200,200,0.98,0.143095112353597,1.34294259968476,0.009899494936611668,0.9497129130941735,0.9921955735836505
2024_15_education_binary_higher,15,education_binary,higher,CURRENT_ASTHMA,ARTHRITIS,ok,,0.762236888983036,200,200,1.0,0.455608031796392,1.00553098786521,0.0,0.9811546736227335,1.0
2024_15_education_binary_higher,15,education_binary,higher,CURRENT_ASTHMA,COPD,ok,,1.83967892816153,200,200,1.0,1.38441537238339,2.23790767155951,0.0,0.9811546736227335,1.0
2024_15_education_binary_higher,15,education_binary,higher,CURRENT_ASTHMA,DEPRESSIVE_DISORDER,ok,,0.716663933161644,200,200,1.0,0.419389679805798,1.03396880637269,0.0,0.9811546736227335,1.0
2024_15_education_binary_higher,15,education_binary,higher,CURRENT_ASTHMA,DIABETES,ok,,0.666213444073402,200,200,0.995,0.202879949161267,1.06575687514512,0.004987484335815003,0.9722262956021069,0.9991168312843989
2024_15_education_binary_higher,15,education_binary,higher,CURRENT_ASTHMA,OTHER_CANCER,ok,,0.504796964888282,200,200,0.995,0.175988880066992,0.911215653303774,0.004987484335815003,0.9722262956021069,0.9991168312843989
2024_15_education_binary_higher,15,education_binary,higher,DEPRESSIVE_DISORDER,ARTHRITIS,ok,,0.849066969839024,200,200,1.0,0.531308794071783,1.13465345710184,0.0,0.9811546736227335,1.0
2024_15_education_binary_higher,15,education_binary,higher,DEPRESSIVE_DISORDER,KIDNEY_DISEASE,ok,,0.652824687075493,200,200,1.0,0.201336609536618,1.08711159709218,0.0,0.9811546736227335,1.0
2024_15_education_binary_higher,15,education_binary,higher,ISCHEMIC_HEART_DISEASE,ARTHRITIS,ok,,0.480705550087855,200,200,1.0,0.1745511204472,0.821169370329607,0.0,0.9811546736227335,1.0
2024_15_education_binary_higher,15,education_binary,higher,ISCHEMIC_HEART_DISEASE,COPD,ok,,1.28092642905728,200,200,1.0,0.791605587586601,1.67004804830157,0.0,0.9811546736227335,1.0
2024_15_education_binary_higher,15,education_binary,higher,ISCHEMIC_HEART_DISEASE,CURRENT_ASTHMA,ok,,0.526576608468501,200,200,1.0,0.156886782101322,0.883247210535699,0.0,0.9811546736227335,1.0
2024_15_education_binary_higher,15,education_binary,higher,ISCHEMIC_HEART_DISEASE,DEPRESSIVE_DISORDER,ok,,0.776084948753735,200,200,1.0,0.310040371800204,1.22326048059537,0.0,0.9811546736227335,1.0
2024_15_education_binary_higher,15,education_binary,higher,ISCHEMIC_HEART_DISEASE,DIABETES,ok,,0.818038421157219,200,200,1.0,0.478987736456948,1.19300427024509,0.0,0.9811546736227335,1.0
2024_15_education_binary_higher,15,education_binary,higher,ISCHEMIC_HEART_DISEASE,KIDNEY_DISEASE,ok,,0.87804564308262,200,200,1.0,0.468583662654895,1.32647423489922,0.0,0.9811546736227335,1.0
2024_15_education_binary_higher,15,education_binary,higher,ISCHEMIC_HEART_DISEASE,STROKE,ok,,1.2428346466855,200,200,1.0,0.773106022138061,1.6557989364753,0.0,0.9811546736227335,1.0
2024_15_education_binary_higher,15,education_binary,higher,KIDNEY_DISEASE,ARTHRITIS,ok,,0.996116130631142,200,200,1.0,0.587194725386304,1.4394871616412,0.0,0.9811546736227335,1.0
2024_15_education_binary_higher,15,education_binary,higher,KIDNEY_DISEASE,DIABETES,ok,,1.29159036574323,200,200,1.0,0.981014811893183,1.65361758600919,0.0,0.9811546736227335,1.0
2024_15_education_binary_higher,15,education_binary,higher,OTHER_CANCER,ARTHRITIS,ok,,0.290722974484075,200,200,0.98,0.0154704533297967,0.575370932860604,0.009899494936611668,0.9497129130941735,0.9921955735836505
2024_15_education_binary_higher,15,education_binary,higher,OTHER_CANCER,COPD,ok,,0.586574445834795,200,200,0.975,0.0210957957137927,1.08799317768668,0.011039701082909813,0.942821659593358,0.9892752803482386
2024_15_education_binary_higher,15,education_binary,higher,OTHER_CANCER,KIDNEY_DISEASE,ok,,0.590596054286907,200,200,0.99,0.17055539847859,1.1810875576373,0.007035623639735147,0.9642782382838231,0.9972533418664555
2024_15_education_binary_higher,15,education_binary,higher,SKIN_CANCER,ARTHRITIS,ok,,0.296074580201066,200,200,0.985,0.0352491633923835,0.514420165988216,0.008595056718835545,0.9568342712073097,0.9948857622067417
2024_15_education_binary_higher,15,education_binary,higher,SKIN_CANCER,DEPRESSIVE_DISORDER,ok,,0.45968080449861,200,200,1.0,0.139755472871599,0.868765598303269,0.0,0.9811546736227335,1.0
2024_15_education_binary_higher,15,education_binary,higher,SKIN_CANCER,OTHER_CANCER,ok,,1.6958918224369,200,200,1.0,1.3878055899844,2.01546451697904,0.0,0.9811546736227335,1.0
2024_15_education_binary_higher,15,education_binary,higher,STROKE,COPD,ok,,1.00672026428939,200,200,1.0,0.516589829315335,1.55202959175817,0.0,0.9811546736227335,1.0
2024_15_education_binary_higher,15,education_binary,higher,STROKE,CURRENT_ASTHMA,ok,,0.861996973666529,200,200,1.0,0.381557853808712,1.30017133074559,0.0,0.9811546736227335,1.0
2024_15_education_binary_higher,15,education_binary,higher,STROKE,DEPRESSIVE_DISORDER,ok,,0.884697902441655,200,200,1.0,0.379831354830215,1.2847383692669,0.0,0.9811546736227335,1.0
2024_15_education_binary_higher,15,education_binary,higher,STROKE,DIABETES,ok,,0.82131561320037,200,200,1.0,0.370180591192671,1.27550434631437,0.0,0.9811546736227335,1.0
2024_15_education_binary_higher,15,education_binary,higher,STROKE,KIDNEY_DISEASE,ok,,0.717805000404082,200,200,1.0,0.205980357883297,1.15164433906818,0.0,0.9811546736227335,1.0
2024_15_education_binary_higher,15,education_binary,higher,STROKE,OTHER_CANCER,ok,,0.682158916620644,200,200,0.99,0.137300521059194,1.20035704547153,0.007035623639735147,0.9642782382838231,0.9972533418664555
2024_15_education_binary_lower,15,education_binary,lower,ARTHRITIS,DIABETES,ok,,0.827128261408121,200,200,1.0,0.393220145460083,1.27582357170438,0.0,0.9811546736227335,1.0
2024_15_education_binary_lower,15,education_binary,lower,COPD,ARTHRITIS,ok,,1.03811007944888,200,200,1.0,0.628894265239833,1.47300680244077,0.0,0.9811546736227335,1.0
2024_15_education_binary_lower,15,education_binary,lower,COPD,DEPRESSIVE_DISORDER,ok,,1.19681695492242,200,200,1.0,0.596788511529471,1.79696905109347,0.0,0.9811546736227335,1.0
2024_15_education_binary_lower,15,education_binary,lower,CURRENT_ASTHMA,ARTHRITIS,ok,,1.03744369790529,200,200,1.0,0.548076070299709,1.56357087553387,0.0,0.9811546736227335,1.0
2024_15_education_binary_lower,15,education_binary,lower,CURRENT_ASTHMA,COPD,ok,,1.73658777886401,200,200,1.0,1.20237091717402,2.29214038676546,0.0,0.9811546736227335,1.0
2024_15_education_binary_lower,15,education_binary,lower,CURRENT_ASTHMA,DEPRESSIVE_DISORDER,ok,,0.57862606176287,200,200,0.995,0.019532018933845,0.982571484703873,0.004987484335815003,0.9722262956021069,0.9991168312843989
2024_15_education_binary_lower,15,education_binary,lower,CURRENT_ASTHMA,DIABETES,ok,,0.944014793379037,200,200,1.0,0.352277002629693,1.51928959220542,0.0,0.9811546736227335,1.0
2024_15_education_binary_lower,15,education_binary,lower,DEPRESSIVE_DISORDER,ARTHRITIS,ok,,1.02915139482843,200,200,1.0,0.562248283965085,1.44902054593555,0.0,0.9811546736227335,1.0
2024_15_education_binary_lower,15,education_binary,lower,DEPRESSIVE_DISORDER,KIDNEY_DISEASE,ok,,1.17933257063864,200,200,0.995,0.127924742488752,1.96213549227786,0.004987484335815003,0.9722262956021069,0.9991168312843989
2024_15_education_binary_lower,15,education_binary,lower,ISCHEMIC_HEART_DISEASE,COPD,ok,,0.878027046992597,200,200,0.98,0.128501162984981,1.53188237190691,0.009899494936611668,0.9497129130941735,0.9921955735836505
2024_15_education_binary_lower,15,education_binary,lower,ISCHEMIC_HEART_DISEASE,CURRENT_ASTHMA,ok,,0.838327256669489,200,200,0.99,0.219139764954537,1.43556355360677,0.007035623639735147,0.9642782382838231,0.9972533418664555
2024_15_education_binary_lower,15,education_binary,lower,ISCHEMIC_HEART_DISEASE,DEPRESSIVE_DISORDER,ok,,1.57592003602085,200,200,1.0,0.938680888250444,2.13022225932793,0.0,0.9811546736227335,1.0
2024_15_education_binary_lower,15,education_binary,lower,ISCHEMIC_HEART_DISEASE,DIABETES,ok,,0.638030225646934,200,200,0.975,0.0074814939386544,1.1622206140722,0.011039701082909813,0.942821659593358,0.9892752803482386
2024_15_education_binary_lower,15,education_binary,lower,ISCHEMIC_HEART_DISEASE,KIDNEY_DISEASE,ok,,1.67923453792177,200,200,1.0,0.93203065550295,2.59996937215438,0.0,0.9811546736227335,1.0
2024_15_education_binary_lower,15,education_binary,lower,ISCHEMIC_HEART_DISEASE,STROKE,ok,,2.07501072117171,200,200,1.0,1.31412259758322,2.69089580383209,0.0,0.9811546736227335,1.0
2024_15_education_binary_lower,15,education_binary,lower,KIDNEY_DISEASE,ARTHRITIS,ok,,2.05382073350983,200,200,1.0,1.08615875709322,2.91667983533253,0.0,0.9811546736227335,1.0
2024_15_education_binary_lower,15,education_binary,lower,KIDNEY_DISEASE,DIABETES,ok,,1.43431724952891,200,200,1.0,0.667117917492692,2.14541555346893,0.0,0.9811546736227335,1.0
2024_15_education_binary_lower,15,education_binary,lower,OTHER_CANCER,DEPRESSIVE_DISORDER,ok,,0.844443173529388,200,200,0.98,0.182323209024981,1.58621570573897,0.009899494936611668,0.9497129130941735,0.9921955735836505
2024_15_education_binary_lower,15,education_binary,lower,OTHER_CANCER,KIDNEY_DISEASE,ok,,1.35945474921309,200,200,0.99,0.297877329384715,2.29739873689426,0.007035623639735147,0.9642782382838231,0.9972533418664555
2024_15_education_binary_lower,15,education_binary,lower,SKIN_CANCER,KIDNEY_DISEASE,ok,,1.39069339981061,200,200,0.955,-0.0994649021042836,2.39134580172353,0.014658615214269054,0.9167032959981803,0.976147456998507
2024_15_education_binary_lower,15,education_binary,lower,SKIN_CANCER,OTHER_CANCER,ok,,2.76803790597105,200,200,1.0,1.95412709911405,3.76989486746907,0.0,0.9811546736227335,1.0
2024_15_education_binary_lower,15,education_binary,lower,STROKE,COPD,ok,,0.952043729107948,200,200,0.985,0.108627372539712,1.76322892043835,0.008595056718835545,0.9568342712073097,0.9948857622067417
2024_15_education_binary_lower,15,education_binary,lower,STROKE,DEPRESSIVE_DISORDER,ok,,1.03068739241654,200,200,0.99,0.11585674955313,1.69366943013368,0.007035623639735147,0.9642782382838231,0.9972533418664555
2024_15_education_binary_lower,15,education_binary,lower,STROKE,KIDNEY_DISEASE,ok,,1.52233062485564,200,200,0.995,0.33993552596841,2.53236181993626,0.004987484335815003,0.9722262956021069,0.9991168312843989
2024_15_education_binary_lower,15,education_binary,lower,STROKE,SKIN_CANCER,ok,,1.4923762904603,200,200,0.935,-0.206335801455331,2.5691879415927,0.01743201078476031,0.8919809207009312,0.961623645350847
2024_16_education_binary_higher,16,education_binary,higher,ARTHRITIS,DIABETES,ok,,0.484114344692589,200,200,0.995,0.145982447487877,0.844208849969653,0.004987484335815003,0.9722262956021069,0.9991168312843989
2024_16_education_binary_higher,16,education_binary,higher,COPD,ARTHRITIS,ok,,0.962754956500832,200,200,1.0,0.583068635439735,1.54914054242683,0.0,0.9811546736227335,1.0
2024_16_education_binary_higher,16,education_binary,higher,COPD,DEPRESSIVE_DISORDER,ok,,1.10162184879278,200,200,1.0,0.643455627090527,1.55499235978612,0.0,0.9811546736227335,1.0
2024_16_education_binary_higher,16,education_binary,higher,COPD,DIABETES,ok,,0.906919134362875,200,200,1.0,0.402923290039947,1.34865609313267,0.0,0.9811546736227335,1.0
2024_16_education_binary_higher,16,education_binary,higher,CURRENT_ASTHMA,ARTHRITIS,ok,,1.11484496599088,200,200,1.0,0.76502500275577,1.4962554005757,0.0,0.9811546736227335,1.0
2024_16_education_binary_higher,16,education_binary,higher,CURRENT_ASTHMA,COPD,ok,,1.8274948951929,200,200,1.0,1.39388772353052,2.45755250407265,0.0,0.9811546736227335,1.0
2024_16_education_binary_higher,16,education_binary,higher,CURRENT_ASTHMA,DEPRESSIVE_DISORDER,ok,,1.18488680781557,200,200,1.0,0.868991452877166,1.5497014335108,0.0,0.9811546736227335,1.0
2024_16_education_binary_higher,16,education_binary,higher,CURRENT_ASTHMA,DIABETES,ok,,0.698286861038218,200,200,1.0,0.315214645361134,1.21637383139046,0.0,0.9811546736227335,1.0
2024_16_education_binary_higher,16,education_binary,higher,CURRENT_ASTHMA,KIDNEY_DISEASE,ok,,0.824706181924506,200,200,0.995,0.254708170584665,1.39714675645265,0.004987484335815003,0.9722262956021069,0.9991168312843989
2024_16_education_binary_higher,16,education_binary,higher,CURRENT_ASTHMA,OTHER_CANCER,ok,,0.744659515295063,200,200,0.995,0.206715659268289,1.16581737412128,0.004987484335815003,0.9722262956021069,0.9991168312843989
2024_16_education_binary_higher,16,education_binary,higher,DEPRESSIVE_DISORDER,ARTHRITIS,ok,,0.825134988993647,200,200,1.0,0.552241774477343,1.11558774417019,0.0,0.9811546736227335,1.0
2024_16_education_binary_higher,16,education_binary,higher,DEPRESSIVE_DISORDER,DIABETES,ok,,1.10631267760284,200,200,1.0,0.721005478729714,1.45680302694567,0.0,0.9811546736227335,1.0
2024_16_education_binary_higher,16,education_binary,higher,ISCHEMIC_HEART_DISEASE,COPD,ok,,1.47866995893715,200,200,1.0,0.791883549025092,1.92622779320603,0.0,0.9811546736227335,1.0
2024_16_education_binary_higher,16,education_binary,higher,ISCHEMIC_HEART_DISEASE,CURRENT_ASTHMA,ok,,0.61496976904337,200,200,0.985,0.0426968822226952,1.11666765956739,0.008595056718835545,0.9568342712073097,0.9948857622067417
2024_16_education_binary_higher,16,education_binary,higher,ISCHEMIC_HEART_DISEASE,DEPRESSIVE_DISORDER,ok,,0.969785630828159,200,200,1.0,0.435877352140054,1.40964086835316,0.0,0.9811546736227335,1.0
2024_16_education_binary_higher,16,education_binary,higher,ISCHEMIC_HEART_DISEASE,DIABETES,ok,,1.19915366496534,200,200,1.0,0.812918367624166,1.60524463465036,0.0,0.9811546736227335,1.0
2024_16_education_binary_higher,16,education_binary,higher,ISCHEMIC_HEART_DISEASE,KIDNEY_DISEASE,ok,,1.50437081302977,200,200,1.0,0.91980579495097,2.12143242084179,0.0,0.9811546736227335,1.0
2024_16_education_binary_higher,16,education_binary,higher,ISCHEMIC_HEART_DISEASE,SKIN_CANCER,ok,,0.708615592163761,200,200,0.99,0.209520243068415,1.11026274092316,0.007035623639735147,0.9642782382838231,0.9972533418664555
2024_16_education_binary_higher,16,education_binary,higher,ISCHEMIC_HEART_DISEASE,STROKE,ok,,1.64472814174168,200,200,1.0,0.936132373279773,2.32286280909048,0.0,0.9811546736227335,1.0
2024_16_education_binary_higher,16,education_binary,higher,KIDNEY_DISEASE,DIABETES,ok,,1.48509439928053,200,200,1.0,0.999869938061243,1.9486112889068,0.0,0.9811546736227335,1.0
2024_16_education_binary_higher,16,education_binary,higher,SKIN_CANCER,OTHER_CANCER,ok,,1.29185565291927,200,200,1.0,0.90014536942923,1.6879024209677,0.0,0.9811546736227335,1.0
2024_16_education_binary_higher,16,education_binary,higher,STROKE,ARTHRITIS,ok,,0.748537287228077,200,200,0.98,0.0419616914897898,1.29054106608652,0.009899494936611668,0.9497129130941735,0.9921955735836505
2024_16_education_binary_higher,16,education_binary,higher,STROKE,CURRENT_ASTHMA,ok,,1.08769099457641,200,200,0.99,0.214191891136887,1.74096386211473,0.007035623639735147,0.9642782382838231,0.9972533418664555
2024_16_education_binary_higher,16,education_binary,higher,STROKE,DIABETES,ok,,0.940010867848987,200,200,0.995,0.213269139389471,1.46270677961581,0.004987484335815003,0.9722262956021069,0.9991168312843989
2024_16_education_binary_higher,16,education_binary,higher,STROKE,KIDNEY_DISEASE,ok,,1.04959520328689,200,200,0.99,0.145668579803465,1.74257084082347,0.007035623639735147,0.9642782382838231,0.9972533418664555
2024_16_education_binary_lower,16,education_binary,lower,ARTHRITIS,DIABETES,ok,,0.519186712535689,200,200,0.99,0.121821872999935,0.953206707095469,0.007035623639735147,0.9642782382838231,0.9972533418664555
2024_16_education_binary_lower,16,education_binary,lower,COPD,ARTHRITIS,ok,,1.35505266965589,200,200,1.0,0.657271328329288,1.8845956825395,0.0,0.9811546736227335,1.0
2024_16_education_binary_lower,16,education_binary,lower,COPD,DEPRESSIVE_DISORDER,ok,,1.65149851971536,200,200,1.0,1.17985008026378,2.09768876637827,0.0,0.9811546736227335,1.0
2024_16_education_binary_lower,16,education_binary,lower,COPD,DIABETES,ok,,0.912024199402234,200,200,0.99,0.205646894648651,1.50799400345215,0.007035623639735147,0.9642782382838231,0.9972533418664555
2024_16_education_binary_lower,16,education_binary,lower,COPD,KIDNEY_DISEASE,ok,,1.41010232583469,200,200,0.995,0.425785065987852,2.19470381273571,0.004987484335815003,0.9722262956021069,0.9991168312843989
2024_16_education_binary_lower,16,education_binary,lower,CURRENT_ASTHMA,ARTHRITIS,ok,,0.841700436572805,200,200,0.995,0.191327064007162,1.35951121689923,0.004987484335815003,0.9722262956021069,0.9991168312843989
2024_16_education_binary_lower,16,education_binary,lower,CURRENT_ASTHMA,COPD,ok,,1.61439288619841,200,200,1.0,0.900268359356653,2.21115175850577,0.0,0.9811546736227335,1.0
2024_16_education_binary_lower,16,education_binary,lower,CURRENT_ASTHMA,DEPRESSIVE_DISORDER,ok,,1.71908723125086,200,200,1.0,1.12976971958053,2.20505066065104,0.0,0.9811546736227335,1.0
2024_16_education_binary_lower,16,education_binary,lower,DEPRESSIVE_DISORDER,ARTHRITIS,ok,,1.18126243422272,200,200,1.0,0.79968216906002,1.56432936673081,0.0,0.9811546736227335,1.0
2024_16_education_binary_lower,16,education_binary,lower,DEPRESSIVE_DISORDER,KIDNEY_DISEASE,ok,,0.875417065995432,200,200,0.995,0.176600054046672,1.48015437346737,0.004987484335815003,0.9722262956021069,0.9991168312843989
2024_16_education_binary_lower,16,education_binary,lower,ISCHEMIC_HEART_DISEASE,ARTHRITIS,ok,,1.27890383531737,200,200,1.0,0.745791989993531,1.96315721328392,0.0,0.9811546736227335,1.0
2024_16_education_binary_lower,16,education_binary,lower,ISCHEMIC_HEART_DISEASE,COPD,ok,,1.64693265902264,200,200,1.0,0.990282079474137,2.28263709876537,0.0,0.9811546736227335,1.0
2024_16_education_binary_lower,16,education_binary,lower,ISCHEMIC_HEART_DISEASE,CURRENT_ASTHMA,ok,,1.13763127083607,200,200,0.98,0.0130847015747071,1.84553935505665,0.009899494936611668,0.9497129130941735,0.9921955735836505
2024_16_education_binary_lower,16,education_binary,lower,ISCHEMIC_HEART_DISEASE,DEPRESSIVE_DISORDER,ok,,1.41786912827743,200,200,1.0,0.732050095494039,2.01711412103565,0.0,0.9811546736227335,1.0
2024_16_education_binary_lower,16,education_binary,lower,ISCHEMIC_HEART_DISEASE,DIABETES,ok,,1.19742133771583,200,200,1.0,0.312403476696916,1.98821872916516,0.0,0.9811546736227335,1.0
2024_16_education_binary_lower,16,education_binary,lower,ISCHEMIC_HEART_DISEASE,KIDNEY_DISEASE,ok,,1.64688823951597,200,200,0.995,0.800057420962693,2.46049177076891,0.004987484335815003,0.9722262956021069,0.9991168312843989
2024_16_education_binary_lower,16,education_binary,lower,ISCHEMIC_HEART_DISEASE,STROKE,ok,,1.99308891856133,200,200,0.995,0.811155709471029,2.93292965864623,0.004987484335815003,0.9722262956021069,0.9991168312843989
2024_16_education_binary_lower,16,education_binary,lower,KIDNEY_DISEASE,ARTHRITIS,ok,,0.985159982071243,200,200,0.985,0.352416892348113,1.77982512463343,0.008595056718835545,0.9568342712073097,0.9948857622067417
2024_16_education_binary_lower,16,education_binary,lower,KIDNEY_DISEASE,DIABETES,ok,,1.17026420469822,200,200,1.0,0.473703979571749,1.77267383064999,0.0,0.9811546736227335,1.0
2024_16_education_binary_lower,16,education_binary,lower,OTHER_CANCER,DIABETES,ok,,1.21510189733896,200,200,1.0,0.439954236295112,1.90160634060373,0.0,0.9811546736227335,1.0
2024_16_education_binary_lower,16,education_binary,lower,SKIN_CANCER,OTHER_CANCER,ok,,1.10756107337813,200,200,0.995,0.345233242340079,1.60808857245227,0.004987484335815003,0.9722262956021069,0.9991168312843989
2024_16_education_binary_lower,16,education_binary,lower,STROKE,CURRENT_ASTHMA,ok,,1.33808996538233,200,200,0.945,-0.217037875195579,2.25209941064954,0.016120638945153514,0.9042130012276914,0.9690146582965411
2024_16_education_binary_lower,16,education_binary,lower,STROKE,DEPRESSIVE_DISORDER,ok,,0.997293276064475,200,200,0.985,0.101447938301845,1.64774377579046,0.008595056718835545,0.9568342712073097,0.9948857622067417
2024_16_education_binary_lower,16,education_binary,lower,STROKE,OTHER_CANCER,ok,,1.41687142017613,200,200,0.99,0.146626400193095,2.42877743640653,0.007035623639735147,0.9642782382838231,0.9972533418664555
2024_17_education_binary_higher,17,education_binary,higher,ARTHRITIS,DIABETES,ok,,0.551725638884737,200,200,1.0,0.362381564306548,0.73882955372379,0.0,0.9811546736227335,1.0
2024_17_education_binary_higher,17,education_binary,higher,COPD,ARTHRITIS,ok,,1.06073207519083,200,200,1.0,0.825481578760114,1.33829097519342,0.0,0.9811546736227335,1.0
2024_17_education_binary_higher,17,education_binary,higher,COPD,DEPRESSIVE_DISORDER,ok,,1.08450715467342,200,200,1.0,0.795769018346245,1.31606763342837,0.0,0.9811546736227335,1.0
2024_17_education_binary_higher,17,education_binary,higher,COPD,DIABETES,ok,,0.576970381301915,200,200,1.0,0.32557589992458,0.823052082705599,0.0,0.9811546736227335,1.0
2024_17_education_binary_higher,17,education_binary,higher,COPD,KIDNEY_DISEASE,ok,,0.948479438528028,200,200,1.0,0.613465519559082,1.32671457791192,0.0,0.9811546736227335,1.0
2024_17_education_binary_higher,17,education_binary,higher,CURRENT_ASTHMA,ARTHRITIS,ok,,0.852056298587525,200,200,1.0,0.665628955242629,1.06176373326378,0.0,0.9811546736227335,1.0
2024_17_education_binary_higher,17,education_binary,higher,CURRENT_ASTHMA,COPD,ok,,1.74698507209398,200,200,1.0,1.46144878817398,1.98443464761043,0.0,0.9811546736227335,1.0
2024_17_education_binary_higher,17,education_binary,higher,CURRENT_ASTHMA,DEPRESSIVE_DISORDER,ok,,0.804535225182329,200,200,1.0,0.581246800617386,1.00638974119128,0.0,0.9811546736227335,1.0
2024_17_education_binary_higher,17,education_binary,higher,CURRENT_ASTHMA,DIABETES,ok,,0.506290571727289,200,200,1.0,0.255947391741917,0.745682715651254,0.0,0.9811546736227335,1.0
2024_17_education_binary_higher,17,education_binary,higher,CURRENT_ASTHMA,KIDNEY_DISEASE,ok,,0.996952048298197,200,200,1.0,0.565187294041928,1.26201751033129,0.0,0.9811546736227335,1.0
2024_17_education_binary_higher,17,education_binary,higher,CURRENT_ASTHMA,OTHER_CANCER,ok,,0.431263839881358,200,200,1.0,0.162004099242,0.694907841776435,0.0,0.9811546736227335,1.0
2024_17_education_binary_higher,17,education_binary,higher,DEPRESSIVE_DISORDER,ARTHRITIS,ok,,1.1076601841862,200,200,1.0,0.954068434710882,1.27616911883171,0.0,0.9811546736227335,1.0
2024_17_education_binary_higher,17,education_binary,higher,DEPRESSIVE_DISORDER,DIABETES,ok,,0.580534346564236,200,200,1.0,0.397398277941905,0.8036533584331,0.0,0.9811546736227335,1.0
2024_17_education_binary_higher,17,education_binary,higher,DEPRESSIVE_DISORDER,KIDNEY_DISEASE,ok,,1.11102865849179,200,200,1.0,0.827019409393651,1.38374566552602,0.0,0.9811546736227335,1.0
2024_17_education_binary_higher,17,education_binary,higher,ISCHEMIC_HEART_DISEASE,ARTHRITIS,ok,,0.907418786336432,200,200,1.0,0.720795474180252,1.1542456036129,0.0,0.9811546736227335,1.0
2024_17_education_binary_higher,17,education_binary,higher,ISCHEMIC_HEART_DISEASE,COPD,ok,,1.4232964155666,200,200,1.0,1.13330004417175,1.68646204280955,0.0,0.9811546736227335,1.0
2024_17_education_binary_higher,17,education_binary,higher,ISCHEMIC_HEART_DISEASE,CURRENT_ASTHMA,ok,,0.460356835099007,200,200,1.0,0.167055503396891,0.688017866701128,0.0,0.9811546736227335,1.0
2024_17_education_binary_higher,17,education_binary,higher,ISCHEMIC_HEART_DISEASE,DEPRESSIVE_DISORDER,ok,,0.59920806063572,200,200,1.0,0.357899361424409,0.83799312401865,0.0,0.9811546736227335,1.0
2024_17_education_binary_higher,17,education_binary,higher,ISCHEMIC_HEART_DISEASE,DIABETES,ok,,1.02559070425775,200,200,1.0,0.754903122415297,1.23395872109217,0.0,0.9811546736227335,1.0
2024_17_education_binary_higher,17,education_binary,higher,ISCHEMIC_HEART_DISEASE,KIDNEY_DISEASE,ok,,1.02531863033193,200,200,1.0,0.606611910250785,1.31736351958757,0.0,0.9811546736227335,1.0
2024_17_education_binary_higher,17,education_binary,higher,ISCHEMIC_HEART_DISEASE,OTHER_CANCER,ok,,0.669166115332393,200,200,1.0,0.442507160923124,0.915801396511892,0.0,0.9811546736227335,1.0
2024_17_education_binary_higher,17,education_binary,higher,ISCHEMIC_HEART_DISEASE,SKIN_CANCER,ok,,0.391067282586294,200,200,0.98,0.037019761176436,0.684945098630322,0.009899494936611668,0.9497129130941735,0.9921955735836505
2024_17_education_binary_higher,17,education_binary,higher,ISCHEMIC_HEART_DISEASE,STROKE,ok,,1.81616359507742,200,200,1.0,1.43383575643282,2.16313289729968,0.0,0.9811546736227335,1.0
2024_17_education_binary_higher,17,education_binary,higher,KIDNEY_DISEASE,ARTHRITIS,ok,,1.2436856929771,200,200,1.0,0.974688057207135,1.54223241111886,0.0,0.9811546736227335,1.0
2024_17_education_binary_higher,17,education_binary,higher,KIDNEY_DISEASE,DIABETES,ok,,1.30045329342338,200,200,1.0,1.03272725580258,1.50694464724323,0.0,0.9811546736227335,1.0
2024_17_education_binary_higher,17,education_binary,higher,OTHER_CANCER,ARTHRITIS,ok,,0.581859024630609,200,200,1.0,0.397629929308734,0.783914156125853,0.0,0.9811546736227335,1.0
2024_17_education_binary_higher,17,education_binary,higher,OTHER_CANCER,COPD,ok,,0.395113716468477,200,200,0.985,0.127220531710225,0.660503958324837,0.008595056718835545,0.9568342712073097,0.9948857622067417
2024_17_education_binary_higher,17,education_binary,higher,OTHER_CANCER,DEPRESSIVE_DISORDER,ok,,0.474602617678594,200,200,1.0,0.262865433733857,0.669398963564351,0.0,0.9811546736227335,1.0
2024_17_education_binary_higher,17,education_binary,higher,OTHER_CANCER,KIDNEY_DISEASE,ok,,0.896989828773243,200,200,1.0,0.553489321762443,1.14536357613592,0.0,0.9811546736227335,1.0
2024_17_education_binary_higher,17,education_binary,higher,SKIN_CANCER,ARTHRITIS,ok,,0.464971575353983,200,200,1.0,0.234092697652628,0.725669718253524,0.0,0.9811546736227335,1.0
2024_17_education_binary_higher,17,education_binary,higher,SKIN_CANCER,KIDNEY_DISEASE,ok,,0.622531181045165,200,200,1.0,0.243089590764603,0.968539049510235,0.0,0.9811546736227335,1.0
2024_17_education_binary_higher,17,education_binary,higher,SKIN_CANCER,OTHER_CANCER,ok,,1.59800928068026,200,200,1.0,1.36930162529368,1.85425507813448,0.0,0.9811546736227335,1.0
2024_17_education_binary_higher,17,education_binary,higher,STROKE,ARTHRITIS,ok,,0.866236422962271,200,200,1.0,0.472012611681407,1.17356633373305,0.0,0.9811546736227335,1.0
2024_17_education_binary_higher,17,education_binary,higher,STROKE,COPD,ok,,0.855071077221192,200,200,1.0,0.404331666950074,1.25672176614245,0.0,0.9811546736227335,1.0
2024_17_education_binary_higher,17,education_binary,higher,STROKE,CURRENT_ASTHMA,ok,,0.78039926938731,200,200,1.0,0.36601663275644,1.16394407914461,0.0,0.9811546736227335,1.0
2024_17_education_binary_higher,17,education_binary,higher,STROKE,DEPRESSIVE_DISORDER,ok,,0.759790321102973,200,200,1.0,0.507470726937176,1.09104711252653,0.0,0.9811546736227335,1.0
2024_17_education_binary_higher,17,education_binary,higher,STROKE,DIABETES,ok,,0.68701532237787,200,200,1.0,0.377350319581298,1.04140665205543,0.0,0.9811546736227335,1.0
2024_17_education_binary_higher,17,education_binary,higher,STROKE,KIDNEY_DISEASE,ok,,0.994869443785943,200,200,1.0,0.584339765116285,1.39613998711502,0.0,0.9811546736227335,1.0
2024_17_education_binary_higher,17,education_binary,higher,STROKE,OTHER_CANCER,ok,,0.499107032597321,200,200,0.995,0.13561120322183,0.842844418076735,0.004987484335815003,0.9722262956021069,0.9991168312843989
2024_17_education_binary_lower,17,education_binary,lower,ARTHRITIS,DIABETES,ok,,0.423057495469326,200,200,1.0,0.206182903054955,0.670884052420759,0.0,0.9811546736227335,1.0
2024_17_education_binary_lower,17,education_binary,lower,COPD,ARTHRITIS,ok,,1.3003981661207,200,200,1.0,0.992226207222295,1.60723852616062,0.0,0.9811546736227335,1.0
2024_17_education_binary_lower,17,education_binary,lower,COPD,DEPRESSIVE_DISORDER,ok,,1.39734513305545,200,200,1.0,1.09267689485388,1.74295260818404,0.0,0.9811546736227335,1.0
2024_17_education_binary_lower,17,education_binary,lower,COPD,DIABETES,ok,,0.452022948724847,200,200,0.995,0.167899380761813,0.770455150543312,0.004987484335815003,0.9722262956021069,0.9991168312843989
2024_17_education_binary_lower,17,education_binary,lower,COPD,KIDNEY_DISEASE,ok,,0.805621590849676,200,200,1.0,0.32937598600903,1.21915506135891,0.0,0.9811546736227335,1.0
2024_17_education_binary_lower,17,education_binary,lower,CURRENT_ASTHMA,ARTHRITIS,ok,,1.12516488297169,200,200,1.0,0.840266270401217,1.45676155434136,0.0,0.9811546736227335,1.0
2024_17_education_binary_lower,17,education_binary,lower,CURRENT_ASTHMA,COPD,ok,,2.26063038519977,200,200,1.0,1.95398193973341,2.60341403496841,0.0,0.9811546736227335,1.0
2024_17_education_binary_lower,17,education_binary,lower,CURRENT_ASTHMA,DEPRESSIVE_DISORDER,ok,,1.19454466632413,200,200,1.0,0.92739014026727,1.44388240046289,0.0,0.9811546736227335,1.0
2024_17_education_binary_lower,17,education_binary,lower,CURRENT_ASTHMA,DIABETES,ok,,0.432705234782861,200,200,1.0,0.0938465313992271,0.757359894241553,0.0,0.9811546736227335,1.0
2024_17_education_binary_lower,17,education_binary,lower,CURRENT_ASTHMA,KIDNEY_DISEASE,ok,,0.695830165516927,200,200,1.0,0.253363246665844,1.06565399661387,0.0,0.9811546736227335,1.0
2024_17_education_binary_lower,17,education_binary,lower,DEPRESSIVE_DISORDER,ARTHRITIS,ok,,0.994509036321043,200,200,1.0,0.768355380466959,1.28215496548443,0.0,0.9811546736227335,1.0
2024_17_education_binary_lower,17,education_binary,lower,DEPRESSIVE_DISORDER,DIABETES,ok,,0.753219386669043,200,200,1.0,0.522381613165103,1.00782439504057,0.0,0.9811546736227335,1.0
2024_17_education_binary_lower,17,education_binary,lower,DEPRESSIVE_DISORDER,KIDNEY_DISEASE,ok,,0.895073887261231,200,200,1.0,0.502520505077153,1.30704003451647,0.0,0.9811546736227335,1.0
2024_17_education_binary_lower,17,education_binary,lower,ISCHEMIC_HEART_DISEASE,ARTHRITIS,ok,,0.526036876268683,200,200,1.0,0.148470983849511,0.853682267343022,0.0,0.9811546736227335,1.0
2024_17_education_binary_lower,17,education_binary,lower,ISCHEMIC_HEART_DISEASE,COPD,ok,,1.18486041218168,200,200,1.0,0.796567532696146,1.59520130673506,0.0,0.9811546736227335,1.0
2024_17_education_binary_lower,17,education_binary,lower,ISCHEMIC_HEART_DISEASE,CURRENT_ASTHMA,ok,,0.948279480207968,200,200,1.0,0.563601292288309,1.30910401530536,0.0,0.9811546736227335,1.0
2024_17_education_binary_lower,17,education_binary,lower,ISCHEMIC_HEART_DISEASE,DEPRESSIVE_DISORDER,ok,,0.897115876059998,200,200,1.0,0.493693555554673,1.26361606855157,0.0,0.9811546736227335,1.0
2024_17_education_binary_lower,17,education_binary,lower,ISCHEMIC_HEART_DISEASE,DIABETES,ok,,0.561919476110621,200,200,0.995,0.255176841682582,0.908565370672886,0.004987484335815003,0.9722262956021069,0.9991168312843989
2024_17_education_binary_lower,17,education_binary,lower,ISCHEMIC_HEART_DISEASE,KIDNEY_DISEASE,ok,,1.03842090823318,200,200,1.0,0.606686511948894,1.47833599827619,0.0,0.9811546736227335,1.0
2024_17_education_binary_lower,17,education_binary,lower,ISCHEMIC_HEART_DISEASE,OTHER_CANCER,ok,,0.744203294637208,200,200,1.0,0.333729600928889,1.18462445315997,0.0,0.9811546736227335,1.0
2024_17_education_binary_lower,17,education_binary,lower,ISCHEMIC_HEART_DISEASE,SKIN_CANCER,ok,,0.633818986813629,200,200,0.99,0.141710701535473,1.1171187573916,0.007035623639735147,0.9642782382838231,0.9972533418664555
2024_17_education_binary_lower,17,education_binary,lower,ISCHEMIC_HEART_DISEASE,STROKE,ok,,2.26430735796806,200,200,1.0,1.82220683235957,2.77987060802527,0.0,0.9811546736227335,1.0
2024_17_education_binary_lower,17,education_binary,lower,KIDNEY_DISEASE,ARTHRITIS,ok,,0.536270017651005,200,200,1.0,0.184534000002168,0.970927100714252,0.0,0.9811546736227335,1.0
2024_17_education_binary_lower,17,education_binary,lower,KIDNEY_DISEASE,DIABETES,ok,,1.27117582118776,200,200,1.0,0.885890416466554,1.61810525221071,0.0,0.9811546736227335,1.0
2024_17_education_binary_lower,17,education_binary,lower,OTHER_CANCER,ARTHRITIS,ok,,0.550093016906755,200,200,1.0,0.184803869602606,0.917184776854739,0.0,0.9811546736227335,1.0
2024_17_education_binary_lower,17,education_binary,lower,OTHER_CANCER,DEPRESSIVE_DISORDER,ok,,0.618570136250557,200,200,0.995,0.23692134398707,0.991720513439766,0.004987484335815003,0.9722262956021069,0.9991168312843989
2024_17_education_binary_lower,17,education_binary,lower,OTHER_CANCER,KIDNEY_DISEASE,ok,,0.841382801672822,200,200,1.0,0.336085262537254,1.33336164918337,0.0,0.9811546736227335,1.0
2024_17_education_binary_lower,17,education_binary,lower,SKIN_CANCER,ARTHRITIS,ok,,0.694304024305297,200,200,1.0,0.301546317032971,1.31015664098756,0.0,0.9811546736227335,1.0
2024_17_education_binary_lower,17,education_binary,lower,SKIN_CANCER,COPD,ok,,0.733022243831158,200,200,1.0,0.119687664172911,1.34387479324658,0.0,0.9811546736227335,1.0
2024_17_education_binary_lower,17,education_binary,lower,SKIN_CANCER,DEPRESSIVE_DISORDER,ok,,0.855640692663761,200,200,1.0,0.334859206822157,1.30350361295141,0.0,0.9811546736227335,1.0
2024_17_education_binary_lower,17,education_binary,lower,SKIN_CANCER,OTHER_CANCER,ok,,1.69401245716724,200,200,1.0,1.22659680807889,2.18644513720966,0.0,0.9811546736227335,1.0
2024_17_education_binary_lower,17,education_binary,lower,STROKE,COPD,ok,,1.03169457678057,200,200,1.0,0.58424568752269,1.63454133023885,0.0,0.9811546736227335,1.0
2024_17_education_binary_lower,17,education_binary,lower,STROKE,CURRENT_ASTHMA,ok,,0.752099751334567,200,200,0.995,0.160480352193065,1.30222288575079,0.004987484335815003,0.9722262956021069,0.9991168312843989
2024_17_education_binary_lower,17,education_binary,lower,STROKE,DEPRESSIVE_DISORDER,ok,,0.863627964883481,200,200,1.0,0.406389138730596,1.34019698770916,0.0,0.9811546736227335,1.0
2024_17_education_binary_lower,17,education_binary,lower,STROKE,DIABETES,ok,,0.679516140234232,200,200,1.0,0.239635894495282,1.09388346937794,0.0,0.9811546736227335,1.0
2024_17_education_binary_lower,17,education_binary,lower,STROKE,KIDNEY_DISEASE,ok,,1.13716997745715,200,200,1.0,0.629425394596347,1.72740563681004,0.0,0.9811546736227335,1.0
2024_18_education_binary_higher,18,education_binary,higher,ARTHRITIS,DIABETES,ok,,0.607969801897872,200,200,1.0,0.452146087412727,0.752919265303135,0.0,0.9811546736227335,1.0
2024_18_education_binary_higher,18,education_binary,higher,COPD,ARTHRITIS,ok,,1.19636234546388,200,200,1.0,0.977758967269239,1.41591888278668,0.0,0.9811546736227335,1.0
2024_18_education_binary_higher,18,education_binary,higher,COPD,DEPRESSIVE_DISORDER,ok,,1.09452115028374,200,200,1.0,0.893442305080862,1.31324933859559,0.0,0.9811546736227335,1.0
2024_18_education_binary_higher,18,education_binary,higher,COPD,DIABETES,ok,,0.838102363760405,200,200,1.0,0.576861958509819,1.06387841961127,0.0,0.9811546736227335,1.0
2024_18_education_binary_higher,18,education_binary,higher,COPD,KIDNEY_DISEASE,ok,,1.05539941191509,200,200,1.0,0.689930683868591,1.32922101699072,0.0,0.9811546736227335,1.0
2024_18_education_binary_higher,18,education_binary,higher,CURRENT_ASTHMA,ARTHRITIS,ok,,0.943739223918088,200,200,1.0,0.761243506352604,1.14823139274268,0.0,0.9811546736227335,1.0
2024_18_education_binary_higher,18,education_binary,higher,CURRENT_ASTHMA,COPD,ok,,1.72723465621516,200,200,1.0,1.45227235445717,1.93120457665475,0.0,0.9811546736227335,1.0
2024_18_education_binary_higher,18,education_binary,higher,CURRENT_ASTHMA,DEPRESSIVE_DISORDER,ok,,0.836847201003589,200,200,1.0,0.667280922967299,1.02055027339408,0.0,0.9811546736227335,1.0
2024_18_education_binary_higher,18,education_binary,higher,CURRENT_ASTHMA,DIABETES,ok,,0.566186872854032,200,200,1.0,0.368254201366917,0.777328066596563,0.0,0.9811546736227335,1.0
2024_18_education_binary_higher,18,education_binary,higher,CURRENT_ASTHMA,KIDNEY_DISEASE,ok,,0.540684567923058,200,200,1.0,0.215427107829272,0.839667272309593,0.0,0.9811546736227335,1.0
2024_18_education_binary_higher,18,education_binary,higher,CURRENT_ASTHMA,OTHER_CANCER,ok,,0.396361174746946,200,200,0.995,0.148141470626189,0.678954047645263,0.004987484335815003,0.9722262956021069,0.9991168312843989
2024_18_education_binary_higher,18,education_binary,higher,CURRENT_ASTHMA,SKIN_CANCER,ok,,0.384034265755797,200,200,0.99,0.0258014367274254,0.68549959970518,0.007035623639735147,0.9642782382838231,0.9972533418664555
2024_18_education_binary_higher,18,education_binary,higher,DEPRESSIVE_DISORDER,ARTHRITIS,ok,,1.01754644014262,200,200,1.0,0.856719972436889,1.16727240421712,0.0,0.9811546736227335,1.0
2024_18_education_binary_higher,18,education_binary,higher,DEPRESSIVE_DISORDER,DIABETES,ok,,0.550910581615549,200,200,1.0,0.39506094008325,0.722704631111462,0.0,0.9811546736227335,1.0
2024_18_education_binary_higher,18,education_binary,higher,DEPRESSIVE_DISORDER,KIDNEY_DISEASE,ok,,0.718471516242301,200,200,1.0,0.426490757711585,0.949796809802766,0.0,0.9811546736227335,1.0
2024_18_education_binary_higher,18,education_binary,higher,ISCHEMIC_HEART_DISEASE,ARTHRITIS,ok,,0.941351388480599,200,200,1.0,0.725389717581796,1.13855294735782,0.0,0.9811546736227335,1.0
2024_18_education_binary_higher,18,education_binary,higher,ISCHEMIC_HEART_DISEASE,COPD,ok,,1.47898620934984,200,200,1.0,1.23394413986163,1.71840093829989,0.0,0.9811546736227335,1.0
2024_18_education_binary_higher,18,education_binary,higher,ISCHEMIC_HEART_DISEASE,CURRENT_ASTHMA,ok,,0.681510113759714,200,200,1.0,0.416527074242667,0.916870065468502,0.0,0.9811546736227335,1.0
2024_18_education_binary_higher,18,education_binary,higher,ISCHEMIC_HEART_DISEASE,DEPRESSIVE_DISORDER,ok,,0.894730126679756,200,200,1.0,0.654722719570064,1.0795850977863,0.0,0.9811546736227335,1.0
2024_18_education_binary_higher,18,education_binary,higher,ISCHEMIC_HEART_DISEASE,DIABETES,ok,,0.979383748474836,200,200,1.0,0.739441031010219,1.17755774311733,0.0,0.9811546736227335,1.0
2024_18_education_binary_higher,18,education_binary,higher,ISCHEMIC_HEART_DISEASE,KIDNEY_DISEASE,ok,,1.26306004043431,200,200,1.0,0.964143215969295,1.50214970810113,0.0,0.9811546736227335,1.0
2024_18_education_binary_higher,18,education_binary,higher,ISCHEMIC_HEART_DISEASE,OTHER_CANCER,ok,,0.552128548243219,200,200,1.0,0.306276640139964,0.763111535737307,0.0,0.9811546736227335,1.0
2024_18_education_binary_higher,18,education_binary,higher,ISCHEMIC_HEART_DISEASE,STROKE,ok,,1.35327485042856,200,200,1.0,0.989858375588856,1.65642910887989,0.0,0.9811546736227335,1.0
2024_18_education_binary_higher,18,education_binary,higher,KIDNEY_DISEASE,ARTHRITIS,ok,,1.09869937783755,200,200,1.0,0.814288049621634,1.35986720470521,0.0,0.9811546736227335,1.0
2024_18_education_binary_higher,18,education_binary,higher,KIDNEY_DISEASE,DIABETES,ok,,1.42715052044308,200,200,1.0,1.18789796111273,1.65082538982321,0.0,0.9811546736227335,1.0
2024_18_education_binary_higher,18,education_binary,higher,OTHER_CANCER,ARTHRITIS,ok,,0.305164499262273,200,200,1.0,0.13236106229714,0.483292378191277,0.0,0.9811546736227335,1.0
2024_18_education_binary_higher,18,education_binary,higher,OTHER_CANCER,COPD,ok,,0.512382890667761,200,200,0.995,0.181593839749507,0.792081518363757,0.004987484335815003,0.9722262956021069,0.9991168312843989
2024_18_education_binary_higher,18,education_binary,higher,OTHER_CANCER,DEPRESSIVE_DISORDER,ok,,0.283127910717752,200,200,0.985,0.0592641832543874,0.467227223120527,0.008595056718835545,0.9568342712073097,0.9948857622067417
2024_18_education_binary_higher,18,education_binary,higher,OTHER_CANCER,DIABETES,ok,,0.340714380648739,200,200,1.0,0.132990893537659,0.521452710762511,0.0,0.9811546736227335,1.0
2024_18_education_binary_higher,18,education_binary,higher,OTHER_CANCER,KIDNEY_DISEASE,ok,,0.611876118465405,200,200,1.0,0.34163658313496,0.895575225446694,0.0,0.9811546736227335,1.0
2024_18_education_binary_higher,18,education_binary,higher,SKIN_CANCER,OTHER_CANCER,ok,,1.18658625443098,200,200,1.0,0.97706939817062,1.43100372374356,0.0,0.9811546736227335,1.0
2024_18_education_binary_higher,18,education_binary,higher,STROKE,ARTHRITIS,ok,,0.386173138543802,200,200,0.995,0.0893452059423238,0.658969107269559,0.004987484335815003,0.9722262956021069,0.9991168312843989
2024_18_education_binary_higher,18,education_binary,higher,STROKE,COPD,ok,,0.909840636783684,200,200,1.0,0.531893754406197,1.25262914388181,0.0,0.9811546736227335,1.0
2024_18_education_binary_higher,18,education_binary,higher,STROKE,DEPRESSIVE_DISORDER,ok,,0.942541316680636,200,200,1.0,0.626489211695859,1.23630977325753,0.0,0.9811546736227335,1.0
2024_18_education_binary_higher,18,education_binary,higher,STROKE,DIABETES,ok,,0.778865953911991,200,200,1.0,0.440562564211032,1.1310219737034,0.0,0.9811546736227335,1.0
2024_18_education_binary_higher,18,education_binary,higher,STROKE,KIDNEY_DISEASE,ok,,0.576043424488478,200,200,1.0,0.174209079077173,0.963754451339255,0.0,0.9811546736227335,1.0
2024_18_education_binary_lower,18,education_binary,lower,ARTHRITIS,DIABETES,ok,,0.707839485146899,200,200,1.0,0.476128741847764,0.939910208863193,0.0,0.9811546736227335,1.0
2024_18_education_binary_lower,18,education_binary,lower,COPD,ARTHRITIS,ok,,1.05624694760119,200,200,1.0,0.7770117936728,1.33922828866249,0.0,0.9811546736227335,1.0
2024_18_education_binary_lower,18,education_binary,lower,COPD,DEPRESSIVE_DISORDER,ok,,1.24993733332743,200,200,1.0,0.956046316656239,1.53721814901281,0.0,0.9811546736227335,1.0
2024_18_education_binary_lower,18,education_binary,lower,COPD,DIABETES,ok,,0.267743922851488,200,200,0.985,0.0420196727049323,0.515768139609804,0.008595056718835545,0.9568342712073097,0.9948857622067417
2024_18_education_binary_lower,18,education_binary,lower,COPD,KIDNEY_DISEASE,ok,,0.593810294537144,200,200,1.0,0.303474834340566,0.909433940608517,0.0,0.9811546736227335,1.0
2024_18_education_binary_lower,18,education_binary,lower,CURRENT_ASTHMA,ARTHRITIS,ok,,1.31357602767428,200,200,1.0,1.0262503785934,1.61159992155464,0.0,0.9811546736227335,1.0
2024_18_education_binary_lower,18,education_binary,lower,CURRENT_ASTHMA,COPD,ok,,1.89383621542609,200,200,1.0,1.59408094222671,2.19497237621579,0.0,0.9811546736227335,1.0
2024_18_education_binary_lower,18,education_binary,lower,CURRENT_ASTHMA,DEPRESSIVE_DISORDER,ok,,1.04093595968936,200,200,1.0,0.799443408089021,1.27015620910143,0.0,0.9811546736227335,1.0
2024_18_education_binary_lower,18,education_binary,lower,CURRENT_ASTHMA,DIABETES,ok,,0.954944689771815,200,200,1.0,0.66810981568647,1.22963117819308,0.0,0.9811546736227335,1.0
2024_18_education_binary_lower,18,education_binary,lower,CURRENT_ASTHMA,KIDNEY_DISEASE,ok,,0.452903125136716,200,200,0.99,0.0382000285956235,0.819070757034943,0.007035623639735147,0.9642782382838231,0.9972533418664555
2024_18_education_binary_lower,18,education_binary,lower,DEPRESSIVE_DISORDER,ARTHRITIS,ok,,1.34265913667465,200,200,1.0,1.17478076407463,1.56615056255086,0.0,0.9811546736227335,1.0
2024_18_education_binary_lower,18,education_binary,lower,DEPRESSIVE_DISORDER,DIABETES,ok,,0.789984318410732,200,200,1.0,0.635739850164101,1.03552242167124,0.0,0.9811546736227335,1.0
2024_18_education_binary_lower,18,education_binary,lower,DEPRESSIVE_DISORDER,KIDNEY_DISEASE,ok,,0.719932020160914,200,200,1.0,0.441441032044929,1.00365987540889,0.0,0.9811546736227335,1.0
2024_18_education_binary_lower,18,education_binary,lower,ISCHEMIC_HEART_DISEASE,ARTHRITIS,ok,,0.870512067222566,200,200,1.0,0.63258850210776,1.13303306149058,0.0,0.9811546736227335,1.0
2024_18_education_binary_lower,18,education_binary,lower,ISCHEMIC_HEART_DISEASE,COPD,ok,,1.19892647896724,200,200,1.0,0.981348322504762,1.51622256177117,0.0,0.9811546736227335,1.0
2024_18_education_binary_lower,18,education_binary,lower,ISCHEMIC_HEART_DISEASE,CURRENT_ASTHMA,ok,,0.942000887672401,200,200,1.0,0.628352273740932,1.29845444249298,0.0,0.9811546736227335,1.0
2024_18_education_binary_lower,18,education_binary,lower,ISCHEMIC_HEART_DISEASE,DEPRESSIVE_DISORDER,ok,,0.686326823302117,200,200,1.0,0.429651572658011,0.932434602140379,0.0,0.9811546736227335,1.0
2024_18_education_binary_lower,18,education_binary,lower,ISCHEMIC_HEART_DISEASE,DIABETES,ok,,0.987201004894439,200,200,1.0,0.758368569941031,1.1907101436671,0.0,0.9811546736227335,1.0
2024_18_education_binary_lower,18,education_binary,lower,ISCHEMIC_HEART_DISEASE,KIDNEY_DISEASE,ok,,1.27651941638732,200,200,1.0,0.958641981101031,1.6208040744592,0.0,0.9811546736227335,1.0
2024_18_education_binary_lower,18,education_binary,lower,ISCHEMIC_HEART_DISEASE,OTHER_CANCER,ok,,0.54383482801887,200,200,1.0,0.208277341138389,0.859930986700393,0.0,0.9811546736227335,1.0
2024_18_education_binary_lower,18,education_binary,lower,ISCHEMIC_HEART_DISEASE,SKIN_CANCER,ok,,0.463937812685555,200,200,1.0,0.133796586284122,0.880704329330389,0.0,0.9811546736227335,1.0
2024_18_education_binary_lower,18,education_binary,lower,ISCHEMIC_HEART_DISEASE,STROKE,ok,,1.64022241614892,200,200,1.0,1.28807641941813,1.96543613252976,0.0,0.9811546736227335,1.0
2024_18_education_binary_lower,18,education_binary,lower,KIDNEY_DISEASE,ARTHRITIS,ok,,0.859682754067416,200,200,1.0,0.577383555375485,1.19822252994953,0.0,0.9811546736227335,1.0
2024_18_education_binary_lower,18,education_binary,lower,KIDNEY_DISEASE,DIABETES,ok,,1.35177456043138,200,200,1.0,1.01859077164571,1.67433588163314,0.0,0.9811546736227335,1.0
2024_18_education_binary_lower,18,education_binary,lower,OTHER_CANCER,ARTHRITIS,ok,,0.551168914476218,200,200,1.0,0.300210109480229,0.799838076901576,0.0,0.9811546736227335,1.0
2024_18_education_binary_lower,18,education_binary,lower,OTHER_CANCER,COPD,ok,,0.519497718481241,200,200,1.0,0.282232289177672,0.773451138367254,0.0,0.9811546736227335,1.0
2024_18_education_binary_lower,18,education_binary,lower,OTHER_CANCER,DIABETES,ok,,0.362326489490279,200,200,1.0,0.0679942854528075,0.610091821833092,0.0,0.9811546736227335,1.0
2024_18_education_binary_lower,18,education_binary,lower,OTHER_CANCER,KIDNEY_DISEASE,ok,,0.639738980330815,200,200,1.0,0.198008125786699,1.02394983800353,0.0,0.9811546736227335,1.0
2024_18_education_binary_lower,18,education_binary,lower,SKIN_CANCER,ARTHRITIS,ok,,0.33776732669808,200,200,0.99,0.0701383286868027,0.613284754990217,0.007035623639735147,0.9642782382838231,0.9972533418664555
2024_18_education_binary_lower,18,education_binary,lower,SKIN_CANCER,DEPRESSIVE_DISORDER,ok,,0.368083023299556,200,200,0.965,-0.0299203422299995,0.72752670156956,0.012995191418367032,0.9295293884777092,0.9829444579914328
2024_18_education_binary_lower,18,education_binary,lower,SKIN_CANCER,OTHER_CANCER,ok,,1.68359213145721,200,200,1.0,1.39985727118296,2.01092045006292,0.0,0.9811546736227335,1.0
2024_18_education_binary_lower,18,education_binary,lower,STROKE,ARTHRITIS,ok,,0.657366756553391,200,200,1.0,0.328536822551497,0.962469619346969,0.0,0.9811546736227335,1.0
2024_18_education_binary_lower,18,education_binary,lower,STROKE,COPD,ok,,0.787270140295904,200,200,1.0,0.459058300141502,1.10229477453053,0.0,0.9811546736227335,1.0
2024_18_education_binary_lower,18,education_binary,lower,STROKE,CURRENT_ASTHMA,ok,,0.868640805291986,200,200,1.0,0.418384187723671,1.24194194462733,0.0,0.9811546736227335,1.0
2024_18_education_binary_lower,18,education_binary,lower,STROKE,DEPRESSIVE_DISORDER,ok,,0.536278571933592,200,200,1.0,0.179823080058164,0.909544669126117,0.0,0.9811546736227335,1.0
2024_18_education_binary_lower,18,education_binary,lower,STROKE,DIABETES,ok,,0.566254622115,200,200,1.0,0.268278641364791,0.839112921931517,0.0,0.9811546736227335,1.0
2024_18_education_binary_lower,18,education_binary,lower,STROKE,KIDNEY_DISEASE,ok,,0.599557073360485,200,200,0.99,0.148991379753643,0.959664822729385,0.007035623639735147,0.9642782382838231,0.9972533418664555
2024_18_education_binary_lower,18,education_binary,lower,STROKE,OTHER_CANCER,ok,,0.678193189788535,200,200,1.0,0.409290352290258,0.995104960442959,0.0,0.9811546736227335,1.0
2024_19_education_binary_higher,19,education_binary,higher,ARTHRITIS,DIABETES,ok,,0.733102536718047,200,200,1.0,0.526410041988654,0.929884640698043,0.0,0.9811546736227335,1.0
2024_19_education_binary_higher,19,education_binary,higher,COPD,ARTHRITIS,ok,,1.20201419684941,200,200,1.0,0.855905264901433,1.53577655243021,0.0,0.9811546736227335,1.0
2024_19_education_binary_higher,19,education_binary,higher,COPD,DEPRESSIVE_DISORDER,ok,,1.28656529843217,200,200,1.0,0.95800834725959,1.63892036955879,0.0,0.9811546736227335,1.0
2024_19_education_binary_higher,19,education_binary,higher,COPD,DIABETES,ok,,0.717776418868426,200,200,1.0,0.366864577989332,1.080105515333,0.0,0.9811546736227335,1.0
2024_19_education_binary_higher,19,education_binary,higher,COPD,KIDNEY_DISEASE,ok,,0.756030552840685,200,200,0.99,0.247254897279937,1.18179759413514,0.007035623639735147,0.9642782382838231,0.9972533418664555
2024_19_education_binary_higher,19,education_binary,higher,CURRENT_ASTHMA,ARTHRITIS,ok,,0.67448294728025,200,200,1.0,0.41786293411805,0.94194803011113,0.0,0.9811546736227335,1.0
2024_19_education_binary_higher,19,education_binary,higher,CURRENT_ASTHMA,COPD,ok,,2.18576310784411,200,200,1.0,1.85967372347316,2.54755222172216,0.0,0.9811546736227335,1.0
2024_19_education_binary_higher,19,education_binary,higher,CURRENT_ASTHMA,DEPRESSIVE_DISORDER,ok,,0.838015956599869,200,200,1.0,0.597094624152933,1.1109154465412,0.0,0.9811546736227335,1.0
2024_19_education_binary_higher,19,education_binary,higher,CURRENT_ASTHMA,DIABETES,ok,,0.472033931352974,200,200,1.0,0.18363913288916,0.787187990466952,0.0,0.9811546736227335,1.0
2024_19_education_binary_higher,19,education_binary,higher,CURRENT_ASTHMA,KIDNEY_DISEASE,ok,,0.818644922975967,200,200,1.0,0.372434807902462,1.20725232259836,0.0,0.9811546736227335,1.0
2024_19_education_binary_higher,19,education_binary,higher,DEPRESSIVE_DISORDER,ARTHRITIS,ok,,0.844524321355123,200,200,1.0,0.630918073273797,1.04103889349335,0.0,0.9811546736227335,1.0
2024_19_education_binary_higher,19,education_binary,higher,DEPRESSIVE_DISORDER,DIABETES,ok,,0.748097127767179,200,200,1.0,0.488214147092569,0.99348308983563,0.0,0.9811546736227335,1.0
2024_19_education_binary_higher,19,education_binary,higher,DEPRESSIVE_DISORDER,KIDNEY_DISEASE,ok,,1.03218571096687,200,200,1.0,0.673670479672096,1.34832199465093,0.0,0.9811546736227335,1.0
2024_19_education_binary_higher,19,education_binary,higher,ISCHEMIC_HEART_DISEASE,ARTHRITIS,ok,,0.839609322429494,200,200,1.0,0.56884672723408,1.08890763587104,0.0,0.9811546736227335,1.0
2024_19_education_binary_higher,19,education_binary,higher,ISCHEMIC_HEART_DISEASE,COPD,ok,,1.23460595248721,200,200,1.0,0.8681199653939,1.53251835250367,0.0,0.9811546736227335,1.0
2024_19_education_binary_higher,19,education_binary,higher,ISCHEMIC_HEART_DISEASE,CURRENT_ASTHMA,ok,,0.829682474349779,200,200,1.0,0.455937878611893,1.19289269083588,0.0,0.9811546736227335,1.0
2024_19_education_binary_higher,19,education_binary,higher,ISCHEMIC_HEART_DISEASE,DEPRESSIVE_DISORDER,ok,,0.745697904259907,200,200,1.0,0.407705129455044,1.10220306213319,0.0,0.9811546736227335,1.0
2024_19_education_binary_higher,19,education_binary,higher,ISCHEMIC_HEART_DISEASE,DIABETES,ok,,1.14817238280381,200,200,1.0,0.907214099607038,1.47430926771567,0.0,0.9811546736227335,1.0
2024_19_education_binary_higher,19,education_binary,higher,ISCHEMIC_HEART_DISEASE,KIDNEY_DISEASE,ok,,1.16155625605082,200,200,1.0,0.676329837934159,1.55926592140212,0.0,0.9811546736227335,1.0
2024_19_education_binary_higher,19,education_binary,higher,ISCHEMIC_HEART_DISEASE,SKIN_CANCER,ok,,0.519320267700284,200,200,1.0,0.186421395016555,0.850109297782212,0.0,0.9811546736227335,1.0
2024_19_education_binary_higher,19,education_binary,higher,ISCHEMIC_HEART_DISEASE,STROKE,ok,,1.86497681297189,200,200,1.0,1.45168563429545,2.28516314308369,0.0,0.9811546736227335,1.0
2024_19_education_binary_higher,19,education_binary,higher,KIDNEY_DISEASE,ARTHRITIS,ok,,0.748350276078446,200,200,1.0,0.410723182727423,1.07878237669688,0.0,0.9811546736227335,1.0
2024_19_education_binary_higher,19,education_binary,higher,KIDNEY_DISEASE,DIABETES,ok,,1.39552843378621,200,200,1.0,1.02093841344887,1.75204771936139,0.0,0.9811546736227335,1.0
2024_19_education_binary_higher,19,education_binary,higher,OTHER_CANCER,ARTHRITIS,ok,,0.271718862060985,200,200,0.985,0.0327522425425206,0.518044135180882,0.008595056718835545,0.9568342712073097,0.9948857622067417
2024_19_education_binary_higher,19,education_binary,higher,OTHER_CANCER,KIDNEY_DISEASE,ok,,0.593704978623116,200,200,0.995,0.241491312280751,0.952382602735469,0.004987484335815003,0.9722262956021069,0.9991168312843989
2024_19_education_binary_higher,19,education_binary,higher,SKIN_CANCER,OTHER_CANCER,ok,,1.20628769888932,200,200,1.0,0.93188976411621,1.50637525883484,0.0,0.9811546736227335,1.0
2024_19_education_binary_higher,19,education_binary,higher,STROKE,ARTHRITIS,ok,,0.537240325228825,200,200,1.0,0.197651718851661,0.969381311603752,0.0,0.9811546736227335,1.0
2024_19_education_binary_higher,19,education_binary,higher,STROKE,COPD,ok,,0.824871731404176,200,200,1.0,0.352356460850903,1.16409619892564,0.0,0.9811546736227335,1.0
2024_19_education_binary_higher,19,education_binary,higher,STROKE,CURRENT_ASTHMA,ok,,1.01216701963019,200,200,1.0,0.509809554610098,1.39909894305115,0.0,0.9811546736227335,1.0
2024_19_education_binary_higher,19,education_binary,higher,STROKE,DEPRESSIVE_DISORDER,ok,,0.594328977212993,200,200,0.985,0.108978281955846,0.996692073432039,0.008595056718835545,0.9568342712073097,0.9948857622067417
2024_19_education_binary_higher,19,education_binary,higher,STROKE,DIABETES,ok,,0.490434392928606,200,200,0.98,0.0108872267715213,0.839184988663966,0.009899494936611668,0.9497129130941735,0.9921955735836505
2024_19_education_binary_higher,19,education_binary,higher,STROKE,KIDNEY_DISEASE,ok,,0.929087931253373,200,200,1.0,0.437169110814042,1.37114243407986,0.0,0.9811546736227335,1.0
2024_19_education_binary_lower,19,education_binary,lower,ARTHRITIS,DIABETES,ok,,0.481940527085621,200,200,1.0,0.207229204228427,0.758395015646523,0.0,0.9811546736227335,1.0
2024_19_education_binary_lower,19,education_binary,lower,COPD,ARTHRITIS,ok,,1.28931677797158,200,200,1.0,0.946663242155231,1.64033549615453,0.0,0.9811546736227335,1.0
2024_19_education_binary_lower,19,education_binary,lower,COPD,DEPRESSIVE_DISORDER,ok,,1.66408945150428,200,200,1.0,1.3255994133659,2.04293505596319,0.0,0.9811546736227335,1.0
2024_19_education_binary_lower,19,education_binary,lower,COPD,KIDNEY_DISEASE,ok,,1.22718631803902,200,200,1.0,0.673190750346242,1.69586317802481,0.0,0.9811546736227335,1.0
2024_19_education_binary_lower,19,education_binary,lower,CURRENT_ASTHMA,ARTHRITIS,ok,,0.99313221847118,200,200,1.0,0.648431882356309,1.31113036336297,0.0,0.9811546736227335,1.0
2024_19_education_binary_lower,19,education_binary,lower,CURRENT_ASTHMA,COPD,ok,,1.87255898680756,200,200,1.0,1.50354127825996,2.29054111255792,0.0,0.9811546736227335,1.0
2024_19_education_binary_lower,19,education_binary,lower,CURRENT_ASTHMA,DEPRESSIVE_DISORDER,ok,,1.30852942038564,200,200,1.0,1.03531329013159,1.61173303783168,0.0,0.9811546736227335,1.0
2024_19_education_binary_lower,19,education_binary,lower,CURRENT_ASTHMA,DIABETES,ok,,0.611193280139994,200,200,1.0,0.170021683507654,0.986567571725685,0.0,0.9811546736227335,1.0
2024_19_education_binary_lower,19,education_binary,lower,CURRENT_ASTHMA,KIDNEY_DISEASE,ok,,0.693331938082337,200,200,0.975,0.0131811510036032,1.23932483898626,0.011039701082909813,0.942821659593358,0.9892752803482386
2024_19_education_binary_lower,19,education_binary,lower,DEPRESSIVE_DISORDER,ARTHRITIS,ok,,1.25002970618476,200,200,1.0,0.973200210106049,1.55338341145376,0.0,0.9811546736227335,1.0
2024_19_education_binary_lower,19,education_binary,lower,DEPRESSIVE_DISORDER,DIABETES,ok,,0.485453020103295,200,200,0.995,0.15587935303603,0.801542565710789,0.004987484335815003,0.9722262956021069,0.9991168312843989
2024_19_education_binary_lower,19,education_binary,lower,DEPRESSIVE_DISORDER,KIDNEY_DISEASE,ok,,0.918243552755411,200,200,1.0,0.444565761594045,1.31401072267723,0.0,0.9811546736227335,1.0
2024_19_education_binary_lower,19,education_binary,lower,ISCHEMIC_HEART_DISEASE,ARTHRITIS,ok,,0.8021682043673,200,200,1.0,0.488462201657204,1.06442192023437,0.0,0.9811546736227335,1.0
2024_19_education_binary_lower,19,education_binary,lower,ISCHEMIC_HEART_DISEASE,COPD,ok,,1.2670644426313,200,200,1.0,0.905202186479182,1.64072035500021,0.0,0.9811546736227335,1.0
2024_19_education_binary_lower,19,education_binary,lower,ISCHEMIC_HEART_DISEASE,CURRENT_ASTHMA,ok,,0.570423057789216,200,200,1.0,0.0661520810081767,0.970728800621938,0.0,0.9811546736227335,1.0
2024_19_education_binary_lower,19,education_binary,lower,ISCHEMIC_HEART_DISEASE,DEPRESSIVE_DISORDER,ok,,0.4489656594552,200,200,0.985,0.0964678388091743,0.838968609796185,0.008595056718835545,0.9568342712073097,0.9948857622067417
2024_19_education_binary_lower,19,education_binary,lower,ISCHEMIC_HEART_DISEASE,DIABETES,ok,,0.633333536965413,200,200,1.0,0.332196483213176,0.945095923401848,0.0,0.9811546736227335,1.0
2024_19_education_binary_lower,19,education_binary,lower,ISCHEMIC_HEART_DISEASE,KIDNEY_DISEASE,ok,,1.4831893583871,200,200,1.0,0.960743675700765,1.89960124850124,0.0,0.9811546736227335,1.0
2024_19_education_binary_lower,19,education_binary,lower,ISCHEMIC_HEART_DISEASE,OTHER_CANCER,ok,,0.444479792064599,200,200,0.98,0.0126611623918097,0.808374356194466,0.009899494936611668,0.9497129130941735,0.9921955735836505
2024_19_education_binary_lower,19,education_binary,lower,ISCHEMIC_HEART_DISEASE,STROKE,ok,,1.39480034284916,200,200,1.0,0.953020831185944,1.86621405883896,0.0,0.9811546736227335,1.0
2024_19_education_binary_lower,19,education_binary,lower,KIDNEY_DISEASE,ARTHRITIS,ok,,0.771699743902579,200,200,1.0,0.327064639586248,1.23948784701261,0.0,0.9811546736227335,1.0
2024_19_education_binary_lower,19,education_binary,lower,KIDNEY_DISEASE,DIABETES,ok,,1.07757249926615,200,200,1.0,0.646435448771884,1.5532750699815,0.0,0.9811546736227335,1.0
2024_19_education_binary_lower,19,education_binary,lower,OTHER_CANCER,ARTHRITIS,ok,,0.37649561738307,200,200,0.995,0.0684769392924949,0.663967623902926,0.004987484335815003,0.9722262956021069,0.9991168312843989
2024_19_education_binary_lower,19,education_binary,lower,SKIN_CANCER,ARTHRITIS,ok,,0.405092383995781,200,200,0.995,0.104164517963048,0.765951858652551,0.004987484335815003,0.9722262956021069,0.9991168312843989
2024_19_education_binary_lower,19,education_binary,lower,SKIN_CANCER,OTHER_CANCER,ok,,1.62117904642787,200,200,1.0,1.27692995484807,2.01905255327814,0.0,0.9811546736227335,1.0
2024_19_education_binary_lower,19,education_binary,lower,STROKE,ARTHRITIS,ok,,0.575556624014206,200,200,0.995,0.140894870141548,1.0536386129149,0.004987484335815003,0.9722262956021069,0.9991168312843989
2024_19_education_binary_lower,19,education_binary,lower,STROKE,COPD,ok,,0.986606425086252,200,200,1.0,0.507265004736192,1.42073869742938,0.0,0.9811546736227335,1.0
2024_19_education_binary_lower,19,education_binary,lower,STROKE,DEPRESSIVE_DISORDER,ok,,0.903722112718297,200,200,1.0,0.378932254857439,1.36234913259628,0.0,0.9811546736227335,1.0
2024_19_education_binary_lower,19,education_binary,lower,STROKE,DIABETES,ok,,0.992371890836273,200,200,1.0,0.478066166458231,1.38487152603058,0.0,0.9811546736227335,1.0
2024_20_education_binary_higher,20,education_binary,higher,ARTHRITIS,DIABETES,ok,,0.618349822986761,200,200,1.0,0.440574738819398,0.796591459587675,0.0,0.9811546736227335,1.0
2024_20_education_binary_higher,20,education_binary,higher,COPD,ARTHRITIS,ok,,1.22159384365264,200,200,1.0,0.911504044480154,1.48010427734832,0.0,0.9811546736227335,1.0
2024_20_education_binary_higher,20,education_binary,higher,COPD,DEPRESSIVE_DISORDER,ok,,1.09291830151004,200,200,1.0,0.811000909816028,1.34763014133346,0.0,0.9811546736227335,1.0
2024_20_education_binary_higher,20,education_binary,higher,COPD,DIABETES,ok,,0.731946658729597,200,200,1.0,0.412898418440982,0.977859745679814,0.0,0.9811546736227335,1.0
2024_20_education_binary_higher,20,education_binary,higher,COPD,KIDNEY_DISEASE,ok,,1.02213435447992,200,200,1.0,0.55732237528257,1.46791841059885,0.0,0.9811546736227335,1.0
2024_20_education_binary_higher,20,education_binary,higher,CURRENT_ASTHMA,ARTHRITIS,ok,,0.880607326574656,200,200,1.0,0.651553916538738,1.07892497927257,0.0,0.9811546736227335,1.0
2024_20_education_binary_higher,20,education_binary,higher,CURRENT_ASTHMA,COPD,ok,,1.95864756238433,200,200,1.0,1.66587428326926,2.28666486711581,0.0,0.9811546736227335,1.0
2024_20_education_binary_higher,20,education_binary,higher,CURRENT_ASTHMA,DEPRESSIVE_DISORDER,ok,,0.937553182818262,200,200,1.0,0.720168686647945,1.17524385815514,0.0,0.9811546736227335,1.0
2024_20_education_binary_higher,20,education_binary,higher,CURRENT_ASTHMA,DIABETES,ok,,0.737109626208129,200,200,1.0,0.459961710060666,0.965281431234378,0.0,0.9811546736227335,1.0
2024_20_education_binary_higher,20,education_binary,higher,CURRENT_ASTHMA,KIDNEY_DISEASE,ok,,0.682085711084465,200,200,1.0,0.246277514091445,1.06664423270596,0.0,0.9811546736227335,1.0
2024_20_education_binary_higher,20,education_binary,higher,DEPRESSIVE_DISORDER,ARTHRITIS,ok,,1.03732382288671,200,200,1.0,0.846365267297597,1.2159641779732,0.0,0.9811546736227335,1.0
2024_20_education_binary_higher,20,education_binary,higher,DEPRESSIVE_DISORDER,DIABETES,ok,,0.639868532078603,200,200,1.0,0.420259895535432,0.841707613294624,0.0,0.9811546736227335,1.0
2024_20_education_binary_higher,20,education_binary,higher,DEPRESSIVE_DISORDER,KIDNEY_DISEASE,ok,,0.978173860544671,200,200,1.0,0.606179852679309,1.34555749652475,0.0,0.9811546736227335,1.0
2024_20_education_binary_higher,20,education_binary,higher,ISCHEMIC_HEART_DISEASE,ARTHRITIS,ok,,0.566344503766696,200,200,1.0,0.306925504960976,0.822437420698532,0.0,0.9811546736227335,1.0
2024_20_education_binary_higher,20,education_binary,higher,ISCHEMIC_HEART_DISEASE,COPD,ok,,1.22523529167631,200,200,1.0,0.951103048028251,1.57565481403968,0.0,0.9811546736227335,1.0
2024_20_education_binary_higher,20,education_binary,higher,ISCHEMIC_HEART_DISEASE,CURRENT_ASTHMA,ok,,0.734424384918926,200,200,1.0,0.449527009608186,1.0686398268662,0.0,0.9811546736227335,1.0
2024_20_education_binary_higher,20,education_binary,higher,ISCHEMIC_HEART_DISEASE,DEPRESSIVE_DISORDER,ok,,0.755506153902699,200,200,1.0,0.489322685939727,1.03055127365223,0.0,0.9811546736227335,1.0
2024_20_education_binary_higher,20,education_binary,higher,ISCHEMIC_HEART_DISEASE,DIABETES,ok,,0.955651735285983,200,200,1.0,0.71133919883545,1.20961534123678,0.0,0.9811546736227335,1.0
2024_20_education_binary_higher,20,education_binary,higher,ISCHEMIC_HEART_DISEASE,KIDNEY_DISEASE,ok,,1.50940091566787,200,200,1.0,1.12654612921539,1.8123884795613,0.0,0.9811546736227335,1.0
2024_20_education_binary_higher,20,education_binary,higher,ISCHEMIC_HEART_DISEASE,STROKE,ok,,1.12771495420191,200,200,1.0,0.740342614590563,1.48471481976136,0.0,0.9811546736227335,1.0
2024_20_education_binary_higher,20,education_binary,higher,KIDNEY_DISEASE,ARTHRITIS,ok,,0.890982951716363,200,200,1.0,0.609956315076927,1.19424632621568,0.0,0.9811546736227335,1.0
2024_20_education_binary_higher,20,education_binary,higher,KIDNEY_DISEASE,DIABETES,ok,,1.48098093533009,200,200,1.0,1.17065224211949,1.810396338206,0.0,0.9811546736227335,1.0
2024_20_education_binary_higher,20,education_binary,higher,OTHER_CANCER,ARTHRITIS,ok,,0.234224725166197,200,200,0.99,0.0566416280546693,0.444445266019278,0.007035623639735147,0.9642782382838231,0.9972533418664555
2024_20_education_binary_higher,20,education_binary,higher,OTHER_CANCER,COPD,ok,,0.557321669103215,200,200,1.0,0.30284708421041,0.819378487329786,0.0,0.9811546736227335,1.0
2024_20_education_binary_higher,20,education_binary,higher,OTHER_CANCER,KIDNEY_DISEASE,ok,,0.788479957909042,200,200,1.0,0.38529806731307,1.13650062489649,0.0,0.9811546736227335,1.0
2024_20_education_binary_higher,20,education_binary,higher,SKIN_CANCER,ARTHRITIS,ok,,0.419485889915365,200,200,1.0,0.19912985793436,0.631931095657729,0.0,0.9811546736227335,1.0
2024_20_education_binary_higher,20,education_binary,higher,SKIN_CANCER,OTHER_CANCER,ok,,1.15010271580993,200,200,1.0,0.916820952736657,1.39400191569506,0.0,0.9811546736227335,1.0
2024_20_education_binary_higher,20,education_binary,higher,STROKE,ARTHRITIS,ok,,0.594311707333885,200,200,0.995,0.271011657142649,0.923023398580115,0.004987484335815003,0.9722262956021069,0.9991168312843989
2024_20_education_binary_higher,20,education_binary,higher,STROKE,COPD,ok,,0.901366565625391,200,200,1.0,0.508475698860887,1.31523370275991,0.0,0.9811546736227335,1.0
2024_20_education_binary_higher,20,education_binary,higher,STROKE,CURRENT_ASTHMA,ok,,0.584690554119133,200,200,0.995,0.149408317074744,0.940819826946621,0.004987484335815003,0.9722262956021069,0.9991168312843989
2024_20_education_binary_higher,20,education_binary,higher,STROKE,DEPRESSIVE_DISORDER,ok,,0.793791993824659,200,200,1.0,0.447316365586779,1.11748775660001,0.0,0.9811546736227335,1.0
2024_20_education_binary_higher,20,education_binary,higher,STROKE,DIABETES,ok,,0.636884129311341,200,200,1.0,0.290944318200653,0.956650211630097,0.0,0.9811546736227335,1.0
2024_20_education_binary_higher,20,education_binary,higher,STROKE,KIDNEY_DISEASE,ok,,1.62945004840564,200,200,1.0,1.17038856156252,2.04604066244293,0.0,0.9811546736227335,1.0
2024_20_education_binary_higher,20,education_binary,higher,STROKE,OTHER_CANCER,ok,,0.487053342823933,200,200,0.99,0.0802217657158469,0.830541795372421,0.007035623639735147,0.9642782382838231,0.9972533418664555
2024_20_education_binary_lower,20,education_binary,lower,ARTHRITIS,DIABETES,ok,,0.349901138474358,200,200,0.995,0.0744671346269869,0.627010826849948,0.004987484335815003,0.9722262956021069,0.9991168312843989
2024_20_education_binary_lower,20,education_binary,lower,COPD,ARTHRITIS,ok,,0.67704517046022,200,200,1.0,0.374214549395391,1.06937874232355,0.0,0.9811546736227335,1.0
2024_20_education_binary_lower,20,education_binary,lower,COPD,DEPRESSIVE_DISORDER,ok,,1.39566165765192,200,200,1.0,1.10901825895114,1.69559620637671,0.0,0.9811546736227335,1.0
2024_20_education_binary_lower,20,education_binary,lower,CURRENT_ASTHMA,ARTHRITIS,ok,,1.26097681235242,200,200,1.0,0.868504305650923,1.53955539555442,0.0,0.9811546736227335,1.0
2024_20_education_binary_lower,20,education_binary,lower,CURRENT_ASTHMA,COPD,ok,,1.72832431650014,200,200,1.0,1.40932100116557,2.10032535699831,0.0,0.9811546736227335,1.0
2024_20_education_binary_lower,20,education_binary,lower,CURRENT_ASTHMA,DEPRESSIVE_DISORDER,ok,,1.17191530578611,200,200,1.0,0.851596949125335,1.48827039856194,0.0,0.9811546736227335,1.0
2024_20_education_binary_lower,20,education_binary,lower,CURRENT_ASTHMA,KIDNEY_DISEASE,ok,,0.924885733891126,200,200,1.0,0.408686109507237,1.43261085559615,0.0,0.9811546736227335,1.0
2024_20_education_binary_lower,20,education_binary,lower,CURRENT_ASTHMA,OTHER_CANCER,ok,,0.76005033046695,200,200,1.0,0.215663848739495,1.23058564998351,0.0,0.9811546736227335,1.0
2024_20_education_binary_lower,20,education_binary,lower,DEPRESSIVE_DISORDER,ARTHRITIS,ok,,1.14698808227584,200,200,1.0,0.858168480378849,1.41983825239652,0.0,0.9811546736227335,1.0
2024_20_education_binary_lower,20,education_binary,lower,DEPRESSIVE_DISORDER,DIABETES,ok,,0.49837488487718,200,200,0.995,0.146254322689261,0.829234442485676,0.004987484335815003,0.9722262956021069,0.9991168312843989
2024_20_education_binary_lower,20,education_binary,lower,ISCHEMIC_HEART_DISEASE,ARTHRITIS,ok,,0.901608873354751,200,200,1.0,0.598255191764237,1.19008588155348,0.0,0.9811546736227335,1.0
2024_20_education_binary_lower,20,education_binary,lower,ISCHEMIC_HEART_DISEASE,COPD,ok,,1.28980111829483,200,200,1.0,0.945745072788162,1.6444156217687,0.0,0.9811546736227335,1.0
2024_20_education_binary_lower,20,education_binary,lower,ISCHEMIC_HEART_DISEASE,CURRENT_ASTHMA,ok,,1.04180111672824,200,200,1.0,0.619440494174055,1.3935611671611,0.0,0.9811546736227335,1.0
2024_20_education_binary_lower,20,education_binary,lower,ISCHEMIC_HEART_DISEASE,DEPRESSIVE_DISORDER,ok,,0.945532357781223,200,200,1.0,0.617332718010128,1.28528130516384,0.0,0.9811546736227335,1.0
2024_20_education_binary_lower,20,education_binary,lower,ISCHEMIC_HEART_DISEASE,DIABETES,ok,,0.816671229595749,200,200,1.0,0.494887587148751,1.12777978014562,0.0,0.9811546736227335,1.0
2024_20_education_binary_lower,20,education_binary,lower,ISCHEMIC_HEART_DISEASE,KIDNEY_DISEASE,ok,,1.02177323657216,200,200,1.0,0.497899814148308,1.46002382261854,0.0,0.9811546736227335,1.0
2024_20_education_binary_lower,20,education_binary,lower,ISCHEMIC_HEART_DISEASE,OTHER_CANCER,ok,,0.70395729283117,200,200,1.0,0.317451989588882,1.11482240515988,0.0,0.9811546736227335,1.0
2024_20_education_binary_lower,20,education_binary,lower,ISCHEMIC_HEART_DISEASE,STROKE,ok,,1.63774646461001,200,200,1.0,1.14410555465881,2.14181330137278,0.0,0.9811546736227335,1.0
2024_20_education_binary_lower,20,education_binary,lower,KIDNEY_DISEASE,ARTHRITIS,ok,,0.957368750378909,200,200,1.0,0.470339373960844,1.52414239506048,0.0,0.9811546736227335,1.0
2024_20_education_binary_lower,20,education_binary,lower,KIDNEY_DISEASE,DIABETES,ok,,1.42111819150726,200,200,1.0,0.999556913989179,1.85936298942693,0.0,0.9811546736227335,1.0
2024_20_education_binary_lower,20,education_binary,lower,OTHER_CANCER,ARTHRITIS,ok,,0.453299103183873,200,200,0.995,0.0717923630522678,0.830564200863002,0.004987484335815003,0.9722262956021069,0.9991168312843989
2024_20_education_binary_lower,20,education_binary,lower,OTHER_CANCER,COPD,ok,,0.541590993360485,200,200,0.995,0.0739263306061065,0.887185309173609,0.004987484335815003,0.9722262956021069,0.9991168312843989
2024_20_education_binary_lower,20,education_binary,lower,OTHER_CANCER,DEPRESSIVE_DISORDER,ok,,0.551814010808941,200,200,1.0,0.171634778458455,0.891130194601956,0.0,0.9811546736227335,1.0
2024_20_education_binary_lower,20,education_binary,lower,OTHER_CANCER,KIDNEY_DISEASE,ok,,0.584978785255002,200,200,0.985,0.122644141824784,1.09113527681804,0.008595056718835545,0.9568342712073097,0.9948857622067417
2024_20_education_binary_lower,20,education_binary,lower,SKIN_CANCER,OTHER_CANCER,ok,,1.11521690190565,200,200,1.0,0.743636620157137,1.48129668104969,0.0,0.9811546736227335,1.0
2024_20_education_binary_lower,20,education_binary,lower,STROKE,ARTHRITIS,ok,,0.546732519886547,200,200,0.995,0.12435184831718,0.962173995512592,0.004987484335815003,0.9722262956021069,0.9991168312843989
2024_20_education_binary_lower,20,education_binary,lower,STROKE,COPD,ok,,0.856920617604198,200,200,1.0,0.314916766135527,1.2563561953501,0.0,0.9811546736227335,1.0
2024_20_education_binary_lower,20,education_binary,lower,STROKE,CURRENT_ASTHMA,ok,,1.00171884277767,200,200,1.0,0.379959153994133,1.49392629034931,0.0,0.9811546736227335,1.0
2024_20_education_binary_lower,20,education_binary,lower,STROKE,DEPRESSIVE_DISORDER,ok,,1.38724517629522,200,200,1.0,0.898286025999026,1.79631166644965,0.0,0.9811546736227335,1.0
2024_20_education_binary_lower,20,education_binary,lower,STROKE,DIABETES,ok,,0.808341932737966,200,200,0.995,0.332957381038519,1.25080367993049,0.004987484335815003,0.9722262956021069,0.9991168312843989
2024_20_education_binary_lower,20,education_binary,lower,STROKE,KIDNEY_DISEASE,ok,,0.874672913301564,200,200,0.995,0.198235973046655,1.44449230468579,0.004987484335815003,0.9722262956021069,0.9991168312843989
2024_20_education_binary_lower,20,education_binary,lower,STROKE,OTHER_CANCER,ok,,0.760397649869237,200,200,0.995,0.267999917647573,1.21533538119687,0.004987484335815003,0.9722262956021069,0.9991168312843989
2024_21_education_binary_higher,21,education_binary,higher,ARTHRITIS,DIABETES,ok,,0.385905592882064,200,200,0.995,0.161347762570378,0.608927011069615,0.004987484335815003,0.9722262956021069,0.9991168312843989
2024_21_education_binary_higher,21,education_binary,higher,COPD,ARTHRITIS,ok,,1.19034892902486,200,200,1.0,0.909387694426409,1.52957984716747,0.0,0.9811546736227335,1.0
2024_21_education_binary_higher,21,education_binary,higher,COPD,DEPRESSIVE_DISORDER,ok,,0.829526389321591,200,200,1.0,0.568652579964105,1.11222598588616,0.0,0.9811546736227335,1.0
2024_21_education_binary_higher,21,education_binary,higher,COPD,DIABETES,ok,,0.761329611806143,200,200,1.0,0.399448735012247,1.05443053291365,0.0,0.9811546736227335,1.0
2024_21_education_binary_higher,21,education_binary,higher,COPD,KIDNEY_DISEASE,ok,,0.704685574172771,200,200,1.0,0.254506897112076,1.0936295465413,0.0,0.9811546736227335,1.0
2024_21_education_binary_higher,21,education_binary,higher,CURRENT_ASTHMA,ARTHRITIS,ok,,0.64256209831447,200,200,1.0,0.35280336708068,0.939784241329147,0.0,0.9811546736227335,1.0
2024_21_education_binary_higher,21,education_binary,higher,CURRENT_ASTHMA,COPD,ok,,1.88578980990512,200,200,1.0,1.56934486875925,2.23471720224247,0.0,0.9811546736227335,1.0
2024_21_education_binary_higher,21,education_binary,higher,CURRENT_ASTHMA,DEPRESSIVE_DISORDER,ok,,0.844024856698109,200,200,1.0,0.556335707866975,1.11726383031619,0.0,0.9811546736227335,1.0
2024_21_education_binary_higher,21,education_binary,higher,CURRENT_ASTHMA,DIABETES,ok,,0.643853089095065,200,200,1.0,0.291226097819424,0.976849528184827,0.0,0.9811546736227335,1.0
2024_21_education_binary_higher,21,education_binary,higher,CURRENT_ASTHMA,KIDNEY_DISEASE,ok,,0.741682692806277,200,200,1.0,0.318427231733492,1.15110497144309,0.0,0.9811546736227335,1.0
2024_21_education_binary_higher,21,education_binary,higher,DEPRESSIVE_DISORDER,ARTHRITIS,ok,,1.06042922891032,200,200,1.0,0.823503334708133,1.32036302007363,0.0,0.9811546736227335,1.0
2024_21_education_binary_higher,21,education_binary,higher,DEPRESSIVE_DISORDER,DIABETES,ok,,0.677345549764377,200,200,1.0,0.409223643546947,0.937398673670995,0.0,0.9811546736227335,1.0
2024_21_education_binary_higher,21,education_binary,higher,DEPRESSIVE_DISORDER,KIDNEY_DISEASE,ok,,0.743777879294065,200,200,1.0,0.420682086528061,1.05387821463553,0.0,0.9811546736227335,1.0
2024_21_education_binary_higher,21,education_binary,higher,ISCHEMIC_HEART_DISEASE,ARTHRITIS,ok,,0.625162781238799,200,200,1.0,0.304793421999324,0.919120036363861,0.0,0.9811546736227335,1.0
2024_21_education_binary_higher,21,education_binary,higher,ISCHEMIC_HEART_DISEASE,COPD,ok,,1.07766721626663,200,200,1.0,0.653703848175566,1.43679686576898,0.0,0.9811546736227335,1.0
2024_21_education_binary_higher,21,education_binary,higher,ISCHEMIC_HEART_DISEASE,CURRENT_ASTHMA,ok,,0.57423030805528,200,200,0.99,0.143449436203606,0.924539278209727,0.007035623639735147,0.9642782382838231,0.9972533418664555
2024_21_education_binary_higher,21,education_binary,higher,ISCHEMIC_HEART_DISEASE,DEPRESSIVE_DISORDER,ok,,0.648982837751967,200,200,1.0,0.304755373360519,0.944949969341856,0.0,0.9811546736227335,1.0
2024_21_education_binary_higher,21,education_binary,higher,ISCHEMIC_HEART_DISEASE,DIABETES,ok,,0.840732642896224,200,200,1.0,0.533748285970724,1.12671637787102,0.0,0.9811546736227335,1.0
2024_21_education_binary_higher,21,education_binary,higher,ISCHEMIC_HEART_DISEASE,KIDNEY_DISEASE,ok,,1.10225537194456,200,200,1.0,0.686101038253958,1.4863363657864,0.0,0.9811546736227335,1.0
2024_21_education_binary_higher,21,education_binary,higher,ISCHEMIC_HEART_DISEASE,STROKE,ok,,1.63904798987409,200,200,1.0,1.0879573413167,2.13698933723044,0.0,0.9811546736227335,1.0
2024_21_education_binary_higher,21,education_binary,higher,KIDNEY_DISEASE,ARTHRITIS,ok,,1.11234805172905,200,200,1.0,0.776226025816442,1.56858983807407,0.0,0.9811546736227335,1.0
2024_21_education_binary_higher,21,education_binary,higher,KIDNEY_DISEASE,DIABETES,ok,,1.14380434807327,200,200,1.0,0.822506419970525,1.48323170096968,0.0,0.9811546736227335,1.0
2024_21_education_binary_higher,21,education_binary,higher,OTHER_CANCER,COPD,ok,,0.605986894992248,200,200,1.0,0.206975448682034,0.930301205177993,0.0,0.9811546736227335,1.0
2024_21_education_binary_higher,21,education_binary,higher,OTHER_CANCER,DEPRESSIVE_DISORDER,ok,,0.410229755852425,200,200,0.995,0.150507125501864,0.676043314350627,0.004987484335815003,0.9722262956021069,0.9991168312843989
2024_21_education_binary_higher,21,education_binary,higher,OTHER_CANCER,KIDNEY_DISEASE,ok,,0.488299860256119,200,200,0.985,0.0609633135164257,0.828376641426167,0.008595056718835545,0.9568342712073097,0.9948857622067417
2024_21_education_binary_higher,21,education_binary,higher,SKIN_CANCER,ARTHRITIS,ok,,0.599011176541655,200,200,1.0,0.288317652748368,0.933198728432992,0.0,0.9811546736227335,1.0
2024_21_education_binary_higher,21,education_binary,higher,SKIN_CANCER,COPD,ok,,0.453031472460304,200,200,0.97,-0.0226781980929081,0.85421698976495,0.012062338081814825,0.9361057075454807,0.9861796856598887
2024_21_education_binary_higher,21,education_binary,higher,SKIN_CANCER,DEPRESSIVE_DISORDER,ok,,0.501039387234635,200,200,0.995,0.168833034709069,0.844995971484428,0.004987484335815003,0.9722262956021069,0.9991168312843989
2024_21_education_binary_higher,21,education_binary,higher,SKIN_CANCER,OTHER_CANCER,ok,,1.41523337853591,200,200,1.0,1.07241715309659,1.77988365154519,0.0,0.9811546736227335,1.0
2024_21_education_binary_higher,21,education_binary,higher,STROKE,ARTHRITIS,ok,,0.670789575073941,200,200,0.995,0.184353254841217,1.19123532135974,0.004987484335815003,0.9722262956021069,0.9991168312843989
2024_21_education_binary_higher,21,education_binary,higher,STROKE,COPD,ok,,1.11666108553558,200,200,1.0,0.515645099037146,1.59569441298362,0.0,0.9811546736227335,1.0
2024_21_education_binary_higher,21,education_binary,higher,STROKE,DEPRESSIVE_DISORDER,ok,,0.85299695561255,200,200,1.0,0.375045818439979,1.2476506259077,0.0,0.9811546736227335,1.0
2024_21_education_binary_higher,21,education_binary,higher,STROKE,DIABETES,ok,,0.65119145475714,200,200,0.99,0.187811406048563,1.03970011060057,0.007035623639735147,0.9642782382838231,0.9972533418664555
2024_21_education_binary_higher,21,education_binary,higher,STROKE,KIDNEY_DISEASE,ok,,1.10302891076202,200,200,1.0,0.507116117719932,1.70512512944005,0.0,0.9811546736227335,1.0
2024_21_education_binary_lower,21,education_binary,lower,ARTHRITIS,DIABETES,ok,,0.59452132588904,200,200,1.0,0.311616816339455,0.866545047230039,0.0,0.9811546736227335,1.0
2024_21_education_binary_lower,21,education_binary,lower,COPD,ARTHRITIS,ok,,1.47509061805943,200,200,1.0,1.20749011153272,1.83793911327693,0.0,0.9811546736227335,1.0
2024_21_education_binary_lower,21,education_binary,lower,COPD,DEPRESSIVE_DISORDER,ok,,1.35167054841495,200,200,1.0,1.03681335082365,1.62504796782052,0.0,0.9811546736227335,1.0
2024_21_education_binary_lower,21,education_binary,lower,COPD,DIABETES,ok,,0.376379690367429,200,200,0.995,0.0492310670233972,0.640273226550424,0.004987484335815003,0.9722262956021069,0.9991168312843989
2024_21_education_binary_lower,21,education_binary,lower,COPD,KIDNEY_DISEASE,ok,,0.810410439738622,200,200,1.0,0.383707996414645,1.13566237572898,0.0,0.9811546736227335,1.0
2024_21_education_binary_lower,21,education_binary,lower,CURRENT_ASTHMA,ARTHRITIS,ok,,1.32982345664341,200,200,1.0,0.975265175230754,1.74767024470148,0.0,0.9811546736227335,1.0
2024_21_education_binary_lower,21,education_binary,lower,CURRENT_ASTHMA,COPD,ok,,1.98953666200435,200,200,1.0,1.63849335961066,2.41572475340693,0.0,0.9811546736227335,1.0
2024_21_education_binary_lower,21,education_binary,lower,CURRENT_ASTHMA,DEPRESSIVE_DISORDER,ok,,1.05606228739385,200,200,1.0,0.762137938690739,1.32736757407071,0.0,0.9811546736227335,1.0
2024_21_education_binary_lower,21,education_binary,lower,CURRENT_ASTHMA,DIABETES,ok,,0.562331584532662,200,200,1.0,0.243961516226485,0.83257303373601,0.0,0.9811546736227335,1.0
2024_21_education_binary_lower,21,education_binary,lower,CURRENT_ASTHMA,KIDNEY_DISEASE,ok,,0.627871467093296,200,200,1.0,0.269576238136266,1.0179450110416,0.0,0.9811546736227335,1.0
2024_21_education_binary_lower,21,education_binary,lower,CURRENT_ASTHMA,OTHER_CANCER,ok,,0.658504503200104,200,200,0.995,0.171527147070432,1.19039228380999,0.004987484335815003,0.9722262956021069,0.9991168312843989
2024_21_education_binary_lower,21,education_binary,lower,CURRENT_ASTHMA,SKIN_CANCER,ok,,0.801769890268754,200,200,1.0,0.327994220925165,1.17629673814825,0.0,0.9811546736227335,1.0
2024_21_education_binary_lower,21,education_binary,lower,DEPRESSIVE_DISORDER,ARTHRITIS,ok,,1.16308410508271,200,200,1.0,0.902401122863722,1.43744135252596,0.0,0.9811546736227335,1.0
2024_21_education_binary_lower,21,education_binary,lower,DEPRESSIVE_DISORDER,DIABETES,ok,,0.618094631714541,200,200,1.0,0.336538658546502,0.862383509026406,0.0,0.9811546736227335,1.0
2024_21_education_binary_lower,21,education_binary,lower,DEPRESSIVE_DISORDER,KIDNEY_DISEASE,ok,,0.905313904978459,200,200,1.0,0.487683029457599,1.29810593914573,0.0,0.9811546736227335,1.0
2024_21_education_binary_lower,21,education_binary,lower,ISCHEMIC_HEART_DISEASE,ARTHRITIS,ok,,1.03597942466736,200,200,1.0,0.704491552314536,1.48038420333727,0.0,0.9811546736227335,1.0
2024_21_education_binary_lower,21,education_binary,lower,ISCHEMIC_HEART_DISEASE,COPD,ok,,1.24799515035398,200,200,1.0,0.853555967713007,1.64566326853503,0.0,0.9811546736227335,1.0
2024_21_education_binary_lower,21,education_binary,lower,ISCHEMIC_HEART_DISEASE,CURRENT_ASTHMA,ok,,0.684712377350636,200,200,1.0,0.301460868756737,1.09723113632025,0.0,0.9811546736227335,1.0
2024_21_education_binary_lower,21,education_binary,lower,ISCHEMIC_HEART_DISEASE,DEPRESSIVE_DISORDER,ok,,1.06030301655611,200,200,1.0,0.731212788730824,1.37995103106347,0.0,0.9811546736227335,1.0
2024_21_education_binary_lower,21,education_binary,lower,ISCHEMIC_HEART_DISEASE,DIABETES,ok,,0.727811461121705,200,200,1.0,0.460455716264375,0.999068651396082,0.0,0.9811546736227335,1.0
2024_21_education_binary_lower,21,education_binary,lower,ISCHEMIC_HEART_DISEASE,KIDNEY_DISEASE,ok,,0.635656699574489,200,200,1.0,0.143353207907336,1.07165566743939,0.0,0.9811546736227335,1.0
2024_21_education_binary_lower,21,education_binary,lower,ISCHEMIC_HEART_DISEASE,OTHER_CANCER,ok,,0.780014535093114,200,200,1.0,0.343973477133055,1.24420686099352,0.0,0.9811546736227335,1.0
2024_21_education_binary_lower,21,education_binary,lower,ISCHEMIC_HEART_DISEASE,STROKE,ok,,1.65139057176226,200,200,1.0,1.24242285026637,2.1400612591484,0.0,0.9811546736227335,1.0
2024_21_education_binary_lower,21,education_binary,lower,KIDNEY_DISEASE,ARTHRITIS,ok,,1.29228930564574,200,200,1.0,0.829608816407676,1.78701809071223,0.0,0.9811546736227335,1.0
2024_21_education_binary_lower,21,education_binary,lower,KIDNEY_DISEASE,DIABETES,ok,,1.28550795638153,200,200,1.0,0.965663454402902,1.61858424449641,0.0,0.9811546736227335,1.0
2024_21_education_binary_lower,21,education_binary,lower,OTHER_CANCER,ARTHRITIS,ok,,0.621001823973482,200,200,1.0,0.211196003501689,0.970599566737727,0.0,0.9811546736227335,1.0
2024_21_education_binary_lower,21,education_binary,lower,OTHER_CANCER,COPD,ok,,0.719257048646045,200,200,0.995,0.310611692703669,1.10451134040471,0.004987484335815003,0.9722262956021069,0.9991168312843989
2024_21_education_binary_lower,21,education_binary,lower,OTHER_CANCER,DEPRESSIVE_DISORDER,ok,,0.559113071364754,200,200,0.99,0.141477218472873,0.882693074392396,0.007035623639735147,0.9642782382838231,0.9972533418664555
2024_21_education_binary_lower,21,education_binary,lower,OTHER_CANCER,KIDNEY_DISEASE,ok,,0.537514209699609,200,200,0.99,0.0696299273720359,0.943116759834583,0.007035623639735147,0.9642782382838231,0.9972533418664555
2024_21_education_binary_lower,21,education_binary,lower,SKIN_CANCER,ARTHRITIS,ok,,0.527247381192333,200,200,0.99,0.155328583122426,0.93491864868104,0.007035623639735147,0.9642782382838231,0.9972533418664555
2024_21_education_binary_lower,21,education_binary,lower,SKIN_CANCER,KIDNEY_DISEASE,ok,,0.645257846685399,200,200,0.985,0.120104446493097,1.10902253105849,0.008595056718835545,0.9568342712073097,0.9948857622067417
2024_21_education_binary_lower,21,education_binary,lower,SKIN_CANCER,OTHER_CANCER,ok,,1.36438059240339,200,200,1.0,0.941535550235622,1.78517038030377,0.0,0.9811546736227335,1.0
2024_21_education_binary_lower,21,education_binary,lower,STROKE,ARTHRITIS,ok,,1.03489870721138,200,200,1.0,0.608403621507262,1.4852945447889,0.0,0.9811546736227335,1.0
2024_21_education_binary_lower,21,education_binary,lower,STROKE,COPD,ok,,1.14107577230491,200,200,1.0,0.770162345983056,1.51875528455293,0.0,0.9811546736227335,1.0
2024_21_education_binary_lower,21,education_binary,lower,STROKE,CURRENT_ASTHMA,ok,,1.29204775998612,200,200,1.0,0.842831690771826,1.68442283681687,0.0,0.9811546736227335,1.0
2024_21_education_binary_lower,21,education_binary,lower,STROKE,DEPRESSIVE_DISORDER,ok,,1.07557197229265,200,200,1.0,0.607281126278166,1.47886623713386,0.0,0.9811546736227335,1.0
2024_21_education_binary_lower,21,education_binary,lower,STROKE,DIABETES,ok,,1.04772888738962,200,200,1.0,0.705787507964893,1.40363796047507,0.0,0.9811546736227335,1.0
2024_21_education_binary_lower,21,education_binary,lower,STROKE,KIDNEY_DISEASE,ok,,0.882383400594951,200,200,1.0,0.356464534685532,1.35218681339983,0.0,0.9811546736227335,1.0
2024_22_education_binary_higher,22,education_binary,higher,ARTHRITIS,DIABETES,ok,,0.646370629114685,200,200,1.0,0.409548516028465,0.90991311335185,0.0,0.9811546736227335,1.0
2024_22_education_binary_higher,22,education_binary,higher,COPD,ARTHRITIS,ok,,0.997359947024292,200,200,1.0,0.58391241233664,1.42016213400905,0.0,0.9811546736227335,1.0
2024_22_education_binary_higher,22,education_binary,higher,COPD,DEPRESSIVE_DISORDER,ok,,1.08598747422705,200,200,1.0,0.80139585996428,1.39666430744806,0.0,0.9811546736227335,1.0
2024_22_education_binary_higher,22,education_binary,higher,CURRENT_ASTHMA,ARTHRITIS,ok,,1.09155011472123,200,200,1.0,0.804569989291488,1.45802001727553,0.0,0.9811546736227335,1.0
2024_22_education_binary_higher,22,education_binary,higher,CURRENT_ASTHMA,COPD,ok,,1.62245793339107,200,200,1.0,1.18431524471033,2.10554046461882,0.0,0.9811546736227335,1.0
2024_22_education_binary_higher,22,education_binary,higher,CURRENT_ASTHMA,DEPRESSIVE_DISORDER,ok,,0.743132625994715,200,200,1.0,0.428137907754196,1.07061412251308,0.0,0.9811546736227335,1.0
2024_22_education_binary_higher,22,education_binary,higher,CURRENT_ASTHMA,DIABETES,ok,,0.839566271832803,200,200,1.0,0.451492965218507,1.30154474988572,0.0,0.9811546736227335,1.0
2024_22_education_binary_higher,22,education_binary,higher,CURRENT_ASTHMA,KIDNEY_DISEASE,ok,,0.621883930693263,200,200,0.975,-9.0632651374632e-05,1.17928800714325,0.011039701082909813,0.942821659593358,0.9892752803482386
2024_22_education_binary_higher,22,education_binary,higher,DEPRESSIVE_DISORDER,ARTHRITIS,ok,,0.99614379348844,200,200,1.0,0.790806041468558,1.24014306383608,0.0,0.9811546736227335,1.0
2024_22_education_binary_higher,22,education_binary,higher,DEPRESSIVE_DISORDER,DIABETES,ok,,0.350305282282305,200,200,0.98,0.0394581158857353,0.651972183809201,0.009899494936611668,0.9497129130941735,0.9921955735836505
2024_22_education_binary_higher,22,education_binary,higher,DEPRESSIVE_DISORDER,KIDNEY_DISEASE,ok,,0.986483692884893,200,200,1.0,0.654976901749355,1.44340661446636,0.0,0.9811546736227335,1.0
2024_22_education_binary_higher,22,education_binary,higher,ISCHEMIC_HEART_DISEASE,ARTHRITIS,ok,,0.671181898547173,200,200,1.0,0.359513293049127,1.00173141242859,0.0,0.9811546736227335,1.0
2024_22_education_binary_higher,22,education_binary,higher,ISCHEMIC_HEART_DISEASE,COPD,ok,,0.959228555900413,200,200,1.0,0.475768147791363,1.3992283299904,0.0,0.9811546736227335,1.0
2024_22_education_binary_higher,22,education_binary,higher,ISCHEMIC_HEART_DISEASE,CURRENT_ASTHMA,ok,,0.624173809861706,200,200,0.995,0.151274331118995,1.06708131341156,0.004987484335815003,0.9722262956021069,0.9991168312843989
2024_22_education_binary_higher,22,education_binary,higher,ISCHEMIC_HEART_DISEASE,DEPRESSIVE_DISORDER,ok,,0.566436630376406,200,200,1.0,0.192298567931535,0.867495913853803,0.0,0.9811546736227335,1.0
2024_22_education_binary_higher,22,education_binary,higher,ISCHEMIC_HEART_DISEASE,DIABETES,ok,,0.961430727548495,200,200,1.0,0.646125956099455,1.3248053937579,0.0,0.9811546736227335,1.0
2024_22_education_binary_higher,22,education_binary,higher,ISCHEMIC_HEART_DISEASE,KIDNEY_DISEASE,ok,,0.924094551590876,200,200,1.0,0.38461449704002,1.36333446415829,0.0,0.9811546736227335,1.0
2024_22_education_binary_higher,22,education_binary,higher,ISCHEMIC_HEART_DISEASE,STROKE,ok,,1.46157048575378,200,200,1.0,1.01025419011723,1.91522076029733,0.0,0.9811546736227335,1.0
2024_22_education_binary_higher,22,education_binary,higher,KIDNEY_DISEASE,ARTHRITIS,ok,,1.20869017610065,200,200,1.0,0.771689284904518,1.68272055796991,0.0,0.9811546736227335,1.0
2024_22_education_binary_higher,22,education_binary,higher,KIDNEY_DISEASE,DIABETES,ok,,1.47853961650278,200,200,1.0,1.06988612768147,1.9789206928464,0.0,0.9811546736227335,1.0
2024_22_education_binary_higher,22,education_binary,higher,OTHER_CANCER,ARTHRITIS,ok,,0.628590713337845,200,200,1.0,0.377093381024919,0.88374934943565,0.0,0.9811546736227335,1.0
2024_22_education_binary_higher,22,education_binary,higher,OTHER_CANCER,COPD,ok,,0.929329644253356,200,200,1.0,0.478837109932085,1.34501697184185,0.0,0.9811546736227335,1.0
2024_22_education_binary_higher,22,education_binary,higher,OTHER_CANCER,DIABETES,ok,,0.400236224339059,200,200,0.985,0.0791234673233427,0.755322811430312,0.008595056718835545,0.9568342712073097,0.9948857622067417
2024_22_education_binary_higher,22,education_binary,higher,OTHER_CANCER,KIDNEY_DISEASE,ok,,0.683159202710897,200,200,0.995,0.195121868811762,1.1279616483838,0.004987484335815003,0.9722262956021069,0.9991168312843989
2024_22_education_binary_higher,22,education_binary,higher,SKIN_CANCER,OTHER_CANCER,ok,,0.986511960159051,200,200,1.0,0.550875426639001,1.34494725888381,0.0,0.9811546736227335,1.0
2024_22_education_binary_higher,22,education_binary,higher,STROKE,ARTHRITIS,ok,,0.651679679179462,200,200,1.0,0.203209382979467,1.15452090026775,0.0,0.9811546736227335,1.0
2024_22_education_binary_higher,22,education_binary,higher,STROKE,COPD,ok,,1.17777590302789,200,200,1.0,0.549706050120416,1.68644052838573,0.0,0.9811546736227335,1.0
2024_22_education_binary_higher,22,education_binary,higher,STROKE,DEPRESSIVE_DISORDER,ok,,0.720225527255605,200,200,1.0,0.332565827280326,1.1180179944044,0.0,0.9811546736227335,1.0
2024_22_education_binary_higher,22,education_binary,higher,STROKE,DIABETES,ok,,0.71977278163442,200,200,1.0,0.335255513296472,1.15352055038112,0.0,0.9811546736227335,1.0
2024_22_education_binary_lower,22,education_binary,lower,ARTHRITIS,DIABETES,ok,,0.469028837501018,200,200,1.0,0.193028673474982,0.759323514982405,0.0,0.9811546736227335,1.0
2024_22_education_binary_lower,22,education_binary,lower,COPD,ARTHRITIS,ok,,1.08959390538196,200,200,1.0,0.745177956368078,1.47559183678787,0.0,0.9811546736227335,1.0
2024_22_education_binary_lower,22,education_binary,lower,COPD,DEPRESSIVE_DISORDER,ok,,1.16095343870434,200,200,1.0,0.763065250088823,1.49660336858595,0.0,0.9811546736227335,1.0
2024_22_education_binary_lower,22,education_binary,lower,COPD,KIDNEY_DISEASE,ok,,0.645770118151565,200,200,0.985,0.0400956005083155,1.08738096501197,0.008595056718835545,0.9568342712073097,0.9948857622067417
2024_22_education_binary_lower,22,education_binary,lower,CURRENT_ASTHMA,ARTHRITIS,ok,,1.04829834121211,200,200,1.0,0.671780122094008,1.44332347123108,0.0,0.9811546736227335,1.0
2024_22_education_binary_lower,22,education_binary,lower,CURRENT_ASTHMA,COPD,ok,,1.62894039318187,200,200,1.0,1.23218321127946,2.03910051180193,0.0,0.9811546736227335,1.0
2024_22_education_binary_lower,22,education_binary,lower,CURRENT_ASTHMA,DEPRESSIVE_DISORDER,ok,,0.996782462951134,200,200,1.0,0.638455169634472,1.32919566081854,0.0,0.9811546736227335,1.0
2024_22_education_binary_lower,22,education_binary,lower,CURRENT_ASTHMA,DIABETES,ok,,0.494096743529712,200,200,0.99,0.105533268704021,0.926918189344673,0.007035623639735147,0.9642782382838231,0.9972533418664555
2024_22_education_binary_lower,22,education_binary,lower,CURRENT_ASTHMA,KIDNEY_DISEASE,ok,,0.634188112389029,200,200,0.985,0.131202532224333,1.22655235251894,0.008595056718835545,0.9568342712073097,0.9948857622067417
2024_22_education_binary_lower,22,education_binary,lower,DEPRESSIVE_DISORDER,ARTHRITIS,ok,,0.790294134625993,200,200,1.0,0.470971783023916,1.07860471689247,0.0,0.9811546736227335,1.0
2024_22_education_binary_lower,22,education_binary,lower,DEPRESSIVE_DISORDER,DIABETES,ok,,0.469272592771152,200,200,0.995,0.139820057087649,0.77413053807132,0.004987484335815003,0.9722262956021069,0.9991168312843989
2024_22_education_binary_lower,22,education_binary,lower,DEPRESSIVE_DISORDER,KIDNEY_DISEASE,ok,,0.575516973173599,200,200,0.985,0.0794621505702515,0.982314367705107,0.008595056718835545,0.9568342712073097,0.9948857622067417
2024_22_education_binary_lower,22,education_binary,lower,ISCHEMIC_HEART_DISEASE,ARTHRITIS,ok,,0.603499764171218,200,200,1.0,0.251897028873977,0.969053863626428,0.0,0.9811546736227335,1.0
2024_22_education_binary_lower,22,education_binary,lower,ISCHEMIC_HEART_DISEASE,COPD,ok,,1.23662745358366,200,200,1.0,0.813471606573149,1.58069407029117,0.0,0.9811546736227335,1.0
2024_22_education_binary_lower,22,education_binary,lower,ISCHEMIC_HEART_DISEASE,CURRENT_ASTHMA,ok,,0.533175094233576,200,200,0.975,0.0091433993086548,1.01969677027804,0.011039701082909813,0.942821659593358,0.9892752803482386
2024_22_education_binary_lower,22,education_binary,lower,ISCHEMIC_HEART_DISEASE,DEPRESSIVE_DISORDER,ok,,1.06192853750494,200,200,1.0,0.658135294284199,1.47195289249074,0.0,0.9811546736227335,1.0
2024_22_education_binary_lower,22,education_binary,lower,ISCHEMIC_HEART_DISEASE,DIABETES,ok,,0.752011383440452,200,200,1.0,0.401350101215779,1.0995702994251,0.0,0.9811546736227335,1.0
2024_22_education_binary_lower,22,education_binary,lower,ISCHEMIC_HEART_DISEASE,KIDNEY_DISEASE,ok,,1.19426053064897,200,200,1.0,0.625151832152336,1.70162146260565,0.0,0.9811546736227335,1.0
2024_22_education_binary_lower,22,education_binary,lower,ISCHEMIC_HEART_DISEASE,STROKE,ok,,1.21082773164067,200,200,1.0,0.748625329793201,1.70405423640139,0.0,0.9811546736227335,1.0
2024_22_education_binary_lower,22,education_binary,lower,KIDNEY_DISEASE,ARTHRITIS,ok,,1.17056109876274,200,200,1.0,0.635135333709315,1.83247020165314,0.0,0.9811546736227335,1.0
2024_22_education_binary_lower,22,education_binary,lower,KIDNEY_DISEASE,DIABETES,ok,,1.0298808512286,200,200,1.0,0.584661557545152,1.50585550615157,0.0,0.9811546736227335,1.0
2024_22_education_binary_lower,22,education_binary,lower,OTHER_CANCER,COPD,ok,,0.742093403519388,200,200,1.0,0.276151198202448,1.15251509255662,0.0,0.9811546736227335,1.0
2024_22_education_binary_lower,22,education_binary,lower,OTHER_CANCER,DIABETES,ok,,0.484352649284241,200,200,0.97,-0.0025108764768329,0.938000597260287,0.012062338081814825,0.9361057075454807,0.9861796856598887
2024_22_education_binary_lower,22,education_binary,lower,SKIN_CANCER,COPD,ok,,0.640337595319604,200,200,0.97,-0.0126893767099764,1.25588414194737,0.012062338081814825,0.9361057075454807,0.9861796856598887
2024_22_education_binary_lower,22,education_binary,lower,SKIN_CANCER,OTHER_CANCER,ok,,1.64299197792131,200,200,1.0,0.956779825621953,2.2562025945424,0.0,0.9811546736227335,1.0
2024_22_education_binary_lower,22,education_binary,lower,STROKE,COPD,ok,,0.993967205501411,200,200,1.0,0.507375248599107,1.39051701587824,0.0,0.9811546736227335,1.0
2024_22_education_binary_lower,22,education_binary,lower,STROKE,CURRENT_ASTHMA,ok,,0.856907157116637,200,200,1.0,0.439292027302361,1.25848945622412,0.0,0.9811546736227335,1.0
2024_22_education_binary_lower,22,education_binary,lower,STROKE,DEPRESSIVE_DISORDER,ok,,0.801047146738991,200,200,1.0,0.352132043491014,1.23146457112784,0.0,0.9811546736227335,1.0
2024_22_education_binary_lower,22,education_binary,lower,STROKE,DIABETES,ok,,0.604469243813533,200,200,0.995,0.160753632860098,0.99076793166842,0.004987484335815003,0.9722262956021069,0.9991168312843989
2024_22_education_binary_lower,22,education_binary,lower,STROKE,KIDNEY_DISEASE,ok,,1.02596466027827,200,200,1.0,0.36084894092748,1.50429404505191,0.0,0.9811546736227335,1.0
2024_23_education_binary_higher,23,education_binary,higher,ARTHRITIS,DIABETES,ok,,0.663595808489133,200,200,1.0,0.441518542511529,0.884748222001317,0.0,0.9811546736227335,1.0
2024_23_education_binary_higher,23,education_binary,higher,COPD,ARTHRITIS,ok,,1.0090584927543,200,200,1.0,0.77207672389264,1.29476887177158,0.0,0.9811546736227335,1.0
2024_23_education_binary_higher,23,education_binary,higher,COPD,DEPRESSIVE_DISORDER,ok,,1.07969338967346,200,200,1.0,0.848482981478487,1.32015722327847,0.0,0.9811546736227335,1.0
2024_23_education_binary_higher,23,education_binary,higher,COPD,DIABETES,ok,,0.613941341232769,200,200,1.0,0.37280471851651,0.884295536643193,0.0,0.9811546736227335,1.0
2024_23_education_binary_higher,23,education_binary,higher,COPD,KIDNEY_DISEASE,ok,,0.663854108843273,200,200,1.0,0.343841382854508,0.919363886706407,0.0,0.9811546736227335,1.0
2024_23_education_binary_higher,23,education_binary,higher,CURRENT_ASTHMA,ARTHRITIS,ok,,0.834574356330353,200,200,1.0,0.604785709692377,1.0756717626016,0.0,0.9811546736227335,1.0
2024_23_education_binary_higher,23,education_binary,higher,CURRENT_ASTHMA,COPD,ok,,1.7970159158916,200,200,1.0,1.55298446533785,2.04506281033611,0.0,0.9811546736227335,1.0
2024_23_education_binary_higher,23,education_binary,higher,CURRENT_ASTHMA,DEPRESSIVE_DISORDER,ok,,0.660152400424054,200,200,1.0,0.46731959416671,0.886667024908717,0.0,0.9811546736227335,1.0
2024_23_education_binary_higher,23,education_binary,higher,CURRENT_ASTHMA,DIABETES,ok,,0.688361589956646,200,200,1.0,0.409287317525878,0.921428935179775,0.0,0.9811546736227335,1.0
2024_23_education_binary_higher,23,education_binary,higher,CURRENT_ASTHMA,KIDNEY_DISEASE,ok,,0.529813186976677,200,200,1.0,0.208214338134229,0.846136137805195,0.0,0.9811546736227335,1.0
2024_23_education_binary_higher,23,education_binary,higher,CURRENT_ASTHMA,OTHER_CANCER,ok,,0.290658044575981,200,200,0.985,0.030327497343846,0.493580911691177,0.008595056718835545,0.9568342712073097,0.9948857622067417
2024_23_education_binary_higher,23,education_binary,higher,DEPRESSIVE_DISORDER,ARTHRITIS,ok,,0.907907838499523,200,200,1.0,0.777873303085965,1.05967315613104,0.0,0.9811546736227335,1.0
2024_23_education_binary_higher,23,education_binary,higher,DEPRESSIVE_DISORDER,DIABETES,ok,,0.671644434803423,200,200,1.0,0.485474770167111,0.824289478699732,0.0,0.9811546736227335,1.0
2024_23_education_binary_higher,23,education_binary,higher,DEPRESSIVE_DISORDER,KIDNEY_DISEASE,ok,,0.708139639391049,200,200,1.0,0.443186922732704,0.965809698161025,0.0,0.9811546736227335,1.0
2024_23_education_binary_higher,23,education_binary,higher,ISCHEMIC_HEART_DISEASE,ARTHRITIS,ok,,0.772670195176877,200,200,1.0,0.536027913670165,1.0123612830127,0.0,0.9811546736227335,1.0
2024_23_education_binary_higher,23,education_binary,higher,ISCHEMIC_HEART_DISEASE,COPD,ok,,1.09537633466669,200,200,1.0,0.740346999647478,1.39239084958763,0.0,0.9811546736227335,1.0
2024_23_education_binary_higher,23,education_binary,higher,ISCHEMIC_HEART_DISEASE,CURRENT_ASTHMA,ok,,0.727688173352938,200,200,1.0,0.403780008731437,1.02922934198908,0.0,0.9811546736227335,1.0
2024_23_education_binary_higher,23,education_binary,higher,ISCHEMIC_HEART_DISEASE,DEPRESSIVE_DISORDER,ok,,0.408725279778679,200,200,1.0,0.141662272565106,0.675840933323419,0.0,0.9811546736227335,1.0
2024_23_education_binary_higher,23,education_binary,higher,ISCHEMIC_HEART_DISEASE,DIABETES,ok,,1.21498990670353,200,200,1.0,1.00659410329063,1.48907891122349,0.0,0.9811546736227335,1.0
2024_23_education_binary_higher,23,education_binary,higher,ISCHEMIC_HEART_DISEASE,KIDNEY_DISEASE,ok,,1.27568385202658,200,200,1.0,0.944773785935953,1.63866221240336,0.0,0.9811546736227335,1.0
2024_23_education_binary_higher,23,education_binary,higher,ISCHEMIC_HEART_DISEASE,OTHER_CANCER,ok,,0.39175783656153,200,200,1.0,0.100514738886965,0.682130222543762,0.0,0.9811546736227335,1.0
2024_23_education_binary_higher,23,education_binary,higher,ISCHEMIC_HEART_DISEASE,STROKE,ok,,1.43737947716242,200,200,1.0,1.01671842030212,1.78230683102463,0.0,0.9811546736227335,1.0
2024_23_education_binary_higher,23,education_binary,higher,KIDNEY_DISEASE,ARTHRITIS,ok,,0.934158020457649,200,200,1.0,0.691941859366438,1.21784659132439,0.0,0.9811546736227335,1.0
2024_23_education_binary_higher,23,education_binary,higher,KIDNEY_DISEASE,DIABETES,ok,,1.3070522398768,200,200,1.0,1.04241068730269,1.59722931475903,0.0,0.9811546736227335,1.0
2024_23_education_binary_higher,23,education_binary,higher,OTHER_CANCER,ARTHRITIS,ok,,0.309735056053232,200,200,1.0,0.153060018385836,0.450081558649649,0.0,0.9811546736227335,1.0
2024_23_education_binary_higher,23,education_binary,higher,OTHER_CANCER,COPD,ok,,0.641944538878743,200,200,1.0,0.367230904102995,0.871809534785709,0.0,0.9811546736227335,1.0
2024_23_education_binary_higher,23,education_binary,higher,OTHER_CANCER,DEPRESSIVE_DISORDER,ok,,0.247793374011885,200,200,1.0,0.0495945229171456,0.462680519441848,0.0,0.9811546736227335,1.0
2024_23_education_binary_higher,23,education_binary,higher,OTHER_CANCER,DIABETES,ok,,0.346005230536614,200,200,0.995,0.175849595007722,0.512144225243285,0.004987484335815003,0.9722262956021069,0.9991168312843989
2024_23_education_binary_higher,23,education_binary,higher,OTHER_CANCER,KIDNEY_DISEASE,ok,,0.558994618035392,200,200,1.0,0.265271280795606,0.815867095115744,0.0,0.9811546736227335,1.0
2024_23_education_binary_higher,23,education_binary,higher,SKIN_CANCER,ARTHRITIS,ok,,0.240397741464031,200,200,1.0,0.0555888450147792,0.447870013735112,0.0,0.9811546736227335,1.0
2024_23_education_binary_higher,23,education_binary,higher,SKIN_CANCER,KIDNEY_DISEASE,ok,,0.537308163446426,200,200,1.0,0.201617116917666,0.756380182447224,0.0,0.9811546736227335,1.0
2024_23_education_binary_higher,23,education_binary,higher,SKIN_CANCER,OTHER_CANCER,ok,,1.34126841035539,200,200,1.0,1.12088730059859,1.53340904584445,0.0,0.9811546736227335,1.0
2024_23_education_binary_higher,23,education_binary,higher,STROKE,ARTHRITIS,ok,,0.63772317096677,200,200,1.0,0.334337439638635,0.92039838469546,0.0,0.9811546736227335,1.0
2024_23_education_binary_higher,23,education_binary,higher,STROKE,COPD,ok,,0.9504599262748,200,200,1.0,0.417418179541822,1.35745805857258,0.0,0.9811546736227335,1.0
2024_23_education_binary_higher,23,education_binary,higher,STROKE,DEPRESSIVE_DISORDER,ok,,0.762987518647685,200,200,1.0,0.461425882808034,1.07451997578792,0.0,0.9811546736227335,1.0
2024_23_education_binary_higher,23,education_binary,higher,STROKE,DIABETES,ok,,0.988255347978794,200,200,1.0,0.689765016752116,1.29425304370221,0.0,0.9811546736227335,1.0
2024_23_education_binary_higher,23,education_binary,higher,STROKE,KIDNEY_DISEASE,ok,,1.11360085751919,200,200,1.0,0.659714468264681,1.46138922836923,0.0,0.9811546736227335,1.0
2024_23_education_binary_higher,23,education_binary,higher,STROKE,OTHER_CANCER,ok,,0.581056895366714,200,200,1.0,0.17446533261996,0.945375031443239,0.0,0.9811546736227335,1.0
2024_23_education_binary_lower,23,education_binary,lower,ARTHRITIS,DIABETES,ok,,0.632401981312266,200,200,1.0,0.415387176452583,0.876459682780658,0.0,0.9811546736227335,1.0
2024_23_education_binary_lower,23,education_binary,lower,COPD,ARTHRITIS,ok,,1.01857314219749,200,200,1.0,0.785327627096828,1.2716059228832,0.0,0.9811546736227335,1.0
2024_23_education_binary_lower,23,education_binary,lower,COPD,DEPRESSIVE_DISORDER,ok,,1.25439180393498,200,200,1.0,0.978709762825702,1.53427331019994,0.0,0.9811546736227335,1.0
2024_23_education_binary_lower,23,education_binary,lower,COPD,DIABETES,ok,,0.618714906422315,200,200,1.0,0.304458475142761,0.875735312505894,0.0,0.9811546736227335,1.0
2024_23_education_binary_lower,23,education_binary,lower,COPD,KIDNEY_DISEASE,ok,,0.51514610124355,200,200,0.99,0.0855551532717046,0.875590072283128,0.007035623639735147,0.9642782382838231,0.9972533418664555
2024_23_education_binary_lower,23,education_binary,lower,CURRENT_ASTHMA,ARTHRITIS,ok,,1.10404627451381,200,200,1.0,0.830884666628167,1.37870590328506,0.0,0.9811546736227335,1.0
2024_23_education_binary_lower,23,education_binary,lower,CURRENT_ASTHMA,COPD,ok,,1.92198006917411,200,200,1.0,1.59771185052264,2.22296717000006,0.0,0.9811546736227335,1.0
2024_23_education_binary_lower,23,education_binary,lower,CURRENT_ASTHMA,DEPRESSIVE_DISORDER,ok,,0.979905118743592,200,200,1.0,0.683790258687338,1.20157545479431,0.0,0.9811546736227335,1.0
2024_23_education_binary_lower,23,education_binary,lower,CURRENT_ASTHMA,DIABETES,ok,,0.697978471579755,200,200,1.0,0.420508965894675,0.990949217745623,0.0,0.9811546736227335,1.0
2024_23_education_binary_lower,23,education_binary,lower,CURRENT_ASTHMA,KIDNEY_DISEASE,ok,,0.754965718996434,200,200,1.0,0.353572776356511,1.19619637702542,0.0,0.9811546736227335,1.0
2024_23_education_binary_lower,23,education_binary,lower,CURRENT_ASTHMA,OTHER_CANCER,ok,,0.562322944940063,200,200,1.0,0.271281806763498,0.856381127373581,0.0,0.9811546736227335,1.0
2024_23_education_binary_lower,23,education_binary,lower,DEPRESSIVE_DISORDER,ARTHRITIS,ok,,1.13757661087547,200,200,1.0,0.913056917295223,1.39960000999193,0.0,0.9811546736227335,1.0
2024_23_education_binary_lower,23,education_binary,lower,DEPRESSIVE_DISORDER,DIABETES,ok,,0.608595969374408,200,200,1.0,0.334031495477397,0.876720426267289,0.0,0.9811546736227335,1.0
2024_23_education_binary_lower,23,education_binary,lower,DEPRESSIVE_DISORDER,KIDNEY_DISEASE,ok,,0.817557846926951,200,200,1.0,0.445942039015958,1.17381355114655,0.0,0.9811546736227335,1.0
2024_23_education_binary_lower,23,education_binary,lower,ISCHEMIC_HEART_DISEASE,ARTHRITIS,ok,,0.845628057870574,200,200,1.0,0.562956789967867,1.11706559291522,0.0,0.9811546736227335,1.0
2024_23_education_binary_lower,23,education_binary,lower,ISCHEMIC_HEART_DISEASE,COPD,ok,,1.46187869251266,200,200,1.0,1.22619638986848,1.75192545181328,0.0,0.9811546736227335,1.0
2024_23_education_binary_lower,23,education_binary,lower,ISCHEMIC_HEART_DISEASE,CURRENT_ASTHMA,ok,,0.875549053249741,200,200,1.0,0.585151044702721,1.15168025072086,0.0,0.9811546736227335,1.0
2024_23_education_binary_lower,23,education_binary,lower,ISCHEMIC_HEART_DISEASE,DEPRESSIVE_DISORDER,ok,,0.98449670117913,200,200,1.0,0.713174288166066,1.30973822503476,0.0,0.9811546736227335,1.0
2024_23_education_binary_lower,23,education_binary,lower,ISCHEMIC_HEART_DISEASE,DIABETES,ok,,0.984441687674742,200,200,1.0,0.67643144032759,1.31293572648502,0.0,0.9811546736227335,1.0
2024_23_education_binary_lower,23,education_binary,lower,ISCHEMIC_HEART_DISEASE,KIDNEY_DISEASE,ok,,1.46564024830738,200,200,1.0,1.09477171627849,1.86450460018575,0.0,0.9811546736227335,1.0
2024_23_education_binary_lower,23,education_binary,lower,ISCHEMIC_HEART_DISEASE,OTHER_CANCER,ok,,0.617768159461521,200,200,1.0,0.313205582871301,0.876373326924591,0.0,0.9811546736227335,1.0
2024_23_education_binary_lower,23,education_binary,lower,ISCHEMIC_HEART_DISEASE,STROKE,ok,,2.12550803847248,200,200,1.0,1.66856595811832,2.490011921206,0.0,0.9811546736227335,1.0
2024_23_education_binary_lower,23,education_binary,lower,KIDNEY_DISEASE,ARTHRITIS,ok,,0.756381093446244,200,200,1.0,0.433565551239703,1.13843738773023,0.0,0.9811546736227335,1.0
2024_23_education_binary_lower,23,education_binary,lower,KIDNEY_DISEASE,DIABETES,ok,,1.25044044467257,200,200,1.0,0.981832390206576,1.54508515426342,0.0,0.9811546736227335,1.0
2024_23_education_binary_lower,23,education_binary,lower,OTHER_CANCER,ARTHRITIS,ok,,0.296528657512292,200,200,0.99,0.00568710445394,0.563676262775001,0.007035623639735147,0.9642782382838231,0.9972533418664555
2024_23_education_binary_lower,23,education_binary,lower,OTHER_CANCER,COPD,ok,,0.500421752565016,200,200,0.995,0.1235005492913,0.781437084283247,0.004987484335815003,0.9722262956021069,0.9991168312843989
2024_23_education_binary_lower,23,education_binary,lower,OTHER_CANCER,DEPRESSIVE_DISORDER,ok,,0.373753022633174,200,200,0.995,0.101832436908047,0.662010778551438,0.004987484335815003,0.9722262956021069,0.9991168312843989
2024_23_education_binary_lower,23,education_binary,lower,OTHER_CANCER,DIABETES,ok,,0.357618070905442,200,200,0.975,0.0169067831176111,0.640525303276548,0.011039701082909813,0.942821659593358,0.9892752803482386
2024_23_education_binary_lower,23,education_binary,lower,OTHER_CANCER,KIDNEY_DISEASE,ok,,1.0521572787741,200,200,1.0,0.647331856588373,1.43339336549886,0.0,0.9811546736227335,1.0
2024_23_education_binary_lower,23,education_binary,lower,SKIN_CANCER,ARTHRITIS,ok,,0.429288759628423,200,200,0.99,0.0621085244036967,0.79043736015473,0.007035623639735147,0.9642782382838231,0.9972533418664555
2024_23_education_binary_lower,23,education_binary,lower,SKIN_CANCER,OTHER_CANCER,ok,,1.61318981675386,200,200,1.0,1.29417712627016,2.00308368678141,0.0,0.9811546736227335,1.0
2024_23_education_binary_lower,23,education_binary,lower,STROKE,ARTHRITIS,ok,,0.971549222998954,200,200,1.0,0.494647742788971,1.43628290700243,0.0,0.9811546736227335,1.0
2024_23_education_binary_lower,23,education_binary,lower,STROKE,COPD,ok,,0.982654684116882,200,200,1.0,0.582072632199975,1.36356086177935,0.0,0.9811546736227335,1.0
2024_23_education_binary_lower,23,education_binary,lower,STROKE,CURRENT_ASTHMA,ok,,1.16975010999948,200,200,1.0,0.833955245273449,1.58359846384654,0.0,0.9811546736227335,1.0
2024_23_education_binary_lower,23,education_binary,lower,STROKE,DEPRESSIVE_DISORDER,ok,,0.922940668303363,200,200,1.0,0.461591003072747,1.35445661451762,0.0,0.9811546736227335,1.0
2024_23_education_binary_lower,23,education_binary,lower,STROKE,DIABETES,ok,,0.847423362790379,200,200,1.0,0.446723903368025,1.16899869012279,0.0,0.9811546736227335,1.0
2024_23_education_binary_lower,23,education_binary,lower,STROKE,KIDNEY_DISEASE,ok,,1.17320196871444,200,200,1.0,0.67723197764248,1.70921490104861,0.0,0.9811546736227335,1.0
2024_23_education_binary_lower,23,education_binary,lower,STROKE,OTHER_CANCER,ok,,0.851496289096031,200,200,1.0,0.443879311688672,1.29084149537479,0.0,0.9811546736227335,1.0
2024_24_education_binary_higher,24,education_binary,higher,ARTHRITIS,DIABETES,ok,,0.459401351134913,200,200,1.0,0.26694469741578,0.62474124219989,0.0,0.9811546736227335,1.0
2024_24_education_binary_higher,24,education_binary,higher,COPD,ARTHRITIS,ok,,1.00414727675131,200,200,1.0,0.745463026165956,1.31082280003104,0.0,0.9811546736227335,1.0
2024_24_education_binary_higher,24,education_binary,higher,COPD,DEPRESSIVE_DISORDER,ok,,1.25244440037555,200,200,1.0,0.970788901332303,1.52595660391656,0.0,0.9811546736227335,1.0
2024_24_education_binary_higher,24,education_binary,higher,COPD,DIABETES,ok,,0.684965929399543,200,200,1.0,0.345697828004086,0.991555268861594,0.0,0.9811546736227335,1.0
2024_24_education_binary_higher,24,education_binary,higher,COPD,KIDNEY_DISEASE,ok,,1.14372347725693,200,200,1.0,0.652444939773086,1.53886195462722,0.0,0.9811546736227335,1.0
2024_24_education_binary_higher,24,education_binary,higher,CURRENT_ASTHMA,ARTHRITIS,ok,,0.702620138027305,200,200,1.0,0.485075453038131,0.912252337899203,0.0,0.9811546736227335,1.0
2024_24_education_binary_higher,24,education_binary,higher,CURRENT_ASTHMA,COPD,ok,,1.97624851358411,200,200,1.0,1.70186726533067,2.23261959361403,0.0,0.9811546736227335,1.0
2024_24_education_binary_higher,24,education_binary,higher,CURRENT_ASTHMA,DEPRESSIVE_DISORDER,ok,,0.888595100008366,200,200,1.0,0.701726358991899,1.0934678965566,0.0,0.9811546736227335,1.0
2024_24_education_binary_higher,24,education_binary,higher,CURRENT_ASTHMA,DIABETES,ok,,0.318484448055434,200,200,0.985,0.0753227486992685,0.571298382188191,0.008595056718835545,0.9568342712073097,0.9948857622067417
2024_24_education_binary_higher,24,education_binary,higher,CURRENT_ASTHMA,KIDNEY_DISEASE,ok,,0.526674592827922,200,200,0.995,0.103267624112396,0.837749756947108,0.004987484335815003,0.9722262956021069,0.9991168312843989
2024_24_education_binary_higher,24,education_binary,higher,DEPRESSIVE_DISORDER,ARTHRITIS,ok,,0.970792423046235,200,200,1.0,0.825272603220833,1.13008579482181,0.0,0.9811546736227335,1.0
2024_24_education_binary_higher,24,education_binary,higher,DEPRESSIVE_DISORDER,DIABETES,ok,,0.268083063780671,200,200,0.995,0.0528853602894952,0.474064249398313,0.004987484335815003,0.9722262956021069,0.9991168312843989
2024_24_education_binary_higher,24,education_binary,higher,DEPRESSIVE_DISORDER,KIDNEY_DISEASE,ok,,0.730196390889879,200,200,1.0,0.416125827765277,1.01563869471808,0.0,0.9811546736227335,1.0
2024_24_education_binary_higher,24,education_binary,higher,ISCHEMIC_HEART_DISEASE,ARTHRITIS,ok,,0.677305479222212,200,200,1.0,0.450924982638185,0.98790878304375,0.0,0.9811546736227335,1.0
2024_24_education_binary_higher,24,education_binary,higher,ISCHEMIC_HEART_DISEASE,COPD,ok,,1.14370707602318,200,200,1.0,0.84499269243433,1.45304757919112,0.0,0.9811546736227335,1.0
2024_24_education_binary_higher,24,education_binary,higher,ISCHEMIC_HEART_DISEASE,CURRENT_ASTHMA,ok,,0.506525810503714,200,200,1.0,0.151627382430006,0.804157894310183,0.0,0.9811546736227335,1.0
2024_24_education_binary_higher,24,education_binary,higher,ISCHEMIC_HEART_DISEASE,DEPRESSIVE_DISORDER,ok,,0.410971414961358,200,200,0.995,0.0946105252167153,0.70500553505779,0.004987484335815003,0.9722262956021069,0.9991168312843989
2024_24_education_binary_higher,24,education_binary,higher,ISCHEMIC_HEART_DISEASE,DIABETES,ok,,0.7996030998642,200,200,1.0,0.555051735677315,1.01979884016914,0.0,0.9811546736227335,1.0
2024_24_education_binary_higher,24,education_binary,higher,ISCHEMIC_HEART_DISEASE,KIDNEY_DISEASE,ok,,0.884241112855887,200,200,1.0,0.509650160596198,1.20836289081731,0.0,0.9811546736227335,1.0
2024_24_education_binary_higher,24,education_binary,higher,ISCHEMIC_HEART_DISEASE,STROKE,ok,,1.58131311006385,200,200,1.0,1.12395866607638,1.94064793903314,0.0,0.9811546736227335,1.0
2024_24_education_binary_higher,24,education_binary,higher,KIDNEY_DISEASE,ARTHRITIS,ok,,0.830064086688109,200,200,1.0,0.526561530312745,1.17540056926087,0.0,0.9811546736227335,1.0
2024_24_education_binary_higher,24,education_binary,higher,KIDNEY_DISEASE,DIABETES,ok,,1.365090240402,200,200,1.0,1.11287563114534,1.6251141588027,0.0,0.9811546736227335,1.0
2024_24_education_binary_higher,24,education_binary,higher,OTHER_CANCER,ARTHRITIS,ok,,0.368547378265294,200,200,1.0,0.193381072021894,0.582847225061597,0.0,0.9811546736227335,1.0
2024_24_education_binary_higher,24,education_binary,higher,OTHER_CANCER,COPD,ok,,0.396274488357029,200,200,0.995,0.138003989496174,0.738724543074277,0.004987484335815003,0.9722262956021069,0.9991168312843989
2024_24_education_binary_higher,24,education_binary,higher,OTHER_CANCER,KIDNEY_DISEASE,ok,,0.396906277183274,200,200,1.0,0.114070412364708,0.690340857534647,0.0,0.9811546736227335,1.0
2024_24_education_binary_higher,24,education_binary,higher,SKIN_CANCER,ARTHRITIS,ok,,0.363442764281137,200,200,1.0,0.169163553597241,0.548570842996722,0.0,0.9811546736227335,1.0
2024_24_education_binary_higher,24,education_binary,higher,SKIN_CANCER,OTHER_CANCER,ok,,1.54980881069325,200,200,1.0,1.29414759587574,1.78509179996732,0.0,0.9811546736227335,1.0
2024_24_education_binary_higher,24,education_binary,higher,STROKE,ARTHRITIS,ok,,0.570449450236168,200,200,1.0,0.251021826074873,0.910628974668711,0.0,0.9811546736227335,1.0
2024_24_education_binary_higher,24,education_binary,higher,STROKE,COPD,ok,,1.19868879226417,200,200,1.0,0.782993836778443,1.58897529248068,0.0,0.9811546736227335,1.0
2024_24_education_binary_higher,24,education_binary,higher,STROKE,CURRENT_ASTHMA,ok,,0.570723355040404,200,200,0.99,0.123468569927836,0.990185611566931,0.007035623639735147,0.9642782382838231,0.9972533418664555
2024_24_education_binary_higher,24,education_binary,higher,STROKE,DEPRESSIVE_DISORDER,ok,,0.454011570405475,200,200,0.99,0.0518136072021798,0.778577543810235,0.007035623639735147,0.9642782382838231,0.9972533418664555
2024_24_education_binary_higher,24,education_binary,higher,STROKE,DIABETES,ok,,0.798864810587697,200,200,1.0,0.480060054398226,1.13915726228949,0.0,0.9811546736227335,1.0
2024_24_education_binary_higher,24,education_binary,higher,STROKE,KIDNEY_DISEASE,ok,,0.947845054771681,200,200,1.0,0.416479270462268,1.37097414087616,0.0,0.9811546736227335,1.0
2024_24_education_binary_lower,24,education_binary,lower,ARTHRITIS,DIABETES,ok,,0.476108102362746,200,200,1.0,0.232365069813594,0.712337967599412,0.0,0.9811546736227335,1.0
2024_24_education_binary_lower,24,education_binary,lower,COPD,ARTHRITIS,ok,,0.756494700776606,200,200,1.0,0.437921465036686,1.13431307286308,0.0,0.9811546736227335,1.0
2024_24_education_binary_lower,24,education_binary,lower,COPD,DEPRESSIVE_DISORDER,ok,,1.11945819104952,200,200,1.0,0.779269229678582,1.40604029717398,0.0,0.9811546736227335,1.0
2024_24_education_binary_lower,24,education_binary,lower,CURRENT_ASTHMA,ARTHRITIS,ok,,0.61838936076146,200,200,1.0,0.311759377039166,0.981290174234473,0.0,0.9811546736227335,1.0
2024_24_education_binary_lower,24,education_binary,lower,CURRENT_ASTHMA,COPD,ok,,1.95733063145332,200,200,1.0,1.53047261636689,2.32321718166919,0.0,0.9811546736227335,1.0
2024_24_education_binary_lower,24,education_binary,lower,CURRENT_ASTHMA,DEPRESSIVE_DISORDER,ok,,0.889762056289371,200,200,1.0,0.580251889507516,1.2009982719159,0.0,0.9811546736227335,1.0
2024_24_education_binary_lower,24,education_binary,lower,CURRENT_ASTHMA,OTHER_CANCER,ok,,0.734764941594782,200,200,1.0,0.278651081000612,1.11005670912941,0.0,0.9811546736227335,1.0
2024_24_education_binary_lower,24,education_binary,lower,DEPRESSIVE_DISORDER,ARTHRITIS,ok,,1.15549178834488,200,200,1.0,0.89450479497431,1.43010048530985,0.0,0.9811546736227335,1.0
2024_24_education_binary_lower,24,education_binary,lower,DEPRESSIVE_DISORDER,DIABETES,ok,,0.575722745425159,200,200,1.0,0.243182562416046,0.963531032940137,0.0,0.9811546736227335,1.0
2024_24_education_binary_lower,24,education_binary,lower,DEPRESSIVE_DISORDER,KIDNEY_DISEASE,ok,,0.858829246690324,200,200,0.995,0.446942131619457,1.22836214401422,0.004987484335815003,0.9722262956021069,0.9991168312843989
2024_24_education_binary_lower,24,education_binary,lower,ISCHEMIC_HEART_DISEASE,ARTHRITIS,ok,,0.87923387897552,200,200,1.0,0.513920970624057,1.26362787794851,0.0,0.9811546736227335,1.0
2024_24_education_binary_lower,24,education_binary,lower,ISCHEMIC_HEART_DISEASE,COPD,ok,,0.941579468866627,200,200,1.0,0.465055210030055,1.34914000012582,0.0,0.9811546736227335,1.0
2024_24_education_binary_lower,24,education_binary,lower,ISCHEMIC_HEART_DISEASE,DEPRESSIVE_DISORDER,ok,,0.604568214326044,200,200,1.0,0.246455285652859,0.933482758023194,0.0,0.9811546736227335,1.0
2024_24_education_binary_lower,24,education_binary,lower,ISCHEMIC_HEART_DISEASE,DIABETES,ok,,0.975697078368284,200,200,1.0,0.614901895575559,1.28143311792919,0.0,0.9811546736227335,1.0
2024_24_education_binary_lower,24,education_binary,lower,ISCHEMIC_HEART_DISEASE,KIDNEY_DISEASE,ok,,1.16597569488083,200,200,1.0,0.679637663802821,1.62592887875046,0.0,0.9811546736227335,1.0
2024_24_education_binary_lower,24,education_binary,lower,ISCHEMIC_HEART_DISEASE,STROKE,ok,,1.80833950760942,200,200,1.0,1.28968923087518,2.23682380142201,0.0,0.9811546736227335,1.0
2024_24_education_binary_lower,24,education_binary,lower,KIDNEY_DISEASE,ARTHRITIS,ok,,0.875172425180587,200,200,1.0,0.464172804960535,1.24706844675875,0.0,0.9811546736227335,1.0
2024_24_education_binary_lower,24,education_binary,lower,KIDNEY_DISEASE,DIABETES,ok,,1.12616278934509,200,200,1.0,0.752914659658541,1.48648707440738,0.0,0.9811546736227335,1.0
2024_24_education_binary_lower,24,education_binary,lower,OTHER_CANCER,ARTHRITIS,ok,,0.631184438652027,200,200,1.0,0.382406120067167,0.927882702262248,0.0,0.9811546736227335,1.0
2024_24_education_binary_lower,24,education_binary,lower,OTHER_CANCER,COPD,ok,,0.722484256254331,200,200,1.0,0.336916839769209,1.08330259331908,0.0,0.9811546736227335,1.0
2024_24_education_binary_lower,24,education_binary,lower,OTHER_CANCER,DEPRESSIVE_DISORDER,ok,,0.522210688373416,200,200,1.0,0.173074875138709,0.888494124283866,0.0,0.9811546736227335,1.0
2024_24_education_binary_lower,24,education_binary,lower,SKIN_CANCER,ARTHRITIS,ok,,0.708065277858792,200,200,1.0,0.360123069485621,1.14276067194765,0.0,0.9811546736227335,1.0
2024_24_education_binary_lower,24,education_binary,lower,SKIN_CANCER,OTHER_CANCER,ok,,1.75121052688862,200,200,1.0,1.35206109361608,2.11606194605686,0.0,0.9811546736227335,1.0
2024_24_education_binary_lower,24,education_binary,lower,STROKE,COPD,ok,,0.731877384403245,200,200,0.99,0.180972710017476,1.22907478012125,0.007035623639735147,0.9642782382838231,0.9972533418664555
2024_24_education_binary_lower,24,education_binary,lower,STROKE,CURRENT_ASTHMA,ok,,0.633806268587498,200,200,0.99,0.167298184239774,1.03373563892211,0.007035623639735147,0.9642782382838231,0.9972533418664555
2024_24_education_binary_lower,24,education_binary,lower,STROKE,DEPRESSIVE_DISORDER,ok,,0.851696339659104,200,200,0.995,0.3804809901145,1.22225354252937,0.004987484335815003,0.9722262956021069,0.9991168312843989
2024_25_education_binary_higher,25,education_binary,higher,ARTHRITIS,DIABETES,ok,,0.511200022848911,200,200,1.0,0.281576607587756,0.740177738647192,0.0,0.9811546736227335,1.0
2024_25_education_binary_higher,25,education_binary,higher,COPD,ARTHRITIS,ok,,0.965091320643763,200,200,1.0,0.724643685447796,1.29504020105085,0.0,0.9811546736227335,1.0
2024_25_education_binary_higher,25,education_binary,higher,COPD,DEPRESSIVE_DISORDER,ok,,1.16061994333896,200,200,1.0,0.853815281895472,1.44002381946155,0.0,0.9811546736227335,1.0
2024_25_education_binary_higher,25,education_binary,higher,COPD,DIABETES,ok,,0.699049749585928,200,200,1.0,0.431447057913574,1.03464747366831,0.0,0.9811546736227335,1.0
2024_25_education_binary_higher,25,education_binary,higher,COPD,KIDNEY_DISEASE,ok,,0.860351527228069,200,200,1.0,0.44996642902738,1.25196601866618,0.0,0.9811546736227335,1.0
2024_25_education_binary_higher,25,education_binary,higher,CURRENT_ASTHMA,ARTHRITIS,ok,,0.78110405699131,200,200,1.0,0.560700732829042,1.0071079214816,0.0,0.9811546736227335,1.0
2024_25_education_binary_higher,25,education_binary,higher,CURRENT_ASTHMA,COPD,ok,,1.22002081948816,200,200,1.0,0.85153440333586,1.5429437001539,0.0,0.9811546736227335,1.0
2024_25_education_binary_higher,25,education_binary,higher,CURRENT_ASTHMA,DEPRESSIVE_DISORDER,ok,,0.595090511512928,200,200,1.0,0.369170800696335,0.835107145578561,0.0,0.9811546736227335,1.0
2024_25_education_binary_higher,25,education_binary,higher,CURRENT_ASTHMA,DIABETES,ok,,0.503219190078177,200,200,0.995,0.16951950972667,0.774861840674846,0.004987484335815003,0.9722262956021069,0.9991168312843989
2024_25_education_binary_higher,25,education_binary,higher,CURRENT_ASTHMA,OTHER_CANCER,ok,,0.375056898640732,200,200,1.0,0.112570793346174,0.633252997854942,0.0,0.9811546736227335,1.0
2024_25_education_binary_higher,25,education_binary,higher,DEPRESSIVE_DISORDER,ARTHRITIS,ok,,0.961624298653577,200,200,1.0,0.780331635525075,1.17735881800715,0.0,0.9811546736227335,1.0
2024_25_education_binary_higher,25,education_binary,higher,DEPRESSIVE_DISORDER,DIABETES,ok,,0.441757641458962,200,200,1.0,0.176931220111627,0.672681346307217,0.0,0.9811546736227335,1.0
2024_25_education_binary_higher,25,education_binary,higher,DEPRESSIVE_DISORDER,KIDNEY_DISEASE,ok,,0.809049399674357,200,200,1.0,0.448608131562745,1.09491509018329,0.0,0.9811546736227335,1.0
2024_25_education_binary_higher,25,education_binary,higher,ISCHEMIC_HEART_DISEASE,ARTHRITIS,ok,,0.59362967417071,200,200,1.0,0.319014066194494,0.824597261026939,0.0,0.9811546736227335,1.0
2024_25_education_binary_higher,25,education_binary,higher,ISCHEMIC_HEART_DISEASE,COPD,ok,,0.964218338985245,200,200,1.0,0.560176951512252,1.21922902030759,0.0,0.9811546736227335,1.0
2024_25_education_binary_higher,25,education_binary,higher,ISCHEMIC_HEART_DISEASE,DEPRESSIVE_DISORDER,ok,,0.607181374082072,200,200,1.0,0.304469721902123,0.921843650660745,0.0,0.9811546736227335,1.0
2024_25_education_binary_higher,25,education_binary,higher,ISCHEMIC_HEART_DISEASE,DIABETES,ok,,0.730883316451556,200,200,1.0,0.407837652121523,1.01469742516342,0.0,0.9811546736227335,1.0
2024_25_education_binary_higher,25,education_binary,higher,ISCHEMIC_HEART_DISEASE,KIDNEY_DISEASE,ok,,0.742627609179898,200,200,1.0,0.287874049174864,1.15617504108358,0.0,0.9811546736227335,1.0
2024_25_education_binary_higher,25,education_binary,higher,ISCHEMIC_HEART_DISEASE,OTHER_CANCER,ok,,0.361467854029829,200,200,1.0,0.110372482029945,0.615935985203923,0.0,0.9811546736227335,1.0
2024_25_education_binary_higher,25,education_binary,higher,ISCHEMIC_HEART_DISEASE,STROKE,ok,,1.67224356026872,200,200,1.0,1.2542992132484,2.03358081626232,0.0,0.9811546736227335,1.0
2024_25_education_binary_higher,25,education_binary,higher,KIDNEY_DISEASE,ARTHRITIS,ok,,0.951541374646587,200,200,1.0,0.668394841299759,1.34444445030031,0.0,0.9811546736227335,1.0
2024_25_education_binary_higher,25,education_binary,higher,KIDNEY_DISEASE,DIABETES,ok,,1.10463915035388,200,200,1.0,0.766940482625941,1.45688935369482,0.0,0.9811546736227335,1.0
2024_25_education_binary_higher,25,education_binary,higher,OTHER_CANCER,ARTHRITIS,ok,,0.573372279925798,200,200,1.0,0.360060227569849,0.765066558840046,0.0,0.9811546736227335,1.0
2024_25_education_binary_higher,25,education_binary,higher,OTHER_CANCER,COPD,ok,,0.462910680035651,200,200,0.995,0.0676991747930325,0.755584929459061,0.004987484335815003,0.9722262956021069,0.9991168312843989
2024_25_education_binary_higher,25,education_binary,higher,OTHER_CANCER,DEPRESSIVE_DISORDER,ok,,0.497945776799458,200,200,1.0,0.258985630581,0.726368957616312,0.0,0.9811546736227335,1.0
2024_25_education_binary_higher,25,education_binary,higher,OTHER_CANCER,DIABETES,ok,,0.363986007843734,200,200,0.99,0.0973138579118832,0.606265054057525,0.007035623639735147,0.9642782382838231,0.9972533418664555
2024_25_education_binary_higher,25,education_binary,higher,OTHER_CANCER,KIDNEY_DISEASE,ok,,0.788839632465829,200,200,1.0,0.477987180551116,1.10550422082813,0.0,0.9811546736227335,1.0
2024_25_education_binary_higher,25,education_binary,higher,SKIN_CANCER,ARTHRITIS,ok,,0.356749540697546,200,200,1.0,0.130668091242105,0.563379370991768,0.0,0.9811546736227335,1.0
2024_25_education_binary_higher,25,education_binary,higher,SKIN_CANCER,DEPRESSIVE_DISORDER,ok,,0.383170410167727,200,200,1.0,0.0974546014114601,0.652012030356948,0.0,0.9811546736227335,1.0
2024_25_education_binary_higher,25,education_binary,higher,SKIN_CANCER,KIDNEY_DISEASE,ok,,0.503816119078628,200,200,1.0,0.13549670179949,0.923540202412343,0.0,0.9811546736227335,1.0
2024_25_education_binary_higher,25,education_binary,higher,SKIN_CANCER,OTHER_CANCER,ok,,1.63667568488634,200,200,1.0,1.39423997475293,1.88998934250446,0.0,0.9811546736227335,1.0
2024_25_education_binary_higher,25,education_binary,higher,STROKE,ARTHRITIS,ok,,0.911223400263148,200,200,1.0,0.572118832003642,1.3659086600113,0.0,0.9811546736227335,1.0
2024_25_education_binary_higher,25,education_binary,higher,STROKE,COPD,ok,,1.01219696273517,200,200,1.0,0.481570598720066,1.43163820459791,0.0,0.9811546736227335,1.0
2024_25_education_binary_higher,25,education_binary,higher,STROKE,DEPRESSIVE_DISORDER,ok,,0.712952483230205,200,200,1.0,0.19702968582949,1.17632258082969,0.0,0.9811546736227335,1.0
2024_25_education_binary_higher,25,education_binary,higher,STROKE,DIABETES,ok,,0.728364885850171,200,200,1.0,0.255640940102539,1.17163483538645,0.0,0.9811546736227335,1.0
2024_25_education_binary_higher,25,education_binary,higher,STROKE,KIDNEY_DISEASE,ok,,1.10495418453651,200,200,1.0,0.580562737756126,1.63221236127078,0.0,0.9811546736227335,1.0
2024_25_education_binary_lower,25,education_binary,lower,ARTHRITIS,DIABETES,ok,,0.487283178322236,200,200,1.0,0.214288427819725,0.756932282087776,0.0,0.9811546736227335,1.0
2024_25_education_binary_lower,25,education_binary,lower,COPD,ARTHRITIS,ok,,1.03556804060593,200,200,1.0,0.584911477656044,1.47828567513041,0.0,0.9811546736227335,1.0
2024_25_education_binary_lower,25,education_binary,lower,COPD,DEPRESSIVE_DISORDER,ok,,1.28729282886009,200,200,1.0,0.804427270192501,1.71298423432356,0.0,0.9811546736227335,1.0
2024_25_education_binary_lower,25,education_binary,lower,CURRENT_ASTHMA,ARTHRITIS,ok,,0.998188253136871,200,200,1.0,0.669607460119363,1.47107201868873,0.0,0.9811546736227335,1.0
2024_25_education_binary_lower,25,education_binary,lower,CURRENT_ASTHMA,COPD,ok,,2.24346833727345,200,200,1.0,1.82620017810337,2.67869107192876,0.0,0.9811546736227335,1.0
2024_25_education_binary_lower,25,education_binary,lower,CURRENT_ASTHMA,DEPRESSIVE_DISORDER,ok,,1.36865587515219,200,200,1.0,1.03371718545264,1.75725416837904,0.0,0.9811546736227335,1.0
2024_25_education_binary_lower,25,education_binary,lower,CURRENT_ASTHMA,DIABETES,ok,,0.757682178555269,200,200,1.0,0.42807356142465,1.15261776467862,0.0,0.9811546736227335,1.0
2024_25_education_binary_lower,25,education_binary,lower,CURRENT_ASTHMA,OTHER_CANCER,ok,,0.521840485444146,200,200,0.985,0.0496371586753962,1.02066801653123,0.008595056718835545,0.9568342712073097,0.9948857622067417
2024_25_education_binary_lower,25,education_binary,lower,DEPRESSIVE_DISORDER,ARTHRITIS,ok,,1.1242801823327,200,200,1.0,0.80904527372359,1.42410024533514,0.0,0.9811546736227335,1.0
2024_25_education_binary_lower,25,education_binary,lower,DEPRESSIVE_DISORDER,DIABETES,ok,,0.775319557090543,200,200,1.0,0.432496312264944,1.08730314023962,0.0,0.9811546736227335,1.0
2024_25_education_binary_lower,25,education_binary,lower,DEPRESSIVE_DISORDER,KIDNEY_DISEASE,ok,,1.0708090591483,200,200,1.0,0.577956773154208,1.51247747031999,0.0,0.9811546736227335,1.0
2024_25_education_binary_lower,25,education_binary,lower,ISCHEMIC_HEART_DISEASE,ARTHRITIS,ok,,0.896195453397852,200,200,1.0,0.529187669219177,1.35650316078349,0.0,0.9811546736227335,1.0
2024_25_education_binary_lower,25,education_binary,lower,ISCHEMIC_HEART_DISEASE,COPD,ok,,0.981590614865756,200,200,1.0,0.538931063614716,1.39229785619675,0.0,0.9811546736227335,1.0
2024_25_education_binary_lower,25,education_binary,lower,ISCHEMIC_HEART_DISEASE,CURRENT_ASTHMA,ok,,0.68095493055624,200,200,0.99,0.166218929628822,1.05968734285742,0.007035623639735147,0.9642782382838231,0.9972533418664555
2024_25_education_binary_lower,25,education_binary,lower,ISCHEMIC_HEART_DISEASE,DEPRESSIVE_DISORDER,ok,,0.971220809081372,200,200,1.0,0.577861439324459,1.33438367080884,0.0,0.9811546736227335,1.0
2024_25_education_binary_lower,25,education_binary,lower,ISCHEMIC_HEART_DISEASE,DIABETES,ok,,0.971463003315113,200,200,1.0,0.570089550239282,1.29284229093737,0.0,0.9811546736227335,1.0
2024_25_education_binary_lower,25,education_binary,lower,ISCHEMIC_HEART_DISEASE,KIDNEY_DISEASE,ok,,0.916789802595382,200,200,1.0,0.364107325956408,1.49569389147269,0.0,0.9811546736227335,1.0
2024_25_education_binary_lower,25,education_binary,lower,ISCHEMIC_HEART_DISEASE,OTHER_CANCER,ok,,0.527422342639217,200,200,0.975,0.0087555871829402,0.960405425127604,0.011039701082909813,0.942821659593358,0.9892752803482386
2024_25_education_binary_lower,25,education_binary,lower,ISCHEMIC_HEART_DISEASE,STROKE,ok,,1.39879565248288,200,200,1.0,0.81481610823679,1.91926458362945,0.0,0.9811546736227335,1.0
2024_25_education_binary_lower,25,education_binary,lower,KIDNEY_DISEASE,ARTHRITIS,ok,,0.851115129314497,200,200,1.0,0.367120521407183,1.38048397847795,0.0,0.9811546736227335,1.0
2024_25_education_binary_lower,25,education_binary,lower,KIDNEY_DISEASE,DIABETES,ok,,1.10347356670937,200,200,1.0,0.593715273763235,1.56810764430958,0.0,0.9811546736227335,1.0
2024_25_education_binary_lower,25,education_binary,lower,OTHER_CANCER,COPD,ok,,0.81157186794438,200,200,1.0,0.315808576256505,1.17168292624142,0.0,0.9811546736227335,1.0
2024_25_education_binary_lower,25,education_binary,lower,OTHER_CANCER,DEPRESSIVE_DISORDER,ok,,0.532910849783284,200,200,0.99,0.0894578760475432,0.942527261662202,0.007035623639735147,0.9642782382838231,0.9972533418664555
2024_25_education_binary_lower,25,education_binary,lower,OTHER_CANCER,KIDNEY_DISEASE,ok,,0.861192095797927,200,200,1.0,0.356903995254248,1.35679719105498,0.0,0.9811546736227335,1.0
2024_25_education_binary_lower,25,education_binary,lower,SKIN_CANCER,ARTHRITIS,ok,,0.945914157919584,200,200,1.0,0.473153776927338,1.48525458243846,0.0,0.9811546736227335,1.0
2024_25_education_binary_lower,25,education_binary,lower,SKIN_CANCER,KIDNEY_DISEASE,ok,,0.755070181654776,200,200,0.98,0.0574372695928434,1.29107585369626,0.009899494936611668,0.9497129130941735,0.9921955735836505
2024_25_education_binary_lower,25,education_binary,lower,SKIN_CANCER,OTHER_CANCER,ok,,1.98661058959072,200,200,1.0,1.53657086488424,2.48295110000118,0.0,0.9811546736227335,1.0
2024_25_education_binary_lower,25,education_binary,lower,STROKE,ARTHRITIS,ok,,0.549075570588425,200,200,0.98,0.0532611863074523,0.977004944928529,0.009899494936611668,0.9497129130941735,0.9921955735836505
2024_25_education_binary_lower,25,education_binary,lower,STROKE,COPD,ok,,0.909190971182309,200,200,0.995,0.25006258989384,1.45443060819424,0.004987484335815003,0.9722262956021069,0.9991168312843989
2024_25_education_binary_lower,25,education_binary,lower,STROKE,CURRENT_ASTHMA,ok,,0.808327329839125,200,200,0.99,0.212760020554828,1.34313482466165,0.007035623639735147,0.9642782382838231,0.9972533418664555
2024_25_education_binary_lower,25,education_binary,lower,STROKE,DEPRESSIVE_DISORDER,ok,,0.718000970923065,200,200,0.995,0.192285767060022,1.27037672266047,0.004987484335815003,0.9722262956021069,0.9991168312843989
2024_25_education_binary_lower,25,education_binary,lower,STROKE,DIABETES,ok,,0.969173952511308,200,200,0.995,0.398191041454469,1.42927368342027,0.004987484335815003,0.9722262956021069,0.9991168312843989
2024_25_education_binary_lower,25,education_binary,lower,STROKE,KIDNEY_DISEASE,ok,,1.07134403741252,200,200,0.99,0.251347342674193,1.63987384697595,0.007035623639735147,0.9642782382838231,0.9972533418664555
2024_26_education_binary_higher,26,education_binary,higher,ARTHRITIS,DIABETES,ok,,0.588059802857056,200,200,1.0,0.409183826749684,0.802550468179117,0.0,0.9811546736227335,1.0
2024_26_education_binary_higher,26,education_binary,higher,COPD,ARTHRITIS,ok,,1.05266107615946,200,200,1.0,0.762577704636633,1.3210289007788,0.0,0.9811546736227335,1.0
2024_26_education_binary_higher,26,education_binary,higher,COPD,DEPRESSIVE_DISORDER,ok,,1.12558559012945,200,200,1.0,0.916934993253135,1.35109869642875,0.0,0.9811546736227335,1.0
2024_26_education_binary_higher,26,education_binary,higher,COPD,DIABETES,ok,,0.499180648489441,200,200,1.0,0.234729964921174,0.785315045408873,0.0,0.9811546736227335,1.0
2024_26_education_binary_higher,26,education_binary,higher,COPD,KIDNEY_DISEASE,ok,,1.07790106063001,200,200,1.0,0.741728743796837,1.37161070813851,0.0,0.9811546736227335,1.0
2024_26_education_binary_higher,26,education_binary,higher,CURRENT_ASTHMA,ARTHRITIS,ok,,0.949346092601884,200,200,1.0,0.715615897873583,1.16860411289893,0.0,0.9811546736227335,1.0
2024_26_education_binary_higher,26,education_binary,higher,CURRENT_ASTHMA,COPD,ok,,1.90241262433333,200,200,1.0,1.6259249206453,2.20240926753626,0.0,0.9811546736227335,1.0
2024_26_education_binary_higher,26,education_binary,higher,CURRENT_ASTHMA,DEPRESSIVE_DISORDER,ok,,0.808016294182707,200,200,1.0,0.610375166718442,1.01937942788127,0.0,0.9811546736227335,1.0
2024_26_education_binary_higher,26,education_binary,higher,CURRENT_ASTHMA,DIABETES,ok,,0.358738239033342,200,200,0.995,0.0792661442399853,0.600939064641419,0.004987484335815003,0.9722262956021069,0.9991168312843989
2024_26_education_binary_higher,26,education_binary,higher,CURRENT_ASTHMA,KIDNEY_DISEASE,ok,,0.396168395973543,200,200,0.975,0.0059320703654794,0.707746409806951,0.011039701082909813,0.942821659593358,0.9892752803482386
2024_26_education_binary_higher,26,education_binary,higher,CURRENT_ASTHMA,SKIN_CANCER,ok,,0.476237540928592,200,200,1.0,0.142734584944427,0.804354048645103,0.0,0.9811546736227335,1.0
2024_26_education_binary_higher,26,education_binary,higher,DEPRESSIVE_DISORDER,ARTHRITIS,ok,,1.0520458441459,200,200,1.0,0.884133163417243,1.2244580876679,0.0,0.9811546736227335,1.0
2024_26_education_binary_higher,26,education_binary,higher,DEPRESSIVE_DISORDER,DIABETES,ok,,0.543994767838905,200,200,1.0,0.313522812790941,0.775977200319706,0.0,0.9811546736227335,1.0
2024_26_education_binary_higher,26,education_binary,higher,DEPRESSIVE_DISORDER,KIDNEY_DISEASE,ok,,0.644460886978785,200,200,1.0,0.375255527260694,0.92175309152059,0.0,0.9811546736227335,1.0
2024_26_education_binary_higher,26,education_binary,higher,ISCHEMIC_HEART_DISEASE,ARTHRITIS,ok,,0.623770011239361,200,200,1.0,0.410892310450776,0.814249311969555,0.0,0.9811546736227335,1.0
2024_26_education_binary_higher,26,education_binary,higher,ISCHEMIC_HEART_DISEASE,COPD,ok,,0.827832902899857,200,200,1.0,0.48682216484961,1.09052298749775,0.0,0.9811546736227335,1.0
2024_26_education_binary_higher,26,education_binary,higher,ISCHEMIC_HEART_DISEASE,CURRENT_ASTHMA,ok,,0.528831179141977,200,200,1.0,0.212487235122364,0.889412383260817,0.0,0.9811546736227335,1.0
2024_26_education_binary_higher,26,education_binary,higher,ISCHEMIC_HEART_DISEASE,DEPRESSIVE_DISORDER,ok,,0.650162360264184,200,200,1.0,0.39201931785075,0.827983647930168,0.0,0.9811546736227335,1.0
2024_26_education_binary_higher,26,education_binary,higher,ISCHEMIC_HEART_DISEASE,DIABETES,ok,,0.857162724731822,200,200,1.0,0.585623818319323,1.05004204902576,0.0,0.9811546736227335,1.0
2024_26_education_binary_higher,26,education_binary,higher,ISCHEMIC_HEART_DISEASE,KIDNEY_DISEASE,ok,,1.12535123743798,200,200,1.0,0.834287974995812,1.52349106733418,0.0,0.9811546736227335,1.0
2024_26_education_binary_higher,26,education_binary,higher,ISCHEMIC_HEART_DISEASE,STROKE,ok,,1.3721378128551,200,200,1.0,1.05040190137068,1.69634277371775,0.0,0.9811546736227335,1.0
2024_26_education_binary_higher,26,education_binary,higher,KIDNEY_DISEASE,ARTHRITIS,ok,,0.639385890973472,200,200,1.0,0.364803789010682,0.946697266536751,0.0,0.9811546736227335,1.0
2024_26_education_binary_higher,26,education_binary,higher,KIDNEY_DISEASE,DIABETES,ok,,1.21395919923067,200,200,1.0,0.915835817422821,1.48965315720635,0.0,0.9811546736227335,1.0
2024_26_education_binary_higher,26,education_binary,higher,OTHER_CANCER,ARTHRITIS,ok,,0.418743395585446,200,200,1.0,0.262916209483258,0.616707150767992,0.0,0.9811546736227335,1.0
2024_26_education_binary_higher,26,education_binary,higher,OTHER_CANCER,COPD,ok,,0.385463016592412,200,200,0.995,0.0990494414789272,0.637434644828897,0.004987484335815003,0.9722262956021069,0.9991168312843989
2024_26_education_binary_higher,26,education_binary,higher,OTHER_CANCER,DEPRESSIVE_DISORDER,ok,,0.403504746072455,200,200,1.0,0.17448919517665,0.601935924629024,0.0,0.9811546736227335,1.0
2024_26_education_binary_higher,26,education_binary,higher,OTHER_CANCER,KIDNEY_DISEASE,ok,,0.546840456109,200,200,0.995,0.207793143001723,0.833371541754015,0.004987484335815003,0.9722262956021069,0.9991168312843989
2024_26_education_binary_higher,26,education_binary,higher,SKIN_CANCER,ARTHRITIS,ok,,0.452165124931561,200,200,1.0,0.231377038444124,0.670078163534564,0.0,0.9811546736227335,1.0
2024_26_education_binary_higher,26,education_binary,higher,SKIN_CANCER,DEPRESSIVE_DISORDER,ok,,0.332548191904414,200,200,0.985,0.0762122957860112,0.549581983326642,0.008595056718835545,0.9568342712073097,0.9948857622067417
2024_26_education_binary_higher,26,education_binary,higher,SKIN_CANCER,OTHER_CANCER,ok,,1.27092484704705,200,200,1.0,1.0740742569679,1.53528078976615,0.0,0.9811546736227335,1.0
2024_26_education_binary_higher,26,education_binary,higher,STROKE,ARTHRITIS,ok,,0.684318254139907,200,200,1.0,0.334525436848224,0.971948823576101,0.0,0.9811546736227335,1.0
2024_26_education_binary_higher,26,education_binary,higher,STROKE,COPD,ok,,0.914897130713723,200,200,1.0,0.505382809450991,1.26389354851555,0.0,0.9811546736227335,1.0
2024_26_education_binary_higher,26,education_binary,higher,STROKE,CURRENT_ASTHMA,ok,,0.517528213797974,200,200,0.995,0.15120978650593,0.937786825848928,0.004987484335815003,0.9722262956021069,0.9991168312843989
2024_26_education_binary_higher,26,education_binary,higher,STROKE,DEPRESSIVE_DISORDER,ok,,0.808388672793975,200,200,1.0,0.499957431211385,1.07086720137375,0.0,0.9811546736227335,1.0
2024_26_education_binary_higher,26,education_binary,higher,STROKE,DIABETES,ok,,1.15961101403534,200,200,1.0,0.855973909392554,1.5001787446642,0.0,0.9811546736227335,1.0
2024_26_education_binary_higher,26,education_binary,higher,STROKE,KIDNEY_DISEASE,ok,,0.902652736507227,200,200,1.0,0.417514521694664,1.20251204748449,0.0,0.9811546736227335,1.0
2024_26_education_binary_lower,26,education_binary,lower,ARTHRITIS,DIABETES,ok,,0.539928893482617,200,200,1.0,0.270957782445919,0.784539614359199,0.0,0.9811546736227335,1.0
2024_26_education_binary_lower,26,education_binary,lower,COPD,ARTHRITIS,ok,,1.03634964148069,200,200,1.0,0.717139006005434,1.37491805594547,0.0,0.9811546736227335,1.0
2024_26_education_binary_lower,26,education_binary,lower,COPD,DEPRESSIVE_DISORDER,ok,,1.26253888974527,200,200,1.0,1.00532942519972,1.52452035712272,0.0,0.9811546736227335,1.0
2024_26_education_binary_lower,26,education_binary,lower,CURRENT_ASTHMA,ARTHRITIS,ok,,1.0424301299517,200,200,1.0,0.71548453331377,1.39600975663841,0.0,0.9811546736227335,1.0
2024_26_education_binary_lower,26,education_binary,lower,CURRENT_ASTHMA,COPD,ok,,2.16226397650652,200,200,1.0,1.82163241949366,2.54081869817565,0.0,0.9811546736227335,1.0
2024_26_education_binary_lower,26,education_binary,lower,CURRENT_ASTHMA,DEPRESSIVE_DISORDER,ok,,1.03064803235477,200,200,1.0,0.677652949676496,1.33296358382946,0.0,0.9811546736227335,1.0
2024_26_education_binary_lower,26,education_binary,lower,CURRENT_ASTHMA,OTHER_CANCER,ok,,0.566795084482813,200,200,0.995,0.0673848552439842,0.978935867282346,0.004987484335815003,0.9722262956021069,0.9991168312843989
2024_26_education_binary_lower,26,education_binary,lower,DEPRESSIVE_DISORDER,ARTHRITIS,ok,,0.925291368234577,200,200,1.0,0.676452987755624,1.25784341485309,0.0,0.9811546736227335,1.0
2024_26_education_binary_lower,26,education_binary,lower,DEPRESSIVE_DISORDER,DIABETES,ok,,0.348016570978996,200,200,0.995,0.0522627257108097,0.68443622465986,0.004987484335815003,0.9722262956021069,0.9991168312843989
2024_26_education_binary_lower,26,education_binary,lower,DEPRESSIVE_DISORDER,KIDNEY_DISEASE,ok,,0.842469003607565,200,200,1.0,0.436707576759238,1.23310139401874,0.0,0.9811546736227335,1.0
2024_26_education_binary_lower,26,education_binary,lower,ISCHEMIC_HEART_DISEASE,ARTHRITIS,ok,,0.804928295767942,200,200,1.0,0.486378451543015,1.11210386330165,0.0,0.9811546736227335,1.0
2024_26_education_binary_lower,26,education_binary,lower,ISCHEMIC_HEART_DISEASE,COPD,ok,,1.32192654549882,200,200,1.0,1.02239869924735,1.67631125932027,0.0,0.9811546736227335,1.0
2024_26_education_binary_lower,26,education_binary,lower,ISCHEMIC_HEART_DISEASE,CURRENT_ASTHMA,ok,,0.747718422598657,200,200,0.995,0.337290543158948,1.11586721783121,0.004987484335815003,0.9722262956021069,0.9991168312843989
2024_26_education_binary_lower,26,education_binary,lower,ISCHEMIC_HEART_DISEASE,DEPRESSIVE_DISORDER,ok,,0.665537525281703,200,200,1.0,0.318692679220725,1.01485633231349,0.0,0.9811546736227335,1.0
2024_26_education_binary_lower,26,education_binary,lower,ISCHEMIC_HEART_DISEASE,DIABETES,ok,,0.894708289907551,200,200,1.0,0.541554718822779,1.16745344592782,0.0,0.9811546736227335,1.0
2024_26_education_binary_lower,26,education_binary,lower,ISCHEMIC_HEART_DISEASE,KIDNEY_DISEASE,ok,,1.05774579319411,200,200,1.0,0.640097375556381,1.47196439205249,0.0,0.9811546736227335,1.0
2024_26_education_binary_lower,26,education_binary,lower,ISCHEMIC_HEART_DISEASE,STROKE,ok,,1.49163290351123,200,200,1.0,1.05176952661636,1.88400679363096,0.0,0.9811546736227335,1.0
2024_26_education_binary_lower,26,education_binary,lower,KIDNEY_DISEASE,ARTHRITIS,ok,,0.951094637593892,200,200,1.0,0.533775670538801,1.47009934350374,0.0,0.9811546736227335,1.0
2024_26_education_binary_lower,26,education_binary,lower,KIDNEY_DISEASE,DIABETES,ok,,1.01582547275462,200,200,1.0,0.552391927542094,1.37714324125299,0.0,0.9811546736227335,1.0
2024_26_education_binary_lower,26,education_binary,lower,OTHER_CANCER,ARTHRITIS,ok,,0.522910692228257,200,200,1.0,0.206116802698392,0.859513120200183,0.0,0.9811546736227335,1.0
2024_26_education_binary_lower,26,education_binary,lower,OTHER_CANCER,COPD,ok,,0.561965576216502,200,200,1.0,0.18120382313664,0.917534112709092,0.0,0.9811546736227335,1.0
2024_26_education_binary_lower,26,education_binary,lower,OTHER_CANCER,DEPRESSIVE_DISORDER,ok,,0.480373859466415,200,200,1.0,0.139445548658802,0.825517125969582,0.0,0.9811546736227335,1.0
2024_26_education_binary_lower,26,education_binary,lower,OTHER_CANCER,KIDNEY_DISEASE,ok,,0.752356515852966,200,200,1.0,0.295407894771933,1.21508379477242,0.0,0.9811546736227335,1.0
2024_26_education_binary_lower,26,education_binary,lower,SKIN_CANCER,ARTHRITIS,ok,,0.588072209410111,200,200,1.0,0.239005537927305,1.01749664467322,0.0,0.9811546736227335,1.0
2024_26_education_binary_lower,26,education_binary,lower,SKIN_CANCER,OTHER_CANCER,ok,,1.85447880140897,200,200,1.0,1.46158139055102,2.26441561060398,0.0,0.9811546736227335,1.0
2024_26_education_binary_lower,26,education_binary,lower,STROKE,ARTHRITIS,ok,,1.18200533795517,200,200,1.0,0.766326305357993,1.60831778325601,0.0,0.9811546736227335,1.0
2024_26_education_binary_lower,26,education_binary,lower,STROKE,COPD,ok,,0.846206017762882,200,200,1.0,0.392773821165314,1.33257984041253,0.0,0.9811546736227335,1.0
2024_26_education_binary_lower,26,education_binary,lower,STROKE,CURRENT_ASTHMA,ok,,0.88536516899677,200,200,1.0,0.30490997443816,1.33509301174699,0.0,0.9811546736227335,1.0
2024_26_education_binary_lower,26,education_binary,lower,STROKE,DEPRESSIVE_DISORDER,ok,,0.910284188035805,200,200,1.0,0.461117480210755,1.24532500201049,0.0,0.9811546736227335,1.0
2024_26_education_binary_lower,26,education_binary,lower,STROKE,OTHER_CANCER,ok,,0.730031433637154,200,200,0.975,0.0101926639254095,1.19134389008662,0.011039701082909813,0.942821659593358,0.9892752803482386
2024_27_education_binary_higher,27,education_binary,higher,ARTHRITIS,DIABETES,ok,,0.452540946182541,200,200,1.0,0.313185243763651,0.621623441635946,0.0,0.9811546736227335,1.0
2024_27_education_binary_higher,27,education_binary,higher,COPD,ARTHRITIS,ok,,1.23479732268427,200,200,1.0,0.957984845405147,1.55748877641794,0.0,0.9811546736227335,1.0
2024_27_education_binary_higher,27,education_binary,higher,COPD,DEPRESSIVE_DISORDER,ok,,1.36220977530418,200,200,1.0,1.12474006452519,1.58813448305629,0.0,0.9811546736227335,1.0
2024_27_education_binary_higher,27,education_binary,higher,COPD,DIABETES,ok,,0.71005716451748,200,200,1.0,0.443242768258463,0.941810117374871,0.0,0.9811546736227335,1.0
2024_27_education_binary_higher,27,education_binary,higher,COPD,KIDNEY_DISEASE,ok,,0.918696284270988,200,200,1.0,0.570344832003841,1.20269624390332,0.0,0.9811546736227335,1.0
2024_27_education_binary_higher,27,education_binary,higher,CURRENT_ASTHMA,ARTHRITIS,ok,,1.04730830066303,200,200,1.0,0.882513298722856,1.25527057126642,0.0,0.9811546736227335,1.0
2024_27_education_binary_higher,27,education_binary,higher,CURRENT_ASTHMA,COPD,ok,,1.6844492273733,200,200,1.0,1.41480164791583,1.93167707986441,0.0,0.9811546736227335,1.0
2024_27_education_binary_higher,27,education_binary,higher,CURRENT_ASTHMA,DEPRESSIVE_DISORDER,ok,,0.759012768256494,200,200,1.0,0.591813792257152,0.916459784861577,0.0,0.9811546736227335,1.0
2024_27_education_binary_higher,27,education_binary,higher,CURRENT_ASTHMA,DIABETES,ok,,0.464261385154133,200,200,1.0,0.229136317653663,0.705465149063683,0.0,0.9811546736227335,1.0
2024_27_education_binary_higher,27,education_binary,higher,CURRENT_ASTHMA,KIDNEY_DISEASE,ok,,0.703535097446455,200,200,1.0,0.389268273570784,0.976790477366084,0.0,0.9811546736227335,1.0
2024_27_education_binary_higher,27,education_binary,higher,CURRENT_ASTHMA,OTHER_CANCER,ok,,0.277321932838726,200,200,0.99,0.0437339657788452,0.510646318127237,0.007035623639735147,0.9642782382838231,0.9972533418664555
2024_27_education_binary_higher,27,education_binary,higher,CURRENT_ASTHMA,SKIN_CANCER,ok,,0.347833951185216,200,200,0.995,0.0617908384655392,0.579563563503535,0.004987484335815003,0.9722262956021069,0.9991168312843989
2024_27_education_binary_higher,27,education_binary,higher,DEPRESSIVE_DISORDER,ARTHRITIS,ok,,0.97609422852026,200,200,1.0,0.847509969575387,1.11549937241956,0.0,0.9811546736227335,1.0
2024_27_education_binary_higher,27,education_binary,higher,DEPRESSIVE_DISORDER,DIABETES,ok,,0.495654840797435,200,200,1.0,0.344931297644615,0.688014274104667,0.0,0.9811546736227335,1.0
2024_27_education_binary_higher,27,education_binary,higher,DEPRESSIVE_DISORDER,KIDNEY_DISEASE,ok,,1.0064368896552,200,200,1.0,0.742075636944014,1.29084401928903,0.0,0.9811546736227335,1.0
2024_27_education_binary_higher,27,education_binary,higher,ISCHEMIC_HEART_DISEASE,ARTHRITIS,ok,,0.545641159148865,200,200,1.0,0.371264608277309,0.718045068921606,0.0,0.9811546736227335,1.0
2024_27_education_binary_higher,27,education_binary,higher,ISCHEMIC_HEART_DISEASE,COPD,ok,,1.19355634875987,200,200,1.0,0.877858763377737,1.4927006632571,0.0,0.9811546736227335,1.0
2024_27_education_binary_higher,27,education_binary,higher,ISCHEMIC_HEART_DISEASE,CURRENT_ASTHMA,ok,,0.649018791090504,200,200,1.0,0.351015910050254,0.917001824035232,0.0,0.9811546736227335,1.0
2024_27_education_binary_higher,27,education_binary,higher,ISCHEMIC_HEART_DISEASE,DEPRESSIVE_DISORDER,ok,,0.7338019959652,200,200,1.0,0.513099761315874,0.95618597225922,0.0,0.9811546736227335,1.0
2024_27_education_binary_higher,27,education_binary,higher,ISCHEMIC_HEART_DISEASE,DIABETES,ok,,1.23177610856255,200,200,1.0,1.04457868188942,1.42241610605952,0.0,0.9811546736227335,1.0
2024_27_education_binary_higher,27,education_binary,higher,ISCHEMIC_HEART_DISEASE,KIDNEY_DISEASE,ok,,1.4528819317781,200,200,1.0,1.14500189899814,1.72790821600881,0.0,0.9811546736227335,1.0
2024_27_education_binary_higher,27,education_binary,higher,ISCHEMIC_HEART_DISEASE,OTHER_CANCER,ok,,0.264483383187802,200,200,0.985,0.0148490245134973,0.472314602426182,0.008595056718835545,0.9568342712073097,0.9948857622067417
2024_27_education_binary_higher,27,education_binary,higher,ISCHEMIC_HEART_DISEASE,STROKE,ok,,1.50923063250048,200,200,1.0,1.16316823679044,1.83077774998775,0.0,0.9811546736227335,1.0
2024_27_education_binary_higher,27,education_binary,higher,KIDNEY_DISEASE,ARTHRITIS,ok,,0.779153223822001,200,200,1.0,0.554860157958756,0.985573497228555,0.0,0.9811546736227335,1.0
2024_27_education_binary_higher,27,education_binary,higher,KIDNEY_DISEASE,DIABETES,ok,,1.36828622476058,200,200,1.0,1.14940274452174,1.58329556418634,0.0,0.9811546736227335,1.0
2024_27_education_binary_higher,27,education_binary,higher,OTHER_CANCER,ARTHRITIS,ok,,0.231975158909209,200,200,1.0,0.0954669007948898,0.377606379890508,0.0,0.9811546736227335,1.0
2024_27_education_binary_higher,27,education_binary,higher,OTHER_CANCER,COPD,ok,,0.65725604741537,200,200,1.0,0.357491461635932,0.929799802561012,0.0,0.9811546736227335,1.0
2024_27_education_binary_higher,27,education_binary,higher,OTHER_CANCER,KIDNEY_DISEASE,ok,,0.723761664093116,200,200,1.0,0.435352143470485,0.959289498398715,0.0,0.9811546736227335,1.0
2024_27_education_binary_higher,27,education_binary,higher,SKIN_CANCER,ARTHRITIS,ok,,0.191516650861055,200,200,0.985,0.0227953239869283,0.36058876777932,0.008595056718835545,0.9568342712073097,0.9948857622067417
2024_27_education_binary_higher,27,education_binary,higher,SKIN_CANCER,KIDNEY_DISEASE,ok,,0.553486067424521,200,200,1.0,0.296955583365956,0.841554419926494,0.0,0.9811546736227335,1.0
2024_27_education_binary_higher,27,education_binary,higher,SKIN_CANCER,OTHER_CANCER,ok,,1.36805333320328,200,200,1.0,1.13824424304074,1.56246629096605,0.0,0.9811546736227335,1.0
2024_27_education_binary_higher,27,education_binary,higher,STROKE,ARTHRITIS,ok,,0.504963055081404,200,200,1.0,0.226334652018148,0.790955899289483,0.0,0.9811546736227335,1.0
2024_27_education_binary_higher,27,education_binary,higher,STROKE,COPD,ok,,0.901573763251587,200,200,1.0,0.277823477555597,1.39402134695813,0.0,0.9811546736227335,1.0
2024_27_education_binary_higher,27,education_binary,higher,STROKE,CURRENT_ASTHMA,ok,,0.496714864050295,200,200,1.0,0.156549060477047,0.831963021935905,0.0,0.9811546736227335,1.0
2024_27_education_binary_higher,27,education_binary,higher,STROKE,DEPRESSIVE_DISORDER,ok,,0.625903679336656,200,200,1.0,0.333351184011482,0.961569179277913,0.0,0.9811546736227335,1.0
2024_27_education_binary_higher,27,education_binary,higher,STROKE,DIABETES,ok,,0.766173582500964,200,200,1.0,0.430508611191206,1.0533322397251,0.0,0.9811546736227335,1.0
2024_27_education_binary_higher,27,education_binary,higher,STROKE,KIDNEY_DISEASE,ok,,1.02150184198358,200,200,1.0,0.525118883501435,1.40995021435706,0.0,0.9811546736227335,1.0
2024_27_education_binary_lower,27,education_binary,lower,COPD,ARTHRITIS,ok,,0.865308885969743,200,200,1.0,0.553951265438604,1.20011146791678,0.0,0.9811546736227335,1.0
2024_27_education_binary_lower,27,education_binary,lower,COPD,DEPRESSIVE_DISORDER,ok,,1.10794676408364,200,200,1.0,0.800789469655082,1.40005972202663,0.0,0.9811546736227335,1.0
2024_27_education_binary_lower,27,education_binary,lower,COPD,DIABETES,ok,,0.456745638428867,200,200,0.99,0.108764611457133,0.766577135194654,0.007035623639735147,0.9642782382838231,0.9972533418664555
2024_27_education_binary_lower,27,education_binary,lower,COPD,KIDNEY_DISEASE,ok,,0.713428027386041,200,200,0.995,0.277506889313307,1.15006997949462,0.004987484335815003,0.9722262956021069,0.9991168312843989
2024_27_education_binary_lower,27,education_binary,lower,CURRENT_ASTHMA,ARTHRITIS,ok,,1.10190537301037,200,200,1.0,0.735490393189957,1.43714213519712,0.0,0.9811546736227335,1.0
2024_27_education_binary_lower,27,education_binary,lower,CURRENT_ASTHMA,COPD,ok,,2.06724988373844,200,200,1.0,1.65695090895047,2.40125080718706,0.0,0.9811546736227335,1.0
2024_27_education_binary_lower,27,education_binary,lower,CURRENT_ASTHMA,DEPRESSIVE_DISORDER,ok,,0.940586370234731,200,200,1.0,0.652190266682301,1.26584212708865,0.0,0.9811546736227335,1.0
2024_27_education_binary_lower,27,education_binary,lower,CURRENT_ASTHMA,DIABETES,ok,,0.44493018784857,200,200,0.995,0.0649740314745303,0.76019248717171,0.004987484335815003,0.9722262956021069,0.9991168312843989
2024_27_education_binary_lower,27,education_binary,lower,CURRENT_ASTHMA,OTHER_CANCER,ok,,0.497780988811424,200,200,0.96,-0.0243203713733,0.924239018098914,0.013856406460551024,0.923067931799067,0.9795943679338476
2024_27_education_binary_lower,27,education_binary,lower,DEPRESSIVE_DISORDER,ARTHRITIS,ok,,1.17841424619173,200,200,1.0,0.966520966527431,1.41013232893547,0.0,0.9811546736227335,1.0
2024_27_education_binary_lower,27,education_binary,lower,DEPRESSIVE_DISORDER,DIABETES,ok,,0.504523974289403,200,200,1.0,0.201736530517899,0.762831745199753,0.0,0.9811546736227335,1.0
2024_27_education_binary_lower,27,education_binary,lower,DEPRESSIVE_DISORDER,KIDNEY_DISEASE,ok,,0.660230309318531,200,200,1.0,0.304963894250997,1.02040613230184,0.0,0.9811546736227335,1.0
2024_27_education_binary_lower,27,education_binary,lower,ISCHEMIC_HEART_DISEASE,ARTHRITIS,ok,,0.744723885151818,200,200,1.0,0.470364153151019,0.991260394025069,0.0,0.9811546736227335,1.0
2024_27_education_binary_lower,27,education_binary,lower,ISCHEMIC_HEART_DISEASE,COPD,ok,,0.993827342885522,200,200,1.0,0.607561929061679,1.33595390397321,0.0,0.9811546736227335,1.0
2024_27_education_binary_lower,27,education_binary,lower,ISCHEMIC_HEART_DISEASE,CURRENT_ASTHMA,ok,,0.711350919586217,200,200,0.995,0.269061459558113,1.11418117578207,0.004987484335815003,0.9722262956021069,0.9991168312843989
2024_27_education_binary_lower,27,education_binary,lower,ISCHEMIC_HEART_DISEASE,DEPRESSIVE_DISORDER,ok,,0.553376930155115,200,200,1.0,0.217987993739315,0.841243876675105,0.0,0.9811546736227335,1.0
2024_27_education_binary_lower,27,education_binary,lower,ISCHEMIC_HEART_DISEASE,DIABETES,ok,,0.750958962941751,200,200,1.0,0.414420157255683,0.992459494997025,0.0,0.9811546736227335,1.0
2024_27_education_binary_lower,27,education_binary,lower,ISCHEMIC_HEART_DISEASE,KIDNEY_DISEASE,ok,,1.01841951437779,200,200,1.0,0.556219157764899,1.39132668952025,0.0,0.9811546736227335,1.0
2024_27_education_binary_lower,27,education_binary,lower,ISCHEMIC_HEART_DISEASE,OTHER_CANCER,ok,,0.372408338709974,200,200,0.985,0.0370588070411737,0.695184304042037,0.008595056718835545,0.9568342712073097,0.9948857622067417
2024_27_education_binary_lower,27,education_binary,lower,ISCHEMIC_HEART_DISEASE,STROKE,ok,,1.4641665126523,200,200,1.0,1.05188954757454,1.92343490847546,0.0,0.9811546736227335,1.0
2024_27_education_binary_lower,27,education_binary,lower,KIDNEY_DISEASE,ARTHRITIS,ok,,0.4817113255349,200,200,1.0,0.103857431112871,0.867721008776549,0.0,0.9811546736227335,1.0
2024_27_education_binary_lower,27,education_binary,lower,KIDNEY_DISEASE,DIABETES,ok,,1.0410414213035,200,200,1.0,0.652561857763397,1.42598861084776,0.0,0.9811546736227335,1.0
2024_27_education_binary_lower,27,education_binary,lower,OTHER_CANCER,ARTHRITIS,ok,,0.423407405659037,200,200,0.995,0.167961339229032,0.692737729407404,0.004987484335815003,0.9722262956021069,0.9991168312843989
2024_27_education_binary_lower,27,education_binary,lower,OTHER_CANCER,COPD,ok,,0.501729515816831,200,200,0.985,0.0684567144416452,0.946413511663587,0.008595056718835545,0.9568342712073097,0.9948857622067417
2024_27_education_binary_lower,27,education_binary,lower,OTHER_CANCER,DEPRESSIVE_DISORDER,ok,,0.529005299173038,200,200,0.995,0.179070385015877,0.81338965212279,0.004987484335815003,0.9722262956021069,0.9991168312843989
2024_27_education_binary_lower,27,education_binary,lower,OTHER_CANCER,KIDNEY_DISEASE,ok,,0.579946930076344,200,200,1.0,0.185325493205644,0.960486286026087,0.0,0.9811546736227335,1.0
2024_27_education_binary_lower,27,education_binary,lower,SKIN_CANCER,KIDNEY_DISEASE,ok,,0.634516770333584,200,200,0.99,0.135061457770416,1.08726266668815,0.007035623639735147,0.9642782382838231,0.9972533418664555
2024_27_education_binary_lower,27,education_binary,lower,SKIN_CANCER,OTHER_CANCER,ok,,1.3029892129035,200,200,1.0,0.937346713107772,1.69634332947854,0.0,0.9811546736227335,1.0
2024_27_education_binary_lower,27,education_binary,lower,STROKE,ARTHRITIS,ok,,0.779444901031758,200,200,1.0,0.438265599380929,1.13901252533774,0.0,0.9811546736227335,1.0
2024_27_education_binary_lower,27,education_binary,lower,STROKE,COPD,ok,,0.995647884873675,200,200,1.0,0.436183242241753,1.50279492068821,0.0,0.9811546736227335,1.0
2024_27_education_binary_lower,27,education_binary,lower,STROKE,CURRENT_ASTHMA,ok,,0.539218312833964,200,200,0.985,0.0304491854033393,1.03603818211045,0.008595056718835545,0.9568342712073097,0.9948857622067417
2024_27_education_binary_lower,27,education_binary,lower,STROKE,DEPRESSIVE_DISORDER,ok,,0.888643169898553,200,200,1.0,0.471380789825414,1.3266937026575,0.0,0.9811546736227335,1.0
2024_27_education_binary_lower,27,education_binary,lower,STROKE,DIABETES,ok,,0.737460389911527,200,200,1.0,0.319880472968849,1.1212501573122,0.0,0.9811546736227335,1.0
2024_27_education_binary_lower,27,education_binary,lower,STROKE,KIDNEY_DISEASE,ok,,0.710971857411923,200,200,0.995,0.179510347985393,1.10179759456535,0.004987484335815003,0.9722262956021069,0.9991168312843989
2024_27_education_binary_lower,27,education_binary,lower,STROKE,SKIN_CANCER,ok,,0.695696624685177,200,200,0.985,0.0594370186750926,1.14629704017783,0.008595056718835545,0.9568342712073097,0.9948857622067417
2024_29_education_binary_higher,29,education_binary,higher,ARTHRITIS,DIABETES,ok,,0.675779291958868,200,200,1.0,0.355009220307194,0.994033968508751,0.0,0.9811546736227335,1.0
2024_29_education_binary_higher,29,education_binary,higher,COPD,ARTHRITIS,ok,,1.04830464956063,200,200,1.0,0.63525493914154,1.4809534212465,0.0,0.9811546736227335,1.0
2024_29_education_binary_higher,29,education_binary,higher,COPD,DEPRESSIVE_DISORDER,ok,,1.26768427853967,200,200,1.0,0.907345604342237,1.60584250550898,0.0,0.9811546736227335,1.0
2024_29_education_binary_higher,29,education_binary,higher,COPD,KIDNEY_DISEASE,ok,,0.650074688331761,200,200,0.96,-0.0627016009192902,1.26355440893027,0.013856406460551024,0.923067931799067,0.9795943679338476
2024_29_education_binary_higher,29,education_binary,higher,CURRENT_ASTHMA,ARTHRITIS,ok,,1.00254065602131,200,200,1.0,0.728766047733278,1.33555737557924,0.0,0.9811546736227335,1.0
2024_29_education_binary_higher,29,education_binary,higher,CURRENT_ASTHMA,COPD,ok,,1.67336539187714,200,200,1.0,1.31553070117626,2.03665610444753,0.0,0.9811546736227335,1.0
2024_29_education_binary_higher,29,education_binary,higher,CURRENT_ASTHMA,DEPRESSIVE_DISORDER,ok,,1.10464507694664,200,200,1.0,0.806066588331311,1.41943837960126,0.0,0.9811546736227335,1.0
2024_29_education_binary_higher,29,education_binary,higher,CURRENT_ASTHMA,DIABETES,ok,,0.483036199620732,200,200,1.0,0.158022861701631,0.901530596505301,0.0,0.9811546736227335,1.0
2024_29_education_binary_higher,29,education_binary,higher,CURRENT_ASTHMA,KIDNEY_DISEASE,ok,,0.829529187471341,200,200,0.985,0.0356716662485656,1.38699543115503,0.008595056718835545,0.9568342712073097,0.9948857622067417
2024_29_education_binary_higher,29,education_binary,higher,DEPRESSIVE_DISORDER,ARTHRITIS,ok,,1.21067022733618,200,200,1.0,0.992333050260772,1.48459928813229,0.0,0.9811546736227335,1.0
2024_29_education_binary_higher,29,education_binary,higher,DEPRESSIVE_DISORDER,DIABETES,ok,,0.664114738339049,200,200,1.0,0.379182243386518,0.964419676141338,0.0,0.9811546736227335,1.0
2024_29_education_binary_higher,29,education_binary,higher,DEPRESSIVE_DISORDER,KIDNEY_DISEASE,ok,,0.707169939473225,200,200,1.0,0.272155620313945,1.08421037245779,0.0,0.9811546736227335,1.0
2024_29_education_binary_higher,29,education_binary,higher,ISCHEMIC_HEART_DISEASE,ARTHRITIS,ok,,1.03932249068782,200,200,1.0,0.707402824129806,1.4342929009716,0.0,0.9811546736227335,1.0
2024_29_education_binary_higher,29,education_binary,higher,ISCHEMIC_HEART_DISEASE,COPD,ok,,1.3953931795452,200,200,1.0,0.916412575041801,1.80240293838789,0.0,0.9811546736227335,1.0
2024_29_education_binary_higher,29,education_binary,higher,ISCHEMIC_HEART_DISEASE,CURRENT_ASTHMA,ok,,0.935380230275522,200,200,1.0,0.376762794847266,1.43526591421768,0.0,0.9811546736227335,1.0
2024_29_education_binary_higher,29,education_binary,higher,ISCHEMIC_HEART_DISEASE,DEPRESSIVE_DISORDER,ok,,0.921322570842227,200,200,1.0,0.544434790786022,1.25098049293282,0.0,0.9811546736227335,1.0
2024_29_education_binary_higher,29,education_binary,higher,ISCHEMIC_HEART_DISEASE,DIABETES,ok,,0.821858399442545,200,200,1.0,0.470054508718374,1.16484625851068,0.0,0.9811546736227335,1.0
2024_29_education_binary_higher,29,education_binary,higher,ISCHEMIC_HEART_DISEASE,KIDNEY_DISEASE,ok,,1.38535441615841,200,200,1.0,0.858768040770238,1.8292630829038,0.0,0.9811546736227335,1.0
2024_29_education_binary_higher,29,education_binary,higher,ISCHEMIC_HEART_DISEASE,OTHER_CANCER,ok,,0.445424380444858,200,200,0.99,0.0681176788740511,0.820119034051944,0.007035623639735147,0.9642782382838231,0.9972533418664555
2024_29_education_binary_higher,29,education_binary,higher,ISCHEMIC_HEART_DISEASE,STROKE,ok,,1.82941332321375,200,200,1.0,1.44836827028779,2.23525973703087,0.0,0.9811546736227335,1.0
2024_29_education_binary_higher,29,education_binary,higher,KIDNEY_DISEASE,ARTHRITIS,ok,,0.953600913816223,200,200,1.0,0.576943898251052,1.36197759288931,0.0,0.9811546736227335,1.0
2024_29_education_binary_higher,29,education_binary,higher,KIDNEY_DISEASE,DIABETES,ok,,1.37236539070774,200,200,1.0,0.961476697712688,1.83732094742409,0.0,0.9811546736227335,1.0
2024_29_education_binary_higher,29,education_binary,higher,OTHER_CANCER,ARTHRITIS,ok,,0.348486021878841,200,200,0.99,0.0716582750649362,0.618420970147664,0.007035623639735147,0.9642782382838231,0.9972533418664555
2024_29_education_binary_higher,29,education_binary,higher,OTHER_CANCER,KIDNEY_DISEASE,ok,,0.59086039666307,200,200,0.995,0.19463418360506,0.975133272299241,0.004987484335815003,0.9722262956021069,0.9991168312843989
2024_29_education_binary_higher,29,education_binary,higher,SKIN_CANCER,OTHER_CANCER,ok,,1.13412549146066,200,200,1.0,0.708593593640441,1.50206153447998,0.0,0.9811546736227335,1.0
2024_29_education_binary_higher,29,education_binary,higher,STROKE,ARTHRITIS,ok,,0.765144198832553,200,200,1.0,0.338499509893837,1.21483871925181,0.0,0.9811546736227335,1.0
2024_29_education_binary_higher,29,education_binary,higher,STROKE,COPD,ok,,1.21769794871375,200,200,1.0,0.613565736316446,1.74775337524447,0.0,0.9811546736227335,1.0
2024_29_education_binary_higher,29,education_binary,higher,STROKE,CURRENT_ASTHMA,ok,,0.864285554967471,200,200,0.995,0.266067733898797,1.35357807857126,0.004987484335815003,0.9722262956021069,0.9991168312843989
2024_29_education_binary_higher,29,education_binary,higher,STROKE,DEPRESSIVE_DISORDER,ok,,1.2761353482399,200,200,1.0,0.788429255245938,1.6854509101853,0.0,0.9811546736227335,1.0
2024_29_education_binary_higher,29,education_binary,higher,STROKE,DIABETES,ok,,0.54824777784586,200,200,0.995,0.0861546343751294,0.965510303288149,0.004987484335815003,0.9722262956021069,0.9991168312843989
2024_29_education_binary_higher,29,education_binary,higher,STROKE,KIDNEY_DISEASE,ok,,0.60830663742452,200,200,0.96,-0.0523901546551109,1.13165225843704,0.013856406460551024,0.923067931799067,0.9795943679338476
2024_29_education_binary_lower,29,education_binary,lower,ARTHRITIS,DIABETES,ok,,0.469840066567632,200,200,0.995,0.157376534741228,0.808127586869088,0.004987484335815003,0.9722262956021069,0.9991168312843989
2024_29_education_binary_lower,29,education_binary,lower,COPD,ARTHRITIS,ok,,0.964087032251863,200,200,1.0,0.564588839629129,1.36190940524306,0.0,0.9811546736227335,1.0
2024_29_education_binary_lower,29,education_binary,lower,COPD,DEPRESSIVE_DISORDER,ok,,1.10923890636848,200,200,1.0,0.774598738850586,1.43427442712019,0.0,0.9811546736227335,1.0
2024_29_education_binary_lower,29,education_binary,lower,COPD,DIABETES,ok,,0.448234557228659,200,200,0.995,0.0760399570325206,0.833001845007539,0.004987484335815003,0.9722262956021069,0.9991168312843989
2024_29_education_binary_lower,29,education_binary,lower,COPD,KIDNEY_DISEASE,ok,,0.586185812620896,200,200,0.975,0.0072044714869145,1.08091841590777,0.011039701082909813,0.942821659593358,0.9892752803482386
2024_29_education_binary_lower,29,education_binary,lower,CURRENT_ASTHMA,ARTHRITIS,ok,,0.896497487424802,200,200,1.0,0.46978708461102,1.2528114591935,0.0,0.9811546736227335,1.0
2024_29_education_binary_lower,29,education_binary,lower,CURRENT_ASTHMA,COPD,ok,,2.33117166762122,200,200,1.0,1.92926530480232,2.71384292734423,0.0,0.9811546736227335,1.0
2024_29_education_binary_lower,29,education_binary,lower,CURRENT_ASTHMA,DEPRESSIVE_DISORDER,ok,,0.970065558552078,200,200,1.0,0.631902847599305,1.33839323307383,0.0,0.9811546736227335,1.0
2024_29_education_binary_lower,29,education_binary,lower,CURRENT_ASTHMA,DIABETES,ok,,0.689899260451203,200,200,1.0,0.260252818698923,1.17531603703,0.0,0.9811546736227335,1.0
2024_29_education_binary_lower,29,education_binary,lower,DEPRESSIVE_DISORDER,ARTHRITIS,ok,,1.19086323211711,200,200,1.0,0.933505124472349,1.48528352456591,0.0,0.9811546736227335,1.0
2024_29_education_binary_lower,29,education_binary,lower,DEPRESSIVE_DISORDER,DIABETES,ok,,0.503356387282458,200,200,1.0,0.209750963860878,0.880060760598958,0.0,0.9811546736227335,1.0
2024_29_education_binary_lower,29,education_binary,lower,DEPRESSIVE_DISORDER,KIDNEY_DISEASE,ok,,1.19992837826689,200,200,1.0,0.746169492639782,1.62730642225538,0.0,0.9811546736227335,1.0
2024_29_education_binary_lower,29,education_binary,lower,ISCHEMIC_HEART_DISEASE,ARTHRITIS,ok,,0.918359818063151,200,200,1.0,0.534784009604047,1.31928783931157,0.0,0.9811546736227335,1.0
2024_29_education_binary_lower,29,education_binary,lower,ISCHEMIC_HEART_DISEASE,COPD,ok,,0.99496585258345,200,200,1.0,0.589935212185846,1.47986015533729,0.0,0.9811546736227335,1.0
2024_29_education_binary_lower,29,education_binary,lower,ISCHEMIC_HEART_DISEASE,CURRENT_ASTHMA,ok,,0.966942663547405,200,200,1.0,0.512067547579224,1.37898375898452,0.0,0.9811546736227335,1.0
2024_29_education_binary_lower,29,education_binary,lower,ISCHEMIC_HEART_DISEASE,DEPRESSIVE_DISORDER,ok,,0.860082292031316,200,200,1.0,0.467674745990315,1.2348011006791,0.0,0.9811546736227335,1.0
2024_29_education_binary_lower,29,education_binary,lower,ISCHEMIC_HEART_DISEASE,DIABETES,ok,,1.03147864863166,200,200,1.0,0.648611453758251,1.42876396676485,0.0,0.9811546736227335,1.0
2024_29_education_binary_lower,29,education_binary,lower,ISCHEMIC_HEART_DISEASE,KIDNEY_DISEASE,ok,,1.06453727131811,200,200,1.0,0.578622891726435,1.56417268338889,0.0,0.9811546736227335,1.0
2024_29_education_binary_lower,29,education_binary,lower,ISCHEMIC_HEART_DISEASE,OTHER_CANCER,ok,,0.518020473465853,200,200,0.98,0.0341326632169433,0.946101813474874,0.009899494936611668,0.9497129130941735,0.9921955735836505
2024_29_education_binary_lower,29,education_binary,lower,ISCHEMIC_HEART_DISEASE,STROKE,ok,,1.35883375161811,200,200,1.0,0.710976298892269,1.95363964849028,0.0,0.9811546736227335,1.0
2024_29_education_binary_lower,29,education_binary,lower,KIDNEY_DISEASE,ARTHRITIS,ok,,1.3398304821184,200,200,1.0,0.708690934976115,1.96482607373968,0.0,0.9811546736227335,1.0
2024_29_education_binary_lower,29,education_binary,lower,KIDNEY_DISEASE,DIABETES,ok,,1.20992259918728,200,200,1.0,0.717802672595362,1.70864017870701,0.0,0.9811546736227335,1.0
2024_29_education_binary_lower,29,education_binary,lower,OTHER_CANCER,COPD,ok,,0.61641260152301,200,200,0.995,0.177746549947182,0.971276957323283,0.004987484335815003,0.9722262956021069,0.9991168312843989
2024_29_education_binary_lower,29,education_binary,lower,OTHER_CANCER,KIDNEY_DISEASE,ok,,0.931275296401263,200,200,1.0,0.281748464889887,1.39842656901846,0.0,0.9811546736227335,1.0
2024_29_education_binary_lower,29,education_binary,lower,SKIN_CANCER,OTHER_CANCER,ok,,1.25404946888862,200,200,1.0,0.885563484382726,1.73450721365363,0.0,0.9811546736227335,1.0
2024_29_education_binary_lower,29,education_binary,lower,STROKE,ARTHRITIS,ok,,0.891266116319567,200,200,1.0,0.35424972006983,1.36239446030084,0.0,0.9811546736227335,1.0
2024_29_education_binary_lower,29,education_binary,lower,STROKE,COPD,ok,,0.800093776825599,200,200,1.0,0.290711716894902,1.28453293069094,0.0,0.9811546736227335,1.0
2024_29_education_binary_lower,29,education_binary,lower,STROKE,CURRENT_ASTHMA,ok,,0.826413755649639,200,200,1.0,0.263186967098587,1.32169439030864,0.0,0.9811546736227335,1.0
2024_29_education_binary_lower,29,education_binary,lower,STROKE,DEPRESSIVE_DISORDER,ok,,1.07313301656176,200,200,1.0,0.613431094134735,1.44283708662277,0.0,0.9811546736227335,1.0
2024_29_education_binary_lower,29,education_binary,lower,STROKE,DIABETES,ok,,0.888132003803723,200,200,1.0,0.341927907706379,1.40001040711408,0.0,0.9811546736227335,1.0
2024_29_education_binary_lower,29,education_binary,lower,STROKE,KIDNEY_DISEASE,ok,,0.882916319225832,200,200,0.99,0.122717212368312,1.48530780758782,0.007035623639735147,0.9642782382838231,0.9972533418664555
2024_30_education_binary_higher,30,education_binary,higher,ARTHRITIS,DIABETES,ok,,0.579583845169896,200,200,1.0,0.385201304004748,0.824657939546304,0.0,0.9811546736227335,1.0
2024_30_education_binary_higher,30,education_binary,higher,COPD,ARTHRITIS,ok,,0.860908702147881,200,200,1.0,0.576842506536239,1.19542269195747,0.0,0.9811546736227335,1.0
2024_30_education_binary_higher,30,education_binary,higher,COPD,DEPRESSIVE_DISORDER,ok,,1.01780148861417,200,200,1.0,0.698997486495061,1.35225213348462,0.0,0.9811546736227335,1.0
2024_30_education_binary_higher,30,education_binary,higher,COPD,DIABETES,ok,,0.740287686739254,200,200,1.0,0.417707375849901,1.15362885365885,0.0,0.9811546736227335,1.0
2024_30_education_binary_higher,30,education_binary,higher,COPD,KIDNEY_DISEASE,ok,,1.100838781502,200,200,1.0,0.560148660439606,1.55060818774782,0.0,0.9811546736227335,1.0
2024_30_education_binary_higher,30,education_binary,higher,CURRENT_ASTHMA,ARTHRITIS,ok,,0.94522939457847,200,200,1.0,0.6837146708004,1.27736666508966,0.0,0.9811546736227335,1.0
2024_30_education_binary_higher,30,education_binary,higher,CURRENT_ASTHMA,COPD,ok,,1.42583273080642,200,200,1.0,1.13113216368757,1.75337845403704,0.0,0.9811546736227335,1.0
2024_30_education_binary_higher,30,education_binary,higher,CURRENT_ASTHMA,DEPRESSIVE_DISORDER,ok,,0.705527817654484,200,200,1.0,0.464442769279286,0.918222768772472,0.0,0.9811546736227335,1.0
2024_30_education_binary_higher,30,education_binary,higher,CURRENT_ASTHMA,DIABETES,ok,,0.375799638671305,200,200,0.995,0.0554656958334347,0.735472226492593,0.004987484335815003,0.9722262956021069,0.9991168312843989
2024_30_education_binary_higher,30,education_binary,higher,DEPRESSIVE_DISORDER,ARTHRITIS,ok,,0.898890120574098,200,200,1.0,0.704663425327191,1.09800036511985,0.0,0.9811546736227335,1.0
2024_30_education_binary_higher,30,education_binary,higher,DEPRESSIVE_DISORDER,DIABETES,ok,,0.553188561475451,200,200,1.0,0.338702276698133,0.833471892807742,0.0,0.9811546736227335,1.0
2024_30_education_binary_higher,30,education_binary,higher,DEPRESSIVE_DISORDER,KIDNEY_DISEASE,ok,,0.788582462074364,200,200,1.0,0.387834914121714,1.11348189627366,0.0,0.9811546736227335,1.0
2024_30_education_binary_higher,30,education_binary,higher,ISCHEMIC_HEART_DISEASE,ARTHRITIS,ok,,0.391763113076127,200,200,1.0,0.201476658356521,0.670788781706602,0.0,0.9811546736227335,1.0
2024_30_education_binary_higher,30,education_binary,higher,ISCHEMIC_HEART_DISEASE,COPD,ok,,1.0816958300639,200,200,1.0,0.763317878520704,1.44626391201756,0.0,0.9811546736227335,1.0
2024_30_education_binary_higher,30,education_binary,higher,ISCHEMIC_HEART_DISEASE,CURRENT_ASTHMA,ok,,0.581806435570791,200,200,1.0,0.141579035282257,1.04441610588809,0.0,0.9811546736227335,1.0
2024_30_education_binary_higher,30,education_binary,higher,ISCHEMIC_HEART_DISEASE,DEPRESSIVE_DISORDER,ok,,0.499422636785864,200,200,0.995,0.12147575058262,0.812936676344237,0.004987484335815003,0.9722262956021069,0.9991168312843989
2024_30_education_binary_higher,30,education_binary,higher,ISCHEMIC_HEART_DISEASE,DIABETES,ok,,0.945124499616515,200,200,1.0,0.592683301007714,1.26831431627468,0.0,0.9811546736227335,1.0
2024_30_education_binary_higher,30,education_binary,higher,ISCHEMIC_HEART_DISEASE,KIDNEY_DISEASE,ok,,1.19842441213073,200,200,1.0,0.654924144210823,1.58228339885523,0.0,0.9811546736227335,1.0
2024_30_education_binary_higher,30,education_binary,higher,ISCHEMIC_HEART_DISEASE,OTHER_CANCER,ok,,0.347914658069891,200,200,0.98,0.0344263208165533,0.649691097324438,0.009899494936611668,0.9497129130941735,0.9921955735836505
2024_30_education_binary_higher,30,education_binary,higher,ISCHEMIC_HEART_DISEASE,STROKE,ok,,1.61339098183502,200,200,1.0,1.15978065209112,2.09467059861047,0.0,0.9811546736227335,1.0
2024_30_education_binary_higher,30,education_binary,higher,KIDNEY_DISEASE,ARTHRITIS,ok,,0.587890480855106,200,200,0.995,0.207979864227206,0.940023372986174,0.004987484335815003,0.9722262956021069,0.9991168312843989
2024_30_education_binary_higher,30,education_binary,higher,KIDNEY_DISEASE,DIABETES,ok,,1.32253537285081,200,200,1.0,0.860163611350941,1.78668591301797,0.0,0.9811546736227335,1.0
2024_30_education_binary_higher,30,education_binary,higher,OTHER_CANCER,ARTHRITIS,ok,,0.270730651387223,200,200,1.0,0.0864363333430434,0.494372391437638,0.0,0.9811546736227335,1.0
2024_30_education_binary_higher,30,education_binary,higher,OTHER_CANCER,KIDNEY_DISEASE,ok,,0.568865987508198,200,200,1.0,0.144601229039323,0.907166236925143,0.0,0.9811546736227335,1.0
2024_30_education_binary_higher,30,education_binary,higher,SKIN_CANCER,ARTHRITIS,ok,,0.253274449783229,200,200,0.995,0.0415992956012779,0.458552716614736,0.004987484335815003,0.9722262956021069,0.9991168312843989
2024_30_education_binary_higher,30,education_binary,higher,SKIN_CANCER,OTHER_CANCER,ok,,1.23029040065775,200,200,1.0,0.939135213924566,1.49665860087948,0.0,0.9811546736227335,1.0
2024_30_education_binary_higher,30,education_binary,higher,STROKE,ARTHRITIS,ok,,0.664458076443616,200,200,1.0,0.27994697588701,1.11000650794592,0.0,0.9811546736227335,1.0
2024_30_education_binary_higher,30,education_binary,higher,STROKE,COPD,ok,,0.761019524341032,200,200,1.0,0.236352803290386,1.28088435504687,0.0,0.9811546736227335,1.0
2024_30_education_binary_higher,30,education_binary,higher,STROKE,CURRENT_ASTHMA,ok,,0.604987621023529,200,200,0.96,-0.0323458101700347,1.10268193040656,0.013856406460551024,0.923067931799067,0.9795943679338476
2024_30_education_binary_higher,30,education_binary,higher,STROKE,DEPRESSIVE_DISORDER,ok,,0.63548006837106,200,200,1.0,0.168424720729307,0.996732104123054,0.0,0.9811546736227335,1.0
2024_30_education_binary_higher,30,education_binary,higher,STROKE,DIABETES,ok,,1.02768434445183,200,200,1.0,0.533429916274087,1.40590165303824,0.0,0.9811546736227335,1.0
2024_30_education_binary_higher,30,education_binary,higher,STROKE,KIDNEY_DISEASE,ok,,0.950310010156154,200,200,1.0,0.450688380139617,1.43173598073686,0.0,0.9811546736227335,1.0
2024_30_education_binary_lower,30,education_binary,lower,ARTHRITIS,DIABETES,ok,,0.781236059879195,200,200,1.0,0.449788186316338,1.18596667960323,0.0,0.9811546736227335,1.0
2024_30_education_binary_lower,30,education_binary,lower,COPD,ARTHRITIS,ok,,0.938632161752716,200,200,1.0,0.549439512698093,1.32127602519792,0.0,0.9811546736227335,1.0
2024_30_education_binary_lower,30,education_binary,lower,COPD,DEPRESSIVE_DISORDER,ok,,1.32248614160372,200,200,1.0,0.988144463097972,1.73764689046146,0.0,0.9811546736227335,1.0
2024_30_education_binary_lower,30,education_binary,lower,COPD,DIABETES,ok,,0.818567247177773,200,200,1.0,0.326861405037386,1.34430617797836,0.0,0.9811546736227335,1.0
2024_30_education_binary_lower,30,education_binary,lower,COPD,KIDNEY_DISEASE,ok,,1.45864567603933,200,200,1.0,0.649949062800395,2.06216322012964,0.0,0.9811546736227335,1.0
2024_30_education_binary_lower,30,education_binary,lower,CURRENT_ASTHMA,ARTHRITIS,ok,,1.28588103947849,200,200,1.0,0.888589278186998,1.72560214684947,0.0,0.9811546736227335,1.0
2024_30_education_binary_lower,30,education_binary,lower,CURRENT_ASTHMA,COPD,ok,,1.91922636174705,200,200,1.0,1.45409719635121,2.34638698534184,0.0,0.9811546736227335,1.0
2024_30_education_binary_lower,30,education_binary,lower,CURRENT_ASTHMA,DEPRESSIVE_DISORDER,ok,,1.14624119762839,200,200,1.0,0.749485043071912,1.47938990074987,0.0,0.9811546736227335,1.0
2024_30_education_binary_lower,30,education_binary,lower,CURRENT_ASTHMA,DIABETES,ok,,1.00534706770445,200,200,1.0,0.478554346935455,1.50330021050721,0.0,0.9811546736227335,1.0
2024_30_education_binary_lower,30,education_binary,lower,CURRENT_ASTHMA,KIDNEY_DISEASE,ok,,1.21168657140347,200,200,1.0,0.578476834309882,1.75120455022349,0.0,0.9811546736227335,1.0
2024_30_education_binary_lower,30,education_binary,lower,DEPRESSIVE_DISORDER,ARTHRITIS,ok,,1.16307136574385,200,200,1.0,0.876073740613667,1.46151012600598,0.0,0.9811546736227335,1.0
2024_30_education_binary_lower,30,education_binary,lower,DEPRESSIVE_DISORDER,DIABETES,ok,,0.89239286913041,200,200,1.0,0.445735429962968,1.25684018795769,0.0,0.9811546736227335,1.0
2024_30_education_binary_lower,30,education_binary,lower,DEPRESSIVE_DISORDER,KIDNEY_DISEASE,ok,,0.923960045753193,200,200,1.0,0.226494504319601,1.5840092347321,0.0,0.9811546736227335,1.0
2024_30_education_binary_lower,30,education_binary,lower,ISCHEMIC_HEART_DISEASE,ARTHRITIS,ok,,0.969614159384249,200,200,1.0,0.575439194027605,1.47581145078797,0.0,0.9811546736227335,1.0
2024_30_education_binary_lower,30,education_binary,lower,ISCHEMIC_HEART_DISEASE,COPD,ok,,0.989216703005355,200,200,1.0,0.408065833354513,1.5057810842648,0.0,0.9811546736227335,1.0
2024_30_education_binary_lower,30,education_binary,lower,ISCHEMIC_HEART_DISEASE,CURRENT_ASTHMA,ok,,0.766585701427152,200,200,0.995,0.117970138986854,1.22082923496371,0.004987484335815003,0.9722262956021069,0.9991168312843989
2024_30_education_binary_lower,30,education_binary,lower,ISCHEMIC_HEART_DISEASE,DEPRESSIVE_DISORDER,ok,,0.599542770058549,200,200,0.985,0.0504558682058203,0.9807951340777,0.008595056718835545,0.9568342712073097,0.9948857622067417
2024_30_education_binary_lower,30,education_binary,lower,ISCHEMIC_HEART_DISEASE,DIABETES,ok,,1.15551973218733,200,200,1.0,0.77575570962853,1.63151092655426,0.0,0.9811546736227335,1.0
2024_30_education_binary_lower,30,education_binary,lower,ISCHEMIC_HEART_DISEASE,KIDNEY_DISEASE,ok,,1.51453066714286,200,200,1.0,0.67966241697104,2.12505149571921,0.0,0.9811546736227335,1.0
2024_30_education_binary_lower,30,education_binary,lower,ISCHEMIC_HEART_DISEASE,OTHER_CANCER,ok,,0.67949754544977,200,200,0.98,0.0667868392332638,1.25613514814114,0.009899494936611668,0.9497129130941735,0.9921955735836505
2024_30_education_binary_lower,30,education_binary,lower,ISCHEMIC_HEART_DISEASE,SKIN_CANCER,ok,,0.776073605319984,200,200,0.98,0.16002060825632,1.42275734127948,0.009899494936611668,0.9497129130941735,0.9921955735836505
2024_30_education_binary_lower,30,education_binary,lower,ISCHEMIC_HEART_DISEASE,STROKE,ok,,1.89011841690228,200,200,1.0,1.23364681336652,2.49879515737749,0.0,0.9811546736227335,1.0
2024_30_education_binary_lower,30,education_binary,lower,KIDNEY_DISEASE,ARTHRITIS,ok,,0.921902162322059,200,200,1.0,0.337160153719663,1.66547576276775,0.0,0.9811546736227335,1.0
2024_30_education_binary_lower,30,education_binary,lower,KIDNEY_DISEASE,DIABETES,ok,,1.52625419162766,200,200,1.0,0.818662968856641,2.22328025471562,0.0,0.9811546736227335,1.0
2024_30_education_binary_lower,30,education_binary,lower,OTHER_CANCER,COPD,ok,,0.638177299272378,200,200,0.99,0.10409425808412,1.16983451420596,0.007035623639735147,0.9642782382838231,0.9972533418664555
2024_30_education_binary_lower,30,education_binary,lower,SKIN_CANCER,OTHER_CANCER,ok,,1.03384302629747,200,200,1.0,0.448067873062394,1.65362914447537,0.0,0.9811546736227335,1.0
2024_30_education_binary_lower,30,education_binary,lower,STROKE,ARTHRITIS,ok,,1.24516197300779,200,200,1.0,0.674191331016456,2.08304269883457,0.0,0.9811546736227335,1.0
2024_30_education_binary_lower,30,education_binary,lower,STROKE,COPD,ok,,0.831758848574388,200,200,0.975,0.0109814194213772,1.47582222680296,0.011039701082909813,0.942821659593358,0.9892752803482386
2024_30_education_binary_lower,30,education_binary,lower,STROKE,DEPRESSIVE_DISORDER,ok,,0.721379344287749,200,200,0.985,0.178957268378089,1.24537657088753,0.008595056718835545,0.9568342712073097,0.9948857622067417
2024_30_education_binary_lower,30,education_binary,lower,STROKE,DIABETES,ok,,1.09839959732891,200,200,1.0,0.429382628035856,1.8052984413088,0.0,0.9811546736227335,1.0
2024_30_education_binary_lower,30,education_binary,lower,STROKE,KIDNEY_DISEASE,ok,,1.41978226436907,200,200,0.985,0.251214440295606,2.28296032595718,0.008595056718835545,0.9568342712073097,0.9948857622067417
2024_31_education_binary_higher,31,education_binary,higher,ARTHRITIS,DIABETES,ok,,0.466918476279253,200,200,1.0,0.278865894549814,0.664948761569063,0.0,0.9811546736227335,1.0
2024_31_education_binary_higher,31,education_binary,higher,COPD,ARTHRITIS,ok,,1.10057581932948,200,200,1.0,0.802033638034146,1.3694943988192,0.0,0.9811546736227335,1.0
2024_31_education_binary_higher,31,education_binary,higher,COPD,DEPRESSIVE_DISORDER,ok,,1.23667284181328,200,200,1.0,0.935716993343388,1.51629302580001,0.0,0.9811546736227335,1.0
2024_31_education_binary_higher,31,education_binary,higher,COPD,DIABETES,ok,,0.759562393515855,200,200,1.0,0.443573355503757,1.06861083838299,0.0,0.9811546736227335,1.0
2024_31_education_binary_higher,31,education_binary,higher,COPD,KIDNEY_DISEASE,ok,,1.10513298466719,200,200,1.0,0.685406016327248,1.45767087143431,0.0,0.9811546736227335,1.0
2024_31_education_binary_higher,31,education_binary,higher,CURRENT_ASTHMA,ARTHRITIS,ok,,0.755102221154256,200,200,1.0,0.522055235110122,0.999204761904365,0.0,0.9811546736227335,1.0
2024_31_education_binary_higher,31,education_binary,higher,CURRENT_ASTHMA,COPD,ok,,1.99124639935643,200,200,1.0,1.67963351327564,2.26812466192464,0.0,0.9811546736227335,1.0
2024_31_education_binary_higher,31,education_binary,higher,CURRENT_ASTHMA,DEPRESSIVE_DISORDER,ok,,0.571767102060689,200,200,1.0,0.348753381584336,0.801517531224493,0.0,0.9811546736227335,1.0
2024_31_education_binary_higher,31,education_binary,higher,CURRENT_ASTHMA,DIABETES,ok,,0.743223529208301,200,200,1.0,0.4727068326657,1.03962557712994,0.0,0.9811546736227335,1.0
2024_31_education_binary_higher,31,education_binary,higher,CURRENT_ASTHMA,KIDNEY_DISEASE,ok,,0.925705993048206,200,200,1.0,0.473433645767506,1.31452057233241,0.0,0.9811546736227335,1.0
2024_31_education_binary_higher,31,education_binary,higher,DEPRESSIVE_DISORDER,ARTHRITIS,ok,,0.971763012938019,200,200,1.0,0.748443604155357,1.19476105650686,0.0,0.9811546736227335,1.0
2024_31_education_binary_higher,31,education_binary,higher,DEPRESSIVE_DISORDER,DIABETES,ok,,0.816071999531059,200,200,1.0,0.581692551639609,1.04887290226004,0.0,0.9811546736227335,1.0
2024_31_education_binary_higher,31,education_binary,higher,DEPRESSIVE_DISORDER,KIDNEY_DISEASE,ok,,0.972124213538457,200,200,1.0,0.61324623643597,1.24396086625471,0.0,0.9811546736227335,1.0
2024_31_education_binary_higher,31,education_binary,higher,ISCHEMIC_HEART_DISEASE,ARTHRITIS,ok,,0.803623183117724,200,200,1.0,0.530876252943219,1.07177809123692,0.0,0.9811546736227335,1.0
2024_31_education_binary_higher,31,education_binary,higher,ISCHEMIC_HEART_DISEASE,COPD,ok,,1.35859445251085,200,200,1.0,1.02964255981833,1.63287275749053,0.0,0.9811546736227335,1.0
2024_31_education_binary_higher,31,education_binary,higher,ISCHEMIC_HEART_DISEASE,CURRENT_ASTHMA,ok,,0.723110026031795,200,200,1.0,0.393435994310336,1.08245115521899,0.0,0.9811546736227335,1.0
2024_31_education_binary_higher,31,education_binary,higher,ISCHEMIC_HEART_DISEASE,DEPRESSIVE_DISORDER,ok,,0.567275738433367,200,200,1.0,0.250814568499246,0.830412323407235,0.0,0.9811546736227335,1.0
2024_31_education_binary_higher,31,education_binary,higher,ISCHEMIC_HEART_DISEASE,DIABETES,ok,,1.00917659543501,200,200,1.0,0.71485673666961,1.31635461209058,0.0,0.9811546736227335,1.0
2024_31_education_binary_higher,31,education_binary,higher,ISCHEMIC_HEART_DISEASE,KIDNEY_DISEASE,ok,,1.37292146595456,200,200,1.0,1.09004570267341,1.72068099449635,0.0,0.9811546736227335,1.0
2024_31_education_binary_higher,31,education_binary,higher,ISCHEMIC_HEART_DISEASE,OTHER_CANCER,ok,,0.49501508571175,200,200,1.0,0.149678484211525,0.737535421518009,0.0,0.9811546736227335,1.0
2024_31_education_binary_higher,31,education_binary,higher,ISCHEMIC_HEART_DISEASE,STROKE,ok,,1.76546098191885,200,200,1.0,1.32158649028127,2.17755610439828,0.0,0.9811546736227335,1.0
2024_31_education_binary_higher,31,education_binary,higher,KIDNEY_DISEASE,ARTHRITIS,ok,,0.941826230123655,200,200,1.0,0.615800490705742,1.27032973193088,0.0,0.9811546736227335,1.0
2024_31_education_binary_higher,31,education_binary,higher,KIDNEY_DISEASE,DIABETES,ok,,1.59079096681252,200,200,1.0,1.22549854850678,1.8297260002191,0.0,0.9811546736227335,1.0
2024_31_education_binary_higher,31,education_binary,higher,OTHER_CANCER,COPD,ok,,0.505336841280333,200,200,1.0,0.2099077793651,0.774774534090834,0.0,0.9811546736227335,1.0
2024_31_education_binary_higher,31,education_binary,higher,OTHER_CANCER,DEPRESSIVE_DISORDER,ok,,0.528718422861557,200,200,1.0,0.254798095538996,0.801043522470341,0.0,0.9811546736227335,1.0
2024_31_education_binary_higher,31,education_binary,higher,OTHER_CANCER,KIDNEY_DISEASE,ok,,0.775985780295819,200,200,1.0,0.423195490026987,1.08271294501492,0.0,0.9811546736227335,1.0
2024_31_education_binary_higher,31,education_binary,higher,SKIN_CANCER,OTHER_CANCER,ok,,1.1399565299316,200,200,1.0,0.833372632510585,1.39815589158001,0.0,0.9811546736227335,1.0
2024_31_education_binary_higher,31,education_binary,higher,STROKE,ARTHRITIS,ok,,0.511252796045825,200,200,1.0,0.159911732360746,0.90032120315623,0.0,0.9811546736227335,1.0
2024_31_education_binary_higher,31,education_binary,higher,STROKE,COPD,ok,,1.05178384924394,200,200,0.995,0.606863880039299,1.48047219219264,0.004987484335815003,0.9722262956021069,0.9991168312843989
2024_31_education_binary_higher,31,education_binary,higher,STROKE,CURRENT_ASTHMA,ok,,0.994929443010852,200,200,1.0,0.380678681577684,1.49393810208969,0.0,0.9811546736227335,1.0
2024_31_education_binary_higher,31,education_binary,higher,STROKE,DEPRESSIVE_DISORDER,ok,,0.706506402032112,200,200,1.0,0.224589659953274,1.05201305798215,0.0,0.9811546736227335,1.0
2024_31_education_binary_higher,31,education_binary,higher,STROKE,DIABETES,ok,,0.804853564356915,200,200,1.0,0.343196187416214,1.17730765293844,0.0,0.9811546736227335,1.0
2024_31_education_binary_higher,31,education_binary,higher,STROKE,KIDNEY_DISEASE,ok,,1.66415916904789,200,200,1.0,1.13825216288986,2.06333804862217,0.0,0.9811546736227335,1.0
2024_31_education_binary_lower,31,education_binary,lower,ARTHRITIS,DIABETES,ok,,0.602754045394886,200,200,1.0,0.3696609985998,0.921285202248836,0.0,0.9811546736227335,1.0
2024_31_education_binary_lower,31,education_binary,lower,COPD,ARTHRITIS,ok,,0.973354199134146,200,200,1.0,0.639722777828089,1.3671512512596,0.0,0.9811546736227335,1.0
2024_31_education_binary_lower,31,education_binary,lower,COPD,DEPRESSIVE_DISORDER,ok,,1.24543152725273,200,200,1.0,0.855594224125749,1.56488194421986,0.0,0.9811546736227335,1.0
2024_31_education_binary_lower,31,education_binary,lower,COPD,DIABETES,ok,,0.588756398999221,200,200,0.995,0.212730843966551,1.01331945898441,0.004987484335815003,0.9722262956021069,0.9991168312843989
2024_31_education_binary_lower,31,education_binary,lower,CURRENT_ASTHMA,ARTHRITIS,ok,,1.00318440202244,200,200,1.0,0.706573884027779,1.3885882646361,0.0,0.9811546736227335,1.0
2024_31_education_binary_lower,31,education_binary,lower,CURRENT_ASTHMA,COPD,ok,,2.1886259261909,200,200,1.0,1.85857614919896,2.59924243670579,0.0,0.9811546736227335,1.0
2024_31_education_binary_lower,31,education_binary,lower,CURRENT_ASTHMA,DEPRESSIVE_DISORDER,ok,,1.22693158248063,200,200,1.0,0.920609942960399,1.50656383117882,0.0,0.9811546736227335,1.0
2024_31_education_binary_lower,31,education_binary,lower,CURRENT_ASTHMA,DIABETES,ok,,0.896574266547399,200,200,1.0,0.497989703635109,1.26457583243673,0.0,0.9811546736227335,1.0
2024_31_education_binary_lower,31,education_binary,lower,CURRENT_ASTHMA,KIDNEY_DISEASE,ok,,0.617378273069958,200,200,0.975,0.0001865286594712,1.10232309368728,0.011039701082909813,0.942821659593358,0.9892752803482386
2024_31_education_binary_lower,31,education_binary,lower,CURRENT_ASTHMA,OTHER_CANCER,ok,,0.862106396529743,200,200,1.0,0.291155528567356,1.36539051566367,0.0,0.9811546736227335,1.0
2024_31_education_binary_lower,31,education_binary,lower,CURRENT_ASTHMA,SKIN_CANCER,ok,,0.966013378582286,200,200,0.99,0.182205813626357,1.46680509410864,0.007035623639735147,0.9642782382838231,0.9972533418664555
2024_31_education_binary_lower,31,education_binary,lower,DEPRESSIVE_DISORDER,ARTHRITIS,ok,,1.25412671320374,200,200,1.0,1.01752922072749,1.5192833697421,0.0,0.9811546736227335,1.0
2024_31_education_binary_lower,31,education_binary,lower,DEPRESSIVE_DISORDER,DIABETES,ok,,0.713128573471187,200,200,1.0,0.397282798108962,0.993771079421556,0.0,0.9811546736227335,1.0
2024_31_education_binary_lower,31,education_binary,lower,DEPRESSIVE_DISORDER,KIDNEY_DISEASE,ok,,1.22849096804193,200,200,1.0,0.8421097335959,1.60084436710606,0.0,0.9811546736227335,1.0
2024_31_education_binary_lower,31,education_binary,lower,ISCHEMIC_HEART_DISEASE,ARTHRITIS,ok,,0.763884354486431,200,200,1.0,0.418902900819014,1.19191350501473,0.0,0.9811546736227335,1.0
2024_31_education_binary_lower,31,education_binary,lower,ISCHEMIC_HEART_DISEASE,COPD,ok,,1.41066758051807,200,200,1.0,0.973374915122764,1.87847223007197,0.0,0.9811546736227335,1.0
2024_31_education_binary_lower,31,education_binary,lower,ISCHEMIC_HEART_DISEASE,CURRENT_ASTHMA,ok,,1.35777805758051,200,200,1.0,0.951268679110474,1.77323684748554,0.0,0.9811546736227335,1.0
2024_31_education_binary_lower,31,education_binary,lower,ISCHEMIC_HEART_DISEASE,DEPRESSIVE_DISORDER,ok,,1.13092963727621,200,200,1.0,0.778408610147822,1.49437592347665,0.0,0.9811546736227335,1.0
2024_31_education_binary_lower,31,education_binary,lower,ISCHEMIC_HEART_DISEASE,DIABETES,ok,,0.929757672506215,200,200,1.0,0.524558030989101,1.35085528133389,0.0,0.9811546736227335,1.0
2024_31_education_binary_lower,31,education_binary,lower,ISCHEMIC_HEART_DISEASE,KIDNEY_DISEASE,ok,,1.2452007689947,200,200,1.0,0.759171411558305,1.6499904226638,0.0,0.9811546736227335,1.0
2024_31_education_binary_lower,31,education_binary,lower,ISCHEMIC_HEART_DISEASE,OTHER_CANCER,ok,,0.678112484354537,200,200,0.985,0.157534136034981,1.29690406816744,0.008595056718835545,0.9568342712073097,0.9948857622067417
2024_31_education_binary_lower,31,education_binary,lower,ISCHEMIC_HEART_DISEASE,SKIN_CANCER,ok,,0.8015767608707,200,200,0.99,0.155661119481907,1.42877706994616,0.007035623639735147,0.9642782382838231,0.9972533418664555
2024_31_education_binary_lower,31,education_binary,lower,ISCHEMIC_HEART_DISEASE,STROKE,ok,,1.79126496529602,200,200,1.0,1.16795258996772,2.46372928863012,0.0,0.9811546736227335,1.0
2024_31_education_binary_lower,31,education_binary,lower,KIDNEY_DISEASE,ARTHRITIS,ok,,0.995485685682386,200,200,1.0,0.629975070902059,1.48650188614052,0.0,0.9811546736227335,1.0
2024_31_education_binary_lower,31,education_binary,lower,KIDNEY_DISEASE,DIABETES,ok,,1.00357618660378,200,200,1.0,0.549773348266977,1.36179237023098,0.0,0.9811546736227335,1.0
2024_31_education_binary_lower,31,education_binary,lower,OTHER_CANCER,ARTHRITIS,ok,,0.8761619928245,200,200,1.0,0.500799858941994,1.30498151803274,0.0,0.9811546736227335,1.0
2024_31_education_binary_lower,31,education_binary,lower,OTHER_CANCER,COPD,ok,,1.1822456513902,200,200,1.0,0.691257722769425,1.70402247047872,0.0,0.9811546736227335,1.0
2024_31_education_binary_lower,31,education_binary,lower,OTHER_CANCER,DEPRESSIVE_DISORDER,ok,,0.493374067092724,200,200,0.975,0.0528440856744961,0.914315243128198,0.011039701082909813,0.942821659593358,0.9892752803482386
2024_31_education_binary_lower,31,education_binary,lower,OTHER_CANCER,DIABETES,ok,,0.675278553426287,200,200,1.0,0.293609699789462,1.1779483072788,0.0,0.9811546736227335,1.0
2024_31_education_binary_lower,31,education_binary,lower,OTHER_CANCER,KIDNEY_DISEASE,ok,,0.603816600694497,200,200,1.0,0.169517695843746,0.982580728129203,0.0,0.9811546736227335,1.0
2024_31_education_binary_lower,31,education_binary,lower,SKIN_CANCER,ARTHRITIS,ok,,0.846090607993573,200,200,1.0,0.439018480468728,1.38694760873378,0.0,0.9811546736227335,1.0
2024_31_education_binary_lower,31,education_binary,lower,SKIN_CANCER,OTHER_CANCER,ok,,1.54447283959,200,200,1.0,1.02759088345121,2.08615038073019,0.0,0.9811546736227335,1.0
2024_31_education_binary_lower,31,education_binary,lower,STROKE,ARTHRITIS,ok,,0.968326052378236,200,200,1.0,0.444672797990257,1.6941242875468,0.0,0.9811546736227335,1.0
2024_31_education_binary_lower,31,education_binary,lower,STROKE,COPD,ok,,1.72063471172895,200,200,1.0,1.0732670112524,2.34630052520795,0.0,0.9811546736227335,1.0
2024_31_education_binary_lower,31,education_binary,lower,STROKE,CURRENT_ASTHMA,ok,,1.32093928112531,200,200,1.0,0.629484983604075,1.88967623792476,0.0,0.9811546736227335,1.0
2024_31_education_binary_lower,31,education_binary,lower,STROKE,DEPRESSIVE_DISORDER,ok,,1.18665225065732,200,200,1.0,0.764395079810325,1.59771468722983,0.0,0.9811546736227335,1.0
2024_31_education_binary_lower,31,education_binary,lower,STROKE,DIABETES,ok,,1.04121870000776,200,200,1.0,0.476054502635974,1.77522485148242,0.0,0.9811546736227335,1.0
2024_31_education_binary_lower,31,education_binary,lower,STROKE,KIDNEY_DISEASE,ok,,0.762374786187468,200,200,1.0,0.166742049383197,1.29545592555485,0.0,0.9811546736227335,1.0
2024_33_education_binary_higher,33,education_binary,higher,ARTHRITIS,DIABETES,ok,,0.693640573890778,200,200,1.0,0.444784315020352,0.913615762821051,0.0,0.9811546736227335,1.0
2024_33_education_binary_higher,33,education_binary,higher,COPD,ARTHRITIS,ok,,0.987275463728837,200,200,1.0,0.648926746777618,1.32037145615007,0.0,0.9811546736227335,1.0
2024_33_education_binary_higher,33,education_binary,higher,COPD,DEPRESSIVE_DISORDER,ok,,1.30782661100887,200,200,1.0,0.817911679490859,1.72502108790087,0.0,0.9811546736227335,1.0
2024_33_education_binary_higher,33,education_binary,higher,COPD,DIABETES,ok,,0.59185222922466,200,200,0.985,0.0910905680992391,1.03195603157451,0.008595056718835545,0.9568342712073097,0.9948857622067417
2024_33_education_binary_higher,33,education_binary,higher,COPD,KIDNEY_DISEASE,ok,,0.940824630824506,200,200,1.0,0.362003114809594,1.37599900576793,0.0,0.9811546736227335,1.0
2024_33_education_binary_higher,33,education_binary,higher,CURRENT_ASTHMA,ARTHRITIS,ok,,0.669572202285539,200,200,1.0,0.347787001896527,0.927083046657776,0.0,0.9811546736227335,1.0
2024_33_education_binary_higher,33,education_binary,higher,CURRENT_ASTHMA,COPD,ok,,1.33598486931967,200,200,1.0,0.943126870074692,1.77342708060237,0.0,0.9811546736227335,1.0
2024_33_education_binary_higher,33,education_binary,higher,CURRENT_ASTHMA,DEPRESSIVE_DISORDER,ok,,0.49309192408816,200,200,0.995,0.157278021701279,0.791041582479849,0.004987484335815003,0.9722262956021069,0.9991168312843989
2024_33_education_binary_higher,33,education_binary,higher,DEPRESSIVE_DISORDER,ARTHRITIS,ok,,0.840929916204229,200,200,1.0,0.600211425669367,1.08513149505216,0.0,0.9811546736227335,1.0
2024_33_education_binary_higher,33,education_binary,higher,DEPRESSIVE_DISORDER,DIABETES,ok,,0.717834043541295,200,200,1.0,0.427586708421311,1.01697818279647,0.0,0.9811546736227335,1.0
2024_33_education_binary_higher,33,education_binary,higher,ISCHEMIC_HEART_DISEASE,ARTHRITIS,ok,,1.01138920151472,200,200,1.0,0.637041028179429,1.33901044136159,0.0,0.9811546736227335,1.0
2024_33_education_binary_higher,33,education_binary,higher,ISCHEMIC_HEART_DISEASE,COPD,ok,,1.33640688620931,200,200,1.0,0.994251724333902,1.77846867781901,0.0,0.9811546736227335,1.0
2024_33_education_binary_higher,33,education_binary,higher,ISCHEMIC_HEART_DISEASE,DEPRESSIVE_DISORDER,ok,,0.502938884268295,200,200,0.965,-0.0290010231428466,0.922635095718524,0.012995191418367032,0.9295293884777092,0.9829444579914328
2024_33_education_binary_higher,33,education_binary,higher,ISCHEMIC_HEART_DISEASE,DIABETES,ok,,0.690707373694632,200,200,1.0,0.393118955718318,0.966166682664395,0.0,0.9811546736227335,1.0
2024_33_education_binary_higher,33,education_binary,higher,ISCHEMIC_HEART_DISEASE,KIDNEY_DISEASE,ok,,1.3663671727401,200,200,1.0,0.923885995449886,1.79838837077957,0.0,0.9811546736227335,1.0
2024_33_education_binary_higher,33,education_binary,higher,ISCHEMIC_HEART_DISEASE,OTHER_CANCER,ok,,0.667358942413567,200,200,1.0,0.294170732670735,1.05831421359241,0.0,0.9811546736227335,1.0
2024_33_education_binary_higher,33,education_binary,higher,ISCHEMIC_HEART_DISEASE,SKIN_CANCER,ok,,0.553024017503879,200,200,1.0,0.149319697992059,0.97925886363075,0.0,0.9811546736227335,1.0
2024_33_education_binary_higher,33,education_binary,higher,ISCHEMIC_HEART_DISEASE,STROKE,ok,,1.81297101713318,200,200,1.0,1.12213488997111,2.51140848680405,0.0,0.9811546736227335,1.0
2024_33_education_binary_higher,33,education_binary,higher,KIDNEY_DISEASE,ARTHRITIS,ok,,0.952855568348963,200,200,1.0,0.631301613884494,1.29246207182023,0.0,0.9811546736227335,1.0
2024_33_education_binary_higher,33,education_binary,higher,KIDNEY_DISEASE,DIABETES,ok,,1.46970554047735,200,200,1.0,1.04613014335372,1.80557548100369,0.0,0.9811546736227335,1.0
2024_33_education_binary_higher,33,education_binary,higher,OTHER_CANCER,ARTHRITIS,ok,,0.279982951782797,200,200,0.985,0.0730267779669439,0.489536810416258,0.008595056718835545,0.9568342712073097,0.9948857622067417
2024_33_education_binary_higher,33,education_binary,higher,OTHER_CANCER,KIDNEY_DISEASE,ok,,0.920570804337566,200,200,1.0,0.557750505277867,1.28609520268071,0.0,0.9811546736227335,1.0
2024_33_education_binary_higher,33,education_binary,higher,SKIN_CANCER,KIDNEY_DISEASE,ok,,0.43256056714023,200,200,0.98,0.065398346098431,0.758007820111563,0.009899494936611668,0.9497129130941735,0.9921955735836505
2024_33_education_binary_higher,33,education_binary,higher,SKIN_CANCER,OTHER_CANCER,ok,,1.36561025186877,200,200,1.0,1.08098777321735,1.64903206575639,0.0,0.9811546736227335,1.0
2024_33_education_binary_higher,33,education_binary,higher,STROKE,ARTHRITIS,ok,,0.721417359346235,200,200,1.0,0.287845090038037,1.17090783524778,0.0,0.9811546736227335,1.0
2024_33_education_binary_higher,33,education_binary,higher,STROKE,COPD,ok,,1.2298050772338,200,200,1.0,0.507523264135763,1.84062582514453,0.0,0.9811546736227335,1.0
2024_33_education_binary_higher,33,education_binary,higher,STROKE,CURRENT_ASTHMA,ok,,1.01437391664304,200,200,1.0,0.206664806580371,1.630474494316,0.0,0.9811546736227335,1.0
2024_33_education_binary_higher,33,education_binary,higher,STROKE,DEPRESSIVE_DISORDER,ok,,0.725510520845916,200,200,0.99,0.103887004600239,1.35245826219168,0.007035623639735147,0.9642782382838231,0.9972533418664555
2024_33_education_binary_higher,33,education_binary,higher,STROKE,DIABETES,ok,,0.642198452689657,200,200,0.995,0.121311476073909,1.12185666098685,0.004987484335815003,0.9722262956021069,0.9991168312843989
2024_33_education_binary_higher,33,education_binary,higher,STROKE,KIDNEY_DISEASE,ok,,0.760914848431525,200,200,0.945,-0.102200502705297,1.38789122012702,0.016120638945153514,0.9042130012276914,0.9690146582965411
2024_33_education_binary_lower,33,education_binary,lower,COPD,ARTHRITIS,ok,,0.5379117407065,200,200,1.0,0.250621278926084,0.876100503938717,0.0,0.9811546736227335,1.0
2024_33_education_binary_lower,33,education_binary,lower,COPD,DEPRESSIVE_DISORDER,ok,,1.16471888176803,200,200,1.0,0.660913190627946,1.56902271686331,0.0,0.9811546736227335,1.0
2024_33_education_binary_lower,33,education_binary,lower,COPD,DIABETES,ok,,0.612868713018976,200,200,1.0,0.24225623130527,1.02915335082256,0.0,0.9811546736227335,1.0
2024_33_education_binary_lower,33,education_binary,lower,CURRENT_ASTHMA,ARTHRITIS,ok,,1.03650513915021,200,200,1.0,0.557178379871478,1.60947547864528,0.0,0.9811546736227335,1.0
2024_33_education_binary_lower,33,education_binary,lower,CURRENT_ASTHMA,COPD,ok,,1.57498446212913,200,200,1.0,1.01388027683325,2.14768002774812,0.0,0.9811546736227335,1.0
2024_33_education_binary_lower,33,education_binary,lower,CURRENT_ASTHMA,DEPRESSIVE_DISORDER,ok,,1.02902662487301,200,200,1.0,0.537519567161135,1.51238619103364,0.0,0.9811546736227335,1.0
2024_33_education_binary_lower,33,education_binary,lower,CURRENT_ASTHMA,DIABETES,ok,,0.567156510082523,200,200,0.99,0.0930955557594417,0.97277721662808,0.007035623639735147,0.9642782382838231,0.9972533418664555
2024_33_education_binary_lower,33,education_binary,lower,DEPRESSIVE_DISORDER,ARTHRITIS,ok,,1.01320926076738,200,200,1.0,0.6678344368046,1.37139665549018,0.0,0.9811546736227335,1.0
2024_33_education_binary_lower,33,education_binary,lower,DEPRESSIVE_DISORDER,DIABETES,ok,,0.694368461970036,200,200,1.0,0.26075039471998,1.1138814030067,0.0,0.9811546736227335,1.0
2024_33_education_binary_lower,33,education_binary,lower,ISCHEMIC_HEART_DISEASE,ARTHRITIS,ok,,0.810293296640963,200,200,1.0,0.404814410061445,1.19568521619439,0.0,0.9811546736227335,1.0
2024_33_education_binary_lower,33,education_binary,lower,ISCHEMIC_HEART_DISEASE,COPD,ok,,1.08573517264782,200,200,1.0,0.65289645467251,1.52983651632077,0.0,0.9811546736227335,1.0
2024_33_education_binary_lower,33,education_binary,lower,ISCHEMIC_HEART_DISEASE,DEPRESSIVE_DISORDER,ok,,0.897522727274363,200,200,1.0,0.40262600571951,1.31308403145019,0.0,0.9811546736227335,1.0
2024_33_education_binary_lower,33,education_binary,lower,ISCHEMIC_HEART_DISEASE,DIABETES,ok,,0.814489068296128,200,200,1.0,0.450237352937867,1.25497132512549,0.0,0.9811546736227335,1.0
2024_33_education_binary_lower,33,education_binary,lower,ISCHEMIC_HEART_DISEASE,KIDNEY_DISEASE,ok,,0.824125484680483,200,200,0.99,0.224627551315639,1.38170330014461,0.007035623639735147,0.9642782382838231,0.9972533418664555
2024_33_education_binary_lower,33,education_binary,lower,ISCHEMIC_HEART_DISEASE,STROKE,ok,,0.941076714468915,200,200,0.995,0.303654627333546,1.45090008503565,0.004987484335815003,0.9722262956021069,0.9991168312843989
2024_33_education_binary_lower,33,education_binary,lower,KIDNEY_DISEASE,DIABETES,ok,,1.30861696437723,200,200,1.0,0.81217154895523,1.93614980684758,0.0,0.9811546736227335,1.0
2024_33_education_binary_lower,33,education_binary,lower,OTHER_CANCER,COPD,ok,,0.657013125974827,200,200,0.995,0.156360535405451,1.13306291757799,0.004987484335815003,0.9722262956021069,0.9991168312843989
2024_33_education_binary_lower,33,education_binary,lower,OTHER_CANCER,KIDNEY_DISEASE,ok,,0.894339281674048,200,200,0.98,0.0806603833878707,1.65137641898415,0.009899494936611668,0.9497129130941735,0.9921955735836505
2024_33_education_binary_lower,33,education_binary,lower,SKIN_CANCER,OTHER_CANCER,ok,,1.99950314500446,200,200,1.0,1.55062693134797,2.60456582418094,0.0,0.9811546736227335,1.0
2024_33_education_binary_lower,33,education_binary,lower,STROKE,COPD,ok,,0.645042987784677,200,200,0.965,-0.10036295078495,1.18599786611787,0.012995191418367032,0.9295293884777092,0.9829444579914328
2024_33_education_binary_lower,33,education_binary,lower,STROKE,DEPRESSIVE_DISORDER,ok,,1.09799485472427,200,200,0.995,0.527933570522072,1.53820518816284,0.004987484335815003,0.9722262956021069,0.9991168312843989
2024_33_education_binary_lower,33,education_binary,lower,STROKE,KIDNEY_DISEASE,ok,,1.52694764855668,200,200,0.995,0.536908718701298,2.1959387755446,0.004987484335815003,0.9722262956021069,0.9991168312843989
2024_33_education_binary_lower,33,education_binary,lower,STROKE,OTHER_CANCER,ok,,1.01842168500872,200,200,1.0,0.310745782442411,1.69758279269111,0.0,0.9811546736227335,1.0
2024_33_education_binary_lower,33,education_binary,lower,STROKE,SKIN_CANCER,ok,,1.21733999085064,200,200,1.0,0.481136151034642,1.94171878549169,0.0,0.9811546736227335,1.0
2024_34_education_binary_higher,34,education_binary,higher,ARTHRITIS,DIABETES,ok,,0.424520502290895,200,200,1.0,0.188247813728744,0.638955483922851,0.0,0.9811546736227335,1.0
2024_34_education_binary_higher,34,education_binary,higher,COPD,ARTHRITIS,ok,,1.28958747381535,200,200,1.0,0.959358608993963,1.6385609456585,0.0,0.9811546736227335,1.0
2024_34_education_binary_higher,34,education_binary,higher,COPD,DEPRESSIVE_DISORDER,ok,,1.31445762919405,200,200,1.0,0.980626343427544,1.63711262717461,0.0,0.9811546736227335,1.0
2024_34_education_binary_higher,34,education_binary,higher,COPD,DIABETES,ok,,0.571246526857308,200,200,0.995,0.168922794935426,0.955949287040341,0.004987484335815003,0.9722262956021069,0.9991168312843989
2024_34_education_binary_higher,34,education_binary,higher,COPD,KIDNEY_DISEASE,ok,,0.846556052651758,200,200,0.99,0.11406471007897,1.40463256283943,0.007035623639735147,0.9642782382838231,0.9972533418664555
2024_34_education_binary_higher,34,education_binary,higher,CURRENT_ASTHMA,ARTHRITIS,ok,,0.876498898872155,200,200,1.0,0.605412216040896,1.16063147795171,0.0,0.9811546736227335,1.0
2024_34_education_binary_higher,34,education_binary,higher,CURRENT_ASTHMA,COPD,ok,,1.77159536740936,200,200,1.0,1.41065326038599,2.09618068230048,0.0,0.9811546736227335,1.0
2024_34_education_binary_higher,34,education_binary,higher,CURRENT_ASTHMA,DEPRESSIVE_DISORDER,ok,,0.715779177369469,200,200,1.0,0.442923721626291,0.984585887065052,0.0,0.9811546736227335,1.0
2024_34_education_binary_higher,34,education_binary,higher,CURRENT_ASTHMA,DIABETES,ok,,0.536404981113986,200,200,0.995,0.192018626362358,0.87010434209195,0.004987484335815003,0.9722262956021069,0.9991168312843989
2024_34_education_binary_higher,34,education_binary,higher,CURRENT_ASTHMA,OTHER_CANCER,ok,,0.45033939787073,200,200,0.99,0.0993384110315905,0.740769670009838,0.007035623639735147,0.9642782382838231,0.9972533418664555
2024_34_education_binary_higher,34,education_binary,higher,DEPRESSIVE_DISORDER,ARTHRITIS,ok,,1.16913656559998,200,200,1.0,0.917365598393594,1.42919790013204,0.0,0.9811546736227335,1.0
2024_34_education_binary_higher,34,education_binary,higher,DEPRESSIVE_DISORDER,DIABETES,ok,,0.656220049804378,200,200,1.0,0.393555655767029,0.984479248214109,0.0,0.9811546736227335,1.0
2024_34_education_binary_higher,34,education_binary,higher,DEPRESSIVE_DISORDER,KIDNEY_DISEASE,ok,,0.542063475946826,200,200,0.985,0.0364340059078139,0.949498892831466,0.008595056718835545,0.9568342712073097,0.9948857622067417
2024_34_education_binary_higher,34,education_binary,higher,ISCHEMIC_HEART_DISEASE,ARTHRITIS,ok,,0.709801744357861,200,200,1.0,0.411228698672409,1.03732067769686,0.0,0.9811546736227335,1.0
2024_34_education_binary_higher,34,education_binary,higher,ISCHEMIC_HEART_DISEASE,COPD,ok,,0.960617091752265,200,200,1.0,0.492389154983342,1.41577095870335,0.0,0.9811546736227335,1.0
2024_34_education_binary_higher,34,education_binary,higher,ISCHEMIC_HEART_DISEASE,CURRENT_ASTHMA,ok,,0.567279594599219,200,200,1.0,0.148049415898884,0.978763954757672,0.0,0.9811546736227335,1.0
2024_34_education_binary_higher,34,education_binary,higher,ISCHEMIC_HEART_DISEASE,DIABETES,ok,,0.894707923356387,200,200,1.0,0.548326780389133,1.20833445749789,0.0,0.9811546736227335,1.0
2024_34_education_binary_higher,34,education_binary,higher,ISCHEMIC_HEART_DISEASE,KIDNEY_DISEASE,ok,,0.863181982106072,200,200,1.0,0.37789922418836,1.3136751053634,0.0,0.9811546736227335,1.0
2024_34_education_binary_higher,34,education_binary,higher,ISCHEMIC_HEART_DISEASE,STROKE,ok,,1.31893358157065,200,200,1.0,0.708065495227024,1.84280381901287,0.0,0.9811546736227335,1.0
2024_34_education_binary_higher,34,education_binary,higher,KIDNEY_DISEASE,ARTHRITIS,ok,,0.720585144206396,200,200,1.0,0.393423111855028,1.14020797291199,0.0,0.9811546736227335,1.0
2024_34_education_binary_higher,34,education_binary,higher,KIDNEY_DISEASE,DIABETES,ok,,1.25696804514811,200,200,1.0,0.895370110918569,1.66579904253702,0.0,0.9811546736227335,1.0
2024_34_education_binary_higher,34,education_binary,higher,OTHER_CANCER,ARTHRITIS,ok,,0.305932702324692,200,200,0.985,0.0383898749507871,0.594691037938528,0.008595056718835545,0.9568342712073097,0.9948857622067417
2024_34_education_binary_higher,34,education_binary,higher,SKIN_CANCER,OTHER_CANCER,ok,,1.62568935181396,200,200,1.0,1.23408813104731,1.93362274150827,0.0,0.9811546736227335,1.0
2024_34_education_binary_higher,34,education_binary,higher,STROKE,ARTHRITIS,ok,,0.50185029377834,200,200,0.965,-0.023457775884951,0.972930921480403,0.012995191418367032,0.9295293884777092,0.9829444579914328
2024_34_education_binary_higher,34,education_binary,higher,STROKE,COPD,ok,,0.721345861721941,200,200,0.995,0.113493726936662,1.24193737139976,0.004987484335815003,0.9722262956021069,0.9991168312843989
2024_34_education_binary_higher,34,education_binary,higher,STROKE,CURRENT_ASTHMA,ok,,0.738964467001958,200,200,0.99,0.250903373233035,1.17997264707146,0.007035623639735147,0.9642782382838231,0.9972533418664555
2024_34_education_binary_higher,34,education_binary,higher,STROKE,DIABETES,ok,,1.04267370694702,200,200,1.0,0.58134420166342,1.51679494357988,0.0,0.9811546736227335,1.0
2024_34_education_binary_higher,34,education_binary,higher,STROKE,KIDNEY_DISEASE,ok,,0.738973147307106,200,200,0.96,-0.0449177254808419,1.32401157060878,0.013856406460551024,0.923067931799067,0.9795943679338476
2024_34_education_binary_lower,34,education_binary,lower,COPD,ARTHRITIS,ok,,1.16885702291691,200,200,1.0,0.6734194998878,1.62515564224847,0.0,0.9811546736227335,1.0
2024_34_education_binary_lower,34,education_binary,lower,COPD,DEPRESSIVE_DISORDER,ok,,1.19070791007837,200,200,1.0,0.76861586478347,1.74056880066821,0.0,0.9811546736227335,1.0
2024_34_education_binary_lower,34,education_binary,lower,COPD,DIABETES,ok,,0.750142407483496,200,200,0.995,0.110778748068727,1.17952923227924,0.004987484335815003,0.9722262956021069,0.9991168312843989
2024_34_education_binary_lower,34,education_binary,lower,CURRENT_ASTHMA,ARTHRITIS,ok,,0.856149900195894,200,200,1.0,0.37333218661187,1.26071795710563,0.0,0.9811546736227335,1.0
2024_34_education_binary_lower,34,education_binary,lower,CURRENT_ASTHMA,COPD,ok,,2.04635443971707,200,200,1.0,1.45673309550484,2.56750168150957,0.0,0.9811546736227335,1.0
2024_34_education_binary_lower,34,education_binary,lower,CURRENT_ASTHMA,DEPRESSIVE_DISORDER,ok,,1.26465388857473,200,200,1.0,0.838058924619072,1.68558068164978,0.0,0.9811546736227335,1.0
2024_34_education_binary_lower,34,education_binary,lower,CURRENT_ASTHMA,DIABETES,ok,,0.98766940584861,200,200,1.0,0.517977251030315,1.42811666767042,0.0,0.9811546736227335,1.0
2024_34_education_binary_lower,34,education_binary,lower,DEPRESSIVE_DISORDER,ARTHRITIS,ok,,0.980994978864994,200,200,1.0,0.64734213099945,1.3919582863148,0.0,0.9811546736227335,1.0
2024_34_education_binary_lower,34,education_binary,lower,DEPRESSIVE_DISORDER,DIABETES,ok,,0.51630098571241,200,200,0.975,0.0168487713312016,0.859819575241846,0.011039701082909813,0.942821659593358,0.9892752803482386
2024_34_education_binary_lower,34,education_binary,lower,DEPRESSIVE_DISORDER,KIDNEY_DISEASE,ok,,0.957050441490689,200,200,0.995,0.215474095889199,1.61557357421981,0.004987484335815003,0.9722262956021069,0.9991168312843989
2024_34_education_binary_lower,34,education_binary,lower,ISCHEMIC_HEART_DISEASE,COPD,ok,,1.02963698243677,200,200,1.0,0.487354894477236,1.60342043976124,0.0,0.9811546736227335,1.0
2024_34_education_binary_lower,34,education_binary,lower,ISCHEMIC_HEART_DISEASE,DEPRESSIVE_DISORDER,ok,,0.938119643724255,200,200,1.0,0.414756988336157,1.38886399666802,0.0,0.9811546736227335,1.0
2024_34_education_binary_lower,34,education_binary,lower,ISCHEMIC_HEART_DISEASE,DIABETES,ok,,1.23539374246442,200,200,1.0,0.78540003236159,1.65699768834398,0.0,0.9811546736227335,1.0
2024_34_education_binary_lower,34,education_binary,lower,ISCHEMIC_HEART_DISEASE,KIDNEY_DISEASE,ok,,1.2196426966049,200,200,1.0,0.746949080101529,1.8418233339064,0.0,0.9811546736227335,1.0
2024_34_education_binary_lower,34,education_binary,lower,ISCHEMIC_HEART_DISEASE,STROKE,ok,,1.50556398184302,200,200,1.0,0.953494246762701,2.02683597952618,0.0,0.9811546736227335,1.0
2024_34_education_binary_lower,34,education_binary,lower,KIDNEY_DISEASE,ARTHRITIS,ok,,0.639262602587219,200,200,0.985,0.0359465903642217,1.20335644788038,0.008595056718835545,0.9568342712073097,0.9948857622067417
2024_34_education_binary_lower,34,education_binary,lower,KIDNEY_DISEASE,DIABETES,ok,,1.23848674528813,200,200,1.0,0.71771601312915,1.78647771261941,0.0,0.9811546736227335,1.0
2024_34_education_binary_lower,34,education_binary,lower,SKIN_CANCER,ARTHRITIS,ok,,0.767202269206106,200,200,0.995,0.274335992596914,1.17956443831927,0.004987484335815003,0.9722262956021069,0.9991168312843989
2024_34_education_binary_lower,34,education_binary,lower,SKIN_CANCER,OTHER_CANCER,ok,,1.74344409839382,200,200,1.0,1.01314599421622,2.42784413897603,0.0,0.9811546736227335,1.0
2024_34_education_binary_lower,34,education_binary,lower,STROKE,COPD,ok,,1.14869915351574,200,200,0.985,0.199056902041977,1.78263047526771,0.008595056718835545,0.9568342712073097,0.9948857622067417
2024_34_education_binary_lower,34,education_binary,lower,STROKE,DEPRESSIVE_DISORDER,ok,,0.76591858584738,200,200,0.985,0.0939098045398464,1.36586532207048,0.008595056718835545,0.9568342712073097,0.9948857622067417
2024_34_education_binary_lower,34,education_binary,lower,STROKE,DIABETES,ok,,0.798780709985664,200,200,0.975,0.01305584663818,1.35229191648855,0.011039701082909813,0.942821659593358,0.9892752803482386
2024_34_education_binary_lower,34,education_binary,lower,STROKE,KIDNEY_DISEASE,ok,,1.20608103570368,200,200,1.0,0.296217620166803,1.79850971998281,0.0,0.9811546736227335,1.0
2024_35_education_binary_higher,35,education_binary,higher,COPD,ARTHRITIS,ok,,0.732241119613947,200,200,1.0,0.262832855113299,1.31823184648427,0.0,0.9811546736227335,1.0
2024_35_education_binary_higher,35,education_binary,higher,COPD,DEPRESSIVE_DISORDER,ok,,0.798958003788372,200,200,1.0,0.30564484287316,1.27772998494628,0.0,0.9811546736227335,1.0
2024_35_education_binary_higher,35,education_binary,higher,CURRENT_ASTHMA,ARTHRITIS,ok,,0.837304150490289,200,200,1.0,0.419910586857741,1.26106877914568,0.0,0.9811546736227335,1.0
2024_35_education_binary_higher,35,education_binary,higher,CURRENT_ASTHMA,COPD,ok,,1.37823296080421,200,200,1.0,0.764795860546639,1.93964146764417,0.0,0.9811546736227335,1.0
2024_35_education_binary_higher,35,education_binary,higher,CURRENT_ASTHMA,DEPRESSIVE_DISORDER,ok,,0.723040181868301,200,200,1.0,0.224110595956625,1.14648835448311,0.0,0.9811546736227335,1.0
2024_35_education_binary_higher,35,education_binary,higher,DEPRESSIVE_DISORDER,ARTHRITIS,ok,,0.712650335707834,200,200,1.0,0.378690065242901,1.0859367868895,0.0,0.9811546736227335,1.0
2024_35_education_binary_higher,35,education_binary,higher,ISCHEMIC_HEART_DISEASE,ARTHRITIS,ok,,0.856354860444837,200,200,0.995,0.360778498545808,1.40148952125502,0.004987484335815003,0.9722262956021069,0.9991168312843989
2024_35_education_binary_higher,35,education_binary,higher,ISCHEMIC_HEART_DISEASE,COPD,ok,,1.1917015771253,200,200,1.0,0.51682804903939,1.87056340773751,0.0,0.9811546736227335,1.0
2024_35_education_binary_higher,35,education_binary,higher,ISCHEMIC_HEART_DISEASE,CURRENT_ASTHMA,ok,,0.743187906526285,200,200,0.995,0.112923077737258,1.28430830490931,0.004987484335815003,0.9722262956021069,0.9991168312843989
2024_35_education_binary_higher,35,education_binary,higher,ISCHEMIC_HEART_DISEASE,DEPRESSIVE_DISORDER,ok,,1.19190182033915,200,200,1.0,0.581842925853589,1.65674250294598,0.0,0.9811546736227335,1.0
2024_35_education_binary_higher,35,education_binary,higher,ISCHEMIC_HEART_DISEASE,DIABETES,ok,,0.80513713478238,200,200,1.0,0.282606524894226,1.30270159280597,0.0,0.9811546736227335,1.0
2024_35_education_binary_higher,35,education_binary,higher,ISCHEMIC_HEART_DISEASE,KIDNEY_DISEASE,ok,,1.02967409357041,200,200,0.99,0.358587215875876,1.60381074433237,0.007035623639735147,0.9642782382838231,0.9972533418664555
2024_35_education_binary_higher,35,education_binary,higher,ISCHEMIC_HEART_DISEASE,STROKE,ok,,1.45716811318406,200,200,0.995,0.754031247062323,2.32570950224717,0.004987484335815003,0.9722262956021069,0.9991168312843989
2024_35_education_binary_higher,35,education_binary,higher,KIDNEY_DISEASE,DIABETES,ok,,1.5804933102851,200,200,1.0,1.00143785102592,2.05941331178819,0.0,0.9811546736227335,1.0
2024_35_education_binary_higher,35,education_binary,higher,OTHER_CANCER,COPD,ok,,0.948266317305603,200,200,1.0,0.398352936209732,1.54218110926656,0.0,0.9811546736227335,1.0
2024_35_education_binary_higher,35,education_binary,higher,SKIN_CANCER,OTHER_CANCER,ok,,1.35322693642563,200,200,1.0,0.933604127271974,1.79563655957741,0.0,0.9811546736227335,1.0
2024_35_education_binary_higher,35,education_binary,higher,STROKE,COPD,ok,,1.23610959125298,200,200,0.995,0.218230933843461,2.05034675052246,0.004987484335815003,0.9722262956021069,0.9991168312843989
2024_35_education_binary_higher,35,education_binary,higher,STROKE,DEPRESSIVE_DISORDER,ok,,0.890452888096802,200,200,0.995,0.17721718939172,1.55794723376745,0.004987484335815003,0.9722262956021069,0.9991168312843989
2024_35_education_binary_higher,35,education_binary,higher,STROKE,KIDNEY_DISEASE,ok,,1.38980287948318,200,200,1.0,0.681986707246448,2.24366433338292,0.0,0.9811546736227335,1.0
2024_35_education_binary_lower,35,education_binary,lower,COPD,ARTHRITIS,ok,,0.889696067355602,200,200,0.995,0.158092536196129,1.69756044697979,0.004987484335815003,0.9722262956021069,0.9991168312843989
2024_35_education_binary_lower,35,education_binary,lower,COPD,DEPRESSIVE_DISORDER,ok,,1.46605721608037,200,200,1.0,0.622517921502299,2.25461829434359,0.0,0.9811546736227335,1.0
2024_35_education_binary_lower,35,education_binary,lower,CURRENT_ASTHMA,COPD,ok,,2.28778580063883,200,200,1.0,1.43723415100857,3.32075217719704,0.0,0.9811546736227335,1.0
2024_35_education_binary_lower,35,education_binary,lower,CURRENT_ASTHMA,DEPRESSIVE_DISORDER,ok,,1.23305887044946,200,200,1.0,0.583846250330741,1.84611641591895,0.0,0.9811546736227335,1.0
2024_35_education_binary_lower,35,education_binary,lower,DEPRESSIVE_DISORDER,ARTHRITIS,ok,,1.67385121365071,200,200,1.0,1.12983817207653,2.2503339700893,0.0,0.9811546736227335,1.0
2024_35_education_binary_lower,35,education_binary,lower,DEPRESSIVE_DISORDER,DIABETES,ok,,0.691330964941221,200,200,0.985,0.132084384995125,1.24028350503922,0.008595056718835545,0.9568342712073097,0.9948857622067417
2024_35_education_binary_lower,35,education_binary,lower,ISCHEMIC_HEART_DISEASE,ARTHRITIS,ok,,0.825609793027579,200,200,1.0,0.258923954013865,1.46270958061154,0.0,0.9811546736227335,1.0
2024_35_education_binary_lower,35,education_binary,lower,ISCHEMIC_HEART_DISEASE,COPD,ok,,0.998912421880727,200,200,0.99,0.197465933356787,1.77915566623388,0.007035623639735147,0.9642782382838231,0.9972533418664555
2024_35_education_binary_lower,35,education_binary,lower,ISCHEMIC_HEART_DISEASE,CURRENT_ASTHMA,ok,,1.10400981710021,200,200,0.995,0.226708016322721,1.92209952412211,0.004987484335815003,0.9722262956021069,0.9991168312843989
2024_35_education_binary_lower,35,education_binary,lower,ISCHEMIC_HEART_DISEASE,DEPRESSIVE_DISORDER,ok,,0.896534056445242,200,200,0.995,0.231928284285142,1.57827655904895,0.004987484335815003,0.9722262956021069,0.9991168312843989
2024_35_education_binary_lower,35,education_binary,lower,ISCHEMIC_HEART_DISEASE,DIABETES,ok,,0.967024530394515,200,200,1.0,0.319647994234195,1.6220717384342,0.0,0.9811546736227335,1.0
2024_35_education_binary_lower,35,education_binary,lower,ISCHEMIC_HEART_DISEASE,KIDNEY_DISEASE,ok,,1.39502366520748,200,200,1.0,0.513165278811598,2.2673119353424,0.0,0.9811546736227335,1.0
2024_35_education_binary_lower,35,education_binary,lower,ISCHEMIC_HEART_DISEASE,STROKE,ok,,1.39890965662057,200,200,1.0,0.342145392350583,2.37902910492296,0.0,0.9811546736227335,1.0
2024_35_education_binary_lower,35,education_binary,lower,SKIN_CANCER,OTHER_CANCER,ok,,2.08520864918132,200,200,1.0,1.06601830753888,2.88619844730355,0.0,0.9811546736227335,1.0
2024_35_education_binary_lower,35,education_binary,lower,STROKE,ARTHRITIS,ok,,1.53792332255165,200,200,1.0,0.477152730602021,2.68405823692468,0.0,0.9811546736227335,1.0
2024_35_education_binary_lower,35,education_binary,lower,STROKE,KIDNEY_DISEASE,ok,,1.68011218692523,200,200,0.99,0.613292049687986,2.66537773821475,0.007035623639735147,0.9642782382838231,0.9972533418664555
2024_36_education_binary_higher,36,education_binary,higher,ARTHRITIS,DIABETES,ok,,0.500006169175146,200,200,1.0,0.366019662560295,0.625625671431537,0.0,0.9811546736227335,1.0
2024_36_education_binary_higher,36,education_binary,higher,COPD,ARTHRITIS,ok,,1.12317143296398,200,200,1.0,0.942445815685777,1.33309240732889,0.0,0.9811546736227335,1.0
2024_36_education_binary_higher,36,education_binary,higher,COPD,DEPRESSIVE_DISORDER,ok,,1.21868841058907,200,200,1.0,1.05170594960725,1.41635752781798,0.0,0.9811546736227335,1.0
2024_36_education_binary_higher,36,education_binary,higher,COPD,DIABETES,ok,,0.666576533921609,200,200,1.0,0.458880293732333,0.889864656986355,0.0,0.9811546736227335,1.0
2024_36_education_binary_higher,36,education_binary,higher,COPD,KIDNEY_DISEASE,ok,,0.791881422076477,200,200,1.0,0.484645442550232,1.05704046057146,0.0,0.9811546736227335,1.0
2024_36_education_binary_higher,36,education_binary,higher,CURRENT_ASTHMA,ARTHRITIS,ok,,0.93906547018272,200,200,1.0,0.824317819450362,1.04871402657884,0.0,0.9811546736227335,1.0
2024_36_education_binary_higher,36,education_binary,higher,CURRENT_ASTHMA,COPD,ok,,1.73764643097935,200,200,1.0,1.56150833262303,1.93230401743026,0.0,0.9811546736227335,1.0
2024_36_education_binary_higher,36,education_binary,higher,CURRENT_ASTHMA,DEPRESSIVE_DISORDER,ok,,0.954987060587698,200,200,1.0,0.82373052300588,1.07876922846272,0.0,0.9811546736227335,1.0
2024_36_education_binary_higher,36,education_binary,higher,CURRENT_ASTHMA,DIABETES,ok,,0.536381658160413,200,200,1.0,0.360979563272132,0.716098801568355,0.0,0.9811546736227335,1.0
2024_36_education_binary_higher,36,education_binary,higher,CURRENT_ASTHMA,KIDNEY_DISEASE,ok,,0.788754965249829,200,200,1.0,0.541924167627658,1.03718565794468,0.0,0.9811546736227335,1.0
2024_36_education_binary_higher,36,education_binary,higher,CURRENT_ASTHMA,OTHER_CANCER,ok,,0.293166629451137,200,200,1.0,0.134643007916819,0.44083047086603,0.0,0.9811546736227335,1.0
2024_36_education_binary_higher,36,education_binary,higher,DEPRESSIVE_DISORDER,ARTHRITIS,ok,,0.996420369706603,200,200,1.0,0.8719342658657,1.1154283883162,0.0,0.9811546736227335,1.0
2024_36_education_binary_higher,36,education_binary,higher,DEPRESSIVE_DISORDER,DIABETES,ok,,0.431598389195951,200,200,1.0,0.254852621789633,0.569036499986668,0.0,0.9811546736227335,1.0
2024_36_education_binary_higher,36,education_binary,higher,DEPRESSIVE_DISORDER,KIDNEY_DISEASE,ok,,0.742976042691177,200,200,1.0,0.515070695416636,0.904830099367083,0.0,0.9811546736227335,1.0
2024_36_education_binary_higher,36,education_binary,higher,ISCHEMIC_HEART_DISEASE,ARTHRITIS,ok,,0.83377156115441,200,200,1.0,0.705074869669034,1.0006462364124,0.0,0.9811546736227335,1.0
2024_36_education_binary_higher,36,education_binary,higher,ISCHEMIC_HEART_DISEASE,COPD,ok,,1.49955965011262,200,200,1.0,1.28694218674577,1.69549928899726,0.0,0.9811546736227335,1.0
2024_36_education_binary_higher,36,education_binary,higher,ISCHEMIC_HEART_DISEASE,CURRENT_ASTHMA,ok,,0.708636538483785,200,200,1.0,0.491359367380024,0.912208061567984,0.0,0.9811546736227335,1.0
2024_36_education_binary_higher,36,education_binary,higher,ISCHEMIC_HEART_DISEASE,DEPRESSIVE_DISORDER,ok,,0.693683317250141,200,200,1.0,0.477738746904863,0.911420296983353,0.0,0.9811546736227335,1.0
2024_36_education_binary_higher,36,education_binary,higher,ISCHEMIC_HEART_DISEASE,DIABETES,ok,,0.907115528592151,200,200,1.0,0.697323018902484,1.08013513042158,0.0,0.9811546736227335,1.0
2024_36_education_binary_higher,36,education_binary,higher,ISCHEMIC_HEART_DISEASE,KIDNEY_DISEASE,ok,,1.41328375536728,200,200,1.0,1.16939502654574,1.61455203816963,0.0,0.9811546736227335,1.0
2024_36_education_binary_higher,36,education_binary,higher,ISCHEMIC_HEART_DISEASE,OTHER_CANCER,ok,,0.419868355684777,200,200,1.0,0.231231281896368,0.620163211903009,0.0,0.9811546736227335,1.0
2024_36_education_binary_higher,36,education_binary,higher,ISCHEMIC_HEART_DISEASE,STROKE,ok,,1.82867449503749,200,200,1.0,1.57614794835321,2.12602046482192,0.0,0.9811546736227335,1.0
2024_36_education_binary_higher,36,education_binary,higher,KIDNEY_DISEASE,ARTHRITIS,ok,,0.907516963871194,200,200,1.0,0.714126806415771,1.13228923348017,0.0,0.9811546736227335,1.0
2024_36_education_binary_higher,36,education_binary,higher,KIDNEY_DISEASE,DIABETES,ok,,1.37739492160473,200,200,1.0,1.18713651134222,1.5752409106332,0.0,0.9811546736227335,1.0
2024_36_education_binary_higher,36,education_binary,higher,OTHER_CANCER,ARTHRITIS,ok,,0.382079740953127,200,200,1.0,0.259198919349868,0.514119740528136,0.0,0.9811546736227335,1.0
2024_36_education_binary_higher,36,education_binary,higher,OTHER_CANCER,COPD,ok,,0.474858406167008,200,200,1.0,0.27356690563775,0.670404462607677,0.0,0.9811546736227335,1.0
2024_36_education_binary_higher,36,education_binary,higher,OTHER_CANCER,DEPRESSIVE_DISORDER,ok,,0.374869031509867,200,200,0.995,0.160897240712008,0.565827074964727,0.004987484335815003,0.9722262956021069,0.9991168312843989
2024_36_education_binary_higher,36,education_binary,higher,OTHER_CANCER,KIDNEY_DISEASE,ok,,0.802266406433703,200,200,1.0,0.557350093301278,1.08768289079806,0.0,0.9811546736227335,1.0
2024_36_education_binary_higher,36,education_binary,higher,SKIN_CANCER,ARTHRITIS,ok,,0.266276907200228,200,200,1.0,0.129047476340651,0.408266374281017,0.0,0.9811546736227335,1.0
2024_36_education_binary_higher,36,education_binary,higher,SKIN_CANCER,DEPRESSIVE_DISORDER,ok,,0.298986401365447,200,200,1.0,0.100304516945642,0.499702382296598,0.0,0.9811546736227335,1.0
2024_36_education_binary_higher,36,education_binary,higher,SKIN_CANCER,KIDNEY_DISEASE,ok,,0.533806136769972,200,200,1.0,0.284051196054242,0.785439288321282,0.0,0.9811546736227335,1.0
2024_36_education_binary_higher,36,education_binary,higher,SKIN_CANCER,OTHER_CANCER,ok,,1.62894932165124,200,200,1.0,1.42719862262871,1.76835885649828,0.0,0.9811546736227335,1.0
2024_36_education_binary_higher,36,education_binary,higher,STROKE,ARTHRITIS,ok,,0.552132038433066,200,200,1.0,0.305616669056169,0.828193475611335,0.0,0.9811546736227335,1.0
2024_36_education_binary_higher,36,education_binary,higher,STROKE,COPD,ok,,1.12006836245367,200,200,1.0,0.805855335834027,1.43207256581295,0.0,0.9811546736227335,1.0
2024_36_education_binary_higher,36,education_binary,higher,STROKE,CURRENT_ASTHMA,ok,,0.776503552555159,200,200,1.0,0.491538403085853,1.04087464230579,0.0,0.9811546736227335,1.0
2024_36_education_binary_higher,36,education_binary,higher,STROKE,DEPRESSIVE_DISORDER,ok,,0.828712897561579,200,200,1.0,0.583033960645848,1.05530937616064,0.0,0.9811546736227335,1.0
2024_36_education_binary_higher,36,education_binary,higher,STROKE,DIABETES,ok,,0.987171781277016,200,200,1.0,0.648253698173753,1.24240265634518,0.0,0.9811546736227335,1.0
2024_36_education_binary_higher,36,education_binary,higher,STROKE,KIDNEY_DISEASE,ok,,0.912097129799483,200,200,1.0,0.560494029702667,1.21038133524751,0.0,0.9811546736227335,1.0
2024_36_education_binary_higher,36,education_binary,higher,STROKE,OTHER_CANCER,ok,,0.403454145005964,200,200,0.995,0.134715759634451,0.673758140067251,0.004987484335815003,0.9722262956021069,0.9991168312843989
2024_36_education_binary_lower,36,education_binary,lower,ARTHRITIS,DIABETES,ok,,0.48620462422996,200,200,1.0,0.328886913202609,0.671836661682272,0.0,0.9811546736227335,1.0
2024_36_education_binary_lower,36,education_binary,lower,COPD,ARTHRITIS,ok,,1.187851684002,200,200,1.0,1.00904519326708,1.42127992964836,0.0,0.9811546736227335,1.0
2024_36_education_binary_lower,36,education_binary,lower,COPD,DEPRESSIVE_DISORDER,ok,,1.43716876750995,200,200,1.0,1.24155532873848,1.6504740482016,0.0,0.9811546736227335,1.0
2024_36_education_binary_lower,36,education_binary,lower,COPD,DIABETES,ok,,0.293274013271774,200,200,1.0,0.0457172332519485,0.524183221015425,0.0,0.9811546736227335,1.0
2024_36_education_binary_lower,36,education_binary,lower,COPD,KIDNEY_DISEASE,ok,,0.943806027568588,200,200,1.0,0.612143284492247,1.24441956709365,0.0,0.9811546736227335,1.0
2024_36_education_binary_lower,36,education_binary,lower,CURRENT_ASTHMA,ARTHRITIS,ok,,0.991477188209588,200,200,1.0,0.817582147709649,1.22047366151316,0.0,0.9811546736227335,1.0
2024_36_education_binary_lower,36,education_binary,lower,CURRENT_ASTHMA,COPD,ok,,2.00196667215603,200,200,1.0,1.79454861837516,2.22400537098411,0.0,0.9811546736227335,1.0
2024_36_education_binary_lower,36,education_binary,lower,CURRENT_ASTHMA,DEPRESSIVE_DISORDER,ok,,1.2531448113841,200,200,1.0,1.09715967338004,1.40855764337459,0.0,0.9811546736227335,1.0
2024_36_education_binary_lower,36,education_binary,lower,CURRENT_ASTHMA,DIABETES,ok,,0.797282004001702,200,200,1.0,0.574591051280711,1.00173922199838,0.0,0.9811546736227335,1.0
2024_36_education_binary_lower,36,education_binary,lower,CURRENT_ASTHMA,KIDNEY_DISEASE,ok,,0.555948331780245,200,200,1.0,0.219273419454985,0.779351611386461,0.0,0.9811546736227335,1.0
2024_36_education_binary_lower,36,education_binary,lower,DEPRESSIVE_DISORDER,ARTHRITIS,ok,,1.34370075868342,200,200,1.0,1.19679401516925,1.52006873588375,0.0,0.9811546736227335,1.0
2024_36_education_binary_lower,36,education_binary,lower,DEPRESSIVE_DISORDER,DIABETES,ok,,0.663781766991758,200,200,1.0,0.474533998283593,0.862821285247828,0.0,0.9811546736227335,1.0
2024_36_education_binary_lower,36,education_binary,lower,DEPRESSIVE_DISORDER,KIDNEY_DISEASE,ok,,1.01687576804628,200,200,1.0,0.678923839380198,1.30256958574208,0.0,0.9811546736227335,1.0
2024_36_education_binary_lower,36,education_binary,lower,ISCHEMIC_HEART_DISEASE,ARTHRITIS,ok,,0.79129228422553,200,200,1.0,0.588733230001468,1.01749451007009,0.0,0.9811546736227335,1.0
2024_36_education_binary_lower,36,education_binary,lower,ISCHEMIC_HEART_DISEASE,COPD,ok,,1.21775108500887,200,200,1.0,0.911522294316925,1.50554458953725,0.0,0.9811546736227335,1.0
2024_36_education_binary_lower,36,education_binary,lower,ISCHEMIC_HEART_DISEASE,CURRENT_ASTHMA,ok,,0.750069495469333,200,200,1.0,0.474328231288458,1.02046653054896,0.0,0.9811546736227335,1.0
2024_36_education_binary_lower,36,education_binary,lower,ISCHEMIC_HEART_DISEASE,DEPRESSIVE_DISORDER,ok,,0.86387365248164,200,200,1.0,0.602692421994466,1.10072989943292,0.0,0.9811546736227335,1.0
2024_36_education_binary_lower,36,education_binary,lower,ISCHEMIC_HEART_DISEASE,DIABETES,ok,,0.829322135759776,200,200,1.0,0.587743323076987,1.06343363347315,0.0,0.9811546736227335,1.0
2024_36_education_binary_lower,36,education_binary,lower,ISCHEMIC_HEART_DISEASE,KIDNEY_DISEASE,ok,,1.09363967191052,200,200,1.0,0.685372469075974,1.36938589225708,0.0,0.9811546736227335,1.0
2024_36_education_binary_lower,36,education_binary,lower,ISCHEMIC_HEART_DISEASE,SKIN_CANCER,ok,,0.501993016808655,200,200,0.995,0.138451221691946,0.860238459143545,0.004987484335815003,0.9722262956021069,0.9991168312843989
2024_36_education_binary_lower,36,education_binary,lower,ISCHEMIC_HEART_DISEASE,STROKE,ok,,2.11135982174726,200,200,1.0,1.69189395745176,2.42671895478903,0.0,0.9811546736227335,1.0
2024_36_education_binary_lower,36,education_binary,lower,KIDNEY_DISEASE,ARTHRITIS,ok,,0.774514852306093,200,200,1.0,0.519121836292722,1.04925113481203,0.0,0.9811546736227335,1.0
2024_36_education_binary_lower,36,education_binary,lower,KIDNEY_DISEASE,DIABETES,ok,,1.16642973397041,200,200,1.0,0.893882981555874,1.43692981157389,0.0,0.9811546736227335,1.0
2024_36_education_binary_lower,36,education_binary,lower,OTHER_CANCER,ARTHRITIS,ok,,0.530536829818611,200,200,1.0,0.277446077697698,0.711216340038777,0.0,0.9811546736227335,1.0
2024_36_education_binary_lower,36,education_binary,lower,OTHER_CANCER,COPD,ok,,0.426905970974567,200,200,1.0,0.0882434842010959,0.715828048276844,0.0,0.9811546736227335,1.0
2024_36_education_binary_lower,36,education_binary,lower,OTHER_CANCER,DEPRESSIVE_DISORDER,ok,,0.484875530787562,200,200,1.0,0.226616978714981,0.721859559924226,0.0,0.9811546736227335,1.0
2024_36_education_binary_lower,36,education_binary,lower,OTHER_CANCER,KIDNEY_DISEASE,ok,,0.530249057180475,200,200,1.0,0.207920678507971,0.826392294204111,0.0,0.9811546736227335,1.0
2024_36_education_binary_lower,36,education_binary,lower,SKIN_CANCER,ARTHRITIS,ok,,0.686116513514733,200,200,1.0,0.366686189384831,1.03639927090394,0.0,0.9811546736227335,1.0
2024_36_education_binary_lower,36,education_binary,lower,SKIN_CANCER,COPD,ok,,0.597908625083093,200,200,1.0,0.160085660141715,1.02018834540167,0.0,0.9811546736227335,1.0
2024_36_education_binary_lower,36,education_binary,lower,SKIN_CANCER,DEPRESSIVE_DISORDER,ok,,0.447665041350872,200,200,0.985,0.0632951710613549,0.812581082516065,0.008595056718835545,0.9568342712073097,0.9948857622067417
2024_36_education_binary_lower,36,education_binary,lower,SKIN_CANCER,KIDNEY_DISEASE,ok,,0.581443840222923,200,200,0.985,0.0501130608700766,1.02018329519687,0.008595056718835545,0.9568342712073097,0.9948857622067417
2024_36_education_binary_lower,36,education_binary,lower,SKIN_CANCER,OTHER_CANCER,ok,,1.94642796042661,200,200,1.0,1.6675012879309,2.3098754699621,0.0,0.9811546736227335,1.0
2024_36_education_binary_lower,36,education_binary,lower,STROKE,ARTHRITIS,ok,,0.444814410678625,200,200,1.0,0.126065426494028,0.703095046537837,0.0,0.9811546736227335,1.0
2024_36_education_binary_lower,36,education_binary,lower,STROKE,COPD,ok,,1.12500172561587,200,200,1.0,0.687159027594607,1.46100561648582,0.0,0.9811546736227335,1.0
2024_36_education_binary_lower,36,education_binary,lower,STROKE,CURRENT_ASTHMA,ok,,0.742858900289504,200,200,1.0,0.414896983696682,1.13278721615683,0.0,0.9811546736227335,1.0
2024_36_education_binary_lower,36,education_binary,lower,STROKE,DEPRESSIVE_DISORDER,ok,,0.694992611384496,200,200,1.0,0.334126040912367,0.946016124413483,0.0,0.9811546736227335,1.0
2024_36_education_binary_lower,36,education_binary,lower,STROKE,DIABETES,ok,,0.441504221463374,200,200,0.975,0.0054460876189649,0.784091989085683,0.011039701082909813,0.942821659593358,0.9892752803482386
2024_36_education_binary_lower,36,education_binary,lower,STROKE,KIDNEY_DISEASE,ok,,0.795135176185263,200,200,1.0,0.368063855131602,1.18041212049229,0.0,0.9811546736227335,1.0
2024_37_education_binary_higher,37,education_binary,higher,ARTHRITIS,DIABETES,ok,,0.697293174735382,200,200,1.0,0.437869506236298,0.957329459035772,0.0,0.9811546736227335,1.0
2024_37_education_binary_higher,37,education_binary,higher,COPD,ARTHRITIS,ok,,1.36341456488027,200,200,1.0,0.960397513582781,1.79220331675424,0.0,0.9811546736227335,1.0
2024_37_education_binary_higher,37,education_binary,higher,COPD,DEPRESSIVE_DISORDER,ok,,1.05483984093922,200,200,1.0,0.660190486027519,1.47532855783089,0.0,0.9811546736227335,1.0
2024_37_education_binary_higher,37,education_binary,higher,COPD,DIABETES,ok,,0.853676774163428,200,200,1.0,0.392362785561281,1.32641445599157,0.0,0.9811546736227335,1.0
2024_37_education_binary_higher,37,education_binary,higher,CURRENT_ASTHMA,ARTHRITIS,ok,,0.621036212330856,200,200,1.0,0.270953136914792,1.01831814365689,0.0,0.9811546736227335,1.0
2024_37_education_binary_higher,37,education_binary,higher,CURRENT_ASTHMA,COPD,ok,,1.59790988456533,200,200,1.0,1.14642604363823,2.08195381953897,0.0,0.9811546736227335,1.0
2024_37_education_binary_higher,37,education_binary,higher,CURRENT_ASTHMA,DEPRESSIVE_DISORDER,ok,,0.710924613013516,200,200,1.0,0.391035516373948,1.01767810269768,0.0,0.9811546736227335,1.0
2024_37_education_binary_higher,37,education_binary,higher,CURRENT_ASTHMA,DIABETES,ok,,0.60382200547294,200,200,0.99,0.120295397971319,1.04718983018896,0.007035623639735147,0.9642782382838231,0.9972533418664555
2024_37_education_binary_higher,37,education_binary,higher,DEPRESSIVE_DISORDER,ARTHRITIS,ok,,1.18459271390877,200,200,1.0,0.8973160945106,1.42480618581248,0.0,0.9811546736227335,1.0
2024_37_education_binary_higher,37,education_binary,higher,DEPRESSIVE_DISORDER,DIABETES,ok,,0.767582046093973,200,200,1.0,0.491864325128859,1.12967727692897,0.0,0.9811546736227335,1.0
2024_37_education_binary_higher,37,education_binary,higher,ISCHEMIC_HEART_DISEASE,ARTHRITIS,ok,,0.571319382132616,200,200,0.995,0.26414194465228,0.887415593059436,0.004987484335815003,0.9722262956021069,0.9991168312843989
2024_37_education_binary_higher,37,education_binary,higher,ISCHEMIC_HEART_DISEASE,COPD,ok,,1.33571631181085,200,200,1.0,0.758669071239459,1.86136137514841,0.0,0.9811546736227335,1.0
2024_37_education_binary_higher,37,education_binary,higher,ISCHEMIC_HEART_DISEASE,DEPRESSIVE_DISORDER,ok,,0.716924960599015,200,200,1.0,0.282099219059294,1.09891877563335,0.0,0.9811546736227335,1.0
2024_37_education_binary_higher,37,education_binary,higher,ISCHEMIC_HEART_DISEASE,DIABETES,ok,,0.758021867171421,200,200,1.0,0.348010483645786,1.1635404077493,0.0,0.9811546736227335,1.0
2024_37_education_binary_higher,37,education_binary,higher,ISCHEMIC_HEART_DISEASE,STROKE,ok,,1.49698177740115,200,200,1.0,0.815764690791647,2.10019925835634,0.0,0.9811546736227335,1.0
2024_37_education_binary_higher,37,education_binary,higher,KIDNEY_DISEASE,ARTHRITIS,ok,,0.797274109351757,200,200,1.0,0.328468732730236,1.33253727685978,0.0,0.9811546736227335,1.0
2024_37_education_binary_higher,37,education_binary,higher,KIDNEY_DISEASE,DIABETES,ok,,1.2652519819208,200,200,1.0,0.679753366630458,1.78013142557592,0.0,0.9811546736227335,1.0
2024_37_education_binary_higher,37,education_binary,higher,OTHER_CANCER,COPD,ok,,0.703939168153953,200,200,0.99,0.0741687679246886,1.26380400905427,0.007035623639735147,0.9642782382838231,0.9972533418664555
2024_37_education_binary_higher,37,education_binary,higher,OTHER_CANCER,DIABETES,ok,,0.469224093719339,200,200,0.99,0.0636655521617119,0.836193572336981,0.007035623639735147,0.9642782382838231,0.9972533418664555
2024_37_education_binary_higher,37,education_binary,higher,SKIN_CANCER,ARTHRITIS,ok,,0.459396351976856,200,200,0.995,0.125346796859987,0.76868681779147,0.004987484335815003,0.9722262956021069,0.9991168312843989
2024_37_education_binary_higher,37,education_binary,higher,SKIN_CANCER,OTHER_CANCER,ok,,0.768604789995418,200,200,1.0,0.431495537625233,1.11888103338384,0.0,0.9811546736227335,1.0
2024_37_education_binary_higher,37,education_binary,higher,STROKE,ARTHRITIS,ok,,0.673592143453194,200,200,1.0,0.232724610086819,1.140006263552,0.0,0.9811546736227335,1.0
2024_37_education_binary_higher,37,education_binary,higher,STROKE,COPD,ok,,0.973775085098738,200,200,0.985,0.127292694523746,1.56297427101087,0.008595056718835545,0.9568342712073097,0.9948857622067417
2024_37_education_binary_higher,37,education_binary,higher,STROKE,DIABETES,ok,,0.97753896883813,200,200,1.0,0.367506284367709,1.4394524471552,0.0,0.9811546736227335,1.0
2024_37_education_binary_higher,37,education_binary,higher,STROKE,KIDNEY_DISEASE,ok,,0.999733103230597,200,200,0.995,0.223104146787708,1.66657615398774,0.004987484335815003,0.9722262956021069,0.9991168312843989
2024_37_education_binary_higher,37,education_binary,higher,STROKE,OTHER_CANCER,ok,,0.710222000763673,200,200,0.98,0.0185745086082596,1.31602703936381,0.009899494936611668,0.9497129130941735,0.9921955735836505
2024_37_education_binary_lower,37,education_binary,lower,COPD,ARTHRITIS,ok,,1.05001532011281,200,200,1.0,0.565425394829861,1.62278526558576,0.0,0.9811546736227335,1.0
2024_37_education_binary_lower,37,education_binary,lower,COPD,DEPRESSIVE_DISORDER,ok,,1.73983008041235,200,200,1.0,1.32564279906958,2.17640190944862,0.0,0.9811546736227335,1.0
2024_37_education_binary_lower,37,education_binary,lower,COPD,KIDNEY_DISEASE,ok,,1.11178902624902,200,200,0.99,0.280117309022845,1.72541219534793,0.007035623639735147,0.9642782382838231,0.9972533418664555
2024_37_education_binary_lower,37,education_binary,lower,CURRENT_ASTHMA,ARTHRITIS,ok,,0.783068254371916,200,200,1.0,0.254610525338058,1.29450875566048,0.0,0.9811546736227335,1.0
2024_37_education_binary_lower,37,education_binary,lower,CURRENT_ASTHMA,COPD,ok,,1.64679802368337,200,200,1.0,1.15070949932006,2.2013692257793,0.0,0.9811546736227335,1.0
2024_37_education_binary_lower,37,education_binary,lower,CURRENT_ASTHMA,DEPRESSIVE_DISORDER,ok,,1.20459083015169,200,200,1.0,0.761305194940902,1.66691140363501,0.0,0.9811546736227335,1.0
2024_37_education_binary_lower,37,education_binary,lower,DEPRESSIVE_DISORDER,ARTHRITIS,ok,,1.06511883265676,200,200,1.0,0.688752130332891,1.46602489732616,0.0,0.9811546736227335,1.0
2024_37_education_binary_lower,37,education_binary,lower,DEPRESSIVE_DISORDER,KIDNEY_DISEASE,ok,,1.2868844872251,200,200,1.0,0.517808650301237,1.95331138879311,0.0,0.9811546736227335,1.0
2024_37_education_binary_lower,37,education_binary,lower,ISCHEMIC_HEART_DISEASE,DIABETES,ok,,0.968092689409646,200,200,1.0,0.459366678278294,1.43606609925997,0.0,0.9811546736227335,1.0
2024_37_education_binary_lower,37,education_binary,lower,ISCHEMIC_HEART_DISEASE,STROKE,ok,,1.18636350878548,200,200,1.0,0.514844787680819,1.86374325205482,0.0,0.9811546736227335,1.0
2024_37_education_binary_lower,37,education_binary,lower,KIDNEY_DISEASE,DIABETES,ok,,1.10137072945153,200,200,1.0,0.429883383039763,1.68070529659648,0.0,0.9811546736227335,1.0
2024_37_education_binary_lower,37,education_binary,lower,SKIN_CANCER,COPD,ok,,1.05419339061124,200,200,1.0,0.499789151011364,1.73017592808904,0.0,0.9811546736227335,1.0
2024_37_education_binary_lower,37,education_binary,lower,SKIN_CANCER,OTHER_CANCER,ok,,1.2454547816793,200,200,1.0,0.544061756449739,1.92434065798401,0.0,0.9811546736227335,1.0
2024_37_education_binary_lower,37,education_binary,lower,STROKE,DEPRESSIVE_DISORDER,ok,,0.929646648189076,200,200,0.98,0.136931704786306,1.6862281869144,0.009899494936611668,0.9497129130941735,0.9921955735836505
2024_37_education_binary_lower,37,education_binary,lower,STROKE,KIDNEY_DISEASE,ok,,1.36817299313726,200,200,1.0,0.222247552026256,2.18274131744504,0.0,0.9811546736227335,1.0
2024_38_education_binary_higher,38,education_binary,higher,ARTHRITIS,DIABETES,ok,,0.533291772734087,200,200,1.0,0.292127943634297,0.741851600518872,0.0,0.9811546736227335,1.0
2024_38_education_binary_higher,38,education_binary,higher,COPD,ARTHRITIS,ok,,0.993776405494859,200,200,1.0,0.713513625742659,1.33481014702432,0.0,0.9811546736227335,1.0
2024_38_education_binary_higher,38,education_binary,higher,COPD,DEPRESSIVE_DISORDER,ok,,0.954786202522201,200,200,1.0,0.558690281845451,1.29396890344073,0.0,0.9811546736227335,1.0
2024_38_education_binary_higher,38,education_binary,higher,COPD,KIDNEY_DISEASE,ok,,0.759853159891096,200,200,1.0,0.145079270946015,1.26183562173781,0.0,0.9811546736227335,1.0
2024_38_education_binary_higher,38,education_binary,higher,CURRENT_ASTHMA,ARTHRITIS,ok,,0.83350870325157,200,200,1.0,0.602222783470805,1.10483599600331,0.0,0.9811546736227335,1.0
2024_38_education_binary_higher,38,education_binary,higher,CURRENT_ASTHMA,COPD,ok,,1.99109232936641,200,200,1.0,1.64792337977322,2.31762886561064,0.0,0.9811546736227335,1.0
2024_38_education_binary_higher,38,education_binary,higher,CURRENT_ASTHMA,DEPRESSIVE_DISORDER,ok,,1.08191144778034,200,200,1.0,0.748918828872626,1.36797450169215,0.0,0.9811546736227335,1.0
2024_38_education_binary_higher,38,education_binary,higher,CURRENT_ASTHMA,KIDNEY_DISEASE,ok,,0.78979796178436,200,200,1.0,0.364052318320963,1.24819047458444,0.0,0.9811546736227335,1.0
2024_38_education_binary_higher,38,education_binary,higher,DEPRESSIVE_DISORDER,ARTHRITIS,ok,,0.936910332818211,200,200,1.0,0.708035266762398,1.1653060707561,0.0,0.9811546736227335,1.0
2024_38_education_binary_higher,38,education_binary,higher,DEPRESSIVE_DISORDER,DIABETES,ok,,0.330065884884217,200,200,0.97,-0.0299894450626659,0.613184509497609,0.012062338081814825,0.9361057075454807,0.9861796856598887
2024_38_education_binary_higher,38,education_binary,higher,DEPRESSIVE_DISORDER,KIDNEY_DISEASE,ok,,0.761901501322812,200,200,1.0,0.380300511873637,1.14065780908013,0.0,0.9811546736227335,1.0
2024_38_education_binary_higher,38,education_binary,higher,ISCHEMIC_HEART_DISEASE,ARTHRITIS,ok,,0.750700542366564,200,200,1.0,0.406524902408934,1.0670885359261,0.0,0.9811546736227335,1.0
2024_38_education_binary_higher,38,education_binary,higher,ISCHEMIC_HEART_DISEASE,COPD,ok,,1.33368317431573,200,200,1.0,0.936482139345285,1.66003922285012,0.0,0.9811546736227335,1.0
2024_38_education_binary_higher,38,education_binary,higher,ISCHEMIC_HEART_DISEASE,CURRENT_ASTHMA,ok,,0.76863683794148,200,200,1.0,0.373732198829268,1.14741553145156,0.0,0.9811546736227335,1.0
2024_38_education_binary_higher,38,education_binary,higher,ISCHEMIC_HEART_DISEASE,DEPRESSIVE_DISORDER,ok,,0.48003443667136,200,200,1.0,0.0939503727027633,0.79237898651758,0.0,0.9811546736227335,1.0
2024_38_education_binary_higher,38,education_binary,higher,ISCHEMIC_HEART_DISEASE,DIABETES,ok,,0.890189828027657,200,200,1.0,0.586227375723627,1.2155275490653,0.0,0.9811546736227335,1.0
2024_38_education_binary_higher,38,education_binary,higher,ISCHEMIC_HEART_DISEASE,KIDNEY_DISEASE,ok,,0.827745738255615,200,200,1.0,0.304361695144578,1.12515067899949,0.0,0.9811546736227335,1.0
2024_38_education_binary_higher,38,education_binary,higher,ISCHEMIC_HEART_DISEASE,STROKE,ok,,1.7222815680197,200,200,1.0,1.29080838289854,2.16456779284335,0.0,0.9811546736227335,1.0
2024_38_education_binary_higher,38,education_binary,higher,KIDNEY_DISEASE,ARTHRITIS,ok,,1.15952566694504,200,200,1.0,0.835919992357416,1.53889183535777,0.0,0.9811546736227335,1.0
2024_38_education_binary_higher,38,education_binary,higher,KIDNEY_DISEASE,DIABETES,ok,,1.03566818693987,200,200,1.0,0.633012363895733,1.34876611010153,0.0,0.9811546736227335,1.0
2024_38_education_binary_higher,38,education_binary,higher,OTHER_CANCER,COPD,ok,,0.440040721411674,200,200,0.985,0.0680010359047692,0.748648439882949,0.008595056718835545,0.9568342712073097,0.9948857622067417
2024_38_education_binary_higher,38,education_binary,higher,OTHER_CANCER,DEPRESSIVE_DISORDER,ok,,0.466236727005054,200,200,1.0,0.1703483435969,0.74729812300939,0.0,0.9811546736227335,1.0
2024_38_education_binary_higher,38,education_binary,higher,OTHER_CANCER,KIDNEY_DISEASE,ok,,0.521280105344022,200,200,0.995,0.083909655149011,0.921104707695879,0.004987484335815003,0.9722262956021069,0.9991168312843989
2024_38_education_binary_higher,38,education_binary,higher,SKIN_CANCER,KIDNEY_DISEASE,ok,,0.557466460885395,200,200,0.995,0.124498016575314,0.985657288365216,0.004987484335815003,0.9722262956021069,0.9991168312843989
2024_38_education_binary_higher,38,education_binary,higher,SKIN_CANCER,OTHER_CANCER,ok,,1.65364068302397,200,200,1.0,1.35483603115543,1.94689632601741,0.0,0.9811546736227335,1.0
2024_38_education_binary_higher,38,education_binary,higher,STROKE,ARTHRITIS,ok,,0.861309935919876,200,200,1.0,0.383878608052475,1.328032829082,0.0,0.9811546736227335,1.0
2024_38_education_binary_higher,38,education_binary,higher,STROKE,COPD,ok,,1.44313522117369,200,200,1.0,0.994012996108404,1.9114877688197,0.0,0.9811546736227335,1.0
2024_38_education_binary_higher,38,education_binary,higher,STROKE,CURRENT_ASTHMA,ok,,0.956415305732394,200,200,0.995,0.341185094302234,1.44115539972238,0.004987484335815003,0.9722262956021069,0.9991168312843989
2024_38_education_binary_higher,38,education_binary,higher,STROKE,DEPRESSIVE_DISORDER,ok,,1.09354818380259,200,200,1.0,0.666410957629559,1.45936965863997,0.0,0.9811546736227335,1.0
2024_38_education_binary_higher,38,education_binary,higher,STROKE,DIABETES,ok,,0.689239360318229,200,200,1.0,0.233599471198511,1.09612240960741,0.0,0.9811546736227335,1.0
2024_38_education_binary_higher,38,education_binary,higher,STROKE,KIDNEY_DISEASE,ok,,1.04358062179559,200,200,0.995,0.518562430939596,1.71217487641813,0.004987484335815003,0.9722262956021069,0.9991168312843989
2024_38_education_binary_higher,38,education_binary,higher,STROKE,OTHER_CANCER,ok,,0.565525905605625,200,200,0.995,0.203504369208759,0.977393702040188,0.004987484335815003,0.9722262956021069,0.9991168312843989
2024_38_education_binary_lower,38,education_binary,lower,ARTHRITIS,DIABETES,ok,,0.581555805221789,200,200,0.995,0.235754183595628,0.941007008301279,0.004987484335815003,0.9722262956021069,0.9991168312843989
2024_38_education_binary_lower,38,education_binary,lower,COPD,ARTHRITIS,ok,,0.840526577420332,200,200,1.0,0.480857366857829,1.30833223801785,0.0,0.9811546736227335,1.0
2024_38_education_binary_lower,38,education_binary,lower,COPD,DEPRESSIVE_DISORDER,ok,,1.62570288843709,200,200,1.0,1.19865969830386,2.03527326671343,0.0,0.9811546736227335,1.0
2024_38_education_binary_lower,38,education_binary,lower,COPD,DIABETES,ok,,0.673443396926582,200,200,0.99,0.139966597844025,1.11432298693266,0.007035623639735147,0.9642782382838231,0.9972533418664555
2024_38_education_binary_lower,38,education_binary,lower,COPD,KIDNEY_DISEASE,ok,,1.35226194153233,200,200,1.0,0.493057228603717,2.00175578129748,0.0,0.9811546736227335,1.0
2024_38_education_binary_lower,38,education_binary,lower,CURRENT_ASTHMA,ARTHRITIS,ok,,1.10318582859693,200,200,1.0,0.628072678611838,1.62243152984975,0.0,0.9811546736227335,1.0
2024_38_education_binary_lower,38,education_binary,lower,CURRENT_ASTHMA,COPD,ok,,2.38925128541471,200,200,1.0,1.96840059970292,2.9680976935375,0.0,0.9811546736227335,1.0
2024_38_education_binary_lower,38,education_binary,lower,CURRENT_ASTHMA,DEPRESSIVE_DISORDER,ok,,1.07629927742659,200,200,1.0,0.651042074962934,1.54659386155416,0.0,0.9811546736227335,1.0
2024_38_education_binary_lower,38,education_binary,lower,CURRENT_ASTHMA,KIDNEY_DISEASE,ok,,1.12380521304182,200,200,0.99,0.233336784964332,1.76090688715962,0.007035623639735147,0.9642782382838231,0.9972533418664555
2024_38_education_binary_lower,38,education_binary,lower,DEPRESSIVE_DISORDER,ARTHRITIS,ok,,1.07183805066608,200,200,1.0,0.704285576902511,1.45162161100626,0.0,0.9811546736227335,1.0
2024_38_education_binary_lower,38,education_binary,lower,DEPRESSIVE_DISORDER,DIABETES,ok,,0.586849682856261,200,200,0.995,0.0691884385210987,1.04270033031439,0.004987484335815003,0.9722262956021069,0.9991168312843989
2024_38_education_binary_lower,38,education_binary,lower,DEPRESSIVE_DISORDER,KIDNEY_DISEASE,ok,,1.14355026795013,200,200,0.995,0.474942430851191,1.71089949383707,0.004987484335815003,0.9722262956021069,0.9991168312843989
2024_38_education_binary_lower,38,education_binary,lower,ISCHEMIC_HEART_DISEASE,ARTHRITIS,ok,,0.784404495718689,200,200,1.0,0.365611254442053,1.17889390964758,0.0,0.9811546736227335,1.0
2024_38_education_binary_lower,38,education_binary,lower,ISCHEMIC_HEART_DISEASE,COPD,ok,,0.7906216426128,200,200,1.0,0.270800651041706,1.32583127286142,0.0,0.9811546736227335,1.0
2024_38_education_binary_lower,38,education_binary,lower,ISCHEMIC_HEART_DISEASE,CURRENT_ASTHMA,ok,,1.28423027456268,200,200,1.0,0.70586436936659,1.79111425541359,0.0,0.9811546736227335,1.0
2024_38_education_binary_lower,38,education_binary,lower,ISCHEMIC_HEART_DISEASE,DEPRESSIVE_DISORDER,ok,,1.18183953935741,200,200,1.0,0.671314664151586,1.64621596657087,0.0,0.9811546736227335,1.0
2024_38_education_binary_lower,38,education_binary,lower,ISCHEMIC_HEART_DISEASE,DIABETES,ok,,0.867346724653981,200,200,1.0,0.397792529847332,1.27966824191115,0.0,0.9811546736227335,1.0
2024_38_education_binary_lower,38,education_binary,lower,ISCHEMIC_HEART_DISEASE,KIDNEY_DISEASE,ok,,0.970356605025905,200,200,0.99,0.156197581966027,1.62695003733283,0.007035623639735147,0.9642782382838231,0.9972533418664555
2024_38_education_binary_lower,38,education_binary,lower,ISCHEMIC_HEART_DISEASE,OTHER_CANCER,ok,,0.806913661493261,200,200,0.995,0.273272040977409,1.29423135871413,0.004987484335815003,0.9722262956021069,0.9991168312843989
2024_38_education_binary_lower,38,education_binary,lower,ISCHEMIC_HEART_DISEASE,STROKE,ok,,1.56616295833682,200,200,1.0,1.04574217337047,2.19439181638964,0.0,0.9811546736227335,1.0
2024_38_education_binary_lower,38,education_binary,lower,KIDNEY_DISEASE,ARTHRITIS,ok,,0.970282866512706,200,200,1.0,0.317159812094297,1.65129529324783,0.0,0.9811546736227335,1.0
2024_38_education_binary_lower,38,education_binary,lower,KIDNEY_DISEASE,DIABETES,ok,,1.32442379905494,200,200,1.0,0.713583640631856,2.09268038064653,0.0,0.9811546736227335,1.0
2024_38_education_binary_lower,38,education_binary,lower,OTHER_CANCER,COPD,ok,,1.00976749530968,200,200,1.0,0.415400796664735,1.49160823546589,0.0,0.9811546736227335,1.0
2024_38_education_binary_lower,38,education_binary,lower,OTHER_CANCER,KIDNEY_DISEASE,ok,,1.43958191716603,200,200,1.0,0.799483551956154,2.1036650659483,0.0,0.9811546736227335,1.0
2024_38_education_binary_lower,38,education_binary,lower,SKIN_CANCER,COPD,ok,,0.851111964150941,200,200,0.98,0.0429493673719119,1.34054383332846,0.009899494936611668,0.9497129130941735,0.9921955735836505
2024_38_education_binary_lower,38,education_binary,lower,SKIN_CANCER,KIDNEY_DISEASE,ok,,0.963423846281174,200,200,0.98,0.0608971330468947,1.72646086060916,0.009899494936611668,0.9497129130941735,0.9921955735836505
2024_38_education_binary_lower,38,education_binary,lower,SKIN_CANCER,OTHER_CANCER,ok,,1.66950137897007,200,200,1.0,1.20911387230814,2.18879130316839,0.0,0.9811546736227335,1.0
2024_38_education_binary_lower,38,education_binary,lower,STROKE,ARTHRITIS,ok,,0.885631890909611,200,200,1.0,0.458555844377799,1.4556354371659,0.0,0.9811546736227335,1.0
2024_38_education_binary_lower,38,education_binary,lower,STROKE,COPD,ok,,0.772994116667212,200,200,0.995,0.123755368188688,1.32357346403182,0.004987484335815003,0.9722262956021069,0.9991168312843989
2024_38_education_binary_lower,38,education_binary,lower,STROKE,DEPRESSIVE_DISORDER,ok,,0.925060575241426,200,200,1.0,0.171963806022471,1.65523204513106,0.0,0.9811546736227335,1.0
2024_39_education_binary_higher,39,education_binary,higher,ARTHRITIS,DIABETES,ok,,0.504773754215859,200,200,1.0,0.268990955320894,0.687159172766726,0.0,0.9811546736227335,1.0
2024_39_education_binary_higher,39,education_binary,higher,COPD,ARTHRITIS,ok,,1.49663282161024,200,200,1.0,1.21250747930474,1.85451681826,0.0,0.9811546736227335,1.0
2024_39_education_binary_higher,39,education_binary,higher,COPD,DEPRESSIVE_DISORDER,ok,,1.40339517929052,200,200,1.0,1.14142239560375,1.69278178565822,0.0,0.9811546736227335,1.0
2024_39_education_binary_higher,39,education_binary,higher,COPD,DIABETES,ok,,0.639046860814192,200,200,1.0,0.335393914788883,0.973560971935336,0.0,0.9811546736227335,1.0
2024_39_education_binary_higher,39,education_binary,higher,COPD,KIDNEY_DISEASE,ok,,0.733970229029511,200,200,1.0,0.342023185700254,1.14903343870728,0.0,0.9811546736227335,1.0
2024_39_education_binary_higher,39,education_binary,higher,CURRENT_ASTHMA,ARTHRITIS,ok,,0.731331705694503,200,200,1.0,0.433965222729953,0.990890539720893,0.0,0.9811546736227335,1.0
2024_39_education_binary_higher,39,education_binary,higher,CURRENT_ASTHMA,COPD,ok,,1.75528153147866,200,200,1.0,1.42966477045309,2.0811920049431,0.0,0.9811546736227335,1.0
2024_39_education_binary_higher,39,education_binary,higher,CURRENT_ASTHMA,DEPRESSIVE_DISORDER,ok,,0.885640080732216,200,200,1.0,0.647582155490458,1.11875063751003,0.0,0.9811546736227335,1.0
2024_39_education_binary_higher,39,education_binary,higher,CURRENT_ASTHMA,DIABETES,ok,,0.624332413768798,200,200,1.0,0.319251211852699,0.926699372058816,0.0,0.9811546736227335,1.0
2024_39_education_binary_higher,39,education_binary,higher,DEPRESSIVE_DISORDER,ARTHRITIS,ok,,1.04198719313917,200,200,1.0,0.815614239630806,1.26080144211046,0.0,0.9811546736227335,1.0
2024_39_education_binary_higher,39,education_binary,higher,DEPRESSIVE_DISORDER,DIABETES,ok,,0.726177391486708,200,200,1.0,0.468595361476912,0.951853888616421,0.0,0.9811546736227335,1.0
2024_39_education_binary_higher,39,education_binary,higher,DEPRESSIVE_DISORDER,KIDNEY_DISEASE,ok,,0.646935175858701,200,200,1.0,0.258339835640684,1.06256718610144,0.0,0.9811546736227335,1.0
2024_39_education_binary_higher,39,education_binary,higher,ISCHEMIC_HEART_DISEASE,ARTHRITIS,ok,,0.867901604642695,200,200,1.0,0.54610993767758,1.11874578716153,0.0,0.9811546736227335,1.0
2024_39_education_binary_higher,39,education_binary,higher,ISCHEMIC_HEART_DISEASE,COPD,ok,,1.03811864572992,200,200,1.0,0.719877150768659,1.39370598052032,0.0,0.9811546736227335,1.0
2024_39_education_binary_higher,39,education_binary,higher,ISCHEMIC_HEART_DISEASE,DEPRESSIVE_DISORDER,ok,,0.780522505185743,200,200,1.0,0.465906643673326,1.0303503413408,0.0,0.9811546736227335,1.0
2024_39_education_binary_higher,39,education_binary,higher,ISCHEMIC_HEART_DISEASE,DIABETES,ok,,1.0042320298742,200,200,1.0,0.751267669050046,1.24216067808146,0.0,0.9811546736227335,1.0
2024_39_education_binary_higher,39,education_binary,higher,ISCHEMIC_HEART_DISEASE,KIDNEY_DISEASE,ok,,1.15925454435228,200,200,1.0,0.756473920196699,1.52168251292511,0.0,0.9811546736227335,1.0
2024_39_education_binary_higher,39,education_binary,higher,ISCHEMIC_HEART_DISEASE,OTHER_CANCER,ok,,0.563547933218105,200,200,0.995,0.196866564463436,0.927610454719489,0.004987484335815003,0.9722262956021069,0.9991168312843989
2024_39_education_binary_higher,39,education_binary,higher,ISCHEMIC_HEART_DISEASE,STROKE,ok,,1.28790990158163,200,200,1.0,0.904689166969499,1.70787031583171,0.0,0.9811546736227335,1.0
2024_39_education_binary_higher,39,education_binary,higher,KIDNEY_DISEASE,ARTHRITIS,ok,,0.714321045880654,200,200,1.0,0.353847269774667,1.13256812978255,0.0,0.9811546736227335,1.0
2024_39_education_binary_higher,39,education_binary,higher,KIDNEY_DISEASE,DIABETES,ok,,1.37386017266015,200,200,1.0,0.995740721469232,1.67229128227236,0.0,0.9811546736227335,1.0
2024_39_education_binary_higher,39,education_binary,higher,OTHER_CANCER,ARTHRITIS,ok,,0.557349433179839,200,200,1.0,0.31058968915739,0.781964411737304,0.0,0.9811546736227335,1.0
2024_39_education_binary_higher,39,education_binary,higher,OTHER_CANCER,COPD,ok,,0.555651446684503,200,200,1.0,0.229183578761413,0.864844907866812,0.0,0.9811546736227335,1.0
2024_39_education_binary_higher,39,education_binary,higher,OTHER_CANCER,DEPRESSIVE_DISORDER,ok,,0.562555582377693,200,200,1.0,0.28483208240693,0.786224152336296,0.0,0.9811546736227335,1.0
2024_39_education_binary_higher,39,education_binary,higher,OTHER_CANCER,KIDNEY_DISEASE,ok,,0.408468209560286,200,200,0.97,-0.002408352970721,0.737300749539975,0.012062338081814825,0.9361057075454807,0.9861796856598887
2024_39_education_binary_higher,39,education_binary,higher,SKIN_CANCER,ARTHRITIS,ok,,0.281117078459446,200,200,0.99,0.039405610807957,0.513765626443164,0.007035623639735147,0.9642782382838231,0.9972533418664555
2024_39_education_binary_higher,39,education_binary,higher,SKIN_CANCER,OTHER_CANCER,ok,,1.33455654083181,200,200,1.0,1.03224837453472,1.6173974930175,0.0,0.9811546736227335,1.0
2024_39_education_binary_higher,39,education_binary,higher,STROKE,ARTHRITIS,ok,,0.741515842996557,200,200,1.0,0.454828913402046,1.11224260695097,0.0,0.9811546736227335,1.0
2024_39_education_binary_higher,39,education_binary,higher,STROKE,COPD,ok,,1.41534065530766,200,200,1.0,0.985945645774502,1.81307872394142,0.0,0.9811546736227335,1.0
2024_39_education_binary_higher,39,education_binary,higher,STROKE,CURRENT_ASTHMA,ok,,0.750385234658935,200,200,0.995,0.283596699757623,1.16943714270719,0.004987484335815003,0.9722262956021069,0.9991168312843989
2024_39_education_binary_higher,39,education_binary,higher,STROKE,DEPRESSIVE_DISORDER,ok,,1.08684635407875,200,200,1.0,0.784809066447692,1.43834828698077,0.0,0.9811546736227335,1.0
2024_39_education_binary_higher,39,education_binary,higher,STROKE,DIABETES,ok,,1.02584416501941,200,200,1.0,0.684352362102611,1.44881762791728,0.0,0.9811546736227335,1.0
2024_39_education_binary_higher,39,education_binary,higher,STROKE,KIDNEY_DISEASE,ok,,0.881879667957589,200,200,1.0,0.276850394870306,1.43847430683362,0.0,0.9811546736227335,1.0
2024_39_education_binary_higher,39,education_binary,higher,STROKE,OTHER_CANCER,ok,,0.904740504651644,200,200,1.0,0.498606262116994,1.33984518956907,0.0,0.9811546736227335,1.0
2024_39_education_binary_lower,39,education_binary,lower,ARTHRITIS,DIABETES,ok,,0.554139419469503,200,200,1.0,0.329008278247259,0.816373831333564,0.0,0.9811546736227335,1.0
2024_39_education_binary_lower,39,education_binary,lower,COPD,ARTHRITIS,ok,,1.04891261317396,200,200,1.0,0.669998366663217,1.39554191884091,0.0,0.9811546736227335,1.0
2024_39_education_binary_lower,39,education_binary,lower,COPD,DEPRESSIVE_DISORDER,ok,,1.23180496309878,200,200,1.0,0.948490549600304,1.54555123193287,0.0,0.9811546736227335,1.0
2024_39_education_binary_lower,39,education_binary,lower,COPD,DIABETES,ok,,0.485803565344795,200,200,1.0,0.239687682847445,0.756950315126139,0.0,0.9811546736227335,1.0
2024_39_education_binary_lower,39,education_binary,lower,COPD,KIDNEY_DISEASE,ok,,0.859629115281117,200,200,1.0,0.472148045163896,1.16496136998928,0.0,0.9811546736227335,1.0
2024_39_education_binary_lower,39,education_binary,lower,CURRENT_ASTHMA,ARTHRITIS,ok,,1.06458437862271,200,200,1.0,0.743225509193972,1.39557048757546,0.0,0.9811546736227335,1.0
2024_39_education_binary_lower,39,education_binary,lower,CURRENT_ASTHMA,COPD,ok,,2.26899715220004,200,200,1.0,1.96468368344161,2.61114585337616,0.0,0.9811546736227335,1.0
2024_39_education_binary_lower,39,education_binary,lower,CURRENT_ASTHMA,DEPRESSIVE_DISORDER,ok,,1.04740210713963,200,200,1.0,0.747907268896549,1.30409551247143,0.0,0.9811546736227335,1.0
2024_39_education_binary_lower,39,education_binary,lower,CURRENT_ASTHMA,DIABETES,ok,,0.533209144161382,200,200,1.0,0.190043499245125,0.841560967876685,0.0,0.9811546736227335,1.0
2024_39_education_binary_lower,39,education_binary,lower,CURRENT_ASTHMA,KIDNEY_DISEASE,ok,,0.85668680672475,200,200,0.995,0.338544792334721,1.29356340784465,0.004987484335815003,0.9722262956021069,0.9991168312843989
2024_39_education_binary_lower,39,education_binary,lower,DEPRESSIVE_DISORDER,ARTHRITIS,ok,,1.27162578206428,200,200,1.0,1.00848322487058,1.55549577121509,0.0,0.9811546736227335,1.0
2024_39_education_binary_lower,39,education_binary,lower,DEPRESSIVE_DISORDER,DIABETES,ok,,0.508557807327937,200,200,1.0,0.245559010187758,0.791318061723396,0.0,0.9811546736227335,1.0
2024_39_education_binary_lower,39,education_binary,lower,DEPRESSIVE_DISORDER,KIDNEY_DISEASE,ok,,0.590129293176584,200,200,0.995,0.13476482984856,1.01953019465015,0.004987484335815003,0.9722262956021069,0.9991168312843989
2024_39_education_binary_lower,39,education_binary,lower,ISCHEMIC_HEART_DISEASE,ARTHRITIS,ok,,0.948833200329069,200,200,1.0,0.703362897317413,1.24912075500822,0.0,0.9811546736227335,1.0
2024_39_education_binary_lower,39,education_binary,lower,ISCHEMIC_HEART_DISEASE,COPD,ok,,0.952573682034823,200,200,1.0,0.663432213038789,1.25257719178169,0.0,0.9811546736227335,1.0
2024_39_education_binary_lower,39,education_binary,lower,ISCHEMIC_HEART_DISEASE,CURRENT_ASTHMA,ok,,0.904153314587884,200,200,1.0,0.483423729533022,1.22175846118213,0.0,0.9811546736227335,1.0
2024_39_education_binary_lower,39,education_binary,lower,ISCHEMIC_HEART_DISEASE,DEPRESSIVE_DISORDER,ok,,0.634581685121909,200,200,1.0,0.350973434660203,0.965583341611161,0.0,0.9811546736227335,1.0
2024_39_education_binary_lower,39,education_binary,lower,ISCHEMIC_HEART_DISEASE,DIABETES,ok,,1.07515350309518,200,200,1.0,0.707899072700695,1.4152737462741,0.0,0.9811546736227335,1.0
2024_39_education_binary_lower,39,education_binary,lower,ISCHEMIC_HEART_DISEASE,KIDNEY_DISEASE,ok,,1.33498594589335,200,200,1.0,0.844289908486215,1.79886856273249,0.0,0.9811546736227335,1.0
2024_39_education_binary_lower,39,education_binary,lower,ISCHEMIC_HEART_DISEASE,STROKE,ok,,1.04330863656751,200,200,1.0,0.529756175916352,1.49135093374595,0.0,0.9811546736227335,1.0
2024_39_education_binary_lower,39,education_binary,lower,KIDNEY_DISEASE,ARTHRITIS,ok,,1.5796249419983,200,200,1.0,1.17181740571074,2.09252408588221,0.0,0.9811546736227335,1.0
2024_39_education_binary_lower,39,education_binary,lower,KIDNEY_DISEASE,DIABETES,ok,,1.13652503806848,200,200,1.0,0.74220164636767,1.53466166398567,0.0,0.9811546736227335,1.0
2024_39_education_binary_lower,39,education_binary,lower,OTHER_CANCER,ARTHRITIS,ok,,0.617279225741001,200,200,1.0,0.337444670342045,1.00230492399826,0.0,0.9811546736227335,1.0
2024_39_education_binary_lower,39,education_binary,lower,OTHER_CANCER,COPD,ok,,0.526665295302016,200,200,0.995,0.206776944071474,0.826248436390512,0.004987484335815003,0.9722262956021069,0.9991168312843989
2024_39_education_binary_lower,39,education_binary,lower,OTHER_CANCER,DEPRESSIVE_DISORDER,ok,,0.410616378528649,200,200,0.985,0.0320524514321225,0.716259224860772,0.008595056718835545,0.9568342712073097,0.9948857622067417
2024_39_education_binary_lower,39,education_binary,lower,OTHER_CANCER,DIABETES,ok,,0.436679217728626,200,200,0.995,0.0948515906522875,0.772679105132602,0.004987484335815003,0.9722262956021069,0.9991168312843989
2024_39_education_binary_lower,39,education_binary,lower,OTHER_CANCER,KIDNEY_DISEASE,ok,,0.705444870406772,200,200,1.0,0.222134499651039,1.12580824744349,0.0,0.9811546736227335,1.0
2024_39_education_binary_lower,39,education_binary,lower,SKIN_CANCER,ARTHRITIS,ok,,0.442081201185584,200,200,0.995,0.0895942077756561,0.893595023322,0.004987484335815003,0.9722262956021069,0.9991168312843989
2024_39_education_binary_lower,39,education_binary,lower,SKIN_CANCER,OTHER_CANCER,ok,,1.66532772276188,200,200,1.0,1.24505971911612,2.01910539819426,0.0,0.9811546736227335,1.0
2024_39_education_binary_lower,39,education_binary,lower,STROKE,ARTHRITIS,ok,,0.532481001605299,200,200,1.0,0.158180893372341,0.844932026590559,0.0,0.9811546736227335,1.0
2024_39_education_binary_lower,39,education_binary,lower,STROKE,COPD,ok,,1.02258951044919,200,200,1.0,0.624855730396887,1.4000763845719,0.0,0.9811546736227335,1.0
2024_39_education_binary_lower,39,education_binary,lower,STROKE,CURRENT_ASTHMA,ok,,0.951349295892957,200,200,1.0,0.36473405222852,1.38491752873317,0.0,0.9811546736227335,1.0
2024_39_education_binary_lower,39,education_binary,lower,STROKE,DEPRESSIVE_DISORDER,ok,,0.779525929741474,200,200,1.0,0.386611134799595,1.216359751839,0.0,0.9811546736227335,1.0
2024_39_education_binary_lower,39,education_binary,lower,STROKE,DIABETES,ok,,0.810043440093276,200,200,1.0,0.38613180225158,1.1998417543341,0.0,0.9811546736227335,1.0
2024_39_education_binary_lower,39,education_binary,lower,STROKE,KIDNEY_DISEASE,ok,,0.982160740186035,200,200,0.995,0.238611987704233,1.49255251069946,0.004987484335815003,0.9722262956021069,0.9991168312843989
2024_40_education_binary_higher,40,education_binary,higher,ARTHRITIS,DIABETES,ok,,0.623907151771954,200,200,1.0,0.412094710950374,0.834027379591667,0.0,0.9811546736227335,1.0
2024_40_education_binary_higher,40,education_binary,higher,COPD,ARTHRITIS,ok,,1.00265042266987,200,200,1.0,0.689650286496061,1.24755327218562,0.0,0.9811546736227335,1.0
2024_40_education_binary_higher,40,education_binary,higher,COPD,DEPRESSIVE_DISORDER,ok,,1.39053611827092,200,200,1.0,1.18356822769854,1.63442710966145,0.0,0.9811546736227335,1.0
2024_40_education_binary_higher,40,education_binary,higher,COPD,DIABETES,ok,,0.477079534485217,200,200,1.0,0.23154824826741,0.724400382357799,0.0,0.9811546736227335,1.0
2024_40_education_binary_higher,40,education_binary,higher,COPD,KIDNEY_DISEASE,ok,,0.538386331343765,200,200,0.995,0.16473116267071,0.955001393789493,0.004987484335815003,0.9722262956021069,0.9991168312843989
2024_40_education_binary_higher,40,education_binary,higher,CURRENT_ASTHMA,ARTHRITIS,ok,,0.866297507602411,200,200,1.0,0.629840281429555,1.14145765805406,0.0,0.9811546736227335,1.0
2024_40_education_binary_higher,40,education_binary,higher,CURRENT_ASTHMA,COPD,ok,,1.66543375002441,200,200,1.0,1.31874987804651,1.99632122453739,0.0,0.9811546736227335,1.0
2024_40_education_binary_higher,40,education_binary,higher,CURRENT_ASTHMA,DEPRESSIVE_DISORDER,ok,,0.740982789843773,200,200,1.0,0.519876194723713,0.962770694407697,0.0,0.9811546736227335,1.0
2024_40_education_binary_higher,40,education_binary,higher,CURRENT_ASTHMA,DIABETES,ok,,0.565266865040326,200,200,1.0,0.275796397901508,0.800426359258274,0.0,0.9811546736227335,1.0
2024_40_education_binary_higher,40,education_binary,higher,CURRENT_ASTHMA,KIDNEY_DISEASE,ok,,0.614019155519276,200,200,1.0,0.235804188247514,1.07035064249178,0.0,0.9811546736227335,1.0
2024_40_education_binary_higher,40,education_binary,higher,DEPRESSIVE_DISORDER,ARTHRITIS,ok,,1.0947983712279,200,200,1.0,0.91940753212621,1.30570540164525,0.0,0.9811546736227335,1.0
2024_40_education_binary_higher,40,education_binary,higher,DEPRESSIVE_DISORDER,DIABETES,ok,,0.66509147419973,200,200,1.0,0.461234477563036,0.902895429487885,0.0,0.9811546736227335,1.0
2024_40_education_binary_higher,40,education_binary,higher,DEPRESSIVE_DISORDER,KIDNEY_DISEASE,ok,,0.744836394880652,200,200,1.0,0.37403177040991,1.07728042187854,0.0,0.9811546736227335,1.0
2024_40_education_binary_higher,40,education_binary,higher,ISCHEMIC_HEART_DISEASE,ARTHRITIS,ok,,0.962558513568388,200,200,1.0,0.732122508265039,1.17109663989962,0.0,0.9811546736227335,1.0
2024_40_education_binary_higher,40,education_binary,higher,ISCHEMIC_HEART_DISEASE,COPD,ok,,1.24360711927464,200,200,1.0,0.974031817396194,1.49599626159787,0.0,0.9811546736227335,1.0
2024_40_education_binary_higher,40,education_binary,higher,ISCHEMIC_HEART_DISEASE,CURRENT_ASTHMA,ok,,0.742233126191989,200,200,1.0,0.506448940282655,1.05577867216912,0.0,0.9811546736227335,1.0
2024_40_education_binary_higher,40,education_binary,higher,ISCHEMIC_HEART_DISEASE,DEPRESSIVE_DISORDER,ok,,0.67832410800086,200,200,1.0,0.405100352741978,0.934138026630423,0.0,0.9811546736227335,1.0
2024_40_education_binary_higher,40,education_binary,higher,ISCHEMIC_HEART_DISEASE,DIABETES,ok,,1.26521289337407,200,200,1.0,1.01407366671532,1.50341920484709,0.0,0.9811546736227335,1.0
2024_40_education_binary_higher,40,education_binary,higher,ISCHEMIC_HEART_DISEASE,KIDNEY_DISEASE,ok,,0.952450930150077,200,200,1.0,0.600870808488741,1.26467342489986,0.0,0.9811546736227335,1.0
2024_40_education_binary_higher,40,education_binary,higher,ISCHEMIC_HEART_DISEASE,OTHER_CANCER,ok,,0.378399731004394,200,200,0.985,0.0668501438119434,0.685717282149708,0.008595056718835545,0.9568342712073097,0.9948857622067417
2024_40_education_binary_higher,40,education_binary,higher,ISCHEMIC_HEART_DISEASE,SKIN_CANCER,ok,,0.33822697514911,200,200,0.975,0.0134980495741184,0.622073336594867,0.011039701082909813,0.942821659593358,0.9892752803482386
2024_40_education_binary_higher,40,education_binary,higher,ISCHEMIC_HEART_DISEASE,STROKE,ok,,1.54686990777988,200,200,1.0,1.2196126603577,1.92176652449844,0.0,0.9811546736227335,1.0
2024_40_education_binary_higher,40,education_binary,higher,KIDNEY_DISEASE,ARTHRITIS,ok,,0.929654971565421,200,200,1.0,0.617887657984898,1.25637842953174,0.0,0.9811546736227335,1.0
2024_40_education_binary_higher,40,education_binary,higher,KIDNEY_DISEASE,DIABETES,ok,,1.02113348341576,200,200,1.0,0.699477438633762,1.30170403376296,0.0,0.9811546736227335,1.0
2024_40_education_binary_higher,40,education_binary,higher,OTHER_CANCER,COPD,ok,,0.673021557011706,200,200,1.0,0.415301891580465,1.00022301783632,0.0,0.9811546736227335,1.0
2024_40_education_binary_higher,40,education_binary,higher,OTHER_CANCER,KIDNEY_DISEASE,ok,,0.598892322623658,200,200,0.995,0.224555960744372,0.961605617542984,0.004987484335815003,0.9722262956021069,0.9991168312843989
2024_40_education_binary_higher,40,education_binary,higher,SKIN_CANCER,KIDNEY_DISEASE,ok,,0.498365388948244,200,200,0.995,0.168064129180294,0.869737354141024,0.004987484335815003,0.9722262956021069,0.9991168312843989
2024_40_education_binary_higher,40,education_binary,higher,SKIN_CANCER,OTHER_CANCER,ok,,1.22404025367983,200,200,1.0,1.0139727773875,1.5035883916546,0.0,0.9811546736227335,1.0
2024_40_education_binary_higher,40,education_binary,higher,STROKE,COPD,ok,,0.954906199872209,200,200,1.0,0.497188043057685,1.27547129159111,0.0,0.9811546736227335,1.0
2024_40_education_binary_higher,40,education_binary,higher,STROKE,CURRENT_ASTHMA,ok,,0.847659183205569,200,200,1.0,0.458928853102012,1.16759743381626,0.0,0.9811546736227335,1.0
2024_40_education_binary_higher,40,education_binary,higher,STROKE,DEPRESSIVE_DISORDER,ok,,0.881631730145889,200,200,1.0,0.581247353428958,1.20353616215504,0.0,0.9811546736227335,1.0
2024_40_education_binary_higher,40,education_binary,higher,STROKE,DIABETES,ok,,1.07454210986985,200,200,1.0,0.757677599316533,1.40963193020072,0.0,0.9811546736227335,1.0
2024_40_education_binary_higher,40,education_binary,higher,STROKE,KIDNEY_DISEASE,ok,,0.958945302464025,200,200,1.0,0.474860485585484,1.36282579862975,0.0,0.9811546736227335,1.0
2024_40_education_binary_lower,40,education_binary,lower,ARTHRITIS,DIABETES,ok,,0.571821943288196,200,200,1.0,0.29781839571995,0.821222434263382,0.0,0.9811546736227335,1.0
2024_40_education_binary_lower,40,education_binary,lower,COPD,ARTHRITIS,ok,,1.00309909742242,200,200,1.0,0.667483116687893,1.36809735031928,0.0,0.9811546736227335,1.0
2024_40_education_binary_lower,40,education_binary,lower,COPD,DEPRESSIVE_DISORDER,ok,,1.22393494699488,200,200,1.0,0.918954284145698,1.47747575040102,0.0,0.9811546736227335,1.0
2024_40_education_binary_lower,40,education_binary,lower,CURRENT_ASTHMA,ARTHRITIS,ok,,0.992965827591294,200,200,1.0,0.7129113575334,1.30095487180069,0.0,0.9811546736227335,1.0
2024_40_education_binary_lower,40,education_binary,lower,CURRENT_ASTHMA,COPD,ok,,1.96682328334291,200,200,1.0,1.48316178976102,2.32981672795625,0.0,0.9811546736227335,1.0
2024_40_education_binary_lower,40,education_binary,lower,CURRENT_ASTHMA,DEPRESSIVE_DISORDER,ok,,0.805194335418324,200,200,1.0,0.472661091161036,1.0675331248916,0.0,0.9811546736227335,1.0
2024_40_education_binary_lower,40,education_binary,lower,DEPRESSIVE_DISORDER,ARTHRITIS,ok,,1.05234823271426,200,200,1.0,0.796810325306843,1.32737003529565,0.0,0.9811546736227335,1.0
2024_40_education_binary_lower,40,education_binary,lower,DEPRESSIVE_DISORDER,DIABETES,ok,,0.612508606114624,200,200,1.0,0.301452253862265,0.86347856395159,0.0,0.9811546736227335,1.0
2024_40_education_binary_lower,40,education_binary,lower,DEPRESSIVE_DISORDER,KIDNEY_DISEASE,ok,,0.850006437558727,200,200,1.0,0.444309048877307,1.3446737421883,0.0,0.9811546736227335,1.0
2024_40_education_binary_lower,40,education_binary,lower,ISCHEMIC_HEART_DISEASE,ARTHRITIS,ok,,0.949381400399295,200,200,1.0,0.651139422548497,1.32198886287095,0.0,0.9811546736227335,1.0
2024_40_education_binary_lower,40,education_binary,lower,ISCHEMIC_HEART_DISEASE,COPD,ok,,0.79671831081069,200,200,1.0,0.381801343099995,1.17112135413932,0.0,0.9811546736227335,1.0
2024_40_education_binary_lower,40,education_binary,lower,ISCHEMIC_HEART_DISEASE,CURRENT_ASTHMA,ok,,0.733719218730374,200,200,1.0,0.337333383417663,1.11491489249476,0.0,0.9811546736227335,1.0
2024_40_education_binary_lower,40,education_binary,lower,ISCHEMIC_HEART_DISEASE,DEPRESSIVE_DISORDER,ok,,0.591013624648266,200,200,1.0,0.224693078767787,0.902750097618836,0.0,0.9811546736227335,1.0
2024_40_education_binary_lower,40,education_binary,lower,ISCHEMIC_HEART_DISEASE,DIABETES,ok,,0.738862966146029,200,200,1.0,0.443753314937955,1.0302647984844,0.0,0.9811546736227335,1.0
2024_40_education_binary_lower,40,education_binary,lower,ISCHEMIC_HEART_DISEASE,KIDNEY_DISEASE,ok,,0.942134733621676,200,200,1.0,0.276735558196011,1.54023355926247,0.0,0.9811546736227335,1.0
2024_40_education_binary_lower,40,education_binary,lower,ISCHEMIC_HEART_DISEASE,OTHER_CANCER,ok,,0.493054286242397,200,200,0.985,0.102408109449188,0.86318655980706,0.008595056718835545,0.9568342712073097,0.9948857622067417
2024_40_education_binary_lower,40,education_binary,lower,ISCHEMIC_HEART_DISEASE,STROKE,ok,,1.8724593020507,200,200,1.0,1.26953148250774,2.40564117336639,0.0,0.9811546736227335,1.0
2024_40_education_binary_lower,40,education_binary,lower,KIDNEY_DISEASE,ARTHRITIS,ok,,0.807877331357441,200,200,1.0,0.424627700967243,1.24117356960055,0.0,0.9811546736227335,1.0
2024_40_education_binary_lower,40,education_binary,lower,KIDNEY_DISEASE,DIABETES,ok,,1.26675134678564,200,200,1.0,0.867684333487133,1.63549935393668,0.0,0.9811546736227335,1.0
2024_40_education_binary_lower,40,education_binary,lower,OTHER_CANCER,COPD,ok,,0.566323774784665,200,200,0.995,0.162357875377201,1.01520848395854,0.004987484335815003,0.9722262956021069,0.9991168312843989
2024_40_education_binary_lower,40,education_binary,lower,OTHER_CANCER,DEPRESSIVE_DISORDER,ok,,0.486907345796154,200,200,1.0,0.201570507942783,0.790707904008159,0.0,0.9811546736227335,1.0
2024_40_education_binary_lower,40,education_binary,lower,SKIN_CANCER,OTHER_CANCER,ok,,1.57796131912525,200,200,1.0,1.17763062028755,2.01720792528203,0.0,0.9811546736227335,1.0
2024_40_education_binary_lower,40,education_binary,lower,STROKE,ARTHRITIS,ok,,0.792388734060475,200,200,1.0,0.366607745929969,1.24091350639215,0.0,0.9811546736227335,1.0
2024_40_education_binary_lower,40,education_binary,lower,STROKE,COPD,ok,,1.04887227516004,200,200,1.0,0.55420434479416,1.45634851308204,0.0,0.9811546736227335,1.0
2024_40_education_binary_lower,40,education_binary,lower,STROKE,CURRENT_ASTHMA,ok,,1.0775928890299,200,200,1.0,0.592242181627817,1.59699085954875,0.0,0.9811546736227335,1.0
2024_40_education_binary_lower,40,education_binary,lower,STROKE,DIABETES,ok,,0.465181357412532,200,200,0.985,0.0699642752828417,0.859830767315366,0.008595056718835545,0.9568342712073097,0.9948857622067417
2024_40_education_binary_lower,40,education_binary,lower,STROKE,OTHER_CANCER,ok,,0.626230275325889,200,200,0.965,-0.0384269040867158,1.11474850130547,0.012995191418367032,0.9295293884777092,0.9829444579914328
2024_41_education_binary_higher,41,education_binary,higher,ARTHRITIS,DIABETES,ok,,0.612230315431075,200,200,1.0,0.373781641444437,0.874144375733077,0.0,0.9811546736227335,1.0
2024_41_education_binary_higher,41,education_binary,higher,COPD,ARTHRITIS,ok,,1.01571328667353,200,200,1.0,0.698549660548669,1.35442090358813,0.0,0.9811546736227335,1.0
2024_41_education_binary_higher,41,education_binary,higher,COPD,DEPRESSIVE_DISORDER,ok,,1.41887677911435,200,200,1.0,1.06288955688863,1.74793442302837,0.0,0.9811546736227335,1.0
2024_41_education_binary_higher,41,education_binary,higher,COPD,DIABETES,ok,,0.671268750128636,200,200,1.0,0.294861392712171,0.978114854600404,0.0,0.9811546736227335,1.0
2024_41_education_binary_higher,41,education_binary,higher,COPD,KIDNEY_DISEASE,ok,,1.06348233268919,200,200,1.0,0.611149586371188,1.47646871659251,0.0,0.9811546736227335,1.0
2024_41_education_binary_higher,41,education_binary,higher,CURRENT_ASTHMA,ARTHRITIS,ok,,0.893445617285232,200,200,1.0,0.645551826610708,1.10967000653592,0.0,0.9811546736227335,1.0
2024_41_education_binary_higher,41,education_binary,higher,CURRENT_ASTHMA,COPD,ok,,1.89777185266781,200,200,1.0,1.5787385673568,2.21808777148712,0.0,0.9811546736227335,1.0
2024_41_education_binary_higher,41,education_binary,higher,CURRENT_ASTHMA,DEPRESSIVE_DISORDER,ok,,0.904435738935918,200,200,1.0,0.678233428367937,1.10753580615467,0.0,0.9811546736227335,1.0
2024_41_education_binary_higher,41,education_binary,higher,CURRENT_ASTHMA,DIABETES,ok,,0.74629929054784,200,200,1.0,0.391104299016465,1.01857292641352,0.0,0.9811546736227335,1.0
2024_41_education_binary_higher,41,education_binary,higher,CURRENT_ASTHMA,KIDNEY_DISEASE,ok,,0.878855311398641,200,200,1.0,0.477711447073001,1.23058842044383,0.0,0.9811546736227335,1.0
2024_41_education_binary_higher,41,education_binary,higher,CURRENT_ASTHMA,OTHER_CANCER,ok,,0.63174777275521,200,200,1.0,0.375694631494567,0.899884884113882,0.0,0.9811546736227335,1.0
2024_41_education_binary_higher,41,education_binary,higher,CURRENT_ASTHMA,SKIN_CANCER,ok,,0.469224633955277,200,200,0.99,0.163899912281626,0.789574394230509,0.007035623639735147,0.9642782382838231,0.9972533418664555
2024_41_education_binary_higher,41,education_binary,higher,DEPRESSIVE_DISORDER,ARTHRITIS,ok,,0.903611144119397,200,200,1.0,0.716029254612387,1.07902002526078,0.0,0.9811546736227335,1.0
2024_41_education_binary_higher,41,education_binary,higher,DEPRESSIVE_DISORDER,DIABETES,ok,,0.574872851973177,200,200,1.0,0.293530284302149,0.771270113579997,0.0,0.9811546736227335,1.0
2024_41_education_binary_higher,41,education_binary,higher,ISCHEMIC_HEART_DISEASE,ARTHRITIS,ok,,0.928980634831215,200,200,1.0,0.599891384426524,1.24829801249675,0.0,0.9811546736227335,1.0
2024_41_education_binary_higher,41,education_binary,higher,ISCHEMIC_HEART_DISEASE,COPD,ok,,1.22991137319735,200,200,1.0,0.884307886853385,1.57755771661725,0.0,0.9811546736227335,1.0
2024_41_education_binary_higher,41,education_binary,higher,ISCHEMIC_HEART_DISEASE,CURRENT_ASTHMA,ok,,0.664622986796881,200,200,1.0,0.161833358887623,1.02466838182468,0.0,0.9811546736227335,1.0
2024_41_education_binary_higher,41,education_binary,higher,ISCHEMIC_HEART_DISEASE,DEPRESSIVE_DISORDER,ok,,0.85959227829415,200,200,1.0,0.540570208008671,1.15164977709374,0.0,0.9811546736227335,1.0
2024_41_education_binary_higher,41,education_binary,higher,ISCHEMIC_HEART_DISEASE,DIABETES,ok,,1.19193673282389,200,200,1.0,0.921951078342695,1.46049377871565,0.0,0.9811546736227335,1.0
2024_41_education_binary_higher,41,education_binary,higher,ISCHEMIC_HEART_DISEASE,KIDNEY_DISEASE,ok,,1.11151066775528,200,200,1.0,0.661539403794389,1.44724423683542,0.0,0.9811546736227335,1.0
2024_41_education_binary_higher,41,education_binary,higher,ISCHEMIC_HEART_DISEASE,OTHER_CANCER,ok,,0.453721692999984,200,200,1.0,0.13503754271951,0.741623005025379,0.0,0.9811546736227335,1.0
2024_41_education_binary_higher,41,education_binary,higher,ISCHEMIC_HEART_DISEASE,SKIN_CANCER,ok,,0.431974578126528,200,200,0.98,0.0309049234333111,0.789293185267143,0.009899494936611668,0.9497129130941735,0.9921955735836505
2024_41_education_binary_higher,41,education_binary,higher,ISCHEMIC_HEART_DISEASE,STROKE,ok,,1.18042811065353,200,200,1.0,0.753405062799774,1.61837762998565,0.0,0.9811546736227335,1.0
2024_41_education_binary_higher,41,education_binary,higher,KIDNEY_DISEASE,ARTHRITIS,ok,,0.94551945298094,200,200,1.0,0.520131363343442,1.28543957504626,0.0,0.9811546736227335,1.0
2024_41_education_binary_higher,41,education_binary,higher,KIDNEY_DISEASE,DIABETES,ok,,1.4017036512059,200,200,1.0,1.03340221942015,1.83897486509348,0.0,0.9811546736227335,1.0
2024_41_education_binary_higher,41,education_binary,higher,OTHER_CANCER,ARTHRITIS,ok,,0.346807092140317,200,200,1.0,0.107769028032972,0.582930100251907,0.0,0.9811546736227335,1.0
2024_41_education_binary_higher,41,education_binary,higher,OTHER_CANCER,COPD,ok,,0.523070898977652,200,200,0.995,0.130201346658308,0.890391926332285,0.004987484335815003,0.9722262956021069,0.9991168312843989
2024_41_education_binary_higher,41,education_binary,higher,SKIN_CANCER,DEPRESSIVE_DISORDER,ok,,0.307928594922363,200,200,0.97,-0.0115084213659174,0.563149315745017,0.012062338081814825,0.9361057075454807,0.9861796856598887
2024_41_education_binary_higher,41,education_binary,higher,SKIN_CANCER,OTHER_CANCER,ok,,1.56666045614026,200,200,1.0,1.29591061564022,1.80574744955878,0.0,0.9811546736227335,1.0
2024_41_education_binary_higher,41,education_binary,higher,STROKE,ARTHRITIS,ok,,0.906017424474736,200,200,1.0,0.515878398220103,1.23862827267184,0.0,0.9811546736227335,1.0
2024_41_education_binary_higher,41,education_binary,higher,STROKE,COPD,ok,,0.627124973098076,200,200,0.98,0.0324887122807011,1.0814892234742,0.009899494936611668,0.9497129130941735,0.9921955735836505
2024_41_education_binary_higher,41,education_binary,higher,STROKE,CURRENT_ASTHMA,ok,,0.645577676443376,200,200,1.0,0.160718205819137,1.03019030115007,0.0,0.9811546736227335,1.0
2024_41_education_binary_higher,41,education_binary,higher,STROKE,DIABETES,ok,,0.852815074124801,200,200,1.0,0.392331455645855,1.25266902431497,0.0,0.9811546736227335,1.0
2024_41_education_binary_higher,41,education_binary,higher,STROKE,KIDNEY_DISEASE,ok,,1.34807715525276,200,200,1.0,0.791425511330573,1.74323137899946,0.0,0.9811546736227335,1.0
2024_41_education_binary_higher,41,education_binary,higher,STROKE,OTHER_CANCER,ok,,0.726643356924433,200,200,1.0,0.2746592032629,1.14983384342307,0.0,0.9811546736227335,1.0
2024_41_education_binary_lower,41,education_binary,lower,ARTHRITIS,DIABETES,ok,,0.418517181915757,200,200,0.99,0.044020881755151,0.717919635789731,0.007035623639735147,0.9642782382838231,0.9972533418664555
2024_41_education_binary_lower,41,education_binary,lower,COPD,ARTHRITIS,ok,,1.29154627685698,200,200,1.0,0.854744614502275,1.78124117773211,0.0,0.9811546736227335,1.0
2024_41_education_binary_lower,41,education_binary,lower,COPD,DEPRESSIVE_DISORDER,ok,,0.984317755198306,200,200,1.0,0.551981343389126,1.32219269406392,0.0,0.9811546736227335,1.0
2024_41_education_binary_lower,41,education_binary,lower,COPD,DIABETES,ok,,0.791194691820884,200,200,1.0,0.373539096642092,1.18298533531127,0.0,0.9811546736227335,1.0
2024_41_education_binary_lower,41,education_binary,lower,COPD,KIDNEY_DISEASE,ok,,0.881328466826562,200,200,1.0,0.318984443876123,1.48400308353201,0.0,0.9811546736227335,1.0
2024_41_education_binary_lower,41,education_binary,lower,CURRENT_ASTHMA,ARTHRITIS,ok,,1.44037022804554,200,200,1.0,1.10968189599738,1.89112972434618,0.0,0.9811546736227335,1.0
2024_41_education_binary_lower,41,education_binary,lower,CURRENT_ASTHMA,COPD,ok,,2.34907968657047,200,200,1.0,1.85897606853066,2.89888587354676,0.0,0.9811546736227335,1.0
2024_41_education_binary_lower,41,education_binary,lower,CURRENT_ASTHMA,DEPRESSIVE_DISORDER,ok,,1.1410834842142,200,200,1.0,0.798932123319408,1.47136134240539,0.0,0.9811546736227335,1.0
2024_41_education_binary_lower,41,education_binary,lower,DEPRESSIVE_DISORDER,ARTHRITIS,ok,,1.21416259314852,200,200,1.0,0.878971971656415,1.5449051524814,0.0,0.9811546736227335,1.0
2024_41_education_binary_lower,41,education_binary,lower,DEPRESSIVE_DISORDER,DIABETES,ok,,0.41753144995128,200,200,0.975,0.0085128539007559,0.827286510852719,0.011039701082909813,0.942821659593358,0.9892752803482386
2024_41_education_binary_lower,41,education_binary,lower,DEPRESSIVE_DISORDER,KIDNEY_DISEASE,ok,,0.813019986283449,200,200,1.0,0.242086629625456,1.28709092571767,0.0,0.9811546736227335,1.0
2024_41_education_binary_lower,41,education_binary,lower,ISCHEMIC_HEART_DISEASE,ARTHRITIS,ok,,1.073704763328,200,200,1.0,0.6220249706958,1.53331518487805,0.0,0.9811546736227335,1.0
2024_41_education_binary_lower,41,education_binary,lower,ISCHEMIC_HEART_DISEASE,COPD,ok,,1.52147533473432,200,200,1.0,0.996105852937142,2.06939421506528,0.0,0.9811546736227335,1.0
2024_41_education_binary_lower,41,education_binary,lower,ISCHEMIC_HEART_DISEASE,CURRENT_ASTHMA,ok,,1.03355026089904,200,200,1.0,0.451634168867724,1.58558082508692,0.0,0.9811546736227335,1.0
2024_41_education_binary_lower,41,education_binary,lower,ISCHEMIC_HEART_DISEASE,DEPRESSIVE_DISORDER,ok,,1.13064955715716,200,200,1.0,0.555382069045941,1.56053304958042,0.0,0.9811546736227335,1.0
2024_41_education_binary_lower,41,education_binary,lower,ISCHEMIC_HEART_DISEASE,DIABETES,ok,,0.764970436667273,200,200,1.0,0.219920990436865,1.19891039085873,0.0,0.9811546736227335,1.0
2024_41_education_binary_lower,41,education_binary,lower,ISCHEMIC_HEART_DISEASE,KIDNEY_DISEASE,ok,,1.60094948895058,200,200,1.0,0.941695172139036,2.24265654387064,0.0,0.9811546736227335,1.0
2024_41_education_binary_lower,41,education_binary,lower,ISCHEMIC_HEART_DISEASE,STROKE,ok,,1.64235800076136,200,200,1.0,0.979610935583575,2.2493468443323,0.0,0.9811546736227335,1.0
2024_41_education_binary_lower,41,education_binary,lower,KIDNEY_DISEASE,ARTHRITIS,ok,,0.761017045677115,200,200,0.995,0.128479201773665,1.25573753828976,0.004987484335815003,0.9722262956021069,0.9991168312843989
2024_41_education_binary_lower,41,education_binary,lower,KIDNEY_DISEASE,DIABETES,ok,,1.44784236536792,200,200,1.0,0.665069338077916,2.3088860934487,0.0,0.9811546736227335,1.0
2024_41_education_binary_lower,41,education_binary,lower,OTHER_CANCER,ARTHRITIS,ok,,0.509333241412395,200,200,0.995,0.0777476432870663,0.925267471091577,0.004987484335815003,0.9722262956021069,0.9991168312843989
2024_41_education_binary_lower,41,education_binary,lower,OTHER_CANCER,COPD,ok,,0.641911292755536,200,200,0.99,0.0838245755829507,1.07693674503133,0.007035623639735147,0.9642782382838231,0.9972533418664555
2024_41_education_binary_lower,41,education_binary,lower,OTHER_CANCER,KIDNEY_DISEASE,ok,,0.833932557347116,200,200,0.985,0.215358482347786,1.50256228695417,0.008595056718835545,0.9568342712073097,0.9948857622067417
2024_41_education_binary_lower,41,education_binary,lower,SKIN_CANCER,OTHER_CANCER,ok,,1.9271646743418,200,200,1.0,1.33443855545684,2.56214748003083,0.0,0.9811546736227335,1.0
2024_41_education_binary_lower,41,education_binary,lower,STROKE,ARTHRITIS,ok,,1.5138699407375,200,200,1.0,0.987939692869835,2.18061011684264,0.0,0.9811546736227335,1.0
2024_41_education_binary_lower,41,education_binary,lower,STROKE,COPD,ok,,1.44028325495285,200,200,1.0,0.836739174288062,1.98413201635734,0.0,0.9811546736227335,1.0
2024_41_education_binary_lower,41,education_binary,lower,STROKE,CURRENT_ASTHMA,ok,,0.752131144255114,200,200,0.985,0.111694835699,1.38977566927398,0.008595056718835545,0.9568342712073097,0.9948857622067417
2024_41_education_binary_lower,41,education_binary,lower,STROKE,DEPRESSIVE_DISORDER,ok,,1.07882612925063,200,200,0.995,0.45242749018317,1.65279850515794,0.004987484335815003,0.9722262956021069,0.9991168312843989
2024_41_education_binary_lower,41,education_binary,lower,STROKE,KIDNEY_DISEASE,ok,,1.46742278565042,200,200,1.0,0.581201660104559,2.14973614763196,0.0,0.9811546736227335,1.0
2024_42_education_binary_higher,42,education_binary,higher,ARTHRITIS,DIABETES,ok,,0.436238471464364,200,200,1.0,0.144046077059602,0.829120614629637,0.0,0.9811546736227335,1.0
2024_42_education_binary_higher,42,education_binary,higher,COPD,ARTHRITIS,ok,,0.814628082342415,200,200,1.0,0.441483073721379,1.28195420435918,0.0,0.9811546736227335,1.0
2024_42_education_binary_higher,42,education_binary,higher,COPD,DEPRESSIVE_DISORDER,ok,,0.726110889750848,200,200,0.995,0.291553627673258,1.19902680379884,0.004987484335815003,0.9722262956021069,0.9991168312843989
2024_42_education_binary_higher,42,education_binary,higher,COPD,DIABETES,ok,,0.9151509080774,200,200,1.0,0.348054603606525,1.40584117137702,0.0,0.9811546736227335,1.0
2024_42_education_binary_higher,42,education_binary,higher,COPD,KIDNEY_DISEASE,ok,,1.06812284082975,200,200,0.99,0.235194673261869,1.79849839208942,0.007035623639735147,0.9642782382838231,0.9972533418664555
2024_42_education_binary_higher,42,education_binary,higher,CURRENT_ASTHMA,ARTHRITIS,ok,,0.93483852182455,200,200,1.0,0.559997163978843,1.37043356215493,0.0,0.9811546736227335,1.0
2024_42_education_binary_higher,42,education_binary,higher,CURRENT_ASTHMA,COPD,ok,,2.21040371850639,200,200,1.0,1.71560762040258,2.68728346464242,0.0,0.9811546736227335,1.0
2024_42_education_binary_higher,42,education_binary,higher,CURRENT_ASTHMA,DEPRESSIVE_DISORDER,ok,,0.910732464604791,200,200,1.0,0.581330907242425,1.28734541693399,0.0,0.9811546736227335,1.0
2024_42_education_binary_higher,42,education_binary,higher,CURRENT_ASTHMA,DIABETES,ok,,0.711019762207534,200,200,0.985,0.134804124444309,1.22326521369463,0.008595056718835545,0.9568342712073097,0.9948857622067417
2024_42_education_binary_higher,42,education_binary,higher,DEPRESSIVE_DISORDER,ARTHRITIS,ok,,1.25810202326007,200,200,1.0,0.887558742765552,1.57236794710479,0.0,0.9811546736227335,1.0
2024_42_education_binary_higher,42,education_binary,higher,DEPRESSIVE_DISORDER,DIABETES,ok,,0.881327518555895,200,200,1.0,0.509546612645804,1.31141976697049,0.0,0.9811546736227335,1.0
2024_42_education_binary_higher,42,education_binary,higher,ISCHEMIC_HEART_DISEASE,ARTHRITIS,ok,,0.951783292380493,200,200,1.0,0.555581288082876,1.40164051120511,0.0,0.9811546736227335,1.0
2024_42_education_binary_higher,42,education_binary,higher,ISCHEMIC_HEART_DISEASE,COPD,ok,,1.57642337634351,200,200,1.0,0.942868471676069,2.20162183048976,0.0,0.9811546736227335,1.0
2024_42_education_binary_higher,42,education_binary,higher,ISCHEMIC_HEART_DISEASE,CURRENT_ASTHMA,ok,,1.38235924689531,200,200,1.0,0.821908213072399,1.83450277233074,0.0,0.9811546736227335,1.0
2024_42_education_binary_higher,42,education_binary,higher,ISCHEMIC_HEART_DISEASE,DEPRESSIVE_DISORDER,ok,,0.735971388654485,200,200,1.0,0.289959684010767,1.20753403281494,0.0,0.9811546736227335,1.0
2024_42_education_binary_higher,42,education_binary,higher,ISCHEMIC_HEART_DISEASE,DIABETES,ok,,1.04514458038762,200,200,1.0,0.545454436707618,1.5783628485411,0.0,0.9811546736227335,1.0
2024_42_education_binary_higher,42,education_binary,higher,ISCHEMIC_HEART_DISEASE,KIDNEY_DISEASE,ok,,1.59646131497302,200,200,1.0,0.858826201082551,2.34169069908154,0.0,0.9811546736227335,1.0
2024_42_education_binary_higher,42,education_binary,higher,ISCHEMIC_HEART_DISEASE,OTHER_CANCER,ok,,0.788484810495976,200,200,0.995,0.247213464245317,1.38439100584166,0.004987484335815003,0.9722262956021069,0.9991168312843989
2024_42_education_binary_higher,42,education_binary,higher,ISCHEMIC_HEART_DISEASE,STROKE,ok,,1.74551009312142,200,200,1.0,0.993073462166191,2.45585103515141,0.0,0.9811546736227335,1.0
2024_42_education_binary_higher,42,education_binary,higher,KIDNEY_DISEASE,ARTHRITIS,ok,,0.988159274777781,200,200,1.0,0.422769857481129,1.66543584312964,0.0,0.9811546736227335,1.0
2024_42_education_binary_higher,42,education_binary,higher,KIDNEY_DISEASE,DIABETES,ok,,1.85591139143221,200,200,1.0,1.18989529484033,2.59638900219938,0.0,0.9811546736227335,1.0
2024_42_education_binary_higher,42,education_binary,higher,OTHER_CANCER,ARTHRITIS,ok,,0.60019111510636,200,200,0.995,0.228787078622028,1.07363979937501,0.004987484335815003,0.9722262956021069,0.9991168312843989
2024_42_education_binary_higher,42,education_binary,higher,OTHER_CANCER,DIABETES,ok,,0.675909737731355,200,200,0.99,0.202201299379052,1.11179849727597,0.007035623639735147,0.9642782382838231,0.9972533418664555
2024_42_education_binary_higher,42,education_binary,higher,OTHER_CANCER,KIDNEY_DISEASE,ok,,1.25545155064303,200,200,1.0,0.423320091322586,1.82934597847,0.0,0.9811546736227335,1.0
2024_42_education_binary_higher,42,education_binary,higher,SKIN_CANCER,OTHER_CANCER,ok,,1.35380937875161,200,200,1.0,0.751878945286434,1.90186795986409,0.0,0.9811546736227335,1.0
2024_42_education_binary_higher,42,education_binary,higher,STROKE,COPD,ok,,1.17455200178683,200,200,0.985,0.316427756019871,1.72717290301534,0.008595056718835545,0.9568342712073097,0.9948857622067417
2024_42_education_binary_higher,42,education_binary,higher,STROKE,CURRENT_ASTHMA,ok,,1.17463252679978,200,200,0.98,0.0081920577260549,1.98282540498847,0.009899494936611668,0.9497129130941735,0.9921955735836505
2024_42_education_binary_higher,42,education_binary,higher,STROKE,DEPRESSIVE_DISORDER,ok,,1.05385189342144,200,200,0.995,0.348116685453963,1.74345989515172,0.004987484335815003,0.9722262956021069,0.9991168312843989
2024_42_education_binary_higher,42,education_binary,higher,STROKE,DIABETES,ok,,1.66136310754868,200,200,1.0,0.809457140488063,2.40280376608337,0.0,0.9811546736227335,1.0
2024_42_education_binary_higher,42,education_binary,higher,STROKE,KIDNEY_DISEASE,ok,,1.21627463736363,200,200,0.995,0.348027139775397,2.10961912024403,0.004987484335815003,0.9722262956021069,0.9991168312843989
2024_42_education_binary_higher,42,education_binary,higher,STROKE,OTHER_CANCER,ok,,0.872762089448744,200,200,0.98,0.108463628296891,1.43932075975722,0.009899494936611668,0.9497129130941735,0.9921955735836505
2024_42_education_binary_lower,42,education_binary,lower,COPD,ARTHRITIS,ok,,1.46687853107856,200,200,1.0,0.932551433667591,2.02003763877569,0.0,0.9811546736227335,1.0
2024_42_education_binary_lower,42,education_binary,lower,COPD,DEPRESSIVE_DISORDER,ok,,1.27201357715458,200,200,1.0,0.733130789403741,1.82086094561866,0.0,0.9811546736227335,1.0
2024_42_education_binary_lower,42,education_binary,lower,CURRENT_ASTHMA,ARTHRITIS,ok,,0.923174296698861,200,200,0.995,0.333894504315828,1.5201578155682,0.004987484335815003,0.9722262956021069,0.9991168312843989
2024_42_education_binary_lower,42,education_binary,lower,CURRENT_ASTHMA,COPD,ok,,1.24166527523188,200,200,1.0,0.693100253784337,1.78854503081278,0.0,0.9811546736227335,1.0
2024_42_education_binary_lower,42,education_binary,lower,CURRENT_ASTHMA,DEPRESSIVE_DISORDER,ok,,0.69020972758934,200,200,1.0,0.172452386209869,1.2357027860224,0.0,0.9811546736227335,1.0
2024_42_education_binary_lower,42,education_binary,lower,DEPRESSIVE_DISORDER,ARTHRITIS,ok,,1.10651430172071,200,200,1.0,0.71534647870869,1.57466061510118,0.0,0.9811546736227335,1.0
2024_42_education_binary_lower,42,education_binary,lower,ISCHEMIC_HEART_DISEASE,COPD,ok,,1.51945157092006,200,200,1.0,0.695958382600992,2.13074267274427,0.0,0.9811546736227335,1.0
2024_42_education_binary_lower,42,education_binary,lower,ISCHEMIC_HEART_DISEASE,CURRENT_ASTHMA,ok,,0.862974153472744,200,200,0.995,0.179652027578707,1.53957083689865,0.004987484335815003,0.9722262956021069,0.9991168312843989
2024_42_education_binary_lower,42,education_binary,lower,ISCHEMIC_HEART_DISEASE,KIDNEY_DISEASE,ok,,1.33639985346956,200,200,1.0,0.58636533947473,2.15015254065279,0.0,0.9811546736227335,1.0
2024_42_education_binary_lower,42,education_binary,lower,ISCHEMIC_HEART_DISEASE,STROKE,ok,,1.80531927391211,200,200,1.0,1.24598263795022,2.49401212457245,0.0,0.9811546736227335,1.0
2024_42_education_binary_lower,42,education_binary,lower,KIDNEY_DISEASE,DIABETES,ok,,1.78794052016429,200,200,1.0,1.15689443550973,2.55744199658205,0.0,0.9811546736227335,1.0
2024_42_education_binary_lower,42,education_binary,lower,OTHER_CANCER,DIABETES,ok,,1.13869164270333,200,200,1.0,0.604352846336137,1.74263657989112,0.0,0.9811546736227335,1.0
2024_42_education_binary_lower,42,education_binary,lower,OTHER_CANCER,KIDNEY_DISEASE,ok,,1.42412473462225,200,200,1.0,0.521612150046801,2.13969116263903,0.0,0.9811546736227335,1.0
2024_44_education_binary_higher,44,education_binary,higher,ARTHRITIS,DIABETES,ok,,0.469445734558273,200,200,1.0,0.190035677653671,0.740025890369399,0.0,0.9811546736227335,1.0
2024_44_education_binary_higher,44,education_binary,higher,COPD,ARTHRITIS,ok,,1.26668574038758,200,200,1.0,0.781337296312845,1.65600768981058,0.0,0.9811546736227335,1.0
2024_44_education_binary_higher,44,education_binary,higher,COPD,DEPRESSIVE_DISORDER,ok,,0.803205342543399,200,200,1.0,0.37922598721655,1.15603741389739,0.0,0.9811546736227335,1.0
2024_44_education_binary_higher,44,education_binary,higher,COPD,DIABETES,ok,,0.529955691032529,200,200,0.99,0.0560190624625152,0.947129034241528,0.007035623639735147,0.9642782382838231,0.9972533418664555
2024_44_education_binary_higher,44,education_binary,higher,COPD,KIDNEY_DISEASE,ok,,1.44336214343311,200,200,1.0,0.702134125218534,1.96969683256722,0.0,0.9811546736227335,1.0
2024_44_education_binary_higher,44,education_binary,higher,CURRENT_ASTHMA,ARTHRITIS,ok,,0.763187666114378,200,200,1.0,0.475256968029895,1.05699971857638,0.0,0.9811546736227335,1.0
2024_44_education_binary_higher,44,education_binary,higher,CURRENT_ASTHMA,COPD,ok,,1.41888750244102,200,200,1.0,1.02439733557839,1.81433731430391,0.0,0.9811546736227335,1.0
2024_44_education_binary_higher,44,education_binary,higher,CURRENT_ASTHMA,DEPRESSIVE_DISORDER,ok,,0.535657495228514,200,200,1.0,0.293814877680739,0.845505730153118,0.0,0.9811546736227335,1.0
2024_44_education_binary_higher,44,education_binary,higher,CURRENT_ASTHMA,DIABETES,ok,,0.483567878746743,200,200,1.0,0.128616836128895,0.864587706790474,0.0,0.9811546736227335,1.0
2024_44_education_binary_higher,44,education_binary,higher,CURRENT_ASTHMA,KIDNEY_DISEASE,ok,,0.839187489769197,200,200,0.99,0.225655732486346,1.35180593222305,0.007035623639735147,0.9642782382838231,0.9972533418664555
2024_44_education_binary_higher,44,education_binary,higher,DEPRESSIVE_DISORDER,ARTHRITIS,ok,,0.855024307251324,200,200,1.0,0.626866718455976,1.08531486075451,0.0,0.9811546736227335,1.0
2024_44_education_binary_higher,44,education_binary,higher,DEPRESSIVE_DISORDER,DIABETES,ok,,0.455219722653525,200,200,1.0,0.139356162077924,0.731879063703029,0.0,0.9811546736227335,1.0
2024_44_education_binary_higher,44,education_binary,higher,DEPRESSIVE_DISORDER,KIDNEY_DISEASE,ok,,0.787195446531822,200,200,0.995,0.344714971349246,1.24190945018154,0.004987484335815003,0.9722262956021069,0.9991168312843989
2024_44_education_binary_higher,44,education_binary,higher,ISCHEMIC_HEART_DISEASE,ARTHRITIS,ok,,0.640793911024439,200,200,1.0,0.334373329626184,0.962209490834319,0.0,0.9811546736227335,1.0
2024_44_education_binary_higher,44,education_binary,higher,ISCHEMIC_HEART_DISEASE,COPD,ok,,1.1774225875018,200,200,1.0,0.781057798478455,1.65291234273528,0.0,0.9811546736227335,1.0
2024_44_education_binary_higher,44,education_binary,higher,ISCHEMIC_HEART_DISEASE,CURRENT_ASTHMA,ok,,0.558238456212749,200,200,0.995,0.143771928715058,1.01639353891458,0.004987484335815003,0.9722262956021069,0.9991168312843989
2024_44_education_binary_higher,44,education_binary,higher,ISCHEMIC_HEART_DISEASE,DIABETES,ok,,1.02657841736406,200,200,1.0,0.671701002790217,1.4134230257283,0.0,0.9811546736227335,1.0
2024_44_education_binary_higher,44,education_binary,higher,ISCHEMIC_HEART_DISEASE,KIDNEY_DISEASE,ok,,1.63745037855559,200,200,1.0,1.04275006583317,2.18180966658609,0.0,0.9811546736227335,1.0
2024_44_education_binary_higher,44,education_binary,higher,ISCHEMIC_HEART_DISEASE,SKIN_CANCER,ok,,0.400428311090533,200,200,0.99,0.0872250628358236,0.725733885721559,0.007035623639735147,0.9642782382838231,0.9972533418664555
2024_44_education_binary_higher,44,education_binary,higher,ISCHEMIC_HEART_DISEASE,STROKE,ok,,1.60419052854908,200,200,1.0,1.20167354191351,2.11228215507613,0.0,0.9811546736227335,1.0
2024_44_education_binary_higher,44,education_binary,higher,KIDNEY_DISEASE,ARTHRITIS,ok,,1.10651788609488,200,200,1.0,0.620873089223113,1.50701837658691,0.0,0.9811546736227335,1.0
2024_44_education_binary_higher,44,education_binary,higher,KIDNEY_DISEASE,DIABETES,ok,,1.9649256736297,200,200,1.0,1.39921491665336,2.478792360377,0.0,0.9811546736227335,1.0
2024_44_education_binary_higher,44,education_binary,higher,OTHER_CANCER,ARTHRITIS,ok,,0.423941628224084,200,200,1.0,0.140085014072092,0.685917349292547,0.0,0.9811546736227335,1.0
2024_44_education_binary_higher,44,education_binary,higher,OTHER_CANCER,COPD,ok,,0.768212673361002,200,200,1.0,0.317003235364936,1.23841584683075,0.0,0.9811546736227335,1.0
2024_44_education_binary_higher,44,education_binary,higher,OTHER_CANCER,KIDNEY_DISEASE,ok,,1.00178646136619,200,200,1.0,0.427586727685392,1.47180726359443,0.0,0.9811546736227335,1.0
2024_44_education_binary_higher,44,education_binary,higher,SKIN_CANCER,ARTHRITIS,ok,,0.310391591314781,200,200,0.98,0.0126309920077243,0.589638415753861,0.009899494936611668,0.9497129130941735,0.9921955735836505
2024_44_education_binary_higher,44,education_binary,higher,SKIN_CANCER,OTHER_CANCER,ok,,1.32238281380418,200,200,1.0,0.992793444711753,1.61415465543655,0.0,0.9811546736227335,1.0
2024_44_education_binary_higher,44,education_binary,higher,STROKE,ARTHRITIS,ok,,0.518575466468868,200,200,0.99,0.0745193588969391,1.017591699969,0.007035623639735147,0.9642782382838231,0.9972533418664555
2024_44_education_binary_higher,44,education_binary,higher,STROKE,DEPRESSIVE_DISORDER,ok,,0.571832161247136,200,200,0.99,0.125553130765589,0.968260146947908,0.007035623639735147,0.9642782382838231,0.9972533418664555
2024_44_education_binary_higher,44,education_binary,higher,STROKE,DIABETES,ok,,0.938481865105142,200,200,0.995,0.431928716142766,1.36955326806403,0.004987484335815003,0.9722262956021069,0.9991168312843989
2024_44_education_binary_higher,44,education_binary,higher,STROKE,KIDNEY_DISEASE,ok,,0.848409747450926,200,200,0.98,0.15296374147319,1.54482195540941,0.009899494936611668,0.9497129130941735,0.9921955735836505
2024_44_education_binary_lower,44,education_binary,lower,ARTHRITIS,DIABETES,ok,,0.518594385480733,200,200,0.98,0.127853822716408,0.930738721100724,0.009899494936611668,0.9497129130941735,0.9921955735836505
2024_44_education_binary_lower,44,education_binary,lower,COPD,ARTHRITIS,ok,,0.64132367974727,200,200,1.0,0.0888239435725742,1.15068469741717,0.0,0.9811546736227335,1.0
2024_44_education_binary_lower,44,education_binary,lower,COPD,DEPRESSIVE_DISORDER,ok,,1.02792034872927,200,200,1.0,0.648699216348655,1.48390406339918,0.0,0.9811546736227335,1.0
2024_44_education_binary_lower,44,education_binary,lower,CURRENT_ASTHMA,ARTHRITIS,ok,,0.934664142472723,200,200,1.0,0.433095610177878,1.43073181257411,0.0,0.9811546736227335,1.0
2024_44_education_binary_lower,44,education_binary,lower,CURRENT_ASTHMA,COPD,ok,,1.73377630002963,200,200,1.0,1.18989294860318,2.17824930538946,0.0,0.9811546736227335,1.0
2024_44_education_binary_lower,44,education_binary,lower,CURRENT_ASTHMA,DEPRESSIVE_DISORDER,ok,,0.75705245482454,200,200,1.0,0.348143585492678,1.17492401831962,0.0,0.9811546736227335,1.0
2024_44_education_binary_lower,44,education_binary,lower,DEPRESSIVE_DISORDER,ARTHRITIS,ok,,1.4094865849301,200,200,1.0,1.05200948637087,1.83221259974686,0.0,0.9811546736227335,1.0
2024_44_education_binary_lower,44,education_binary,lower,DEPRESSIVE_DISORDER,DIABETES,ok,,0.496150196907098,200,200,0.995,0.101741415087536,0.842054841293548,0.004987484335815003,0.9722262956021069,0.9991168312843989
2024_44_education_binary_lower,44,education_binary,lower,ISCHEMIC_HEART_DISEASE,COPD,ok,,0.865789457937506,200,200,1.0,0.36019797199405,1.36331195954729,0.0,0.9811546736227335,1.0
2024_44_education_binary_lower,44,education_binary,lower,ISCHEMIC_HEART_DISEASE,CURRENT_ASTHMA,ok,,0.951508076187033,200,200,0.99,0.172365686674513,1.64258254726563,0.007035623639735147,0.9642782382838231,0.9972533418664555
2024_44_education_binary_lower,44,education_binary,lower,ISCHEMIC_HEART_DISEASE,DEPRESSIVE_DISORDER,ok,,0.82638435945396,200,200,0.995,0.29518163396655,1.3246948658369,0.004987484335815003,0.9722262956021069,0.9991168312843989
2024_44_education_binary_lower,44,education_binary,lower,ISCHEMIC_HEART_DISEASE,DIABETES,ok,,0.858060369440395,200,200,1.0,0.356333291436256,1.36923723906367,0.0,0.9811546736227335,1.0
2024_44_education_binary_lower,44,education_binary,lower,ISCHEMIC_HEART_DISEASE,KIDNEY_DISEASE,ok,,1.01301869565548,200,200,0.995,0.27006649845202,1.71484948309925,0.004987484335815003,0.9722262956021069,0.9991168312843989
2024_44_education_binary_lower,44,education_binary,lower,ISCHEMIC_HEART_DISEASE,STROKE,ok,,1.79346347371703,200,200,1.0,1.02048646058308,2.51949034606379,0.0,0.9811546736227335,1.0
2024_44_education_binary_lower,44,education_binary,lower,KIDNEY_DISEASE,DIABETES,ok,,1.01903552416281,200,200,0.995,0.317648385171787,1.52595395127474,0.004987484335815003,0.9722262956021069,0.9991168312843989
2024_44_education_binary_lower,44,education_binary,lower,OTHER_CANCER,COPD,ok,,1.08924420817163,200,200,1.0,0.570535375941677,1.58293619568111,0.0,0.9811546736227335,1.0
2024_44_education_binary_lower,44,education_binary,lower,OTHER_CANCER,KIDNEY_DISEASE,ok,,0.891850723688234,200,200,1.0,0.159992363676012,1.72235845828713,0.0,0.9811546736227335,1.0
2024_44_education_binary_lower,44,education_binary,lower,SKIN_CANCER,ARTHRITIS,ok,,0.665790395680061,200,200,0.98,0.0799252890908745,1.32671916671691,0.009899494936611668,0.9497129130941735,0.9921955735836505
2024_44_education_binary_lower,44,education_binary,lower,SKIN_CANCER,OTHER_CANCER,ok,,1.74836584730539,200,200,1.0,1.1342683248489,2.34106465906229,0.0,0.9811546736227335,1.0
2024_44_education_binary_lower,44,education_binary,lower,STROKE,CURRENT_ASTHMA,ok,,1.28797336548103,200,200,1.0,0.516194417679243,1.86202093054885,0.0,0.9811546736227335,1.0
2024_44_education_binary_lower,44,education_binary,lower,STROKE,KIDNEY_DISEASE,ok,,1.27804287866468,200,200,0.995,0.415359400807821,2.02368795077489,0.004987484335815003,0.9722262956021069,0.9991168312843989
2024_45_education_binary_higher,45,education_binary,higher,ARTHRITIS,DIABETES,ok,,0.692432387553437,200,200,1.0,0.476196299629509,0.954841660697417,0.0,0.9811546736227335,1.0
2024_45_education_binary_higher,45,education_binary,higher,COPD,ARTHRITIS,ok,,1.39468396074211,200,200,1.0,1.08458666940412,1.77898680973746,0.0,0.9811546736227335,1.0
2024_45_education_binary_higher,45,education_binary,higher,COPD,DEPRESSIVE_DISORDER,ok,,1.19057066371269,200,200,1.0,0.898915034441729,1.48994685311597,0.0,0.9811546736227335,1.0
2024_45_education_binary_higher,45,education_binary,higher,COPD,DIABETES,ok,,0.537325724007596,200,200,1.0,0.208083568760515,0.85591589807235,0.0,0.9811546736227335,1.0
2024_45_education_binary_higher,45,education_binary,higher,COPD,KIDNEY_DISEASE,ok,,0.957566926831371,200,200,1.0,0.514367712391431,1.35369944808171,0.0,0.9811546736227335,1.0
2024_45_education_binary_higher,45,education_binary,higher,CURRENT_ASTHMA,ARTHRITIS,ok,,1.14133009948505,200,200,1.0,0.852405662014533,1.47103050870136,0.0,0.9811546736227335,1.0
2024_45_education_binary_higher,45,education_binary,higher,CURRENT_ASTHMA,COPD,ok,,1.93781765598848,200,200,1.0,1.56668579069578,2.28573627608552,0.0,0.9811546736227335,1.0
2024_45_education_binary_higher,45,education_binary,higher,CURRENT_ASTHMA,DEPRESSIVE_DISORDER,ok,,0.909104426374826,200,200,1.0,0.577595854882743,1.16190122708523,0.0,0.9811546736227335,1.0
2024_45_education_binary_higher,45,education_binary,higher,CURRENT_ASTHMA,DIABETES,ok,,0.498119333057548,200,200,1.0,0.201488167891077,0.803702565007294,0.0,0.9811546736227335,1.0
2024_45_education_binary_higher,45,education_binary,higher,CURRENT_ASTHMA,KIDNEY_DISEASE,ok,,0.923861624372039,200,200,1.0,0.351950964232306,1.3662727498535,0.0,0.9811546736227335,1.0
2024_45_education_binary_higher,45,education_binary,higher,DEPRESSIVE_DISORDER,ARTHRITIS,ok,,0.876784333847578,200,200,1.0,0.682171780383846,1.1817758151556,0.0,0.9811546736227335,1.0
2024_45_education_binary_higher,45,education_binary,higher,DEPRESSIVE_DISORDER,DIABETES,ok,,0.625673556991152,200,200,1.0,0.377239111665259,0.892140838564883,0.0,0.9811546736227335,1.0
2024_45_education_binary_higher,45,education_binary,higher,DEPRESSIVE_DISORDER,KIDNEY_DISEASE,ok,,0.722314976483624,200,200,0.995,0.222161972658959,1.16213686096761,0.004987484335815003,0.9722262956021069,0.9991168312843989
2024_45_education_binary_higher,45,education_binary,higher,ISCHEMIC_HEART_DISEASE,ARTHRITIS,ok,,0.878987082480771,200,200,1.0,0.641873164367421,1.15287735062829,0.0,0.9811546736227335,1.0
2024_45_education_binary_higher,45,education_binary,higher,ISCHEMIC_HEART_DISEASE,COPD,ok,,1.43783028547197,200,200,1.0,1.0982650577759,1.78206007290391,0.0,0.9811546736227335,1.0
2024_45_education_binary_higher,45,education_binary,higher,ISCHEMIC_HEART_DISEASE,CURRENT_ASTHMA,ok,,0.798716475216395,200,200,1.0,0.433943172890004,1.19430117929764,0.0,0.9811546736227335,1.0
2024_45_education_binary_higher,45,education_binary,higher,ISCHEMIC_HEART_DISEASE,DEPRESSIVE_DISORDER,ok,,0.737694497561935,200,200,1.0,0.421777662572201,1.05749293899572,0.0,0.9811546736227335,1.0
2024_45_education_binary_higher,45,education_binary,higher,ISCHEMIC_HEART_DISEASE,DIABETES,ok,,0.945148351179271,200,200,1.0,0.695808803221946,1.24857709849668,0.0,0.9811546736227335,1.0
2024_45_education_binary_higher,45,education_binary,higher,ISCHEMIC_HEART_DISEASE,KIDNEY_DISEASE,ok,,1.20877598573721,200,200,1.0,0.807514117759118,1.64058757715442,0.0,0.9811546736227335,1.0
2024_45_education_binary_higher,45,education_binary,higher,ISCHEMIC_HEART_DISEASE,OTHER_CANCER,ok,,0.361852931975059,200,200,0.995,0.0485064818201177,0.600092683750762,0.004987484335815003,0.9722262956021069,0.9991168312843989
2024_45_education_binary_higher,45,education_binary,higher,ISCHEMIC_HEART_DISEASE,STROKE,ok,,2.09592773031503,200,200,1.0,1.68571321165984,2.46373550606563,0.0,0.9811546736227335,1.0
2024_45_education_binary_higher,45,education_binary,higher,KIDNEY_DISEASE,ARTHRITIS,ok,,1.14139413068003,200,200,1.0,0.744197122713289,1.5980475638015,0.0,0.9811546736227335,1.0
2024_45_education_binary_higher,45,education_binary,higher,KIDNEY_DISEASE,DIABETES,ok,,1.27387184410572,200,200,1.0,0.856583925794885,1.66565221125994,0.0,0.9811546736227335,1.0
2024_45_education_binary_higher,45,education_binary,higher,OTHER_CANCER,ARTHRITIS,ok,,0.319595040435741,200,200,1.0,0.133757505506606,0.50739086569623,0.0,0.9811546736227335,1.0
2024_45_education_binary_higher,45,education_binary,higher,OTHER_CANCER,COPD,ok,,0.602662943611481,200,200,1.0,0.2348121719195,0.93098469589753,0.0,0.9811546736227335,1.0
2024_45_education_binary_higher,45,education_binary,higher,OTHER_CANCER,DEPRESSIVE_DISORDER,ok,,0.386704359487929,200,200,0.99,0.0475303631463279,0.633823378910142,0.007035623639735147,0.9642782382838231,0.9972533418664555
2024_45_education_binary_higher,45,education_binary,higher,SKIN_CANCER,ARTHRITIS,ok,,0.319402950650217,200,200,0.995,0.0660720811207467,0.560374633301436,0.004987484335815003,0.9722262956021069,0.9991168312843989
2024_45_education_binary_higher,45,education_binary,higher,SKIN_CANCER,OTHER_CANCER,ok,,1.51644961443879,200,200,1.0,1.27151234420331,1.78543716660847,0.0,0.9811546736227335,1.0
2024_45_education_binary_higher,45,education_binary,higher,STROKE,ARTHRITIS,ok,,0.748565303088593,200,200,1.0,0.383623614881213,1.09614979640353,0.0,0.9811546736227335,1.0
2024_45_education_binary_higher,45,education_binary,higher,STROKE,COPD,ok,,1.43332484114205,200,200,1.0,1.01254292279869,1.89299297977599,0.0,0.9811546736227335,1.0
2024_45_education_binary_higher,45,education_binary,higher,STROKE,CURRENT_ASTHMA,ok,,0.797428911819071,200,200,1.0,0.339970330231031,1.25854069183443,0.0,0.9811546736227335,1.0
2024_45_education_binary_higher,45,education_binary,higher,STROKE,DEPRESSIVE_DISORDER,ok,,1.06386154266549,200,200,1.0,0.638021697162914,1.42368082267179,0.0,0.9811546736227335,1.0
2024_45_education_binary_higher,45,education_binary,higher,STROKE,DIABETES,ok,,1.13373608236765,200,200,1.0,0.785151197514543,1.50592819386411,0.0,0.9811546736227335,1.0
2024_45_education_binary_higher,45,education_binary,higher,STROKE,KIDNEY_DISEASE,ok,,1.20395361232328,200,200,1.0,0.693416785568874,1.64981022298823,0.0,0.9811546736227335,1.0
2024_45_education_binary_higher,45,education_binary,higher,STROKE,OTHER_CANCER,ok,,0.472938861440145,200,200,0.985,0.0835157620123123,0.853061839099657,0.008595056718835545,0.9568342712073097,0.9948857622067417
2024_45_education_binary_lower,45,education_binary,lower,ARTHRITIS,DIABETES,ok,,0.515649094085311,200,200,1.0,0.284728170327189,0.782274225335449,0.0,0.9811546736227335,1.0
2024_45_education_binary_lower,45,education_binary,lower,COPD,ARTHRITIS,ok,,1.4441270878666,200,200,1.0,1.01964581593287,1.82195491462984,0.0,0.9811546736227335,1.0
2024_45_education_binary_lower,45,education_binary,lower,COPD,DEPRESSIVE_DISORDER,ok,,1.37901593449033,200,200,1.0,1.06902308228205,1.78755040590981,0.0,0.9811546736227335,1.0
2024_45_education_binary_lower,45,education_binary,lower,COPD,DIABETES,ok,,0.737495019552822,200,200,1.0,0.359616475557,1.08867291598461,0.0,0.9811546736227335,1.0
2024_45_education_binary_lower,45,education_binary,lower,COPD,KIDNEY_DISEASE,ok,,1.05452138798384,200,200,1.0,0.520934111865881,1.51016171704099,0.0,0.9811546736227335,1.0
2024_45_education_binary_lower,45,education_binary,lower,CURRENT_ASTHMA,ARTHRITIS,ok,,1.23376725877032,200,200,1.0,0.802118815820352,1.68376504318297,0.0,0.9811546736227335,1.0
2024_45_education_binary_lower,45,education_binary,lower,CURRENT_ASTHMA,COPD,ok,,2.08010019263447,200,200,1.0,1.6258971833266,2.56198788688813,0.0,0.9811546736227335,1.0
2024_45_education_binary_lower,45,education_binary,lower,CURRENT_ASTHMA,DEPRESSIVE_DISORDER,ok,,0.993283571426974,200,200,1.0,0.638209228256093,1.39421456911875,0.0,0.9811546736227335,1.0
2024_45_education_binary_lower,45,education_binary,lower,CURRENT_ASTHMA,DIABETES,ok,,0.793755004091311,200,200,1.0,0.410212053633908,1.14527341589514,0.0,0.9811546736227335,1.0
2024_45_education_binary_lower,45,education_binary,lower,DEPRESSIVE_DISORDER,ARTHRITIS,ok,,1.33629545836167,200,200,1.0,1.02546894907552,1.6676307600804,0.0,0.9811546736227335,1.0
2024_45_education_binary_lower,45,education_binary,lower,DEPRESSIVE_DISORDER,KIDNEY_DISEASE,ok,,0.940819655892031,200,200,1.0,0.488196339087553,1.44619798939658,0.0,0.9811546736227335,1.0
2024_45_education_binary_lower,45,education_binary,lower,ISCHEMIC_HEART_DISEASE,ARTHRITIS,ok,,0.739763181853489,200,200,1.0,0.387638868194122,1.11424944511927,0.0,0.9811546736227335,1.0
2024_45_education_binary_lower,45,education_binary,lower,ISCHEMIC_HEART_DISEASE,COPD,ok,,1.20068841289208,200,200,1.0,0.875955716354895,1.55755587997287,0.0,0.9811546736227335,1.0
2024_45_education_binary_lower,45,education_binary,lower,ISCHEMIC_HEART_DISEASE,CURRENT_ASTHMA,ok,,0.791636870371074,200,200,1.0,0.373949631781676,1.28632209368313,0.0,0.9811546736227335,1.0
2024_45_education_binary_lower,45,education_binary,lower,ISCHEMIC_HEART_DISEASE,DEPRESSIVE_DISORDER,ok,,0.712923355853932,200,200,1.0,0.353751173435725,1.10683037104416,0.0,0.9811546736227335,1.0
2024_45_education_binary_lower,45,education_binary,lower,ISCHEMIC_HEART_DISEASE,DIABETES,ok,,0.653562041221179,200,200,1.0,0.333618707514773,0.95828716798583,0.0,0.9811546736227335,1.0
2024_45_education_binary_lower,45,education_binary,lower,ISCHEMIC_HEART_DISEASE,KIDNEY_DISEASE,ok,,1.22102149450822,200,200,1.0,0.732414974751356,1.63842897662403,0.0,0.9811546736227335,1.0
2024_45_education_binary_lower,45,education_binary,lower,ISCHEMIC_HEART_DISEASE,STROKE,ok,,1.18115876111287,200,200,1.0,0.693856747617822,1.63263814483979,0.0,0.9811546736227335,1.0
2024_45_education_binary_lower,45,education_binary,lower,KIDNEY_DISEASE,ARTHRITIS,ok,,1.47857243995159,200,200,1.0,0.937579432134935,2.0463322402355,0.0,0.9811546736227335,1.0
2024_45_education_binary_lower,45,education_binary,lower,KIDNEY_DISEASE,DIABETES,ok,,1.08630721503817,200,200,1.0,0.63743469380801,1.59112435395762,0.0,0.9811546736227335,1.0
2024_45_education_binary_lower,45,education_binary,lower,OTHER_CANCER,COPD,ok,,0.66912015097185,200,200,0.995,0.217446897381082,1.06880849925332,0.004987484335815003,0.9722262956021069,0.9991168312843989
2024_45_education_binary_lower,45,education_binary,lower,OTHER_CANCER,DEPRESSIVE_DISORDER,ok,,0.757499867641973,200,200,1.0,0.409472354473594,1.12858291301107,0.0,0.9811546736227335,1.0
2024_45_education_binary_lower,45,education_binary,lower,OTHER_CANCER,KIDNEY_DISEASE,ok,,0.952013688221229,200,200,0.995,0.288130406773072,1.59062742699969,0.004987484335815003,0.9722262956021069,0.9991168312843989
2024_45_education_binary_lower,45,education_binary,lower,SKIN_CANCER,ARTHRITIS,ok,,0.849965666047894,200,200,1.0,0.434825931758232,1.30396371241178,0.0,0.9811546736227335,1.0
2024_45_education_binary_lower,45,education_binary,lower,SKIN_CANCER,COPD,ok,,0.640551530355712,200,200,0.985,0.107996514187746,1.0208367258594,0.008595056718835545,0.9568342712073097,0.9948857622067417
2024_45_education_binary_lower,45,education_binary,lower,SKIN_CANCER,KIDNEY_DISEASE,ok,,1.07719716162517,200,200,0.995,0.354162179747724,1.60443824072461,0.004987484335815003,0.9722262956021069,0.9991168312843989
2024_45_education_binary_lower,45,education_binary,lower,SKIN_CANCER,OTHER_CANCER,ok,,1.61484431121178,200,200,1.0,1.12410760416022,2.06584613279883,0.0,0.9811546736227335,1.0
2024_45_education_binary_lower,45,education_binary,lower,STROKE,COPD,ok,,0.643414915668998,200,200,0.995,0.22452780605336,1.14899085927844,0.004987484335815003,0.9722262956021069,0.9991168312843989
2024_45_education_binary_lower,45,education_binary,lower,STROKE,DEPRESSIVE_DISORDER,ok,,0.576766627831396,200,200,0.995,0.0905884097608246,1.05661172244208,0.004987484335815003,0.9722262956021069,0.9991168312843989
2024_45_education_binary_lower,45,education_binary,lower,STROKE,DIABETES,ok,,0.552769525057477,200,200,0.995,0.147104555985233,0.924094791554223,0.004987484335815003,0.9722262956021069,0.9991168312843989
2024_45_education_binary_lower,45,education_binary,lower,STROKE,KIDNEY_DISEASE,ok,,1.23722580436274,200,200,1.0,0.634906981347731,1.79160141435934,0.0,0.9811546736227335,1.0
2024_46_education_binary_higher,46,education_binary,higher,CURRENT_ASTHMA,ARTHRITIS,ok,,0.784480846600268,200,200,1.0,0.289757848457764,1.35724307021729,0.0,0.9811546736227335,1.0
2024_46_education_binary_higher,46,education_binary,higher,CURRENT_ASTHMA,COPD,ok,,1.75182486355514,200,200,1.0,0.856421988005413,2.38756033125284,0.0,0.9811546736227335,1.0
2024_46_education_binary_higher,46,education_binary,higher,CURRENT_ASTHMA,DEPRESSIVE_DISORDER,ok,,0.657479285947544,200,200,1.0,0.173945625751219,1.2150390803062,0.0,0.9811546736227335,1.0
2024_46_education_binary_higher,46,education_binary,higher,DEPRESSIVE_DISORDER,ARTHRITIS,ok,,1.47684627265832,200,200,1.0,0.992404056523514,1.89914892246193,0.0,0.9811546736227335,1.0
2024_46_education_binary_higher,46,education_binary,higher,DEPRESSIVE_DISORDER,KIDNEY_DISEASE,ok,,1.07758157172612,200,200,0.995,0.208439585527577,1.76584208944831,0.004987484335815003,0.9722262956021069,0.9991168312843989
2024_46_education_binary_higher,46,education_binary,higher,ISCHEMIC_HEART_DISEASE,ARTHRITIS,ok,,0.726169409770312,200,200,0.985,0.163420577617789,1.28008406155334,0.008595056718835545,0.9568342712073097,0.9948857622067417
2024_46_education_binary_higher,46,education_binary,higher,ISCHEMIC_HEART_DISEASE,DEPRESSIVE_DISORDER,ok,,0.949449275181897,200,200,1.0,0.398054424309994,1.59604863077892,0.0,0.9811546736227335,1.0
2024_46_education_binary_higher,46,education_binary,higher,ISCHEMIC_HEART_DISEASE,STROKE,ok,,1.97504645103708,200,200,1.0,1.28439057605223,2.72893217321912,0.0,0.9811546736227335,1.0
2024_46_education_binary_higher,46,education_binary,higher,KIDNEY_DISEASE,DIABETES,ok,,1.38716857972726,200,200,1.0,0.601230801390103,2.17666354368137,0.0,0.9811546736227335,1.0
2024_46_education_binary_higher,46,education_binary,higher,SKIN_CANCER,OTHER_CANCER,ok,,1.36168197846045,200,200,1.0,0.79562695793138,1.99912979630539,0.0,0.9811546736227335,1.0
2024_46_education_binary_lower,46,education_binary,lower,COPD,DEPRESSIVE_DISORDER,ok,,1.34177149600583,200,200,0.995,0.666884868145506,2.18264913540484,0.004987484335815003,0.9722262956021069,0.9991168312843989
2024_46_education_binary_lower,46,education_binary,lower,COPD,KIDNEY_DISEASE,ok,,1.29437665806891,200,200,0.99,0.0749985075951009,2.13866445859186,0.007035623639735147,0.9642782382838231,0.9972533418664555
2024_46_education_binary_lower,46,education_binary,lower,CURRENT_ASTHMA,ARTHRITIS,ok,,1.64450036055402,200,200,1.0,0.845156012475469,2.61220346443591,0.0,0.9811546736227335,1.0
2024_46_education_binary_lower,46,education_binary,lower,CURRENT_ASTHMA,COPD,ok,,1.57591099515247,200,200,1.0,0.814233550275645,2.51198630526458,0.0,0.9811546736227335,1.0
2024_46_education_binary_lower,46,education_binary,lower,CURRENT_ASTHMA,DEPRESSIVE_DISORDER,ok,,0.958572084475124,200,200,1.0,0.307705305226669,1.6255577914779,0.0,0.9811546736227335,1.0
2024_46_education_binary_lower,46,education_binary,lower,DEPRESSIVE_DISORDER,ARTHRITIS,ok,,1.00449635841433,200,200,1.0,0.467605988408415,1.6817854906036,0.0,0.9811546736227335,1.0
2024_46_education_binary_lower,46,education_binary,lower,ISCHEMIC_HEART_DISEASE,DIABETES,ok,,1.73685479390695,200,200,1.0,0.609302144941656,2.67386451072787,0.0,0.9811546736227335,1.0
2024_46_education_binary_lower,46,education_binary,lower,ISCHEMIC_HEART_DISEASE,STROKE,ok,,1.5481151629164,200,200,0.995,0.402845782780036,2.64243473805338,0.004987484335815003,0.9722262956021069,0.9991168312843989
2024_46_education_binary_lower,46,education_binary,lower,OTHER_CANCER,DEPRESSIVE_DISORDER,ok,,1.3365389789685,200,200,0.99,0.218895964371702,2.32199265540821,0.007035623639735147,0.9642782382838231,0.9972533418664555
2024_46_education_binary_lower,46,education_binary,lower,OTHER_CANCER,KIDNEY_DISEASE,ok,,2.35947347447669,200,200,1.0,1.09991967785467,3.69262054883837,0.0,0.9811546736227335,1.0
2024_46_education_binary_lower,46,education_binary,lower,SKIN_CANCER,DEPRESSIVE_DISORDER,ok,,2.04963826827653,200,200,1.0,0.923738175935484,2.94617059751278,0.0,0.9811546736227335,1.0
2024_46_education_binary_lower,46,education_binary,lower,SKIN_CANCER,OTHER_CANCER,ok,,2.12264676392231,200,200,1.0,0.910922550709215,3.29397162665142,0.0,0.9811546736227335,1.0
2024_46_education_binary_lower,46,education_binary,lower,STROKE,ARTHRITIS,ok,,1.65117303075654,200,200,1.0,0.650086078725177,2.66373748041731,0.0,0.9811546736227335,1.0
2024_46_education_binary_lower,46,education_binary,lower,STROKE,KIDNEY_DISEASE,ok,,2.02737706461391,200,200,1.0,0.52395261595643,3.27677298353823,0.0,0.9811546736227335,1.0
2024_48_education_binary_higher,48,education_binary,higher,ARTHRITIS,DIABETES,ok,,0.6206511555499,200,200,1.0,0.279875812237661,0.868953958111614,0.0,0.9811546736227335,1.0
2024_48_education_binary_higher,48,education_binary,higher,COPD,ARTHRITIS,ok,,0.820560507351739,200,200,1.0,0.474838054865315,1.22362529499287,0.0,0.9811546736227335,1.0
2024_48_education_binary_higher,48,education_binary,higher,COPD,DEPRESSIVE_DISORDER,ok,,1.18734535333415,200,200,1.0,0.793239735833517,1.57393204543361,0.0,0.9811546736227335,1.0
2024_48_education_binary_higher,48,education_binary,higher,COPD,DIABETES,ok,,0.634190403855737,200,200,1.0,0.247537629151684,1.1132683373874,0.0,0.9811546736227335,1.0
2024_48_education_binary_higher,48,education_binary,higher,COPD,KIDNEY_DISEASE,ok,,0.598134568281362,200,200,0.98,0.0795223475403115,0.999462546332382,0.009899494936611668,0.9497129130941735,0.9921955735836505
2024_48_education_binary_higher,48,education_binary,higher,CURRENT_ASTHMA,ARTHRITIS,ok,,0.905649672452477,200,200,1.0,0.643586132284572,1.16815110120853,0.0,0.9811546736227335,1.0
2024_48_education_binary_higher,48,education_binary,higher,CURRENT_ASTHMA,COPD,ok,,2.11182187343886,200,200,1.0,1.77217089592772,2.54439914144494,0.0,0.9811546736227335,1.0
2024_48_education_binary_higher,48,education_binary,higher,CURRENT_ASTHMA,DEPRESSIVE_DISORDER,ok,,0.910315381105862,200,200,1.0,0.579884491147417,1.20382641876109,0.0,0.9811546736227335,1.0
2024_48_education_binary_higher,48,education_binary,higher,CURRENT_ASTHMA,DIABETES,ok,,0.932057742856994,200,200,1.0,0.511403935630194,1.29488489763477,0.0,0.9811546736227335,1.0
2024_48_education_binary_higher,48,education_binary,higher,DEPRESSIVE_DISORDER,ARTHRITIS,ok,,1.16129247641481,200,200,1.0,0.99829267827184,1.37416850238685,0.0,0.9811546736227335,1.0
2024_48_education_binary_higher,48,education_binary,higher,DEPRESSIVE_DISORDER,DIABETES,ok,,0.662743410060492,200,200,1.0,0.394095686333897,0.897907480251213,0.0,0.9811546736227335,1.0
2024_48_education_binary_higher,48,education_binary,higher,DEPRESSIVE_DISORDER,KIDNEY_DISEASE,ok,,0.927932828850259,200,200,1.0,0.605906363966532,1.29030785533398,0.0,0.9811546736227335,1.0
2024_48_education_binary_higher,48,education_binary,higher,ISCHEMIC_HEART_DISEASE,ARTHRITIS,ok,,0.953269409846059,200,200,1.0,0.659160796365318,1.31808439619227,0.0,0.9811546736227335,1.0
2024_48_education_binary_higher,48,education_binary,higher,ISCHEMIC_HEART_DISEASE,COPD,ok,,0.923316375765411,200,200,1.0,0.509628923917791,1.29324931867849,0.0,0.9811546736227335,1.0
2024_48_education_binary_higher,48,education_binary,higher,ISCHEMIC_HEART_DISEASE,CURRENT_ASTHMA,ok,,0.672017555422442,200,200,1.0,0.307668794132175,1.02334691592379,0.0,0.9811546736227335,1.0
2024_48_education_binary_higher,48,education_binary,higher,ISCHEMIC_HEART_DISEASE,DEPRESSIVE_DISORDER,ok,,0.988928573516738,200,200,1.0,0.660339626784029,1.32822586832529,0.0,0.9811546736227335,1.0
2024_48_education_binary_higher,48,education_binary,higher,ISCHEMIC_HEART_DISEASE,DIABETES,ok,,1.14366924438772,200,200,1.0,0.769963208538146,1.51113010226753,0.0,0.9811546736227335,1.0
2024_48_education_binary_higher,48,education_binary,higher,ISCHEMIC_HEART_DISEASE,KIDNEY_DISEASE,ok,,1.59290845214409,200,200,1.0,1.02049018459616,2.03855867909294,0.0,0.9811546736227335,1.0
2024_48_education_binary_higher,48,education_binary,higher,ISCHEMIC_HEART_DISEASE,OTHER_CANCER,ok,,0.555039551109572,200,200,1.0,0.155671224771074,0.902882865626594,0.0,0.9811546736227335,1.0
2024_48_education_binary_higher,48,education_binary,higher,ISCHEMIC_HEART_DISEASE,SKIN_CANCER,ok,,0.7220376398366,200,200,1.0,0.243808475457879,1.13977039013436,0.0,0.9811546736227335,1.0
2024_48_education_binary_higher,48,education_binary,higher,ISCHEMIC_HEART_DISEASE,STROKE,ok,,1.71553390845164,200,200,1.0,1.29302302552271,2.12399076091645,0.0,0.9811546736227335,1.0
2024_48_education_binary_higher,48,education_binary,higher,KIDNEY_DISEASE,ARTHRITIS,ok,,1.09275014583318,200,200,1.0,0.640645194396526,1.62216746850116,0.0,0.9811546736227335,1.0
2024_48_education_binary_higher,48,education_binary,higher,KIDNEY_DISEASE,DIABETES,ok,,1.49178131824956,200,200,1.0,1.03986716939949,1.95274889001789,0.0,0.9811546736227335,1.0
2024_48_education_binary_higher,48,education_binary,higher,OTHER_CANCER,ARTHRITIS,ok,,0.686023390326913,200,200,1.0,0.374704848055942,0.982919464986608,0.0,0.9811546736227335,1.0
2024_48_education_binary_higher,48,education_binary,higher,OTHER_CANCER,COPD,ok,,0.913837796854475,200,200,1.0,0.396820974729418,1.30143864786657,0.0,0.9811546736227335,1.0
2024_48_education_binary_higher,48,education_binary,higher,OTHER_CANCER,KIDNEY_DISEASE,ok,,1.0472181665081,200,200,1.0,0.597831673700954,1.4391757068739,0.0,0.9811546736227335,1.0
2024_48_education_binary_higher,48,education_binary,higher,SKIN_CANCER,ARTHRITIS,ok,,0.498410973363488,200,200,1.0,0.218527263505706,0.776766290367135,0.0,0.9811546736227335,1.0
2024_48_education_binary_higher,48,education_binary,higher,SKIN_CANCER,DEPRESSIVE_DISORDER,ok,,0.525091776265681,200,200,0.995,0.148293492021085,0.829809188375796,0.004987484335815003,0.9722262956021069,0.9991168312843989
2024_48_education_binary_higher,48,education_binary,higher,SKIN_CANCER,OTHER_CANCER,ok,,1.39518568849409,200,200,1.0,1.10054744983185,1.73441104099617,0.0,0.9811546736227335,1.0
2024_48_education_binary_higher,48,education_binary,higher,STROKE,ARTHRITIS,ok,,0.680353573489121,200,200,1.0,0.31332027935565,1.08430929084839,0.0,0.9811546736227335,1.0
2024_48_education_binary_higher,48,education_binary,higher,STROKE,COPD,ok,,0.624607103586173,200,200,0.995,0.13104964893248,1.18055899393824,0.004987484335815003,0.9722262956021069,0.9991168312843989
2024_48_education_binary_higher,48,education_binary,higher,STROKE,CURRENT_ASTHMA,ok,,1.14291951916596,200,200,1.0,0.411648780797918,1.71449234405444,0.0,0.9811546736227335,1.0
2024_48_education_binary_higher,48,education_binary,higher,STROKE,DEPRESSIVE_DISORDER,ok,,0.987115379526001,200,200,1.0,0.569166979283104,1.39037625303447,0.0,0.9811546736227335,1.0
2024_48_education_binary_higher,48,education_binary,higher,STROKE,DIABETES,ok,,1.06544158449217,200,200,1.0,0.569477066557732,1.51276212532331,0.0,0.9811546736227335,1.0
2024_48_education_binary_higher,48,education_binary,higher,STROKE,KIDNEY_DISEASE,ok,,1.12174243513041,200,200,1.0,0.552948383431302,1.58398623650686,0.0,0.9811546736227335,1.0
2024_48_education_binary_lower,48,education_binary,lower,COPD,ARTHRITIS,ok,,0.813376305845456,200,200,1.0,0.422284529129872,1.30191354915428,0.0,0.9811546736227335,1.0
2024_48_education_binary_lower,48,education_binary,lower,COPD,DEPRESSIVE_DISORDER,ok,,1.32629027483412,200,200,1.0,0.743505929592831,1.84261358746284,0.0,0.9811546736227335,1.0
2024_48_education_binary_lower,48,education_binary,lower,CURRENT_ASTHMA,ARTHRITIS,ok,,1.28829293951023,200,200,1.0,0.815516970917992,1.83189197391377,0.0,0.9811546736227335,1.0
2024_48_education_binary_lower,48,education_binary,lower,CURRENT_ASTHMA,COPD,ok,,1.93011739585844,200,200,1.0,1.43545224100667,2.50060799318901,0.0,0.9811546736227335,1.0
2024_48_education_binary_lower,48,education_binary,lower,CURRENT_ASTHMA,DEPRESSIVE_DISORDER,ok,,1.51947066692527,200,200,1.0,1.08770128505146,2.01482299852934,0.0,0.9811546736227335,1.0
2024_48_education_binary_lower,48,education_binary,lower,DEPRESSIVE_DISORDER,ARTHRITIS,ok,,1.42743340058104,200,200,1.0,1.11633566211779,1.76964238196294,0.0,0.9811546736227335,1.0
2024_48_education_binary_lower,48,education_binary,lower,ISCHEMIC_HEART_DISEASE,ARTHRITIS,ok,,0.904475748243375,200,200,1.0,0.477755685314637,1.30441867450878,0.0,0.9811546736227335,1.0
2024_48_education_binary_lower,48,education_binary,lower,ISCHEMIC_HEART_DISEASE,COPD,ok,,1.26026393235309,200,200,1.0,0.737418776327941,1.78336563061089,0.0,0.9811546736227335,1.0
2024_48_education_binary_lower,48,education_binary,lower,ISCHEMIC_HEART_DISEASE,DEPRESSIVE_DISORDER,ok,,0.766314096814707,200,200,1.0,0.324453936408037,1.22529271879328,0.0,0.9811546736227335,1.0
2024_48_education_binary_lower,48,education_binary,lower,ISCHEMIC_HEART_DISEASE,DIABETES,ok,,0.710528343104955,200,200,1.0,0.272215389754512,1.21868349188048,0.0,0.9811546736227335,1.0
2024_48_education_binary_lower,48,education_binary,lower,ISCHEMIC_HEART_DISEASE,KIDNEY_DISEASE,ok,,1.21798162220395,200,200,0.995,0.548684216362565,1.82892666034439,0.004987484335815003,0.9722262956021069,0.9991168312843989
2024_48_education_binary_lower,48,education_binary,lower,ISCHEMIC_HEART_DISEASE,OTHER_CANCER,ok,,0.745412731151359,200,200,0.98,0.150541643913804,1.36556019654106,0.009899494936611668,0.9497129130941735,0.9921955735836505
2024_48_education_binary_lower,48,education_binary,lower,ISCHEMIC_HEART_DISEASE,STROKE,ok,,1.57988167137865,200,200,1.0,0.971507625364236,2.22128783094521,0.0,0.9811546736227335,1.0
2024_48_education_binary_lower,48,education_binary,lower,KIDNEY_DISEASE,DIABETES,ok,,0.974638185525734,200,200,1.0,0.439481629903706,1.57254942693257,0.0,0.9811546736227335,1.0
2024_48_education_binary_lower,48,education_binary,lower,SKIN_CANCER,OTHER_CANCER,ok,,2.13466668345159,200,200,1.0,1.36295472333502,2.86945602880121,0.0,0.9811546736227335,1.0
2024_48_education_binary_lower,48,education_binary,lower,STROKE,COPD,ok,,0.993333191652566,200,200,0.995,0.321044075432072,1.60979241605508,0.004987484335815003,0.9722262956021069,0.9991168312843989
2024_48_education_binary_lower,48,education_binary,lower,STROKE,CURRENT_ASTHMA,ok,,1.05822655905652,200,200,0.995,0.217968524771498,1.61571072461744,0.004987484335815003,0.9722262956021069,0.9991168312843989
2024_48_education_binary_lower,48,education_binary,lower,STROKE,DEPRESSIVE_DISORDER,ok,,1.09611316807568,200,200,1.0,0.493189103075778,1.60995361553787,0.0,0.9811546736227335,1.0
2024_49_education_binary_higher,49,education_binary,higher,ARTHRITIS,DIABETES,ok,,0.513322787691559,200,200,1.0,0.309061543234178,0.719949811706642,0.0,0.9811546736227335,1.0
2024_49_education_binary_higher,49,education_binary,higher,COPD,ARTHRITIS,ok,,1.21686533656941,200,200,1.0,0.827849536811655,1.57914114767397,0.0,0.9811546736227335,1.0
2024_49_education_binary_higher,49,education_binary,higher,COPD,DEPRESSIVE_DISORDER,ok,,1.14058957741109,200,200,1.0,0.789947270026092,1.44864761883778,0.0,0.9811546736227335,1.0
2024_49_education_binary_higher,49,education_binary,higher,COPD,DIABETES,ok,,0.528001984426661,200,200,0.995,0.0992675556536441,0.929307426679992,0.004987484335815003,0.9722262956021069,0.9991168312843989
2024_49_education_binary_higher,49,education_binary,higher,COPD,KIDNEY_DISEASE,ok,,0.860759975132291,200,200,1.0,0.418050445640386,1.25446939195271,0.0,0.9811546736227335,1.0
2024_49_education_binary_higher,49,education_binary,higher,CURRENT_ASTHMA,ARTHRITIS,ok,,0.865165703683384,200,200,1.0,0.66079605058651,1.06277610678146,0.0,0.9811546736227335,1.0
2024_49_education_binary_higher,49,education_binary,higher,CURRENT_ASTHMA,COPD,ok,,1.62650976258215,200,200,1.0,1.2965738249366,1.97416597960199,0.0,0.9811546736227335,1.0
2024_49_education_binary_higher,49,education_binary,higher,CURRENT_ASTHMA,DEPRESSIVE_DISORDER,ok,,0.734866752990716,200,200,1.0,0.520153463767153,0.942067824993568,0.0,0.9811546736227335,1.0
2024_49_education_binary_higher,49,education_binary,higher,CURRENT_ASTHMA,DIABETES,ok,,0.621993047926586,200,200,1.0,0.295896596702019,0.877035135585989,0.0,0.9811546736227335,1.0
2024_49_education_binary_higher,49,education_binary,higher,DEPRESSIVE_DISORDER,ARTHRITIS,ok,,0.938923165675485,200,200,1.0,0.76942508609815,1.09571920018847,0.0,0.9811546736227335,1.0
2024_49_education_binary_higher,49,education_binary,higher,DEPRESSIVE_DISORDER,DIABETES,ok,,0.722313497177845,200,200,1.0,0.512115881705616,0.932235704142416,0.0,0.9811546736227335,1.0
2024_49_education_binary_higher,49,education_binary,higher,DEPRESSIVE_DISORDER,KIDNEY_DISEASE,ok,,0.729605422708395,200,200,1.0,0.452466227608171,1.00328182551292,0.0,0.9811546736227335,1.0
2024_49_education_binary_higher,49,education_binary,higher,ISCHEMIC_HEART_DISEASE,ARTHRITIS,ok,,0.79698420545615,200,200,1.0,0.552596815232403,1.02095793590972,0.0,0.9811546736227335,1.0
2024_49_education_binary_higher,49,education_binary,higher,ISCHEMIC_HEART_DISEASE,COPD,ok,,1.44015391976466,200,200,1.0,1.07999296134155,1.75000302840614,0.0,0.9811546736227335,1.0
2024_49_education_binary_higher,49,education_binary,higher,ISCHEMIC_HEART_DISEASE,CURRENT_ASTHMA,ok,,0.669944581446882,200,200,1.0,0.36198283089202,0.947552501414282,0.0,0.9811546736227335,1.0
2024_49_education_binary_higher,49,education_binary,higher,ISCHEMIC_HEART_DISEASE,DEPRESSIVE_DISORDER,ok,,0.498342698122835,200,200,1.0,0.248198404680201,0.75046947719863,0.0,0.9811546736227335,1.0
2024_49_education_binary_higher,49,education_binary,higher,ISCHEMIC_HEART_DISEASE,DIABETES,ok,,0.791910975654817,200,200,1.0,0.519390504991699,1.10864043837629,0.0,0.9811546736227335,1.0
2024_49_education_binary_higher,49,education_binary,higher,ISCHEMIC_HEART_DISEASE,KIDNEY_DISEASE,ok,,1.16992713576394,200,200,1.0,0.845813942534914,1.58878221911683,0.0,0.9811546736227335,1.0
2024_49_education_binary_higher,49,education_binary,higher,ISCHEMIC_HEART_DISEASE,OTHER_CANCER,ok,,0.411821008998662,200,200,1.0,0.113105537351542,0.720727922565091,0.0,0.9811546736227335,1.0
2024_49_education_binary_higher,49,education_binary,higher,ISCHEMIC_HEART_DISEASE,SKIN_CANCER,ok,,0.310395574878009,200,200,0.98,0.0376551234431356,0.625333888566386,0.009899494936611668,0.9497129130941735,0.9921955735836505
2024_49_education_binary_higher,49,education_binary,higher,ISCHEMIC_HEART_DISEASE,STROKE,ok,,1.35921529265164,200,200,1.0,0.926677390608101,1.69315861327554,0.0,0.9811546736227335,1.0
2024_49_education_binary_higher,49,education_binary,higher,KIDNEY_DISEASE,ARTHRITIS,ok,,0.851302124423846,200,200,1.0,0.57116910033051,1.16034112321608,0.0,0.9811546736227335,1.0
2024_49_education_binary_higher,49,education_binary,higher,KIDNEY_DISEASE,DIABETES,ok,,1.50934673937104,200,200,1.0,1.24889607039262,1.83212201976534,0.0,0.9811546736227335,1.0
2024_49_education_binary_higher,49,education_binary,higher,OTHER_CANCER,ARTHRITIS,ok,,0.323259707220038,200,200,1.0,0.108135400619088,0.496389790062642,0.0,0.9811546736227335,1.0
2024_49_education_binary_higher,49,education_binary,higher,OTHER_CANCER,DEPRESSIVE_DISORDER,ok,,0.342402725262651,200,200,1.0,0.127885688417779,0.607686319578671,0.0,0.9811546736227335,1.0
2024_49_education_binary_higher,49,education_binary,higher,OTHER_CANCER,KIDNEY_DISEASE,ok,,0.527116377258159,200,200,1.0,0.171749923518341,0.831575028579429,0.0,0.9811546736227335,1.0
2024_49_education_binary_higher,49,education_binary,higher,SKIN_CANCER,ARTHRITIS,ok,,0.300616160357675,200,200,1.0,0.0712982063838801,0.492662807118472,0.0,0.9811546736227335,1.0
2024_49_education_binary_higher,49,education_binary,higher,SKIN_CANCER,COPD,ok,,0.492624666400167,200,200,1.0,0.125026756188734,0.802439356755237,0.0,0.9811546736227335,1.0
2024_49_education_binary_higher,49,education_binary,higher,SKIN_CANCER,DEPRESSIVE_DISORDER,ok,,0.2654835639868,200,200,0.975,0.0240305850680657,0.531508570327419,0.011039701082909813,0.942821659593358,0.9892752803482386
2024_49_education_binary_higher,49,education_binary,higher,SKIN_CANCER,KIDNEY_DISEASE,ok,,0.341017608866367,200,200,0.98,0.0436397952695763,0.647995902994501,0.009899494936611668,0.9497129130941735,0.9921955735836505
2024_49_education_binary_higher,49,education_binary,higher,SKIN_CANCER,OTHER_CANCER,ok,,1.22081458588662,200,200,1.0,1.01284614964044,1.4668913867775,0.0,0.9811546736227335,1.0
2024_49_education_binary_higher,49,education_binary,higher,STROKE,ARTHRITIS,ok,,0.728843658629796,200,200,1.0,0.410063852978409,1.0886265788729,0.0,0.9811546736227335,1.0
2024_49_education_binary_higher,49,education_binary,higher,STROKE,COPD,ok,,1.38098952463305,200,200,1.0,0.802736131709997,1.83404141012749,0.0,0.9811546736227335,1.0
2024_49_education_binary_higher,49,education_binary,higher,STROKE,CURRENT_ASTHMA,ok,,0.746947763931408,200,200,0.995,0.301924986122959,1.11214632739327,0.004987484335815003,0.9722262956021069,0.9991168312843989
2024_49_education_binary_higher,49,education_binary,higher,STROKE,DEPRESSIVE_DISORDER,ok,,0.424987891043735,200,200,0.985,0.129372751225379,0.773526238789329,0.008595056718835545,0.9568342712073097,0.9948857622067417
2024_49_education_binary_higher,49,education_binary,higher,STROKE,DIABETES,ok,,0.791446078360811,200,200,1.0,0.405574311422235,1.1392739140361,0.0,0.9811546736227335,1.0
2024_49_education_binary_higher,49,education_binary,higher,STROKE,KIDNEY_DISEASE,ok,,1.22262975785261,200,200,1.0,0.804075958873974,1.60425041016667,0.0,0.9811546736227335,1.0
2024_49_education_binary_lower,49,education_binary,lower,COPD,ARTHRITIS,ok,,0.635357883825352,200,200,1.0,0.256507580909664,1.04508312768141,0.0,0.9811546736227335,1.0
2024_49_education_binary_lower,49,education_binary,lower,COPD,DEPRESSIVE_DISORDER,ok,,1.51920031816783,200,200,1.0,1.18051538370807,1.87540313722893,0.0,0.9811546736227335,1.0
2024_49_education_binary_lower,49,education_binary,lower,COPD,KIDNEY_DISEASE,ok,,1.15272609309641,200,200,1.0,0.61596243698091,1.77132305649418,0.0,0.9811546736227335,1.0
2024_49_education_binary_lower,49,education_binary,lower,CURRENT_ASTHMA,ARTHRITIS,ok,,0.89508073165445,200,200,1.0,0.579461129218396,1.19693258720534,0.0,0.9811546736227335,1.0
2024_49_education_binary_lower,49,education_binary,lower,CURRENT_ASTHMA,COPD,ok,,1.72876230089764,200,200,1.0,1.35659411590087,2.11712607736861,0.0,0.9811546736227335,1.0
2024_49_education_binary_lower,49,education_binary,lower,CURRENT_ASTHMA,DEPRESSIVE_DISORDER,ok,,1.05034664550678,200,200,1.0,0.756490872675179,1.33791561865819,0.0,0.9811546736227335,1.0
2024_49_education_binary_lower,49,education_binary,lower,CURRENT_ASTHMA,KIDNEY_DISEASE,ok,,0.643325145212621,200,200,0.99,0.0782266564072953,1.10525270633896,0.007035623639735147,0.9642782382838231,0.9972533418664555
2024_49_education_binary_lower,49,education_binary,lower,DEPRESSIVE_DISORDER,ARTHRITIS,ok,,1.32859961321985,200,200,1.0,1.09384425571207,1.60176109018836,0.0,0.9811546736227335,1.0
2024_49_education_binary_lower,49,education_binary,lower,DEPRESSIVE_DISORDER,DIABETES,ok,,0.387141235908888,200,200,0.98,0.034280650942532,0.714926105137889,0.009899494936611668,0.9497129130941735,0.9921955735836505
2024_49_education_binary_lower,49,education_binary,lower,ISCHEMIC_HEART_DISEASE,ARTHRITIS,ok,,0.744322728177152,200,200,1.0,0.384324431984806,1.12764467347023,0.0,0.9811546736227335,1.0
2024_49_education_binary_lower,49,education_binary,lower,ISCHEMIC_HEART_DISEASE,COPD,ok,,1.01380183971394,200,200,1.0,0.503250855093548,1.47521190336951,0.0,0.9811546736227335,1.0
2024_49_education_binary_lower,49,education_binary,lower,ISCHEMIC_HEART_DISEASE,CURRENT_ASTHMA,ok,,0.956011936378046,200,200,1.0,0.406953509937425,1.44082547266977,0.0,0.9811546736227335,1.0
2024_49_education_binary_lower,49,education_binary,lower,ISCHEMIC_HEART_DISEASE,DEPRESSIVE_DISORDER,ok,,1.07042441449789,200,200,1.0,0.676214324976489,1.46673896483597,0.0,0.9811546736227335,1.0
2024_49_education_binary_lower,49,education_binary,lower,ISCHEMIC_HEART_DISEASE,DIABETES,ok,,0.849193904896834,200,200,1.0,0.391711417966866,1.25797324922107,0.0,0.9811546736227335,1.0
2024_49_education_binary_lower,49,education_binary,lower,ISCHEMIC_HEART_DISEASE,KIDNEY_DISEASE,ok,,0.996516184519443,200,200,1.0,0.418550758174366,1.48092591352569,0.0,0.9811546736227335,1.0
2024_49_education_binary_lower,49,education_binary,lower,ISCHEMIC_HEART_DISEASE,STROKE,ok,,1.84441842949534,200,200,1.0,1.28683424013987,2.57985968424725,0.0,0.9811546736227335,1.0
2024_49_education_binary_lower,49,education_binary,lower,KIDNEY_DISEASE,ARTHRITIS,ok,,1.00659459707571,200,200,1.0,0.601030346531192,1.45477579691233,0.0,0.9811546736227335,1.0
2024_49_education_binary_lower,49,education_binary,lower,KIDNEY_DISEASE,DIABETES,ok,,1.33053460995499,200,200,1.0,0.723966173001844,1.92010328492501,0.0,0.9811546736227335,1.0
2024_49_education_binary_lower,49,education_binary,lower,OTHER_CANCER,COPD,ok,,0.730379331060173,200,200,1.0,0.321050502240738,1.1329617039285,0.0,0.9811546736227335,1.0
2024_49_education_binary_lower,49,education_binary,lower,OTHER_CANCER,KIDNEY_DISEASE,ok,,0.774210998851293,200,200,0.995,0.0775899336706381,1.38852636477105,0.004987484335815003,0.9722262956021069,0.9991168312843989
2024_49_education_binary_lower,49,education_binary,lower,SKIN_CANCER,ARTHRITIS,ok,,0.907304260230165,200,200,1.0,0.462915775389638,1.3766752327499,0.0,0.9811546736227335,1.0
2024_49_education_binary_lower,49,education_binary,lower,SKIN_CANCER,DEPRESSIVE_DISORDER,ok,,0.80859206178095,200,200,1.0,0.216861849435995,1.22129626664956,0.0,0.9811546736227335,1.0
2024_49_education_binary_lower,49,education_binary,lower,SKIN_CANCER,OTHER_CANCER,ok,,1.66552083513779,200,200,1.0,1.15094784347571,2.21267453472358,0.0,0.9811546736227335,1.0
2024_49_education_binary_lower,49,education_binary,lower,STROKE,ARTHRITIS,ok,,1.31915501830414,200,200,1.0,0.662336767033759,1.90922334763555,0.0,0.9811546736227335,1.0
2024_49_education_binary_lower,49,education_binary,lower,STROKE,CURRENT_ASTHMA,ok,,1.01785886532088,200,200,1.0,0.363981102376945,1.49299275906729,0.0,0.9811546736227335,1.0
2024_49_education_binary_lower,49,education_binary,lower,STROKE,DEPRESSIVE_DISORDER,ok,,0.837079256869458,200,200,0.995,0.172926978004831,1.35451378452523,0.004987484335815003,0.9722262956021069,0.9991168312843989
2024_49_education_binary_lower,49,education_binary,lower,STROKE,DIABETES,ok,,0.741996538911616,200,200,0.995,0.219634713592518,1.19428065045085,0.004987484335815003,0.9722262956021069,0.9991168312843989
2024_49_education_binary_lower,49,education_binary,lower,STROKE,KIDNEY_DISEASE,ok,,1.43149211154175,200,200,0.995,0.602357119815704,2.04142220543472,0.004987484335815003,0.9722262956021069,0.9991168312843989
2024_50_education_binary_higher,50,education_binary,higher,ARTHRITIS,DIABETES,ok,,0.62409945477406,200,200,1.0,0.342120865841428,0.863028088966118,0.0,0.9811546736227335,1.0
2024_50_education_binary_higher,50,education_binary,higher,COPD,ARTHRITIS,ok,,1.05052868034612,200,200,1.0,0.662054460255777,1.44372961518566,0.0,0.9811546736227335,1.0
2024_50_education_binary_higher,50,education_binary,higher,COPD,DEPRESSIVE_DISORDER,ok,,1.40036541968853,200,200,1.0,1.08180603175528,1.79288709876116,0.0,0.9811546736227335,1.0
2024_50_education_binary_higher,50,education_binary,higher,COPD,DIABETES,ok,,0.886380934468873,200,200,1.0,0.486144365669766,1.25918215383929,0.0,0.9811546736227335,1.0
2024_50_education_binary_higher,50,education_binary,higher,COPD,KIDNEY_DISEASE,ok,,1.55719470602605,200,200,1.0,1.04810702793757,2.01516664644321,0.0,0.9811546736227335,1.0
2024_50_education_binary_higher,50,education_binary,higher,CURRENT_ASTHMA,ARTHRITIS,ok,,0.668767396583192,200,200,1.0,0.443639260598823,0.926359932173031,0.0,0.9811546736227335,1.0
2024_50_education_binary_higher,50,education_binary,higher,CURRENT_ASTHMA,COPD,ok,,2.03110565158875,200,200,1.0,1.72812999416477,2.38757787655834,0.0,0.9811546736227335,1.0
2024_50_education_binary_higher,50,education_binary,higher,CURRENT_ASTHMA,DEPRESSIVE_DISORDER,ok,,0.759184717819544,200,200,1.0,0.55622402499099,0.989595066367513,0.0,0.9811546736227335,1.0
2024_50_education_binary_higher,50,education_binary,higher,CURRENT_ASTHMA,DIABETES,ok,,0.625594630457177,200,200,1.0,0.263764503214313,0.960643008027034,0.0,0.9811546736227335,1.0
2024_50_education_binary_higher,50,education_binary,higher,DEPRESSIVE_DISORDER,ARTHRITIS,ok,,0.863368324243844,200,200,1.0,0.703000683689513,1.05990491611732,0.0,0.9811546736227335,1.0
2024_50_education_binary_higher,50,education_binary,higher,DEPRESSIVE_DISORDER,DIABETES,ok,,0.45484820433399,200,200,1.0,0.165616820818847,0.710901869542433,0.0,0.9811546736227335,1.0
2024_50_education_binary_higher,50,education_binary,higher,DEPRESSIVE_DISORDER,KIDNEY_DISEASE,ok,,0.491592982021352,200,200,0.995,0.115404338237118,0.944577556712238,0.004987484335815003,0.9722262956021069,0.9991168312843989
2024_50_education_binary_higher,50,education_binary,higher,ISCHEMIC_HEART_DISEASE,ARTHRITIS,ok,,0.767054784091298,200,200,1.0,0.463282040025281,1.06614121764492,0.0,0.9811546736227335,1.0
2024_50_education_binary_higher,50,education_binary,higher,ISCHEMIC_HEART_DISEASE,COPD,ok,,1.52986486267925,200,200,1.0,1.07495067459637,1.98800616273634,0.0,0.9811546736227335,1.0
2024_50_education_binary_higher,50,education_binary,higher,ISCHEMIC_HEART_DISEASE,CURRENT_ASTHMA,ok,,0.583505585801258,200,200,0.99,0.143608505305046,0.955604503333483,0.007035623639735147,0.9642782382838231,0.9972533418664555
2024_50_education_binary_higher,50,education_binary,higher,ISCHEMIC_HEART_DISEASE,DEPRESSIVE_DISORDER,ok,,0.462212342596293,200,200,0.995,0.158209079130212,0.765381400070129,0.004987484335815003,0.9722262956021069,0.9991168312843989
2024_50_education_binary_higher,50,education_binary,higher,ISCHEMIC_HEART_DISEASE,DIABETES,ok,,1.04113070142485,200,200,1.0,0.780858698526458,1.33830550277708,0.0,0.9811546736227335,1.0
2024_50_education_binary_higher,50,education_binary,higher,ISCHEMIC_HEART_DISEASE,KIDNEY_DISEASE,ok,,1.3295285096885,200,200,1.0,0.863286201887089,1.69283439878606,0.0,0.9811546736227335,1.0
2024_50_education_binary_higher,50,education_binary,higher,ISCHEMIC_HEART_DISEASE,STROKE,ok,,1.82427846711819,200,200,1.0,1.4169737803019,2.26460525402357,0.0,0.9811546736227335,1.0
2024_50_education_binary_higher,50,education_binary,higher,KIDNEY_DISEASE,ARTHRITIS,ok,,0.94238185491848,200,200,1.0,0.526978113770461,1.40894117791595,0.0,0.9811546736227335,1.0
2024_50_education_binary_higher,50,education_binary,higher,KIDNEY_DISEASE,DIABETES,ok,,1.56947284844965,200,200,1.0,1.06566826041498,2.01826423960046,0.0,0.9811546736227335,1.0
2024_50_education_binary_higher,50,education_binary,higher,OTHER_CANCER,ARTHRITIS,ok,,0.338188908486712,200,200,1.0,0.0794791942262877,0.540996399609069,0.0,0.9811546736227335,1.0
2024_50_education_binary_higher,50,education_binary,higher,OTHER_CANCER,DEPRESSIVE_DISORDER,ok,,0.36254119391781,200,200,1.0,0.13911684994844,0.603451326780422,0.0,0.9811546736227335,1.0
2024_50_education_binary_higher,50,education_binary,higher,SKIN_CANCER,OTHER_CANCER,ok,,1.61195304172531,200,200,1.0,1.37976876060501,1.82055800824037,0.0,0.9811546736227335,1.0
2024_50_education_binary_higher,50,education_binary,higher,STROKE,ARTHRITIS,ok,,0.622612712033733,200,200,1.0,0.277764070493968,1.15834771265141,0.0,0.9811546736227335,1.0
2024_50_education_binary_higher,50,education_binary,higher,STROKE,COPD,ok,,1.45264823398694,200,200,1.0,0.893435701696767,1.97935742953986,0.0,0.9811546736227335,1.0
2024_50_education_binary_higher,50,education_binary,higher,STROKE,DEPRESSIVE_DISORDER,ok,,0.648193593388447,200,200,0.995,0.213745541235342,1.02254682713027,0.004987484335815003,0.9722262956021069,0.9991168312843989
2024_50_education_binary_higher,50,education_binary,higher,STROKE,DIABETES,ok,,0.768677435894478,200,200,1.0,0.232778948124777,1.18782070896542,0.0,0.9811546736227335,1.0
2024_50_education_binary_higher,50,education_binary,higher,STROKE,KIDNEY_DISEASE,ok,,0.949522334461935,200,200,0.99,0.248345542081792,1.46826229044044,0.007035623639735147,0.9642782382838231,0.9972533418664555
2024_50_education_binary_lower,50,education_binary,lower,COPD,ARTHRITIS,ok,,0.636247665619894,200,200,1.0,0.274915200447592,1.05023708261885,0.0,0.9811546736227335,1.0
2024_50_education_binary_lower,50,education_binary,lower,COPD,DEPRESSIVE_DISORDER,ok,,1.14974537713534,200,200,1.0,0.741746013331502,1.57446288415377,0.0,0.9811546736227335,1.0
2024_50_education_binary_lower,50,education_binary,lower,COPD,KIDNEY_DISEASE,ok,,1.09231568807971,200,200,0.995,0.305696823817933,1.82557305775516,0.004987484335815003,0.9722262956021069,0.9991168312843989
2024_50_education_binary_lower,50,education_binary,lower,CURRENT_ASTHMA,ARTHRITIS,ok,,1.40621807312997,200,200,1.0,0.982464618302824,1.81759210724559,0.0,0.9811546736227335,1.0
2024_50_education_binary_lower,50,education_binary,lower,CURRENT_ASTHMA,COPD,ok,,1.79196561734409,200,200,1.0,1.35804868227446,2.27090193510307,0.0,0.9811546736227335,1.0
2024_50_education_binary_lower,50,education_binary,lower,CURRENT_ASTHMA,DEPRESSIVE_DISORDER,ok,,1.06935784113145,200,200,1.0,0.671570170786165,1.61666797211335,0.0,0.9811546736227335,1.0
2024_50_education_binary_lower,50,education_binary,lower,CURRENT_ASTHMA,DIABETES,ok,,0.583984899632986,200,200,0.995,0.0796307624903571,1.01162070718286,0.004987484335815003,0.9722262956021069,0.9991168312843989
2024_50_education_binary_lower,50,education_binary,lower,CURRENT_ASTHMA,KIDNEY_DISEASE,ok,,1.27981770013914,200,200,1.0,0.508323034469984,2.01322355071332,0.0,0.9811546736227335,1.0
2024_50_education_binary_lower,50,education_binary,lower,DEPRESSIVE_DISORDER,ARTHRITIS,ok,,1.224050859586,200,200,1.0,0.820209671325983,1.61138413847838,0.0,0.9811546736227335,1.0
2024_50_education_binary_lower,50,education_binary,lower,DEPRESSIVE_DISORDER,DIABETES,ok,,0.518895455839215,200,200,0.995,0.111494215381382,0.893631564101416,0.004987484335815003,0.9722262956021069,0.9991168312843989
2024_50_education_binary_lower,50,education_binary,lower,DEPRESSIVE_DISORDER,KIDNEY_DISEASE,ok,,0.701537169593992,200,200,0.985,0.055169717895078,1.36620774160475,0.008595056718835545,0.9568342712073097,0.9948857622067417
2024_50_education_binary_lower,50,education_binary,lower,ISCHEMIC_HEART_DISEASE,ARTHRITIS,ok,,0.792853623816898,200,200,1.0,0.368808791249014,1.2059880821339,0.0,0.9811546736227335,1.0
2024_50_education_binary_lower,50,education_binary,lower,ISCHEMIC_HEART_DISEASE,COPD,ok,,1.26273971907491,200,200,1.0,0.852026824584158,1.67534608504001,0.0,0.9811546736227335,1.0
2024_50_education_binary_lower,50,education_binary,lower,ISCHEMIC_HEART_DISEASE,CURRENT_ASTHMA,ok,,0.877582107232411,200,200,0.995,0.30886322125967,1.31704215001349,0.004987484335815003,0.9722262956021069,0.9991168312843989
2024_50_education_binary_lower,50,education_binary,lower,ISCHEMIC_HEART_DISEASE,DEPRESSIVE_DISORDER,ok,,0.960477700092813,200,200,1.0,0.47604804130681,1.39506846932097,0.0,0.9811546736227335,1.0
2024_50_education_binary_lower,50,education_binary,lower,ISCHEMIC_HEART_DISEASE,DIABETES,ok,,0.941223967391734,200,200,1.0,0.472101017958521,1.29460204348428,0.0,0.9811546736227335,1.0
2024_50_education_binary_lower,50,education_binary,lower,ISCHEMIC_HEART_DISEASE,KIDNEY_DISEASE,ok,,0.829098635422055,200,200,0.995,0.178112373351086,1.38794048501098,0.004987484335815003,0.9722262956021069,0.9991168312843989
2024_50_education_binary_lower,50,education_binary,lower,ISCHEMIC_HEART_DISEASE,OTHER_CANCER,ok,glm.fit: algorithm did not converge,0.666185235557544,200,200,0.995,0.21590493310593,1.13112064372887,0.004987484335815003,0.9722262956021069,0.9991168312843989
2024_50_education_binary_lower,50,education_binary,lower,ISCHEMIC_HEART_DISEASE,STROKE,ok,glm.fit: algorithm did not converge,1.62637514891365,200,200,1.0,0.949162334113579,2.1670886118013,0.0,0.9811546736227335,1.0
2024_50_education_binary_lower,50,education_binary,lower,KIDNEY_DISEASE,ARTHRITIS,ok,,1.09436697021497,200,200,1.0,0.526130774510069,1.79297722401508,0.0,0.9811546736227335,1.0
2024_50_education_binary_lower,50,education_binary,lower,KIDNEY_DISEASE,DIABETES,ok,,1.34888252893702,200,200,1.0,0.708871759770078,2.02794732298548,0.0,0.9811546736227335,1.0
2024_50_education_binary_lower,50,education_binary,lower,OTHER_CANCER,KIDNEY_DISEASE,ok,,0.862002658070684,200,200,0.995,0.225753896482101,1.37261500906291,0.004987484335815003,0.9722262956021069,0.9991168312843989
2024_50_education_binary_lower,50,education_binary,lower,SKIN_CANCER,KIDNEY_DISEASE,ok,,0.954252093094014,200,200,0.98,0.0776422637194444,1.78947969469095,0.009899494936611668,0.9497129130941735,0.9921955735836505
2024_50_education_binary_lower,50,education_binary,lower,SKIN_CANCER,OTHER_CANCER,ok,glm.fit: algorithm did not converge,1.3240103620237,200,200,1.0,0.807320130474352,1.84995016674468,0.0,0.9811546736227335,1.0
2024_50_education_binary_lower,50,education_binary,lower,STROKE,DEPRESSIVE_DISORDER,ok,,0.854002566540088,200,200,0.99,0.104725668994859,1.47075147937773,0.007035623639735147,0.9642782382838231,0.9972533418664555
2024_50_education_binary_lower,50,education_binary,lower,STROKE,DIABETES,ok,,1.41421939167185,200,200,1.0,0.795232546352275,1.95455312284355,0.0,0.9811546736227335,1.0
2024_51_education_binary_higher,51,education_binary,higher,ARTHRITIS,DIABETES,ok,,0.532032864160388,200,200,1.0,0.325427834004369,0.788824484839039,0.0,0.9811546736227335,1.0
2024_51_education_binary_higher,51,education_binary,higher,COPD,ARTHRITIS,ok,,0.973255534323557,200,200,1.0,0.489783121288605,1.37820080964073,0.0,0.9811546736227335,1.0
2024_51_education_binary_higher,51,education_binary,higher,COPD,DEPRESSIVE_DISORDER,ok,,1.25517520287548,200,200,1.0,0.876562780876935,1.61105986242267,0.0,0.9811546736227335,1.0
2024_51_education_binary_higher,51,education_binary,higher,COPD,KIDNEY_DISEASE,ok,,0.658514768736558,200,200,1.0,0.125217631776146,1.07890993383556,0.0,0.9811546736227335,1.0
2024_51_education_binary_higher,51,education_binary,higher,CURRENT_ASTHMA,ARTHRITIS,ok,,0.952202546563729,200,200,1.0,0.674581277677374,1.23180830628644,0.0,0.9811546736227335,1.0
2024_51_education_binary_higher,51,education_binary,higher,CURRENT_ASTHMA,COPD,ok,,1.73831616156975,200,200,1.0,1.34465652133258,2.12655579522943,0.0,0.9811546736227335,1.0
2024_51_education_binary_higher,51,education_binary,higher,CURRENT_ASTHMA,DEPRESSIVE_DISORDER,ok,,1.01981676546742,200,200,1.0,0.733859961055533,1.25048122287554,0.0,0.9811546736227335,1.0
2024_51_education_binary_higher,51,education_binary,higher,CURRENT_ASTHMA,DIABETES,ok,,0.519071046218671,200,200,1.0,0.165351749542678,0.854807447552135,0.0,0.9811546736227335,1.0
2024_51_education_binary_higher,51,education_binary,higher,CURRENT_ASTHMA,KIDNEY_DISEASE,ok,,0.869502744866598,200,200,1.0,0.404684451924179,1.40710434530521,0.0,0.9811546736227335,1.0
2024_51_education_binary_higher,51,education_binary,higher,CURRENT_ASTHMA,OTHER_CANCER,ok,,0.770101793644879,200,200,1.0,0.384177217600348,1.14891893720489,0.0,0.9811546736227335,1.0
2024_51_education_binary_higher,51,education_binary,higher,DEPRESSIVE_DISORDER,ARTHRITIS,ok,,1.07720376469347,200,200,1.0,0.851331518503057,1.31848178632901,0.0,0.9811546736227335,1.0
2024_51_education_binary_higher,51,education_binary,higher,DEPRESSIVE_DISORDER,DIABETES,ok,,0.468202276826018,200,200,0.995,0.166692226111742,0.764149926753911,0.004987484335815003,0.9722262956021069,0.9991168312843989
2024_51_education_binary_higher,51,education_binary,higher,DEPRESSIVE_DISORDER,KIDNEY_DISEASE,ok,,0.622579636749476,200,200,0.995,0.154832617459456,0.959560426666653,0.004987484335815003,0.9722262956021069,0.9991168312843989
2024_51_education_binary_higher,51,education_binary,higher,ISCHEMIC_HEART_DISEASE,ARTHRITIS,ok,,0.550384752835212,200,200,1.0,0.233531606496315,0.848898353707254,0.0,0.9811546736227335,1.0
2024_51_education_binary_higher,51,education_binary,higher,ISCHEMIC_HEART_DISEASE,COPD,ok,,1.45900598473418,200,200,1.0,1.09779286718857,1.81935982195107,0.0,0.9811546736227335,1.0
2024_51_education_binary_higher,51,education_binary,higher,ISCHEMIC_HEART_DISEASE,CURRENT_ASTHMA,ok,,0.91692186329731,200,200,1.0,0.550509047345486,1.31358091908559,0.0,0.9811546736227335,1.0
2024_51_education_binary_higher,51,education_binary,higher,ISCHEMIC_HEART_DISEASE,DEPRESSIVE_DISORDER,ok,,0.608387861582793,200,200,0.995,0.201438249782992,1.0055198078092,0.004987484335815003,0.9722262956021069,0.9991168312843989
2024_51_education_binary_higher,51,education_binary,higher,ISCHEMIC_HEART_DISEASE,DIABETES,ok,,0.855626948423576,200,200,1.0,0.514426301473153,1.17285019762353,0.0,0.9811546736227335,1.0
2024_51_education_binary_higher,51,education_binary,higher,ISCHEMIC_HEART_DISEASE,KIDNEY_DISEASE,ok,,1.09950004295571,200,200,1.0,0.637718860288399,1.61130703504276,0.0,0.9811546736227335,1.0
2024_51_education_binary_higher,51,education_binary,higher,ISCHEMIC_HEART_DISEASE,OTHER_CANCER,ok,,0.552918625071082,200,200,1.0,0.201716341353497,0.857590515159557,0.0,0.9811546736227335,1.0
2024_51_education_binary_higher,51,education_binary,higher,ISCHEMIC_HEART_DISEASE,STROKE,ok,,1.54235853149704,200,200,1.0,1.12376310426622,2.01064153489734,0.0,0.9811546736227335,1.0
2024_51_education_binary_higher,51,education_binary,higher,KIDNEY_DISEASE,ARTHRITIS,ok,,0.81647306136402,200,200,1.0,0.426655280826225,1.20342382103186,0.0,0.9811546736227335,1.0
2024_51_education_binary_higher,51,education_binary,higher,KIDNEY_DISEASE,DIABETES,ok,,1.182911971719,200,200,1.0,0.820937039029982,1.55002380022995,0.0,0.9811546736227335,1.0
2024_51_education_binary_higher,51,education_binary,higher,OTHER_CANCER,ARTHRITIS,ok,,0.441576522341524,200,200,0.995,0.0992840547526051,0.690055856647226,0.004987484335815003,0.9722262956021069,0.9991168312843989
2024_51_education_binary_higher,51,education_binary,higher,OTHER_CANCER,DEPRESSIVE_DISORDER,ok,,0.506562308310855,200,200,1.0,0.204185144592986,0.821137430356572,0.0,0.9811546736227335,1.0
2024_51_education_binary_higher,51,education_binary,higher,OTHER_CANCER,KIDNEY_DISEASE,ok,,0.752095451715428,200,200,1.0,0.33035779940338,1.22898170350462,0.0,0.9811546736227335,1.0
2024_51_education_binary_higher,51,education_binary,higher,SKIN_CANCER,OTHER_CANCER,ok,,1.33883459887912,200,200,1.0,1.0014886713432,1.60654189830566,0.0,0.9811546736227335,1.0
2024_51_education_binary_higher,51,education_binary,higher,STROKE,COPD,ok,,1.08539510326602,200,200,1.0,0.587561034099505,1.49048259714793,0.0,0.9811546736227335,1.0
2024_51_education_binary_higher,51,education_binary,higher,STROKE,CURRENT_ASTHMA,ok,,0.536437303004079,200,200,0.985,0.120735398068197,1.03689680894569,0.008595056718835545,0.9568342712073097,0.9948857622067417
2024_51_education_binary_higher,51,education_binary,higher,STROKE,DEPRESSIVE_DISORDER,ok,,0.929579809185381,200,200,1.0,0.559401111067954,1.30742144263477,0.0,0.9811546736227335,1.0
2024_51_education_binary_higher,51,education_binary,higher,STROKE,DIABETES,ok,,0.763932538828371,200,200,1.0,0.327506624685206,1.17618647662668,0.0,0.9811546736227335,1.0
2024_51_education_binary_higher,51,education_binary,higher,STROKE,KIDNEY_DISEASE,ok,,0.996731290170751,200,200,1.0,0.418162592383893,1.48131071570739,0.0,0.9811546736227335,1.0
2024_51_education_binary_lower,51,education_binary,lower,ARTHRITIS,DIABETES,ok,,0.788853955371877,200,200,1.0,0.438929275124503,1.15492444675644,0.0,0.9811546736227335,1.0
2024_51_education_binary_lower,51,education_binary,lower,COPD,ARTHRITIS,ok,,1.13023813377082,200,200,1.0,0.69227025865974,1.60050800396281,0.0,0.9811546736227335,1.0
2024_51_education_binary_lower,51,education_binary,lower,COPD,DEPRESSIVE_DISORDER,ok,,1.35855805788341,200,200,1.0,0.972863429606657,1.81263532015925,0.0,0.9811546736227335,1.0
2024_51_education_binary_lower,51,education_binary,lower,COPD,DIABETES,ok,,0.843650875118047,200,200,1.0,0.423347254998726,1.23159371888848,0.0,0.9811546736227335,1.0
2024_51_education_binary_lower,51,education_binary,lower,COPD,KIDNEY_DISEASE,ok,,1.0042179961494,200,200,0.99,0.216234424772929,1.72382929009253,0.007035623639735147,0.9642782382838231,0.9972533418664555
2024_51_education_binary_lower,51,education_binary,lower,CURRENT_ASTHMA,ARTHRITIS,ok,,1.47937402754456,200,200,1.0,1.0253851509248,2.01234179340803,0.0,0.9811546736227335,1.0
2024_51_education_binary_lower,51,education_binary,lower,CURRENT_ASTHMA,COPD,ok,,1.78049534751716,200,200,1.0,1.30792488504369,2.3579360226011,0.0,0.9811546736227335,1.0
2024_51_education_binary_lower,51,education_binary,lower,CURRENT_ASTHMA,DEPRESSIVE_DISORDER,ok,,1.02636391171428,200,200,1.0,0.605120973851498,1.51118009649621,0.0,0.9811546736227335,1.0
2024_51_education_binary_lower,51,education_binary,lower,CURRENT_ASTHMA,DIABETES,ok,,0.571490903482322,200,200,0.99,0.0784032753360585,1.02596000875229,0.007035623639735147,0.9642782382838231,0.9972533418664555
2024_51_education_binary_lower,51,education_binary,lower,CURRENT_ASTHMA,KIDNEY_DISEASE,ok,,1.07886345240246,200,200,0.995,0.400127050373618,1.76218988002488,0.004987484335815003,0.9722262956021069,0.9991168312843989
2024_51_education_binary_lower,51,education_binary,lower,CURRENT_ASTHMA,SKIN_CANCER,ok,,0.779977196055957,200,200,0.96,-0.0240226879554048,1.40562864541326,0.013856406460551024,0.923067931799067,0.9795943679338476
2024_51_education_binary_lower,51,education_binary,lower,DEPRESSIVE_DISORDER,ARTHRITIS,ok,,0.903533831331848,200,200,1.0,0.581474051270916,1.25251823672951,0.0,0.9811546736227335,1.0
2024_51_education_binary_lower,51,education_binary,lower,DEPRESSIVE_DISORDER,DIABETES,ok,,0.669285942846514,200,200,0.995,0.2172398033458,1.09188308686163,0.004987484335815003,0.9722262956021069,0.9991168312843989
2024_51_education_binary_lower,51,education_binary,lower,DEPRESSIVE_DISORDER,KIDNEY_DISEASE,ok,,0.797720997849894,200,200,0.99,0.187774176593014,1.48786555898674,0.007035623639735147,0.9642782382838231,0.9972533418664555
2024_51_education_binary_lower,51,education_binary,lower,ISCHEMIC_HEART_DISEASE,ARTHRITIS,ok,,0.634912180147405,200,200,0.995,0.213188892171861,1.02300216857966,0.004987484335815003,0.9722262956021069,0.9991168312843989
2024_51_education_binary_lower,51,education_binary,lower,ISCHEMIC_HEART_DISEASE,COPD,ok,,1.24276300545319,200,200,1.0,0.734151335037168,1.74372069260069,0.0,0.9811546736227335,1.0
2024_51_education_binary_lower,51,education_binary,lower,ISCHEMIC_HEART_DISEASE,CURRENT_ASTHMA,ok,,0.959565204615859,200,200,1.0,0.462825355913065,1.46831061514191,0.0,0.9811546736227335,1.0
2024_51_education_binary_lower,51,education_binary,lower,ISCHEMIC_HEART_DISEASE,DIABETES,ok,,0.780436475808821,200,200,1.0,0.391511519193115,1.14796700369902,0.0,0.9811546736227335,1.0
2024_51_education_binary_lower,51,education_binary,lower,ISCHEMIC_HEART_DISEASE,KIDNEY_DISEASE,ok,,1.90677980339462,200,200,1.0,1.18960172632499,2.53847159828197,0.0,0.9811546736227335,1.0
2024_51_education_binary_lower,51,education_binary,lower,ISCHEMIC_HEART_DISEASE,OTHER_CANCER,ok,,0.694979859616986,200,200,0.99,0.161813154247687,1.22488642619919,0.007035623639735147,0.9642782382838231,0.9972533418664555
2024_51_education_binary_lower,51,education_binary,lower,ISCHEMIC_HEART_DISEASE,STROKE,ok,,1.31794810061178,200,200,1.0,0.600866647101815,1.98763846917337,0.0,0.9811546736227335,1.0
2024_51_education_binary_lower,51,education_binary,lower,KIDNEY_DISEASE,ARTHRITIS,ok,,0.767022512242335,200,200,0.99,0.292459572155999,1.42805341489342,0.007035623639735147,0.9642782382838231,0.9972533418664555
2024_51_education_binary_lower,51,education_binary,lower,KIDNEY_DISEASE,DIABETES,ok,,0.786944272224085,200,200,1.0,0.357754568170233,1.24603869225097,0.0,0.9811546736227335,1.0
2024_51_education_binary_lower,51,education_binary,lower,OTHER_CANCER,ARTHRITIS,ok,,0.66793579503645,200,200,1.0,0.212297977901055,1.10365645400175,0.0,0.9811546736227335,1.0
2024_51_education_binary_lower,51,education_binary,lower,OTHER_CANCER,COPD,ok,,0.560422398718638,200,200,0.985,0.149391890663656,1.01684766940165,0.008595056718835545,0.9568342712073097,0.9948857622067417
2024_51_education_binary_lower,51,education_binary,lower,SKIN_CANCER,OTHER_CANCER,ok,,1.69012925177935,200,200,1.0,1.05147890557221,2.24747096294282,0.0,0.9811546736227335,1.0
2024_53_education_binary_higher,53,education_binary,higher,ARTHRITIS,DIABETES,ok,,0.277493443516201,200,200,1.0,0.14322539526904,0.414723397201524,0.0,0.9811546736227335,1.0
2024_53_education_binary_higher,53,education_binary,higher,COPD,ARTHRITIS,ok,,1.14512276184703,200,200,1.0,0.959410469826665,1.34400184449063,0.0,0.9811546736227335,1.0
2024_53_education_binary_higher,53,education_binary,higher,COPD,DEPRESSIVE_DISORDER,ok,,1.36714550867229,200,200,1.0,1.1820268564204,1.51237620282081,0.0,0.9811546736227335,1.0
2024_53_education_binary_higher,53,education_binary,higher,COPD,DIABETES,ok,,0.468494408324888,200,200,1.0,0.276946630328541,0.675113039091073,0.0,0.9811546736227335,1.0
2024_53_education_binary_higher,53,education_binary,higher,COPD,KIDNEY_DISEASE,ok,,0.982161322208688,200,200,1.0,0.718602082041747,1.22543978838912,0.0,0.9811546736227335,1.0
2024_53_education_binary_higher,53,education_binary,higher,CURRENT_ASTHMA,ARTHRITIS,ok,,0.840853615920927,200,200,1.0,0.710511738726786,0.971333295491517,0.0,0.9811546736227335,1.0
2024_53_education_binary_higher,53,education_binary,higher,CURRENT_ASTHMA,COPD,ok,,1.78314777403469,200,200,1.0,1.60326539927222,1.9685466457763,0.0,0.9811546736227335,1.0
2024_53_education_binary_higher,53,education_binary,higher,CURRENT_ASTHMA,DEPRESSIVE_DISORDER,ok,,0.877939429131905,200,200,1.0,0.751017268883316,1.00799946617825,0.0,0.9811546736227335,1.0
2024_53_education_binary_higher,53,education_binary,higher,CURRENT_ASTHMA,DIABETES,ok,,0.583998928857796,200,200,1.0,0.378782690290221,0.782122725588067,0.0,0.9811546736227335,1.0
2024_53_education_binary_higher,53,education_binary,higher,CURRENT_ASTHMA,KIDNEY_DISEASE,ok,,0.679919823109495,200,200,1.0,0.463522447284946,0.911871967624579,0.0,0.9811546736227335,1.0
2024_53_education_binary_higher,53,education_binary,higher,CURRENT_ASTHMA,OTHER_CANCER,ok,,0.216208888345187,200,200,0.99,0.0494607024458035,0.413347895928152,0.007035623639735147,0.9642782382838231,0.9972533418664555
2024_53_education_binary_higher,53,education_binary,higher,CURRENT_ASTHMA,SKIN_CANCER,ok,,0.229602132262663,200,200,0.99,0.0459326833739014,0.392915175824901,0.007035623639735147,0.9642782382838231,0.9972533418664555
2024_53_education_binary_higher,53,education_binary,higher,DEPRESSIVE_DISORDER,ARTHRITIS,ok,,0.93033159575224,200,200,1.0,0.819008711538795,1.04903619228136,0.0,0.9811546736227335,1.0
2024_53_education_binary_higher,53,education_binary,higher,DEPRESSIVE_DISORDER,DIABETES,ok,,0.376094220442897,200,200,1.0,0.242656669641657,0.489734858810565,0.0,0.9811546736227335,1.0
2024_53_education_binary_higher,53,education_binary,higher,DEPRESSIVE_DISORDER,KIDNEY_DISEASE,ok,,0.663235863941237,200,200,1.0,0.462627928384665,0.825722583301826,0.0,0.9811546736227335,1.0
2024_53_education_binary_higher,53,education_binary,higher,ISCHEMIC_HEART_DISEASE,ARTHRITIS,ok,,0.643801446441024,200,200,1.0,0.471074422873069,0.808138937567497,0.0,0.9811546736227335,1.0
2024_53_education_binary_higher,53,education_binary,higher,ISCHEMIC_HEART_DISEASE,COPD,ok,,1.16830587791657,200,200,1.0,0.966454709235156,1.37516635900665,0.0,0.9811546736227335,1.0
2024_53_education_binary_higher,53,education_binary,higher,ISCHEMIC_HEART_DISEASE,CURRENT_ASTHMA,ok,,0.613623889383384,200,200,1.0,0.415611525971926,0.79642416776384,0.0,0.9811546736227335,1.0
2024_53_education_binary_higher,53,education_binary,higher,ISCHEMIC_HEART_DISEASE,DEPRESSIVE_DISORDER,ok,,0.621894418981828,200,200,1.0,0.43700601357539,0.778183990078515,0.0,0.9811546736227335,1.0
2024_53_education_binary_higher,53,education_binary,higher,ISCHEMIC_HEART_DISEASE,DIABETES,ok,,0.797419183822366,200,200,1.0,0.618794592955074,0.984189820747446,0.0,0.9811546736227335,1.0
2024_53_education_binary_higher,53,education_binary,higher,ISCHEMIC_HEART_DISEASE,KIDNEY_DISEASE,ok,,1.04566658613982,200,200,1.0,0.820356207659651,1.24773540221299,0.0,0.9811546736227335,1.0
2024_53_education_binary_higher,53,education_binary,higher,ISCHEMIC_HEART_DISEASE,OTHER_CANCER,ok,,0.402932756344097,200,200,1.0,0.232597726754888,0.610579004823217,0.0,0.9811546736227335,1.0
2024_53_education_binary_higher,53,education_binary,higher,ISCHEMIC_HEART_DISEASE,STROKE,ok,,1.44358395620888,200,200,1.0,1.16657239606898,1.67467306903326,0.0,0.9811546736227335,1.0
2024_53_education_binary_higher,53,education_binary,higher,KIDNEY_DISEASE,ARTHRITIS,ok,,1.08090215532253,200,200,1.0,0.887133931110904,1.3463931266754,0.0,0.9811546736227335,1.0
2024_53_education_binary_higher,53,education_binary,higher,KIDNEY_DISEASE,DIABETES,ok,,1.24286853833565,200,200,1.0,1.07611426484979,1.45887638487538,0.0,0.9811546736227335,1.0
2024_53_education_binary_higher,53,education_binary,higher,OTHER_CANCER,ARTHRITIS,ok,,0.360938060859988,200,200,1.0,0.221938399739473,0.462395868676654,0.0,0.9811546736227335,1.0
2024_53_education_binary_higher,53,education_binary,higher,OTHER_CANCER,COPD,ok,,0.413864408422299,200,200,1.0,0.254646054933323,0.589411287417421,0.0,0.9811546736227335,1.0
2024_53_education_binary_higher,53,education_binary,higher,OTHER_CANCER,DEPRESSIVE_DISORDER,ok,,0.329190168527989,200,200,1.0,0.215887308145559,0.469232726152179,0.0,0.9811546736227335,1.0
2024_53_education_binary_higher,53,education_binary,higher,OTHER_CANCER,KIDNEY_DISEASE,ok,,0.455908858360291,200,200,1.0,0.226132554596968,0.629607827584026,0.0,0.9811546736227335,1.0
2024_53_education_binary_higher,53,education_binary,higher,SKIN_CANCER,ARTHRITIS,ok,,0.368302631125052,200,200,1.0,0.25328921056373,0.498894678829166,0.0,0.9811546736227335,1.0
2024_53_education_binary_higher,53,education_binary,higher,SKIN_CANCER,DEPRESSIVE_DISORDER,ok,,0.209567089420048,200,200,1.0,0.0636636425347722,0.352732768681457,0.0,0.9811546736227335,1.0
2024_53_education_binary_higher,53,education_binary,higher,SKIN_CANCER,KIDNEY_DISEASE,ok,,0.300330883802199,200,200,0.98,0.0590692300554501,0.534322398261864,0.009899494936611668,0.9497129130941735,0.9921955735836505
2024_53_education_binary_higher,53,education_binary,higher,SKIN_CANCER,OTHER_CANCER,ok,,1.48326286426613,200,200,1.0,1.35635425940256,1.63436968504414,0.0,0.9811546736227335,1.0
2024_53_education_binary_higher,53,education_binary,higher,STROKE,ARTHRITIS,ok,,0.430516123335164,200,200,1.0,0.232702669518284,0.65248973701655,0.0,0.9811546736227335,1.0
2024_53_education_binary_higher,53,education_binary,higher,STROKE,COPD,ok,,0.815611286256224,200,200,1.0,0.560767814745694,1.13094337664605,0.0,0.9811546736227335,1.0
2024_53_education_binary_higher,53,education_binary,higher,STROKE,CURRENT_ASTHMA,ok,,0.613835221405825,200,200,1.0,0.333700828278156,0.904894239909737,0.0,0.9811546736227335,1.0
2024_53_education_binary_higher,53,education_binary,higher,STROKE,DEPRESSIVE_DISORDER,ok,,0.593714786615418,200,200,1.0,0.364006023374466,0.81584019083806,0.0,0.9811546736227335,1.0
2024_53_education_binary_higher,53,education_binary,higher,STROKE,DIABETES,ok,,0.851293840611821,200,200,1.0,0.661215516141992,1.08060216035349,0.0,0.9811546736227335,1.0
2024_53_education_binary_higher,53,education_binary,higher,STROKE,KIDNEY_DISEASE,ok,,1.0480171318557,200,200,1.0,0.745958005840373,1.33798501650444,0.0,0.9811546736227335,1.0
2024_53_education_binary_higher,53,education_binary,higher,STROKE,OTHER_CANCER,ok,,0.430462501501054,200,200,1.0,0.175725425577337,0.686717547151906,0.0,0.9811546736227335,1.0
2024_53_education_binary_lower,53,education_binary,lower,ARTHRITIS,DIABETES,ok,,0.380033311052278,200,200,1.0,0.162551335906917,0.566680169511152,0.0,0.9811546736227335,1.0
2024_53_education_binary_lower,53,education_binary,lower,COPD,ARTHRITIS,ok,,1.09306819067566,200,200,1.0,0.874973094542985,1.3767575138384,0.0,0.9811546736227335,1.0
2024_53_education_binary_lower,53,education_binary,lower,COPD,DEPRESSIVE_DISORDER,ok,,1.20920108426225,200,200,1.0,0.912155429471888,1.47663147480612,0.0,0.9811546736227335,1.0
2024_53_education_binary_lower,53,education_binary,lower,CURRENT_ASTHMA,ARTHRITIS,ok,,1.33336513409582,200,200,1.0,1.06418572534417,1.5537856942487,0.0,0.9811546736227335,1.0
2024_53_education_binary_lower,53,education_binary,lower,CURRENT_ASTHMA,COPD,ok,,2.09824715726035,200,200,1.0,1.81740858232849,2.35865749211215,0.0,0.9811546736227335,1.0
2024_53_education_binary_lower,53,education_binary,lower,CURRENT_ASTHMA,DEPRESSIVE_DISORDER,ok,,1.03670072332478,200,200,1.0,0.843418437784206,1.23643832789209,0.0,0.9811546736227335,1.0
2024_53_education_binary_lower,53,education_binary,lower,CURRENT_ASTHMA,DIABETES,ok,,0.432076709537216,200,200,0.995,0.181516100805249,0.703991576464636,0.004987484335815003,0.9722262956021069,0.9991168312843989
2024_53_education_binary_lower,53,education_binary,lower,CURRENT_ASTHMA,OTHER_CANCER,ok,,0.497576204054809,200,200,1.0,0.221131541464364,0.813868177720373,0.0,0.9811546736227335,1.0
2024_53_education_binary_lower,53,education_binary,lower,CURRENT_ASTHMA,SKIN_CANCER,ok,,0.628210686168612,200,200,1.0,0.13295598008297,1.00120720389306,0.0,0.9811546736227335,1.0
2024_53_education_binary_lower,53,education_binary,lower,DEPRESSIVE_DISORDER,ARTHRITIS,ok,,1.09438174334108,200,200,1.0,0.921924127423808,1.27885340297769,0.0,0.9811546736227335,1.0
2024_53_education_binary_lower,53,education_binary,lower,DEPRESSIVE_DISORDER,DIABETES,ok,,0.287588591394699,200,200,0.995,0.0383276201571655,0.475578911751023,0.004987484335815003,0.9722262956021069,0.9991168312843989
2024_53_education_binary_lower,53,education_binary,lower,DEPRESSIVE_DISORDER,KIDNEY_DISEASE,ok,,0.586493714711418,200,200,1.0,0.279134543366839,0.854772262001877,0.0,0.9811546736227335,1.0
2024_53_education_binary_lower,53,education_binary,lower,ISCHEMIC_HEART_DISEASE,ARTHRITIS,ok,,0.758618694004606,200,200,1.0,0.464210425743476,0.974733814830567,0.0,0.9811546736227335,1.0
2024_53_education_binary_lower,53,education_binary,lower,ISCHEMIC_HEART_DISEASE,COPD,ok,,1.14631793411509,200,200,1.0,0.864330528713292,1.42257177297437,0.0,0.9811546736227335,1.0
2024_53_education_binary_lower,53,education_binary,lower,ISCHEMIC_HEART_DISEASE,CURRENT_ASTHMA,ok,,0.646404363655027,200,200,1.0,0.322047243895769,0.925618062910823,0.0,0.9811546736227335,1.0
2024_53_education_binary_lower,53,education_binary,lower,ISCHEMIC_HEART_DISEASE,DEPRESSIVE_DISORDER,ok,,0.745168983394764,200,200,1.0,0.516482523177294,0.956725204863314,0.0,0.9811546736227335,1.0
2024_53_education_binary_lower,53,education_binary,lower,ISCHEMIC_HEART_DISEASE,DIABETES,ok,,0.567721832373531,200,200,1.0,0.2701810588893,0.876364799818045,0.0,0.9811546736227335,1.0
2024_53_education_binary_lower,53,education_binary,lower,ISCHEMIC_HEART_DISEASE,KIDNEY_DISEASE,ok,,1.10425081227946,200,200,1.0,0.710592932093797,1.43812518319271,0.0,0.9811546736227335,1.0
2024_53_education_binary_lower,53,education_binary,lower,ISCHEMIC_HEART_DISEASE,OTHER_CANCER,ok,,0.377189662818731,200,200,1.0,0.0850110590456769,0.705034936259424,0.0,0.9811546736227335,1.0
2024_53_education_binary_lower,53,education_binary,lower,ISCHEMIC_HEART_DISEASE,STROKE,ok,,1.88967055913762,200,200,1.0,1.58259581438133,2.26220678449582,0.0,0.9811546736227335,1.0
2024_53_education_binary_lower,53,education_binary,lower,KIDNEY_DISEASE,ARTHRITIS,ok,,0.543905834111674,200,200,1.0,0.209690758162226,0.839957341796989,0.0,0.9811546736227335,1.0
2024_53_education_binary_lower,53,education_binary,lower,KIDNEY_DISEASE,DIABETES,ok,,1.20785961512625,200,200,1.0,0.871477785924861,1.50500639462991,0.0,0.9811546736227335,1.0
2024_53_education_binary_lower,53,education_binary,lower,OTHER_CANCER,ARTHRITIS,ok,,0.575446740969528,200,200,1.0,0.355463840770993,0.838471040864559,0.0,0.9811546736227335,1.0
2024_53_education_binary_lower,53,education_binary,lower,OTHER_CANCER,COPD,ok,,0.627213895232313,200,200,1.0,0.270479343237779,0.960340843285733,0.0,0.9811546736227335,1.0
2024_53_education_binary_lower,53,education_binary,lower,OTHER_CANCER,DEPRESSIVE_DISORDER,ok,,0.553277447263651,200,200,1.0,0.315762793221263,0.843759236890196,0.0,0.9811546736227335,1.0
2024_53_education_binary_lower,53,education_binary,lower,OTHER_CANCER,KIDNEY_DISEASE,ok,,0.806242053436012,200,200,1.0,0.435935611476611,1.1955357396898,0.0,0.9811546736227335,1.0
2024_53_education_binary_lower,53,education_binary,lower,SKIN_CANCER,ARTHRITIS,ok,,0.408164636543518,200,200,1.0,0.0642701455106523,0.719660875400742,0.0,0.9811546736227335,1.0
2024_53_education_binary_lower,53,education_binary,lower,SKIN_CANCER,OTHER_CANCER,ok,,1.63523013848295,200,200,1.0,1.25129525609966,2.01783166094255,0.0,0.9811546736227335,1.0
2024_53_education_binary_lower,53,education_binary,lower,STROKE,ARTHRITIS,ok,,0.651580838428682,200,200,1.0,0.360614410976456,0.943950914871418,0.0,0.9811546736227335,1.0
2024_53_education_binary_lower,53,education_binary,lower,STROKE,COPD,ok,,0.709356233258562,200,200,1.0,0.317288807441873,1.02221923300604,0.0,0.9811546736227335,1.0
2024_53_education_binary_lower,53,education_binary,lower,STROKE,DEPRESSIVE_DISORDER,ok,,0.831175359971317,200,200,1.0,0.447499381355464,1.21736917392058,0.0,0.9811546736227335,1.0
2024_53_education_binary_lower,53,education_binary,lower,STROKE,DIABETES,ok,,0.501945557443498,200,200,0.985,0.0769611080014422,0.875255802637183,0.008595056718835545,0.9568342712073097,0.9948857622067417
2024_53_education_binary_lower,53,education_binary,lower,STROKE,KIDNEY_DISEASE,ok,,1.28406749103793,200,200,1.0,0.781445202640982,1.72794299971802,0.0,0.9811546736227335,1.0
2024_53_education_binary_lower,53,education_binary,lower,STROKE,OTHER_CANCER,ok,,0.46227600472564,200,200,0.995,0.065559976337342,0.854559707700444,0.004987484335815003,0.9722262956021069,0.9991168312843989
2024_54_education_binary_higher,54,education_binary,higher,ARTHRITIS,DIABETES,ok,,0.730884757850494,200,200,1.0,0.53430139343588,0.926676714395908,0.0,0.9811546736227335,1.0
2024_54_education_binary_higher,54,education_binary,higher,COPD,ARTHRITIS,ok,,1.13904531108197,200,200,1.0,0.860138140915053,1.43361508297229,0.0,0.9811546736227335,1.0
2024_54_education_binary_higher,54,education_binary,higher,COPD,DEPRESSIVE_DISORDER,ok,,1.03077528576839,200,200,1.0,0.696643281980178,1.28707122693288,0.0,0.9811546736227335,1.0
2024_54_education_binary_higher,54,education_binary,higher,COPD,DIABETES,ok,,0.652824969494215,200,200,1.0,0.351613883820478,0.946497118309608,0.0,0.9811546736227335,1.0
2024_54_education_binary_higher,54,education_binary,higher,COPD,KIDNEY_DISEASE,ok,glm.fit: algorithm did not converge,0.753387725111613,200,200,1.0,0.34169741552355,1.10883987127396,0.0,0.9811546736227335,1.0
2024_54_education_binary_higher,54,education_binary,higher,CURRENT_ASTHMA,ARTHRITIS,ok,,0.813450070958619,200,200,1.0,0.525831325865712,1.10151853671458,0.0,0.9811546736227335,1.0
2024_54_education_binary_higher,54,education_binary,higher,CURRENT_ASTHMA,COPD,ok,,1.74211934913154,200,200,1.0,1.48824452326422,2.06562163260451,0.0,0.9811546736227335,1.0
2024_54_education_binary_higher,54,education_binary,higher,CURRENT_ASTHMA,DEPRESSIVE_DISORDER,ok,,0.926342498514869,200,200,1.0,0.62307762927434,1.15366635494283,0.0,0.9811546736227335,1.0
2024_54_education_binary_higher,54,education_binary,higher,CURRENT_ASTHMA,DIABETES,ok,,0.709386502409625,200,200,1.0,0.434208539177835,0.958242973298445,0.0,0.9811546736227335,1.0
2024_54_education_binary_higher,54,education_binary,higher,CURRENT_ASTHMA,KIDNEY_DISEASE,ok,glm.fit: algorithm did not converge,0.747595369683636,200,200,1.0,0.331274600911705,1.17276459012679,0.0,0.9811546736227335,1.0
2024_54_education_binary_higher,54,education_binary,higher,CURRENT_ASTHMA,OTHER_CANCER,ok,,0.655739416117207,200,200,1.0,0.267938589831492,0.991732655677889,0.0,0.9811546736227335,1.0
2024_54_education_binary_higher,54,education_binary,higher,CURRENT_ASTHMA,SKIN_CANCER,ok,,0.472396727106073,200,200,0.985,0.0667747612090662,0.853978042037096,0.008595056718835545,0.9568342712073097,0.9948857622067417
2024_54_education_binary_higher,54,education_binary,higher,DEPRESSIVE_DISORDER,ARTHRITIS,ok,,1.09051386491551,200,200,1.0,0.855744388149517,1.31211473144033,0.0,0.9811546736227335,1.0
2024_54_education_binary_higher,54,education_binary,higher,DEPRESSIVE_DISORDER,DIABETES,ok,,0.598709071076107,200,200,1.0,0.383625504767501,0.803422726065352,0.0,0.9811546736227335,1.0
2024_54_education_binary_higher,54,education_binary,higher,DEPRESSIVE_DISORDER,KIDNEY_DISEASE,ok,,0.988322503994449,200,200,1.0,0.695648186812692,1.30083971176541,0.0,0.9811546736227335,1.0
2024_54_education_binary_higher,54,education_binary,higher,ISCHEMIC_HEART_DISEASE,ARTHRITIS,ok,,0.712071085028732,200,200,1.0,0.473176534866533,0.990451557032364,0.0,0.9811546736227335,1.0
2024_54_education_binary_higher,54,education_binary,higher,ISCHEMIC_HEART_DISEASE,COPD,ok,,1.13573637551691,200,200,1.0,0.849852114913034,1.43845528176432,0.0,0.9811546736227335,1.0
2024_54_education_binary_higher,54,education_binary,higher,ISCHEMIC_HEART_DISEASE,CURRENT_ASTHMA,ok,,0.755533564700876,200,200,1.0,0.410126354404212,1.05536126383292,0.0,0.9811546736227335,1.0
2024_54_education_binary_higher,54,education_binary,higher,ISCHEMIC_HEART_DISEASE,DEPRESSIVE_DISORDER,ok,,0.749118288649955,200,200,1.0,0.439613103267034,1.0840256986317,0.0,0.9811546736227335,1.0
2024_54_education_binary_higher,54,education_binary,higher,ISCHEMIC_HEART_DISEASE,DIABETES,ok,,1.03889703294696,200,200,1.0,0.815083923978407,1.31290890343992,0.0,0.9811546736227335,1.0
2024_54_education_binary_higher,54,education_binary,higher,ISCHEMIC_HEART_DISEASE,KIDNEY_DISEASE,ok,,1.15149522402502,200,200,1.0,0.698681692418456,1.48942035206274,0.0,0.9811546736227335,1.0
2024_54_education_binary_higher,54,education_binary,higher,ISCHEMIC_HEART_DISEASE,SKIN_CANCER,ok,,0.508981820451584,200,200,0.995,0.204572769708979,0.846820100607924,0.004987484335815003,0.9722262956021069,0.9991168312843989
2024_54_education_binary_higher,54,education_binary,higher,ISCHEMIC_HEART_DISEASE,STROKE,ok,,1.40876034305607,200,200,1.0,0.886206795760744,1.8608312070498,0.0,0.9811546736227335,1.0
2024_54_education_binary_higher,54,education_binary,higher,KIDNEY_DISEASE,ARTHRITIS,ok,,0.91974888875988,200,200,1.0,0.588723633907826,1.35630168339496,0.0,0.9811546736227335,1.0
2024_54_education_binary_higher,54,education_binary,higher,KIDNEY_DISEASE,DIABETES,ok,,1.33038515201881,200,200,1.0,1.05065072632412,1.62078828392812,0.0,0.9811546736227335,1.0
2024_54_education_binary_higher,54,education_binary,higher,OTHER_CANCER,KIDNEY_DISEASE,ok,glm.fit: algorithm did not converge,0.610638998976939,200,200,1.0,0.148993454054024,0.986048822449101,0.0,0.9811546736227335,1.0
2024_54_education_binary_higher,54,education_binary,higher,SKIN_CANCER,ARTHRITIS,ok,,0.442735712306778,200,200,1.0,0.149720055074098,0.700918166221386,0.0,0.9811546736227335,1.0
2024_54_education_binary_higher,54,education_binary,higher,SKIN_CANCER,OTHER_CANCER,ok,,0.989204957389115,200,200,1.0,0.687425954505197,1.27564740920333,0.0,0.9811546736227335,1.0
2024_54_education_binary_higher,54,education_binary,higher,STROKE,COPD,ok,,0.861972359995582,200,200,1.0,0.428050651452549,1.30332487439341,0.0,0.9811546736227335,1.0
2024_54_education_binary_higher,54,education_binary,higher,STROKE,DEPRESSIVE_DISORDER,ok,,0.591438968712439,200,200,0.99,0.126647418752546,1.00937019102769,0.007035623639735147,0.9642782382838231,0.9972533418664555
2024_54_education_binary_higher,54,education_binary,higher,STROKE,DIABETES,ok,,0.706437987067358,200,200,0.995,0.327196416318868,1.05290075935415,0.004987484335815003,0.9722262956021069,0.9991168312843989
2024_54_education_binary_higher,54,education_binary,higher,STROKE,KIDNEY_DISEASE,ok,glm.fit: algorithm did not converge,0.730899824312898,200,200,0.995,0.135435033068705,1.15481576822837,0.004987484335815003,0.9722262956021069,0.9991168312843989
2024_54_education_binary_higher,54,education_binary,higher,STROKE,OTHER_CANCER,ok,,0.748883967215247,200,200,1.0,0.264473095900049,1.18687137160665,0.0,0.9811546736227335,1.0
2024_54_education_binary_lower,54,education_binary,lower,ARTHRITIS,DIABETES,ok,,0.661521260545699,200,200,1.0,0.438486510329689,0.910502374687574,0.0,0.9811546736227335,1.0
2024_54_education_binary_lower,54,education_binary,lower,COPD,ARTHRITIS,ok,,0.917465420983797,200,200,1.0,0.637937192943345,1.24877654273505,0.0,0.9811546736227335,1.0
2024_54_education_binary_lower,54,education_binary,lower,COPD,DEPRESSIVE_DISORDER,ok,,1.22189727161923,200,200,1.0,0.922474242235507,1.48521679938035,0.0,0.9811546736227335,1.0
2024_54_education_binary_lower,54,education_binary,lower,COPD,DIABETES,ok,,0.408112293705178,200,200,1.0,0.148512036345328,0.646801038232062,0.0,0.9811546736227335,1.0
2024_54_education_binary_lower,54,education_binary,lower,COPD,KIDNEY_DISEASE,ok,,0.561862446458376,200,200,0.995,0.197863022326282,0.878748297797284,0.004987484335815003,0.9722262956021069,0.9991168312843989
2024_54_education_binary_lower,54,education_binary,lower,CURRENT_ASTHMA,ARTHRITIS,ok,,1.13644053637334,200,200,1.0,0.75854129995105,1.49792416838705,0.0,0.9811546736227335,1.0
2024_54_education_binary_lower,54,education_binary,lower,CURRENT_ASTHMA,COPD,ok,,2.17002635254296,200,200,1.0,1.8887685935152,2.54586717540247,0.0,0.9811546736227335,1.0
2024_54_education_binary_lower,54,education_binary,lower,CURRENT_ASTHMA,DEPRESSIVE_DISORDER,ok,,0.908306655301069,200,200,1.0,0.600810134356369,1.19571965964138,0.0,0.9811546736227335,1.0
2024_54_education_binary_lower,54,education_binary,lower,CURRENT_ASTHMA,DIABETES,ok,,0.767241461514742,200,200,1.0,0.424431787613386,1.02919578469708,0.0,0.9811546736227335,1.0
2024_54_education_binary_lower,54,education_binary,lower,CURRENT_ASTHMA,KIDNEY_DISEASE,ok,,0.607428361783332,200,200,1.0,0.223099339590001,0.979061234194853,0.0,0.9811546736227335,1.0
2024_54_education_binary_lower,54,education_binary,lower,DEPRESSIVE_DISORDER,ARTHRITIS,ok,,0.866013120475223,200,200,1.0,0.543609576778955,1.11253174346202,0.0,0.9811546736227335,1.0
2024_54_education_binary_lower,54,education_binary,lower,DEPRESSIVE_DISORDER,DIABETES,ok,,0.511427693659402,200,200,1.0,0.226207202221156,0.748155037832964,0.0,0.9811546736227335,1.0
2024_54_education_binary_lower,54,education_binary,lower,DEPRESSIVE_DISORDER,KIDNEY_DISEASE,ok,,0.848849472038759,200,200,1.0,0.448847222559685,1.12006166336958,0.0,0.9811546736227335,1.0
2024_54_education_binary_lower,54,education_binary,lower,ISCHEMIC_HEART_DISEASE,ARTHRITIS,ok,,0.888511158693236,200,200,1.0,0.565278496882324,1.20694660910928,0.0,0.9811546736227335,1.0
2024_54_education_binary_lower,54,education_binary,lower,ISCHEMIC_HEART_DISEASE,COPD,ok,,0.994743845015842,200,200,1.0,0.695300226837842,1.29952212393901,0.0,0.9811546736227335,1.0
2024_54_education_binary_lower,54,education_binary,lower,ISCHEMIC_HEART_DISEASE,CURRENT_ASTHMA,ok,,0.931313701197982,200,200,1.0,0.568781786686905,1.30962133662695,0.0,0.9811546736227335,1.0
2024_54_education_binary_lower,54,education_binary,lower,ISCHEMIC_HEART_DISEASE,DEPRESSIVE_DISORDER,ok,,0.826902306176203,200,200,1.0,0.496193192093036,1.13350333683393,0.0,0.9811546736227335,1.0
2024_54_education_binary_lower,54,education_binary,lower,ISCHEMIC_HEART_DISEASE,DIABETES,ok,,0.984503646571693,200,200,1.0,0.719231161497293,1.23706231557287,0.0,0.9811546736227335,1.0
2024_54_education_binary_lower,54,education_binary,lower,ISCHEMIC_HEART_DISEASE,KIDNEY_DISEASE,ok,,1.18359130294383,200,200,1.0,0.89030119418102,1.50335394626645,0.0,0.9811546736227335,1.0
2024_54_education_binary_lower,54,education_binary,lower,ISCHEMIC_HEART_DISEASE,OTHER_CANCER,ok,,0.556411552595939,200,200,0.995,0.226293246520743,0.844718487384427,0.004987484335815003,0.9722262956021069,0.9991168312843989
2024_54_education_binary_lower,54,education_binary,lower,ISCHEMIC_HEART_DISEASE,SKIN_CANCER,ok,,0.422133703491335,200,200,0.97,-0.0015344165614927,0.755003403197693,0.012062338081814825,0.9361057075454807,0.9861796856598887
2024_54_education_binary_lower,54,education_binary,lower,ISCHEMIC_HEART_DISEASE,STROKE,ok,,1.15166825497453,200,200,1.0,0.650129358208091,1.58542855525616,0.0,0.9811546736227335,1.0
2024_54_education_binary_lower,54,education_binary,lower,KIDNEY_DISEASE,ARTHRITIS,ok,,0.766065980140876,200,200,1.0,0.381333224328195,1.17977542036564,0.0,0.9811546736227335,1.0
2024_54_education_binary_lower,54,education_binary,lower,KIDNEY_DISEASE,DIABETES,ok,,1.10524513853984,200,200,1.0,0.754648268417722,1.46089720105299,0.0,0.9811546736227335,1.0
2024_54_education_binary_lower,54,education_binary,lower,OTHER_CANCER,COPD,ok,,0.508760131562143,200,200,1.0,0.280836894999926,0.807384585807596,0.0,0.9811546736227335,1.0
2024_54_education_binary_lower,54,education_binary,lower,OTHER_CANCER,DEPRESSIVE_DISORDER,ok,,0.536035836920724,200,200,1.0,0.220446049944193,0.800093981069451,0.0,0.9811546736227335,1.0
2024_54_education_binary_lower,54,education_binary,lower,OTHER_CANCER,KIDNEY_DISEASE,ok,,0.589416401192392,200,200,0.99,0.186790056057822,0.980782031830326,0.007035623639735147,0.9642782382838231,0.9972533418664555
2024_54_education_binary_lower,54,education_binary,lower,SKIN_CANCER,OTHER_CANCER,ok,,1.02415579348123,200,200,1.0,0.624706928879039,1.35726781105647,0.0,0.9811546736227335,1.0
2024_54_education_binary_lower,54,education_binary,lower,STROKE,COPD,ok,,0.715199577829158,200,200,1.0,0.299138084524755,1.16859621370218,0.0,0.9811546736227335,1.0
2024_54_education_binary_lower,54,education_binary,lower,STROKE,CURRENT_ASTHMA,ok,,0.587020351307815,200,200,0.985,0.0617215968684957,1.0121844419865,0.008595056718835545,0.9568342712073097,0.9948857622067417
2024_54_education_binary_lower,54,education_binary,lower,STROKE,DEPRESSIVE_DISORDER,ok,,0.603867126930412,200,200,0.995,0.169557089971304,0.995113323895913,0.004987484335815003,0.9722262956021069,0.9991168312843989
2024_54_education_binary_lower,54,education_binary,lower,STROKE,DIABETES,ok,,0.591004012756805,200,200,0.995,0.104394217939699,0.935772438075074,0.004987484335815003,0.9722262956021069,0.9991168312843989
2024_54_education_binary_lower,54,education_binary,lower,STROKE,KIDNEY_DISEASE,ok,,1.01225235234218,200,200,1.0,0.411142783666863,1.4441261452578,0.0,0.9811546736227335,1.0
2024_54_education_binary_lower,54,education_binary,lower,STROKE,SKIN_CANCER,ok,,0.732337663044062,200,200,0.99,0.170211139441706,1.15671581838019,0.007035623639735147,0.9642782382838231,0.9972533418664555
2024_55_education_binary_higher,55,education_binary,higher,ARTHRITIS,DIABETES,ok,,0.546175077927228,200,200,1.0,0.395778892608327,0.706995025772397,0.0,0.9811546736227335,1.0
2024_55_education_binary_higher,55,education_binary,higher,COPD,ARTHRITIS,ok,,1.16717044150665,200,200,1.0,0.909695493674276,1.51989620356051,0.0,0.9811546736227335,1.0
2024_55_education_binary_higher,55,education_binary,higher,COPD,DEPRESSIVE_DISORDER,ok,,1.31010115027604,200,200,1.0,1.08065392096522,1.53260124498146,0.0,0.9811546736227335,1.0
2024_55_education_binary_higher,55,education_binary,higher,COPD,DIABETES,ok,,0.675554958295945,200,200,1.0,0.413699346053329,0.956507522809276,0.0,0.9811546736227335,1.0
2024_55_education_binary_higher,55,education_binary,higher,COPD,KIDNEY_DISEASE,ok,,0.809639838817038,200,200,1.0,0.497835711417562,1.1604228716648,0.0,0.9811546736227335,1.0
2024_55_education_binary_higher,55,education_binary,higher,CURRENT_ASTHMA,ARTHRITIS,ok,,0.980862178649816,200,200,1.0,0.786777022342671,1.21180160951975,0.0,0.9811546736227335,1.0
2024_55_education_binary_higher,55,education_binary,higher,CURRENT_ASTHMA,COPD,ok,,1.79966488780954,200,200,1.0,1.51836477028125,2.0965647661002,0.0,0.9811546736227335,1.0
2024_55_education_binary_higher,55,education_binary,higher,CURRENT_ASTHMA,DEPRESSIVE_DISORDER,ok,,0.847776170406181,200,200,1.0,0.639964708867649,1.07811244496644,0.0,0.9811546736227335,1.0
2024_55_education_binary_higher,55,education_binary,higher,CURRENT_ASTHMA,DIABETES,ok,,0.625821527913799,200,200,1.0,0.35398739915721,0.893559321753915,0.0,0.9811546736227335,1.0
2024_55_education_binary_higher,55,education_binary,higher,CURRENT_ASTHMA,KIDNEY_DISEASE,ok,,0.428010087962511,200,200,0.995,0.0946783869725403,0.746922440501088,0.004987484335815003,0.9722262956021069,0.9991168312843989
2024_55_education_binary_higher,55,education_binary,higher,CURRENT_ASTHMA,OTHER_CANCER,ok,,0.279483220329571,200,200,0.98,0.0324672262338711,0.479539565027139,0.009899494936611668,0.9497129130941735,0.9921955735836505
2024_55_education_binary_higher,55,education_binary,higher,DEPRESSIVE_DISORDER,ARTHRITIS,ok,,1.00685101211923,200,200,1.0,0.866934887880236,1.19021768670181,0.0,0.9811546736227335,1.0
2024_55_education_binary_higher,55,education_binary,higher,DEPRESSIVE_DISORDER,DIABETES,ok,,0.609277544873703,200,200,1.0,0.42484676688372,0.789217809718508,0.0,0.9811546736227335,1.0
2024_55_education_binary_higher,55,education_binary,higher,DEPRESSIVE_DISORDER,KIDNEY_DISEASE,ok,,0.595735707869932,200,200,1.0,0.284821212379568,0.826236062506825,0.0,0.9811546736227335,1.0
2024_55_education_binary_higher,55,education_binary,higher,ISCHEMIC_HEART_DISEASE,ARTHRITIS,ok,,0.604839223770189,200,200,1.0,0.387478526554464,0.824653516291475,0.0,0.9811546736227335,1.0
2024_55_education_binary_higher,55,education_binary,higher,ISCHEMIC_HEART_DISEASE,COPD,ok,,1.20256267414361,200,200,1.0,0.900247056478241,1.43266298273766,0.0,0.9811546736227335,1.0
2024_55_education_binary_higher,55,education_binary,higher,ISCHEMIC_HEART_DISEASE,CURRENT_ASTHMA,ok,,0.646702749663748,200,200,1.0,0.349079255666543,0.962278789432576,0.0,0.9811546736227335,1.0
2024_55_education_binary_higher,55,education_binary,higher,ISCHEMIC_HEART_DISEASE,DEPRESSIVE_DISORDER,ok,,0.549500196618101,200,200,1.0,0.341257937399115,0.773561942302602,0.0,0.9811546736227335,1.0
2024_55_education_binary_higher,55,education_binary,higher,ISCHEMIC_HEART_DISEASE,DIABETES,ok,,0.906181152057925,200,200,1.0,0.703392272026065,1.10737223965036,0.0,0.9811546736227335,1.0
2024_55_education_binary_higher,55,education_binary,higher,ISCHEMIC_HEART_DISEASE,KIDNEY_DISEASE,ok,,1.34103332332672,200,200,1.0,1.03541128641132,1.5838691197952,0.0,0.9811546736227335,1.0
2024_55_education_binary_higher,55,education_binary,higher,ISCHEMIC_HEART_DISEASE,OTHER_CANCER,ok,,0.467219252817331,200,200,1.0,0.296483377489144,0.678017809398894,0.0,0.9811546736227335,1.0
2024_55_education_binary_higher,55,education_binary,higher,ISCHEMIC_HEART_DISEASE,SKIN_CANCER,ok,,0.352043552176959,200,200,1.0,0.142138185857399,0.62967807426618,0.0,0.9811546736227335,1.0
2024_55_education_binary_higher,55,education_binary,higher,ISCHEMIC_HEART_DISEASE,STROKE,ok,,1.38531042788378,200,200,1.0,1.06213604315168,1.68339287771156,0.0,0.9811546736227335,1.0
2024_55_education_binary_higher,55,education_binary,higher,KIDNEY_DISEASE,ARTHRITIS,ok,,0.794485427718078,200,200,1.0,0.527912693844477,1.08016790440393,0.0,0.9811546736227335,1.0
2024_55_education_binary_higher,55,education_binary,higher,KIDNEY_DISEASE,DIABETES,ok,,1.11257009181025,200,200,1.0,0.85947302600615,1.36110242855288,0.0,0.9811546736227335,1.0
2024_55_education_binary_higher,55,education_binary,higher,OTHER_CANCER,ARTHRITIS,ok,,0.412232919252166,200,200,1.0,0.225544476409374,0.58487204810556,0.0,0.9811546736227335,1.0
2024_55_education_binary_higher,55,education_binary,higher,OTHER_CANCER,COPD,ok,,0.552733231003555,200,200,1.0,0.296887779460221,0.799054868823476,0.0,0.9811546736227335,1.0
2024_55_education_binary_higher,55,education_binary,higher,OTHER_CANCER,DEPRESSIVE_DISORDER,ok,,0.350448701415033,200,200,1.0,0.146110070769433,0.55314836521518,0.0,0.9811546736227335,1.0
2024_55_education_binary_higher,55,education_binary,higher,OTHER_CANCER,DIABETES,ok,,0.41256597001869,200,200,1.0,0.182784694006772,0.587246436486875,0.0,0.9811546736227335,1.0
2024_55_education_binary_higher,55,education_binary,higher,OTHER_CANCER,KIDNEY_DISEASE,ok,,0.705071098983377,200,200,1.0,0.421735673489361,0.970546998756582,0.0,0.9811546736227335,1.0
2024_55_education_binary_higher,55,education_binary,higher,SKIN_CANCER,OTHER_CANCER,ok,,1.12693099720509,200,200,1.0,0.895198414335756,1.34739753030244,0.0,0.9811546736227335,1.0
2024_55_education_binary_higher,55,education_binary,higher,STROKE,ARTHRITIS,ok,,0.406506193782562,200,200,0.995,0.16118443231478,0.693155141186684,0.004987484335815003,0.9722262956021069,0.9991168312843989
2024_55_education_binary_higher,55,education_binary,higher,STROKE,COPD,ok,,0.930204878637707,200,200,1.0,0.487593012057193,1.22501124807447,0.0,0.9811546736227335,1.0
2024_55_education_binary_higher,55,education_binary,higher,STROKE,DEPRESSIVE_DISORDER,ok,,0.79934981923509,200,200,1.0,0.5018707784056,1.05906332748115,0.0,0.9811546736227335,1.0
2024_55_education_binary_higher,55,education_binary,higher,STROKE,DIABETES,ok,,0.922811347275282,200,200,1.0,0.627289917010871,1.18474612085288,0.0,0.9811546736227335,1.0
2024_55_education_binary_higher,55,education_binary,higher,STROKE,KIDNEY_DISEASE,ok,,1.06472012768085,200,200,1.0,0.726439195923591,1.43761139281286,0.0,0.9811546736227335,1.0
2024_55_education_binary_higher,55,education_binary,higher,STROKE,OTHER_CANCER,ok,,0.457996824835598,200,200,0.99,0.0963647578616275,0.771531255685165,0.007035623639735147,0.9642782382838231,0.9972533418664555
2024_55_education_binary_lower,55,education_binary,lower,ARTHRITIS,DIABETES,ok,,0.58163431111191,200,200,1.0,0.341345210958962,0.799117913322602,0.0,0.9811546736227335,1.0
2024_55_education_binary_lower,55,education_binary,lower,COPD,ARTHRITIS,ok,,1.07495431430226,200,200,1.0,0.781106917558648,1.44560634598483,0.0,0.9811546736227335,1.0
2024_55_education_binary_lower,55,education_binary,lower,COPD,DEPRESSIVE_DISORDER,ok,,1.30558907431145,200,200,1.0,0.987285163433259,1.56761546680327,0.0,0.9811546736227335,1.0
2024_55_education_binary_lower,55,education_binary,lower,COPD,DIABETES,ok,,0.556383268558671,200,200,1.0,0.157692542110483,0.847644948127086,0.0,0.9811546736227335,1.0
2024_55_education_binary_lower,55,education_binary,lower,COPD,KIDNEY_DISEASE,ok,,0.487978902965131,200,200,0.98,0.0391560722499517,0.846797624389845,0.009899494936611668,0.9497129130941735,0.9921955735836505
2024_55_education_binary_lower,55,education_binary,lower,CURRENT_ASTHMA,ARTHRITIS,ok,,0.987329176617281,200,200,1.0,0.694220007884778,1.30806641289457,0.0,0.9811546736227335,1.0
2024_55_education_binary_lower,55,education_binary,lower,CURRENT_ASTHMA,COPD,ok,,1.99828678727478,200,200,1.0,1.71299206209902,2.31668507512004,0.0,0.9811546736227335,1.0
2024_55_education_binary_lower,55,education_binary,lower,CURRENT_ASTHMA,DEPRESSIVE_DISORDER,ok,,1.11655837802362,200,200,1.0,0.887043279036214,1.42457182332185,0.0,0.9811546736227335,1.0
2024_55_education_binary_lower,55,education_binary,lower,CURRENT_ASTHMA,DIABETES,ok,,0.801759895814501,200,200,1.0,0.485939457588607,1.07329617217133,0.0,0.9811546736227335,1.0
2024_55_education_binary_lower,55,education_binary,lower,DEPRESSIVE_DISORDER,ARTHRITIS,ok,,1.19280364674965,200,200,1.0,0.966370738684725,1.42165435982956,0.0,0.9811546736227335,1.0
2024_55_education_binary_lower,55,education_binary,lower,DEPRESSIVE_DISORDER,DIABETES,ok,,0.629465320764969,200,200,1.0,0.329711475280249,0.871704284285056,0.0,0.9811546736227335,1.0
2024_55_education_binary_lower,55,education_binary,lower,DEPRESSIVE_DISORDER,KIDNEY_DISEASE,ok,,0.812988772768339,200,200,1.0,0.378040816229694,1.14144655938461,0.0,0.9811546736227335,1.0
2024_55_education_binary_lower,55,education_binary,lower,ISCHEMIC_HEART_DISEASE,ARTHRITIS,ok,,0.881489382344926,200,200,1.0,0.587915991443385,1.20251250420035,0.0,0.9811546736227335,1.0
2024_55_education_binary_lower,55,education_binary,lower,ISCHEMIC_HEART_DISEASE,COPD,ok,,1.32299482683209,200,200,1.0,0.919982608218798,1.70294093780117,0.0,0.9811546736227335,1.0
2024_55_education_binary_lower,55,education_binary,lower,ISCHEMIC_HEART_DISEASE,CURRENT_ASTHMA,ok,,0.771339850073724,200,200,1.0,0.444932114914735,1.10860996244785,0.0,0.9811546736227335,1.0
2024_55_education_binary_lower,55,education_binary,lower,ISCHEMIC_HEART_DISEASE,DEPRESSIVE_DISORDER,ok,,0.987934709322446,200,200,1.0,0.681159267959629,1.33696467304887,0.0,0.9811546736227335,1.0
2024_55_education_binary_lower,55,education_binary,lower,ISCHEMIC_HEART_DISEASE,DIABETES,ok,,1.03331301388973,200,200,1.0,0.786718441066939,1.3094931140257,0.0,0.9811546736227335,1.0
2024_55_education_binary_lower,55,education_binary,lower,ISCHEMIC_HEART_DISEASE,KIDNEY_DISEASE,ok,,0.860385061998003,200,200,1.0,0.438445616008673,1.15573654360376,0.0,0.9811546736227335,1.0
2024_55_education_binary_lower,55,education_binary,lower,ISCHEMIC_HEART_DISEASE,OTHER_CANCER,ok,,0.627220246867585,200,200,1.0,0.258454051783576,0.943060503857734,0.0,0.9811546736227335,1.0
2024_55_education_binary_lower,55,education_binary,lower,ISCHEMIC_HEART_DISEASE,SKIN_CANCER,ok,,0.681518572303668,200,200,1.0,0.260331725846123,1.00437024749665,0.0,0.9811546736227335,1.0
2024_55_education_binary_lower,55,education_binary,lower,ISCHEMIC_HEART_DISEASE,STROKE,ok,,1.0356132003149,200,200,1.0,0.602362346592066,1.388042209507,0.0,0.9811546736227335,1.0
2024_55_education_binary_lower,55,education_binary,lower,KIDNEY_DISEASE,ARTHRITIS,ok,,0.788410308232825,200,200,1.0,0.492605570780972,1.13687295428114,0.0,0.9811546736227335,1.0
2024_55_education_binary_lower,55,education_binary,lower,KIDNEY_DISEASE,DIABETES,ok,,0.913530231834097,200,200,1.0,0.628879184059572,1.2051569277212,0.0,0.9811546736227335,1.0
2024_55_education_binary_lower,55,education_binary,lower,OTHER_CANCER,ARTHRITIS,ok,,0.397410717181984,200,200,1.0,0.137995541871914,0.665849078574885,0.0,0.9811546736227335,1.0
2024_55_education_binary_lower,55,education_binary,lower,OTHER_CANCER,COPD,ok,,0.432523713224636,200,200,0.995,0.132543739778585,0.768828475307333,0.004987484335815003,0.9722262956021069,0.9991168312843989
2024_55_education_binary_lower,55,education_binary,lower,OTHER_CANCER,DEPRESSIVE_DISORDER,ok,,0.625943559013857,200,200,1.0,0.259163851399192,0.905069852026508,0.0,0.9811546736227335,1.0
2024_55_education_binary_lower,55,education_binary,lower,OTHER_CANCER,DIABETES,ok,,0.344541127513229,200,200,0.995,0.0898879914844808,0.57866210336138,0.004987484335815003,0.9722262956021069,0.9991168312843989
2024_55_education_binary_lower,55,education_binary,lower,OTHER_CANCER,KIDNEY_DISEASE,ok,,0.673553144455032,200,200,1.0,0.357909711719263,1.11756456339438,0.0,0.9811546736227335,1.0
2024_55_education_binary_lower,55,education_binary,lower,SKIN_CANCER,KIDNEY_DISEASE,ok,,0.905083941491804,200,200,1.0,0.42312746386754,1.33627251904908,0.0,0.9811546736227335,1.0
2024_55_education_binary_lower,55,education_binary,lower,SKIN_CANCER,OTHER_CANCER,ok,,0.881889645071662,200,200,1.0,0.428052797437761,1.24439553773218,0.0,0.9811546736227335,1.0
2024_55_education_binary_lower,55,education_binary,lower,STROKE,ARTHRITIS,ok,,0.68442482124161,200,200,1.0,0.404665961296093,1.01042219661507,0.0,0.9811546736227335,1.0
2024_55_education_binary_lower,55,education_binary,lower,STROKE,COPD,ok,,0.969714272071357,200,200,1.0,0.633778699800426,1.33990950582023,0.0,0.9811546736227335,1.0
2024_55_education_binary_lower,55,education_binary,lower,STROKE,DEPRESSIVE_DISORDER,ok,,0.871988934844447,200,200,1.0,0.482993565793608,1.24789638525176,0.0,0.9811546736227335,1.0
2024_55_education_binary_lower,55,education_binary,lower,STROKE,DIABETES,ok,,0.660597399206266,200,200,1.0,0.268546448075679,1.02253227689343,0.0,0.9811546736227335,1.0
2024_55_education_binary_lower,55,education_binary,lower,STROKE,KIDNEY_DISEASE,ok,,0.835515353938088,200,200,1.0,0.357190141362809,1.20602437352104,0.0,0.9811546736227335,1.0
2024_55_education_binary_lower,55,education_binary,lower,STROKE,OTHER_CANCER,ok,,0.66963210376098,200,200,0.985,0.096577652843991,1.1381384029932,0.008595056718835545,0.9568342712073097,0.9948857622067417
2024_56_education_binary_higher,56,education_binary,higher,ARTHRITIS,DIABETES,ok,,0.593583743105973,200,200,1.0,0.323213374495976,0.787208263191544,0.0,0.9811546736227335,1.0
2024_56_education_binary_higher,56,education_binary,higher,COPD,ARTHRITIS,ok,,1.08231301669193,200,200,1.0,0.724832974718322,1.43087429467338,0.0,0.9811546736227335,1.0
2024_56_education_binary_higher,56,education_binary,higher,COPD,DEPRESSIVE_DISORDER,ok,,1.29561445450535,200,200,1.0,0.977752587182676,1.69292224459772,0.0,0.9811546736227335,1.0
2024_56_education_binary_higher,56,education_binary,higher,COPD,DIABETES,ok,,0.806719456580404,200,200,1.0,0.475314902131459,1.1440940863092,0.0,0.9811546736227335,1.0
2024_56_education_binary_higher,56,education_binary,higher,CURRENT_ASTHMA,ARTHRITIS,ok,,0.84509832125684,200,200,1.0,0.539664145957989,1.20426762980882,0.0,0.9811546736227335,1.0
2024_56_education_binary_higher,56,education_binary,higher,CURRENT_ASTHMA,COPD,ok,,1.29890921246528,200,200,1.0,0.953168213080172,1.65815830199622,0.0,0.9811546736227335,1.0
2024_56_education_binary_higher,56,education_binary,higher,CURRENT_ASTHMA,DEPRESSIVE_DISORDER,ok,,0.980860726252678,200,200,1.0,0.711686409225779,1.30500083151321,0.0,0.9811546736227335,1.0
2024_56_education_binary_higher,56,education_binary,higher,CURRENT_ASTHMA,DIABETES,ok,,0.551191032200767,200,200,0.995,0.122753067758985,0.913901599704613,0.004987484335815003,0.9722262956021069,0.9991168312843989
2024_56_education_binary_higher,56,education_binary,higher,DEPRESSIVE_DISORDER,ARTHRITIS,ok,,0.757725406013981,200,200,1.0,0.52661740922018,1.01902819540465,0.0,0.9811546736227335,1.0
2024_56_education_binary_higher,56,education_binary,higher,DEPRESSIVE_DISORDER,DIABETES,ok,,0.679533581196862,200,200,1.0,0.334705952530961,0.991016512055122,0.0,0.9811546736227335,1.0
2024_56_education_binary_higher,56,education_binary,higher,DEPRESSIVE_DISORDER,KIDNEY_DISEASE,ok,,1.10980352216663,200,200,1.0,0.615454296611348,1.53685737829783,0.0,0.9811546736227335,1.0
2024_56_education_binary_higher,56,education_binary,higher,ISCHEMIC_HEART_DISEASE,ARTHRITIS,ok,,0.4712627278318,200,200,1.0,0.201203823448595,0.787887354319645,0.0,0.9811546736227335,1.0
2024_56_education_binary_higher,56,education_binary,higher,ISCHEMIC_HEART_DISEASE,COPD,ok,,1.42117618420214,200,200,1.0,1.0156569993092,1.85475254359269,0.0,0.9811546736227335,1.0
2024_56_education_binary_higher,56,education_binary,higher,ISCHEMIC_HEART_DISEASE,CURRENT_ASTHMA,ok,,0.570720063842366,200,200,0.995,0.150399835053687,1.00092546278055,0.004987484335815003,0.9722262956021069,0.9991168312843989
2024_56_education_binary_higher,56,education_binary,higher,ISCHEMIC_HEART_DISEASE,DEPRESSIVE_DISORDER,ok,,1.12017207160762,200,200,1.0,0.756636590696458,1.49121626344761,0.0,0.9811546736227335,1.0
2024_56_education_binary_higher,56,education_binary,higher,ISCHEMIC_HEART_DISEASE,DIABETES,ok,,0.881099401007185,200,200,1.0,0.562447237236188,1.20594983198938,0.0,0.9811546736227335,1.0
2024_56_education_binary_higher,56,education_binary,higher,ISCHEMIC_HEART_DISEASE,KIDNEY_DISEASE,ok,,1.04817326582959,200,200,1.0,0.414320738059652,1.55986712814679,0.0,0.9811546736227335,1.0
2024_56_education_binary_higher,56,education_binary,higher,ISCHEMIC_HEART_DISEASE,OTHER_CANCER,ok,,0.405742111291023,200,200,0.99,0.0426180189827879,0.672684528658948,0.007035623639735147,0.9642782382838231,0.9972533418664555
2024_56_education_binary_higher,56,education_binary,higher,ISCHEMIC_HEART_DISEASE,STROKE,ok,,1.70264556000381,200,200,1.0,1.19447170258058,2.33999287572457,0.0,0.9811546736227335,1.0
2024_56_education_binary_higher,56,education_binary,higher,KIDNEY_DISEASE,ARTHRITIS,ok,,0.71069771014328,200,200,1.0,0.181254334360338,1.1113143704131,0.0,0.9811546736227335,1.0
2024_56_education_binary_higher,56,education_binary,higher,KIDNEY_DISEASE,DIABETES,ok,,1.22774027643278,200,200,1.0,0.758582765147436,1.69480204960696,0.0,0.9811546736227335,1.0
2024_56_education_binary_higher,56,education_binary,higher,OTHER_CANCER,ARTHRITIS,ok,,0.426684449549996,200,200,1.0,0.17347519103592,0.67932645204651,0.0,0.9811546736227335,1.0
2024_56_education_binary_higher,56,education_binary,higher,OTHER_CANCER,COPD,ok,,0.596341617922153,200,200,1.0,0.277059109374987,0.945320642024428,0.0,0.9811546736227335,1.0
2024_56_education_binary_higher,56,education_binary,higher,OTHER_CANCER,DIABETES,ok,,0.350485940731987,200,200,0.985,0.0545797408671378,0.660398313896666,0.008595056718835545,0.9568342712073097,0.9948857622067417
2024_56_education_binary_higher,56,education_binary,higher,SKIN_CANCER,OTHER_CANCER,ok,,1.05215528246051,200,200,1.0,0.738009816568951,1.31544321219096,0.0,0.9811546736227335,1.0
2024_56_education_binary_higher,56,education_binary,higher,STROKE,COPD,ok,,1.26836678022965,200,200,1.0,0.661459746523096,1.86510431954855,0.0,0.9811546736227335,1.0
2024_56_education_binary_higher,56,education_binary,higher,STROKE,CURRENT_ASTHMA,ok,,0.722767025939909,200,200,0.985,0.115213498283545,1.34050976054547,0.008595056718835545,0.9568342712073097,0.9948857622067417
2024_56_education_binary_higher,56,education_binary,higher,STROKE,DEPRESSIVE_DISORDER,ok,,0.615870214016907,200,200,1.0,0.133088648095732,1.13969398221549,0.0,0.9811546736227335,1.0
2024_56_education_binary_higher,56,education_binary,higher,STROKE,DIABETES,ok,,0.997006531999032,200,200,1.0,0.434577831096696,1.46640877429587,0.0,0.9811546736227335,1.0
2024_56_education_binary_higher,56,education_binary,higher,STROKE,OTHER_CANCER,ok,,0.80578321628024,200,200,0.995,0.282400261809914,1.29426057816929,0.004987484335815003,0.9722262956021069,0.9991168312843989
2024_56_education_binary_lower,56,education_binary,lower,ARTHRITIS,DIABETES,ok,,0.809808767361287,200,200,1.0,0.346321967734206,1.2724195239103,0.0,0.9811546736227335,1.0
2024_56_education_binary_lower,56,education_binary,lower,COPD,ARTHRITIS,ok,,1.43048093988934,200,200,1.0,0.937813112311305,1.92377973014987,0.0,0.9811546736227335,1.0
2024_56_education_binary_lower,56,education_binary,lower,COPD,DEPRESSIVE_DISORDER,ok,,1.84082436673381,200,200,1.0,1.40954151289435,2.25916909237337,0.0,0.9811546736227335,1.0
2024_56_education_binary_lower,56,education_binary,lower,COPD,DIABETES,ok,,0.945984429361207,200,200,0.995,0.19636777764103,1.56196349529955,0.004987484335815003,0.9722262956021069,0.9991168312843989
2024_56_education_binary_lower,56,education_binary,lower,CURRENT_ASTHMA,COPD,ok,,1.27892521660653,200,200,1.0,0.543448822939649,1.90482003343734,0.0,0.9811546736227335,1.0
2024_56_education_binary_lower,56,education_binary,lower,DEPRESSIVE_DISORDER,ARTHRITIS,ok,,1.65290717435272,200,200,1.0,1.31659890020742,2.10904462437974,0.0,0.9811546736227335,1.0
2024_56_education_binary_lower,56,education_binary,lower,DEPRESSIVE_DISORDER,DIABETES,ok,,1.18515437962053,200,200,1.0,0.764331131472198,1.59846877063443,0.0,0.9811546736227335,1.0
2024_56_education_binary_lower,56,education_binary,lower,DEPRESSIVE_DISORDER,KIDNEY_DISEASE,ok,,1.17154060791449,200,200,1.0,0.414585782218957,1.79549500578607,0.0,0.9811546736227335,1.0
2024_56_education_binary_lower,56,education_binary,lower,ISCHEMIC_HEART_DISEASE,ARTHRITIS,ok,,0.849130939646727,200,200,1.0,0.356712302585035,1.32157132067835,0.0,0.9811546736227335,1.0
2024_56_education_binary_lower,56,education_binary,lower,ISCHEMIC_HEART_DISEASE,COPD,ok,,1.62389807667423,200,200,1.0,1.02698000517258,2.09089889539057,0.0,0.9811546736227335,1.0
2024_56_education_binary_lower,56,education_binary,lower,ISCHEMIC_HEART_DISEASE,DEPRESSIVE_DISORDER,ok,,1.24530074044931,200,200,1.0,0.70044786226545,1.78951602177918,0.0,0.9811546736227335,1.0
2024_56_education_binary_lower,56,education_binary,lower,ISCHEMIC_HEART_DISEASE,DIABETES,ok,,1.23205998416633,200,200,1.0,0.569857421426258,1.80857345280173,0.0,0.9811546736227335,1.0
2024_56_education_binary_lower,56,education_binary,lower,ISCHEMIC_HEART_DISEASE,KIDNEY_DISEASE,ok,,2.01268921634489,200,200,1.0,0.989688466858657,2.78232933297349,0.0,0.9811546736227335,1.0
2024_56_education_binary_lower,56,education_binary,lower,ISCHEMIC_HEART_DISEASE,OTHER_CANCER,ok,,1.20319396894306,200,200,0.995,0.325817169753783,1.90892512418559,0.004987484335815003,0.9722262956021069,0.9991168312843989
2024_56_education_binary_lower,56,education_binary,lower,ISCHEMIC_HEART_DISEASE,STROKE,ok,,2.75011809674074,200,200,1.0,1.92978439827275,3.4295897611666,0.0,0.9811546736227335,1.0
2024_56_education_binary_lower,56,education_binary,lower,KIDNEY_DISEASE,ARTHRITIS,ok,,1.42051772658189,200,200,1.0,0.504608669947139,2.2995621032641,0.0,0.9811546736227335,1.0
2024_56_education_binary_lower,56,education_binary,lower,KIDNEY_DISEASE,DIABETES,ok,,1.51645247084411,200,200,0.995,0.422472194215285,2.41630953396602,0.004987484335815003,0.9722262956021069,0.9991168312843989
2024_56_education_binary_lower,56,education_binary,lower,OTHER_CANCER,ARTHRITIS,ok,,0.906028134711062,200,200,1.0,0.431562282251289,1.57421399616346,0.0,0.9811546736227335,1.0
2024_56_education_binary_lower,56,education_binary,lower,OTHER_CANCER,DEPRESSIVE_DISORDER,ok,,0.90405424270132,200,200,1.0,0.306776391624694,1.40175149752078,0.0,0.9811546736227335,1.0
2024_56_education_binary_lower,56,education_binary,lower,OTHER_CANCER,DIABETES,ok,,0.99045304336297,200,200,1.0,0.257730927820421,1.58313827678545,0.0,0.9811546736227335,1.0
2024_56_education_binary_lower,56,education_binary,lower,SKIN_CANCER,ARTHRITIS,ok,,0.985764189911745,200,200,1.0,0.374370193435969,1.68847098332781,0.0,0.9811546736227335,1.0
2024_56_education_binary_lower,56,education_binary,lower,SKIN_CANCER,OTHER_CANCER,ok,,1.95558262638932,200,200,1.0,1.19533366522973,2.66857830381746,0.0,0.9811546736227335,1.0
2024_56_education_binary_lower,56,education_binary,lower,STROKE,COPD,ok,,1.62893488484547,200,200,1.0,0.653184424757776,2.39373370061098,0.0,0.9811546736227335,1.0
2024_56_education_binary_lower,56,education_binary,lower,STROKE,DEPRESSIVE_DISORDER,ok,,1.37268497229965,200,200,1.0,0.707728569753526,2.02939999305719,0.0,0.9811546736227335,1.0
2024_56_education_binary_lower,56,education_binary,lower,STROKE,KIDNEY_DISEASE,ok,,1.6047181378321,200,200,0.96,-0.0265618772782905,2.65094790002972,0.013856406460551024,0.923067931799067,0.9795943679338476
