graph_id,year,geography_code,geography,ses_category,n_unweighted,weighted_population_estimate,kish_effective_n,node_count,edge_count,density,component_count,isolate_count,mean_degree,maximum_degree,transitivity,population_graph_id,ses_definition,rule_id
2024_01_education_binary_higher__adjusted_fdr,2024,1,Alabama,higher,3331,2289224.873411157,2127.1728106886994,10,28,0.6222222222222222,2,0,5.6,7,0.9615384615384616,2024_01_education_binary_higher,education_binary,adjusted_fdr
2024_01_education_binary_higher__adjusted_stable,2024,1,Alabama,higher,3331,2289224.873411157,2127.1728106886994,10,28,0.6222222222222222,2,0,5.6,7,0.9615384615384616,2024_01_education_binary_higher,education_binary,adjusted_stable
2024_01_education_binary_higher__phi_008,2024,1,Alabama,higher,3331,2289224.873411157,2127.1728106886994,10,28,0.6222222222222222,1,0,5.6,9,0.7142857142857143,2024_01_education_binary_higher,education_binary,phi_008
2024_01_education_binary_higher__phi_012,2024,1,Alabama,higher,3331,2289224.873411157,2127.1728106886994,10,19,0.4222222222222222,1,0,3.8,7,0.5373134328358209,2024_01_education_binary_higher,education_binary,phi_012
2024_01_education_binary_lower__adjusted_fdr,2024,1,Alabama,lower,1747,1767123.4791202508,1029.0643566588815,10,19,0.4222222222222222,1,0,3.8,6,0.5294117647058824,2024_01_education_binary_lower,education_binary,adjusted_fdr
2024_01_education_binary_lower__adjusted_stable,2024,1,Alabama,lower,1747,1767123.4791202508,1029.0643566588815,10,19,0.4222222222222222,1,0,3.8,6,0.5294117647058824,2024_01_education_binary_lower,education_binary,adjusted_stable
2024_01_education_binary_lower__phi_008,2024,1,Alabama,lower,1747,1767123.4791202508,1029.0643566588815,10,27,0.6,1,0,5.4,9,0.6716417910447762,2024_01_education_binary_lower,education_binary,phi_008
2024_01_education_binary_lower__phi_012,2024,1,Alabama,lower,1747,1767123.4791202508,1029.0643566588815,10,19,0.4222222222222222,1,0,3.8,8,0.5217391304347826,2024_01_education_binary_lower,education_binary,phi_012
2024_01_income_binary_higher__adjusted_fdr,2024,1,Alabama,higher,2276,1827875.596769203,1485.8740080589046,10,22,0.4888888888888889,1,0,4.4,7,0.6333333333333333,2024_01_income_binary_higher,income_binary,adjusted_fdr
2024_01_income_binary_higher__phi_008,2024,1,Alabama,higher,2276,1827875.596769203,1485.8740080589046,10,26,0.5777777777777777,1,0,5.2,9,0.6850393700787402,2024_01_income_binary_higher,income_binary,phi_008
2024_01_income_binary_higher__phi_012,2024,1,Alabama,higher,2276,1827875.596769203,1485.8740080589046,10,16,0.35555555555555557,1,0,3.2,7,0.3125,2024_01_income_binary_higher,income_binary,phi_012
2024_01_income_binary_lower__adjusted_fdr,2024,1,Alabama,lower,1742,1409436.9500555396,963.6414566336706,10,21,0.4666666666666667,1,0,4.2,7,0.38961038961038963,2024_01_income_binary_lower,income_binary,adjusted_fdr
2024_01_income_binary_lower__phi_008,2024,1,Alabama,lower,1742,1409436.9500555396,963.6414566336706,10,25,0.5555555555555556,1,0,5.0,8,0.6982758620689655,2024_01_income_binary_lower,income_binary,phi_008
2024_01_income_binary_lower__phi_012,2024,1,Alabama,lower,1742,1409436.9500555396,963.6414566336706,10,19,0.4222222222222222,1,0,3.8,7,0.5294117647058824,2024_01_income_binary_lower,income_binary,phi_012
2024_02_education_binary_higher__adjusted_fdr,2024,2,Alaska,higher,3800,346527.81918179826,1563.6091266389528,10,26,0.5777777777777777,1,0,5.2,7,0.7674418604651163,2024_02_education_binary_higher,education_binary,adjusted_fdr
2024_02_education_binary_higher__adjusted_stable,2024,2,Alaska,higher,3800,346527.81918179826,1563.6091266389528,10,26,0.5777777777777777,1,0,5.2,7,0.7674418604651163,2024_02_education_binary_higher,education_binary,adjusted_stable
2024_02_education_binary_higher__phi_008,2024,2,Alaska,higher,3800,346527.81918179826,1563.6091266389528,10,24,0.5333333333333333,1,0,4.8,8,0.6605504587155964,2024_02_education_binary_higher,education_binary,phi_008
2024_02_education_binary_higher__phi_012,2024,2,Alaska,higher,3800,346527.81918179826,1563.6091266389528,10,13,0.28888888888888886,2,1,2.6,5,0.5294117647058824,2024_02_education_binary_higher,education_binary,phi_012
2024_02_education_binary_lower__adjusted_fdr,2024,2,Alaska,lower,1665,213654.9352923655,751.919291347211,10,21,0.4666666666666667,1,0,4.2,6,0.6144578313253012,2024_02_education_binary_lower,education_binary,adjusted_fdr
2024_02_education_binary_lower__adjusted_stable,2024,2,Alaska,lower,1665,213654.9352923655,751.919291347211,10,21,0.4666666666666667,1,0,4.2,6,0.6144578313253012,2024_02_education_binary_lower,education_binary,adjusted_stable
2024_02_education_binary_lower__phi_008,2024,2,Alaska,lower,1665,213654.9352923655,751.919291347211,10,30,0.6666666666666666,1,0,6.0,8,0.7037037037037037,2024_02_education_binary_lower,education_binary,phi_008
2024_02_education_binary_lower__phi_012,2024,2,Alaska,lower,1665,213654.9352923655,751.919291347211,10,21,0.4666666666666667,1,0,4.2,8,0.5930232558139535,2024_02_education_binary_lower,education_binary,phi_012
2024_02_income_binary_higher__adjusted_fdr,2024,2,Alaska,higher,3080,310320.9540284643,1374.9159371491664,10,21,0.4666666666666667,2,0,4.2,7,0.75,2024_02_income_binary_higher,income_binary,adjusted_fdr
2024_02_income_binary_higher__phi_008,2024,2,Alaska,higher,3080,310320.9540284643,1374.9159371491664,10,26,0.5777777777777777,1,0,5.2,8,0.672,2024_02_income_binary_higher,income_binary,phi_008
2024_02_income_binary_higher__phi_012,2024,2,Alaska,higher,3080,310320.9540284643,1374.9159371491664,10,15,0.3333333333333333,1,0,3.0,6,0.47368421052631576,2024_02_income_binary_higher,income_binary,phi_012
2024_02_income_binary_lower__adjusted_fdr,2024,2,Alaska,lower,1430,143100.32835141305,551.5525528648475,10,21,0.4666666666666667,1,0,4.2,6,0.6,2024_02_income_binary_lower,income_binary,adjusted_fdr
2024_02_income_binary_lower__phi_008,2024,2,Alaska,lower,1430,143100.32835141305,551.5525528648475,10,30,0.6666666666666666,1,0,6.0,9,0.7941176470588235,2024_02_income_binary_lower,income_binary,phi_008
2024_02_income_binary_lower__phi_012,2024,2,Alaska,lower,1430,143100.32835141305,551.5525528648475,10,21,0.4666666666666667,1,0,4.2,6,0.6144578313253012,2024_02_income_binary_lower,income_binary,phi_012
2024_04_education_binary_higher__adjusted_fdr,2024,4,Arizona,higher,5993,3760062.140502301,1895.3198772378423,10,26,0.5777777777777777,1,0,5.2,9,0.6412213740458015,2024_04_education_binary_higher,education_binary,adjusted_fdr
2024_04_education_binary_higher__adjusted_stable,2024,4,Arizona,higher,5993,3760062.140502301,1895.3198772378423,10,26,0.5777777777777777,1,0,5.2,9,0.6412213740458015,2024_04_education_binary_higher,education_binary,adjusted_stable
2024_04_education_binary_higher__phi_008,2024,4,Arizona,higher,5993,3760062.140502301,1895.3198772378423,10,26,0.5777777777777777,1,0,5.2,9,0.7099236641221374,2024_04_education_binary_higher,education_binary,phi_008
2024_04_education_binary_higher__phi_012,2024,4,Arizona,higher,5993,3760062.140502301,1895.3198772378423,10,16,0.35555555555555557,2,1,3.2,6,0.6,2024_04_education_binary_higher,education_binary,phi_012
2024_04_education_binary_lower__adjusted_fdr,2024,4,Arizona,lower,2555,2192780.438675736,777.6595660941617,10,21,0.4666666666666667,1,0,4.2,9,0.5581395348837209,2024_04_education_binary_lower,education_binary,adjusted_fdr
2024_04_education_binary_lower__adjusted_stable,2024,4,Arizona,lower,2555,2192780.438675736,777.6595660941617,10,21,0.4666666666666667,1,0,4.2,9,0.5581395348837209,2024_04_education_binary_lower,education_binary,adjusted_stable
2024_04_education_binary_lower__phi_008,2024,4,Arizona,lower,2555,2192780.438675736,777.6595660941617,10,24,0.5333333333333333,1,0,4.8,8,0.5887850467289719,2024_04_education_binary_lower,education_binary,phi_008
2024_04_education_binary_lower__phi_012,2024,4,Arizona,lower,2555,2192780.438675736,777.6595660941617,10,15,0.3333333333333333,2,1,3.0,6,0.5510204081632653,2024_04_education_binary_lower,education_binary,phi_012
2024_04_income_binary_higher__adjusted_fdr,2024,4,Arizona,higher,3869,2881001.1717422483,1264.5731053336278,10,18,0.4,2,1,3.6,5,0.5084745762711864,2024_04_income_binary_higher,income_binary,adjusted_fdr
2024_04_income_binary_higher__phi_008,2024,4,Arizona,higher,3869,2881001.1717422483,1264.5731053336278,10,22,0.4888888888888889,1,0,4.4,8,0.65625,2024_04_income_binary_higher,income_binary,phi_008
2024_04_income_binary_higher__phi_012,2024,4,Arizona,higher,3869,2881001.1717422483,1264.5731053336278,10,16,0.35555555555555557,2,1,3.2,6,0.5660377358490566,2024_04_income_binary_higher,income_binary,phi_012
2024_04_income_binary_lower__adjusted_fdr,2024,4,Arizona,lower,3052,1884418.4622512264,867.2252906480702,10,25,0.5555555555555556,1,0,5.0,8,0.7016129032258065,2024_04_income_binary_lower,income_binary,adjusted_fdr
2024_04_income_binary_lower__phi_008,2024,4,Arizona,lower,3052,1884418.4622512264,867.2252906480702,10,28,0.6222222222222222,1,0,5.6,9,0.6891891891891891,2024_04_income_binary_lower,income_binary,phi_008
2024_04_income_binary_lower__phi_012,2024,4,Arizona,lower,3052,1884418.4622512264,867.2252906480702,10,20,0.4444444444444444,1,0,4.0,7,0.6,2024_04_income_binary_lower,income_binary,phi_012
2024_05_education_binary_higher__adjusted_fdr,2024,5,Arkansas,higher,3210,1273916.8807018145,1995.8277397641612,10,36,0.8,1,0,7.2,9,0.864406779661017,2024_05_education_binary_higher,education_binary,adjusted_fdr
2024_05_education_binary_higher__adjusted_stable,2024,5,Arkansas,higher,3210,1273916.8807018145,1995.8277397641612,10,36,0.8,1,0,7.2,9,0.864406779661017,2024_05_education_binary_higher,education_binary,adjusted_stable
2024_05_education_binary_higher__phi_008,2024,5,Arkansas,higher,3210,1273916.8807018145,1995.8277397641612,10,30,0.6666666666666666,1,0,6.0,9,0.7544910179640718,2024_05_education_binary_higher,education_binary,phi_008
2024_05_education_binary_higher__phi_012,2024,5,Arkansas,higher,3210,1273916.8807018145,1995.8277397641612,10,20,0.4444444444444444,1,0,4.0,9,0.525,2024_05_education_binary_higher,education_binary,phi_012
2024_05_education_binary_lower__adjusted_fdr,2024,5,Arkansas,lower,2106,1126305.92440219,1269.5956544170654,10,33,0.7333333333333333,1,0,6.6,9,0.8719211822660099,2024_05_education_binary_lower,education_binary,adjusted_fdr
2024_05_education_binary_lower__adjusted_stable,2024,5,Arkansas,lower,2106,1126305.92440219,1269.5956544170654,10,33,0.7333333333333333,1,0,6.6,9,0.8719211822660099,2024_05_education_binary_lower,education_binary,adjusted_stable
2024_05_education_binary_lower__phi_008,2024,5,Arkansas,lower,2106,1126305.92440219,1269.5956544170654,10,33,0.7333333333333333,1,0,6.6,9,0.78,2024_05_education_binary_lower,education_binary,phi_008
2024_05_education_binary_lower__phi_012,2024,5,Arkansas,lower,2106,1126305.92440219,1269.5956544170654,10,25,0.5555555555555556,1,0,5.0,8,0.675,2024_05_education_binary_lower,education_binary,phi_012
2024_05_income_binary_higher__adjusted_fdr,2024,5,Arkansas,higher,2145,991492.4312387338,1378.167926158787,10,22,0.4888888888888889,1,0,4.4,8,0.5666666666666667,2024_05_income_binary_higher,income_binary,adjusted_fdr
2024_05_income_binary_higher__phi_008,2024,5,Arkansas,higher,2145,991492.4312387338,1378.167926158787,10,24,0.5333333333333333,1,0,4.8,8,0.6545454545454545,2024_05_income_binary_higher,income_binary,phi_008
2024_05_income_binary_higher__phi_012,2024,5,Arkansas,higher,2145,991492.4312387338,1378.167926158787,10,14,0.3111111111111111,2,1,2.8,7,0.391304347826087,2024_05_income_binary_higher,income_binary,phi_012
2024_05_income_binary_lower__adjusted_fdr,2024,5,Arkansas,lower,2169,973845.4766279169,1252.6076307704868,10,33,0.7333333333333333,1,0,6.6,9,0.8719211822660099,2024_05_income_binary_lower,income_binary,adjusted_fdr
2024_05_income_binary_lower__phi_008,2024,5,Arkansas,lower,2169,973845.4766279169,1252.6076307704868,10,33,0.7333333333333333,1,0,6.6,9,0.7684729064039408,2024_05_income_binary_lower,income_binary,phi_008
2024_05_income_binary_lower__phi_012,2024,5,Arkansas,lower,2169,973845.4766279169,1252.6076307704868,10,24,0.5333333333333333,1,0,4.8,9,0.6106194690265486,2024_05_income_binary_lower,income_binary,phi_012
2024_06_education_binary_higher__adjusted_fdr,2024,6,California,higher,5797,19041264.215503752,2679.125435867049,10,37,0.8222222222222222,1,0,7.4,9,0.8536585365853658,2024_06_education_binary_higher,education_binary,adjusted_fdr
2024_06_education_binary_higher__adjusted_stable,2024,6,California,higher,5797,19041264.215503752,2679.125435867049,10,37,0.8222222222222222,1,0,7.4,9,0.8536585365853658,2024_06_education_binary_higher,education_binary,adjusted_stable
2024_06_education_binary_higher__phi_008,2024,6,California,higher,5797,19041264.215503752,2679.125435867049,10,29,0.6444444444444445,1,0,5.8,9,0.7692307692307693,2024_06_education_binary_higher,education_binary,phi_008
2024_06_education_binary_higher__phi_012,2024,6,California,higher,5797,19041264.215503752,2679.125435867049,10,20,0.4444444444444444,1,0,4.0,8,0.6153846153846154,2024_06_education_binary_higher,education_binary,phi_012
2024_06_education_binary_lower__adjusted_fdr,2024,6,California,lower,2536,11454238.772285284,1471.1327463442656,10,24,0.5333333333333333,1,0,4.8,8,0.6285714285714286,2024_06_education_binary_lower,education_binary,adjusted_fdr
2024_06_education_binary_lower__adjusted_stable,2024,6,California,lower,2536,11454238.772285284,1471.1327463442656,10,24,0.5333333333333333,1,0,4.8,8,0.6285714285714286,2024_06_education_binary_lower,education_binary,adjusted_stable
2024_06_education_binary_lower__phi_008,2024,6,California,lower,2536,11454238.772285284,1471.1327463442656,10,21,0.4666666666666667,1,0,4.2,6,0.52,2024_06_education_binary_lower,education_binary,phi_008
2024_06_education_binary_lower__phi_012,2024,6,California,lower,2536,11454238.772285284,1471.1327463442656,10,15,0.3333333333333333,1,0,3.0,6,0.43902439024390244,2024_06_education_binary_lower,education_binary,phi_012
2024_06_income_binary_higher__adjusted_fdr,2024,6,California,higher,3740,13895553.697232518,1802.1727285509733,10,23,0.5111111111111111,1,0,4.6,7,0.5,2024_06_income_binary_higher,income_binary,adjusted_fdr
2024_06_income_binary_higher__phi_008,2024,6,California,higher,3740,13895553.697232518,1802.1727285509733,10,25,0.5555555555555556,1,0,5.0,9,0.6982758620689655,2024_06_income_binary_higher,income_binary,phi_008
2024_06_income_binary_higher__phi_012,2024,6,California,higher,3740,13895553.697232518,1802.1727285509733,10,15,0.3333333333333333,2,1,3.0,7,0.44680851063829785,2024_06_income_binary_higher,income_binary,phi_012
2024_06_income_binary_lower__adjusted_fdr,2024,6,California,lower,2715,9383685.7977519,1431.4019850408517,10,28,0.6222222222222222,1,0,5.6,7,0.7655172413793103,2024_06_income_binary_lower,income_binary,adjusted_fdr
2024_06_income_binary_lower__phi_008,2024,6,California,lower,2715,9383685.7977519,1431.4019850408517,10,32,0.7111111111111111,1,0,6.4,9,0.7258064516129032,2024_06_income_binary_lower,income_binary,phi_008
2024_06_income_binary_lower__phi_012,2024,6,California,lower,2715,9383685.7977519,1431.4019850408517,10,21,0.4666666666666667,1,0,4.2,9,0.5862068965517241,2024_06_income_binary_lower,income_binary,phi_012
2024_08_education_binary_higher__adjusted_fdr,2024,8,Colorado,higher,8211,3308692.8095656955,6048.286811060391,10,36,0.8,1,0,7.2,9,0.8275862068965517,2024_08_education_binary_higher,education_binary,adjusted_fdr
2024_08_education_binary_higher__adjusted_stable,2024,8,Colorado,higher,8211,3308692.8095656955,6048.286811060391,10,36,0.8,1,0,7.2,9,0.8275862068965517,2024_08_education_binary_higher,education_binary,adjusted_stable
2024_08_education_binary_higher__phi_008,2024,8,Colorado,higher,8211,3308692.8095656955,6048.286811060391,10,28,0.6222222222222222,1,0,5.6,9,0.7449664429530202,2024_08_education_binary_higher,education_binary,phi_008
2024_08_education_binary_higher__phi_012,2024,8,Colorado,higher,8211,3308692.8095656955,6048.286811060391,10,16,0.35555555555555557,1,0,3.2,6,0.5,2024_08_education_binary_higher,education_binary,phi_012
2024_08_education_binary_lower__adjusted_fdr,2024,8,Colorado,lower,2617,1407667.44185125,1957.9174540389397,10,34,0.7555555555555555,1,0,6.8,9,0.8142857142857143,2024_08_education_binary_lower,education_binary,adjusted_fdr
2024_08_education_binary_lower__adjusted_stable,2024,8,Colorado,lower,2617,1407667.44185125,1957.9174540389397,10,34,0.7555555555555555,1,0,6.8,9,0.8142857142857143,2024_08_education_binary_lower,education_binary,adjusted_stable
2024_08_education_binary_lower__phi_008,2024,8,Colorado,lower,2617,1407667.44185125,1957.9174540389397,10,31,0.6888888888888889,1,0,6.2,9,0.7752808988764045,2024_08_education_binary_lower,education_binary,phi_008
2024_08_education_binary_lower__phi_012,2024,8,Colorado,lower,2617,1407667.44185125,1957.9174540389397,10,22,0.4888888888888889,1,0,4.4,9,0.574468085106383,2024_08_education_binary_lower,education_binary,phi_012
2024_08_income_binary_higher__adjusted_fdr,2024,8,Colorado,higher,5929,2613233.652422513,4426.266986033821,10,31,0.6888888888888889,1,0,6.2,9,0.8166666666666667,2024_08_income_binary_higher,income_binary,adjusted_fdr
2024_08_income_binary_higher__phi_008,2024,8,Colorado,higher,5929,2613233.652422513,4426.266986033821,10,25,0.5555555555555556,1,0,5.0,9,0.675,2024_08_income_binary_higher,income_binary,phi_008
2024_08_income_binary_higher__phi_012,2024,8,Colorado,higher,5929,2613233.652422513,4426.266986033821,10,14,0.3111111111111111,1,0,2.8,6,0.4864864864864865,2024_08_income_binary_higher,income_binary,phi_012
2024_08_income_binary_lower__adjusted_fdr,2024,8,Colorado,lower,2876,1223371.8699177103,2038.3221213223753,10,33,0.7333333333333333,1,0,6.6,9,0.7692307692307693,2024_08_income_binary_lower,income_binary,adjusted_fdr
2024_08_income_binary_lower__phi_008,2024,8,Colorado,lower,2876,1223371.8699177103,2038.3221213223753,10,32,0.7111111111111111,1,0,6.4,9,0.7978723404255319,2024_08_income_binary_lower,income_binary,phi_008
2024_08_income_binary_lower__phi_012,2024,8,Colorado,lower,2876,1223371.8699177103,2038.3221213223753,10,23,0.5111111111111111,1,0,4.6,9,0.6407766990291263,2024_08_income_binary_lower,income_binary,phi_012
2024_09_education_binary_higher__adjusted_fdr,2024,9,Connecticut,higher,5193,1863915.277963453,2734.0464334665076,10,30,0.6666666666666666,1,0,6.0,8,0.7134146341463414,2024_09_education_binary_higher,education_binary,adjusted_fdr
2024_09_education_binary_higher__adjusted_stable,2024,9,Connecticut,higher,5193,1863915.277963453,2734.0464334665076,10,30,0.6666666666666666,1,0,6.0,8,0.7134146341463414,2024_09_education_binary_higher,education_binary,adjusted_stable
2024_09_education_binary_higher__phi_008,2024,9,Connecticut,higher,5193,1863915.277963453,2734.0464334665076,10,22,0.4888888888888889,1,0,4.4,7,0.6847826086956522,2024_09_education_binary_higher,education_binary,phi_008
2024_09_education_binary_higher__phi_012,2024,9,Connecticut,higher,5193,1863915.277963453,2734.0464334665076,10,12,0.26666666666666666,2,1,2.4,6,0.41379310344827586,2024_09_education_binary_higher,education_binary,phi_012
2024_09_education_binary_lower__adjusted_fdr,2024,9,Connecticut,lower,1958,1038049.0971058925,996.1355979004968,10,18,0.4,1,0,3.6,6,0.55,2024_09_education_binary_lower,education_binary,adjusted_fdr
2024_09_education_binary_lower__adjusted_stable,2024,9,Connecticut,lower,1958,1038049.0971058925,996.1355979004968,10,18,0.4,1,0,3.6,6,0.55,2024_09_education_binary_lower,education_binary,adjusted_stable
2024_09_education_binary_lower__phi_008,2024,9,Connecticut,lower,1958,1038049.0971058925,996.1355979004968,10,25,0.5555555555555556,1,0,5.0,9,0.635593220338983,2024_09_education_binary_lower,education_binary,phi_008
2024_09_education_binary_lower__phi_012,2024,9,Connecticut,lower,1958,1038049.0971058925,996.1355979004968,10,17,0.37777777777777777,1,0,3.4,6,0.4117647058823529,2024_09_education_binary_lower,education_binary,phi_012
2024_09_income_binary_higher__adjusted_fdr,2024,9,Connecticut,higher,3900,1562827.218916472,2048.8212636565413,10,14,0.3111111111111111,2,1,2.8,5,0.5853658536585366,2024_09_income_binary_higher,income_binary,adjusted_fdr
2024_09_income_binary_higher__phi_008,2024,9,Connecticut,higher,3900,1562827.218916472,2048.8212636565413,10,20,0.4444444444444444,1,0,4.0,8,0.6551724137931034,2024_09_income_binary_higher,income_binary,phi_008
2024_09_income_binary_higher__phi_012,2024,9,Connecticut,higher,3900,1562827.218916472,2048.8212636565413,10,14,0.3111111111111111,3,2,2.8,6,0.6136363636363636,2024_09_income_binary_higher,income_binary,phi_012
2024_09_income_binary_lower__adjusted_fdr,2024,9,Connecticut,lower,1789,693801.3443860351,849.0139738060864,10,18,0.4,1,0,3.6,6,0.5084745762711864,2024_09_income_binary_lower,income_binary,adjusted_fdr
2024_09_income_binary_lower__phi_008,2024,9,Connecticut,lower,1789,693801.3443860351,849.0139738060864,10,27,0.6,1,0,5.4,9,0.6739130434782609,2024_09_income_binary_lower,income_binary,phi_008
2024_09_income_binary_lower__phi_012,2024,9,Connecticut,lower,1789,693801.3443860351,849.0139738060864,10,17,0.37777777777777777,1,0,3.4,7,0.48214285714285715,2024_09_income_binary_lower,income_binary,phi_012
2024_10_education_binary_higher__adjusted_fdr,2024,10,Delaware,higher,2995,511371.640078207,1375.0261659242403,10,29,0.6444444444444445,1,0,5.8,8,0.7784810126582279,2024_10_education_binary_higher,education_binary,adjusted_fdr
2024_10_education_binary_higher__adjusted_stable,2024,10,Delaware,higher,2995,511371.640078207,1375.0261659242403,10,29,0.6444444444444445,1,0,5.8,8,0.7784810126582279,2024_10_education_binary_higher,education_binary,adjusted_stable
2024_10_education_binary_higher__phi_008,2024,10,Delaware,higher,2995,511371.640078207,1375.0261659242403,10,27,0.6,1,0,5.4,9,0.7226277372262774,2024_10_education_binary_higher,education_binary,phi_008
2024_10_education_binary_higher__phi_012,2024,10,Delaware,higher,2995,511371.640078207,1375.0261659242403,10,20,0.4444444444444444,1,0,4.0,7,0.4583333333333333,2024_10_education_binary_higher,education_binary,phi_012
2024_10_education_binary_lower__adjusted_fdr,2024,10,Delaware,lower,1349,328777.7729671034,650.6073209753836,10,14,0.3111111111111111,2,0,2.8,5,0.6363636363636364,2024_10_education_binary_lower,education_binary,adjusted_fdr
2024_10_education_binary_lower__adjusted_stable,2024,10,Delaware,lower,1349,328777.7729671034,650.6073209753836,10,14,0.3111111111111111,2,0,2.8,5,0.6363636363636364,2024_10_education_binary_lower,education_binary,adjusted_stable
2024_10_education_binary_lower__phi_008,2024,10,Delaware,lower,1349,328777.7729671034,650.6073209753836,10,29,0.6444444444444445,1,0,5.8,9,0.7452229299363057,2024_10_education_binary_lower,education_binary,phi_008
2024_10_education_binary_lower__phi_012,2024,10,Delaware,lower,1349,328777.7729671034,650.6073209753836,10,18,0.4,1,0,3.6,8,0.515625,2024_10_education_binary_lower,education_binary,phi_012
2024_10_income_binary_higher__adjusted_fdr,2024,10,Delaware,higher,2111,412485.43905260554,949.6479093983348,10,18,0.4,1,0,3.6,7,0.47619047619047616,2024_10_income_binary_higher,income_binary,adjusted_fdr
2024_10_income_binary_higher__phi_008,2024,10,Delaware,higher,2111,412485.43905260554,949.6479093983348,10,24,0.5333333333333333,1,0,4.8,7,0.6728971962616822,2024_10_income_binary_higher,income_binary,phi_008
2024_10_income_binary_higher__phi_012,2024,10,Delaware,higher,2111,412485.43905260554,949.6479093983348,10,15,0.3333333333333333,1,0,3.0,6,0.4883720930232558,2024_10_income_binary_higher,income_binary,phi_012
2024_10_income_binary_lower__adjusted_fdr,2024,10,Delaware,lower,1274,235818.0308906566,633.9358334755966,10,16,0.35555555555555557,2,0,3.2,6,0.5106382978723404,2024_10_income_binary_lower,income_binary,adjusted_fdr
2024_10_income_binary_lower__phi_008,2024,10,Delaware,lower,1274,235818.0308906566,633.9358334755966,10,28,0.6222222222222222,1,0,5.6,9,0.6620689655172414,2024_10_income_binary_lower,income_binary,phi_008
2024_10_income_binary_lower__phi_012,2024,10,Delaware,lower,1274,235818.0308906566,633.9358334755966,10,21,0.4666666666666667,1,0,4.2,8,0.5232558139534884,2024_10_income_binary_lower,income_binary,phi_012
2024_12_education_binary_higher__adjusted_fdr,2024,12,Florida,higher,8633,11390032.978743833,2188.1128781209063,10,36,0.8,1,0,7.2,9,0.8461538461538461,2024_12_education_binary_higher,education_binary,adjusted_fdr
2024_12_education_binary_higher__adjusted_stable,2024,12,Florida,higher,8633,11390032.978743833,2188.1128781209063,10,36,0.8,1,0,7.2,9,0.8461538461538461,2024_12_education_binary_higher,education_binary,adjusted_stable
2024_12_education_binary_higher__phi_008,2024,12,Florida,higher,8633,11390032.978743833,2188.1128781209063,10,29,0.6444444444444445,1,0,5.8,9,0.7261146496815286,2024_12_education_binary_higher,education_binary,phi_008
2024_12_education_binary_higher__phi_012,2024,12,Florida,higher,8633,11390032.978743833,2188.1128781209063,10,20,0.4444444444444444,2,1,4.0,7,0.6951219512195121,2024_12_education_binary_higher,education_binary,phi_012
2024_12_education_binary_lower__adjusted_fdr,2024,12,Florida,lower,4379,7329115.894313465,1036.7520276736052,10,26,0.5777777777777777,1,0,5.2,7,0.6774193548387096,2024_12_education_binary_lower,education_binary,adjusted_fdr
2024_12_education_binary_lower__adjusted_stable,2024,12,Florida,lower,4379,7329115.894313465,1036.7520276736052,10,26,0.5777777777777777,1,0,5.2,7,0.6774193548387096,2024_12_education_binary_lower,education_binary,adjusted_stable
2024_12_education_binary_lower__phi_008,2024,12,Florida,lower,4379,7329115.894313465,1036.7520276736052,10,33,0.7333333333333333,1,0,6.6,9,0.803030303030303,2024_12_education_binary_lower,education_binary,phi_008
2024_12_education_binary_lower__phi_012,2024,12,Florida,lower,4379,7329115.894313465,1036.7520276736052,10,25,0.5555555555555556,1,0,5.0,8,0.5892857142857143,2024_12_education_binary_lower,education_binary,phi_012
2024_12_income_binary_higher__adjusted_fdr,2024,12,Florida,higher,5684,8519660.137322417,1573.782206896504,10,26,0.5777777777777777,1,0,5.2,8,0.639344262295082,2024_12_income_binary_higher,income_binary,adjusted_fdr
2024_12_income_binary_higher__phi_008,2024,12,Florida,higher,5684,8519660.137322417,1573.782206896504,10,26,0.5777777777777777,1,0,5.2,9,0.6992481203007519,2024_12_income_binary_higher,income_binary,phi_008
2024_12_income_binary_higher__phi_012,2024,12,Florida,higher,5684,8519660.137322417,1573.782206896504,10,16,0.35555555555555557,2,1,3.2,6,0.5892857142857143,2024_12_income_binary_higher,income_binary,phi_012
2024_12_income_binary_lower__adjusted_fdr,2024,12,Florida,lower,4512,6063424.020607368,1003.586718079793,10,29,0.6444444444444445,1,0,5.8,8,0.7350993377483444,2024_12_income_binary_lower,income_binary,adjusted_fdr
2024_12_income_binary_lower__phi_008,2024,12,Florida,lower,4512,6063424.020607368,1003.586718079793,10,36,0.8,1,0,7.2,9,0.8181818181818182,2024_12_income_binary_lower,income_binary,phi_008
2024_12_income_binary_lower__phi_012,2024,12,Florida,lower,4512,6063424.020607368,1003.586718079793,10,28,0.6222222222222222,1,0,5.6,9,0.6549295774647887,2024_12_income_binary_lower,income_binary,phi_012
2024_13_education_binary_higher__adjusted_fdr,2024,13,Georgia,higher,4805,5204231.645053592,2222.9533787684472,10,33,0.7333333333333333,1,0,6.6,8,0.8423645320197044,2024_13_education_binary_higher,education_binary,adjusted_fdr
2024_13_education_binary_higher__adjusted_stable,2024,13,Georgia,higher,4805,5204231.645053592,2222.9533787684472,10,33,0.7333333333333333,1,0,6.6,8,0.8423645320197044,2024_13_education_binary_higher,education_binary,adjusted_stable
2024_13_education_binary_higher__phi_008,2024,13,Georgia,higher,4805,5204231.645053592,2222.9533787684472,10,27,0.6,1,0,5.4,9,0.6739130434782609,2024_13_education_binary_higher,education_binary,phi_008
2024_13_education_binary_higher__phi_012,2024,13,Georgia,higher,4805,5204231.645053592,2222.9533787684472,10,18,0.4,1,0,3.6,7,0.65,2024_13_education_binary_higher,education_binary,phi_012
2024_13_education_binary_lower__adjusted_fdr,2024,13,Georgia,lower,2418,3484176.061540573,1060.5229114708488,10,29,0.6444444444444445,1,0,5.8,8,0.7207792207792207,2024_13_education_binary_lower,education_binary,adjusted_fdr
2024_13_education_binary_lower__adjusted_stable,2024,13,Georgia,lower,2418,3484176.061540573,1060.5229114708488,10,29,0.6444444444444445,1,0,5.8,8,0.7207792207792207,2024_13_education_binary_lower,education_binary,adjusted_stable
2024_13_education_binary_lower__phi_008,2024,13,Georgia,lower,2418,3484176.061540573,1060.5229114708488,10,31,0.6888888888888889,1,0,6.2,9,0.7415730337078652,2024_13_education_binary_lower,education_binary,phi_008
2024_13_education_binary_lower__phi_012,2024,13,Georgia,lower,2418,3484176.061540573,1060.5229114708488,10,26,0.5777777777777777,1,0,5.2,9,0.624,2024_13_education_binary_lower,education_binary,phi_012
2024_13_income_binary_higher__adjusted_fdr,2024,13,Georgia,higher,3287,4201673.626886201,1592.5748578242014,10,20,0.4444444444444444,2,0,4.0,6,0.7307692307692307,2024_13_income_binary_higher,income_binary,adjusted_fdr
2024_13_income_binary_higher__phi_008,2024,13,Georgia,higher,3287,4201673.626886201,1592.5748578242014,10,20,0.4444444444444444,1,0,4.0,8,0.5844155844155844,2024_13_income_binary_higher,income_binary,phi_008
2024_13_income_binary_higher__phi_012,2024,13,Georgia,higher,3287,4201673.626886201,1592.5748578242014,10,14,0.3111111111111111,1,0,2.8,6,0.5142857142857142,2024_13_income_binary_higher,income_binary,phi_012
2024_13_income_binary_lower__adjusted_fdr,2024,13,Georgia,lower,2431,2739908.8003965,1038.7354417171687,10,33,0.7333333333333333,1,0,6.6,9,0.7839195979899497,2024_13_income_binary_lower,income_binary,adjusted_fdr
2024_13_income_binary_lower__phi_008,2024,13,Georgia,lower,2431,2739908.8003965,1038.7354417171687,10,33,0.7333333333333333,1,0,6.6,9,0.7871287128712872,2024_13_income_binary_lower,income_binary,phi_008
2024_13_income_binary_lower__phi_012,2024,13,Georgia,lower,2431,2739908.8003965,1038.7354417171687,10,28,0.6222222222222222,1,0,5.6,9,0.6827586206896552,2024_13_income_binary_lower,income_binary,phi_012
2024_15_education_binary_higher__adjusted_fdr,2024,15,Hawaii,higher,4732,731598.5682446372,2245.814417034935,10,33,0.7333333333333333,1,0,6.6,8,0.7422680412371134,2024_15_education_binary_higher,education_binary,adjusted_fdr
2024_15_education_binary_higher__adjusted_stable,2024,15,Hawaii,higher,4732,731598.5682446372,2245.814417034935,10,33,0.7333333333333333,1,0,6.6,8,0.7422680412371134,2024_15_education_binary_higher,education_binary,adjusted_stable
2024_15_education_binary_higher__phi_008,2024,15,Hawaii,higher,4732,731598.5682446372,2245.814417034935,10,23,0.5111111111111111,1,0,4.6,8,0.6185567010309279,2024_15_education_binary_higher,education_binary,phi_008
2024_15_education_binary_higher__phi_012,2024,15,Hawaii,higher,4732,731598.5682446372,2245.814417034935,10,11,0.24444444444444444,2,1,2.2,5,0.375,2024_15_education_binary_higher,education_binary,phi_012
2024_15_education_binary_lower__adjusted_fdr,2024,15,Hawaii,lower,1885,402229.0328515718,960.574840331935,10,25,0.5555555555555556,1,0,5.0,7,0.5779816513761468,2024_15_education_binary_lower,education_binary,adjusted_fdr
2024_15_education_binary_lower__adjusted_stable,2024,15,Hawaii,lower,1885,402229.0328515718,960.574840331935,10,25,0.5555555555555556,1,0,5.0,7,0.5779816513761468,2024_15_education_binary_lower,education_binary,adjusted_stable
2024_15_education_binary_lower__phi_008,2024,15,Hawaii,lower,1885,402229.0328515718,960.574840331935,10,26,0.5777777777777777,1,0,5.2,8,0.6585365853658537,2024_15_education_binary_lower,education_binary,phi_008
2024_15_education_binary_lower__phi_012,2024,15,Hawaii,lower,1885,402229.0328515718,960.574840331935,10,19,0.4222222222222222,1,0,3.8,7,0.5454545454545454,2024_15_education_binary_lower,education_binary,phi_012
2024_15_income_binary_higher__adjusted_fdr,2024,15,Hawaii,higher,3574,636295.8720018724,1815.9045659693886,10,24,0.5333333333333333,1,0,4.8,7,0.5151515151515151,2024_15_income_binary_higher,income_binary,adjusted_fdr
2024_15_income_binary_higher__phi_008,2024,15,Hawaii,higher,3574,636295.8720018724,1815.9045659693886,10,18,0.4,1,0,3.6,6,0.639344262295082,2024_15_income_binary_higher,income_binary,phi_008
2024_15_income_binary_higher__phi_012,2024,15,Hawaii,higher,3574,636295.8720018724,1815.9045659693886,10,8,0.17777777777777778,4,1,1.6,4,0.6,2024_15_income_binary_higher,income_binary,phi_012
2024_15_income_binary_lower__adjusted_fdr,2024,15,Hawaii,lower,2008,305877.6571878858,891.6357969895456,10,19,0.4222222222222222,1,0,3.8,7,0.676056338028169,2024_15_income_binary_lower,income_binary,adjusted_fdr
2024_15_income_binary_lower__phi_008,2024,15,Hawaii,lower,2008,305877.6571878858,891.6357969895456,10,25,0.5555555555555556,1,0,5.0,8,0.6724137931034483,2024_15_income_binary_lower,income_binary,phi_008
2024_15_income_binary_lower__phi_012,2024,15,Hawaii,lower,2008,305877.6571878858,891.6357969895456,10,15,0.3333333333333333,1,0,3.0,7,0.44680851063829785,2024_15_income_binary_lower,income_binary,phi_012
2024_16_education_binary_higher__adjusted_fdr,2024,16,Idaho,higher,2693,977261.9832890714,1441.908508084135,10,25,0.5555555555555556,1,0,5.0,8,0.6864406779661016,2024_16_education_binary_higher,education_binary,adjusted_fdr
2024_16_education_binary_higher__adjusted_stable,2024,16,Idaho,higher,2693,977261.9832890714,1441.908508084135,10,25,0.5555555555555556,1,0,5.0,8,0.6864406779661016,2024_16_education_binary_higher,education_binary,adjusted_stable
2024_16_education_binary_higher__phi_008,2024,16,Idaho,higher,2693,977261.9832890714,1441.908508084135,10,29,0.6444444444444445,1,0,5.8,9,0.7402597402597403,2024_16_education_binary_higher,education_binary,phi_008
2024_16_education_binary_higher__phi_012,2024,16,Idaho,higher,2693,977261.9832890714,1441.908508084135,10,17,0.37777777777777777,1,0,3.4,7,0.5172413793103449,2024_16_education_binary_higher,education_binary,phi_012
2024_16_education_binary_lower__adjusted_fdr,2024,16,Idaho,lower,1637,566753.3904621894,846.2559953542789,10,24,0.5333333333333333,1,0,4.8,7,0.7142857142857143,2024_16_education_binary_lower,education_binary,adjusted_fdr
2024_16_education_binary_lower__adjusted_stable,2024,16,Idaho,lower,1637,566753.3904621894,846.2559953542789,10,24,0.5333333333333333,1,0,4.8,7,0.7142857142857143,2024_16_education_binary_lower,education_binary,adjusted_stable
2024_16_education_binary_lower__phi_008,2024,16,Idaho,lower,1637,566753.3904621894,846.2559953542789,10,30,0.6666666666666666,1,0,6.0,9,0.7005988023952096,2024_16_education_binary_lower,education_binary,phi_008
2024_16_education_binary_lower__phi_012,2024,16,Idaho,lower,1637,566753.3904621894,846.2559953542789,10,24,0.5333333333333333,1,0,4.8,8,0.6226415094339622,2024_16_education_binary_lower,education_binary,phi_012
2024_16_income_binary_higher__adjusted_fdr,2024,16,Idaho,higher,1985,785446.4072645104,1056.6411560002011,10,13,0.28888888888888886,3,1,2.6,5,0.5294117647058824,2024_16_income_binary_higher,income_binary,adjusted_fdr
2024_16_income_binary_higher__phi_008,2024,16,Idaho,higher,1985,785446.4072645104,1056.6411560002011,10,20,0.4444444444444444,1,0,4.0,8,0.5769230769230769,2024_16_income_binary_higher,income_binary,phi_008
2024_16_income_binary_higher__phi_012,2024,16,Idaho,higher,1985,785446.4072645104,1056.6411560002011,10,12,0.26666666666666666,2,1,2.4,5,0.42857142857142855,2024_16_income_binary_higher,income_binary,phi_012
2024_16_income_binary_lower__adjusted_fdr,2024,16,Idaho,lower,1532,476386.58585626667,820.2005608254776,10,24,0.5333333333333333,1,0,4.8,8,0.5943396226415094,2024_16_income_binary_lower,income_binary,adjusted_fdr
2024_16_income_binary_lower__phi_008,2024,16,Idaho,lower,1532,476386.58585626667,820.2005608254776,10,32,0.7111111111111111,1,0,6.4,9,0.7379679144385026,2024_16_income_binary_lower,income_binary,phi_008
2024_16_income_binary_lower__phi_012,2024,16,Idaho,lower,1532,476386.58585626667,820.2005608254776,10,25,0.5555555555555556,1,0,5.0,7,0.6,2024_16_income_binary_lower,income_binary,phi_012
2024_17_education_binary_higher__adjusted_fdr,2024,17,Illinois,higher,8264,6242711.3661557175,5195.347463432801,10,39,0.8666666666666667,1,0,7.8,9,0.9054545454545454,2024_17_education_binary_higher,education_binary,adjusted_fdr
2024_17_education_binary_higher__adjusted_stable,2024,17,Illinois,higher,8264,6242711.3661557175,5195.347463432801,10,39,0.8666666666666667,1,0,7.8,9,0.9054545454545454,2024_17_education_binary_higher,education_binary,adjusted_stable
2024_17_education_binary_higher__phi_008,2024,17,Illinois,higher,8264,6242711.3661557175,5195.347463432801,10,30,0.6666666666666666,1,0,6.0,9,0.7988165680473372,2024_17_education_binary_higher,education_binary,phi_008
2024_17_education_binary_higher__phi_012,2024,17,Illinois,higher,8264,6242711.3661557175,5195.347463432801,10,17,0.37777777777777777,1,0,3.4,7,0.5263157894736842,2024_17_education_binary_higher,education_binary,phi_012
2024_17_education_binary_lower__adjusted_fdr,2024,17,Illinois,lower,3682,3609283.8245509714,2347.6554468819745,10,36,0.8,1,0,7.2,9,0.8369098712446352,2024_17_education_binary_lower,education_binary,adjusted_fdr
2024_17_education_binary_lower__adjusted_stable,2024,17,Illinois,lower,3682,3609283.8245509714,2347.6554468819745,10,36,0.8,1,0,7.2,9,0.8369098712446352,2024_17_education_binary_lower,education_binary,adjusted_stable
2024_17_education_binary_lower__phi_008,2024,17,Illinois,lower,3682,3609283.8245509714,2347.6554468819745,10,29,0.6444444444444445,1,0,5.8,9,0.759493670886076,2024_17_education_binary_lower,education_binary,phi_008
2024_17_education_binary_lower__phi_012,2024,17,Illinois,lower,3682,3609283.8245509714,2347.6554468819745,10,19,0.4222222222222222,1,0,3.8,7,0.5217391304347826,2024_17_education_binary_lower,education_binary,phi_012
2024_17_income_binary_higher__adjusted_fdr,2024,17,Illinois,higher,6361,5341648.562116634,4081.493717112493,10,33,0.7333333333333333,1,0,6.6,9,0.7846153846153846,2024_17_income_binary_higher,income_binary,adjusted_fdr
2024_17_income_binary_higher__phi_008,2024,17,Illinois,higher,6361,5341648.562116634,4081.493717112493,10,23,0.5111111111111111,1,0,4.6,8,0.6666666666666666,2024_17_income_binary_higher,income_binary,phi_008
2024_17_income_binary_higher__phi_012,2024,17,Illinois,higher,6361,5341648.562116634,4081.493717112493,10,14,0.3111111111111111,2,1,2.8,6,0.43902439024390244,2024_17_income_binary_higher,income_binary,phi_012
2024_17_income_binary_lower__adjusted_fdr,2024,17,Illinois,lower,4252,3364108.0461166385,2625.6643654789846,10,38,0.8444444444444444,1,0,7.6,9,0.9479553903345725,2024_17_income_binary_lower,income_binary,adjusted_fdr
2024_17_income_binary_lower__phi_008,2024,17,Illinois,lower,4252,3364108.0461166385,2625.6643654789846,10,31,0.6888888888888889,1,0,6.2,9,0.7833333333333333,2024_17_income_binary_lower,income_binary,phi_008
2024_17_income_binary_lower__phi_012,2024,17,Illinois,lower,4252,3364108.0461166385,2625.6643654789846,10,23,0.5111111111111111,1,0,4.6,9,0.6346153846153846,2024_17_income_binary_lower,income_binary,phi_012
2024_18_education_binary_higher__adjusted_fdr,2024,18,Indiana,higher,8277,2982722.3676970475,5475.507755602477,10,36,0.8,1,0,7.2,8,0.9,2024_18_education_binary_higher,education_binary,adjusted_fdr
2024_18_education_binary_higher__adjusted_stable,2024,18,Indiana,higher,8277,2982722.3676970475,5475.507755602477,10,36,0.8,1,0,7.2,8,0.9,2024_18_education_binary_higher,education_binary,adjusted_stable
2024_18_education_binary_higher__phi_008,2024,18,Indiana,higher,8277,2982722.3676970475,5475.507755602477,10,27,0.6,1,0,5.4,9,0.7071428571428572,2024_18_education_binary_higher,education_binary,phi_008
2024_18_education_binary_higher__phi_012,2024,18,Indiana,higher,8277,2982722.3676970475,5475.507755602477,10,18,0.4,1,0,3.6,7,0.6,2024_18_education_binary_higher,education_binary,phi_012
2024_18_education_binary_lower__adjusted_fdr,2024,18,Indiana,lower,4718,2367072.6220627753,2996.2250832617055,10,38,0.8444444444444444,1,0,7.6,9,0.8769230769230769,2024_18_education_binary_lower,education_binary,adjusted_fdr
2024_18_education_binary_lower__adjusted_stable,2024,18,Indiana,lower,4718,2367072.6220627753,2996.2250832617055,10,38,0.8444444444444444,1,0,7.6,9,0.8769230769230769,2024_18_education_binary_lower,education_binary,adjusted_stable
2024_18_education_binary_lower__phi_008,2024,18,Indiana,lower,4718,2367072.6220627753,2996.2250832617055,10,30,0.6666666666666666,1,0,6.0,9,0.7810650887573964,2024_18_education_binary_lower,education_binary,phi_008
2024_18_education_binary_lower__phi_012,2024,18,Indiana,lower,4718,2367072.6220627753,2996.2250832617055,10,26,0.5777777777777777,1,0,5.2,9,0.6796875,2024_18_education_binary_lower,education_binary,phi_012
2024_18_income_binary_higher__adjusted_fdr,2024,18,Indiana,higher,5939,2456331.9444478285,3931.288312722803,10,33,0.7333333333333333,1,0,6.6,9,0.8316831683168316,2024_18_income_binary_higher,income_binary,adjusted_fdr
2024_18_income_binary_higher__phi_008,2024,18,Indiana,higher,5939,2456331.9444478285,3931.288312722803,10,29,0.6444444444444445,1,0,5.8,9,0.7875,2024_18_income_binary_higher,income_binary,phi_008
2024_18_income_binary_higher__phi_012,2024,18,Indiana,higher,5939,2456331.9444478285,3931.288312722803,10,14,0.3111111111111111,1,0,2.8,5,0.5675675675675675,2024_18_income_binary_higher,income_binary,phi_012
2024_18_income_binary_lower__adjusted_fdr,2024,18,Indiana,lower,4341,1718708.9305166358,2646.740580355841,10,38,0.8444444444444444,1,0,7.6,9,0.8735632183908046,2024_18_income_binary_lower,income_binary,adjusted_fdr
2024_18_income_binary_lower__phi_008,2024,18,Indiana,lower,4341,1718708.9305166358,2646.740580355841,10,32,0.7111111111111111,1,0,6.4,9,0.7894736842105263,2024_18_income_binary_lower,income_binary,phi_008
2024_18_income_binary_lower__phi_012,2024,18,Indiana,lower,4341,1718708.9305166358,2646.740580355841,10,26,0.5777777777777777,1,0,5.2,9,0.6923076923076923,2024_18_income_binary_lower,income_binary,phi_012
2024_19_education_binary_higher__adjusted_fdr,2024,19,Iowa,higher,5390,1555985.9503549011,3337.8985359141643,10,32,0.7111111111111111,1,0,6.4,8,0.8860103626943006,2024_19_education_binary_higher,education_binary,adjusted_fdr
2024_19_education_binary_higher__adjusted_stable,2024,19,Iowa,higher,5390,1555985.9503549011,3337.8985359141643,10,32,0.7111111111111111,1,0,6.4,8,0.8860103626943006,2024_19_education_binary_higher,education_binary,adjusted_stable
2024_19_education_binary_higher__phi_008,2024,19,Iowa,higher,5390,1555985.9503549011,3337.8985359141643,10,24,0.5333333333333333,1,0,4.8,7,0.7155963302752294,2024_19_education_binary_higher,education_binary,phi_008
2024_19_education_binary_higher__phi_012,2024,19,Iowa,higher,5390,1555985.9503549011,3337.8985359141643,10,15,0.3333333333333333,1,0,3.0,6,0.5581395348837209,2024_19_education_binary_higher,education_binary,phi_012
2024_19_education_binary_lower__adjusted_fdr,2024,19,Iowa,lower,3328,953665.9732450545,1956.2237965728445,10,29,0.6444444444444445,1,0,5.8,9,0.7735849056603774,2024_19_education_binary_lower,education_binary,adjusted_fdr
2024_19_education_binary_lower__adjusted_stable,2024,19,Iowa,lower,3328,953665.9732450545,1956.2237965728445,10,29,0.6444444444444445,1,0,5.8,9,0.7735849056603774,2024_19_education_binary_lower,education_binary,adjusted_stable
2024_19_education_binary_lower__phi_008,2024,19,Iowa,lower,3328,953665.9732450545,1956.2237965728445,10,27,0.6,1,0,5.4,9,0.6739130434782609,2024_19_education_binary_lower,education_binary,phi_008
2024_19_education_binary_lower__phi_012,2024,19,Iowa,lower,3328,953665.9732450545,1956.2237965728445,10,19,0.4222222222222222,1,0,3.8,7,0.582089552238806,2024_19_education_binary_lower,education_binary,phi_012
2024_19_income_binary_higher__adjusted_fdr,2024,19,Iowa,higher,4564,1407886.58010219,2921.832386120405,10,23,0.5111111111111111,1,0,4.6,7,0.7425742574257426,2024_19_income_binary_higher,income_binary,adjusted_fdr
2024_19_income_binary_higher__phi_008,2024,19,Iowa,higher,4564,1407886.58010219,2921.832386120405,10,19,0.4222222222222222,1,0,3.8,7,0.5735294117647058,2024_19_income_binary_higher,income_binary,phi_008
2024_19_income_binary_higher__phi_012,2024,19,Iowa,higher,4564,1407886.58010219,2921.832386120405,10,11,0.24444444444444444,2,1,2.2,5,0.375,2024_19_income_binary_higher,income_binary,phi_012
2024_19_income_binary_lower__adjusted_fdr,2024,19,Iowa,lower,3052,786148.9540627638,1732.802608673946,10,32,0.7111111111111111,1,0,6.4,8,0.8021390374331551,2024_19_income_binary_lower,income_binary,adjusted_fdr
2024_19_income_binary_lower__phi_008,2024,19,Iowa,lower,3052,786148.9540627638,1732.802608673946,10,27,0.6,1,0,5.4,9,0.7058823529411765,2024_19_income_binary_lower,income_binary,phi_008
2024_19_income_binary_lower__phi_012,2024,19,Iowa,lower,3052,786148.9540627638,1732.802608673946,10,22,0.4888888888888889,1,0,4.4,7,0.6774193548387096,2024_19_income_binary_lower,income_binary,phi_012
2024_20_education_binary_higher__adjusted_fdr,2024,20,Kansas,higher,7590,1459808.064051657,4542.637582570952,10,34,0.7555555555555555,1,0,6.8,9,0.8790697674418605,2024_20_education_binary_higher,education_binary,adjusted_fdr
2024_20_education_binary_higher__adjusted_stable,2024,20,Kansas,higher,7590,1459808.064051657,4542.637582570952,10,34,0.7555555555555555,1,0,6.8,9,0.8790697674418605,2024_20_education_binary_higher,education_binary,adjusted_stable
2024_20_education_binary_higher__phi_008,2024,20,Kansas,higher,7590,1459808.064051657,4542.637582570952,10,27,0.6,1,0,5.4,9,0.75,2024_20_education_binary_higher,education_binary,phi_008
2024_20_education_binary_higher__phi_012,2024,20,Kansas,higher,7590,1459808.064051657,4542.637582570952,10,16,0.35555555555555557,1,0,3.2,6,0.574468085106383,2024_20_education_binary_higher,education_binary,phi_012
2024_20_education_binary_lower__adjusted_fdr,2024,20,Kansas,lower,3268,814644.8194462387,1720.3714708033478,10,32,0.7111111111111111,1,0,6.4,8,0.8350515463917526,2024_20_education_binary_lower,education_binary,adjusted_fdr
2024_20_education_binary_lower__adjusted_stable,2024,20,Kansas,lower,3268,814644.8194462387,1720.3714708033478,10,32,0.7111111111111111,1,0,6.4,8,0.8350515463917526,2024_20_education_binary_lower,education_binary,adjusted_stable
2024_20_education_binary_lower__phi_008,2024,20,Kansas,lower,3268,814644.8194462387,1720.3714708033478,10,29,0.6444444444444445,1,0,5.8,9,0.782608695652174,2024_20_education_binary_lower,education_binary,phi_008
2024_20_education_binary_lower__phi_012,2024,20,Kansas,lower,3268,814644.8194462387,1720.3714708033478,10,22,0.4888888888888889,1,0,4.4,8,0.6195652173913043,2024_20_education_binary_lower,education_binary,phi_012
2024_20_income_binary_higher__adjusted_fdr,2024,20,Kansas,higher,5679,1222842.2236978998,3353.6325623441926,10,34,0.7555555555555555,1,0,6.8,9,0.782608695652174,2024_20_income_binary_higher,income_binary,adjusted_fdr
2024_20_income_binary_higher__phi_008,2024,20,Kansas,higher,5679,1222842.2236978998,3353.6325623441926,10,25,0.5555555555555556,1,0,5.0,8,0.743801652892562,2024_20_income_binary_higher,income_binary,phi_008
2024_20_income_binary_higher__phi_012,2024,20,Kansas,higher,5679,1222842.2236978998,3353.6325623441926,10,13,0.28888888888888886,1,0,2.6,5,0.4,2024_20_income_binary_higher,income_binary,phi_012
2024_20_income_binary_lower__adjusted_fdr,2024,20,Kansas,lower,3306,647858.7766077799,1782.000808463494,10,32,0.7111111111111111,1,0,6.4,8,0.865979381443299,2024_20_income_binary_lower,income_binary,adjusted_fdr
2024_20_income_binary_lower__phi_008,2024,20,Kansas,lower,3306,647858.7766077799,1782.000808463494,10,33,0.7333333333333333,1,0,6.6,9,0.7989949748743719,2024_20_income_binary_lower,income_binary,phi_008
2024_20_income_binary_lower__phi_012,2024,20,Kansas,lower,3306,647858.7766077799,1782.000808463494,10,20,0.4444444444444444,1,0,4.0,7,0.6538461538461539,2024_20_income_binary_lower,income_binary,phi_012
2024_21_education_binary_higher__adjusted_fdr,2024,21,Kentucky,higher,4354,1936374.5347241838,2008.8820964480537,10,34,0.7555555555555555,1,0,6.8,9,0.8207547169811321,2024_21_education_binary_higher,education_binary,adjusted_fdr
2024_21_education_binary_higher__adjusted_stable,2024,21,Kentucky,higher,4354,1936374.5347241838,2008.8820964480537,10,34,0.7555555555555555,1,0,6.8,9,0.8207547169811321,2024_21_education_binary_higher,education_binary,adjusted_stable
2024_21_education_binary_higher__phi_008,2024,21,Kentucky,higher,4354,1936374.5347241838,2008.8820964480537,10,30,0.6666666666666666,1,0,6.0,9,0.7764705882352941,2024_21_education_binary_higher,education_binary,phi_008
2024_21_education_binary_higher__phi_012,2024,21,Kentucky,higher,4354,1936374.5347241838,2008.8820964480537,10,19,0.4222222222222222,1,0,3.8,8,0.5571428571428572,2024_21_education_binary_higher,education_binary,phi_012
2024_21_education_binary_lower__adjusted_fdr,2024,21,Kentucky,lower,3069,1609298.8677892587,1412.4119306071798,10,38,0.8444444444444444,1,0,7.6,9,0.8850574712643678,2024_21_education_binary_lower,education_binary,adjusted_fdr
2024_21_education_binary_lower__adjusted_stable,2024,21,Kentucky,lower,3069,1609298.8677892587,1412.4119306071798,10,38,0.8444444444444444,1,0,7.6,9,0.8850574712643678,2024_21_education_binary_lower,education_binary,adjusted_stable
2024_21_education_binary_lower__phi_008,2024,21,Kentucky,lower,3069,1609298.8677892587,1412.4119306071798,10,39,0.8666666666666667,1,0,7.8,9,0.8901098901098901,2024_21_education_binary_lower,education_binary,phi_008
2024_21_education_binary_lower__phi_012,2024,21,Kentucky,lower,3069,1609298.8677892587,1412.4119306071798,10,26,0.5777777777777777,1,0,5.2,9,0.6923076923076923,2024_21_education_binary_lower,education_binary,phi_012
2024_21_income_binary_higher__adjusted_fdr,2024,21,Kentucky,higher,2874,1493820.3196306748,1372.3124578610543,10,26,0.5777777777777777,1,0,5.2,8,0.6796875,2024_21_income_binary_higher,income_binary,adjusted_fdr
2024_21_income_binary_higher__phi_008,2024,21,Kentucky,higher,2874,1493820.3196306748,1372.3124578610543,10,28,0.6222222222222222,1,0,5.6,9,0.75,2024_21_income_binary_higher,income_binary,phi_008
2024_21_income_binary_higher__phi_012,2024,21,Kentucky,higher,2874,1493820.3196306748,1372.3124578610543,10,17,0.37777777777777777,2,1,3.4,7,0.5901639344262295,2024_21_income_binary_higher,income_binary,phi_012
2024_21_income_binary_lower__adjusted_fdr,2024,21,Kentucky,lower,3062,1336921.095787041,1365.5521072792912,10,33,0.7333333333333333,1,0,6.6,9,0.825,2024_21_income_binary_lower,income_binary,adjusted_fdr
2024_21_income_binary_lower__phi_008,2024,21,Kentucky,lower,3062,1336921.095787041,1365.5521072792912,10,35,0.7777777777777778,1,0,7.0,9,0.8378378378378378,2024_21_income_binary_lower,income_binary,phi_008
2024_21_income_binary_lower__phi_012,2024,21,Kentucky,lower,3062,1336921.095787041,1365.5521072792912,10,22,0.4888888888888889,1,0,4.4,9,0.59375,2024_21_income_binary_lower,income_binary,phi_012
2024_22_education_binary_higher__adjusted_fdr,2024,22,Louisiana,higher,2812,1862364.2919029004,1889.9302944403225,10,29,0.6444444444444445,1,0,5.8,8,0.75,2024_22_education_binary_higher,education_binary,adjusted_fdr
2024_22_education_binary_higher__adjusted_stable,2024,22,Louisiana,higher,2812,1862364.2919029004,1889.9302944403225,10,29,0.6444444444444445,1,0,5.8,8,0.75,2024_22_education_binary_higher,education_binary,adjusted_stable
2024_22_education_binary_higher__phi_008,2024,22,Louisiana,higher,2812,1862364.2919029004,1889.9302944403225,10,27,0.6,1,0,5.4,9,0.7021276595744681,2024_22_education_binary_higher,education_binary,phi_008
2024_22_education_binary_higher__phi_012,2024,22,Louisiana,higher,2812,1862364.2919029004,1889.9302944403225,10,19,0.4222222222222222,1,0,3.8,9,0.4931506849315068,2024_22_education_binary_higher,education_binary,phi_012
2024_22_education_binary_lower__adjusted_fdr,2024,22,Louisiana,lower,1715,1649226.4179916596,1196.7703835082584,10,30,0.6666666666666666,1,0,6.0,8,0.8083832335329342,2024_22_education_binary_lower,education_binary,adjusted_fdr
2024_22_education_binary_lower__adjusted_stable,2024,22,Louisiana,lower,1715,1649226.4179916596,1196.7703835082584,10,30,0.6666666666666666,1,0,6.0,8,0.8083832335329342,2024_22_education_binary_lower,education_binary,adjusted_stable
2024_22_education_binary_lower__phi_008,2024,22,Louisiana,lower,1715,1649226.4179916596,1196.7703835082584,10,29,0.6444444444444445,1,0,5.8,9,0.7358490566037735,2024_22_education_binary_lower,education_binary,phi_008
2024_22_education_binary_lower__phi_012,2024,22,Louisiana,lower,1715,1649226.4179916596,1196.7703835082584,10,21,0.4666666666666667,1,0,4.2,7,0.6219512195121951,2024_22_education_binary_lower,education_binary,phi_012
2024_22_income_binary_higher__adjusted_fdr,2024,22,Louisiana,higher,1970,1467353.5334927323,1312.1218276353738,10,23,0.5111111111111111,1,0,4.6,7,0.4838709677419355,2024_22_income_binary_higher,income_binary,adjusted_fdr
2024_22_income_binary_higher__phi_008,2024,22,Louisiana,higher,1970,1467353.5334927323,1312.1218276353738,10,22,0.4888888888888889,1,0,4.4,9,0.5483870967741935,2024_22_income_binary_higher,income_binary,phi_008
2024_22_income_binary_higher__phi_012,2024,22,Louisiana,higher,1970,1467353.5334927323,1312.1218276353738,10,15,0.3333333333333333,2,1,3.0,6,0.5454545454545454,2024_22_income_binary_higher,income_binary,phi_012
2024_22_income_binary_lower__adjusted_fdr,2024,22,Louisiana,lower,1690,1358045.5965559226,1124.3606183918782,10,25,0.5555555555555556,1,0,5.0,8,0.6260869565217392,2024_22_income_binary_lower,income_binary,adjusted_fdr
2024_22_income_binary_lower__phi_008,2024,22,Louisiana,lower,1690,1358045.5965559226,1124.3606183918782,10,28,0.6222222222222222,1,0,5.6,9,0.74,2024_22_income_binary_lower,income_binary,phi_008
2024_22_income_binary_lower__phi_012,2024,22,Louisiana,lower,1690,1358045.5965559226,1124.3606183918782,10,18,0.4,1,0,3.6,6,0.532258064516129,2024_22_income_binary_lower,income_binary,phi_012
2024_23_education_binary_higher__adjusted_fdr,2024,23,Maine,higher,8423,725592.1666201503,4636.618769279256,10,38,0.8444444444444444,1,0,7.6,9,0.9056603773584906,2024_23_education_binary_higher,education_binary,adjusted_fdr
2024_23_education_binary_higher__adjusted_stable,2024,23,Maine,higher,8423,725592.1666201503,4636.618769279256,10,38,0.8444444444444444,1,0,7.6,9,0.9056603773584906,2024_23_education_binary_higher,education_binary,adjusted_stable
2024_23_education_binary_higher__phi_008,2024,23,Maine,higher,8423,725592.1666201503,4636.618769279256,10,29,0.6444444444444445,1,0,5.8,9,0.7875,2024_23_education_binary_higher,education_binary,phi_008
2024_23_education_binary_higher__phi_012,2024,23,Maine,higher,8423,725592.1666201503,4636.618769279256,10,15,0.3333333333333333,1,0,3.0,6,0.5121951219512195,2024_23_education_binary_higher,education_binary,phi_012
2024_23_education_binary_lower__adjusted_fdr,2024,23,Maine,lower,3684,437862.32863452804,2027.2101333377814,10,38,0.8444444444444444,1,0,7.6,9,0.9479553903345725,2024_23_education_binary_lower,education_binary,adjusted_fdr
2024_23_education_binary_lower__adjusted_stable,2024,23,Maine,lower,3684,437862.32863452804,2027.2101333377814,10,38,0.8444444444444444,1,0,7.6,9,0.9479553903345725,2024_23_education_binary_lower,education_binary,adjusted_stable
2024_23_education_binary_lower__phi_008,2024,23,Maine,lower,3684,437862.32863452804,2027.2101333377814,10,29,0.6444444444444445,1,0,5.8,9,0.782608695652174,2024_23_education_binary_lower,education_binary,phi_008
2024_23_education_binary_lower__phi_012,2024,23,Maine,lower,3684,437862.32863452804,2027.2101333377814,10,25,0.5555555555555556,1,0,5.0,8,0.7058823529411765,2024_23_education_binary_lower,education_binary,phi_012
2024_23_income_binary_higher__adjusted_fdr,2024,23,Maine,higher,6023,612345.9888777351,3366.731480895941,10,35,0.7777777777777778,1,0,7.0,8,0.8280542986425339,2024_23_income_binary_higher,income_binary,adjusted_fdr
2024_23_income_binary_higher__phi_008,2024,23,Maine,higher,6023,612345.9888777351,3366.731480895941,10,24,0.5333333333333333,1,0,4.8,8,0.7363636363636363,2024_23_income_binary_higher,income_binary,phi_008
2024_23_income_binary_higher__phi_012,2024,23,Maine,higher,6023,612345.9888777351,3366.731480895941,10,15,0.3333333333333333,2,1,3.0,5,0.6,2024_23_income_binary_higher,income_binary,phi_012
2024_23_income_binary_lower__adjusted_fdr,2024,23,Maine,lower,4163,360996.4154378745,2141.5198161276726,10,37,0.8222222222222222,1,0,7.4,8,0.9130434782608695,2024_23_income_binary_lower,income_binary,adjusted_fdr
2024_23_income_binary_lower__phi_008,2024,23,Maine,lower,4163,360996.4154378745,2141.5198161276726,10,28,0.6222222222222222,1,0,5.6,9,0.7894736842105263,2024_23_income_binary_lower,income_binary,phi_008
2024_23_income_binary_lower__phi_012,2024,23,Maine,lower,4163,360996.4154378745,2141.5198161276726,10,20,0.4444444444444444,1,0,4.0,8,0.5526315789473685,2024_23_income_binary_lower,income_binary,phi_012
2024_24_education_binary_higher__adjusted_fdr,2024,24,Maryland,higher,10060,3162209.519608372,4953.051330082285,10,33,0.7333333333333333,1,0,6.6,9,0.8823529411764706,2024_24_education_binary_higher,education_binary,adjusted_fdr
2024_24_education_binary_higher__adjusted_stable,2024,24,Maryland,higher,10060,3162209.519608372,4953.051330082285,10,33,0.7333333333333333,1,0,6.6,9,0.8823529411764706,2024_24_education_binary_higher,education_binary,adjusted_stable
2024_24_education_binary_higher__phi_008,2024,24,Maryland,higher,10060,3162209.519608372,4953.051330082285,10,23,0.5111111111111111,1,0,4.6,9,0.7142857142857143,2024_24_education_binary_higher,education_binary,phi_008
2024_24_education_binary_higher__phi_012,2024,24,Maryland,higher,10060,3162209.519608372,4953.051330082285,10,12,0.26666666666666666,1,0,2.4,6,0.34615384615384615,2024_24_education_binary_higher,education_binary,phi_012
2024_24_education_binary_lower__adjusted_fdr,2024,24,Maryland,lower,4293,1695905.691828206,1943.0898228214621,10,26,0.5777777777777777,1,0,5.2,8,0.672,2024_24_education_binary_lower,education_binary,adjusted_fdr
2024_24_education_binary_lower__adjusted_stable,2024,24,Maryland,lower,4293,1695905.691828206,1943.0898228214621,10,26,0.5777777777777777,1,0,5.2,8,0.672,2024_24_education_binary_lower,education_binary,adjusted_stable
2024_24_education_binary_lower__phi_008,2024,24,Maryland,lower,4293,1695905.691828206,1943.0898228214621,10,26,0.5777777777777777,1,0,5.2,9,0.6614173228346457,2024_24_education_binary_lower,education_binary,phi_008
2024_24_education_binary_lower__phi_012,2024,24,Maryland,lower,4293,1695905.691828206,1943.0898228214621,10,16,0.35555555555555557,1,0,3.2,7,0.4897959183673469,2024_24_education_binary_lower,education_binary,phi_012
2024_24_income_binary_higher__adjusted_fdr,2024,24,Maryland,higher,7727,2674872.8271566695,3853.8289727134315,10,30,0.6666666666666666,1,0,6.0,9,0.7590361445783133,2024_24_income_binary_higher,income_binary,adjusted_fdr
2024_24_income_binary_higher__phi_008,2024,24,Maryland,higher,7727,2674872.8271566695,3853.8289727134315,10,19,0.4222222222222222,1,0,3.8,8,0.5652173913043478,2024_24_income_binary_higher,income_binary,phi_008
2024_24_income_binary_higher__phi_012,2024,24,Maryland,higher,7727,2674872.8271566695,3853.8289727134315,10,11,0.24444444444444444,3,1,2.2,5,0.625,2024_24_income_binary_higher,income_binary,phi_012
2024_24_income_binary_lower__adjusted_fdr,2024,24,Maryland,lower,3668,1149431.8558862982,1549.037929003678,10,27,0.6,1,0,5.4,8,0.6363636363636364,2024_24_income_binary_lower,income_binary,adjusted_fdr
2024_24_income_binary_lower__phi_008,2024,24,Maryland,lower,3668,1149431.8558862982,1549.037929003678,10,24,0.5333333333333333,1,0,4.8,9,0.631578947368421,2024_24_income_binary_lower,income_binary,phi_008
2024_24_income_binary_lower__phi_012,2024,24,Maryland,lower,3668,1149431.8558862982,1549.037929003678,10,18,0.4,1,0,3.6,9,0.4925373134328358,2024_24_income_binary_lower,income_binary,phi_012
2024_25_education_binary_higher__adjusted_fdr,2024,25,Massachusetts,higher,7012,3798851.2897846736,4474.181276278983,10,36,0.8,1,0,7.2,9,0.8389830508474576,2024_25_education_binary_higher,education_binary,adjusted_fdr
2024_25_education_binary_higher__adjusted_stable,2024,25,Massachusetts,higher,7012,3798851.2897846736,4474.181276278983,10,36,0.8,1,0,7.2,9,0.8389830508474576,2024_25_education_binary_higher,education_binary,adjusted_stable
2024_25_education_binary_higher__phi_008,2024,25,Massachusetts,higher,7012,3798851.2897846736,4474.181276278983,10,29,0.6444444444444445,1,0,5.8,9,0.759493670886076,2024_25_education_binary_higher,education_binary,phi_008
2024_25_education_binary_higher__phi_012,2024,25,Massachusetts,higher,7012,3798851.2897846736,4474.181276278983,10,12,0.26666666666666666,3,2,2.4,7,0.42857142857142855,2024_25_education_binary_higher,education_binary,phi_012
2024_25_education_binary_lower__adjusted_fdr,2024,25,Massachusetts,lower,2407,1877092.2262665478,1448.0774544741696,10,33,0.7333333333333333,1,0,6.6,8,0.7692307692307693,2024_25_education_binary_lower,education_binary,adjusted_fdr
2024_25_education_binary_lower__adjusted_stable,2024,25,Massachusetts,lower,2407,1877092.2262665478,1448.0774544741696,10,33,0.7333333333333333,1,0,6.6,8,0.7692307692307693,2024_25_education_binary_lower,education_binary,adjusted_stable
2024_25_education_binary_lower__phi_008,2024,25,Massachusetts,lower,2407,1877092.2262665478,1448.0774544741696,10,32,0.7111111111111111,1,0,6.4,9,0.7336956521739131,2024_25_education_binary_lower,education_binary,phi_008
2024_25_education_binary_lower__phi_012,2024,25,Massachusetts,lower,2407,1877092.2262665478,1448.0774544741696,10,21,0.4666666666666667,1,0,4.2,9,0.5357142857142857,2024_25_education_binary_lower,education_binary,phi_012
2024_25_income_binary_higher__adjusted_fdr,2024,25,Massachusetts,higher,4999,3014473.8683586777,3103.787375012594,10,35,0.7777777777777778,1,0,7.0,9,0.820627802690583,2024_25_income_binary_higher,income_binary,adjusted_fdr
2024_25_income_binary_higher__phi_008,2024,25,Massachusetts,higher,4999,3014473.8683586777,3103.787375012594,10,25,0.5555555555555556,1,0,5.0,8,0.7368421052631579,2024_25_income_binary_higher,income_binary,phi_008
2024_25_income_binary_higher__phi_012,2024,25,Massachusetts,higher,4999,3014473.8683586777,3103.787375012594,10,12,0.26666666666666666,2,1,2.4,6,0.375,2024_25_income_binary_higher,income_binary,phi_012
2024_25_income_binary_lower__adjusted_fdr,2024,25,Massachusetts,lower,2273,1291149.9774426399,1362.352934244747,10,32,0.7111111111111111,1,0,6.4,9,0.75,2024_25_income_binary_lower,income_binary,adjusted_fdr
2024_25_income_binary_lower__phi_008,2024,25,Massachusetts,lower,2273,1291149.9774426399,1362.352934244747,10,33,0.7333333333333333,1,0,6.6,9,0.7839195979899497,2024_25_income_binary_lower,income_binary,phi_008
2024_25_income_binary_lower__phi_012,2024,25,Massachusetts,lower,2273,1291149.9774426399,1362.352934244747,10,22,0.4888888888888889,1,0,4.4,9,0.5684210526315789,2024_25_income_binary_lower,income_binary,phi_012
2024_26_education_binary_higher__adjusted_fdr,2024,26,Michigan,higher,7896,4922420.4617929775,3983.5438094240053,10,36,0.8,1,0,7.2,9,0.8553191489361702,2024_26_education_binary_higher,education_binary,adjusted_fdr
2024_26_education_binary_higher__adjusted_stable,2024,26,Michigan,higher,7896,4922420.4617929775,3983.5438094240053,10,36,0.8,1,0,7.2,9,0.8553191489361702,2024_26_education_binary_higher,education_binary,adjusted_stable
2024_26_education_binary_higher__phi_008,2024,26,Michigan,higher,7896,4922420.4617929775,3983.5438094240053,10,27,0.6,1,0,5.4,9,0.6956521739130435,2024_26_education_binary_higher,education_binary,phi_008
2024_26_education_binary_higher__phi_012,2024,26,Michigan,higher,7896,4922420.4617929775,3983.5438094240053,10,17,0.37777777777777777,1,0,3.4,7,0.6,2024_26_education_binary_higher,education_binary,phi_012
2024_26_education_binary_lower__adjusted_fdr,2024,26,Michigan,lower,3461,3029650.82284724,1619.1061023899174,10,30,0.6666666666666666,1,0,6.0,9,0.75,2024_26_education_binary_lower,education_binary,adjusted_fdr
2024_26_education_binary_lower__adjusted_stable,2024,26,Michigan,lower,3461,3029650.82284724,1619.1061023899174,10,30,0.6666666666666666,1,0,6.0,9,0.75,2024_26_education_binary_lower,education_binary,adjusted_stable
2024_26_education_binary_lower__phi_008,2024,26,Michigan,lower,3461,3029650.82284724,1619.1061023899174,10,26,0.5777777777777777,1,0,5.2,9,0.65625,2024_26_education_binary_lower,education_binary,phi_008
2024_26_education_binary_lower__phi_012,2024,26,Michigan,lower,3461,3029650.82284724,1619.1061023899174,10,20,0.4444444444444444,1,0,4.0,8,0.5131578947368421,2024_26_education_binary_lower,education_binary,phi_012
2024_26_income_binary_higher__adjusted_fdr,2024,26,Michigan,higher,5230,3770345.088212572,2678.0868595809684,10,23,0.5111111111111111,1,0,4.6,8,0.5510204081632653,2024_26_income_binary_higher,income_binary,adjusted_fdr
2024_26_income_binary_higher__phi_008,2024,26,Michigan,higher,5230,3770345.088212572,2678.0868595809684,10,25,0.5555555555555556,1,0,5.0,9,0.680672268907563,2024_26_income_binary_higher,income_binary,phi_008
2024_26_income_binary_higher__phi_012,2024,26,Michigan,higher,5230,3770345.088212572,2678.0868595809684,10,13,0.28888888888888886,2,1,2.6,6,0.4411764705882353,2024_26_income_binary_higher,income_binary,phi_012
2024_26_income_binary_lower__adjusted_fdr,2024,26,Michigan,lower,3956,2692328.180754935,1730.228877322282,10,31,0.6888888888888889,1,0,6.2,9,0.7329545454545454,2024_26_income_binary_lower,income_binary,adjusted_fdr
2024_26_income_binary_lower__phi_008,2024,26,Michigan,lower,3956,2692328.180754935,1730.228877322282,10,27,0.6,1,0,5.4,9,0.6521739130434783,2024_26_income_binary_lower,income_binary,phi_008
2024_26_income_binary_lower__phi_012,2024,26,Michigan,lower,3956,2692328.180754935,1730.228877322282,10,19,0.4222222222222222,1,0,3.8,8,0.5652173913043478,2024_26_income_binary_lower,income_binary,phi_012
2024_27_education_binary_higher__adjusted_fdr,2024,27,Minnesota,higher,11320,3049769.3374483963,7480.149853497428,10,37,0.8222222222222222,1,0,7.4,9,0.8709677419354839,2024_27_education_binary_higher,education_binary,adjusted_fdr
2024_27_education_binary_higher__adjusted_stable,2024,27,Minnesota,higher,11320,3049769.3374483963,7480.149853497428,10,37,0.8222222222222222,1,0,7.4,9,0.8709677419354839,2024_27_education_binary_higher,education_binary,adjusted_stable
2024_27_education_binary_higher__phi_008,2024,27,Minnesota,higher,11320,3049769.3374483963,7480.149853497428,10,27,0.6,1,0,5.4,9,0.7007299270072993,2024_27_education_binary_higher,education_binary,phi_008
2024_27_education_binary_higher__phi_012,2024,27,Minnesota,higher,11320,3049769.3374483963,7480.149853497428,10,14,0.3111111111111111,1,0,2.8,6,0.4864864864864865,2024_27_education_binary_higher,education_binary,phi_012
2024_27_education_binary_lower__adjusted_fdr,2024,27,Minnesota,lower,3796,1433682.764220737,2366.5996959991594,10,35,0.7777777777777778,1,0,7.0,8,0.8144796380090498,2024_27_education_binary_lower,education_binary,adjusted_fdr
2024_27_education_binary_lower__adjusted_stable,2024,27,Minnesota,lower,3796,1433682.764220737,2366.5996959991594,10,35,0.7777777777777778,1,0,7.0,8,0.8144796380090498,2024_27_education_binary_lower,education_binary,adjusted_stable
2024_27_education_binary_lower__phi_008,2024,27,Minnesota,lower,3796,1433682.764220737,2366.5996959991594,10,29,0.6444444444444445,1,0,5.8,9,0.7452229299363057,2024_27_education_binary_lower,education_binary,phi_008
2024_27_education_binary_lower__phi_012,2024,27,Minnesota,lower,3796,1433682.764220737,2366.5996959991594,10,19,0.4222222222222222,1,0,3.8,8,0.5142857142857142,2024_27_education_binary_lower,education_binary,phi_012
2024_27_income_binary_higher__adjusted_fdr,2024,27,Minnesota,higher,8479,2504592.201139341,5597.574991529273,10,34,0.7555555555555555,1,0,6.8,9,0.8,2024_27_income_binary_higher,income_binary,adjusted_fdr
2024_27_income_binary_higher__phi_008,2024,27,Minnesota,higher,8479,2504592.201139341,5597.574991529273,10,23,0.5111111111111111,1,0,4.6,9,0.6176470588235294,2024_27_income_binary_higher,income_binary,phi_008
2024_27_income_binary_higher__phi_012,2024,27,Minnesota,higher,8479,2504592.201139341,5597.574991529273,10,10,0.2222222222222222,3,2,2.0,4,0.2857142857142857,2024_27_income_binary_higher,income_binary,phi_012
2024_27_income_binary_lower__adjusted_fdr,2024,27,Minnesota,lower,3946,1145029.679618217,2362.400759602907,10,35,0.7777777777777778,1,0,7.0,9,0.8009049773755657,2024_27_income_binary_lower,income_binary,adjusted_fdr
2024_27_income_binary_lower__phi_008,2024,27,Minnesota,lower,3946,1145029.679618217,2362.400759602907,10,26,0.5777777777777777,1,0,5.2,9,0.7099236641221374,2024_27_income_binary_lower,income_binary,phi_008
2024_27_income_binary_lower__phi_012,2024,27,Minnesota,lower,3946,1145029.679618217,2362.400759602907,10,19,0.4222222222222222,1,0,3.8,9,0.4931506849315068,2024_27_income_binary_lower,income_binary,phi_012
2024_28_income_binary_higher__adjusted_fdr,2024,28,Mississippi,higher,1373,1020127.0826769536,814.4158435422628,10,17,0.37777777777777777,2,0,3.4,6,0.5892857142857143,2024_28_income_binary_higher,income_binary,adjusted_fdr
2024_28_income_binary_higher__phi_008,2024,28,Mississippi,higher,1373,1020127.0826769536,814.4158435422628,10,22,0.4888888888888889,1,0,4.4,8,0.574468085106383,2024_28_income_binary_higher,income_binary,phi_008
2024_28_income_binary_higher__phi_012,2024,28,Mississippi,higher,1373,1020127.0826769536,814.4158435422628,10,13,0.28888888888888886,2,1,2.6,6,0.5142857142857142,2024_28_income_binary_higher,income_binary,phi_012
2024_28_income_binary_lower__adjusted_fdr,2024,28,Mississippi,lower,1105,850444.390157324,651.9565227354294,10,21,0.4666666666666667,1,0,4.2,6,0.5625,2024_28_income_binary_lower,income_binary,adjusted_fdr
2024_28_income_binary_lower__phi_008,2024,28,Mississippi,lower,1105,850444.390157324,651.9565227354294,10,28,0.6222222222222222,1,0,5.6,9,0.7191780821917808,2024_28_income_binary_lower,income_binary,phi_008
2024_28_income_binary_lower__phi_012,2024,28,Mississippi,lower,1105,850444.390157324,651.9565227354294,10,21,0.4666666666666667,1,0,4.2,7,0.5769230769230769,2024_28_income_binary_lower,income_binary,phi_012
2024_29_education_binary_higher__adjusted_fdr,2024,29,Missouri,higher,4630,2921910.05116975,2499.145587114158,10,31,0.6888888888888889,1,0,6.2,8,0.8688524590163934,2024_29_education_binary_higher,education_binary,adjusted_fdr
2024_29_education_binary_higher__adjusted_stable,2024,29,Missouri,higher,4630,2921910.05116975,2499.145587114158,10,31,0.6888888888888889,1,0,6.2,8,0.8688524590163934,2024_29_education_binary_higher,education_binary,adjusted_stable
2024_29_education_binary_higher__phi_008,2024,29,Missouri,higher,4630,2921910.05116975,2499.145587114158,10,25,0.5555555555555556,1,0,5.0,9,0.6666666666666666,2024_29_education_binary_higher,education_binary,phi_008
2024_29_education_binary_higher__phi_012,2024,29,Missouri,higher,4630,2921910.05116975,2499.145587114158,10,18,0.4,1,0,3.6,8,0.5238095238095238,2024_29_education_binary_higher,education_binary,phi_012
2024_29_education_binary_lower__adjusted_fdr,2024,29,Missouri,lower,2654,1960542.4577685364,1389.1519860299213,10,31,0.6888888888888889,1,0,6.2,8,0.8736263736263736,2024_29_education_binary_lower,education_binary,adjusted_fdr
2024_29_education_binary_lower__adjusted_stable,2024,29,Missouri,lower,2654,1960542.4577685364,1389.1519860299213,10,31,0.6888888888888889,1,0,6.2,8,0.8736263736263736,2024_29_education_binary_lower,education_binary,adjusted_stable
2024_29_education_binary_lower__phi_008,2024,29,Missouri,lower,2654,1960542.4577685364,1389.1519860299213,10,32,0.7111111111111111,1,0,6.4,9,0.7540106951871658,2024_29_education_binary_lower,education_binary,phi_008
2024_29_education_binary_lower__phi_012,2024,29,Missouri,lower,2654,1960542.4577685364,1389.1519860299213,10,20,0.4444444444444444,1,0,4.0,7,0.5675675675675675,2024_29_education_binary_lower,education_binary,phi_012
2024_29_income_binary_higher__adjusted_fdr,2024,29,Missouri,higher,3453,2492619.8385408046,1952.9804353260406,10,25,0.5555555555555556,1,0,5.0,8,0.725,2024_29_income_binary_higher,income_binary,adjusted_fdr
2024_29_income_binary_higher__phi_008,2024,29,Missouri,higher,3453,2492619.8385408046,1952.9804353260406,10,23,0.5111111111111111,1,0,4.6,8,0.6185567010309279,2024_29_income_binary_higher,income_binary,phi_008
2024_29_income_binary_higher__phi_012,2024,29,Missouri,higher,3453,2492619.8385408046,1952.9804353260406,10,11,0.24444444444444444,2,1,2.2,4,0.4090909090909091,2024_29_income_binary_higher,income_binary,phi_012
2024_29_income_binary_lower__adjusted_fdr,2024,29,Missouri,lower,2493,1516176.5591888644,1211.0848296110728,10,27,0.6,1,0,5.4,8,0.782608695652174,2024_29_income_binary_lower,income_binary,adjusted_fdr
2024_29_income_binary_lower__phi_008,2024,29,Missouri,lower,2493,1516176.5591888644,1211.0848296110728,10,30,0.6666666666666666,1,0,6.0,9,0.7228915662650602,2024_29_income_binary_lower,income_binary,phi_008
2024_29_income_binary_lower__phi_012,2024,29,Missouri,lower,2493,1516176.5591888644,1211.0848296110728,10,19,0.4222222222222222,1,0,3.8,8,0.5652173913043478,2024_29_income_binary_lower,income_binary,phi_012
2024_30_education_binary_higher__adjusted_fdr,2024,30,Montana,higher,4862,593710.7976748479,3000.783502257326,10,32,0.7111111111111111,1,0,6.4,9,0.8481675392670157,2024_30_education_binary_higher,education_binary,adjusted_fdr
2024_30_education_binary_higher__adjusted_stable,2024,30,Montana,higher,4862,593710.7976748479,3000.783502257326,10,32,0.7111111111111111,1,0,6.4,9,0.8481675392670157,2024_30_education_binary_higher,education_binary,adjusted_stable
2024_30_education_binary_higher__phi_008,2024,30,Montana,higher,4862,593710.7976748479,3000.783502257326,10,24,0.5333333333333333,1,0,4.8,9,0.6428571428571429,2024_30_education_binary_higher,education_binary,phi_008
2024_30_education_binary_higher__phi_012,2024,30,Montana,higher,4862,593710.7976748479,3000.783502257326,10,13,0.28888888888888886,1,0,2.6,5,0.4,2024_30_education_binary_higher,education_binary,phi_012
2024_30_education_binary_lower__adjusted_fdr,2024,30,Montana,lower,1934,327175.7462438034,1235.6071405913256,10,31,0.6888888888888889,1,0,6.2,9,0.8571428571428571,2024_30_education_binary_lower,education_binary,adjusted_fdr
2024_30_education_binary_lower__adjusted_stable,2024,30,Montana,lower,1934,327175.7462438034,1235.6071405913256,10,31,0.6888888888888889,1,0,6.2,9,0.8571428571428571,2024_30_education_binary_lower,education_binary,adjusted_stable
2024_30_education_binary_lower__phi_008,2024,30,Montana,lower,1934,327175.7462438034,1235.6071405913256,10,34,0.7555555555555555,1,0,6.8,9,0.8349056603773585,2024_30_education_binary_lower,education_binary,phi_008
2024_30_education_binary_lower__phi_012,2024,30,Montana,lower,1934,327175.7462438034,1235.6071405913256,10,26,0.5777777777777777,1,0,5.2,8,0.703125,2024_30_education_binary_lower,education_binary,phi_012
2024_30_income_binary_higher__adjusted_fdr,2024,30,Montana,higher,3492,498511.93043422967,2255.427732374327,10,22,0.4888888888888889,1,0,4.4,7,0.6404494382022472,2024_30_income_binary_higher,income_binary,adjusted_fdr
2024_30_income_binary_higher__phi_008,2024,30,Montana,higher,3492,498511.93043422967,2255.427732374327,10,25,0.5555555555555556,1,0,5.0,8,0.75,2024_30_income_binary_higher,income_binary,phi_008
2024_30_income_binary_higher__phi_012,2024,30,Montana,higher,3492,498511.93043422967,2255.427732374327,10,8,0.17777777777777778,5,3,1.6,3,0.8181818181818182,2024_30_income_binary_higher,income_binary,phi_012
2024_30_income_binary_lower__adjusted_fdr,2024,30,Montana,lower,2362,291713.19654030737,1327.8118702286654,10,24,0.5333333333333333,2,0,4.8,7,0.8347826086956521,2024_30_income_binary_lower,income_binary,adjusted_fdr
2024_30_income_binary_lower__phi_008,2024,30,Montana,lower,2362,291713.19654030737,1327.8118702286654,10,27,0.6,1,0,5.4,9,0.7071428571428572,2024_30_income_binary_lower,income_binary,phi_008
2024_30_income_binary_lower__phi_012,2024,30,Montana,lower,2362,291713.19654030737,1327.8118702286654,10,18,0.4,1,0,3.6,7,0.5714285714285714,2024_30_income_binary_lower,income_binary,phi_012
2024_31_education_binary_higher__adjusted_fdr,2024,31,Nebraska,higher,7859,993022.9338147017,3976.8806006961954,10,33,0.7333333333333333,1,0,6.6,8,0.9029126213592233,2024_31_education_binary_higher,education_binary,adjusted_fdr
2024_31_education_binary_higher__adjusted_stable,2024,31,Nebraska,higher,7859,993022.9338147017,3976.8806006961954,10,33,0.7333333333333333,1,0,6.6,8,0.9029126213592233,2024_31_education_binary_higher,education_binary,adjusted_stable
2024_31_education_binary_higher__phi_008,2024,31,Nebraska,higher,7859,993022.9338147017,3976.8806006961954,10,27,0.6,1,0,5.4,9,0.7446808510638298,2024_31_education_binary_higher,education_binary,phi_008
2024_31_education_binary_higher__phi_012,2024,31,Nebraska,higher,7859,993022.9338147017,3976.8806006961954,10,16,0.35555555555555557,2,1,3.2,6,0.6545454545454545,2024_31_education_binary_higher,education_binary,phi_012
2024_31_education_binary_lower__adjusted_fdr,2024,31,Nebraska,lower,4788,529792.8821209782,2250.515294864432,10,38,0.8444444444444444,1,0,7.6,9,0.8735632183908046,2024_31_education_binary_lower,education_binary,adjusted_fdr
2024_31_education_binary_lower__adjusted_stable,2024,31,Nebraska,lower,4788,529792.8821209782,2250.515294864432,10,38,0.8444444444444444,1,0,7.6,9,0.8735632183908046,2024_31_education_binary_lower,education_binary,adjusted_stable
2024_31_education_binary_lower__phi_008,2024,31,Nebraska,lower,4788,529792.8821209782,2250.515294864432,10,34,0.7555555555555555,1,0,6.8,9,0.7751196172248804,2024_31_education_binary_lower,education_binary,phi_008
2024_31_education_binary_lower__phi_012,2024,31,Nebraska,lower,4788,529792.8821209782,2250.515294864432,10,25,0.5555555555555556,1,0,5.0,8,0.7,2024_31_education_binary_lower,education_binary,phi_012
2024_31_income_binary_higher__adjusted_fdr,2024,31,Nebraska,higher,6286,837505.2013255402,3286.1489327977533,10,33,0.7333333333333333,1,0,6.6,8,0.825,2024_31_income_binary_higher,income_binary,adjusted_fdr
2024_31_income_binary_higher__phi_008,2024,31,Nebraska,higher,6286,837505.2013255402,3286.1489327977533,10,23,0.5111111111111111,1,0,4.6,8,0.6728971962616822,2024_31_income_binary_higher,income_binary,phi_008
2024_31_income_binary_higher__phi_012,2024,31,Nebraska,higher,6286,837505.2013255402,3286.1489327977533,10,14,0.3111111111111111,2,1,2.8,6,0.525,2024_31_income_binary_higher,income_binary,phi_012
2024_31_income_binary_lower__adjusted_fdr,2024,31,Nebraska,lower,4756,497066.11923086207,2239.6801084599106,10,39,0.8666666666666667,1,0,7.8,9,0.9054545454545454,2024_31_income_binary_lower,income_binary,adjusted_fdr
2024_31_income_binary_lower__phi_008,2024,31,Nebraska,lower,4756,497066.11923086207,2239.6801084599106,10,34,0.7555555555555555,1,0,6.8,9,0.7857142857142857,2024_31_income_binary_lower,income_binary,phi_008
2024_31_income_binary_lower__phi_012,2024,31,Nebraska,lower,4756,497066.11923086207,2239.6801084599106,10,23,0.5111111111111111,1,0,4.6,7,0.7058823529411765,2024_31_income_binary_lower,income_binary,phi_012
2024_33_education_binary_higher__adjusted_fdr,2024,33,New Hampshire,higher,5169,761648.8632875538,2177.6596047464554,10,30,0.6666666666666666,1,0,6.0,8,0.7682926829268293,2024_33_education_binary_higher,education_binary,adjusted_fdr
2024_33_education_binary_higher__adjusted_stable,2024,33,New Hampshire,higher,5169,761648.8632875538,2177.6596047464554,10,30,0.6666666666666666,1,0,6.0,8,0.7682926829268293,2024_33_education_binary_higher,education_binary,adjusted_stable
2024_33_education_binary_higher__phi_008,2024,33,New Hampshire,higher,5169,761648.8632875538,2177.6596047464554,10,22,0.4888888888888889,1,0,4.4,7,0.6382978723404256,2024_33_education_binary_higher,education_binary,phi_008
2024_33_education_binary_higher__phi_012,2024,33,New Hampshire,higher,5169,761648.8632875538,2177.6596047464554,10,14,0.3111111111111111,3,2,2.8,6,0.574468085106383,2024_33_education_binary_higher,education_binary,phi_012
2024_33_education_binary_lower__adjusted_fdr,2024,33,New Hampshire,lower,1774,399963.9394737753,752.1485143722185,10,24,0.5333333333333333,1,0,4.8,7,0.594059405940594,2024_33_education_binary_lower,education_binary,adjusted_fdr
2024_33_education_binary_lower__adjusted_stable,2024,33,New Hampshire,lower,1774,399963.9394737753,752.1485143722185,10,24,0.5333333333333333,1,0,4.8,7,0.594059405940594,2024_33_education_binary_lower,education_binary,adjusted_stable
2024_33_education_binary_lower__phi_008,2024,33,New Hampshire,lower,1774,399963.9394737753,752.1485143722185,10,28,0.6222222222222222,1,0,5.6,8,0.7755102040816326,2024_33_education_binary_lower,education_binary,phi_008
2024_33_education_binary_lower__phi_012,2024,33,New Hampshire,lower,1774,399963.9394737753,752.1485143722185,10,16,0.35555555555555557,1,0,3.2,6,0.4666666666666667,2024_33_education_binary_lower,education_binary,phi_012
2024_33_income_binary_higher__adjusted_fdr,2024,33,New Hampshire,higher,3722,689512.9402528811,1663.3669485966159,10,26,0.5777777777777777,1,0,5.2,8,0.6885245901639344,2024_33_income_binary_higher,income_binary,adjusted_fdr
2024_33_income_binary_higher__phi_008,2024,33,New Hampshire,higher,3722,689512.9402528811,1663.3669485966159,10,22,0.4888888888888889,1,0,4.4,7,0.7659574468085106,2024_33_income_binary_higher,income_binary,phi_008
2024_33_income_binary_higher__phi_012,2024,33,New Hampshire,higher,3722,689512.9402528811,1663.3669485966159,10,11,0.24444444444444444,4,3,2.2,5,0.6428571428571429,2024_33_income_binary_higher,income_binary,phi_012
2024_33_income_binary_lower__adjusted_fdr,2024,33,New Hampshire,lower,1745,236341.58493483355,666.585789760107,10,19,0.4222222222222222,1,0,3.8,6,0.582089552238806,2024_33_income_binary_lower,income_binary,adjusted_fdr
2024_33_income_binary_lower__phi_008,2024,33,New Hampshire,lower,1745,236341.58493483355,666.585789760107,10,23,0.5111111111111111,1,0,4.6,7,0.5876288659793815,2024_33_income_binary_lower,income_binary,phi_008
2024_33_income_binary_lower__phi_012,2024,33,New Hampshire,lower,1745,236341.58493483355,666.585789760107,10,14,0.3111111111111111,1,0,2.8,5,0.5,2024_33_income_binary_lower,income_binary,phi_012
2024_34_education_binary_higher__adjusted_fdr,2024,34,New Jersey,higher,5993,4650152.57279034,3160.4830058111843,10,28,0.6222222222222222,1,0,5.6,8,0.8053691275167785,2024_34_education_binary_higher,education_binary,adjusted_fdr
2024_34_education_binary_higher__adjusted_stable,2024,34,New Jersey,higher,5993,4650152.57279034,3160.4830058111843,10,28,0.6222222222222222,1,0,5.6,8,0.8053691275167785,2024_34_education_binary_higher,education_binary,adjusted_stable
2024_34_education_binary_higher__phi_008,2024,34,New Jersey,higher,5993,4650152.57279034,3160.4830058111843,10,23,0.5111111111111111,1,0,4.6,9,0.5825242718446602,2024_34_education_binary_higher,education_binary,phi_008
2024_34_education_binary_higher__phi_012,2024,34,New Jersey,higher,5993,4650152.57279034,3160.4830058111843,10,10,0.2222222222222222,2,1,2.0,4,0.3333333333333333,2024_34_education_binary_higher,education_binary,phi_012
2024_34_education_binary_lower__adjusted_fdr,2024,34,New Jersey,lower,2562,2649371.9217330497,1375.1070022580977,10,23,0.5111111111111111,1,0,4.6,7,0.7040816326530612,2024_34_education_binary_lower,education_binary,adjusted_fdr
2024_34_education_binary_lower__adjusted_stable,2024,34,New Jersey,lower,2562,2649371.9217330497,1375.1070022580977,10,23,0.5111111111111111,1,0,4.6,7,0.7040816326530612,2024_34_education_binary_lower,education_binary,adjusted_stable
2024_34_education_binary_lower__phi_008,2024,34,New Jersey,lower,2562,2649371.9217330497,1375.1070022580977,10,25,0.5555555555555556,1,0,5.0,9,0.6610169491525424,2024_34_education_binary_lower,education_binary,phi_008
2024_34_education_binary_lower__phi_012,2024,34,New Jersey,lower,2562,2649371.9217330497,1375.1070022580977,10,16,0.35555555555555557,1,0,3.2,5,0.5106382978723404,2024_34_education_binary_lower,education_binary,phi_012
2024_34_income_binary_higher__adjusted_fdr,2024,34,New Jersey,higher,4443,3873524.0093731657,2309.1455654059314,10,19,0.4222222222222222,1,0,3.8,6,0.5454545454545454,2024_34_income_binary_higher,income_binary,adjusted_fdr
2024_34_income_binary_higher__phi_008,2024,34,New Jersey,higher,4443,3873524.0093731657,2309.1455654059314,10,18,0.4,2,1,3.6,7,0.5652173913043478,2024_34_income_binary_higher,income_binary,phi_008
2024_34_income_binary_higher__phi_012,2024,34,New Jersey,higher,4443,3873524.0093731657,2309.1455654059314,10,10,0.2222222222222222,2,1,2.0,4,0.3157894736842105,2024_34_income_binary_higher,income_binary,phi_012
2024_34_income_binary_lower__adjusted_fdr,2024,34,New Jersey,lower,2262,1722267.7080681664,1275.9109343210519,10,25,0.5555555555555556,1,0,5.0,8,0.6578947368421053,2024_34_income_binary_lower,income_binary,adjusted_fdr
2024_34_income_binary_lower__phi_008,2024,34,New Jersey,lower,2262,1722267.7080681664,1275.9109343210519,10,30,0.6666666666666666,1,0,6.0,9,0.7272727272727273,2024_34_income_binary_lower,income_binary,phi_008
2024_34_income_binary_lower__phi_012,2024,34,New Jersey,lower,2262,1722267.7080681664,1275.9109343210519,10,20,0.4444444444444444,1,0,4.0,8,0.569620253164557,2024_34_income_binary_lower,income_binary,phi_012
2024_35_education_binary_higher__adjusted_fdr,2024,35,New Mexico,higher,2247,985838.6983422602,927.6900535729361,10,19,0.4222222222222222,1,0,3.8,7,0.6521739130434783,2024_35_education_binary_higher,education_binary,adjusted_fdr
2024_35_education_binary_higher__adjusted_stable,2024,35,New Mexico,higher,2247,985838.6983422602,927.6900535729361,10,19,0.4222222222222222,1,0,3.8,7,0.6521739130434783,2024_35_education_binary_higher,education_binary,adjusted_stable
2024_35_education_binary_higher__phi_008,2024,35,New Mexico,higher,2247,985838.6983422602,927.6900535729361,10,20,0.4444444444444444,1,0,4.0,7,0.5526315789473685,2024_35_education_binary_higher,education_binary,phi_008
2024_35_education_binary_higher__phi_012,2024,35,New Mexico,higher,2247,985838.6983422602,927.6900535729361,10,14,0.3111111111111111,1,0,2.8,5,0.4166666666666667,2024_35_education_binary_higher,education_binary,phi_012
2024_35_education_binary_lower__adjusted_fdr,2024,35,New Mexico,lower,1136,680870.8672405959,542.8621097429867,10,16,0.35555555555555557,2,0,3.2,7,0.5882352941176471,2024_35_education_binary_lower,education_binary,adjusted_fdr
2024_35_education_binary_lower__adjusted_stable,2024,35,New Mexico,lower,1136,680870.8672405959,542.8621097429867,10,16,0.35555555555555557,2,0,3.2,7,0.5882352941176471,2024_35_education_binary_lower,education_binary,adjusted_stable
2024_35_education_binary_lower__phi_008,2024,35,New Mexico,lower,1136,680870.8672405959,542.8621097429867,10,24,0.5333333333333333,1,0,4.8,8,0.7090909090909091,2024_35_education_binary_lower,education_binary,phi_008
2024_35_education_binary_lower__phi_012,2024,35,New Mexico,lower,1136,680870.8672405959,542.8621097429867,10,17,0.37777777777777777,1,0,3.4,8,0.47368421052631576,2024_35_education_binary_lower,education_binary,phi_012
2024_35_income_binary_higher__adjusted_fdr,2024,35,New Mexico,higher,1497,708684.1663201128,629.7425894362215,10,10,0.2222222222222222,2,0,2.0,3,0.23076923076923078,2024_35_income_binary_higher,income_binary,adjusted_fdr
2024_35_income_binary_higher__phi_008,2024,35,New Mexico,higher,1497,708684.1663201128,629.7425894362215,10,20,0.4444444444444444,1,0,4.0,9,0.5064935064935064,2024_35_income_binary_higher,income_binary,phi_008
2024_35_income_binary_higher__phi_012,2024,35,New Mexico,higher,1497,708684.1663201128,629.7425894362215,10,12,0.26666666666666666,2,1,2.4,5,0.5357142857142857,2024_35_income_binary_higher,income_binary,phi_012
2024_35_income_binary_lower__adjusted_fdr,2024,35,New Mexico,lower,1381,695094.9633619509,606.2220113786799,10,24,0.5333333333333333,1,0,4.8,7,0.594059405940594,2024_35_income_binary_lower,income_binary,adjusted_fdr
2024_35_income_binary_lower__phi_008,2024,35,New Mexico,lower,1381,695094.9633619509,606.2220113786799,10,28,0.6222222222222222,1,0,5.6,9,0.6827586206896552,2024_35_income_binary_lower,income_binary,phi_008
2024_35_income_binary_lower__phi_012,2024,35,New Mexico,lower,1381,695094.9633619509,606.2220113786799,10,20,0.4444444444444444,1,0,4.0,6,0.4714285714285714,2024_35_income_binary_lower,income_binary,phi_012
2024_36_education_binary_higher__adjusted_fdr,2024,36,New York,higher,29310,9621094.602646858,11160.789816107823,10,39,0.8666666666666667,1,0,7.8,9,0.9054545454545454,2024_36_education_binary_higher,education_binary,adjusted_fdr
2024_36_education_binary_higher__adjusted_stable,2024,36,New York,higher,29310,9621094.602646858,11160.789816107823,10,39,0.8666666666666667,1,0,7.8,9,0.9054545454545454,2024_36_education_binary_higher,education_binary,adjusted_stable
2024_36_education_binary_higher__phi_008,2024,36,New York,higher,29310,9621094.602646858,11160.789816107823,10,26,0.5777777777777777,1,0,5.2,9,0.6976744186046512,2024_36_education_binary_higher,education_binary,phi_008
2024_36_education_binary_higher__phi_012,2024,36,New York,higher,29310,9621094.602646858,11160.789816107823,10,14,0.3111111111111111,1,0,2.8,6,0.4864864864864865,2024_36_education_binary_higher,education_binary,phi_012
2024_36_education_binary_lower__adjusted_fdr,2024,36,New York,lower,14299,5750332.378887327,5674.972134479502,10,38,0.8444444444444444,1,0,7.6,9,0.8769230769230769,2024_36_education_binary_lower,education_binary,adjusted_fdr
2024_36_education_binary_lower__adjusted_stable,2024,36,New York,lower,14299,5750332.378887327,5674.972134479502,10,38,0.8444444444444444,1,0,7.6,9,0.8769230769230769,2024_36_education_binary_lower,education_binary,adjusted_stable
2024_36_education_binary_lower__phi_008,2024,36,New York,lower,14299,5750332.378887327,5674.972134479502,10,25,0.5555555555555556,1,0,5.0,9,0.6198347107438017,2024_36_education_binary_lower,education_binary,phi_008
2024_36_education_binary_lower__phi_012,2024,36,New York,lower,14299,5750332.378887327,5674.972134479502,10,18,0.4,1,0,3.6,8,0.5238095238095238,2024_36_education_binary_lower,education_binary,phi_012
2024_36_income_binary_higher__adjusted_fdr,2024,36,New York,higher,20980,7164511.905343765,8144.466772248433,10,36,0.8,1,0,7.2,9,0.8333333333333334,2024_36_income_binary_higher,income_binary,adjusted_fdr
2024_36_income_binary_higher__phi_008,2024,36,New York,higher,20980,7164511.905343765,8144.466772248433,10,17,0.37777777777777777,1,0,3.4,6,0.5892857142857143,2024_36_income_binary_higher,income_binary,phi_008
2024_36_income_binary_higher__phi_012,2024,36,New York,higher,20980,7164511.905343765,8144.466772248433,10,13,0.28888888888888886,2,1,2.6,5,0.36363636363636365,2024_36_income_binary_higher,income_binary,phi_012
2024_36_income_binary_lower__adjusted_fdr,2024,36,New York,lower,14407,4873971.024076635,5394.844472496266,10,39,0.8666666666666667,1,0,7.8,9,0.8901098901098901,2024_36_income_binary_lower,income_binary,adjusted_fdr
2024_36_income_binary_lower__phi_008,2024,36,New York,lower,14407,4873971.024076635,5394.844472496266,10,30,0.6666666666666666,1,0,6.0,9,0.7411764705882353,2024_36_income_binary_lower,income_binary,phi_008
2024_36_income_binary_lower__phi_012,2024,36,New York,lower,14407,4873971.024076635,5394.844472496266,10,19,0.4222222222222222,1,0,3.8,8,0.5833333333333334,2024_36_income_binary_lower,income_binary,phi_012
2024_37_education_binary_higher__adjusted_fdr,2024,37,North Carolina,higher,2960,5459736.264063175,2078.2171271473208,10,26,0.5777777777777777,1,0,5.2,8,0.65625,2024_37_education_binary_higher,education_binary,adjusted_fdr
2024_37_education_binary_higher__adjusted_stable,2024,37,North Carolina,higher,2960,5459736.264063175,2078.2171271473208,10,26,0.5777777777777777,1,0,5.2,8,0.65625,2024_37_education_binary_higher,education_binary,adjusted_stable
2024_37_education_binary_higher__phi_008,2024,37,North Carolina,higher,2960,5459736.264063175,2078.2171271473208,10,27,0.6,1,0,5.4,8,0.7608695652173914,2024_37_education_binary_higher,education_binary,phi_008
2024_37_education_binary_higher__phi_012,2024,37,North Carolina,higher,2960,5459736.264063175,2078.2171271473208,10,18,0.4,1,0,3.6,7,0.43548387096774194,2024_37_education_binary_higher,education_binary,phi_012
2024_37_education_binary_lower__adjusted_fdr,2024,37,North Carolina,lower,1342,3247399.289531606,924.8797638796066,10,15,0.3333333333333333,1,0,3.0,5,0.47368421052631576,2024_37_education_binary_lower,education_binary,adjusted_fdr
2024_37_education_binary_lower__adjusted_stable,2024,37,North Carolina,lower,1342,3247399.289531606,924.8797638796066,10,15,0.3333333333333333,1,0,3.0,5,0.47368421052631576,2024_37_education_binary_lower,education_binary,adjusted_stable
2024_37_education_binary_lower__phi_008,2024,37,North Carolina,lower,1342,3247399.289531606,924.8797638796066,10,32,0.7111111111111111,1,0,6.4,9,0.7741935483870968,2024_37_education_binary_lower,education_binary,phi_008
2024_37_education_binary_lower__phi_012,2024,37,North Carolina,lower,1342,3247399.289531606,924.8797638796066,10,20,0.4444444444444444,1,0,4.0,7,0.43478260869565216,2024_37_education_binary_lower,education_binary,phi_012
2024_37_income_binary_higher__adjusted_fdr,2024,37,North Carolina,higher,1936,3990722.2163168266,1409.7437781676815,10,12,0.26666666666666666,3,1,2.4,5,0.6666666666666666,2024_37_income_binary_higher,income_binary,adjusted_fdr
2024_37_income_binary_higher__phi_008,2024,37,North Carolina,higher,1936,3990722.2163168266,1409.7437781676815,10,20,0.4444444444444444,1,0,4.0,7,0.6164383561643836,2024_37_income_binary_higher,income_binary,phi_008
2024_37_income_binary_higher__phi_012,2024,37,North Carolina,higher,1936,3990722.2163168266,1409.7437781676815,10,9,0.2,3,2,1.8,5,0.17647058823529413,2024_37_income_binary_higher,income_binary,phi_012
2024_37_income_binary_lower__adjusted_fdr,2024,37,North Carolina,lower,1307,2561338.5488599488,863.9337615674534,10,23,0.5111111111111111,1,0,4.6,7,0.5483870967741935,2024_37_income_binary_lower,income_binary,adjusted_fdr
2024_37_income_binary_lower__phi_008,2024,37,North Carolina,lower,1307,2561338.5488599488,863.9337615674534,10,32,0.7111111111111111,1,0,6.4,9,0.7936507936507936,2024_37_income_binary_lower,income_binary,phi_008
2024_37_income_binary_lower__phi_012,2024,37,North Carolina,lower,1307,2561338.5488599488,863.9337615674534,10,26,0.5777777777777777,1,0,5.2,8,0.6614173228346457,2024_37_income_binary_lower,income_binary,phi_012
2024_38_education_binary_higher__adjusted_fdr,2024,38,North Dakota,higher,4069,407616.40247219446,2613.831207062685,10,32,0.7111111111111111,1,0,6.4,9,0.8167539267015707,2024_38_education_binary_higher,education_binary,adjusted_fdr
2024_38_education_binary_higher__adjusted_stable,2024,38,North Dakota,higher,4069,407616.40247219446,2613.831207062685,10,32,0.7111111111111111,1,0,6.4,9,0.8167539267015707,2024_38_education_binary_higher,education_binary,adjusted_stable
2024_38_education_binary_higher__phi_008,2024,38,North Dakota,higher,4069,407616.40247219446,2613.831207062685,10,28,0.6222222222222222,1,0,5.6,9,0.7651006711409396,2024_38_education_binary_higher,education_binary,phi_008
2024_38_education_binary_higher__phi_012,2024,38,North Dakota,higher,4069,407616.40247219446,2613.831207062685,10,14,0.3111111111111111,1,0,2.8,6,0.5,2024_38_education_binary_higher,education_binary,phi_012
2024_38_education_binary_lower__adjusted_fdr,2024,38,North Dakota,lower,1770,198881.2684100977,994.9966106420802,10,30,0.6666666666666666,1,0,6.0,9,0.7455621301775148,2024_38_education_binary_lower,education_binary,adjusted_fdr
2024_38_education_binary_lower__adjusted_stable,2024,38,North Dakota,lower,1770,198881.2684100977,994.9966106420802,10,30,0.6666666666666666,1,0,6.0,9,0.7455621301775148,2024_38_education_binary_lower,education_binary,adjusted_stable
2024_38_education_binary_lower__phi_008,2024,38,North Dakota,lower,1770,198881.2684100977,994.9966106420802,10,33,0.7333333333333333,1,0,6.6,9,0.8316831683168316,2024_38_education_binary_lower,education_binary,phi_008
2024_38_education_binary_lower__phi_012,2024,38,North Dakota,lower,1770,198881.2684100977,994.9966106420802,10,26,0.5777777777777777,1,0,5.2,8,0.75,2024_38_education_binary_lower,education_binary,phi_012
2024_38_income_binary_higher__adjusted_fdr,2024,38,North Dakota,higher,3139,328710.3412155587,2110.566502444318,10,23,0.5111111111111111,1,0,4.6,7,0.6831683168316832,2024_38_income_binary_higher,income_binary,adjusted_fdr
2024_38_income_binary_higher__phi_008,2024,38,North Dakota,higher,3139,328710.3412155587,2110.566502444318,10,25,0.5555555555555556,1,0,5.0,9,0.6610169491525424,2024_38_income_binary_higher,income_binary,phi_008
2024_38_income_binary_higher__phi_012,2024,38,North Dakota,higher,3139,328710.3412155587,2110.566502444318,10,11,0.24444444444444444,2,0,2.2,5,0.4090909090909091,2024_38_income_binary_higher,income_binary,phi_012
2024_38_income_binary_lower__adjusted_fdr,2024,38,North Dakota,lower,1562,159670.33003632285,856.9025630494431,10,30,0.6666666666666666,1,0,6.0,9,0.7674418604651163,2024_38_income_binary_lower,income_binary,adjusted_fdr
2024_38_income_binary_lower__phi_008,2024,38,North Dakota,lower,1562,159670.33003632285,856.9025630494431,10,32,0.7111111111111111,1,0,6.4,9,0.8167539267015707,2024_38_income_binary_lower,income_binary,phi_008
2024_38_income_binary_lower__phi_012,2024,38,North Dakota,lower,1562,159670.33003632285,856.9025630494431,10,25,0.5555555555555556,1,0,5.0,8,0.71900826446281,2024_38_income_binary_lower,income_binary,phi_012
2024_39_education_binary_higher__adjusted_fdr,2024,39,Ohio,higher,6350,5343166.726885438,3083.7716975344806,10,34,0.7555555555555555,1,0,6.8,9,0.8511627906976744,2024_39_education_binary_higher,education_binary,adjusted_fdr
2024_39_education_binary_higher__adjusted_stable,2024,39,Ohio,higher,6350,5343166.726885438,3083.7716975344806,10,34,0.7555555555555555,1,0,6.8,9,0.8511627906976744,2024_39_education_binary_higher,education_binary,adjusted_stable
2024_39_education_binary_higher__phi_008,2024,39,Ohio,higher,6350,5343166.726885438,3083.7716975344806,10,28,0.6222222222222222,1,0,5.6,9,0.7449664429530202,2024_39_education_binary_higher,education_binary,phi_008
2024_39_education_binary_higher__phi_012,2024,39,Ohio,higher,6350,5343166.726885438,3083.7716975344806,10,19,0.4222222222222222,1,0,3.8,7,0.5909090909090909,2024_39_education_binary_higher,education_binary,phi_012
2024_39_education_binary_lower__adjusted_fdr,2024,39,Ohio,lower,3784,3942732.1108005126,1693.9230566236724,10,35,0.7777777777777778,1,0,7.0,9,0.8854625550660793,2024_39_education_binary_lower,education_binary,adjusted_fdr
2024_39_education_binary_lower__adjusted_stable,2024,39,Ohio,lower,3784,3942732.1108005126,1693.9230566236724,10,35,0.7777777777777778,1,0,7.0,9,0.8854625550660793,2024_39_education_binary_lower,education_binary,adjusted_stable
2024_39_education_binary_lower__phi_008,2024,39,Ohio,lower,3784,3942732.1108005126,1693.9230566236724,10,31,0.6888888888888889,1,0,6.2,9,0.770949720670391,2024_39_education_binary_lower,education_binary,phi_008
2024_39_education_binary_lower__phi_012,2024,39,Ohio,lower,3784,3942732.1108005126,1693.9230566236724,10,27,0.6,1,0,5.4,9,0.7446808510638298,2024_39_education_binary_lower,education_binary,phi_012
2024_39_income_binary_higher__adjusted_fdr,2024,39,Ohio,higher,4669,4509558.833979933,2337.7374441668476,10,30,0.6666666666666666,1,0,6.0,8,0.7590361445783133,2024_39_income_binary_higher,income_binary,adjusted_fdr
2024_39_income_binary_higher__phi_008,2024,39,Ohio,higher,4669,4509558.833979933,2337.7374441668476,10,24,0.5333333333333333,1,0,4.8,9,0.6428571428571429,2024_39_income_binary_higher,income_binary,phi_008
2024_39_income_binary_higher__phi_012,2024,39,Ohio,higher,4669,4509558.833979933,2337.7374441668476,10,17,0.37777777777777777,1,0,3.4,5,0.5192307692307693,2024_39_income_binary_higher,income_binary,phi_012
2024_39_income_binary_lower__adjusted_fdr,2024,39,Ohio,lower,3442,2919799.076271765,1440.7832382665028,10,29,0.6444444444444445,1,0,5.8,9,0.7452229299363057,2024_39_income_binary_lower,income_binary,adjusted_fdr
2024_39_income_binary_lower__phi_008,2024,39,Ohio,lower,3442,2919799.076271765,1440.7832382665028,10,28,0.6222222222222222,1,0,5.6,9,0.7894736842105263,2024_39_income_binary_lower,income_binary,phi_008
2024_39_income_binary_lower__phi_012,2024,39,Ohio,lower,3442,2919799.076271765,1440.7832382665028,10,23,0.5111111111111111,1,0,4.6,9,0.5825242718446602,2024_39_income_binary_lower,income_binary,phi_012
2024_40_education_binary_higher__adjusted_fdr,2024,40,Oklahoma,higher,4640,1775143.7919750924,3474.207187835976,10,33,0.7333333333333333,1,0,6.6,9,0.8316831683168316,2024_40_education_binary_higher,education_binary,adjusted_fdr
2024_40_education_binary_higher__adjusted_stable,2024,40,Oklahoma,higher,4640,1775143.7919750924,3474.207187835976,10,33,0.7333333333333333,1,0,6.6,9,0.8316831683168316,2024_40_education_binary_higher,education_binary,adjusted_stable
2024_40_education_binary_higher__phi_008,2024,40,Oklahoma,higher,4640,1775143.7919750924,3474.207187835976,10,29,0.6444444444444445,1,0,5.8,9,0.7402597402597403,2024_40_education_binary_higher,education_binary,phi_008
2024_40_education_binary_higher__phi_012,2024,40,Oklahoma,higher,4640,1775143.7919750924,3474.207187835976,10,21,0.4666666666666667,1,0,4.2,8,0.5714285714285714,2024_40_education_binary_higher,education_binary,phi_012
2024_40_education_binary_lower__adjusted_fdr,2024,40,Oklahoma,lower,2399,1377727.5273168432,1789.8035377723038,10,27,0.6,1,0,5.4,8,0.7058823529411765,2024_40_education_binary_lower,education_binary,adjusted_fdr
2024_40_education_binary_lower__adjusted_stable,2024,40,Oklahoma,lower,2399,1377727.5273168432,1789.8035377723038,10,27,0.6,1,0,5.4,8,0.7058823529411765,2024_40_education_binary_lower,education_binary,adjusted_stable
2024_40_education_binary_lower__phi_008,2024,40,Oklahoma,lower,2399,1377727.5273168432,1789.8035377723038,10,27,0.6,1,0,5.4,9,0.6788321167883211,2024_40_education_binary_lower,education_binary,phi_008
2024_40_education_binary_lower__phi_012,2024,40,Oklahoma,lower,2399,1377727.5273168432,1789.8035377723038,10,21,0.4666666666666667,1,0,4.2,9,0.5454545454545454,2024_40_education_binary_lower,education_binary,phi_012
2024_40_income_binary_higher__adjusted_fdr,2024,40,Oklahoma,higher,3191,1384062.0056693829,2356.0111011899476,10,22,0.4888888888888889,1,0,4.4,7,0.5934065934065934,2024_40_income_binary_higher,income_binary,adjusted_fdr
2024_40_income_binary_higher__phi_008,2024,40,Oklahoma,higher,3191,1384062.0056693829,2356.0111011899476,10,23,0.5111111111111111,1,0,4.6,8,0.673469387755102,2024_40_income_binary_higher,income_binary,phi_008
2024_40_income_binary_higher__phi_012,2024,40,Oklahoma,higher,3191,1384062.0056693829,2356.0111011899476,10,17,0.37777777777777777,1,0,3.4,7,0.55,2024_40_income_binary_higher,income_binary,phi_012
2024_40_income_binary_lower__adjusted_fdr,2024,40,Oklahoma,lower,2522,1135112.172960871,1810.58275712492,10,29,0.6444444444444445,1,0,5.8,8,0.7974683544303798,2024_40_income_binary_lower,income_binary,adjusted_fdr
2024_40_income_binary_lower__phi_008,2024,40,Oklahoma,lower,2522,1135112.172960871,1810.58275712492,10,27,0.6,1,0,5.4,9,0.6788321167883211,2024_40_income_binary_lower,income_binary,phi_008
2024_40_income_binary_lower__phi_012,2024,40,Oklahoma,lower,2522,1135112.172960871,1810.58275712492,10,23,0.5111111111111111,1,0,4.6,8,0.6699029126213593,2024_40_income_binary_lower,income_binary,phi_012
2024_41_education_binary_higher__adjusted_fdr,2024,41,Oregon,higher,4371,2286236.2037291513,3085.875119932635,10,35,0.7777777777777778,1,0,7.0,9,0.8144796380090498,2024_41_education_binary_higher,education_binary,adjusted_fdr
2024_41_education_binary_higher__adjusted_stable,2024,41,Oregon,higher,4371,2286236.2037291513,3085.875119932635,10,35,0.7777777777777778,1,0,7.0,9,0.8144796380090498,2024_41_education_binary_higher,education_binary,adjusted_stable
2024_41_education_binary_higher__phi_008,2024,41,Oregon,higher,4371,2286236.2037291513,3085.875119932635,10,27,0.6,1,0,5.4,9,0.7007299270072993,2024_41_education_binary_higher,education_binary,phi_008
2024_41_education_binary_higher__phi_012,2024,41,Oregon,higher,4371,2286236.2037291513,3085.875119932635,10,18,0.4,1,0,3.6,7,0.55,2024_41_education_binary_higher,education_binary,phi_012
2024_41_education_binary_lower__adjusted_fdr,2024,41,Oregon,lower,1751,1124236.49456104,1266.2942585239007,10,29,0.6444444444444445,1,0,5.8,8,0.80625,2024_41_education_binary_lower,education_binary,adjusted_fdr
2024_41_education_binary_lower__adjusted_stable,2024,41,Oregon,lower,1751,1124236.49456104,1266.2942585239007,10,29,0.6444444444444445,1,0,5.8,8,0.80625,2024_41_education_binary_lower,education_binary,adjusted_stable
2024_41_education_binary_lower__phi_008,2024,41,Oregon,lower,1751,1124236.49456104,1266.2942585239007,10,27,0.6,1,0,5.4,9,0.7446808510638298,2024_41_education_binary_lower,education_binary,phi_008
2024_41_education_binary_lower__phi_012,2024,41,Oregon,lower,1751,1124236.49456104,1266.2942585239007,10,23,0.5111111111111111,1,0,4.6,8,0.6923076923076923,2024_41_education_binary_lower,education_binary,phi_012
2024_41_income_binary_higher__adjusted_fdr,2024,41,Oregon,higher,3085,1730606.1874773456,2271.862436344172,10,25,0.5555555555555556,1,0,5.0,7,0.7372881355932204,2024_41_income_binary_higher,income_binary,adjusted_fdr
2024_41_income_binary_higher__phi_008,2024,41,Oregon,higher,3085,1730606.1874773456,2271.862436344172,10,26,0.5777777777777777,1,0,5.2,9,0.6532258064516129,2024_41_income_binary_higher,income_binary,phi_008
2024_41_income_binary_higher__phi_012,2024,41,Oregon,higher,3085,1730606.1874773456,2271.862436344172,10,13,0.28888888888888886,1,0,2.6,6,0.4,2024_41_income_binary_higher,income_binary,phi_012
2024_41_income_binary_lower__adjusted_fdr,2024,41,Oregon,lower,1965,1051959.2523472083,1314.2711596138424,10,31,0.6888888888888889,1,0,6.2,9,0.7833333333333333,2024_41_income_binary_lower,income_binary,adjusted_fdr
2024_41_income_binary_lower__phi_008,2024,41,Oregon,lower,1965,1051959.2523472083,1314.2711596138424,10,28,0.6222222222222222,1,0,5.6,9,0.72,2024_41_income_binary_lower,income_binary,phi_008
2024_41_income_binary_lower__phi_012,2024,41,Oregon,lower,1965,1051959.2523472083,1314.2711596138424,10,25,0.5555555555555556,1,0,5.0,8,0.675,2024_41_income_binary_lower,income_binary,phi_012
2024_42_education_binary_higher__adjusted_fdr,2024,42,Pennsylvania,higher,2227,5935573.484570947,1183.4251633014092,10,31,0.6888888888888889,1,0,6.2,8,0.8044692737430168,2024_42_education_binary_higher,education_binary,adjusted_fdr
2024_42_education_binary_higher__adjusted_stable,2024,42,Pennsylvania,higher,2227,5935573.484570947,1183.4251633014092,10,31,0.6888888888888889,1,0,6.2,8,0.8044692737430168,2024_42_education_binary_higher,education_binary,adjusted_stable
2024_42_education_binary_higher__phi_008,2024,42,Pennsylvania,higher,2227,5935573.484570947,1183.4251633014092,10,28,0.6222222222222222,1,0,5.6,9,0.7297297297297297,2024_42_education_binary_higher,education_binary,phi_008
2024_42_education_binary_higher__phi_012,2024,42,Pennsylvania,higher,2227,5935573.484570947,1183.4251633014092,10,20,0.4444444444444444,1,0,4.0,7,0.6,2024_42_education_binary_higher,education_binary,phi_012
2024_42_education_binary_lower__adjusted_fdr,2024,42,Pennsylvania,lower,1270,4440885.492662115,672.6166465977429,10,13,0.28888888888888886,2,1,2.6,4,0.6206896551724138,2024_42_education_binary_lower,education_binary,adjusted_fdr
2024_42_education_binary_lower__adjusted_stable,2024,42,Pennsylvania,lower,1270,4440885.492662115,672.6166465977429,10,13,0.28888888888888886,2,1,2.6,4,0.6206896551724138,2024_42_education_binary_lower,education_binary,adjusted_stable
2024_42_education_binary_lower__phi_008,2024,42,Pennsylvania,lower,1270,4440885.492662115,672.6166465977429,10,21,0.4666666666666667,1,0,4.2,8,0.6144578313253012,2024_42_education_binary_lower,education_binary,phi_008
2024_42_education_binary_lower__phi_012,2024,42,Pennsylvania,lower,1270,4440885.492662115,672.6166465977429,10,18,0.4,1,0,3.6,6,0.639344262295082,2024_42_education_binary_lower,education_binary,phi_012
2024_42_income_binary_higher__adjusted_fdr,2024,42,Pennsylvania,higher,1633,5255334.894388149,899.9652748207559,10,18,0.4,1,0,3.6,5,0.32727272727272727,2024_42_income_binary_higher,income_binary,adjusted_fdr
2024_42_income_binary_higher__phi_008,2024,42,Pennsylvania,higher,1633,5255334.894388149,899.9652748207559,10,22,0.4888888888888889,1,0,4.4,7,0.6333333333333333,2024_42_income_binary_higher,income_binary,phi_008
2024_42_income_binary_higher__phi_012,2024,42,Pennsylvania,higher,1633,5255334.894388149,899.9652748207559,10,17,0.37777777777777777,2,1,3.4,6,0.5806451612903226,2024_42_income_binary_higher,income_binary,phi_012
2024_42_income_binary_lower__adjusted_fdr,2024,42,Pennsylvania,lower,1241,3169239.0288569815,624.582447725889,10,16,0.35555555555555557,2,1,3.2,6,0.5454545454545454,2024_42_income_binary_lower,income_binary,adjusted_fdr
2024_42_income_binary_lower__phi_008,2024,42,Pennsylvania,lower,1241,3169239.0288569815,624.582447725889,10,25,0.5555555555555556,1,0,5.0,9,0.646551724137931,2024_42_income_binary_lower,income_binary,phi_008
2024_42_income_binary_lower__phi_012,2024,42,Pennsylvania,lower,1241,3169239.0288569815,624.582447725889,10,20,0.4444444444444444,1,0,4.0,8,0.6153846153846154,2024_42_income_binary_lower,income_binary,phi_012
2024_44_education_binary_higher__adjusted_fdr,2024,44,Rhode Island,higher,3889,549085.1643150706,2148.1555638105465,10,31,0.6888888888888889,1,0,6.2,9,0.75,2024_44_education_binary_higher,education_binary,adjusted_fdr
2024_44_education_binary_higher__adjusted_stable,2024,44,Rhode Island,higher,3889,549085.1643150706,2148.1555638105465,10,31,0.6888888888888889,1,0,6.2,9,0.75,2024_44_education_binary_higher,education_binary,adjusted_stable
2024_44_education_binary_higher__phi_008,2024,44,Rhode Island,higher,3889,549085.1643150706,2148.1555638105465,10,24,0.5333333333333333,1,0,4.8,8,0.7168141592920354,2024_44_education_binary_higher,education_binary,phi_008
2024_44_education_binary_higher__phi_012,2024,44,Rhode Island,higher,3889,549085.1643150706,2148.1555638105465,10,16,0.35555555555555557,2,1,3.2,6,0.6,2024_44_education_binary_higher,education_binary,phi_012
2024_44_education_binary_lower__adjusted_fdr,2024,44,Rhode Island,lower,1547,344951.35020815296,874.5941582743703,10,21,0.4666666666666667,1,0,4.2,6,0.4864864864864865,2024_44_education_binary_lower,education_binary,adjusted_fdr
2024_44_education_binary_lower__adjusted_stable,2024,44,Rhode Island,lower,1547,344951.35020815296,874.5941582743703,10,21,0.4666666666666667,1,0,4.2,6,0.4864864864864865,2024_44_education_binary_lower,education_binary,adjusted_stable
2024_44_education_binary_lower__phi_008,2024,44,Rhode Island,lower,1547,344951.35020815296,874.5941582743703,10,29,0.6444444444444445,1,0,5.8,9,0.7547169811320755,2024_44_education_binary_lower,education_binary,phi_008
2024_44_education_binary_lower__phi_012,2024,44,Rhode Island,lower,1547,344951.35020815296,874.5941582743703,10,19,0.4222222222222222,1,0,3.8,7,0.4925373134328358,2024_44_education_binary_lower,education_binary,phi_012
2024_44_income_binary_higher__adjusted_fdr,2024,44,Rhode Island,higher,2842,467677.7148817175,1513.9301986150679,10,20,0.4444444444444444,1,0,4.0,7,0.4166666666666667,2024_44_income_binary_higher,income_binary,adjusted_fdr
2024_44_income_binary_higher__phi_008,2024,44,Rhode Island,higher,2842,467677.7148817175,1513.9301986150679,10,20,0.4444444444444444,2,1,4.0,7,0.6976744186046512,2024_44_income_binary_higher,income_binary,phi_008
2024_44_income_binary_higher__phi_012,2024,44,Rhode Island,higher,2842,467677.7148817175,1513.9301986150679,10,13,0.28888888888888886,2,1,2.6,4,0.2903225806451613,2024_44_income_binary_higher,income_binary,phi_012
2024_44_income_binary_lower__adjusted_fdr,2024,44,Rhode Island,lower,1527,249923.18244310946,796.6068311034823,10,13,0.28888888888888886,1,0,2.6,5,0.5,2024_44_income_binary_lower,income_binary,adjusted_fdr
2024_44_income_binary_lower__phi_008,2024,44,Rhode Island,lower,1527,249923.18244310946,796.6068311034823,10,25,0.5555555555555556,1,0,5.0,9,0.6410256410256411,2024_44_income_binary_lower,income_binary,phi_008
2024_44_income_binary_lower__phi_012,2024,44,Rhode Island,lower,1527,249923.18244310946,796.6068311034823,10,17,0.37777777777777777,1,0,3.4,8,0.42857142857142855,2024_44_income_binary_lower,income_binary,phi_012
2024_45_education_binary_higher__adjusted_fdr,2024,45,South Carolina,higher,6319,2611058.1626568246,2202.0190265889314,10,35,0.7777777777777778,1,0,7.0,9,0.8854625550660793,2024_45_education_binary_higher,education_binary,adjusted_fdr
2024_45_education_binary_higher__adjusted_stable,2024,45,South Carolina,higher,6319,2611058.1626568246,2202.0190265889314,10,35,0.7777777777777778,1,0,7.0,9,0.8854625550660793,2024_45_education_binary_higher,education_binary,adjusted_stable
2024_45_education_binary_higher__phi_008,2024,45,South Carolina,higher,6319,2611058.1626568246,2202.0190265889314,10,26,0.5777777777777777,1,0,5.2,9,0.6923076923076923,2024_45_education_binary_higher,education_binary,phi_008
2024_45_education_binary_higher__phi_012,2024,45,South Carolina,higher,6319,2611058.1626568246,2202.0190265889314,10,18,0.4,1,0,3.6,8,0.5625,2024_45_education_binary_higher,education_binary,phi_012
2024_45_education_binary_lower__adjusted_fdr,2024,45,South Carolina,lower,3099,1751959.5723651028,1047.7923822046807,10,31,0.6888888888888889,1,0,6.2,9,0.7241379310344828,2024_45_education_binary_lower,education_binary,adjusted_fdr
2024_45_education_binary_lower__adjusted_stable,2024,45,South Carolina,lower,3099,1751959.5723651028,1047.7923822046807,10,31,0.6888888888888889,1,0,6.2,9,0.7241379310344828,2024_45_education_binary_lower,education_binary,adjusted_stable
2024_45_education_binary_lower__phi_008,2024,45,South Carolina,lower,3099,1751959.5723651028,1047.7923822046807,10,31,0.6888888888888889,1,0,6.2,9,0.7247191011235955,2024_45_education_binary_lower,education_binary,phi_008
2024_45_education_binary_lower__phi_012,2024,45,South Carolina,lower,3099,1751959.5723651028,1047.7923822046807,10,25,0.5555555555555556,1,0,5.0,8,0.6610169491525424,2024_45_education_binary_lower,education_binary,phi_012
2024_45_income_binary_higher__adjusted_fdr,2024,45,South Carolina,higher,4133,2014836.7855262896,1492.2687473870053,10,31,0.6888888888888889,1,0,6.2,8,0.7921348314606742,2024_45_income_binary_higher,income_binary,adjusted_fdr
2024_45_income_binary_higher__phi_008,2024,45,South Carolina,higher,4133,2014836.7855262896,1492.2687473870053,10,30,0.6666666666666666,1,0,6.0,9,0.7544910179640718,2024_45_income_binary_higher,income_binary,phi_008
2024_45_income_binary_higher__phi_012,2024,45,South Carolina,higher,4133,2014836.7855262896,1492.2687473870053,10,17,0.37777777777777777,1,0,3.4,6,0.5,2024_45_income_binary_higher,income_binary,phi_012
2024_45_income_binary_lower__adjusted_fdr,2024,45,South Carolina,lower,3290,1485760.8357683527,1030.2122471220407,10,30,0.6666666666666666,1,0,6.0,9,0.7228915662650602,2024_45_income_binary_lower,income_binary,adjusted_fdr
2024_45_income_binary_lower__phi_008,2024,45,South Carolina,lower,3290,1485760.8357683527,1030.2122471220407,10,29,0.6444444444444445,1,0,5.8,9,0.7358490566037735,2024_45_income_binary_lower,income_binary,phi_008
2024_45_income_binary_lower__phi_012,2024,45,South Carolina,lower,3290,1485760.8357683527,1030.2122471220407,10,22,0.4888888888888889,1,0,4.4,8,0.59375,2024_45_income_binary_lower,income_binary,phi_012
2024_46_education_binary_higher__adjusted_fdr,2024,46,South Dakota,higher,4085,440365.4332388571,671.7238562297061,10,10,0.2222222222222222,2,0,2.0,4,0.375,2024_46_education_binary_higher,education_binary,adjusted_fdr
2024_46_education_binary_higher__adjusted_stable,2024,46,South Dakota,higher,4085,440365.4332388571,671.7238562297061,10,10,0.2222222222222222,2,0,2.0,4,0.375,2024_46_education_binary_higher,education_binary,adjusted_stable
2024_46_education_binary_higher__phi_008,2024,46,South Dakota,higher,4085,440365.4332388571,671.7238562297061,10,26,0.5777777777777777,1,0,5.2,9,0.6461538461538462,2024_46_education_binary_higher,education_binary,phi_008
2024_46_education_binary_higher__phi_012,2024,46,South Dakota,higher,4085,440365.4332388571,671.7238562297061,10,19,0.4222222222222222,1,0,3.8,8,0.56,2024_46_education_binary_higher,education_binary,phi_012
2024_46_education_binary_lower__adjusted_fdr,2024,46,South Dakota,lower,1742,275346.20757370605,295.6681344471387,10,14,0.3111111111111111,1,0,2.8,5,0.3,2024_46_education_binary_lower,education_binary,adjusted_fdr
2024_46_education_binary_lower__adjusted_stable,2024,46,South Dakota,lower,1742,275346.20757370605,295.6681344471387,10,14,0.3111111111111111,1,0,2.8,5,0.3,2024_46_education_binary_lower,education_binary,adjusted_stable
2024_46_education_binary_lower__phi_008,2024,46,South Dakota,lower,1742,275346.20757370605,295.6681344471387,10,26,0.5777777777777777,1,0,5.2,7,0.5641025641025641,2024_46_education_binary_lower,education_binary,phi_008
2024_46_education_binary_lower__phi_012,2024,46,South Dakota,lower,1742,275346.20757370605,295.6681344471387,10,16,0.35555555555555557,1,0,3.2,5,0.5714285714285714,2024_46_education_binary_lower,education_binary,phi_012
2024_46_income_binary_higher__adjusted_fdr,2024,46,South Dakota,higher,2872,349253.50028241245,519.2029268100616,10,6,0.13333333333333333,4,1,1.2,2,0.0,2024_46_income_binary_higher,income_binary,adjusted_fdr
2024_46_income_binary_higher__phi_008,2024,46,South Dakota,higher,2872,349253.50028241245,519.2029268100616,10,20,0.4444444444444444,1,0,4.0,7,0.52,2024_46_income_binary_higher,income_binary,phi_008
2024_46_income_binary_higher__phi_012,2024,46,South Dakota,higher,2872,349253.50028241245,519.2029268100616,10,11,0.24444444444444444,2,0,2.2,5,0.5217391304347826,2024_46_income_binary_higher,income_binary,phi_012
2024_46_income_binary_lower__adjusted_fdr,2024,46,South Dakota,lower,1971,219362.96452373557,288.96679150522584,10,11,0.24444444444444444,1,0,2.2,4,0.17647058823529413,2024_46_income_binary_lower,income_binary,adjusted_fdr
2024_46_income_binary_lower__phi_008,2024,46,South Dakota,lower,1971,219362.96452373557,288.96679150522584,10,28,0.6222222222222222,1,0,5.6,8,0.6642857142857143,2024_46_income_binary_lower,income_binary,phi_008
2024_46_income_binary_lower__phi_012,2024,46,South Dakota,lower,1971,219362.96452373557,288.96679150522584,10,21,0.4666666666666667,1,0,4.2,7,0.6153846153846154,2024_46_income_binary_lower,income_binary,phi_012
2024_48_education_binary_higher__adjusted_fdr,2024,48,Texas,higher,8268,13937209.437036429,2629.8350880007556,10,35,0.7777777777777778,1,0,7.0,9,0.8243243243243243,2024_48_education_binary_higher,education_binary,adjusted_fdr
2024_48_education_binary_higher__adjusted_stable,2024,48,Texas,higher,8268,13937209.437036429,2629.8350880007556,10,35,0.7777777777777778,1,0,7.0,9,0.8243243243243243,2024_48_education_binary_higher,education_binary,adjusted_stable
2024_48_education_binary_higher__phi_008,2024,48,Texas,higher,8268,13937209.437036429,2629.8350880007556,10,28,0.6222222222222222,1,0,5.6,9,0.6971830985915493,2024_48_education_binary_higher,education_binary,phi_008
2024_48_education_binary_higher__phi_012,2024,48,Texas,higher,8268,13937209.437036429,2629.8350880007556,10,20,0.4444444444444444,1,0,4.0,7,0.5526315789473685,2024_48_education_binary_higher,education_binary,phi_012
2024_48_education_binary_lower__adjusted_fdr,2024,48,Texas,lower,3937,9637321.041648518,1199.6741432739143,10,18,0.4,1,0,3.6,7,0.6290322580645161,2024_48_education_binary_lower,education_binary,adjusted_fdr
2024_48_education_binary_lower__adjusted_stable,2024,48,Texas,lower,3937,9637321.041648518,1199.6741432739143,10,18,0.4,1,0,3.6,7,0.6290322580645161,2024_48_education_binary_lower,education_binary,adjusted_stable
2024_48_education_binary_lower__phi_008,2024,48,Texas,lower,3937,9637321.041648518,1199.6741432739143,10,26,0.5777777777777777,1,0,5.2,9,0.6796875,2024_48_education_binary_lower,education_binary,phi_008
2024_48_education_binary_lower__phi_012,2024,48,Texas,lower,3937,9637321.041648518,1199.6741432739143,10,17,0.37777777777777777,1,0,3.4,7,0.5263157894736842,2024_48_education_binary_lower,education_binary,phi_012
2024_48_income_binary_higher__adjusted_fdr,2024,48,Texas,higher,5875,10815653.245716285,1870.3344285144185,10,34,0.7555555555555555,1,0,6.8,9,0.7681159420289855,2024_48_income_binary_higher,income_binary,adjusted_fdr
2024_48_income_binary_higher__phi_008,2024,48,Texas,higher,5875,10815653.245716285,1870.3344285144185,10,23,0.5111111111111111,1,0,4.6,8,0.6428571428571429,2024_48_income_binary_higher,income_binary,phi_008
2024_48_income_binary_higher__phi_012,2024,48,Texas,higher,5875,10815653.245716285,1870.3344285144185,10,20,0.4444444444444444,1,0,4.0,8,0.5384615384615384,2024_48_income_binary_higher,income_binary,phi_012
2024_48_income_binary_lower__adjusted_fdr,2024,48,Texas,lower,3913,7922363.925849545,1130.7384045458923,10,21,0.4666666666666667,1,0,4.2,7,0.525,2024_48_income_binary_lower,income_binary,adjusted_fdr
2024_48_income_binary_lower__phi_008,2024,48,Texas,lower,3913,7922363.925849545,1130.7384045458923,10,29,0.6444444444444445,1,0,5.8,9,0.6862745098039216,2024_48_income_binary_lower,income_binary,phi_008
2024_48_income_binary_lower__phi_012,2024,48,Texas,lower,3913,7922363.925849545,1130.7384045458923,10,19,0.4222222222222222,1,0,3.8,8,0.5373134328358209,2024_48_income_binary_lower,income_binary,phi_012
2024_49_education_binary_higher__adjusted_fdr,2024,49,Utah,higher,8882,1734039.1454278072,5185.42341107576,10,37,0.8222222222222222,1,0,7.4,9,0.8536585365853658,2024_49_education_binary_higher,education_binary,adjusted_fdr
2024_49_education_binary_higher__adjusted_stable,2024,49,Utah,higher,8882,1734039.1454278072,5185.42341107576,10,37,0.8222222222222222,1,0,7.4,9,0.8536585365853658,2024_49_education_binary_higher,education_binary,adjusted_stable
2024_49_education_binary_higher__phi_008,2024,49,Utah,higher,8882,1734039.1454278072,5185.42341107576,10,26,0.5777777777777777,1,0,5.2,9,0.7016129032258065,2024_49_education_binary_higher,education_binary,phi_008
2024_49_education_binary_higher__phi_012,2024,49,Utah,higher,8882,1734039.1454278072,5185.42341107576,10,14,0.3111111111111111,1,0,2.8,6,0.4864864864864865,2024_49_education_binary_higher,education_binary,phi_012
2024_49_education_binary_lower__adjusted_fdr,2024,49,Utah,lower,3863,828720.3330767241,2191.5814266343473,10,28,0.6222222222222222,1,0,5.6,7,0.6808510638297872,2024_49_education_binary_lower,education_binary,adjusted_fdr
2024_49_education_binary_lower__adjusted_stable,2024,49,Utah,lower,3863,828720.3330767241,2191.5814266343473,10,28,0.6222222222222222,1,0,5.6,7,0.6808510638297872,2024_49_education_binary_lower,education_binary,adjusted_stable
2024_49_education_binary_lower__phi_008,2024,49,Utah,lower,3863,828720.3330767241,2191.5814266343473,10,27,0.6,1,0,5.4,9,0.6940298507462687,2024_49_education_binary_lower,education_binary,phi_008
2024_49_education_binary_lower__phi_012,2024,49,Utah,lower,3863,828720.3330767241,2191.5814266343473,10,16,0.35555555555555557,1,0,3.2,8,0.36,2024_49_education_binary_lower,education_binary,phi_012
2024_49_income_binary_higher__adjusted_fdr,2024,49,Utah,higher,7003,1482729.6889873883,4314.876967711392,10,30,0.6666666666666666,1,0,6.0,9,0.7228915662650602,2024_49_income_binary_higher,income_binary,adjusted_fdr
2024_49_income_binary_higher__phi_008,2024,49,Utah,higher,7003,1482729.6889873883,4314.876967711392,10,19,0.4222222222222222,1,0,3.8,7,0.6176470588235294,2024_49_income_binary_higher,income_binary,phi_008
2024_49_income_binary_higher__phi_012,2024,49,Utah,higher,7003,1482729.6889873883,4314.876967711392,10,11,0.24444444444444444,3,1,2.2,5,0.625,2024_49_income_binary_higher,income_binary,phi_012
2024_49_income_binary_lower__adjusted_fdr,2024,49,Utah,lower,3195,576791.5703461568,1721.855792447775,10,35,0.7777777777777778,1,0,7.0,9,0.7945205479452054,2024_49_income_binary_lower,income_binary,adjusted_fdr
2024_49_income_binary_lower__phi_008,2024,49,Utah,lower,3195,576791.5703461568,1721.855792447775,10,31,0.6888888888888889,1,0,6.2,9,0.7283236994219653,2024_49_income_binary_lower,income_binary,phi_008
2024_49_income_binary_lower__phi_012,2024,49,Utah,lower,3195,576791.5703461568,1721.855792447775,10,20,0.4444444444444444,1,0,4.0,9,0.5454545454545454,2024_49_income_binary_lower,income_binary,phi_012
2024_50_education_binary_higher__adjusted_fdr,2024,50,Vermont,higher,5004,353696.77835692256,3143.4605163852284,10,29,0.6444444444444445,1,0,5.8,8,0.8518518518518519,2024_50_education_binary_higher,education_binary,adjusted_fdr
2024_50_education_binary_higher__adjusted_stable,2024,50,Vermont,higher,5004,353696.77835692256,3143.4605163852284,10,29,0.6444444444444445,1,0,5.8,8,0.8518518518518519,2024_50_education_binary_higher,education_binary,adjusted_stable
2024_50_education_binary_higher__phi_008,2024,50,Vermont,higher,5004,353696.77835692256,3143.4605163852284,10,22,0.4888888888888889,1,0,4.4,8,0.6382978723404256,2024_50_education_binary_higher,education_binary,phi_008
2024_50_education_binary_higher__phi_012,2024,50,Vermont,higher,5004,353696.77835692256,3143.4605163852284,10,16,0.35555555555555557,1,0,3.2,6,0.5625,2024_50_education_binary_higher,education_binary,phi_012
2024_50_education_binary_lower__adjusted_fdr,2024,50,Vermont,lower,1484,182007.9534789658,899.8185068759475,10,26,0.5777777777777777,1,0,5.2,8,0.7209302325581395,2024_50_education_binary_lower,education_binary,adjusted_fdr
2024_50_education_binary_lower__adjusted_stable,2024,50,Vermont,lower,1484,182007.9534789658,899.8185068759475,10,26,0.5777777777777777,1,0,5.2,8,0.7209302325581395,2024_50_education_binary_lower,education_binary,adjusted_stable
2024_50_education_binary_lower__phi_008,2024,50,Vermont,lower,1484,182007.9534789658,899.8185068759475,10,29,0.6444444444444445,1,0,5.8,9,0.7070063694267515,2024_50_education_binary_lower,education_binary,phi_008
2024_50_education_binary_lower__phi_012,2024,50,Vermont,lower,1484,182007.9534789658,899.8185068759475,10,21,0.4666666666666667,1,0,4.2,7,0.6071428571428571,2024_50_education_binary_lower,education_binary,phi_012
2024_50_income_binary_higher__adjusted_fdr,2024,50,Vermont,higher,3762,305589.1472936785,2273.66290512189,10,21,0.4666666666666667,1,0,4.2,6,0.5625,2024_50_income_binary_higher,income_binary,adjusted_fdr
2024_50_income_binary_higher__phi_008,2024,50,Vermont,higher,3762,305589.1472936785,2273.66290512189,10,20,0.4444444444444444,1,0,4.0,7,0.6081081081081081,2024_50_income_binary_higher,income_binary,phi_008
2024_50_income_binary_higher__phi_012,2024,50,Vermont,higher,3762,305589.1472936785,2273.66290512189,10,10,0.2222222222222222,2,1,2.0,5,0.2857142857142857,2024_50_income_binary_higher,income_binary,phi_012
2024_50_income_binary_lower__adjusted_fdr,2024,50,Vermont,lower,1634,136189.18558081548,942.461788490049,10,25,0.5555555555555556,1,0,5.0,8,0.7073170731707317,2024_50_income_binary_lower,income_binary,adjusted_fdr
2024_50_income_binary_lower__phi_008,2024,50,Vermont,lower,1634,136189.18558081548,942.461788490049,10,25,0.5555555555555556,1,0,5.0,9,0.6885245901639344,2024_50_income_binary_lower,income_binary,phi_008
2024_50_income_binary_lower__phi_012,2024,50,Vermont,lower,1634,136189.18558081548,942.461788490049,10,18,0.4,1,0,3.6,6,0.5625,2024_50_income_binary_lower,income_binary,phi_012
2024_51_education_binary_higher__adjusted_fdr,2024,51,Virginia,higher,4937,4532942.731241265,2261.1273207622908,10,32,0.7111111111111111,1,0,6.4,8,0.8393782383419689,2024_51_education_binary_higher,education_binary,adjusted_fdr
2024_51_education_binary_higher__adjusted_stable,2024,51,Virginia,higher,4937,4532942.731241265,2261.1273207622908,10,32,0.7111111111111111,1,0,6.4,8,0.8393782383419689,2024_51_education_binary_higher,education_binary,adjusted_stable
2024_51_education_binary_higher__phi_008,2024,51,Virginia,higher,4937,4532942.731241265,2261.1273207622908,10,26,0.5777777777777777,1,0,5.2,9,0.6614173228346457,2024_51_education_binary_higher,education_binary,phi_008
2024_51_education_binary_higher__phi_012,2024,51,Virginia,higher,4937,4532942.731241265,2261.1273207622908,10,17,0.37777777777777777,1,0,3.4,7,0.5172413793103449,2024_51_education_binary_higher,education_binary,phi_012
2024_51_education_binary_lower__adjusted_fdr,2024,51,Virginia,lower,1902,2395204.445103675,860.7017016981456,10,26,0.5777777777777777,1,0,5.2,7,0.7557251908396947,2024_51_education_binary_lower,education_binary,adjusted_fdr
2024_51_education_binary_lower__adjusted_stable,2024,51,Virginia,lower,1902,2395204.445103675,860.7017016981456,10,26,0.5777777777777777,1,0,5.2,7,0.7557251908396947,2024_51_education_binary_lower,education_binary,adjusted_stable
2024_51_education_binary_lower__phi_008,2024,51,Virginia,lower,1902,2395204.445103675,860.7017016981456,10,28,0.6222222222222222,1,0,5.6,8,0.7132867132867133,2024_51_education_binary_lower,education_binary,phi_008
2024_51_education_binary_lower__phi_012,2024,51,Virginia,lower,1902,2395204.445103675,860.7017016981456,10,21,0.4666666666666667,1,0,4.2,8,0.5930232558139535,2024_51_education_binary_lower,education_binary,phi_012
2024_51_income_binary_higher__adjusted_fdr,2024,51,Virginia,higher,3406,3634333.82964649,1633.4838212816426,10,20,0.4444444444444444,1,0,4.0,6,0.4782608695652174,2024_51_income_binary_higher,income_binary,adjusted_fdr
2024_51_income_binary_higher__phi_008,2024,51,Virginia,higher,3406,3634333.82964649,1633.4838212816426,10,23,0.5111111111111111,1,0,4.6,8,0.6237623762376238,2024_51_income_binary_higher,income_binary,phi_008
2024_51_income_binary_higher__phi_012,2024,51,Virginia,higher,3406,3634333.82964649,1633.4838212816426,10,14,0.3111111111111111,3,1,2.8,5,0.6585365853658537,2024_51_income_binary_higher,income_binary,phi_012
2024_51_income_binary_lower__adjusted_fdr,2024,51,Virginia,lower,2018,1928686.7621699441,874.1581931360228,10,26,0.5777777777777777,1,0,5.2,8,0.7218045112781954,2024_51_income_binary_lower,income_binary,adjusted_fdr
2024_51_income_binary_lower__phi_008,2024,51,Virginia,lower,2018,1928686.7621699441,874.1581931360228,10,32,0.7111111111111111,1,0,6.4,9,0.75,2024_51_income_binary_lower,income_binary,phi_008
2024_51_income_binary_lower__phi_012,2024,51,Virginia,lower,2018,1928686.7621699441,874.1581931360228,10,20,0.4444444444444444,1,0,4.0,7,0.6219512195121951,2024_51_income_binary_lower,income_binary,phi_012
2024_53_education_binary_higher__adjusted_fdr,2024,53,Washington,higher,19038,4205144.745568908,11778.233327379865,10,40,0.8888888888888888,1,0,8.0,9,0.9094076655052264,2024_53_education_binary_higher,education_binary,adjusted_fdr
2024_53_education_binary_higher__adjusted_stable,2024,53,Washington,higher,19038,4205144.745568908,11778.233327379865,10,40,0.8888888888888888,1,0,8.0,9,0.9094076655052264,2024_53_education_binary_higher,education_binary,adjusted_stable
2024_53_education_binary_higher__phi_008,2024,53,Washington,higher,19038,4205144.745568908,11778.233327379865,10,24,0.5333333333333333,1,0,4.8,9,0.6330275229357798,2024_53_education_binary_higher,education_binary,phi_008
2024_53_education_binary_higher__phi_012,2024,53,Washington,higher,19038,4205144.745568908,11778.233327379865,10,14,0.3111111111111111,1,0,2.8,6,0.4864864864864865,2024_53_education_binary_higher,education_binary,phi_012
2024_53_education_binary_lower__adjusted_fdr,2024,53,Washington,lower,6573,2004970.2678889353,4167.2291717089565,10,34,0.7555555555555555,1,0,6.8,9,0.8,2024_53_education_binary_lower,education_binary,adjusted_fdr
2024_53_education_binary_lower__adjusted_stable,2024,53,Washington,lower,6573,2004970.2678889353,4167.2291717089565,10,34,0.7555555555555555,1,0,6.8,9,0.8,2024_53_education_binary_lower,education_binary,adjusted_stable
2024_53_education_binary_lower__phi_008,2024,53,Washington,lower,6573,2004970.2678889353,4167.2291717089565,10,27,0.6,1,0,5.4,9,0.7007299270072993,2024_53_education_binary_lower,education_binary,phi_008
2024_53_education_binary_lower__phi_012,2024,53,Washington,lower,6573,2004970.2678889353,4167.2291717089565,10,17,0.37777777777777777,1,0,3.4,7,0.4528301886792453,2024_53_education_binary_lower,education_binary,phi_012
2024_53_income_binary_higher__adjusted_fdr,2024,53,Washington,higher,14445,3490311.3942005285,9168.234514583128,10,39,0.8666666666666667,1,0,7.8,9,0.8901098901098901,2024_53_income_binary_higher,income_binary,adjusted_fdr
2024_53_income_binary_higher__phi_008,2024,53,Washington,higher,14445,3490311.3942005285,9168.234514583128,10,22,0.4888888888888889,1,0,4.4,8,0.6333333333333333,2024_53_income_binary_higher,income_binary,phi_008
2024_53_income_binary_higher__phi_012,2024,53,Washington,higher,14445,3490311.3942005285,9168.234514583128,10,11,0.24444444444444444,2,1,2.2,6,0.36,2024_53_income_binary_higher,income_binary,phi_012
2024_53_income_binary_lower__adjusted_fdr,2024,53,Washington,lower,6376,1478163.4298318815,3704.731380168221,10,35,0.7777777777777778,1,0,7.0,9,0.8590308370044053,2024_53_income_binary_lower,income_binary,adjusted_fdr
2024_53_income_binary_lower__phi_008,2024,53,Washington,lower,6376,1478163.4298318815,3704.731380168221,10,27,0.6,1,0,5.4,9,0.75,2024_53_income_binary_lower,income_binary,phi_008
2024_53_income_binary_lower__phi_012,2024,53,Washington,lower,6376,1478163.4298318815,3704.731380168221,10,21,0.4666666666666667,1,0,4.2,9,0.5581395348837209,2024_53_income_binary_lower,income_binary,phi_012
2024_54_education_binary_higher__adjusted_fdr,2024,54,West Virginia,higher,3465,698093.1435300009,2376.2167044606354,10,33,0.7333333333333333,1,0,6.6,8,0.7846153846153846,2024_54_education_binary_higher,education_binary,adjusted_fdr
2024_54_education_binary_higher__adjusted_stable,2024,54,West Virginia,higher,3465,698093.1435300009,2376.2167044606354,10,33,0.7333333333333333,1,0,6.6,8,0.7846153846153846,2024_54_education_binary_higher,education_binary,adjusted_stable
2024_54_education_binary_higher__phi_008,2024,54,West Virginia,higher,3465,698093.1435300009,2376.2167044606354,10,28,0.6222222222222222,1,0,5.6,9,0.7397260273972602,2024_54_education_binary_higher,education_binary,phi_008
2024_54_education_binary_higher__phi_012,2024,54,West Virginia,higher,3465,698093.1435300009,2376.2167044606354,10,15,0.3333333333333333,1,0,3.0,6,0.5454545454545454,2024_54_education_binary_higher,education_binary,phi_012
2024_54_education_binary_lower__adjusted_fdr,2024,54,West Virginia,lower,2340,725354.9641765121,1587.1597554965726,10,34,0.7555555555555555,1,0,6.8,9,0.8246445497630331,2024_54_education_binary_lower,education_binary,adjusted_fdr
2024_54_education_binary_lower__adjusted_stable,2024,54,West Virginia,lower,2340,725354.9641765121,1587.1597554965726,10,34,0.7555555555555555,1,0,6.8,9,0.8246445497630331,2024_54_education_binary_lower,education_binary,adjusted_stable
2024_54_education_binary_lower__phi_008,2024,54,West Virginia,lower,2340,725354.9641765121,1587.1597554965726,10,32,0.7111111111111111,1,0,6.4,9,0.8052631578947368,2024_54_education_binary_lower,education_binary,phi_008
2024_54_education_binary_lower__phi_012,2024,54,West Virginia,lower,2340,725354.9641765121,1587.1597554965726,10,20,0.4444444444444444,1,0,4.0,7,0.56,2024_54_education_binary_lower,education_binary,phi_012
2024_54_income_binary_higher__adjusted_fdr,2024,54,West Virginia,higher,2729,646552.2513487749,1804.850429072182,10,32,0.7111111111111111,1,0,6.4,8,0.7417582417582418,2024_54_income_binary_higher,income_binary,adjusted_fdr
2024_54_income_binary_higher__phi_008,2024,54,West Virginia,higher,2729,646552.2513487749,1804.850429072182,10,27,0.6,1,0,5.4,8,0.7058823529411765,2024_54_income_binary_higher,income_binary,phi_008
2024_54_income_binary_higher__phi_012,2024,54,West Virginia,higher,2729,646552.2513487749,1804.850429072182,10,18,0.4,1,0,3.6,6,0.5901639344262295,2024_54_income_binary_higher,income_binary,phi_012
2024_54_income_binary_lower__adjusted_fdr,2024,54,West Virginia,lower,2330,583565.8315692537,1521.7409079882184,10,29,0.6444444444444445,1,0,5.8,8,0.6845637583892618,2024_54_income_binary_lower,income_binary,adjusted_fdr
2024_54_income_binary_lower__phi_008,2024,54,West Virginia,lower,2330,583565.8315692537,1521.7409079882184,10,31,0.6888888888888889,1,0,6.2,9,0.7670454545454546,2024_54_income_binary_lower,income_binary,phi_008
2024_54_income_binary_lower__phi_012,2024,54,West Virginia,lower,2330,583565.8315692537,1521.7409079882184,10,15,0.3333333333333333,2,0,3.0,5,0.6,2024_54_income_binary_lower,income_binary,phi_012
2024_55_education_binary_higher__adjusted_fdr,2024,55,Wisconsin,higher,8816,2919706.02442142,4146.356817016462,10,37,0.8222222222222222,1,0,7.4,9,0.9176470588235294,2024_55_education_binary_higher,education_binary,adjusted_fdr
2024_55_education_binary_higher__adjusted_stable,2024,55,Wisconsin,higher,8816,2919706.02442142,4146.356817016462,10,37,0.8222222222222222,1,0,7.4,9,0.9176470588235294,2024_55_education_binary_higher,education_binary,adjusted_stable
2024_55_education_binary_higher__phi_008,2024,55,Wisconsin,higher,8816,2919706.02442142,4146.356817016462,10,28,0.6222222222222222,1,0,5.6,9,0.7449664429530202,2024_55_education_binary_higher,education_binary,phi_008
2024_55_education_binary_higher__phi_012,2024,55,Wisconsin,higher,8816,2919706.02442142,4146.356817016462,10,15,0.3333333333333333,1,0,3.0,6,0.5,2024_55_education_binary_higher,education_binary,phi_012
2024_55_education_binary_lower__adjusted_fdr,2024,55,Wisconsin,lower,4236,1789868.0991731694,2085.6884501453865,10,36,0.8,1,0,7.2,9,0.8697478991596639,2024_55_education_binary_lower,education_binary,adjusted_fdr
2024_55_education_binary_lower__adjusted_stable,2024,55,Wisconsin,lower,4236,1789868.0991731694,2085.6884501453865,10,36,0.8,1,0,7.2,9,0.8697478991596639,2024_55_education_binary_lower,education_binary,adjusted_stable
2024_55_education_binary_lower__phi_008,2024,55,Wisconsin,lower,4236,1789868.0991731694,2085.6884501453865,10,30,0.6666666666666666,1,0,6.0,9,0.7636363636363637,2024_55_education_binary_lower,education_binary,phi_008
2024_55_education_binary_lower__phi_012,2024,55,Wisconsin,lower,4236,1789868.0991731694,2085.6884501453865,10,20,0.4444444444444444,1,0,4.0,8,0.5384615384615384,2024_55_education_binary_lower,education_binary,phi_012
2024_55_income_binary_higher__adjusted_fdr,2024,55,Wisconsin,higher,5700,2382173.2955843396,2818.0984416130354,10,29,0.6444444444444445,1,0,5.8,8,0.7354838709677419,2024_55_income_binary_higher,income_binary,adjusted_fdr
2024_55_income_binary_higher__phi_008,2024,55,Wisconsin,higher,5700,2382173.2955843396,2818.0984416130354,10,24,0.5333333333333333,1,0,4.8,7,0.6944444444444444,2024_55_income_binary_higher,income_binary,phi_008
2024_55_income_binary_higher__phi_012,2024,55,Wisconsin,higher,5700,2382173.2955843396,2818.0984416130354,10,11,0.24444444444444444,2,1,2.2,4,0.3,2024_55_income_binary_higher,income_binary,phi_012
2024_55_income_binary_lower__adjusted_fdr,2024,55,Wisconsin,lower,4683,1422029.2799064785,2229.5215026959117,10,34,0.7555555555555555,1,0,6.8,9,0.8511627906976744,2024_55_income_binary_lower,income_binary,adjusted_fdr
2024_55_income_binary_lower__phi_008,2024,55,Wisconsin,lower,4683,1422029.2799064785,2229.5215026959117,10,29,0.6444444444444445,1,0,5.8,9,0.7643312101910829,2024_55_income_binary_lower,income_binary,phi_008
2024_55_income_binary_lower__phi_012,2024,55,Wisconsin,lower,4683,1422029.2799064785,2229.5215026959117,10,21,0.4666666666666667,1,0,4.2,8,0.6071428571428571,2024_55_income_binary_lower,income_binary,phi_012
2024_56_education_binary_higher__adjusted_fdr,2024,56,Wyoming,higher,3238,295724.1174156895,1942.0937175362676,10,30,0.6666666666666666,1,0,6.0,8,0.7941176470588235,2024_56_education_binary_higher,education_binary,adjusted_fdr
2024_56_education_binary_higher__adjusted_stable,2024,56,Wyoming,higher,3238,295724.1174156895,1942.0937175362676,10,30,0.6666666666666666,1,0,6.0,8,0.7941176470588235,2024_56_education_binary_higher,education_binary,adjusted_stable
2024_56_education_binary_higher__phi_008,2024,56,Wyoming,higher,3238,295724.1174156895,1942.0937175362676,10,23,0.5111111111111111,1,0,4.6,7,0.6534653465346535,2024_56_education_binary_higher,education_binary,phi_008
2024_56_education_binary_higher__phi_012,2024,56,Wyoming,higher,3238,295724.1174156895,1942.0937175362676,10,13,0.28888888888888886,2,0,2.6,5,0.5806451612903226,2024_56_education_binary_higher,education_binary,phi_012
2024_56_education_binary_lower__adjusted_fdr,2024,56,Wyoming,lower,1347,165545.66860098706,773.609819802342,10,25,0.5555555555555556,1,0,5.0,7,0.7,2024_56_education_binary_lower,education_binary,adjusted_fdr
2024_56_education_binary_lower__adjusted_stable,2024,56,Wyoming,lower,1347,165545.66860098706,773.609819802342,10,25,0.5555555555555556,1,0,5.0,7,0.7,2024_56_education_binary_lower,education_binary,adjusted_stable
2024_56_education_binary_lower__phi_008,2024,56,Wyoming,lower,1347,165545.66860098706,773.609819802342,10,33,0.7333333333333333,1,0,6.6,9,0.8653846153846154,2024_56_education_binary_lower,education_binary,phi_008
2024_56_education_binary_lower__phi_012,2024,56,Wyoming,lower,1347,165545.66860098706,773.609819802342,10,26,0.5777777777777777,1,0,5.2,8,0.7333333333333333,2024_56_education_binary_lower,education_binary,phi_012
2024_56_income_binary_higher__adjusted_fdr,2024,56,Wyoming,higher,2187,246106.45920764303,1370.8083741974722,10,21,0.4666666666666667,1,0,4.2,6,0.6785714285714286,2024_56_income_binary_higher,income_binary,adjusted_fdr
2024_56_income_binary_higher__phi_008,2024,56,Wyoming,higher,2187,246106.45920764303,1370.8083741974722,10,30,0.6666666666666666,1,0,6.0,8,0.815028901734104,2024_56_income_binary_higher,income_binary,phi_008
2024_56_income_binary_higher__phi_012,2024,56,Wyoming,higher,2187,246106.45920764303,1370.8083741974722,10,18,0.4,2,1,3.6,6,0.5909090909090909,2024_56_income_binary_higher,income_binary,phi_012
2024_56_income_binary_lower__adjusted_fdr,2024,56,Wyoming,lower,1564,138015.72416303417,841.738584038382,10,30,0.6666666666666666,1,0,6.0,9,0.7409638554216867,2024_56_income_binary_lower,income_binary,adjusted_fdr
2024_56_income_binary_lower__phi_008,2024,56,Wyoming,lower,1564,138015.72416303417,841.738584038382,10,26,0.5777777777777777,1,0,5.2,9,0.65625,2024_56_income_binary_lower,income_binary,phi_008
2024_56_income_binary_lower__phi_012,2024,56,Wyoming,lower,1564,138015.72416303417,841.738584038382,10,22,0.4888888888888889,1,0,4.4,9,0.5757575757575758,2024_56_income_binary_lower,income_binary,phi_012
