null_replicate,graph_index,target_swaps,accepted_swaps,changed
1,0,110,110,True
1,1,130,130,True
1,2,70,70,True
1,3,70,70,True
1,4,90,90,True
1,5,90,90,True
1,6,170,170,True
1,7,150,150,True
1,8,150,150,True
1,9,70,70,True
1,10,120,120,True
1,11,100,100,True
1,12,70,70,True
1,13,80,80,True
1,14,100,100,True
1,15,100,100,True
1,16,100,100,True
1,17,120,120,True
1,18,130,130,True
1,19,170,170,True
1,20,50,50,True
1,21,70,70,True
1,22,120,120,True
1,23,80,80,True
1,24,120,120,True
1,25,100,100,True
1,26,130,130,True
1,27,140,140,True
1,28,100,100,True
1,29,120,120,True
1,30,120,120,True
1,31,130,130,True
1,32,130,130,True
1,33,210,210,True
1,34,100,100,True
1,35,130,130,True
1,36,120,120,True
1,37,170,170,True
1,38,80,80,True
1,39,120,120,True
1,40,80,80,True
1,41,100,100,True
1,42,130,130,True
1,43,170,170,True
1,44,90,90,True
1,45,110,110,True
1,46,130,130,True
1,47,110,110,True
1,48,40,40,True
1,49,130,130,True
1,50,110,110,True
1,51,150,150,True
1,52,80,80,True
1,53,70,70,True
1,54,70,70,True
1,55,90,90,True
1,56,20,20,False
1,57,90,90,True
1,58,130,130,True
1,59,150,150,True
1,60,90,90,True
1,61,110,110,True
1,62,100,100,True
1,63,150,150,True
1,64,100,100,True
1,65,160,160,True
1,66,130,130,True
1,67,140,140,True
1,68,110,110,True
1,69,130,130,True
1,70,130,130,True
1,71,80,80,True
1,72,100,100,True
1,73,90,90,True
1,74,140,140,True
1,75,190,190,True
1,76,50,50,True
1,77,60,60,True
1,78,130,130,True
1,79,130,130,True
1,80,110,110,True
1,81,110,110,True
1,82,100,100,True
1,83,120,120,True
1,84,140,140,True
1,85,120,120,True
1,86,110,110,True
1,87,120,120,True
1,88,130,130,True
1,89,140,140,True
1,90,120,120,True
1,91,110,110,True
1,92,80,80,True
1,93,160,160,True
2,0,110,110,True
2,1,130,130,True
2,2,70,70,True
2,3,70,70,True
2,4,90,90,True
2,5,90,90,True
2,6,170,170,True
2,7,150,150,True
2,8,150,150,True
2,9,70,70,True
2,10,120,120,True
2,11,100,100,True
2,12,70,70,True
2,13,80,80,False
2,14,100,100,True
2,15,100,100,True
2,16,100,100,True
2,17,120,120,True
2,18,130,130,True
2,19,170,170,True
2,20,50,50,True
2,21,70,70,True
2,22,120,120,True
2,23,80,80,True
2,24,120,120,True
2,25,100,100,True
2,26,130,130,True
2,27,140,140,True
2,28,100,100,True
2,29,120,120,True
2,30,120,120,True
2,31,130,130,True
2,32,130,130,True
2,33,210,210,True
2,34,100,100,True
2,35,130,130,True
2,36,120,120,True
2,37,170,170,True
2,38,80,80,True
2,39,120,120,True
2,40,80,80,True
2,41,100,100,True
2,42,130,130,True
2,43,170,170,True
2,44,90,90,True
2,45,110,110,True
2,46,130,130,True
2,47,110,110,True
2,48,40,40,False
2,49,130,130,True
2,50,110,110,True
2,51,150,150,True
2,52,80,80,True
2,53,70,70,True
2,54,70,70,True
2,55,90,90,True
2,56,20,20,False
2,57,90,90,True
2,58,130,130,True
2,59,150,150,True
2,60,90,90,True
2,61,110,110,True
2,62,100,100,True
2,63,150,150,True
2,64,100,100,True
2,65,160,160,True
2,66,130,130,True
2,67,140,140,True
2,68,110,110,True
2,69,130,130,True
2,70,130,130,True
2,71,80,80,True
2,72,100,100,True
2,73,90,90,True
2,74,140,140,True
2,75,190,190,True
2,76,50,50,True
2,77,60,60,True
2,78,130,130,True
2,79,130,130,True
2,80,110,110,True
2,81,110,110,True
2,82,100,100,True
2,83,120,120,True
2,84,140,140,True
2,85,120,120,True
2,86,110,110,True
2,87,120,120,True
2,88,130,130,True
2,89,140,140,True
2,90,120,120,True
2,91,110,110,True
2,92,80,80,True
2,93,160,160,True
3,0,110,110,True
3,1,130,130,True
3,2,70,70,True
3,3,70,70,True
3,4,90,90,True
3,5,90,90,True
3,6,170,170,True
3,7,150,150,True
3,8,150,150,True
3,9,70,70,True
3,10,120,120,True
3,11,100,100,True
3,12,70,70,True
3,13,80,80,True
3,14,100,100,True
3,15,100,100,True
3,16,100,100,True
3,17,120,120,True
3,18,130,130,True
3,19,170,170,True
3,20,50,50,True
3,21,70,70,True
3,22,120,120,True
3,23,80,80,True
3,24,120,120,True
3,25,100,100,True
3,26,130,130,True
3,27,140,140,True
3,28,100,100,True
3,29,120,120,True
3,30,120,120,True
3,31,130,130,True
3,32,130,130,True
3,33,210,210,True
3,34,100,100,True
3,35,130,130,True
3,36,120,120,True
3,37,170,170,True
3,38,80,80,True
3,39,120,120,True
3,40,80,80,True
3,41,100,100,True
3,42,130,130,True
3,43,170,170,True
3,44,90,90,True
3,45,110,110,True
3,46,130,130,True
3,47,110,110,True
3,48,40,40,True
3,49,130,130,True
3,50,110,110,True
3,51,150,150,True
3,52,80,80,True
3,53,70,70,True
3,54,70,70,True
3,55,90,90,True
3,56,20,20,False
3,57,90,90,True
3,58,130,130,True
3,59,150,150,True
3,60,90,90,True
3,61,110,110,True
3,62,100,100,True
3,63,150,150,True
3,64,100,100,True
3,65,160,160,True
3,66,130,130,True
3,67,140,140,True
3,68,110,110,True
3,69,130,130,True
3,70,130,130,True
3,71,80,80,True
3,72,100,100,True
3,73,90,90,True
3,74,140,140,True
3,75,190,190,True
3,76,50,50,True
3,77,60,60,True
3,78,130,130,True
3,79,130,130,True
3,80,110,110,True
3,81,110,110,True
3,82,100,100,True
3,83,120,120,True
3,84,140,140,True
3,85,120,120,True
3,86,110,110,True
3,87,120,120,True
3,88,130,130,True
3,89,140,140,True
3,90,120,120,True
3,91,110,110,True
3,92,80,80,True
3,93,160,160,True
4,0,110,110,True
4,1,130,130,True
4,2,70,70,True
4,3,70,70,True
4,4,90,90,True
4,5,90,90,True
4,6,170,170,True
4,7,150,150,True
4,8,150,150,True
4,9,70,70,True
4,10,120,120,True
4,11,100,100,True
4,12,70,70,True
4,13,80,80,True
4,14,100,100,True
4,15,100,100,True
4,16,100,100,True
4,17,120,120,True
4,18,130,130,True
4,19,170,170,True
4,20,50,50,True
4,21,70,70,True
4,22,120,120,True
4,23,80,80,True
4,24,120,120,True
4,25,100,100,True
4,26,130,130,True
4,27,140,140,True
4,28,100,100,True
4,29,120,120,True
4,30,120,120,True
4,31,130,130,True
4,32,130,130,True
4,33,210,210,True
4,34,100,100,True
4,35,130,130,True
4,36,120,120,True
4,37,170,170,True
4,38,80,80,True
4,39,120,120,True
4,40,80,80,True
4,41,100,100,True
4,42,130,130,True
4,43,170,170,True
4,44,90,90,True
4,45,110,110,True
4,46,130,130,True
4,47,110,110,True
4,48,40,40,True
4,49,130,130,True
4,50,110,110,True
4,51,150,150,True
4,52,80,80,True
4,53,70,70,True
4,54,70,70,True
4,55,90,90,True
4,56,20,20,True
4,57,90,90,True
4,58,130,130,True
4,59,150,150,True
4,60,90,90,True
4,61,110,110,True
4,62,100,100,True
4,63,150,150,True
4,64,100,100,True
4,65,160,160,True
4,66,130,130,True
4,67,140,140,True
4,68,110,110,True
4,69,130,130,True
4,70,130,130,True
4,71,80,80,True
4,72,100,100,True
4,73,90,90,True
4,74,140,140,True
4,75,190,190,True
4,76,50,50,True
4,77,60,60,True
4,78,130,130,True
4,79,130,130,True
4,80,110,110,True
4,81,110,110,True
4,82,100,100,True
4,83,120,120,True
4,84,140,140,True
4,85,120,120,True
4,86,110,110,True
4,87,120,120,True
4,88,130,130,True
4,89,140,140,True
4,90,120,120,True
4,91,110,110,True
4,92,80,80,True
4,93,160,160,True
5,0,110,110,True
5,1,130,130,True
5,2,70,70,True
5,3,70,70,True
5,4,90,90,True
5,5,90,90,True
5,6,170,170,True
5,7,150,150,True
5,8,150,150,True
5,9,70,70,True
5,10,120,120,True
5,11,100,100,True
5,12,70,70,True
5,13,80,80,True
5,14,100,100,True
5,15,100,100,True
5,16,100,100,True
5,17,120,120,True
5,18,130,130,True
5,19,170,170,True
5,20,50,50,True
5,21,70,70,True
5,22,120,120,True
5,23,80,80,True
5,24,120,120,True
5,25,100,100,True
5,26,130,130,True
5,27,140,140,True
5,28,100,100,True
5,29,120,120,True
5,30,120,120,True
5,31,130,130,True
5,32,130,130,True
5,33,210,210,True
5,34,100,100,True
5,35,130,130,True
5,36,120,120,True
5,37,170,170,True
5,38,80,80,True
5,39,120,120,True
5,40,80,80,True
5,41,100,100,True
5,42,130,130,True
5,43,170,170,True
5,44,90,90,True
5,45,110,110,True
5,46,130,130,True
5,47,110,110,True
5,48,40,40,True
5,49,130,130,True
5,50,110,110,True
5,51,150,150,True
5,52,80,80,True
5,53,70,70,True
5,54,70,70,False
5,55,90,90,True
5,56,20,20,True
5,57,90,90,True
5,58,130,130,True
5,59,150,150,True
5,60,90,90,True
5,61,110,110,True
5,62,100,100,True
5,63,150,150,True
5,64,100,100,True
5,65,160,160,True
5,66,130,130,True
5,67,140,140,True
5,68,110,110,True
5,69,130,130,True
5,70,130,130,True
5,71,80,80,True
5,72,100,100,True
5,73,90,90,True
5,74,140,140,True
5,75,190,190,True
5,76,50,50,True
5,77,60,60,True
5,78,130,130,True
5,79,130,130,True
5,80,110,110,True
5,81,110,110,True
5,82,100,100,True
5,83,120,120,True
5,84,140,140,True
5,85,120,120,True
5,86,110,110,True
5,87,120,120,True
5,88,130,130,True
5,89,140,140,True
5,90,120,120,True
5,91,110,110,True
5,92,80,80,True
5,93,160,160,True
6,0,110,110,True
6,1,130,130,True
6,2,70,70,True
6,3,70,70,True
6,4,90,90,True
6,5,90,90,True
6,6,170,170,True
6,7,150,150,True
6,8,150,150,True
6,9,70,70,True
6,10,120,120,True
6,11,100,100,True
6,12,70,70,True
6,13,80,80,True
6,14,100,100,True
6,15,100,100,True
6,16,100,100,True
6,17,120,120,True
6,18,130,130,True
6,19,170,170,True
6,20,50,50,True
6,21,70,70,True
6,22,120,120,True
6,23,80,80,True
6,24,120,120,True
6,25,100,100,True
6,26,130,130,True
6,27,140,140,True
6,28,100,100,True
6,29,120,120,True
6,30,120,120,True
6,31,130,130,True
6,32,130,130,True
6,33,210,210,True
6,34,100,100,True
6,35,130,130,True
6,36,120,120,True
6,37,170,170,True
6,38,80,80,True
6,39,120,120,True
6,40,80,80,True
6,41,100,100,True
6,42,130,130,True
6,43,170,170,True
6,44,90,90,True
6,45,110,110,True
6,46,130,130,True
6,47,110,110,True
6,48,40,40,True
6,49,130,130,True
6,50,110,110,True
6,51,150,150,True
6,52,80,80,True
6,53,70,70,True
6,54,70,70,True
6,55,90,90,True
6,56,20,20,False
6,57,90,90,True
6,58,130,130,True
6,59,150,150,True
6,60,90,90,True
6,61,110,110,True
6,62,100,100,True
6,63,150,150,True
6,64,100,100,True
6,65,160,160,True
6,66,130,130,True
6,67,140,140,True
6,68,110,110,True
6,69,130,130,True
6,70,130,130,True
6,71,80,80,True
6,72,100,100,True
6,73,90,90,True
6,74,140,140,True
6,75,190,190,True
6,76,50,50,True
6,77,60,60,True
6,78,130,130,True
6,79,130,130,True
6,80,110,110,True
6,81,110,110,True
6,82,100,100,True
6,83,120,120,True
6,84,140,140,True
6,85,120,120,True
6,86,110,110,True
6,87,120,120,True
6,88,130,130,True
6,89,140,140,True
6,90,120,120,True
6,91,110,110,True
6,92,80,80,True
6,93,160,160,True
7,0,110,110,True
7,1,130,130,True
7,2,70,70,True
7,3,70,70,True
7,4,90,90,True
7,5,90,90,True
7,6,170,170,True
7,7,150,150,True
7,8,150,150,True
7,9,70,70,True
7,10,120,120,True
7,11,100,100,True
7,12,70,70,True
7,13,80,80,True
7,14,100,100,True
7,15,100,100,True
7,16,100,100,True
7,17,120,120,True
7,18,130,130,True
7,19,170,170,True
7,20,50,50,True
7,21,70,70,True
7,22,120,120,True
7,23,80,80,True
7,24,120,120,True
7,25,100,100,True
7,26,130,130,True
7,27,140,140,True
7,28,100,100,True
7,29,120,120,True
7,30,120,120,True
7,31,130,130,True
7,32,130,130,True
7,33,210,210,True
7,34,100,100,True
7,35,130,130,True
7,36,120,120,True
7,37,170,170,True
7,38,80,80,True
7,39,120,120,True
7,40,80,80,True
7,41,100,100,True
7,42,130,130,True
7,43,170,170,True
7,44,90,90,True
7,45,110,110,True
7,46,130,130,True
7,47,110,110,True
7,48,40,40,True
7,49,130,130,True
7,50,110,110,True
7,51,150,150,True
7,52,80,80,True
7,53,70,70,True
7,54,70,70,True
7,55,90,90,True
7,56,20,20,True
7,57,90,90,True
7,58,130,130,True
7,59,150,150,True
7,60,90,90,True
7,61,110,110,True
7,62,100,100,True
7,63,150,150,True
7,64,100,100,True
7,65,160,160,True
7,66,130,130,True
7,67,140,140,True
7,68,110,110,True
7,69,130,130,True
7,70,130,130,True
7,71,80,80,True
7,72,100,100,True
7,73,90,90,True
7,74,140,140,True
7,75,190,190,True
7,76,50,50,True
7,77,60,60,True
7,78,130,130,True
7,79,130,130,True
7,80,110,110,True
7,81,110,110,True
7,82,100,100,True
7,83,120,120,True
7,84,140,140,True
7,85,120,120,True
7,86,110,110,True
7,87,120,120,True
7,88,130,130,True
7,89,140,140,True
7,90,120,120,True
7,91,110,110,True
7,92,80,80,True
7,93,160,160,True
8,0,110,110,True
8,1,130,130,True
8,2,70,70,True
8,3,70,70,True
8,4,90,90,True
8,5,90,90,True
8,6,170,170,True
8,7,150,150,True
8,8,150,150,True
8,9,70,70,True
8,10,120,120,True
8,11,100,100,True
8,12,70,70,True
8,13,80,80,True
8,14,100,100,True
8,15,100,100,True
8,16,100,100,True
8,17,120,120,True
8,18,130,130,True
8,19,170,170,True
8,20,50,50,True
8,21,70,70,True
8,22,120,120,True
8,23,80,80,True
8,24,120,120,True
8,25,100,100,True
8,26,130,130,True
8,27,140,140,True
8,28,100,100,True
8,29,120,120,True
8,30,120,120,True
8,31,130,130,True
8,32,130,130,True
8,33,210,210,True
8,34,100,100,True
8,35,130,130,True
8,36,120,120,True
8,37,170,170,True
8,38,80,80,True
8,39,120,120,True
8,40,80,80,True
8,41,100,100,True
8,42,130,130,True
8,43,170,170,True
8,44,90,90,True
8,45,110,110,True
8,46,130,130,True
8,47,110,110,True
8,48,40,40,True
8,49,130,130,True
8,50,110,110,True
8,51,150,150,True
8,52,80,80,True
8,53,70,70,True
8,54,70,70,True
8,55,90,90,True
8,56,20,20,True
8,57,90,90,True
8,58,130,130,True
8,59,150,150,True
8,60,90,90,True
8,61,110,110,True
8,62,100,100,True
8,63,150,150,True
8,64,100,100,True
8,65,160,160,True
8,66,130,130,True
8,67,140,140,True
8,68,110,110,True
8,69,130,130,True
8,70,130,130,True
8,71,80,80,True
8,72,100,100,True
8,73,90,90,True
8,74,140,140,True
8,75,190,190,True
8,76,50,50,True
8,77,60,60,True
8,78,130,130,True
8,79,130,130,True
8,80,110,110,True
8,81,110,110,True
8,82,100,100,True
8,83,120,120,True
8,84,140,140,True
8,85,120,120,True
8,86,110,110,True
8,87,120,120,True
8,88,130,130,True
8,89,140,140,True
8,90,120,120,True
8,91,110,110,True
8,92,80,80,True
8,93,160,160,True
9,0,110,110,True
9,1,130,130,True
9,2,70,70,True
9,3,70,70,True
9,4,90,90,True
9,5,90,90,True
9,6,170,170,True
9,7,150,150,True
9,8,150,150,True
9,9,70,70,True
9,10,120,120,True
9,11,100,100,True
9,12,70,70,True
9,13,80,80,True
9,14,100,100,True
9,15,100,100,True
9,16,100,100,True
9,17,120,120,True
9,18,130,130,True
9,19,170,170,True
9,20,50,50,True
9,21,70,70,True
9,22,120,120,True
9,23,80,80,True
9,24,120,120,True
9,25,100,100,True
9,26,130,130,True
9,27,140,140,True
9,28,100,100,True
9,29,120,120,True
9,30,120,120,True
9,31,130,130,True
9,32,130,130,True
9,33,210,210,True
9,34,100,100,True
9,35,130,130,True
9,36,120,120,True
9,37,170,170,True
9,38,80,80,True
9,39,120,120,True
9,40,80,80,True
9,41,100,100,True
9,42,130,130,True
9,43,170,170,True
9,44,90,90,True
9,45,110,110,True
9,46,130,130,True
9,47,110,110,True
9,48,40,40,True
9,49,130,130,True
9,50,110,110,True
9,51,150,150,True
9,52,80,80,True
9,53,70,70,True
9,54,70,70,True
9,55,90,90,True
9,56,20,20,False
9,57,90,90,True
9,58,130,130,True
9,59,150,150,True
9,60,90,90,True
9,61,110,110,True
9,62,100,100,True
9,63,150,150,True
9,64,100,100,True
9,65,160,160,True
9,66,130,130,True
9,67,140,140,True
9,68,110,110,True
9,69,130,130,True
9,70,130,130,True
9,71,80,80,True
9,72,100,100,True
9,73,90,90,True
9,74,140,140,True
9,75,190,190,True
9,76,50,50,True
9,77,60,60,True
9,78,130,130,True
9,79,130,130,True
9,80,110,110,True
9,81,110,110,True
9,82,100,100,True
9,83,120,120,True
9,84,140,140,True
9,85,120,120,True
9,86,110,110,True
9,87,120,120,True
9,88,130,130,True
9,89,140,140,True
9,90,120,120,True
9,91,110,110,True
9,92,80,80,True
9,93,160,160,True
10,0,110,110,True
10,1,130,130,True
10,2,70,70,True
10,3,70,70,True
10,4,90,90,True
10,5,90,90,True
10,6,170,170,True
10,7,150,150,True
10,8,150,150,True
10,9,70,70,True
10,10,120,120,True
10,11,100,100,True
10,12,70,70,True
10,13,80,80,True
10,14,100,100,True
10,15,100,100,True
10,16,100,100,True
10,17,120,120,True
10,18,130,130,True
10,19,170,170,True
10,20,50,50,True
10,21,70,70,True
10,22,120,120,True
10,23,80,80,True
10,24,120,120,True
10,25,100,100,True
10,26,130,130,True
10,27,140,140,True
10,28,100,100,True
10,29,120,120,True
10,30,120,120,True
10,31,130,130,True
10,32,130,130,True
10,33,210,210,True
10,34,100,100,True
10,35,130,130,True
10,36,120,120,True
10,37,170,170,True
10,38,80,80,True
10,39,120,120,True
10,40,80,80,True
10,41,100,100,True
10,42,130,130,True
10,43,170,170,True
10,44,90,90,True
10,45,110,110,True
10,46,130,130,True
10,47,110,110,True
10,48,40,40,True
10,49,130,130,True
10,50,110,110,True
10,51,150,150,True
10,52,80,80,True
10,53,70,70,True
10,54,70,70,True
10,55,90,90,True
10,56,20,20,True
10,57,90,90,True
10,58,130,130,True
10,59,150,150,True
10,60,90,90,True
10,61,110,110,True
10,62,100,100,True
10,63,150,150,True
10,64,100,100,True
10,65,160,160,True
10,66,130,130,True
10,67,140,140,True
10,68,110,110,True
10,69,130,130,True
10,70,130,130,True
10,71,80,80,True
10,72,100,100,True
10,73,90,90,True
10,74,140,140,True
10,75,190,190,True
10,76,50,50,True
10,77,60,60,True
10,78,130,130,True
10,79,130,130,True
10,80,110,110,True
10,81,110,110,True
10,82,100,100,True
10,83,120,120,True
10,84,140,140,True
10,85,120,120,True
10,86,110,110,True
10,87,120,120,True
10,88,130,130,True
10,89,140,140,True
10,90,120,120,True
10,91,110,110,True
10,92,80,80,True
10,93,160,160,True
11,0,110,110,True
11,1,130,130,True
11,2,70,70,True
11,3,70,70,True
11,4,90,90,True
11,5,90,90,True
11,6,170,170,True
11,7,150,150,True
11,8,150,150,True
11,9,70,70,True
11,10,120,120,True
11,11,100,100,True
11,12,70,70,True
11,13,80,80,True
11,14,100,100,True
11,15,100,100,True
11,16,100,100,True
11,17,120,120,True
11,18,130,130,True
11,19,170,170,True
11,20,50,50,True
11,21,70,70,True
11,22,120,120,True
11,23,80,80,True
11,24,120,120,True
11,25,100,100,True
11,26,130,130,True
11,27,140,140,True
11,28,100,100,True
11,29,120,120,True
11,30,120,120,True
11,31,130,130,True
11,32,130,130,True
11,33,210,210,True
11,34,100,100,True
11,35,130,130,True
11,36,120,120,True
11,37,170,170,True
11,38,80,80,True
11,39,120,120,True
11,40,80,80,True
11,41,100,100,True
11,42,130,130,True
11,43,170,170,True
11,44,90,90,True
11,45,110,110,True
11,46,130,130,True
11,47,110,110,True
11,48,40,40,True
11,49,130,130,True
11,50,110,110,True
11,51,150,150,True
11,52,80,80,True
11,53,70,70,True
11,54,70,70,True
11,55,90,90,True
11,56,20,20,True
11,57,90,90,True
11,58,130,130,True
11,59,150,150,True
11,60,90,90,True
11,61,110,110,True
11,62,100,100,True
11,63,150,150,True
11,64,100,100,True
11,65,160,160,True
11,66,130,130,True
11,67,140,140,True
11,68,110,110,True
11,69,130,130,True
11,70,130,130,True
11,71,80,80,True
11,72,100,100,True
11,73,90,90,True
11,74,140,140,True
11,75,190,190,True
11,76,50,50,True
11,77,60,60,True
11,78,130,130,True
11,79,130,130,True
11,80,110,110,True
11,81,110,110,True
11,82,100,100,True
11,83,120,120,True
11,84,140,140,True
11,85,120,120,True
11,86,110,110,True
11,87,120,120,True
11,88,130,130,True
11,89,140,140,True
11,90,120,120,True
11,91,110,110,True
11,92,80,80,True
11,93,160,160,True
12,0,110,110,True
12,1,130,130,True
12,2,70,70,True
12,3,70,70,True
12,4,90,90,True
12,5,90,90,True
12,6,170,170,True
12,7,150,150,True
12,8,150,150,True
12,9,70,70,True
12,10,120,120,True
12,11,100,100,True
12,12,70,70,False
12,13,80,80,True
12,14,100,100,True
12,15,100,100,True
12,16,100,100,True
12,17,120,120,True
12,18,130,130,True
12,19,170,170,True
12,20,50,50,True
12,21,70,70,True
12,22,120,120,True
12,23,80,80,True
12,24,120,120,True
12,25,100,100,True
12,26,130,130,True
12,27,140,140,True
12,28,100,100,True
12,29,120,120,True
12,30,120,120,True
12,31,130,130,True
12,32,130,130,True
12,33,210,210,True
12,34,100,100,True
12,35,130,130,True
12,36,120,120,True
12,37,170,170,True
12,38,80,80,True
12,39,120,120,True
12,40,80,80,True
12,41,100,100,True
12,42,130,130,True
12,43,170,170,True
12,44,90,90,True
12,45,110,110,True
12,46,130,130,True
12,47,110,110,True
12,48,40,40,True
12,49,130,130,True
12,50,110,110,True
12,51,150,150,True
12,52,80,80,True
12,53,70,70,True
12,54,70,70,True
12,55,90,90,True
12,56,20,20,True
12,57,90,90,True
12,58,130,130,True
12,59,150,150,True
12,60,90,90,True
12,61,110,110,True
12,62,100,100,True
12,63,150,150,True
12,64,100,100,True
12,65,160,160,True
12,66,130,130,True
12,67,140,140,True
12,68,110,110,True
12,69,130,130,True
12,70,130,130,True
12,71,80,80,True
12,72,100,100,True
12,73,90,90,True
12,74,140,140,True
12,75,190,190,True
12,76,50,50,True
12,77,60,60,True
12,78,130,130,True
12,79,130,130,True
12,80,110,110,True
12,81,110,110,True
12,82,100,100,True
12,83,120,120,True
12,84,140,140,True
12,85,120,120,True
12,86,110,110,True
12,87,120,120,True
12,88,130,130,True
12,89,140,140,True
12,90,120,120,True
12,91,110,110,True
12,92,80,80,True
12,93,160,160,True
13,0,110,110,True
13,1,130,130,True
13,2,70,70,True
13,3,70,70,True
13,4,90,90,True
13,5,90,90,True
13,6,170,170,True
13,7,150,150,True
13,8,150,150,True
13,9,70,70,True
13,10,120,120,True
13,11,100,100,True
13,12,70,70,True
13,13,80,80,True
13,14,100,100,True
13,15,100,100,True
13,16,100,100,True
13,17,120,120,True
13,18,130,130,True
13,19,170,170,True
13,20,50,50,True
13,21,70,70,True
13,22,120,120,True
13,23,80,80,True
13,24,120,120,True
13,25,100,100,True
13,26,130,130,True
13,27,140,140,True
13,28,100,100,True
13,29,120,120,True
13,30,120,120,True
13,31,130,130,True
13,32,130,130,True
13,33,210,210,True
13,34,100,100,True
13,35,130,130,True
13,36,120,120,True
13,37,170,170,True
13,38,80,80,True
13,39,120,120,True
13,40,80,80,False
13,41,100,100,True
13,42,130,130,True
13,43,170,170,True
13,44,90,90,True
13,45,110,110,True
13,46,130,130,True
13,47,110,110,True
13,48,40,40,True
13,49,130,130,True
13,50,110,110,True
13,51,150,150,True
13,52,80,80,True
13,53,70,70,True
13,54,70,70,True
13,55,90,90,True
13,56,20,20,False
13,57,90,90,True
13,58,130,130,True
13,59,150,150,True
13,60,90,90,True
13,61,110,110,True
13,62,100,100,True
13,63,150,150,True
13,64,100,100,True
13,65,160,160,True
13,66,130,130,True
13,67,140,140,True
13,68,110,110,True
13,69,130,130,True
13,70,130,130,True
13,71,80,80,True
13,72,100,100,True
13,73,90,90,True
13,74,140,140,True
13,75,190,190,True
13,76,50,50,True
13,77,60,60,True
13,78,130,130,True
13,79,130,130,True
13,80,110,110,True
13,81,110,110,True
13,82,100,100,True
13,83,120,120,True
13,84,140,140,True
13,85,120,120,True
13,86,110,110,True
13,87,120,120,True
13,88,130,130,True
13,89,140,140,True
13,90,120,120,True
13,91,110,110,True
13,92,80,80,True
13,93,160,160,True
14,0,110,110,True
14,1,130,130,True
14,2,70,70,True
14,3,70,70,True
14,4,90,90,True
14,5,90,90,True
14,6,170,170,True
14,7,150,150,True
14,8,150,150,True
14,9,70,70,True
14,10,120,120,True
14,11,100,100,True
14,12,70,70,True
14,13,80,80,True
14,14,100,100,True
14,15,100,100,True
14,16,100,100,True
14,17,120,120,True
14,18,130,130,True
14,19,170,170,True
14,20,50,50,True
14,21,70,70,True
14,22,120,120,True
14,23,80,80,True
14,24,120,120,False
14,25,100,100,True
14,26,130,130,True
14,27,140,140,True
14,28,100,100,True
14,29,120,120,True
14,30,120,120,True
14,31,130,130,True
14,32,130,130,True
14,33,210,210,True
14,34,100,100,True
14,35,130,130,True
14,36,120,120,True
14,37,170,170,True
14,38,80,80,True
14,39,120,120,True
14,40,80,80,True
14,41,100,100,True
14,42,130,130,True
14,43,170,170,True
14,44,90,90,True
14,45,110,110,True
14,46,130,130,True
14,47,110,110,True
14,48,40,40,True
14,49,130,130,True
14,50,110,110,True
14,51,150,150,True
14,52,80,80,True
14,53,70,70,True
14,54,70,70,True
14,55,90,90,True
14,56,20,20,True
14,57,90,90,True
14,58,130,130,True
14,59,150,150,True
14,60,90,90,True
14,61,110,110,True
14,62,100,100,True
14,63,150,150,True
14,64,100,100,True
14,65,160,160,True
14,66,130,130,True
14,67,140,140,True
14,68,110,110,True
14,69,130,130,True
14,70,130,130,True
14,71,80,80,True
14,72,100,100,True
14,73,90,90,True
14,74,140,140,True
14,75,190,190,True
14,76,50,50,True
14,77,60,60,True
14,78,130,130,True
14,79,130,130,True
14,80,110,110,True
14,81,110,110,True
14,82,100,100,True
14,83,120,120,True
14,84,140,140,True
14,85,120,120,True
14,86,110,110,True
14,87,120,120,True
14,88,130,130,True
14,89,140,140,True
14,90,120,120,True
14,91,110,110,True
14,92,80,80,True
14,93,160,160,True
15,0,110,110,True
15,1,130,130,True
15,2,70,70,True
15,3,70,70,True
15,4,90,90,True
15,5,90,90,True
15,6,170,170,True
15,7,150,150,True
15,8,150,150,True
15,9,70,70,True
15,10,120,120,True
15,11,100,100,True
15,12,70,70,True
15,13,80,80,True
15,14,100,100,True
15,15,100,100,True
15,16,100,100,True
15,17,120,120,True
15,18,130,130,True
15,19,170,170,True
15,20,50,50,True
15,21,70,70,True
15,22,120,120,True
15,23,80,80,True
15,24,120,120,True
15,25,100,100,True
15,26,130,130,True
15,27,140,140,True
15,28,100,100,True
15,29,120,120,True
15,30,120,120,True
15,31,130,130,True
15,32,130,130,True
15,33,210,210,True
15,34,100,100,True
15,35,130,130,True
15,36,120,120,True
15,37,170,170,True
15,38,80,80,True
15,39,120,120,True
15,40,80,80,True
15,41,100,100,True
15,42,130,130,True
15,43,170,170,True
15,44,90,90,True
15,45,110,110,True
15,46,130,130,True
15,47,110,110,True
15,48,40,40,True
15,49,130,130,True
15,50,110,110,True
15,51,150,150,True
15,52,80,80,True
15,53,70,70,True
15,54,70,70,True
15,55,90,90,True
15,56,20,20,True
15,57,90,90,True
15,58,130,130,True
15,59,150,150,True
15,60,90,90,True
15,61,110,110,True
15,62,100,100,True
15,63,150,150,True
15,64,100,100,True
15,65,160,160,True
15,66,130,130,True
15,67,140,140,True
15,68,110,110,True
15,69,130,130,True
15,70,130,130,True
15,71,80,80,True
15,72,100,100,True
15,73,90,90,True
15,74,140,140,True
15,75,190,190,True
15,76,50,50,True
15,77,60,60,True
15,78,130,130,True
15,79,130,130,True
15,80,110,110,True
15,81,110,110,True
15,82,100,100,True
15,83,120,120,True
15,84,140,140,True
15,85,120,120,True
15,86,110,110,True
15,87,120,120,True
15,88,130,130,True
15,89,140,140,True
15,90,120,120,True
15,91,110,110,True
15,92,80,80,True
15,93,160,160,True
16,0,110,110,True
16,1,130,130,True
16,2,70,70,True
16,3,70,70,True
16,4,90,90,True
16,5,90,90,True
16,6,170,170,True
16,7,150,150,True
16,8,150,150,True
16,9,70,70,True
16,10,120,120,True
16,11,100,100,True
16,12,70,70,True
16,13,80,80,True
16,14,100,100,True
16,15,100,100,True
16,16,100,100,True
16,17,120,120,True
16,18,130,130,True
16,19,170,170,True
16,20,50,50,True
16,21,70,70,True
16,22,120,120,True
16,23,80,80,True
16,24,120,120,True
16,25,100,100,True
16,26,130,130,True
16,27,140,140,True
16,28,100,100,True
16,29,120,120,True
16,30,120,120,True
16,31,130,130,True
16,32,130,130,True
16,33,210,210,True
16,34,100,100,True
16,35,130,130,True
16,36,120,120,True
16,37,170,170,True
16,38,80,80,True
16,39,120,120,True
16,40,80,80,True
16,41,100,100,True
16,42,130,130,True
16,43,170,170,True
16,44,90,90,True
16,45,110,110,True
16,46,130,130,True
16,47,110,110,True
16,48,40,40,True
16,49,130,130,True
16,50,110,110,True
16,51,150,150,True
16,52,80,80,True
16,53,70,70,True
16,54,70,70,True
16,55,90,90,True
16,56,20,20,False
16,57,90,90,True
16,58,130,130,True
16,59,150,150,True
16,60,90,90,True
16,61,110,110,True
16,62,100,100,True
16,63,150,150,True
16,64,100,100,True
16,65,160,160,True
16,66,130,130,True
16,67,140,140,True
16,68,110,110,True
16,69,130,130,True
16,70,130,130,True
16,71,80,80,True
16,72,100,100,True
16,73,90,90,True
16,74,140,140,True
16,75,190,190,True
16,76,50,50,True
16,77,60,60,True
16,78,130,130,True
16,79,130,130,True
16,80,110,110,True
16,81,110,110,True
16,82,100,100,True
16,83,120,120,True
16,84,140,140,True
16,85,120,120,True
16,86,110,110,True
16,87,120,120,True
16,88,130,130,True
16,89,140,140,True
16,90,120,120,True
16,91,110,110,True
16,92,80,80,True
16,93,160,160,True
17,0,110,110,True
17,1,130,130,True
17,2,70,70,True
17,3,70,70,True
17,4,90,90,True
17,5,90,90,True
17,6,170,170,True
17,7,150,150,True
17,8,150,150,True
17,9,70,70,True
17,10,120,120,True
17,11,100,100,True
17,12,70,70,True
17,13,80,80,True
17,14,100,100,True
17,15,100,100,True
17,16,100,100,True
17,17,120,120,True
17,18,130,130,True
17,19,170,170,True
17,20,50,50,True
17,21,70,70,True
17,22,120,120,True
17,23,80,80,True
17,24,120,120,True
17,25,100,100,True
17,26,130,130,True
17,27,140,140,True
17,28,100,100,True
17,29,120,120,True
17,30,120,120,True
17,31,130,130,True
17,32,130,130,True
17,33,210,210,True
17,34,100,100,True
17,35,130,130,True
17,36,120,120,True
17,37,170,170,True
17,38,80,80,True
17,39,120,120,True
17,40,80,80,True
17,41,100,100,True
17,42,130,130,True
17,43,170,170,True
17,44,90,90,True
17,45,110,110,True
17,46,130,130,True
17,47,110,110,True
17,48,40,40,True
17,49,130,130,True
17,50,110,110,True
17,51,150,150,True
17,52,80,80,True
17,53,70,70,True
17,54,70,70,True
17,55,90,90,True
17,56,20,20,False
17,57,90,90,True
17,58,130,130,True
17,59,150,150,True
17,60,90,90,True
17,61,110,110,True
17,62,100,100,True
17,63,150,150,True
17,64,100,100,True
17,65,160,160,True
17,66,130,130,True
17,67,140,140,True
17,68,110,110,True
17,69,130,130,True
17,70,130,130,True
17,71,80,80,True
17,72,100,100,True
17,73,90,90,True
17,74,140,140,True
17,75,190,190,True
17,76,50,50,True
17,77,60,60,True
17,78,130,130,True
17,79,130,130,True
17,80,110,110,True
17,81,110,110,True
17,82,100,100,True
17,83,120,120,True
17,84,140,140,True
17,85,120,120,True
17,86,110,110,True
17,87,120,120,True
17,88,130,130,True
17,89,140,140,True
17,90,120,120,True
17,91,110,110,True
17,92,80,80,True
17,93,160,160,True
18,0,110,110,True
18,1,130,130,True
18,2,70,70,True
18,3,70,70,True
18,4,90,90,True
18,5,90,90,True
18,6,170,170,True
18,7,150,150,True
18,8,150,150,True
18,9,70,70,True
18,10,120,120,True
18,11,100,100,True
18,12,70,70,True
18,13,80,80,True
18,14,100,100,True
18,15,100,100,True
18,16,100,100,True
18,17,120,120,True
18,18,130,130,True
18,19,170,170,True
18,20,50,50,True
18,21,70,70,True
18,22,120,120,True
18,23,80,80,True
18,24,120,120,True
18,25,100,100,True
18,26,130,130,True
18,27,140,140,True
18,28,100,100,True
18,29,120,120,True
18,30,120,120,True
18,31,130,130,True
18,32,130,130,True
18,33,210,210,True
18,34,100,100,True
18,35,130,130,True
18,36,120,120,True
18,37,170,170,True
18,38,80,80,True
18,39,120,120,True
18,40,80,80,True
18,41,100,100,True
18,42,130,130,True
18,43,170,170,True
18,44,90,90,True
18,45,110,110,True
18,46,130,130,True
18,47,110,110,True
18,48,40,40,True
18,49,130,130,True
18,50,110,110,True
18,51,150,150,True
18,52,80,80,True
18,53,70,70,True
18,54,70,70,True
18,55,90,90,True
18,56,20,20,False
18,57,90,90,True
18,58,130,130,True
18,59,150,150,True
18,60,90,90,True
18,61,110,110,True
18,62,100,100,True
18,63,150,150,True
18,64,100,100,True
18,65,160,160,True
18,66,130,130,True
18,67,140,140,True
18,68,110,110,True
18,69,130,130,True
18,70,130,130,True
18,71,80,80,True
18,72,100,100,True
18,73,90,90,True
18,74,140,140,True
18,75,190,190,True
18,76,50,50,True
18,77,60,60,True
18,78,130,130,True
18,79,130,130,True
18,80,110,110,True
18,81,110,110,True
18,82,100,100,True
18,83,120,120,True
18,84,140,140,True
18,85,120,120,True
18,86,110,110,True
18,87,120,120,True
18,88,130,130,True
18,89,140,140,True
18,90,120,120,True
18,91,110,110,True
18,92,80,80,True
18,93,160,160,True
19,0,110,110,True
19,1,130,130,True
19,2,70,70,True
19,3,70,70,True
19,4,90,90,True
19,5,90,90,True
19,6,170,170,True
19,7,150,150,True
19,8,150,150,True
19,9,70,70,True
19,10,120,120,True
19,11,100,100,True
19,12,70,70,True
19,13,80,80,True
19,14,100,100,True
19,15,100,100,True
19,16,100,100,True
19,17,120,120,True
19,18,130,130,True
19,19,170,170,True
19,20,50,50,True
19,21,70,70,True
19,22,120,120,True
19,23,80,80,True
19,24,120,120,True
19,25,100,100,True
19,26,130,130,True
19,27,140,140,True
19,28,100,100,True
19,29,120,120,True
19,30,120,120,True
19,31,130,130,True
19,32,130,130,True
19,33,210,210,True
19,34,100,100,True
19,35,130,130,True
19,36,120,120,True
19,37,170,170,True
19,38,80,80,True
19,39,120,120,True
19,40,80,80,True
19,41,100,100,True
19,42,130,130,True
19,43,170,170,True
19,44,90,90,True
19,45,110,110,True
19,46,130,130,True
19,47,110,110,True
19,48,40,40,True
19,49,130,130,True
19,50,110,110,True
19,51,150,150,True
19,52,80,80,True
19,53,70,70,True
19,54,70,70,True
19,55,90,90,True
19,56,20,20,False
19,57,90,90,True
19,58,130,130,True
19,59,150,150,True
19,60,90,90,True
19,61,110,110,True
19,62,100,100,True
19,63,150,150,True
19,64,100,100,True
19,65,160,160,True
19,66,130,130,True
19,67,140,140,True
19,68,110,110,True
19,69,130,130,True
19,70,130,130,True
19,71,80,80,True
19,72,100,100,True
19,73,90,90,True
19,74,140,140,True
19,75,190,190,True
19,76,50,50,True
19,77,60,60,True
19,78,130,130,True
19,79,130,130,True
19,80,110,110,True
19,81,110,110,True
19,82,100,100,True
19,83,120,120,True
19,84,140,140,True
19,85,120,120,True
19,86,110,110,True
19,87,120,120,True
19,88,130,130,True
19,89,140,140,True
19,90,120,120,True
19,91,110,110,True
19,92,80,80,True
19,93,160,160,True
20,0,110,110,True
20,1,130,130,True
20,2,70,70,True
20,3,70,70,True
20,4,90,90,True
20,5,90,90,True
20,6,170,170,True
20,7,150,150,True
20,8,150,150,True
20,9,70,70,True
20,10,120,120,True
20,11,100,100,True
20,12,70,70,True
20,13,80,80,True
20,14,100,100,True
20,15,100,100,True
20,16,100,100,True
20,17,120,120,True
20,18,130,130,True
20,19,170,170,True
20,20,50,50,True
20,21,70,70,True
20,22,120,120,True
20,23,80,80,True
20,24,120,120,True
20,25,100,100,True
20,26,130,130,True
20,27,140,140,True
20,28,100,100,True
20,29,120,120,True
20,30,120,120,True
20,31,130,130,True
20,32,130,130,True
20,33,210,210,True
20,34,100,100,True
20,35,130,130,True
20,36,120,120,True
20,37,170,170,True
20,38,80,80,True
20,39,120,120,True
20,40,80,80,True
20,41,100,100,True
20,42,130,130,True
20,43,170,170,True
20,44,90,90,True
20,45,110,110,True
20,46,130,130,True
20,47,110,110,True
20,48,40,40,True
20,49,130,130,True
20,50,110,110,True
20,51,150,150,True
20,52,80,80,True
20,53,70,70,True
20,54,70,70,True
20,55,90,90,True
20,56,20,20,False
20,57,90,90,True
20,58,130,130,True
20,59,150,150,True
20,60,90,90,True
20,61,110,110,True
20,62,100,100,True
20,63,150,150,True
20,64,100,100,True
20,65,160,160,True
20,66,130,130,True
20,67,140,140,True
20,68,110,110,True
20,69,130,130,True
20,70,130,130,True
20,71,80,80,True
20,72,100,100,True
20,73,90,90,True
20,74,140,140,True
20,75,190,190,True
20,76,50,50,True
20,77,60,60,True
20,78,130,130,True
20,79,130,130,True
20,80,110,110,True
20,81,110,110,True
20,82,100,100,True
20,83,120,120,True
20,84,140,140,True
20,85,120,120,True
20,86,110,110,True
20,87,120,120,True
20,88,130,130,True
20,89,140,140,True
20,90,120,120,True
20,91,110,110,True
20,92,80,80,True
20,93,160,160,True
21,0,110,110,True
21,1,130,130,True
21,2,70,70,True
21,3,70,70,True
21,4,90,90,True
21,5,90,90,True
21,6,170,170,True
21,7,150,150,True
21,8,150,150,True
21,9,70,70,True
21,10,120,120,True
21,11,100,100,True
21,12,70,70,True
21,13,80,80,True
21,14,100,100,True
21,15,100,100,True
21,16,100,100,True
21,17,120,120,True
21,18,130,130,True
21,19,170,170,True
21,20,50,50,True
21,21,70,70,True
21,22,120,120,True
21,23,80,80,True
21,24,120,120,True
21,25,100,100,True
21,26,130,130,True
21,27,140,140,True
21,28,100,100,True
21,29,120,120,True
21,30,120,120,True
21,31,130,130,True
21,32,130,130,True
21,33,210,210,True
21,34,100,100,True
21,35,130,130,True
21,36,120,120,True
21,37,170,170,True
21,38,80,80,True
21,39,120,120,True
21,40,80,80,True
21,41,100,100,True
21,42,130,130,True
21,43,170,170,True
21,44,90,90,True
21,45,110,110,True
21,46,130,130,True
21,47,110,110,True
21,48,40,40,True
21,49,130,130,True
21,50,110,110,True
21,51,150,150,True
21,52,80,80,True
21,53,70,70,True
21,54,70,70,True
21,55,90,90,True
21,56,20,20,True
21,57,90,90,True
21,58,130,130,True
21,59,150,150,True
21,60,90,90,True
21,61,110,110,True
21,62,100,100,True
21,63,150,150,True
21,64,100,100,True
21,65,160,160,True
21,66,130,130,True
21,67,140,140,True
21,68,110,110,True
21,69,130,130,True
21,70,130,130,True
21,71,80,80,True
21,72,100,100,True
21,73,90,90,True
21,74,140,140,True
21,75,190,190,True
21,76,50,50,True
21,77,60,60,True
21,78,130,130,True
21,79,130,130,True
21,80,110,110,True
21,81,110,110,True
21,82,100,100,True
21,83,120,120,True
21,84,140,140,True
21,85,120,120,True
21,86,110,110,True
21,87,120,120,True
21,88,130,130,True
21,89,140,140,True
21,90,120,120,True
21,91,110,110,True
21,92,80,80,True
21,93,160,160,True
22,0,110,110,True
22,1,130,130,True
22,2,70,70,True
22,3,70,70,True
22,4,90,90,True
22,5,90,90,True
22,6,170,170,True
22,7,150,150,True
22,8,150,150,True
22,9,70,70,True
22,10,120,120,True
22,11,100,100,True
22,12,70,70,True
22,13,80,80,True
22,14,100,100,True
22,15,100,100,True
22,16,100,100,True
22,17,120,120,True
22,18,130,130,True
22,19,170,170,True
22,20,50,50,True
22,21,70,70,True
22,22,120,120,True
22,23,80,80,True
22,24,120,120,True
22,25,100,100,True
22,26,130,130,True
22,27,140,140,True
22,28,100,100,True
22,29,120,120,True
22,30,120,120,True
22,31,130,130,True
22,32,130,130,True
22,33,210,210,True
22,34,100,100,True
22,35,130,130,True
22,36,120,120,True
22,37,170,170,True
22,38,80,80,True
22,39,120,120,True
22,40,80,80,True
22,41,100,100,True
22,42,130,130,True
22,43,170,170,True
22,44,90,90,True
22,45,110,110,True
22,46,130,130,True
22,47,110,110,True
22,48,40,40,True
22,49,130,130,True
22,50,110,110,True
22,51,150,150,True
22,52,80,80,True
22,53,70,70,True
22,54,70,70,True
22,55,90,90,True
22,56,20,20,True
22,57,90,90,True
22,58,130,130,True
22,59,150,150,True
22,60,90,90,True
22,61,110,110,True
22,62,100,100,True
22,63,150,150,True
22,64,100,100,True
22,65,160,160,True
22,66,130,130,True
22,67,140,140,True
22,68,110,110,True
22,69,130,130,True
22,70,130,130,True
22,71,80,80,True
22,72,100,100,True
22,73,90,90,True
22,74,140,140,True
22,75,190,190,True
22,76,50,50,True
22,77,60,60,True
22,78,130,130,True
22,79,130,130,True
22,80,110,110,True
22,81,110,110,True
22,82,100,100,True
22,83,120,120,True
22,84,140,140,True
22,85,120,120,True
22,86,110,110,True
22,87,120,120,True
22,88,130,130,True
22,89,140,140,True
22,90,120,120,True
22,91,110,110,True
22,92,80,80,True
22,93,160,160,True
23,0,110,110,True
23,1,130,130,True
23,2,70,70,True
23,3,70,70,True
23,4,90,90,True
23,5,90,90,True
23,6,170,170,True
23,7,150,150,True
23,8,150,150,True
23,9,70,70,True
23,10,120,120,True
23,11,100,100,True
23,12,70,70,True
23,13,80,80,True
23,14,100,100,True
23,15,100,100,True
23,16,100,100,True
23,17,120,120,True
23,18,130,130,True
23,19,170,170,True
23,20,50,50,True
23,21,70,70,True
23,22,120,120,True
23,23,80,80,True
23,24,120,120,True
23,25,100,100,True
23,26,130,130,True
23,27,140,140,True
23,28,100,100,True
23,29,120,120,True
23,30,120,120,True
23,31,130,130,True
23,32,130,130,True
23,33,210,210,True
23,34,100,100,True
23,35,130,130,True
23,36,120,120,True
23,37,170,170,True
23,38,80,80,True
23,39,120,120,True
23,40,80,80,True
23,41,100,100,True
23,42,130,130,True
23,43,170,170,True
23,44,90,90,True
23,45,110,110,True
23,46,130,130,True
23,47,110,110,True
23,48,40,40,True
23,49,130,130,True
23,50,110,110,True
23,51,150,150,True
23,52,80,80,True
23,53,70,70,True
23,54,70,70,True
23,55,90,90,True
23,56,20,20,True
23,57,90,90,True
23,58,130,130,True
23,59,150,150,True
23,60,90,90,True
23,61,110,110,True
23,62,100,100,True
23,63,150,150,True
23,64,100,100,True
23,65,160,160,True
23,66,130,130,True
23,67,140,140,True
23,68,110,110,True
23,69,130,130,True
23,70,130,130,True
23,71,80,80,True
23,72,100,100,True
23,73,90,90,True
23,74,140,140,True
23,75,190,190,True
23,76,50,50,True
23,77,60,60,True
23,78,130,130,True
23,79,130,130,True
23,80,110,110,True
23,81,110,110,True
23,82,100,100,True
23,83,120,120,True
23,84,140,140,True
23,85,120,120,True
23,86,110,110,True
23,87,120,120,True
23,88,130,130,True
23,89,140,140,True
23,90,120,120,True
23,91,110,110,True
23,92,80,80,True
23,93,160,160,True
24,0,110,110,True
24,1,130,130,True
24,2,70,70,True
24,3,70,70,True
24,4,90,90,True
24,5,90,90,True
24,6,170,170,True
24,7,150,150,True
24,8,150,150,True
24,9,70,70,True
24,10,120,120,True
24,11,100,100,True
24,12,70,70,True
24,13,80,80,True
24,14,100,100,True
24,15,100,100,True
24,16,100,100,True
24,17,120,120,True
24,18,130,130,True
24,19,170,170,True
24,20,50,50,True
24,21,70,70,True
24,22,120,120,True
24,23,80,80,True
24,24,120,120,True
24,25,100,100,True
24,26,130,130,True
24,27,140,140,True
24,28,100,100,True
24,29,120,120,True
24,30,120,120,True
24,31,130,130,True
24,32,130,130,True
24,33,210,210,True
24,34,100,100,True
24,35,130,130,True
24,36,120,120,True
24,37,170,170,True
24,38,80,80,True
24,39,120,120,True
24,40,80,80,True
24,41,100,100,True
24,42,130,130,True
24,43,170,170,True
24,44,90,90,True
24,45,110,110,True
24,46,130,130,True
24,47,110,110,True
24,48,40,40,True
24,49,130,130,True
24,50,110,110,True
24,51,150,150,True
24,52,80,80,True
24,53,70,70,True
24,54,70,70,True
24,55,90,90,True
24,56,20,20,True
24,57,90,90,True
24,58,130,130,True
24,59,150,150,True
24,60,90,90,True
24,61,110,110,True
24,62,100,100,True
24,63,150,150,True
24,64,100,100,True
24,65,160,160,True
24,66,130,130,True
24,67,140,140,True
24,68,110,110,True
24,69,130,130,True
24,70,130,130,True
24,71,80,80,True
24,72,100,100,True
24,73,90,90,True
24,74,140,140,True
24,75,190,190,True
24,76,50,50,True
24,77,60,60,True
24,78,130,130,True
24,79,130,130,True
24,80,110,110,True
24,81,110,110,True
24,82,100,100,True
24,83,120,120,True
24,84,140,140,True
24,85,120,120,True
24,86,110,110,True
24,87,120,120,True
24,88,130,130,True
24,89,140,140,True
24,90,120,120,True
24,91,110,110,True
24,92,80,80,True
24,93,160,160,True
25,0,110,110,True
25,1,130,130,True
25,2,70,70,True
25,3,70,70,True
25,4,90,90,True
25,5,90,90,True
25,6,170,170,True
25,7,150,150,True
25,8,150,150,True
25,9,70,70,True
25,10,120,120,True
25,11,100,100,True
25,12,70,70,True
25,13,80,80,True
25,14,100,100,True
25,15,100,100,True
25,16,100,100,True
25,17,120,120,True
25,18,130,130,True
25,19,170,170,True
25,20,50,50,True
25,21,70,70,True
25,22,120,120,True
25,23,80,80,True
25,24,120,120,True
25,25,100,100,True
25,26,130,130,True
25,27,140,140,True
25,28,100,100,True
25,29,120,120,True
25,30,120,120,True
25,31,130,130,True
25,32,130,130,True
25,33,210,210,True
25,34,100,100,True
25,35,130,130,True
25,36,120,120,True
25,37,170,170,True
25,38,80,80,True
25,39,120,120,True
25,40,80,80,True
25,41,100,100,True
25,42,130,130,True
25,43,170,170,True
25,44,90,90,True
25,45,110,110,True
25,46,130,130,True
25,47,110,110,True
25,48,40,40,True
25,49,130,130,True
25,50,110,110,True
25,51,150,150,True
25,52,80,80,True
25,53,70,70,True
25,54,70,70,True
25,55,90,90,True
25,56,20,20,True
25,57,90,90,True
25,58,130,130,True
25,59,150,150,True
25,60,90,90,True
25,61,110,110,True
25,62,100,100,True
25,63,150,150,True
25,64,100,100,True
25,65,160,160,True
25,66,130,130,True
25,67,140,140,True
25,68,110,110,True
25,69,130,130,True
25,70,130,130,True
25,71,80,80,True
25,72,100,100,True
25,73,90,90,True
25,74,140,140,True
25,75,190,190,True
25,76,50,50,True
25,77,60,60,True
25,78,130,130,True
25,79,130,130,True
25,80,110,110,True
25,81,110,110,True
25,82,100,100,True
25,83,120,120,True
25,84,140,140,True
25,85,120,120,True
25,86,110,110,True
25,87,120,120,True
25,88,130,130,True
25,89,140,140,True
25,90,120,120,True
25,91,110,110,True
25,92,80,80,True
25,93,160,160,True
26,0,110,110,True
26,1,130,130,True
26,2,70,70,True
26,3,70,70,True
26,4,90,90,True
26,5,90,90,True
26,6,170,170,True
26,7,150,150,True
26,8,150,150,True
26,9,70,70,True
26,10,120,120,True
26,11,100,100,True
26,12,70,70,True
26,13,80,80,True
26,14,100,100,True
26,15,100,100,True
26,16,100,100,True
26,17,120,120,True
26,18,130,130,True
26,19,170,170,True
26,20,50,50,True
26,21,70,70,True
26,22,120,120,True
26,23,80,80,True
26,24,120,120,True
26,25,100,100,True
26,26,130,130,True
26,27,140,140,True
26,28,100,100,True
26,29,120,120,True
26,30,120,120,True
26,31,130,130,True
26,32,130,130,True
26,33,210,210,True
26,34,100,100,True
26,35,130,130,True
26,36,120,120,True
26,37,170,170,True
26,38,80,80,True
26,39,120,120,True
26,40,80,80,True
26,41,100,100,True
26,42,130,130,True
26,43,170,170,True
26,44,90,90,True
26,45,110,110,True
26,46,130,130,True
26,47,110,110,True
26,48,40,40,True
26,49,130,130,True
26,50,110,110,True
26,51,150,150,True
26,52,80,80,True
26,53,70,70,True
26,54,70,70,True
26,55,90,90,True
26,56,20,20,True
26,57,90,90,True
26,58,130,130,True
26,59,150,150,True
26,60,90,90,True
26,61,110,110,True
26,62,100,100,True
26,63,150,150,True
26,64,100,100,True
26,65,160,160,True
26,66,130,130,True
26,67,140,140,True
26,68,110,110,True
26,69,130,130,True
26,70,130,130,True
26,71,80,80,True
26,72,100,100,True
26,73,90,90,True
26,74,140,140,True
26,75,190,190,True
26,76,50,50,True
26,77,60,60,True
26,78,130,130,True
26,79,130,130,True
26,80,110,110,True
26,81,110,110,True
26,82,100,100,True
26,83,120,120,True
26,84,140,140,True
26,85,120,120,True
26,86,110,110,True
26,87,120,120,True
26,88,130,130,True
26,89,140,140,True
26,90,120,120,True
26,91,110,110,True
26,92,80,80,True
26,93,160,160,True
27,0,110,110,True
27,1,130,130,True
27,2,70,70,True
27,3,70,70,True
27,4,90,90,True
27,5,90,90,True
27,6,170,170,True
27,7,150,150,True
27,8,150,150,True
27,9,70,70,True
27,10,120,120,True
27,11,100,100,True
27,12,70,70,True
27,13,80,80,True
27,14,100,100,True
27,15,100,100,True
27,16,100,100,True
27,17,120,120,True
27,18,130,130,True
27,19,170,170,True
27,20,50,50,True
27,21,70,70,True
27,22,120,120,True
27,23,80,80,True
27,24,120,120,True
27,25,100,100,True
27,26,130,130,True
27,27,140,140,True
27,28,100,100,True
27,29,120,120,True
27,30,120,120,True
27,31,130,130,True
27,32,130,130,True
27,33,210,210,True
27,34,100,100,True
27,35,130,130,True
27,36,120,120,True
27,37,170,170,True
27,38,80,80,True
27,39,120,120,True
27,40,80,80,True
27,41,100,100,True
27,42,130,130,True
27,43,170,170,True
27,44,90,90,True
27,45,110,110,True
27,46,130,130,True
27,47,110,110,True
27,48,40,40,True
27,49,130,130,True
27,50,110,110,True
27,51,150,150,True
27,52,80,80,True
27,53,70,70,True
27,54,70,70,True
27,55,90,90,True
27,56,20,20,True
27,57,90,90,True
27,58,130,130,True
27,59,150,150,True
27,60,90,90,True
27,61,110,110,True
27,62,100,100,True
27,63,150,150,True
27,64,100,100,True
27,65,160,160,True
27,66,130,130,True
27,67,140,140,True
27,68,110,110,True
27,69,130,130,True
27,70,130,130,True
27,71,80,80,True
27,72,100,100,True
27,73,90,90,True
27,74,140,140,True
27,75,190,190,True
27,76,50,50,True
27,77,60,60,True
27,78,130,130,True
27,79,130,130,True
27,80,110,110,True
27,81,110,110,True
27,82,100,100,True
27,83,120,120,True
27,84,140,140,True
27,85,120,120,True
27,86,110,110,True
27,87,120,120,True
27,88,130,130,True
27,89,140,140,True
27,90,120,120,True
27,91,110,110,True
27,92,80,80,True
27,93,160,160,True
28,0,110,110,True
28,1,130,130,True
28,2,70,70,True
28,3,70,70,True
28,4,90,90,True
28,5,90,90,True
28,6,170,170,True
28,7,150,150,True
28,8,150,150,True
28,9,70,70,True
28,10,120,120,True
28,11,100,100,True
28,12,70,70,True
28,13,80,80,True
28,14,100,100,True
28,15,100,100,True
28,16,100,100,True
28,17,120,120,True
28,18,130,130,True
28,19,170,170,True
28,20,50,50,True
28,21,70,70,True
28,22,120,120,True
28,23,80,80,True
28,24,120,120,True
28,25,100,100,True
28,26,130,130,True
28,27,140,140,True
28,28,100,100,True
28,29,120,120,True
28,30,120,120,True
28,31,130,130,True
28,32,130,130,True
28,33,210,210,True
28,34,100,100,True
28,35,130,130,True
28,36,120,120,True
28,37,170,170,True
28,38,80,80,True
28,39,120,120,True
28,40,80,80,True
28,41,100,100,True
28,42,130,130,True
28,43,170,170,True
28,44,90,90,True
28,45,110,110,True
28,46,130,130,True
28,47,110,110,True
28,48,40,40,False
28,49,130,130,True
28,50,110,110,True
28,51,150,150,True
28,52,80,80,True
28,53,70,70,True
28,54,70,70,True
28,55,90,90,True
28,56,20,20,True
28,57,90,90,True
28,58,130,130,True
28,59,150,150,True
28,60,90,90,True
28,61,110,110,True
28,62,100,100,True
28,63,150,150,True
28,64,100,100,True
28,65,160,160,True
28,66,130,130,True
28,67,140,140,True
28,68,110,110,True
28,69,130,130,True
28,70,130,130,True
28,71,80,80,True
28,72,100,100,True
28,73,90,90,True
28,74,140,140,True
28,75,190,190,True
28,76,50,50,True
28,77,60,60,True
28,78,130,130,True
28,79,130,130,True
28,80,110,110,True
28,81,110,110,True
28,82,100,100,True
28,83,120,120,True
28,84,140,140,True
28,85,120,120,True
28,86,110,110,True
28,87,120,120,True
28,88,130,130,True
28,89,140,140,True
28,90,120,120,True
28,91,110,110,True
28,92,80,80,True
28,93,160,160,True
29,0,110,110,True
29,1,130,130,True
29,2,70,70,True
29,3,70,70,True
29,4,90,90,True
29,5,90,90,True
29,6,170,170,True
29,7,150,150,True
29,8,150,150,True
29,9,70,70,True
29,10,120,120,True
29,11,100,100,True
29,12,70,70,True
29,13,80,80,True
29,14,100,100,True
29,15,100,100,True
29,16,100,100,True
29,17,120,120,True
29,18,130,130,True
29,19,170,170,True
29,20,50,50,True
29,21,70,70,True
29,22,120,120,True
29,23,80,80,True
29,24,120,120,True
29,25,100,100,True
29,26,130,130,True
29,27,140,140,True
29,28,100,100,True
29,29,120,120,True
29,30,120,120,True
29,31,130,130,True
29,32,130,130,True
29,33,210,210,True
29,34,100,100,True
29,35,130,130,True
29,36,120,120,True
29,37,170,170,True
29,38,80,80,True
29,39,120,120,True
29,40,80,80,False
29,41,100,100,True
29,42,130,130,True
29,43,170,170,True
29,44,90,90,True
29,45,110,110,True
29,46,130,130,True
29,47,110,110,True
29,48,40,40,True
29,49,130,130,True
29,50,110,110,True
29,51,150,150,True
29,52,80,80,True
29,53,70,70,True
29,54,70,70,True
29,55,90,90,True
29,56,20,20,False
29,57,90,90,True
29,58,130,130,True
29,59,150,150,True
29,60,90,90,True
29,61,110,110,True
29,62,100,100,True
29,63,150,150,True
29,64,100,100,True
29,65,160,160,True
29,66,130,130,True
29,67,140,140,True
29,68,110,110,True
29,69,130,130,True
29,70,130,130,True
29,71,80,80,True
29,72,100,100,True
29,73,90,90,True
29,74,140,140,True
29,75,190,190,True
29,76,50,50,True
29,77,60,60,True
29,78,130,130,True
29,79,130,130,True
29,80,110,110,True
29,81,110,110,True
29,82,100,100,True
29,83,120,120,True
29,84,140,140,True
29,85,120,120,True
29,86,110,110,True
29,87,120,120,True
29,88,130,130,True
29,89,140,140,True
29,90,120,120,True
29,91,110,110,True
29,92,80,80,True
29,93,160,160,True
30,0,110,110,True
30,1,130,130,True
30,2,70,70,True
30,3,70,70,True
30,4,90,90,True
30,5,90,90,True
30,6,170,170,True
30,7,150,150,True
30,8,150,150,True
30,9,70,70,True
30,10,120,120,True
30,11,100,100,True
30,12,70,70,True
30,13,80,80,True
30,14,100,100,True
30,15,100,100,True
30,16,100,100,True
30,17,120,120,True
30,18,130,130,True
30,19,170,170,True
30,20,50,50,True
30,21,70,70,True
30,22,120,120,True
30,23,80,80,True
30,24,120,120,True
30,25,100,100,True
30,26,130,130,True
30,27,140,140,True
30,28,100,100,True
30,29,120,120,True
30,30,120,120,True
30,31,130,130,True
30,32,130,130,True
30,33,210,210,True
30,34,100,100,True
30,35,130,130,True
30,36,120,120,True
30,37,170,170,True
30,38,80,80,True
30,39,120,120,True
30,40,80,80,True
30,41,100,100,True
30,42,130,130,True
30,43,170,170,True
30,44,90,90,True
30,45,110,110,True
30,46,130,130,True
30,47,110,110,True
30,48,40,40,True
30,49,130,130,True
30,50,110,110,True
30,51,150,150,True
30,52,80,80,True
30,53,70,70,True
30,54,70,70,True
30,55,90,90,True
30,56,20,20,True
30,57,90,90,True
30,58,130,130,True
30,59,150,150,True
30,60,90,90,True
30,61,110,110,True
30,62,100,100,True
30,63,150,150,True
30,64,100,100,True
30,65,160,160,True
30,66,130,130,True
30,67,140,140,True
30,68,110,110,True
30,69,130,130,True
30,70,130,130,True
30,71,80,80,True
30,72,100,100,True
30,73,90,90,True
30,74,140,140,True
30,75,190,190,True
30,76,50,50,True
30,77,60,60,True
30,78,130,130,True
30,79,130,130,True
30,80,110,110,True
30,81,110,110,True
30,82,100,100,True
30,83,120,120,True
30,84,140,140,True
30,85,120,120,True
30,86,110,110,True
30,87,120,120,True
30,88,130,130,True
30,89,140,140,True
30,90,120,120,True
30,91,110,110,True
30,92,80,80,True
30,93,160,160,True
31,0,110,110,True
31,1,130,130,True
31,2,70,70,True
31,3,70,70,True
31,4,90,90,True
31,5,90,90,True
31,6,170,170,True
31,7,150,150,True
31,8,150,150,True
31,9,70,70,True
31,10,120,120,True
31,11,100,100,True
31,12,70,70,True
31,13,80,80,True
31,14,100,100,True
31,15,100,100,True
31,16,100,100,True
31,17,120,120,True
31,18,130,130,True
31,19,170,170,True
31,20,50,50,True
31,21,70,70,True
31,22,120,120,True
31,23,80,80,True
31,24,120,120,True
31,25,100,100,True
31,26,130,130,True
31,27,140,140,True
31,28,100,100,True
31,29,120,120,True
31,30,120,120,True
31,31,130,130,True
31,32,130,130,True
31,33,210,210,True
31,34,100,100,True
31,35,130,130,True
31,36,120,120,True
31,37,170,170,True
31,38,80,80,True
31,39,120,120,True
31,40,80,80,True
31,41,100,100,True
31,42,130,130,True
31,43,170,170,True
31,44,90,90,True
31,45,110,110,True
31,46,130,130,True
31,47,110,110,True
31,48,40,40,True
31,49,130,130,True
31,50,110,110,True
31,51,150,150,True
31,52,80,80,True
31,53,70,70,True
31,54,70,70,True
31,55,90,90,True
31,56,20,20,True
31,57,90,90,True
31,58,130,130,True
31,59,150,150,True
31,60,90,90,True
31,61,110,110,True
31,62,100,100,True
31,63,150,150,True
31,64,100,100,True
31,65,160,160,True
31,66,130,130,True
31,67,140,140,True
31,68,110,110,True
31,69,130,130,True
31,70,130,130,True
31,71,80,80,True
31,72,100,100,True
31,73,90,90,True
31,74,140,140,True
31,75,190,190,True
31,76,50,50,True
31,77,60,60,True
31,78,130,130,True
31,79,130,130,True
31,80,110,110,True
31,81,110,110,True
31,82,100,100,True
31,83,120,120,True
31,84,140,140,True
31,85,120,120,True
31,86,110,110,True
31,87,120,120,True
31,88,130,130,True
31,89,140,140,True
31,90,120,120,True
31,91,110,110,True
31,92,80,80,True
31,93,160,160,True
32,0,110,110,True
32,1,130,130,True
32,2,70,70,True
32,3,70,70,True
32,4,90,90,True
32,5,90,90,True
32,6,170,170,True
32,7,150,150,True
32,8,150,150,True
32,9,70,70,True
32,10,120,120,True
32,11,100,100,True
32,12,70,70,True
32,13,80,80,True
32,14,100,100,True
32,15,100,100,True
32,16,100,100,True
32,17,120,120,True
32,18,130,130,True
32,19,170,170,True
32,20,50,50,True
32,21,70,70,True
32,22,120,120,True
32,23,80,80,True
32,24,120,120,True
32,25,100,100,True
32,26,130,130,True
32,27,140,140,True
32,28,100,100,True
32,29,120,120,True
32,30,120,120,True
32,31,130,130,True
32,32,130,130,True
32,33,210,210,True
32,34,100,100,True
32,35,130,130,True
32,36,120,120,True
32,37,170,170,True
32,38,80,80,True
32,39,120,120,True
32,40,80,80,True
32,41,100,100,True
32,42,130,130,True
32,43,170,170,True
32,44,90,90,True
32,45,110,110,True
32,46,130,130,True
32,47,110,110,True
32,48,40,40,True
32,49,130,130,True
32,50,110,110,False
32,51,150,150,True
32,52,80,80,True
32,53,70,70,True
32,54,70,70,True
32,55,90,90,True
32,56,20,20,True
32,57,90,90,True
32,58,130,130,True
32,59,150,150,True
32,60,90,90,True
32,61,110,110,True
32,62,100,100,True
32,63,150,150,True
32,64,100,100,True
32,65,160,160,True
32,66,130,130,True
32,67,140,140,True
32,68,110,110,True
32,69,130,130,True
32,70,130,130,True
32,71,80,80,True
32,72,100,100,True
32,73,90,90,True
32,74,140,140,True
32,75,190,190,True
32,76,50,50,True
32,77,60,60,True
32,78,130,130,True
32,79,130,130,True
32,80,110,110,True
32,81,110,110,True
32,82,100,100,True
32,83,120,120,True
32,84,140,140,True
32,85,120,120,True
32,86,110,110,True
32,87,120,120,True
32,88,130,130,True
32,89,140,140,True
32,90,120,120,True
32,91,110,110,True
32,92,80,80,True
32,93,160,160,True
33,0,110,110,True
33,1,130,130,True
33,2,70,70,True
33,3,70,70,True
33,4,90,90,True
33,5,90,90,True
33,6,170,170,True
33,7,150,150,True
33,8,150,150,True
33,9,70,70,True
33,10,120,120,True
33,11,100,100,True
33,12,70,70,True
33,13,80,80,True
33,14,100,100,True
33,15,100,100,True
33,16,100,100,True
33,17,120,120,True
33,18,130,130,True
33,19,170,170,True
33,20,50,50,True
33,21,70,70,True
33,22,120,120,True
33,23,80,80,True
33,24,120,120,True
33,25,100,100,True
33,26,130,130,True
33,27,140,140,True
33,28,100,100,True
33,29,120,120,True
33,30,120,120,True
33,31,130,130,True
33,32,130,130,True
33,33,210,210,True
33,34,100,100,True
33,35,130,130,True
33,36,120,120,True
33,37,170,170,True
33,38,80,80,True
33,39,120,120,True
33,40,80,80,True
33,41,100,100,True
33,42,130,130,True
33,43,170,170,True
33,44,90,90,True
33,45,110,110,True
33,46,130,130,True
33,47,110,110,True
33,48,40,40,False
33,49,130,130,True
33,50,110,110,True
33,51,150,150,True
33,52,80,80,True
33,53,70,70,True
33,54,70,70,True
33,55,90,90,True
33,56,20,20,False
33,57,90,90,True
33,58,130,130,True
33,59,150,150,True
33,60,90,90,True
33,61,110,110,True
33,62,100,100,True
33,63,150,150,True
33,64,100,100,True
33,65,160,160,True
33,66,130,130,True
33,67,140,140,True
33,68,110,110,True
33,69,130,130,True
33,70,130,130,True
33,71,80,80,True
33,72,100,100,True
33,73,90,90,True
33,74,140,140,True
33,75,190,190,True
33,76,50,50,True
33,77,60,60,True
33,78,130,130,True
33,79,130,130,True
33,80,110,110,True
33,81,110,110,True
33,82,100,100,True
33,83,120,120,True
33,84,140,140,True
33,85,120,120,True
33,86,110,110,True
33,87,120,120,True
33,88,130,130,True
33,89,140,140,True
33,90,120,120,True
33,91,110,110,True
33,92,80,80,True
33,93,160,160,True
34,0,110,110,True
34,1,130,130,True
34,2,70,70,True
34,3,70,70,True
34,4,90,90,True
34,5,90,90,True
34,6,170,170,True
34,7,150,150,True
34,8,150,150,True
34,9,70,70,True
34,10,120,120,True
34,11,100,100,True
34,12,70,70,True
34,13,80,80,True
34,14,100,100,True
34,15,100,100,True
34,16,100,100,True
34,17,120,120,True
34,18,130,130,True
34,19,170,170,True
34,20,50,50,True
34,21,70,70,True
34,22,120,120,True
34,23,80,80,True
34,24,120,120,True
34,25,100,100,True
34,26,130,130,True
34,27,140,140,True
34,28,100,100,True
34,29,120,120,True
34,30,120,120,True
34,31,130,130,True
34,32,130,130,True
34,33,210,210,True
34,34,100,100,True
34,35,130,130,True
34,36,120,120,True
34,37,170,170,True
34,38,80,80,True
34,39,120,120,True
34,40,80,80,True
34,41,100,100,True
34,42,130,130,True
34,43,170,170,True
34,44,90,90,True
34,45,110,110,True
34,46,130,130,True
34,47,110,110,True
34,48,40,40,True
34,49,130,130,True
34,50,110,110,True
34,51,150,150,True
34,52,80,80,True
34,53,70,70,True
34,54,70,70,True
34,55,90,90,True
34,56,20,20,True
34,57,90,90,True
34,58,130,130,True
34,59,150,150,True
34,60,90,90,True
34,61,110,110,True
34,62,100,100,True
34,63,150,150,True
34,64,100,100,True
34,65,160,160,True
34,66,130,130,True
34,67,140,140,True
34,68,110,110,True
34,69,130,130,True
34,70,130,130,True
34,71,80,80,True
34,72,100,100,True
34,73,90,90,True
34,74,140,140,True
34,75,190,190,True
34,76,50,50,True
34,77,60,60,True
34,78,130,130,True
34,79,130,130,True
34,80,110,110,True
34,81,110,110,True
34,82,100,100,True
34,83,120,120,True
34,84,140,140,True
34,85,120,120,True
34,86,110,110,True
34,87,120,120,True
34,88,130,130,True
34,89,140,140,True
34,90,120,120,True
34,91,110,110,True
34,92,80,80,True
34,93,160,160,True
35,0,110,110,True
35,1,130,130,True
35,2,70,70,True
35,3,70,70,True
35,4,90,90,True
35,5,90,90,True
35,6,170,170,True
35,7,150,150,True
35,8,150,150,True
35,9,70,70,True
35,10,120,120,True
35,11,100,100,True
35,12,70,70,True
35,13,80,80,True
35,14,100,100,True
35,15,100,100,True
35,16,100,100,True
35,17,120,120,True
35,18,130,130,True
35,19,170,170,True
35,20,50,50,True
35,21,70,70,True
35,22,120,120,True
35,23,80,80,True
35,24,120,120,True
35,25,100,100,True
35,26,130,130,True
35,27,140,140,True
35,28,100,100,True
35,29,120,120,True
35,30,120,120,True
35,31,130,130,True
35,32,130,130,True
35,33,210,210,True
35,34,100,100,True
35,35,130,130,True
35,36,120,120,True
35,37,170,170,True
35,38,80,80,True
35,39,120,120,True
35,40,80,80,True
35,41,100,100,True
35,42,130,130,True
35,43,170,170,True
35,44,90,90,True
35,45,110,110,True
35,46,130,130,True
35,47,110,110,False
35,48,40,40,True
35,49,130,130,True
35,50,110,110,True
35,51,150,150,True
35,52,80,80,True
35,53,70,70,True
35,54,70,70,True
35,55,90,90,True
35,56,20,20,True
35,57,90,90,True
35,58,130,130,True
35,59,150,150,True
35,60,90,90,True
35,61,110,110,True
35,62,100,100,True
35,63,150,150,True
35,64,100,100,True
35,65,160,160,True
35,66,130,130,True
35,67,140,140,True
35,68,110,110,True
35,69,130,130,True
35,70,130,130,True
35,71,80,80,True
35,72,100,100,True
35,73,90,90,True
35,74,140,140,True
35,75,190,190,True
35,76,50,50,True
35,77,60,60,True
35,78,130,130,True
35,79,130,130,True
35,80,110,110,True
35,81,110,110,True
35,82,100,100,True
35,83,120,120,True
35,84,140,140,True
35,85,120,120,True
35,86,110,110,True
35,87,120,120,True
35,88,130,130,True
35,89,140,140,True
35,90,120,120,True
35,91,110,110,True
35,92,80,80,True
35,93,160,160,True
36,0,110,110,True
36,1,130,130,True
36,2,70,70,True
36,3,70,70,True
36,4,90,90,True
36,5,90,90,True
36,6,170,170,True
36,7,150,150,True
36,8,150,150,True
36,9,70,70,True
36,10,120,120,True
36,11,100,100,True
36,12,70,70,True
36,13,80,80,True
36,14,100,100,True
36,15,100,100,True
36,16,100,100,True
36,17,120,120,True
36,18,130,130,True
36,19,170,170,True
36,20,50,50,True
36,21,70,70,True
36,22,120,120,True
36,23,80,80,True
36,24,120,120,True
36,25,100,100,True
36,26,130,130,True
36,27,140,140,True
36,28,100,100,True
36,29,120,120,True
36,30,120,120,True
36,31,130,130,True
36,32,130,130,True
36,33,210,210,True
36,34,100,100,True
36,35,130,130,True
36,36,120,120,True
36,37,170,170,True
36,38,80,80,True
36,39,120,120,True
36,40,80,80,True
36,41,100,100,True
36,42,130,130,True
36,43,170,170,True
36,44,90,90,True
36,45,110,110,True
36,46,130,130,True
36,47,110,110,True
36,48,40,40,True
36,49,130,130,True
36,50,110,110,True
36,51,150,150,True
36,52,80,80,True
36,53,70,70,True
36,54,70,70,True
36,55,90,90,True
36,56,20,20,True
36,57,90,90,True
36,58,130,130,True
36,59,150,150,True
36,60,90,90,True
36,61,110,110,True
36,62,100,100,True
36,63,150,150,True
36,64,100,100,True
36,65,160,160,True
36,66,130,130,True
36,67,140,140,True
36,68,110,110,True
36,69,130,130,True
36,70,130,130,True
36,71,80,80,True
36,72,100,100,True
36,73,90,90,True
36,74,140,140,True
36,75,190,190,True
36,76,50,50,True
36,77,60,60,True
36,78,130,130,True
36,79,130,130,True
36,80,110,110,True
36,81,110,110,True
36,82,100,100,True
36,83,120,120,True
36,84,140,140,True
36,85,120,120,True
36,86,110,110,True
36,87,120,120,True
36,88,130,130,True
36,89,140,140,True
36,90,120,120,True
36,91,110,110,True
36,92,80,80,True
36,93,160,160,True
37,0,110,110,True
37,1,130,130,True
37,2,70,70,True
37,3,70,70,True
37,4,90,90,True
37,5,90,90,True
37,6,170,170,True
37,7,150,150,True
37,8,150,150,True
37,9,70,70,True
37,10,120,120,True
37,11,100,100,True
37,12,70,70,True
37,13,80,80,True
37,14,100,100,True
37,15,100,100,True
37,16,100,100,True
37,17,120,120,True
37,18,130,130,True
37,19,170,170,True
37,20,50,50,True
37,21,70,70,True
37,22,120,120,True
37,23,80,80,True
37,24,120,120,True
37,25,100,100,True
37,26,130,130,True
37,27,140,140,True
37,28,100,100,True
37,29,120,120,True
37,30,120,120,True
37,31,130,130,True
37,32,130,130,True
37,33,210,210,True
37,34,100,100,True
37,35,130,130,True
37,36,120,120,True
37,37,170,170,True
37,38,80,80,True
37,39,120,120,True
37,40,80,80,True
37,41,100,100,True
37,42,130,130,True
37,43,170,170,True
37,44,90,90,True
37,45,110,110,True
37,46,130,130,True
37,47,110,110,True
37,48,40,40,True
37,49,130,130,True
37,50,110,110,True
37,51,150,150,True
37,52,80,80,True
37,53,70,70,True
37,54,70,70,True
37,55,90,90,True
37,56,20,20,True
37,57,90,90,True
37,58,130,130,True
37,59,150,150,True
37,60,90,90,True
37,61,110,110,True
37,62,100,100,True
37,63,150,150,True
37,64,100,100,True
37,65,160,160,True
37,66,130,130,True
37,67,140,140,True
37,68,110,110,True
37,69,130,130,True
37,70,130,130,True
37,71,80,80,True
37,72,100,100,True
37,73,90,90,True
37,74,140,140,True
37,75,190,190,True
37,76,50,50,True
37,77,60,60,True
37,78,130,130,True
37,79,130,130,True
37,80,110,110,True
37,81,110,110,True
37,82,100,100,True
37,83,120,120,True
37,84,140,140,True
37,85,120,120,True
37,86,110,110,True
37,87,120,120,True
37,88,130,130,True
37,89,140,140,True
37,90,120,120,True
37,91,110,110,True
37,92,80,80,True
37,93,160,160,True
38,0,110,110,True
38,1,130,130,True
38,2,70,70,True
38,3,70,70,True
38,4,90,90,True
38,5,90,90,True
38,6,170,170,True
38,7,150,150,True
38,8,150,150,True
38,9,70,70,True
38,10,120,120,True
38,11,100,100,True
38,12,70,70,True
38,13,80,80,True
38,14,100,100,True
38,15,100,100,True
38,16,100,100,True
38,17,120,120,True
38,18,130,130,True
38,19,170,170,True
38,20,50,50,True
38,21,70,70,True
38,22,120,120,True
38,23,80,80,True
38,24,120,120,True
38,25,100,100,True
38,26,130,130,True
38,27,140,140,True
38,28,100,100,True
38,29,120,120,True
38,30,120,120,True
38,31,130,130,True
38,32,130,130,True
38,33,210,210,True
38,34,100,100,True
38,35,130,130,True
38,36,120,120,True
38,37,170,170,True
38,38,80,80,True
38,39,120,120,True
38,40,80,80,True
38,41,100,100,True
38,42,130,130,True
38,43,170,170,True
38,44,90,90,True
38,45,110,110,True
38,46,130,130,True
38,47,110,110,True
38,48,40,40,True
38,49,130,130,True
38,50,110,110,True
38,51,150,150,True
38,52,80,80,True
38,53,70,70,True
38,54,70,70,True
38,55,90,90,True
38,56,20,20,False
38,57,90,90,True
38,58,130,130,True
38,59,150,150,True
38,60,90,90,True
38,61,110,110,True
38,62,100,100,True
38,63,150,150,True
38,64,100,100,True
38,65,160,160,True
38,66,130,130,True
38,67,140,140,True
38,68,110,110,True
38,69,130,130,True
38,70,130,130,True
38,71,80,80,True
38,72,100,100,True
38,73,90,90,True
38,74,140,140,True
38,75,190,190,True
38,76,50,50,True
38,77,60,60,True
38,78,130,130,True
38,79,130,130,True
38,80,110,110,True
38,81,110,110,True
38,82,100,100,True
38,83,120,120,True
38,84,140,140,True
38,85,120,120,True
38,86,110,110,True
38,87,120,120,True
38,88,130,130,True
38,89,140,140,True
38,90,120,120,True
38,91,110,110,True
38,92,80,80,True
38,93,160,160,True
39,0,110,110,True
39,1,130,130,True
39,2,70,70,True
39,3,70,70,False
39,4,90,90,True
39,5,90,90,True
39,6,170,170,True
39,7,150,150,True
39,8,150,150,True
39,9,70,70,True
39,10,120,120,True
39,11,100,100,True
39,12,70,70,True
39,13,80,80,True
39,14,100,100,True
39,15,100,100,True
39,16,100,100,True
39,17,120,120,True
39,18,130,130,True
39,19,170,170,True
39,20,50,50,True
39,21,70,70,True
39,22,120,120,True
39,23,80,80,True
39,24,120,120,True
39,25,100,100,True
39,26,130,130,True
39,27,140,140,True
39,28,100,100,True
39,29,120,120,True
39,30,120,120,True
39,31,130,130,True
39,32,130,130,True
39,33,210,210,True
39,34,100,100,True
39,35,130,130,True
39,36,120,120,True
39,37,170,170,True
39,38,80,80,True
39,39,120,120,True
39,40,80,80,True
39,41,100,100,True
39,42,130,130,True
39,43,170,170,True
39,44,90,90,True
39,45,110,110,True
39,46,130,130,True
39,47,110,110,True
39,48,40,40,True
39,49,130,130,True
39,50,110,110,True
39,51,150,150,True
39,52,80,80,True
39,53,70,70,True
39,54,70,70,True
39,55,90,90,True
39,56,20,20,True
39,57,90,90,False
39,58,130,130,True
39,59,150,150,True
39,60,90,90,True
39,61,110,110,True
39,62,100,100,True
39,63,150,150,True
39,64,100,100,True
39,65,160,160,True
39,66,130,130,True
39,67,140,140,True
39,68,110,110,True
39,69,130,130,True
39,70,130,130,True
39,71,80,80,True
39,72,100,100,True
39,73,90,90,True
39,74,140,140,True
39,75,190,190,True
39,76,50,50,True
39,77,60,60,True
39,78,130,130,True
39,79,130,130,True
39,80,110,110,True
39,81,110,110,True
39,82,100,100,True
39,83,120,120,True
39,84,140,140,True
39,85,120,120,True
39,86,110,110,True
39,87,120,120,True
39,88,130,130,True
39,89,140,140,True
39,90,120,120,True
39,91,110,110,True
39,92,80,80,True
39,93,160,160,True
40,0,110,110,True
40,1,130,130,True
40,2,70,70,True
40,3,70,70,True
40,4,90,90,True
40,5,90,90,True
40,6,170,170,True
40,7,150,150,True
40,8,150,150,True
40,9,70,70,True
40,10,120,120,True
40,11,100,100,True
40,12,70,70,True
40,13,80,80,True
40,14,100,100,True
40,15,100,100,True
40,16,100,100,True
40,17,120,120,True
40,18,130,130,True
40,19,170,170,True
40,20,50,50,True
40,21,70,70,True
40,22,120,120,True
40,23,80,80,True
40,24,120,120,True
40,25,100,100,True
40,26,130,130,True
40,27,140,140,True
40,28,100,100,True
40,29,120,120,True
40,30,120,120,True
40,31,130,130,True
40,32,130,130,True
40,33,210,210,True
40,34,100,100,True
40,35,130,130,True
40,36,120,120,True
40,37,170,170,True
40,38,80,80,True
40,39,120,120,True
40,40,80,80,True
40,41,100,100,True
40,42,130,130,True
40,43,170,170,True
40,44,90,90,True
40,45,110,110,True
40,46,130,130,True
40,47,110,110,True
40,48,40,40,True
40,49,130,130,True
40,50,110,110,True
40,51,150,150,True
40,52,80,80,True
40,53,70,70,True
40,54,70,70,True
40,55,90,90,True
40,56,20,20,True
40,57,90,90,True
40,58,130,130,True
40,59,150,150,True
40,60,90,90,True
40,61,110,110,True
40,62,100,100,True
40,63,150,150,True
40,64,100,100,True
40,65,160,160,True
40,66,130,130,True
40,67,140,140,True
40,68,110,110,True
40,69,130,130,True
40,70,130,130,True
40,71,80,80,True
40,72,100,100,True
40,73,90,90,True
40,74,140,140,True
40,75,190,190,True
40,76,50,50,True
40,77,60,60,True
40,78,130,130,True
40,79,130,130,True
40,80,110,110,True
40,81,110,110,True
40,82,100,100,True
40,83,120,120,True
40,84,140,140,True
40,85,120,120,True
40,86,110,110,True
40,87,120,120,True
40,88,130,130,True
40,89,140,140,True
40,90,120,120,True
40,91,110,110,True
40,92,80,80,True
40,93,160,160,True
41,0,110,110,True
41,1,130,130,True
41,2,70,70,True
41,3,70,70,True
41,4,90,90,True
41,5,90,90,True
41,6,170,170,True
41,7,150,150,True
41,8,150,150,True
41,9,70,70,True
41,10,120,120,True
41,11,100,100,True
41,12,70,70,True
41,13,80,80,True
41,14,100,100,True
41,15,100,100,True
41,16,100,100,True
41,17,120,120,True
41,18,130,130,True
41,19,170,170,True
41,20,50,50,True
41,21,70,70,True
41,22,120,120,True
41,23,80,80,True
41,24,120,120,True
41,25,100,100,True
41,26,130,130,True
41,27,140,140,True
41,28,100,100,True
41,29,120,120,True
41,30,120,120,True
41,31,130,130,True
41,32,130,130,True
41,33,210,210,True
41,34,100,100,True
41,35,130,130,True
41,36,120,120,True
41,37,170,170,True
41,38,80,80,True
41,39,120,120,True
41,40,80,80,True
41,41,100,100,True
41,42,130,130,True
41,43,170,170,True
41,44,90,90,True
41,45,110,110,True
41,46,130,130,True
41,47,110,110,True
41,48,40,40,True
41,49,130,130,True
41,50,110,110,True
41,51,150,150,True
41,52,80,80,True
41,53,70,70,True
41,54,70,70,True
41,55,90,90,True
41,56,20,20,True
41,57,90,90,True
41,58,130,130,True
41,59,150,150,True
41,60,90,90,True
41,61,110,110,True
41,62,100,100,True
41,63,150,150,True
41,64,100,100,True
41,65,160,160,True
41,66,130,130,True
41,67,140,140,True
41,68,110,110,True
41,69,130,130,True
41,70,130,130,True
41,71,80,80,True
41,72,100,100,True
41,73,90,90,True
41,74,140,140,True
41,75,190,190,True
41,76,50,50,True
41,77,60,60,True
41,78,130,130,True
41,79,130,130,True
41,80,110,110,True
41,81,110,110,True
41,82,100,100,True
41,83,120,120,True
41,84,140,140,True
41,85,120,120,True
41,86,110,110,True
41,87,120,120,True
41,88,130,130,True
41,89,140,140,True
41,90,120,120,True
41,91,110,110,True
41,92,80,80,True
41,93,160,160,True
42,0,110,110,True
42,1,130,130,True
42,2,70,70,True
42,3,70,70,True
42,4,90,90,True
42,5,90,90,True
42,6,170,170,True
42,7,150,150,True
42,8,150,150,True
42,9,70,70,True
42,10,120,120,True
42,11,100,100,True
42,12,70,70,True
42,13,80,80,True
42,14,100,100,True
42,15,100,100,True
42,16,100,100,True
42,17,120,120,True
42,18,130,130,True
42,19,170,170,True
42,20,50,50,True
42,21,70,70,True
42,22,120,120,True
42,23,80,80,True
42,24,120,120,True
42,25,100,100,True
42,26,130,130,True
42,27,140,140,True
42,28,100,100,True
42,29,120,120,True
42,30,120,120,True
42,31,130,130,True
42,32,130,130,True
42,33,210,210,True
42,34,100,100,True
42,35,130,130,True
42,36,120,120,True
42,37,170,170,True
42,38,80,80,True
42,39,120,120,True
42,40,80,80,True
42,41,100,100,True
42,42,130,130,True
42,43,170,170,True
42,44,90,90,True
42,45,110,110,True
42,46,130,130,True
42,47,110,110,True
42,48,40,40,True
42,49,130,130,True
42,50,110,110,True
42,51,150,150,True
42,52,80,80,True
42,53,70,70,True
42,54,70,70,True
42,55,90,90,True
42,56,20,20,False
42,57,90,90,True
42,58,130,130,True
42,59,150,150,True
42,60,90,90,True
42,61,110,110,True
42,62,100,100,True
42,63,150,150,True
42,64,100,100,True
42,65,160,160,True
42,66,130,130,True
42,67,140,140,True
42,68,110,110,True
42,69,130,130,True
42,70,130,130,True
42,71,80,80,True
42,72,100,100,True
42,73,90,90,True
42,74,140,140,True
42,75,190,190,True
42,76,50,50,True
42,77,60,60,True
42,78,130,130,True
42,79,130,130,True
42,80,110,110,True
42,81,110,110,True
42,82,100,100,True
42,83,120,120,True
42,84,140,140,True
42,85,120,120,True
42,86,110,110,True
42,87,120,120,True
42,88,130,130,True
42,89,140,140,True
42,90,120,120,True
42,91,110,110,True
42,92,80,80,True
42,93,160,160,True
43,0,110,110,True
43,1,130,130,True
43,2,70,70,True
43,3,70,70,True
43,4,90,90,True
43,5,90,90,True
43,6,170,170,True
43,7,150,150,True
43,8,150,150,True
43,9,70,70,True
43,10,120,120,True
43,11,100,100,True
43,12,70,70,True
43,13,80,80,True
43,14,100,100,True
43,15,100,100,True
43,16,100,100,True
43,17,120,120,True
43,18,130,130,True
43,19,170,170,True
43,20,50,50,True
43,21,70,70,True
43,22,120,120,True
43,23,80,80,True
43,24,120,120,True
43,25,100,100,True
43,26,130,130,True
43,27,140,140,True
43,28,100,100,True
43,29,120,120,True
43,30,120,120,True
43,31,130,130,True
43,32,130,130,True
43,33,210,210,True
43,34,100,100,True
43,35,130,130,True
43,36,120,120,True
43,37,170,170,True
43,38,80,80,True
43,39,120,120,True
43,40,80,80,True
43,41,100,100,True
43,42,130,130,True
43,43,170,170,True
43,44,90,90,True
43,45,110,110,True
43,46,130,130,True
43,47,110,110,True
43,48,40,40,True
43,49,130,130,True
43,50,110,110,True
43,51,150,150,True
43,52,80,80,True
43,53,70,70,True
43,54,70,70,True
43,55,90,90,True
43,56,20,20,True
43,57,90,90,True
43,58,130,130,True
43,59,150,150,True
43,60,90,90,True
43,61,110,110,True
43,62,100,100,True
43,63,150,150,True
43,64,100,100,True
43,65,160,160,True
43,66,130,130,True
43,67,140,140,True
43,68,110,110,True
43,69,130,130,True
43,70,130,130,True
43,71,80,80,True
43,72,100,100,True
43,73,90,90,True
43,74,140,140,True
43,75,190,190,True
43,76,50,50,True
43,77,60,60,True
43,78,130,130,True
43,79,130,130,True
43,80,110,110,True
43,81,110,110,True
43,82,100,100,True
43,83,120,120,True
43,84,140,140,True
43,85,120,120,True
43,86,110,110,True
43,87,120,120,True
43,88,130,130,True
43,89,140,140,True
43,90,120,120,True
43,91,110,110,True
43,92,80,80,True
43,93,160,160,True
44,0,110,110,True
44,1,130,130,True
44,2,70,70,True
44,3,70,70,True
44,4,90,90,True
44,5,90,90,True
44,6,170,170,True
44,7,150,150,True
44,8,150,150,True
44,9,70,70,True
44,10,120,120,True
44,11,100,100,True
44,12,70,70,True
44,13,80,80,True
44,14,100,100,True
44,15,100,100,True
44,16,100,100,True
44,17,120,120,True
44,18,130,130,True
44,19,170,170,True
44,20,50,50,True
44,21,70,70,True
44,22,120,120,True
44,23,80,80,True
44,24,120,120,True
44,25,100,100,True
44,26,130,130,True
44,27,140,140,True
44,28,100,100,True
44,29,120,120,True
44,30,120,120,True
44,31,130,130,True
44,32,130,130,True
44,33,210,210,True
44,34,100,100,True
44,35,130,130,True
44,36,120,120,True
44,37,170,170,True
44,38,80,80,True
44,39,120,120,True
44,40,80,80,True
44,41,100,100,True
44,42,130,130,True
44,43,170,170,True
44,44,90,90,True
44,45,110,110,True
44,46,130,130,True
44,47,110,110,True
44,48,40,40,True
44,49,130,130,True
44,50,110,110,True
44,51,150,150,True
44,52,80,80,True
44,53,70,70,True
44,54,70,70,True
44,55,90,90,True
44,56,20,20,False
44,57,90,90,True
44,58,130,130,True
44,59,150,150,True
44,60,90,90,True
44,61,110,110,True
44,62,100,100,True
44,63,150,150,True
44,64,100,100,True
44,65,160,160,True
44,66,130,130,True
44,67,140,140,True
44,68,110,110,True
44,69,130,130,True
44,70,130,130,True
44,71,80,80,True
44,72,100,100,True
44,73,90,90,True
44,74,140,140,True
44,75,190,190,True
44,76,50,50,True
44,77,60,60,True
44,78,130,130,True
44,79,130,130,True
44,80,110,110,True
44,81,110,110,True
44,82,100,100,True
44,83,120,120,True
44,84,140,140,True
44,85,120,120,True
44,86,110,110,True
44,87,120,120,True
44,88,130,130,True
44,89,140,140,True
44,90,120,120,True
44,91,110,110,True
44,92,80,80,True
44,93,160,160,True
45,0,110,110,True
45,1,130,130,True
45,2,70,70,True
45,3,70,70,True
45,4,90,90,True
45,5,90,90,True
45,6,170,170,True
45,7,150,150,True
45,8,150,150,True
45,9,70,70,True
45,10,120,120,True
45,11,100,100,True
45,12,70,70,True
45,13,80,80,False
45,14,100,100,True
45,15,100,100,True
45,16,100,100,True
45,17,120,120,True
45,18,130,130,True
45,19,170,170,True
45,20,50,50,True
45,21,70,70,True
45,22,120,120,True
45,23,80,80,True
45,24,120,120,True
45,25,100,100,True
45,26,130,130,True
45,27,140,140,True
45,28,100,100,True
45,29,120,120,True
45,30,120,120,True
45,31,130,130,True
45,32,130,130,True
45,33,210,210,True
45,34,100,100,True
45,35,130,130,True
45,36,120,120,True
45,37,170,170,True
45,38,80,80,True
45,39,120,120,True
45,40,80,80,True
45,41,100,100,True
45,42,130,130,True
45,43,170,170,True
45,44,90,90,True
45,45,110,110,True
45,46,130,130,True
45,47,110,110,True
45,48,40,40,True
45,49,130,130,True
45,50,110,110,True
45,51,150,150,True
45,52,80,80,True
45,53,70,70,True
45,54,70,70,True
45,55,90,90,True
45,56,20,20,True
45,57,90,90,True
45,58,130,130,True
45,59,150,150,True
45,60,90,90,True
45,61,110,110,True
45,62,100,100,True
45,63,150,150,True
45,64,100,100,True
45,65,160,160,True
45,66,130,130,True
45,67,140,140,True
45,68,110,110,True
45,69,130,130,True
45,70,130,130,True
45,71,80,80,True
45,72,100,100,True
45,73,90,90,True
45,74,140,140,True
45,75,190,190,True
45,76,50,50,True
45,77,60,60,True
45,78,130,130,True
45,79,130,130,True
45,80,110,110,True
45,81,110,110,True
45,82,100,100,True
45,83,120,120,True
45,84,140,140,True
45,85,120,120,True
45,86,110,110,True
45,87,120,120,True
45,88,130,130,True
45,89,140,140,True
45,90,120,120,True
45,91,110,110,True
45,92,80,80,True
45,93,160,160,True
46,0,110,110,True
46,1,130,130,True
46,2,70,70,True
46,3,70,70,True
46,4,90,90,True
46,5,90,90,True
46,6,170,170,True
46,7,150,150,True
46,8,150,150,True
46,9,70,70,True
46,10,120,120,True
46,11,100,100,True
46,12,70,70,True
46,13,80,80,True
46,14,100,100,True
46,15,100,100,True
46,16,100,100,True
46,17,120,120,True
46,18,130,130,True
46,19,170,170,True
46,20,50,50,True
46,21,70,70,True
46,22,120,120,True
46,23,80,80,True
46,24,120,120,True
46,25,100,100,True
46,26,130,130,True
46,27,140,140,True
46,28,100,100,True
46,29,120,120,True
46,30,120,120,True
46,31,130,130,True
46,32,130,130,True
46,33,210,210,True
46,34,100,100,True
46,35,130,130,True
46,36,120,120,True
46,37,170,170,True
46,38,80,80,True
46,39,120,120,True
46,40,80,80,True
46,41,100,100,True
46,42,130,130,True
46,43,170,170,True
46,44,90,90,True
46,45,110,110,True
46,46,130,130,True
46,47,110,110,True
46,48,40,40,True
46,49,130,130,True
46,50,110,110,True
46,51,150,150,True
46,52,80,80,True
46,53,70,70,True
46,54,70,70,True
46,55,90,90,True
46,56,20,20,True
46,57,90,90,True
46,58,130,130,True
46,59,150,150,True
46,60,90,90,True
46,61,110,110,True
46,62,100,100,True
46,63,150,150,True
46,64,100,100,True
46,65,160,160,True
46,66,130,130,True
46,67,140,140,True
46,68,110,110,True
46,69,130,130,True
46,70,130,130,True
46,71,80,80,True
46,72,100,100,True
46,73,90,90,True
46,74,140,140,True
46,75,190,190,True
46,76,50,50,True
46,77,60,60,True
46,78,130,130,True
46,79,130,130,True
46,80,110,110,True
46,81,110,110,True
46,82,100,100,True
46,83,120,120,True
46,84,140,140,True
46,85,120,120,True
46,86,110,110,True
46,87,120,120,True
46,88,130,130,True
46,89,140,140,True
46,90,120,120,True
46,91,110,110,True
46,92,80,80,True
46,93,160,160,True
47,0,110,110,True
47,1,130,130,True
47,2,70,70,True
47,3,70,70,True
47,4,90,90,True
47,5,90,90,True
47,6,170,170,True
47,7,150,150,True
47,8,150,150,True
47,9,70,70,True
47,10,120,120,True
47,11,100,100,True
47,12,70,70,True
47,13,80,80,True
47,14,100,100,True
47,15,100,100,False
47,16,100,100,True
47,17,120,120,True
47,18,130,130,True
47,19,170,170,True
47,20,50,50,True
47,21,70,70,True
47,22,120,120,True
47,23,80,80,True
47,24,120,120,True
47,25,100,100,True
47,26,130,130,True
47,27,140,140,True
47,28,100,100,True
47,29,120,120,True
47,30,120,120,True
47,31,130,130,True
47,32,130,130,True
47,33,210,210,True
47,34,100,100,True
47,35,130,130,True
47,36,120,120,True
47,37,170,170,True
47,38,80,80,True
47,39,120,120,True
47,40,80,80,True
47,41,100,100,True
47,42,130,130,True
47,43,170,170,True
47,44,90,90,True
47,45,110,110,True
47,46,130,130,True
47,47,110,110,True
47,48,40,40,True
47,49,130,130,True
47,50,110,110,True
47,51,150,150,True
47,52,80,80,True
47,53,70,70,True
47,54,70,70,True
47,55,90,90,True
47,56,20,20,True
47,57,90,90,True
47,58,130,130,True
47,59,150,150,True
47,60,90,90,True
47,61,110,110,True
47,62,100,100,True
47,63,150,150,True
47,64,100,100,True
47,65,160,160,True
47,66,130,130,True
47,67,140,140,True
47,68,110,110,True
47,69,130,130,True
47,70,130,130,True
47,71,80,80,True
47,72,100,100,True
47,73,90,90,True
47,74,140,140,True
47,75,190,190,True
47,76,50,50,True
47,77,60,60,True
47,78,130,130,True
47,79,130,130,True
47,80,110,110,True
47,81,110,110,True
47,82,100,100,True
47,83,120,120,True
47,84,140,140,True
47,85,120,120,True
47,86,110,110,True
47,87,120,120,True
47,88,130,130,True
47,89,140,140,True
47,90,120,120,True
47,91,110,110,True
47,92,80,80,True
47,93,160,160,True
48,0,110,110,True
48,1,130,130,True
48,2,70,70,True
48,3,70,70,True
48,4,90,90,True
48,5,90,90,True
48,6,170,170,True
48,7,150,150,True
48,8,150,150,True
48,9,70,70,True
48,10,120,120,True
48,11,100,100,True
48,12,70,70,True
48,13,80,80,True
48,14,100,100,True
48,15,100,100,True
48,16,100,100,True
48,17,120,120,True
48,18,130,130,True
48,19,170,170,True
48,20,50,50,True
48,21,70,70,True
48,22,120,120,True
48,23,80,80,True
48,24,120,120,True
48,25,100,100,True
48,26,130,130,True
48,27,140,140,True
48,28,100,100,True
48,29,120,120,True
48,30,120,120,True
48,31,130,130,True
48,32,130,130,True
48,33,210,210,True
48,34,100,100,True
48,35,130,130,True
48,36,120,120,True
48,37,170,170,True
48,38,80,80,True
48,39,120,120,True
48,40,80,80,True
48,41,100,100,True
48,42,130,130,True
48,43,170,170,True
48,44,90,90,True
48,45,110,110,True
48,46,130,130,True
48,47,110,110,True
48,48,40,40,True
48,49,130,130,True
48,50,110,110,True
48,51,150,150,True
48,52,80,80,True
48,53,70,70,True
48,54,70,70,True
48,55,90,90,True
48,56,20,20,True
48,57,90,90,True
48,58,130,130,True
48,59,150,150,True
48,60,90,90,True
48,61,110,110,True
48,62,100,100,True
48,63,150,150,True
48,64,100,100,True
48,65,160,160,True
48,66,130,130,True
48,67,140,140,True
48,68,110,110,True
48,69,130,130,True
48,70,130,130,True
48,71,80,80,True
48,72,100,100,True
48,73,90,90,True
48,74,140,140,True
48,75,190,190,True
48,76,50,50,True
48,77,60,60,True
48,78,130,130,True
48,79,130,130,True
48,80,110,110,True
48,81,110,110,True
48,82,100,100,True
48,83,120,120,True
48,84,140,140,True
48,85,120,120,True
48,86,110,110,True
48,87,120,120,True
48,88,130,130,True
48,89,140,140,True
48,90,120,120,True
48,91,110,110,True
48,92,80,80,True
48,93,160,160,True
49,0,110,110,True
49,1,130,130,True
49,2,70,70,True
49,3,70,70,True
49,4,90,90,True
49,5,90,90,True
49,6,170,170,True
49,7,150,150,True
49,8,150,150,True
49,9,70,70,True
49,10,120,120,True
49,11,100,100,True
49,12,70,70,True
49,13,80,80,True
49,14,100,100,True
49,15,100,100,True
49,16,100,100,True
49,17,120,120,True
49,18,130,130,True
49,19,170,170,True
49,20,50,50,True
49,21,70,70,True
49,22,120,120,True
49,23,80,80,True
49,24,120,120,True
49,25,100,100,True
49,26,130,130,True
49,27,140,140,True
49,28,100,100,True
49,29,120,120,True
49,30,120,120,True
49,31,130,130,True
49,32,130,130,True
49,33,210,210,True
49,34,100,100,True
49,35,130,130,True
49,36,120,120,True
49,37,170,170,True
49,38,80,80,True
49,39,120,120,True
49,40,80,80,True
49,41,100,100,True
49,42,130,130,True
49,43,170,170,True
49,44,90,90,True
49,45,110,110,True
49,46,130,130,True
49,47,110,110,True
49,48,40,40,True
49,49,130,130,True
49,50,110,110,True
49,51,150,150,True
49,52,80,80,True
49,53,70,70,True
49,54,70,70,True
49,55,90,90,True
49,56,20,20,True
49,57,90,90,True
49,58,130,130,True
49,59,150,150,True
49,60,90,90,True
49,61,110,110,True
49,62,100,100,True
49,63,150,150,True
49,64,100,100,True
49,65,160,160,True
49,66,130,130,True
49,67,140,140,True
49,68,110,110,True
49,69,130,130,True
49,70,130,130,True
49,71,80,80,True
49,72,100,100,True
49,73,90,90,True
49,74,140,140,True
49,75,190,190,True
49,76,50,50,True
49,77,60,60,True
49,78,130,130,True
49,79,130,130,True
49,80,110,110,True
49,81,110,110,True
49,82,100,100,True
49,83,120,120,True
49,84,140,140,True
49,85,120,120,True
49,86,110,110,True
49,87,120,120,True
49,88,130,130,True
49,89,140,140,True
49,90,120,120,True
49,91,110,110,True
49,92,80,80,True
49,93,160,160,True
50,0,110,110,True
50,1,130,130,True
50,2,70,70,True
50,3,70,70,True
50,4,90,90,True
50,5,90,90,True
50,6,170,170,True
50,7,150,150,True
50,8,150,150,True
50,9,70,70,True
50,10,120,120,True
50,11,100,100,True
50,12,70,70,True
50,13,80,80,True
50,14,100,100,True
50,15,100,100,True
50,16,100,100,True
50,17,120,120,True
50,18,130,130,True
50,19,170,170,True
50,20,50,50,True
50,21,70,70,True
50,22,120,120,True
50,23,80,80,True
50,24,120,120,True
50,25,100,100,True
50,26,130,130,True
50,27,140,140,True
50,28,100,100,True
50,29,120,120,True
50,30,120,120,True
50,31,130,130,True
50,32,130,130,True
50,33,210,210,True
50,34,100,100,True
50,35,130,130,True
50,36,120,120,True
50,37,170,170,True
50,38,80,80,True
50,39,120,120,True
50,40,80,80,True
50,41,100,100,True
50,42,130,130,True
50,43,170,170,True
50,44,90,90,True
50,45,110,110,True
50,46,130,130,True
50,47,110,110,True
50,48,40,40,True
50,49,130,130,True
50,50,110,110,True
50,51,150,150,True
50,52,80,80,True
50,53,70,70,True
50,54,70,70,True
50,55,90,90,True
50,56,20,20,True
50,57,90,90,True
50,58,130,130,True
50,59,150,150,True
50,60,90,90,True
50,61,110,110,True
50,62,100,100,True
50,63,150,150,True
50,64,100,100,True
50,65,160,160,True
50,66,130,130,True
50,67,140,140,True
50,68,110,110,True
50,69,130,130,True
50,70,130,130,True
50,71,80,80,True
50,72,100,100,True
50,73,90,90,True
50,74,140,140,True
50,75,190,190,True
50,76,50,50,True
50,77,60,60,True
50,78,130,130,True
50,79,130,130,True
50,80,110,110,True
50,81,110,110,True
50,82,100,100,True
50,83,120,120,True
50,84,140,140,True
50,85,120,120,True
50,86,110,110,True
50,87,120,120,True
50,88,130,130,True
50,89,140,140,True
50,90,120,120,True
50,91,110,110,True
50,92,80,80,True
50,93,160,160,True
51,0,110,110,True
51,1,130,130,True
51,2,70,70,True
51,3,70,70,True
51,4,90,90,True
51,5,90,90,True
51,6,170,170,True
51,7,150,150,True
51,8,150,150,True
51,9,70,70,True
51,10,120,120,True
51,11,100,100,True
51,12,70,70,True
51,13,80,80,True
51,14,100,100,True
51,15,100,100,True
51,16,100,100,True
51,17,120,120,True
51,18,130,130,True
51,19,170,170,True
51,20,50,50,True
51,21,70,70,True
51,22,120,120,True
51,23,80,80,True
51,24,120,120,True
51,25,100,100,True
51,26,130,130,True
51,27,140,140,True
51,28,100,100,True
51,29,120,120,True
51,30,120,120,True
51,31,130,130,True
51,32,130,130,True
51,33,210,210,True
51,34,100,100,True
51,35,130,130,True
51,36,120,120,True
51,37,170,170,True
51,38,80,80,True
51,39,120,120,True
51,40,80,80,True
51,41,100,100,True
51,42,130,130,True
51,43,170,170,True
51,44,90,90,True
51,45,110,110,True
51,46,130,130,True
51,47,110,110,True
51,48,40,40,True
51,49,130,130,True
51,50,110,110,True
51,51,150,150,True
51,52,80,80,True
51,53,70,70,True
51,54,70,70,True
51,55,90,90,True
51,56,20,20,True
51,57,90,90,True
51,58,130,130,True
51,59,150,150,True
51,60,90,90,True
51,61,110,110,True
51,62,100,100,True
51,63,150,150,True
51,64,100,100,True
51,65,160,160,True
51,66,130,130,True
51,67,140,140,True
51,68,110,110,True
51,69,130,130,True
51,70,130,130,True
51,71,80,80,True
51,72,100,100,True
51,73,90,90,True
51,74,140,140,True
51,75,190,190,True
51,76,50,50,True
51,77,60,60,True
51,78,130,130,True
51,79,130,130,True
51,80,110,110,True
51,81,110,110,True
51,82,100,100,True
51,83,120,120,True
51,84,140,140,True
51,85,120,120,True
51,86,110,110,True
51,87,120,120,True
51,88,130,130,True
51,89,140,140,True
51,90,120,120,True
51,91,110,110,True
51,92,80,80,True
51,93,160,160,True
52,0,110,110,True
52,1,130,130,True
52,2,70,70,True
52,3,70,70,True
52,4,90,90,True
52,5,90,90,True
52,6,170,170,True
52,7,150,150,True
52,8,150,150,True
52,9,70,70,True
52,10,120,120,True
52,11,100,100,True
52,12,70,70,True
52,13,80,80,True
52,14,100,100,True
52,15,100,100,True
52,16,100,100,True
52,17,120,120,True
52,18,130,130,True
52,19,170,170,True
52,20,50,50,True
52,21,70,70,True
52,22,120,120,True
52,23,80,80,True
52,24,120,120,True
52,25,100,100,True
52,26,130,130,True
52,27,140,140,True
52,28,100,100,True
52,29,120,120,True
52,30,120,120,True
52,31,130,130,True
52,32,130,130,True
52,33,210,210,True
52,34,100,100,True
52,35,130,130,True
52,36,120,120,True
52,37,170,170,True
52,38,80,80,True
52,39,120,120,True
52,40,80,80,True
52,41,100,100,True
52,42,130,130,True
52,43,170,170,True
52,44,90,90,True
52,45,110,110,True
52,46,130,130,True
52,47,110,110,True
52,48,40,40,True
52,49,130,130,True
52,50,110,110,True
52,51,150,150,True
52,52,80,80,True
52,53,70,70,True
52,54,70,70,True
52,55,90,90,True
52,56,20,20,True
52,57,90,90,True
52,58,130,130,True
52,59,150,150,True
52,60,90,90,True
52,61,110,110,True
52,62,100,100,True
52,63,150,150,True
52,64,100,100,True
52,65,160,160,True
52,66,130,130,True
52,67,140,140,True
52,68,110,110,True
52,69,130,130,True
52,70,130,130,True
52,71,80,80,True
52,72,100,100,True
52,73,90,90,True
52,74,140,140,True
52,75,190,190,True
52,76,50,50,True
52,77,60,60,True
52,78,130,130,True
52,79,130,130,True
52,80,110,110,True
52,81,110,110,True
52,82,100,100,True
52,83,120,120,True
52,84,140,140,True
52,85,120,120,False
52,86,110,110,True
52,87,120,120,True
52,88,130,130,True
52,89,140,140,True
52,90,120,120,True
52,91,110,110,True
52,92,80,80,True
52,93,160,160,True
53,0,110,110,True
53,1,130,130,True
53,2,70,70,True
53,3,70,70,True
53,4,90,90,True
53,5,90,90,True
53,6,170,170,True
53,7,150,150,True
53,8,150,150,True
53,9,70,70,True
53,10,120,120,True
53,11,100,100,True
53,12,70,70,True
53,13,80,80,True
53,14,100,100,True
53,15,100,100,True
53,16,100,100,True
53,17,120,120,True
53,18,130,130,True
53,19,170,170,True
53,20,50,50,True
53,21,70,70,True
53,22,120,120,True
53,23,80,80,True
53,24,120,120,True
53,25,100,100,True
53,26,130,130,True
53,27,140,140,True
53,28,100,100,True
53,29,120,120,True
53,30,120,120,True
53,31,130,130,True
53,32,130,130,True
53,33,210,210,True
53,34,100,100,True
53,35,130,130,True
53,36,120,120,True
53,37,170,170,True
53,38,80,80,True
53,39,120,120,True
53,40,80,80,True
53,41,100,100,True
53,42,130,130,True
53,43,170,170,True
53,44,90,90,True
53,45,110,110,True
53,46,130,130,True
53,47,110,110,True
53,48,40,40,True
53,49,130,130,True
53,50,110,110,True
53,51,150,150,True
53,52,80,80,True
53,53,70,70,True
53,54,70,70,True
53,55,90,90,True
53,56,20,20,True
53,57,90,90,True
53,58,130,130,True
53,59,150,150,True
53,60,90,90,True
53,61,110,110,True
53,62,100,100,True
53,63,150,150,True
53,64,100,100,True
53,65,160,160,True
53,66,130,130,True
53,67,140,140,True
53,68,110,110,True
53,69,130,130,True
53,70,130,130,True
53,71,80,80,True
53,72,100,100,True
53,73,90,90,True
53,74,140,140,True
53,75,190,190,True
53,76,50,50,True
53,77,60,60,True
53,78,130,130,True
53,79,130,130,True
53,80,110,110,True
53,81,110,110,True
53,82,100,100,True
53,83,120,120,True
53,84,140,140,True
53,85,120,120,True
53,86,110,110,True
53,87,120,120,True
53,88,130,130,True
53,89,140,140,True
53,90,120,120,True
53,91,110,110,True
53,92,80,80,True
53,93,160,160,True
54,0,110,110,True
54,1,130,130,True
54,2,70,70,True
54,3,70,70,True
54,4,90,90,True
54,5,90,90,True
54,6,170,170,True
54,7,150,150,True
54,8,150,150,True
54,9,70,70,True
54,10,120,120,True
54,11,100,100,True
54,12,70,70,True
54,13,80,80,True
54,14,100,100,True
54,15,100,100,True
54,16,100,100,True
54,17,120,120,True
54,18,130,130,True
54,19,170,170,True
54,20,50,50,True
54,21,70,70,True
54,22,120,120,True
54,23,80,80,True
54,24,120,120,True
54,25,100,100,True
54,26,130,130,True
54,27,140,140,True
54,28,100,100,True
54,29,120,120,True
54,30,120,120,True
54,31,130,130,True
54,32,130,130,True
54,33,210,210,True
54,34,100,100,True
54,35,130,130,True
54,36,120,120,True
54,37,170,170,True
54,38,80,80,True
54,39,120,120,True
54,40,80,80,True
54,41,100,100,True
54,42,130,130,True
54,43,170,170,True
54,44,90,90,True
54,45,110,110,True
54,46,130,130,True
54,47,110,110,True
54,48,40,40,True
54,49,130,130,True
54,50,110,110,True
54,51,150,150,True
54,52,80,80,True
54,53,70,70,True
54,54,70,70,True
54,55,90,90,True
54,56,20,20,False
54,57,90,90,True
54,58,130,130,True
54,59,150,150,True
54,60,90,90,True
54,61,110,110,True
54,62,100,100,True
54,63,150,150,True
54,64,100,100,True
54,65,160,160,True
54,66,130,130,True
54,67,140,140,True
54,68,110,110,True
54,69,130,130,True
54,70,130,130,True
54,71,80,80,True
54,72,100,100,True
54,73,90,90,True
54,74,140,140,True
54,75,190,190,True
54,76,50,50,True
54,77,60,60,True
54,78,130,130,True
54,79,130,130,True
54,80,110,110,True
54,81,110,110,True
54,82,100,100,True
54,83,120,120,True
54,84,140,140,True
54,85,120,120,True
54,86,110,110,True
54,87,120,120,True
54,88,130,130,True
54,89,140,140,True
54,90,120,120,True
54,91,110,110,True
54,92,80,80,True
54,93,160,160,True
55,0,110,110,True
55,1,130,130,True
55,2,70,70,True
55,3,70,70,True
55,4,90,90,True
55,5,90,90,True
55,6,170,170,True
55,7,150,150,True
55,8,150,150,True
55,9,70,70,True
55,10,120,120,True
55,11,100,100,True
55,12,70,70,True
55,13,80,80,True
55,14,100,100,True
55,15,100,100,True
55,16,100,100,True
55,17,120,120,True
55,18,130,130,True
55,19,170,170,True
55,20,50,50,True
55,21,70,70,True
55,22,120,120,True
55,23,80,80,True
55,24,120,120,True
55,25,100,100,True
55,26,130,130,True
55,27,140,140,True
55,28,100,100,True
55,29,120,120,True
55,30,120,120,True
55,31,130,130,True
55,32,130,130,True
55,33,210,210,True
55,34,100,100,True
55,35,130,130,True
55,36,120,120,True
55,37,170,170,True
55,38,80,80,True
55,39,120,120,True
55,40,80,80,True
55,41,100,100,True
55,42,130,130,True
55,43,170,170,True
55,44,90,90,True
55,45,110,110,True
55,46,130,130,True
55,47,110,110,True
55,48,40,40,True
55,49,130,130,True
55,50,110,110,True
55,51,150,150,True
55,52,80,80,True
55,53,70,70,True
55,54,70,70,True
55,55,90,90,True
55,56,20,20,True
55,57,90,90,True
55,58,130,130,True
55,59,150,150,True
55,60,90,90,True
55,61,110,110,True
55,62,100,100,True
55,63,150,150,True
55,64,100,100,True
55,65,160,160,True
55,66,130,130,True
55,67,140,140,True
55,68,110,110,True
55,69,130,130,True
55,70,130,130,True
55,71,80,80,True
55,72,100,100,True
55,73,90,90,True
55,74,140,140,True
55,75,190,190,True
55,76,50,50,True
55,77,60,60,True
55,78,130,130,True
55,79,130,130,True
55,80,110,110,True
55,81,110,110,True
55,82,100,100,True
55,83,120,120,True
55,84,140,140,True
55,85,120,120,True
55,86,110,110,True
55,87,120,120,True
55,88,130,130,True
55,89,140,140,True
55,90,120,120,True
55,91,110,110,True
55,92,80,80,True
55,93,160,160,True
56,0,110,110,True
56,1,130,130,True
56,2,70,70,True
56,3,70,70,True
56,4,90,90,True
56,5,90,90,True
56,6,170,170,True
56,7,150,150,True
56,8,150,150,True
56,9,70,70,True
56,10,120,120,True
56,11,100,100,True
56,12,70,70,True
56,13,80,80,True
56,14,100,100,True
56,15,100,100,True
56,16,100,100,True
56,17,120,120,True
56,18,130,130,True
56,19,170,170,True
56,20,50,50,True
56,21,70,70,True
56,22,120,120,True
56,23,80,80,True
56,24,120,120,True
56,25,100,100,True
56,26,130,130,True
56,27,140,140,True
56,28,100,100,True
56,29,120,120,True
56,30,120,120,True
56,31,130,130,True
56,32,130,130,True
56,33,210,210,True
56,34,100,100,True
56,35,130,130,True
56,36,120,120,True
56,37,170,170,True
56,38,80,80,True
56,39,120,120,True
56,40,80,80,True
56,41,100,100,True
56,42,130,130,True
56,43,170,170,True
56,44,90,90,True
56,45,110,110,True
56,46,130,130,True
56,47,110,110,True
56,48,40,40,True
56,49,130,130,True
56,50,110,110,True
56,51,150,150,True
56,52,80,80,True
56,53,70,70,True
56,54,70,70,True
56,55,90,90,True
56,56,20,20,True
56,57,90,90,True
56,58,130,130,True
56,59,150,150,True
56,60,90,90,True
56,61,110,110,True
56,62,100,100,True
56,63,150,150,True
56,64,100,100,True
56,65,160,160,True
56,66,130,130,True
56,67,140,140,True
56,68,110,110,True
56,69,130,130,True
56,70,130,130,True
56,71,80,80,True
56,72,100,100,True
56,73,90,90,True
56,74,140,140,True
56,75,190,190,True
56,76,50,50,True
56,77,60,60,True
56,78,130,130,True
56,79,130,130,True
56,80,110,110,True
56,81,110,110,True
56,82,100,100,True
56,83,120,120,True
56,84,140,140,True
56,85,120,120,True
56,86,110,110,True
56,87,120,120,True
56,88,130,130,True
56,89,140,140,True
56,90,120,120,True
56,91,110,110,True
56,92,80,80,True
56,93,160,160,True
57,0,110,110,True
57,1,130,130,True
57,2,70,70,True
57,3,70,70,True
57,4,90,90,True
57,5,90,90,True
57,6,170,170,True
57,7,150,150,True
57,8,150,150,True
57,9,70,70,True
57,10,120,120,True
57,11,100,100,True
57,12,70,70,True
57,13,80,80,True
57,14,100,100,True
57,15,100,100,True
57,16,100,100,True
57,17,120,120,True
57,18,130,130,True
57,19,170,170,True
57,20,50,50,True
57,21,70,70,True
57,22,120,120,True
57,23,80,80,True
57,24,120,120,True
57,25,100,100,True
57,26,130,130,True
57,27,140,140,True
57,28,100,100,True
57,29,120,120,True
57,30,120,120,True
57,31,130,130,True
57,32,130,130,True
57,33,210,210,True
57,34,100,100,True
57,35,130,130,True
57,36,120,120,True
57,37,170,170,True
57,38,80,80,True
57,39,120,120,True
57,40,80,80,True
57,41,100,100,True
57,42,130,130,True
57,43,170,170,True
57,44,90,90,True
57,45,110,110,True
57,46,130,130,True
57,47,110,110,True
57,48,40,40,True
57,49,130,130,True
57,50,110,110,True
57,51,150,150,True
57,52,80,80,True
57,53,70,70,True
57,54,70,70,True
57,55,90,90,True
57,56,20,20,True
57,57,90,90,True
57,58,130,130,True
57,59,150,150,True
57,60,90,90,True
57,61,110,110,True
57,62,100,100,True
57,63,150,150,True
57,64,100,100,True
57,65,160,160,True
57,66,130,130,True
57,67,140,140,True
57,68,110,110,True
57,69,130,130,True
57,70,130,130,True
57,71,80,80,True
57,72,100,100,True
57,73,90,90,True
57,74,140,140,True
57,75,190,190,True
57,76,50,50,True
57,77,60,60,True
57,78,130,130,True
57,79,130,130,True
57,80,110,110,True
57,81,110,110,True
57,82,100,100,True
57,83,120,120,True
57,84,140,140,True
57,85,120,120,True
57,86,110,110,True
57,87,120,120,True
57,88,130,130,True
57,89,140,140,True
57,90,120,120,True
57,91,110,110,True
57,92,80,80,True
57,93,160,160,True
58,0,110,110,True
58,1,130,130,True
58,2,70,70,True
58,3,70,70,True
58,4,90,90,True
58,5,90,90,True
58,6,170,170,True
58,7,150,150,True
58,8,150,150,True
58,9,70,70,True
58,10,120,120,True
58,11,100,100,True
58,12,70,70,True
58,13,80,80,True
58,14,100,100,True
58,15,100,100,True
58,16,100,100,True
58,17,120,120,True
58,18,130,130,True
58,19,170,170,True
58,20,50,50,True
58,21,70,70,True
58,22,120,120,True
58,23,80,80,True
58,24,120,120,True
58,25,100,100,True
58,26,130,130,True
58,27,140,140,True
58,28,100,100,True
58,29,120,120,True
58,30,120,120,True
58,31,130,130,True
58,32,130,130,True
58,33,210,210,True
58,34,100,100,True
58,35,130,130,True
58,36,120,120,True
58,37,170,170,True
58,38,80,80,True
58,39,120,120,True
58,40,80,80,True
58,41,100,100,True
58,42,130,130,True
58,43,170,170,True
58,44,90,90,True
58,45,110,110,True
58,46,130,130,True
58,47,110,110,True
58,48,40,40,True
58,49,130,130,True
58,50,110,110,True
58,51,150,150,True
58,52,80,80,True
58,53,70,70,True
58,54,70,70,True
58,55,90,90,True
58,56,20,20,False
58,57,90,90,True
58,58,130,130,True
58,59,150,150,True
58,60,90,90,True
58,61,110,110,True
58,62,100,100,True
58,63,150,150,True
58,64,100,100,True
58,65,160,160,True
58,66,130,130,True
58,67,140,140,True
58,68,110,110,True
58,69,130,130,True
58,70,130,130,True
58,71,80,80,True
58,72,100,100,True
58,73,90,90,True
58,74,140,140,True
58,75,190,190,True
58,76,50,50,True
58,77,60,60,True
58,78,130,130,True
58,79,130,130,True
58,80,110,110,True
58,81,110,110,True
58,82,100,100,True
58,83,120,120,True
58,84,140,140,True
58,85,120,120,True
58,86,110,110,True
58,87,120,120,True
58,88,130,130,True
58,89,140,140,True
58,90,120,120,True
58,91,110,110,True
58,92,80,80,True
58,93,160,160,True
59,0,110,110,True
59,1,130,130,True
59,2,70,70,True
59,3,70,70,True
59,4,90,90,True
59,5,90,90,True
59,6,170,170,True
59,7,150,150,True
59,8,150,150,True
59,9,70,70,True
59,10,120,120,True
59,11,100,100,True
59,12,70,70,True
59,13,80,80,True
59,14,100,100,True
59,15,100,100,True
59,16,100,100,True
59,17,120,120,True
59,18,130,130,True
59,19,170,170,True
59,20,50,50,True
59,21,70,70,True
59,22,120,120,True
59,23,80,80,True
59,24,120,120,True
59,25,100,100,True
59,26,130,130,True
59,27,140,140,True
59,28,100,100,True
59,29,120,120,True
59,30,120,120,True
59,31,130,130,True
59,32,130,130,True
59,33,210,210,True
59,34,100,100,True
59,35,130,130,True
59,36,120,120,True
59,37,170,170,True
59,38,80,80,True
59,39,120,120,True
59,40,80,80,True
59,41,100,100,True
59,42,130,130,True
59,43,170,170,True
59,44,90,90,True
59,45,110,110,True
59,46,130,130,True
59,47,110,110,True
59,48,40,40,True
59,49,130,130,True
59,50,110,110,True
59,51,150,150,True
59,52,80,80,True
59,53,70,70,True
59,54,70,70,True
59,55,90,90,True
59,56,20,20,False
59,57,90,90,True
59,58,130,130,True
59,59,150,150,True
59,60,90,90,True
59,61,110,110,True
59,62,100,100,True
59,63,150,150,True
59,64,100,100,True
59,65,160,160,True
59,66,130,130,True
59,67,140,140,True
59,68,110,110,True
59,69,130,130,True
59,70,130,130,True
59,71,80,80,True
59,72,100,100,True
59,73,90,90,True
59,74,140,140,True
59,75,190,190,True
59,76,50,50,True
59,77,60,60,True
59,78,130,130,True
59,79,130,130,True
59,80,110,110,True
59,81,110,110,True
59,82,100,100,True
59,83,120,120,True
59,84,140,140,True
59,85,120,120,True
59,86,110,110,True
59,87,120,120,True
59,88,130,130,True
59,89,140,140,True
59,90,120,120,True
59,91,110,110,True
59,92,80,80,True
59,93,160,160,True
60,0,110,110,True
60,1,130,130,True
60,2,70,70,True
60,3,70,70,True
60,4,90,90,True
60,5,90,90,True
60,6,170,170,True
60,7,150,150,True
60,8,150,150,True
60,9,70,70,True
60,10,120,120,True
60,11,100,100,True
60,12,70,70,True
60,13,80,80,True
60,14,100,100,True
60,15,100,100,True
60,16,100,100,True
60,17,120,120,True
60,18,130,130,True
60,19,170,170,True
60,20,50,50,True
60,21,70,70,True
60,22,120,120,True
60,23,80,80,True
60,24,120,120,True
60,25,100,100,True
60,26,130,130,True
60,27,140,140,True
60,28,100,100,True
60,29,120,120,True
60,30,120,120,True
60,31,130,130,True
60,32,130,130,True
60,33,210,210,True
60,34,100,100,True
60,35,130,130,True
60,36,120,120,True
60,37,170,170,True
60,38,80,80,True
60,39,120,120,True
60,40,80,80,True
60,41,100,100,True
60,42,130,130,True
60,43,170,170,True
60,44,90,90,True
60,45,110,110,True
60,46,130,130,True
60,47,110,110,True
60,48,40,40,True
60,49,130,130,True
60,50,110,110,True
60,51,150,150,True
60,52,80,80,True
60,53,70,70,True
60,54,70,70,True
60,55,90,90,True
60,56,20,20,True
60,57,90,90,True
60,58,130,130,True
60,59,150,150,True
60,60,90,90,True
60,61,110,110,True
60,62,100,100,True
60,63,150,150,True
60,64,100,100,True
60,65,160,160,True
60,66,130,130,True
60,67,140,140,True
60,68,110,110,True
60,69,130,130,True
60,70,130,130,True
60,71,80,80,True
60,72,100,100,True
60,73,90,90,True
60,74,140,140,True
60,75,190,190,True
60,76,50,50,True
60,77,60,60,True
60,78,130,130,True
60,79,130,130,True
60,80,110,110,True
60,81,110,110,True
60,82,100,100,True
60,83,120,120,True
60,84,140,140,True
60,85,120,120,True
60,86,110,110,True
60,87,120,120,True
60,88,130,130,True
60,89,140,140,True
60,90,120,120,True
60,91,110,110,True
60,92,80,80,True
60,93,160,160,True
61,0,110,110,True
61,1,130,130,True
61,2,70,70,True
61,3,70,70,True
61,4,90,90,True
61,5,90,90,True
61,6,170,170,True
61,7,150,150,True
61,8,150,150,True
61,9,70,70,True
61,10,120,120,True
61,11,100,100,True
61,12,70,70,True
61,13,80,80,True
61,14,100,100,True
61,15,100,100,True
61,16,100,100,True
61,17,120,120,True
61,18,130,130,True
61,19,170,170,True
61,20,50,50,True
61,21,70,70,True
61,22,120,120,True
61,23,80,80,True
61,24,120,120,True
61,25,100,100,True
61,26,130,130,True
61,27,140,140,True
61,28,100,100,True
61,29,120,120,True
61,30,120,120,True
61,31,130,130,True
61,32,130,130,True
61,33,210,210,True
61,34,100,100,True
61,35,130,130,True
61,36,120,120,True
61,37,170,170,True
61,38,80,80,True
61,39,120,120,True
61,40,80,80,True
61,41,100,100,True
61,42,130,130,True
61,43,170,170,True
61,44,90,90,True
61,45,110,110,True
61,46,130,130,True
61,47,110,110,True
61,48,40,40,True
61,49,130,130,True
61,50,110,110,True
61,51,150,150,True
61,52,80,80,True
61,53,70,70,True
61,54,70,70,True
61,55,90,90,True
61,56,20,20,True
61,57,90,90,True
61,58,130,130,True
61,59,150,150,True
61,60,90,90,True
61,61,110,110,True
61,62,100,100,True
61,63,150,150,True
61,64,100,100,True
61,65,160,160,True
61,66,130,130,True
61,67,140,140,True
61,68,110,110,True
61,69,130,130,True
61,70,130,130,True
61,71,80,80,True
61,72,100,100,True
61,73,90,90,True
61,74,140,140,True
61,75,190,190,True
61,76,50,50,True
61,77,60,60,True
61,78,130,130,True
61,79,130,130,True
61,80,110,110,True
61,81,110,110,True
61,82,100,100,True
61,83,120,120,True
61,84,140,140,True
61,85,120,120,True
61,86,110,110,True
61,87,120,120,True
61,88,130,130,True
61,89,140,140,True
61,90,120,120,True
61,91,110,110,True
61,92,80,80,True
61,93,160,160,True
62,0,110,110,True
62,1,130,130,True
62,2,70,70,True
62,3,70,70,True
62,4,90,90,True
62,5,90,90,True
62,6,170,170,True
62,7,150,150,True
62,8,150,150,True
62,9,70,70,True
62,10,120,120,True
62,11,100,100,True
62,12,70,70,True
62,13,80,80,True
62,14,100,100,True
62,15,100,100,True
62,16,100,100,True
62,17,120,120,True
62,18,130,130,True
62,19,170,170,True
62,20,50,50,True
62,21,70,70,True
62,22,120,120,True
62,23,80,80,True
62,24,120,120,True
62,25,100,100,True
62,26,130,130,True
62,27,140,140,True
62,28,100,100,True
62,29,120,120,True
62,30,120,120,True
62,31,130,130,True
62,32,130,130,True
62,33,210,210,True
62,34,100,100,True
62,35,130,130,True
62,36,120,120,True
62,37,170,170,True
62,38,80,80,True
62,39,120,120,True
62,40,80,80,True
62,41,100,100,True
62,42,130,130,True
62,43,170,170,True
62,44,90,90,True
62,45,110,110,True
62,46,130,130,True
62,47,110,110,True
62,48,40,40,True
62,49,130,130,True
62,50,110,110,True
62,51,150,150,True
62,52,80,80,True
62,53,70,70,True
62,54,70,70,True
62,55,90,90,True
62,56,20,20,True
62,57,90,90,True
62,58,130,130,True
62,59,150,150,True
62,60,90,90,True
62,61,110,110,True
62,62,100,100,True
62,63,150,150,True
62,64,100,100,True
62,65,160,160,True
62,66,130,130,True
62,67,140,140,True
62,68,110,110,True
62,69,130,130,True
62,70,130,130,True
62,71,80,80,True
62,72,100,100,True
62,73,90,90,True
62,74,140,140,True
62,75,190,190,True
62,76,50,50,True
62,77,60,60,True
62,78,130,130,True
62,79,130,130,True
62,80,110,110,True
62,81,110,110,True
62,82,100,100,True
62,83,120,120,True
62,84,140,140,True
62,85,120,120,True
62,86,110,110,True
62,87,120,120,True
62,88,130,130,True
62,89,140,140,True
62,90,120,120,True
62,91,110,110,True
62,92,80,80,True
62,93,160,160,True
63,0,110,110,True
63,1,130,130,True
63,2,70,70,True
63,3,70,70,True
63,4,90,90,True
63,5,90,90,True
63,6,170,170,True
63,7,150,150,True
63,8,150,150,True
63,9,70,70,True
63,10,120,120,True
63,11,100,100,True
63,12,70,70,True
63,13,80,80,True
63,14,100,100,True
63,15,100,100,True
63,16,100,100,True
63,17,120,120,True
63,18,130,130,True
63,19,170,170,True
63,20,50,50,True
63,21,70,70,True
63,22,120,120,True
63,23,80,80,True
63,24,120,120,True
63,25,100,100,True
63,26,130,130,True
63,27,140,140,True
63,28,100,100,True
63,29,120,120,True
63,30,120,120,True
63,31,130,130,True
63,32,130,130,True
63,33,210,210,True
63,34,100,100,True
63,35,130,130,True
63,36,120,120,True
63,37,170,170,True
63,38,80,80,True
63,39,120,120,True
63,40,80,80,True
63,41,100,100,True
63,42,130,130,True
63,43,170,170,True
63,44,90,90,True
63,45,110,110,True
63,46,130,130,True
63,47,110,110,True
63,48,40,40,True
63,49,130,130,True
63,50,110,110,True
63,51,150,150,True
63,52,80,80,True
63,53,70,70,True
63,54,70,70,True
63,55,90,90,True
63,56,20,20,False
63,57,90,90,True
63,58,130,130,True
63,59,150,150,True
63,60,90,90,True
63,61,110,110,True
63,62,100,100,True
63,63,150,150,True
63,64,100,100,True
63,65,160,160,True
63,66,130,130,True
63,67,140,140,True
63,68,110,110,True
63,69,130,130,True
63,70,130,130,True
63,71,80,80,True
63,72,100,100,True
63,73,90,90,True
63,74,140,140,True
63,75,190,190,True
63,76,50,50,True
63,77,60,60,True
63,78,130,130,True
63,79,130,130,True
63,80,110,110,True
63,81,110,110,True
63,82,100,100,True
63,83,120,120,True
63,84,140,140,True
63,85,120,120,True
63,86,110,110,True
63,87,120,120,True
63,88,130,130,True
63,89,140,140,True
63,90,120,120,True
63,91,110,110,True
63,92,80,80,True
63,93,160,160,True
64,0,110,110,True
64,1,130,130,True
64,2,70,70,True
64,3,70,70,True
64,4,90,90,True
64,5,90,90,True
64,6,170,170,True
64,7,150,150,True
64,8,150,150,True
64,9,70,70,True
64,10,120,120,True
64,11,100,100,True
64,12,70,70,True
64,13,80,80,True
64,14,100,100,True
64,15,100,100,True
64,16,100,100,True
64,17,120,120,True
64,18,130,130,True
64,19,170,170,True
64,20,50,50,True
64,21,70,70,True
64,22,120,120,True
64,23,80,80,True
64,24,120,120,True
64,25,100,100,True
64,26,130,130,True
64,27,140,140,True
64,28,100,100,True
64,29,120,120,True
64,30,120,120,True
64,31,130,130,True
64,32,130,130,True
64,33,210,210,True
64,34,100,100,True
64,35,130,130,True
64,36,120,120,True
64,37,170,170,True
64,38,80,80,True
64,39,120,120,True
64,40,80,80,True
64,41,100,100,True
64,42,130,130,True
64,43,170,170,True
64,44,90,90,True
64,45,110,110,True
64,46,130,130,True
64,47,110,110,True
64,48,40,40,True
64,49,130,130,True
64,50,110,110,True
64,51,150,150,True
64,52,80,80,True
64,53,70,70,True
64,54,70,70,True
64,55,90,90,True
64,56,20,20,True
64,57,90,90,True
64,58,130,130,True
64,59,150,150,True
64,60,90,90,True
64,61,110,110,True
64,62,100,100,True
64,63,150,150,True
64,64,100,100,True
64,65,160,160,True
64,66,130,130,True
64,67,140,140,True
64,68,110,110,True
64,69,130,130,True
64,70,130,130,True
64,71,80,80,True
64,72,100,100,True
64,73,90,90,True
64,74,140,140,True
64,75,190,190,True
64,76,50,50,True
64,77,60,60,True
64,78,130,130,True
64,79,130,130,True
64,80,110,110,True
64,81,110,110,True
64,82,100,100,True
64,83,120,120,True
64,84,140,140,True
64,85,120,120,True
64,86,110,110,True
64,87,120,120,True
64,88,130,130,True
64,89,140,140,True
64,90,120,120,True
64,91,110,110,True
64,92,80,80,True
64,93,160,160,True
65,0,110,110,True
65,1,130,130,True
65,2,70,70,True
65,3,70,70,True
65,4,90,90,True
65,5,90,90,True
65,6,170,170,True
65,7,150,150,True
65,8,150,150,True
65,9,70,70,True
65,10,120,120,True
65,11,100,100,True
65,12,70,70,True
65,13,80,80,True
65,14,100,100,True
65,15,100,100,True
65,16,100,100,True
65,17,120,120,True
65,18,130,130,True
65,19,170,170,True
65,20,50,50,True
65,21,70,70,True
65,22,120,120,True
65,23,80,80,True
65,24,120,120,True
65,25,100,100,True
65,26,130,130,True
65,27,140,140,True
65,28,100,100,True
65,29,120,120,True
65,30,120,120,True
65,31,130,130,True
65,32,130,130,True
65,33,210,210,True
65,34,100,100,True
65,35,130,130,True
65,36,120,120,True
65,37,170,170,True
65,38,80,80,True
65,39,120,120,True
65,40,80,80,True
65,41,100,100,True
65,42,130,130,True
65,43,170,170,True
65,44,90,90,True
65,45,110,110,True
65,46,130,130,True
65,47,110,110,True
65,48,40,40,True
65,49,130,130,True
65,50,110,110,True
65,51,150,150,True
65,52,80,80,True
65,53,70,70,True
65,54,70,70,True
65,55,90,90,True
65,56,20,20,True
65,57,90,90,True
65,58,130,130,True
65,59,150,150,True
65,60,90,90,True
65,61,110,110,True
65,62,100,100,True
65,63,150,150,True
65,64,100,100,True
65,65,160,160,True
65,66,130,130,True
65,67,140,140,True
65,68,110,110,True
65,69,130,130,True
65,70,130,130,True
65,71,80,80,True
65,72,100,100,True
65,73,90,90,True
65,74,140,140,True
65,75,190,190,True
65,76,50,50,True
65,77,60,60,True
65,78,130,130,True
65,79,130,130,True
65,80,110,110,True
65,81,110,110,True
65,82,100,100,True
65,83,120,120,True
65,84,140,140,True
65,85,120,120,True
65,86,110,110,True
65,87,120,120,True
65,88,130,130,True
65,89,140,140,True
65,90,120,120,True
65,91,110,110,True
65,92,80,80,True
65,93,160,160,True
66,0,110,110,True
66,1,130,130,True
66,2,70,70,True
66,3,70,70,True
66,4,90,90,True
66,5,90,90,True
66,6,170,170,True
66,7,150,150,True
66,8,150,150,True
66,9,70,70,True
66,10,120,120,True
66,11,100,100,True
66,12,70,70,True
66,13,80,80,True
66,14,100,100,True
66,15,100,100,True
66,16,100,100,True
66,17,120,120,True
66,18,130,130,True
66,19,170,170,True
66,20,50,50,True
66,21,70,70,True
66,22,120,120,True
66,23,80,80,True
66,24,120,120,True
66,25,100,100,True
66,26,130,130,True
66,27,140,140,True
66,28,100,100,True
66,29,120,120,True
66,30,120,120,True
66,31,130,130,True
66,32,130,130,True
66,33,210,210,True
66,34,100,100,True
66,35,130,130,True
66,36,120,120,True
66,37,170,170,True
66,38,80,80,True
66,39,120,120,True
66,40,80,80,True
66,41,100,100,True
66,42,130,130,True
66,43,170,170,True
66,44,90,90,True
66,45,110,110,True
66,46,130,130,True
66,47,110,110,True
66,48,40,40,True
66,49,130,130,True
66,50,110,110,True
66,51,150,150,True
66,52,80,80,True
66,53,70,70,True
66,54,70,70,True
66,55,90,90,True
66,56,20,20,True
66,57,90,90,True
66,58,130,130,True
66,59,150,150,True
66,60,90,90,True
66,61,110,110,True
66,62,100,100,True
66,63,150,150,True
66,64,100,100,True
66,65,160,160,True
66,66,130,130,True
66,67,140,140,True
66,68,110,110,True
66,69,130,130,True
66,70,130,130,True
66,71,80,80,True
66,72,100,100,True
66,73,90,90,True
66,74,140,140,True
66,75,190,190,True
66,76,50,50,True
66,77,60,60,True
66,78,130,130,True
66,79,130,130,True
66,80,110,110,True
66,81,110,110,True
66,82,100,100,True
66,83,120,120,True
66,84,140,140,True
66,85,120,120,True
66,86,110,110,True
66,87,120,120,True
66,88,130,130,True
66,89,140,140,True
66,90,120,120,True
66,91,110,110,True
66,92,80,80,True
66,93,160,160,True
67,0,110,110,True
67,1,130,130,True
67,2,70,70,True
67,3,70,70,True
67,4,90,90,True
67,5,90,90,True
67,6,170,170,True
67,7,150,150,True
67,8,150,150,True
67,9,70,70,True
67,10,120,120,True
67,11,100,100,True
67,12,70,70,True
67,13,80,80,True
67,14,100,100,True
67,15,100,100,True
67,16,100,100,True
67,17,120,120,True
67,18,130,130,True
67,19,170,170,True
67,20,50,50,True
67,21,70,70,True
67,22,120,120,True
67,23,80,80,True
67,24,120,120,True
67,25,100,100,True
67,26,130,130,True
67,27,140,140,True
67,28,100,100,True
67,29,120,120,True
67,30,120,120,True
67,31,130,130,True
67,32,130,130,True
67,33,210,210,True
67,34,100,100,True
67,35,130,130,True
67,36,120,120,True
67,37,170,170,True
67,38,80,80,True
67,39,120,120,True
67,40,80,80,True
67,41,100,100,True
67,42,130,130,True
67,43,170,170,True
67,44,90,90,True
67,45,110,110,True
67,46,130,130,True
67,47,110,110,True
67,48,40,40,True
67,49,130,130,True
67,50,110,110,True
67,51,150,150,True
67,52,80,80,True
67,53,70,70,True
67,54,70,70,False
67,55,90,90,True
67,56,20,20,True
67,57,90,90,True
67,58,130,130,True
67,59,150,150,True
67,60,90,90,True
67,61,110,110,True
67,62,100,100,True
67,63,150,150,True
67,64,100,100,True
67,65,160,160,True
67,66,130,130,True
67,67,140,140,True
67,68,110,110,True
67,69,130,130,True
67,70,130,130,True
67,71,80,80,True
67,72,100,100,True
67,73,90,90,True
67,74,140,140,True
67,75,190,190,True
67,76,50,50,True
67,77,60,60,True
67,78,130,130,True
67,79,130,130,True
67,80,110,110,True
67,81,110,110,True
67,82,100,100,True
67,83,120,120,True
67,84,140,140,True
67,85,120,120,True
67,86,110,110,True
67,87,120,120,True
67,88,130,130,True
67,89,140,140,True
67,90,120,120,True
67,91,110,110,True
67,92,80,80,True
67,93,160,160,True
68,0,110,110,True
68,1,130,130,True
68,2,70,70,True
68,3,70,70,True
68,4,90,90,True
68,5,90,90,True
68,6,170,170,True
68,7,150,150,True
68,8,150,150,True
68,9,70,70,True
68,10,120,120,True
68,11,100,100,True
68,12,70,70,True
68,13,80,80,True
68,14,100,100,True
68,15,100,100,True
68,16,100,100,True
68,17,120,120,True
68,18,130,130,True
68,19,170,170,True
68,20,50,50,True
68,21,70,70,True
68,22,120,120,True
68,23,80,80,True
68,24,120,120,True
68,25,100,100,True
68,26,130,130,True
68,27,140,140,True
68,28,100,100,True
68,29,120,120,True
68,30,120,120,True
68,31,130,130,True
68,32,130,130,True
68,33,210,210,True
68,34,100,100,True
68,35,130,130,True
68,36,120,120,True
68,37,170,170,True
68,38,80,80,True
68,39,120,120,True
68,40,80,80,True
68,41,100,100,True
68,42,130,130,True
68,43,170,170,True
68,44,90,90,True
68,45,110,110,True
68,46,130,130,True
68,47,110,110,True
68,48,40,40,True
68,49,130,130,True
68,50,110,110,True
68,51,150,150,True
68,52,80,80,True
68,53,70,70,True
68,54,70,70,True
68,55,90,90,True
68,56,20,20,False
68,57,90,90,True
68,58,130,130,True
68,59,150,150,True
68,60,90,90,True
68,61,110,110,True
68,62,100,100,True
68,63,150,150,True
68,64,100,100,True
68,65,160,160,True
68,66,130,130,True
68,67,140,140,True
68,68,110,110,True
68,69,130,130,True
68,70,130,130,True
68,71,80,80,True
68,72,100,100,True
68,73,90,90,True
68,74,140,140,True
68,75,190,190,True
68,76,50,50,True
68,77,60,60,True
68,78,130,130,True
68,79,130,130,True
68,80,110,110,True
68,81,110,110,True
68,82,100,100,True
68,83,120,120,True
68,84,140,140,True
68,85,120,120,True
68,86,110,110,True
68,87,120,120,True
68,88,130,130,True
68,89,140,140,True
68,90,120,120,True
68,91,110,110,True
68,92,80,80,True
68,93,160,160,True
69,0,110,110,True
69,1,130,130,True
69,2,70,70,True
69,3,70,70,False
69,4,90,90,True
69,5,90,90,True
69,6,170,170,True
69,7,150,150,True
69,8,150,150,True
69,9,70,70,True
69,10,120,120,True
69,11,100,100,True
69,12,70,70,True
69,13,80,80,True
69,14,100,100,True
69,15,100,100,True
69,16,100,100,True
69,17,120,120,True
69,18,130,130,True
69,19,170,170,True
69,20,50,50,True
69,21,70,70,True
69,22,120,120,True
69,23,80,80,True
69,24,120,120,True
69,25,100,100,True
69,26,130,130,True
69,27,140,140,True
69,28,100,100,True
69,29,120,120,True
69,30,120,120,True
69,31,130,130,True
69,32,130,130,True
69,33,210,210,True
69,34,100,100,True
69,35,130,130,True
69,36,120,120,True
69,37,170,170,True
69,38,80,80,True
69,39,120,120,True
69,40,80,80,True
69,41,100,100,True
69,42,130,130,True
69,43,170,170,True
69,44,90,90,True
69,45,110,110,True
69,46,130,130,True
69,47,110,110,True
69,48,40,40,True
69,49,130,130,True
69,50,110,110,True
69,51,150,150,True
69,52,80,80,True
69,53,70,70,True
69,54,70,70,True
69,55,90,90,True
69,56,20,20,True
69,57,90,90,True
69,58,130,130,True
69,59,150,150,True
69,60,90,90,True
69,61,110,110,True
69,62,100,100,True
69,63,150,150,True
69,64,100,100,True
69,65,160,160,True
69,66,130,130,True
69,67,140,140,True
69,68,110,110,True
69,69,130,130,True
69,70,130,130,True
69,71,80,80,True
69,72,100,100,True
69,73,90,90,True
69,74,140,140,True
69,75,190,190,True
69,76,50,50,True
69,77,60,60,True
69,78,130,130,True
69,79,130,130,True
69,80,110,110,True
69,81,110,110,True
69,82,100,100,True
69,83,120,120,True
69,84,140,140,True
69,85,120,120,True
69,86,110,110,True
69,87,120,120,True
69,88,130,130,True
69,89,140,140,True
69,90,120,120,True
69,91,110,110,True
69,92,80,80,True
69,93,160,160,True
70,0,110,110,True
70,1,130,130,True
70,2,70,70,True
70,3,70,70,True
70,4,90,90,True
70,5,90,90,True
70,6,170,170,True
70,7,150,150,True
70,8,150,150,True
70,9,70,70,True
70,10,120,120,True
70,11,100,100,True
70,12,70,70,True
70,13,80,80,True
70,14,100,100,True
70,15,100,100,True
70,16,100,100,True
70,17,120,120,True
70,18,130,130,True
70,19,170,170,True
70,20,50,50,True
70,21,70,70,True
70,22,120,120,True
70,23,80,80,True
70,24,120,120,True
70,25,100,100,True
70,26,130,130,True
70,27,140,140,True
70,28,100,100,True
70,29,120,120,True
70,30,120,120,True
70,31,130,130,True
70,32,130,130,True
70,33,210,210,True
70,34,100,100,True
70,35,130,130,True
70,36,120,120,True
70,37,170,170,True
70,38,80,80,True
70,39,120,120,True
70,40,80,80,True
70,41,100,100,True
70,42,130,130,True
70,43,170,170,True
70,44,90,90,True
70,45,110,110,True
70,46,130,130,True
70,47,110,110,True
70,48,40,40,True
70,49,130,130,True
70,50,110,110,True
70,51,150,150,True
70,52,80,80,True
70,53,70,70,True
70,54,70,70,True
70,55,90,90,True
70,56,20,20,True
70,57,90,90,True
70,58,130,130,True
70,59,150,150,True
70,60,90,90,True
70,61,110,110,True
70,62,100,100,True
70,63,150,150,True
70,64,100,100,True
70,65,160,160,True
70,66,130,130,True
70,67,140,140,True
70,68,110,110,True
70,69,130,130,True
70,70,130,130,True
70,71,80,80,True
70,72,100,100,True
70,73,90,90,True
70,74,140,140,True
70,75,190,190,True
70,76,50,50,True
70,77,60,60,True
70,78,130,130,True
70,79,130,130,True
70,80,110,110,True
70,81,110,110,True
70,82,100,100,True
70,83,120,120,True
70,84,140,140,True
70,85,120,120,True
70,86,110,110,True
70,87,120,120,True
70,88,130,130,True
70,89,140,140,True
70,90,120,120,True
70,91,110,110,True
70,92,80,80,True
70,93,160,160,True
71,0,110,110,True
71,1,130,130,True
71,2,70,70,True
71,3,70,70,True
71,4,90,90,True
71,5,90,90,True
71,6,170,170,True
71,7,150,150,True
71,8,150,150,True
71,9,70,70,True
71,10,120,120,True
71,11,100,100,True
71,12,70,70,True
71,13,80,80,True
71,14,100,100,True
71,15,100,100,True
71,16,100,100,True
71,17,120,120,True
71,18,130,130,True
71,19,170,170,True
71,20,50,50,True
71,21,70,70,True
71,22,120,120,True
71,23,80,80,True
71,24,120,120,True
71,25,100,100,True
71,26,130,130,True
71,27,140,140,True
71,28,100,100,True
71,29,120,120,True
71,30,120,120,True
71,31,130,130,True
71,32,130,130,True
71,33,210,210,True
71,34,100,100,True
71,35,130,130,True
71,36,120,120,True
71,37,170,170,True
71,38,80,80,True
71,39,120,120,True
71,40,80,80,True
71,41,100,100,True
71,42,130,130,True
71,43,170,170,True
71,44,90,90,True
71,45,110,110,True
71,46,130,130,True
71,47,110,110,True
71,48,40,40,True
71,49,130,130,True
71,50,110,110,True
71,51,150,150,True
71,52,80,80,True
71,53,70,70,True
71,54,70,70,True
71,55,90,90,True
71,56,20,20,True
71,57,90,90,True
71,58,130,130,True
71,59,150,150,True
71,60,90,90,True
71,61,110,110,True
71,62,100,100,True
71,63,150,150,True
71,64,100,100,True
71,65,160,160,True
71,66,130,130,True
71,67,140,140,True
71,68,110,110,True
71,69,130,130,True
71,70,130,130,True
71,71,80,80,True
71,72,100,100,True
71,73,90,90,True
71,74,140,140,True
71,75,190,190,True
71,76,50,50,True
71,77,60,60,True
71,78,130,130,True
71,79,130,130,True
71,80,110,110,True
71,81,110,110,True
71,82,100,100,True
71,83,120,120,True
71,84,140,140,True
71,85,120,120,True
71,86,110,110,True
71,87,120,120,True
71,88,130,130,True
71,89,140,140,True
71,90,120,120,True
71,91,110,110,True
71,92,80,80,True
71,93,160,160,True
72,0,110,110,True
72,1,130,130,True
72,2,70,70,True
72,3,70,70,False
72,4,90,90,True
72,5,90,90,True
72,6,170,170,True
72,7,150,150,True
72,8,150,150,True
72,9,70,70,True
72,10,120,120,True
72,11,100,100,True
72,12,70,70,True
72,13,80,80,True
72,14,100,100,True
72,15,100,100,True
72,16,100,100,True
72,17,120,120,True
72,18,130,130,True
72,19,170,170,True
72,20,50,50,True
72,21,70,70,True
72,22,120,120,True
72,23,80,80,True
72,24,120,120,True
72,25,100,100,True
72,26,130,130,True
72,27,140,140,True
72,28,100,100,True
72,29,120,120,True
72,30,120,120,True
72,31,130,130,True
72,32,130,130,True
72,33,210,210,True
72,34,100,100,True
72,35,130,130,True
72,36,120,120,True
72,37,170,170,True
72,38,80,80,True
72,39,120,120,True
72,40,80,80,True
72,41,100,100,True
72,42,130,130,True
72,43,170,170,True
72,44,90,90,True
72,45,110,110,True
72,46,130,130,True
72,47,110,110,True
72,48,40,40,True
72,49,130,130,True
72,50,110,110,True
72,51,150,150,True
72,52,80,80,True
72,53,70,70,True
72,54,70,70,True
72,55,90,90,True
72,56,20,20,True
72,57,90,90,True
72,58,130,130,True
72,59,150,150,True
72,60,90,90,True
72,61,110,110,True
72,62,100,100,True
72,63,150,150,True
72,64,100,100,True
72,65,160,160,True
72,66,130,130,True
72,67,140,140,True
72,68,110,110,True
72,69,130,130,True
72,70,130,130,True
72,71,80,80,True
72,72,100,100,True
72,73,90,90,True
72,74,140,140,True
72,75,190,190,True
72,76,50,50,True
72,77,60,60,True
72,78,130,130,True
72,79,130,130,True
72,80,110,110,True
72,81,110,110,True
72,82,100,100,True
72,83,120,120,True
72,84,140,140,True
72,85,120,120,True
72,86,110,110,True
72,87,120,120,True
72,88,130,130,True
72,89,140,140,True
72,90,120,120,True
72,91,110,110,True
72,92,80,80,True
72,93,160,160,True
73,0,110,110,True
73,1,130,130,True
73,2,70,70,True
73,3,70,70,True
73,4,90,90,True
73,5,90,90,True
73,6,170,170,True
73,7,150,150,True
73,8,150,150,True
73,9,70,70,True
73,10,120,120,True
73,11,100,100,True
73,12,70,70,True
73,13,80,80,True
73,14,100,100,True
73,15,100,100,True
73,16,100,100,True
73,17,120,120,True
73,18,130,130,True
73,19,170,170,True
73,20,50,50,True
73,21,70,70,True
73,22,120,120,True
73,23,80,80,True
73,24,120,120,True
73,25,100,100,True
73,26,130,130,True
73,27,140,140,True
73,28,100,100,True
73,29,120,120,True
73,30,120,120,True
73,31,130,130,True
73,32,130,130,True
73,33,210,210,True
73,34,100,100,True
73,35,130,130,True
73,36,120,120,True
73,37,170,170,True
73,38,80,80,True
73,39,120,120,True
73,40,80,80,True
73,41,100,100,True
73,42,130,130,True
73,43,170,170,True
73,44,90,90,True
73,45,110,110,True
73,46,130,130,True
73,47,110,110,True
73,48,40,40,True
73,49,130,130,True
73,50,110,110,True
73,51,150,150,True
73,52,80,80,True
73,53,70,70,True
73,54,70,70,True
73,55,90,90,True
73,56,20,20,True
73,57,90,90,True
73,58,130,130,True
73,59,150,150,True
73,60,90,90,True
73,61,110,110,True
73,62,100,100,True
73,63,150,150,True
73,64,100,100,True
73,65,160,160,True
73,66,130,130,True
73,67,140,140,True
73,68,110,110,True
73,69,130,130,True
73,70,130,130,True
73,71,80,80,True
73,72,100,100,True
73,73,90,90,True
73,74,140,140,True
73,75,190,190,True
73,76,50,50,True
73,77,60,60,True
73,78,130,130,True
73,79,130,130,True
73,80,110,110,True
73,81,110,110,True
73,82,100,100,True
73,83,120,120,True
73,84,140,140,True
73,85,120,120,True
73,86,110,110,True
73,87,120,120,True
73,88,130,130,True
73,89,140,140,True
73,90,120,120,True
73,91,110,110,True
73,92,80,80,True
73,93,160,160,True
74,0,110,110,True
74,1,130,130,True
74,2,70,70,True
74,3,70,70,True
74,4,90,90,True
74,5,90,90,True
74,6,170,170,True
74,7,150,150,True
74,8,150,150,True
74,9,70,70,True
74,10,120,120,True
74,11,100,100,True
74,12,70,70,True
74,13,80,80,True
74,14,100,100,True
74,15,100,100,True
74,16,100,100,True
74,17,120,120,True
74,18,130,130,True
74,19,170,170,True
74,20,50,50,True
74,21,70,70,True
74,22,120,120,True
74,23,80,80,True
74,24,120,120,True
74,25,100,100,True
74,26,130,130,True
74,27,140,140,True
74,28,100,100,True
74,29,120,120,True
74,30,120,120,True
74,31,130,130,True
74,32,130,130,True
74,33,210,210,True
74,34,100,100,True
74,35,130,130,True
74,36,120,120,True
74,37,170,170,True
74,38,80,80,True
74,39,120,120,True
74,40,80,80,True
74,41,100,100,True
74,42,130,130,True
74,43,170,170,True
74,44,90,90,True
74,45,110,110,True
74,46,130,130,True
74,47,110,110,True
74,48,40,40,True
74,49,130,130,True
74,50,110,110,True
74,51,150,150,True
74,52,80,80,True
74,53,70,70,True
74,54,70,70,True
74,55,90,90,True
74,56,20,20,True
74,57,90,90,True
74,58,130,130,True
74,59,150,150,True
74,60,90,90,True
74,61,110,110,True
74,62,100,100,True
74,63,150,150,True
74,64,100,100,True
74,65,160,160,True
74,66,130,130,True
74,67,140,140,True
74,68,110,110,True
74,69,130,130,True
74,70,130,130,True
74,71,80,80,True
74,72,100,100,True
74,73,90,90,True
74,74,140,140,True
74,75,190,190,True
74,76,50,50,True
74,77,60,60,True
74,78,130,130,True
74,79,130,130,True
74,80,110,110,True
74,81,110,110,True
74,82,100,100,True
74,83,120,120,True
74,84,140,140,True
74,85,120,120,True
74,86,110,110,True
74,87,120,120,True
74,88,130,130,True
74,89,140,140,True
74,90,120,120,True
74,91,110,110,True
74,92,80,80,True
74,93,160,160,True
75,0,110,110,True
75,1,130,130,True
75,2,70,70,True
75,3,70,70,True
75,4,90,90,True
75,5,90,90,True
75,6,170,170,True
75,7,150,150,True
75,8,150,150,True
75,9,70,70,True
75,10,120,120,True
75,11,100,100,True
75,12,70,70,True
75,13,80,80,True
75,14,100,100,True
75,15,100,100,True
75,16,100,100,True
75,17,120,120,True
75,18,130,130,True
75,19,170,170,True
75,20,50,50,True
75,21,70,70,True
75,22,120,120,True
75,23,80,80,True
75,24,120,120,True
75,25,100,100,True
75,26,130,130,True
75,27,140,140,True
75,28,100,100,True
75,29,120,120,True
75,30,120,120,True
75,31,130,130,True
75,32,130,130,True
75,33,210,210,True
75,34,100,100,True
75,35,130,130,True
75,36,120,120,True
75,37,170,170,True
75,38,80,80,True
75,39,120,120,True
75,40,80,80,True
75,41,100,100,True
75,42,130,130,True
75,43,170,170,True
75,44,90,90,True
75,45,110,110,True
75,46,130,130,True
75,47,110,110,True
75,48,40,40,True
75,49,130,130,True
75,50,110,110,True
75,51,150,150,True
75,52,80,80,True
75,53,70,70,True
75,54,70,70,True
75,55,90,90,True
75,56,20,20,True
75,57,90,90,True
75,58,130,130,True
75,59,150,150,True
75,60,90,90,True
75,61,110,110,True
75,62,100,100,True
75,63,150,150,True
75,64,100,100,True
75,65,160,160,True
75,66,130,130,True
75,67,140,140,True
75,68,110,110,True
75,69,130,130,True
75,70,130,130,True
75,71,80,80,True
75,72,100,100,True
75,73,90,90,True
75,74,140,140,True
75,75,190,190,True
75,76,50,50,True
75,77,60,60,True
75,78,130,130,True
75,79,130,130,True
75,80,110,110,True
75,81,110,110,True
75,82,100,100,True
75,83,120,120,True
75,84,140,140,True
75,85,120,120,True
75,86,110,110,True
75,87,120,120,True
75,88,130,130,True
75,89,140,140,True
75,90,120,120,True
75,91,110,110,True
75,92,80,80,True
75,93,160,160,True
76,0,110,110,True
76,1,130,130,True
76,2,70,70,True
76,3,70,70,True
76,4,90,90,True
76,5,90,90,True
76,6,170,170,True
76,7,150,150,True
76,8,150,150,True
76,9,70,70,True
76,10,120,120,True
76,11,100,100,True
76,12,70,70,True
76,13,80,80,True
76,14,100,100,True
76,15,100,100,True
76,16,100,100,True
76,17,120,120,True
76,18,130,130,True
76,19,170,170,True
76,20,50,50,True
76,21,70,70,True
76,22,120,120,True
76,23,80,80,True
76,24,120,120,True
76,25,100,100,True
76,26,130,130,True
76,27,140,140,True
76,28,100,100,True
76,29,120,120,True
76,30,120,120,True
76,31,130,130,True
76,32,130,130,True
76,33,210,210,True
76,34,100,100,True
76,35,130,130,True
76,36,120,120,True
76,37,170,170,True
76,38,80,80,True
76,39,120,120,True
76,40,80,80,True
76,41,100,100,True
76,42,130,130,True
76,43,170,170,True
76,44,90,90,True
76,45,110,110,True
76,46,130,130,True
76,47,110,110,True
76,48,40,40,True
76,49,130,130,True
76,50,110,110,True
76,51,150,150,True
76,52,80,80,True
76,53,70,70,True
76,54,70,70,True
76,55,90,90,True
76,56,20,20,True
76,57,90,90,True
76,58,130,130,True
76,59,150,150,True
76,60,90,90,True
76,61,110,110,True
76,62,100,100,True
76,63,150,150,True
76,64,100,100,True
76,65,160,160,True
76,66,130,130,True
76,67,140,140,True
76,68,110,110,True
76,69,130,130,True
76,70,130,130,True
76,71,80,80,True
76,72,100,100,True
76,73,90,90,True
76,74,140,140,True
76,75,190,190,True
76,76,50,50,True
76,77,60,60,True
76,78,130,130,True
76,79,130,130,True
76,80,110,110,True
76,81,110,110,True
76,82,100,100,True
76,83,120,120,True
76,84,140,140,True
76,85,120,120,True
76,86,110,110,True
76,87,120,120,True
76,88,130,130,True
76,89,140,140,True
76,90,120,120,True
76,91,110,110,True
76,92,80,80,True
76,93,160,160,True
77,0,110,110,True
77,1,130,130,True
77,2,70,70,True
77,3,70,70,True
77,4,90,90,True
77,5,90,90,True
77,6,170,170,True
77,7,150,150,True
77,8,150,150,True
77,9,70,70,True
77,10,120,120,True
77,11,100,100,True
77,12,70,70,True
77,13,80,80,True
77,14,100,100,True
77,15,100,100,True
77,16,100,100,True
77,17,120,120,True
77,18,130,130,True
77,19,170,170,True
77,20,50,50,True
77,21,70,70,True
77,22,120,120,True
77,23,80,80,True
77,24,120,120,True
77,25,100,100,True
77,26,130,130,True
77,27,140,140,True
77,28,100,100,True
77,29,120,120,True
77,30,120,120,True
77,31,130,130,True
77,32,130,130,True
77,33,210,210,True
77,34,100,100,True
77,35,130,130,True
77,36,120,120,True
77,37,170,170,True
77,38,80,80,True
77,39,120,120,True
77,40,80,80,True
77,41,100,100,True
77,42,130,130,True
77,43,170,170,True
77,44,90,90,True
77,45,110,110,True
77,46,130,130,True
77,47,110,110,True
77,48,40,40,True
77,49,130,130,True
77,50,110,110,True
77,51,150,150,True
77,52,80,80,True
77,53,70,70,True
77,54,70,70,True
77,55,90,90,True
77,56,20,20,True
77,57,90,90,True
77,58,130,130,True
77,59,150,150,True
77,60,90,90,True
77,61,110,110,True
77,62,100,100,True
77,63,150,150,True
77,64,100,100,True
77,65,160,160,True
77,66,130,130,True
77,67,140,140,True
77,68,110,110,True
77,69,130,130,True
77,70,130,130,True
77,71,80,80,True
77,72,100,100,True
77,73,90,90,True
77,74,140,140,True
77,75,190,190,True
77,76,50,50,True
77,77,60,60,True
77,78,130,130,True
77,79,130,130,True
77,80,110,110,True
77,81,110,110,True
77,82,100,100,True
77,83,120,120,True
77,84,140,140,True
77,85,120,120,True
77,86,110,110,True
77,87,120,120,True
77,88,130,130,True
77,89,140,140,True
77,90,120,120,True
77,91,110,110,True
77,92,80,80,True
77,93,160,160,True
78,0,110,110,True
78,1,130,130,True
78,2,70,70,True
78,3,70,70,True
78,4,90,90,True
78,5,90,90,True
78,6,170,170,True
78,7,150,150,True
78,8,150,150,True
78,9,70,70,True
78,10,120,120,True
78,11,100,100,True
78,12,70,70,True
78,13,80,80,True
78,14,100,100,True
78,15,100,100,True
78,16,100,100,True
78,17,120,120,True
78,18,130,130,True
78,19,170,170,True
78,20,50,50,True
78,21,70,70,True
78,22,120,120,True
78,23,80,80,True
78,24,120,120,True
78,25,100,100,True
78,26,130,130,True
78,27,140,140,True
78,28,100,100,True
78,29,120,120,True
78,30,120,120,True
78,31,130,130,True
78,32,130,130,True
78,33,210,210,True
78,34,100,100,True
78,35,130,130,True
78,36,120,120,True
78,37,170,170,True
78,38,80,80,True
78,39,120,120,True
78,40,80,80,True
78,41,100,100,True
78,42,130,130,True
78,43,170,170,True
78,44,90,90,True
78,45,110,110,True
78,46,130,130,True
78,47,110,110,True
78,48,40,40,True
78,49,130,130,True
78,50,110,110,True
78,51,150,150,True
78,52,80,80,True
78,53,70,70,True
78,54,70,70,True
78,55,90,90,True
78,56,20,20,True
78,57,90,90,True
78,58,130,130,True
78,59,150,150,True
78,60,90,90,True
78,61,110,110,True
78,62,100,100,True
78,63,150,150,True
78,64,100,100,True
78,65,160,160,True
78,66,130,130,True
78,67,140,140,True
78,68,110,110,True
78,69,130,130,True
78,70,130,130,True
78,71,80,80,True
78,72,100,100,True
78,73,90,90,True
78,74,140,140,True
78,75,190,190,True
78,76,50,50,True
78,77,60,60,True
78,78,130,130,True
78,79,130,130,True
78,80,110,110,True
78,81,110,110,True
78,82,100,100,True
78,83,120,120,True
78,84,140,140,True
78,85,120,120,True
78,86,110,110,True
78,87,120,120,True
78,88,130,130,True
78,89,140,140,True
78,90,120,120,True
78,91,110,110,True
78,92,80,80,True
78,93,160,160,True
79,0,110,110,True
79,1,130,130,True
79,2,70,70,True
79,3,70,70,True
79,4,90,90,True
79,5,90,90,True
79,6,170,170,True
79,7,150,150,True
79,8,150,150,True
79,9,70,70,True
79,10,120,120,True
79,11,100,100,True
79,12,70,70,True
79,13,80,80,True
79,14,100,100,True
79,15,100,100,True
79,16,100,100,True
79,17,120,120,True
79,18,130,130,True
79,19,170,170,True
79,20,50,50,True
79,21,70,70,True
79,22,120,120,True
79,23,80,80,True
79,24,120,120,True
79,25,100,100,True
79,26,130,130,True
79,27,140,140,True
79,28,100,100,True
79,29,120,120,True
79,30,120,120,True
79,31,130,130,True
79,32,130,130,True
79,33,210,210,True
79,34,100,100,True
79,35,130,130,True
79,36,120,120,True
79,37,170,170,True
79,38,80,80,True
79,39,120,120,True
79,40,80,80,True
79,41,100,100,True
79,42,130,130,True
79,43,170,170,True
79,44,90,90,True
79,45,110,110,True
79,46,130,130,True
79,47,110,110,True
79,48,40,40,True
79,49,130,130,True
79,50,110,110,True
79,51,150,150,True
79,52,80,80,True
79,53,70,70,True
79,54,70,70,True
79,55,90,90,True
79,56,20,20,True
79,57,90,90,True
79,58,130,130,True
79,59,150,150,True
79,60,90,90,True
79,61,110,110,True
79,62,100,100,True
79,63,150,150,True
79,64,100,100,True
79,65,160,160,True
79,66,130,130,True
79,67,140,140,True
79,68,110,110,True
79,69,130,130,True
79,70,130,130,True
79,71,80,80,True
79,72,100,100,True
79,73,90,90,True
79,74,140,140,True
79,75,190,190,True
79,76,50,50,True
79,77,60,60,True
79,78,130,130,True
79,79,130,130,True
79,80,110,110,True
79,81,110,110,True
79,82,100,100,True
79,83,120,120,True
79,84,140,140,True
79,85,120,120,True
79,86,110,110,True
79,87,120,120,True
79,88,130,130,True
79,89,140,140,True
79,90,120,120,True
79,91,110,110,True
79,92,80,80,True
79,93,160,160,True
80,0,110,110,True
80,1,130,130,True
80,2,70,70,True
80,3,70,70,True
80,4,90,90,True
80,5,90,90,True
80,6,170,170,True
80,7,150,150,True
80,8,150,150,True
80,9,70,70,True
80,10,120,120,True
80,11,100,100,True
80,12,70,70,True
80,13,80,80,True
80,14,100,100,True
80,15,100,100,True
80,16,100,100,True
80,17,120,120,True
80,18,130,130,True
80,19,170,170,True
80,20,50,50,True
80,21,70,70,True
80,22,120,120,True
80,23,80,80,True
80,24,120,120,True
80,25,100,100,True
80,26,130,130,True
80,27,140,140,True
80,28,100,100,True
80,29,120,120,True
80,30,120,120,True
80,31,130,130,True
80,32,130,130,True
80,33,210,210,True
80,34,100,100,True
80,35,130,130,True
80,36,120,120,True
80,37,170,170,True
80,38,80,80,True
80,39,120,120,True
80,40,80,80,True
80,41,100,100,True
80,42,130,130,True
80,43,170,170,True
80,44,90,90,True
80,45,110,110,True
80,46,130,130,True
80,47,110,110,True
80,48,40,40,True
80,49,130,130,True
80,50,110,110,True
80,51,150,150,True
80,52,80,80,True
80,53,70,70,True
80,54,70,70,True
80,55,90,90,True
80,56,20,20,False
80,57,90,90,True
80,58,130,130,True
80,59,150,150,True
80,60,90,90,True
80,61,110,110,True
80,62,100,100,True
80,63,150,150,True
80,64,100,100,True
80,65,160,160,True
80,66,130,130,True
80,67,140,140,True
80,68,110,110,True
80,69,130,130,True
80,70,130,130,True
80,71,80,80,True
80,72,100,100,True
80,73,90,90,True
80,74,140,140,True
80,75,190,190,True
80,76,50,50,True
80,77,60,60,True
80,78,130,130,True
80,79,130,130,True
80,80,110,110,True
80,81,110,110,True
80,82,100,100,True
80,83,120,120,True
80,84,140,140,True
80,85,120,120,True
80,86,110,110,True
80,87,120,120,True
80,88,130,130,True
80,89,140,140,True
80,90,120,120,True
80,91,110,110,True
80,92,80,80,True
80,93,160,160,True
81,0,110,110,True
81,1,130,130,True
81,2,70,70,True
81,3,70,70,True
81,4,90,90,True
81,5,90,90,True
81,6,170,170,True
81,7,150,150,True
81,8,150,150,True
81,9,70,70,True
81,10,120,120,True
81,11,100,100,True
81,12,70,70,True
81,13,80,80,True
81,14,100,100,True
81,15,100,100,True
81,16,100,100,True
81,17,120,120,True
81,18,130,130,True
81,19,170,170,True
81,20,50,50,True
81,21,70,70,True
81,22,120,120,True
81,23,80,80,True
81,24,120,120,True
81,25,100,100,True
81,26,130,130,True
81,27,140,140,True
81,28,100,100,True
81,29,120,120,True
81,30,120,120,True
81,31,130,130,True
81,32,130,130,True
81,33,210,210,True
81,34,100,100,True
81,35,130,130,True
81,36,120,120,True
81,37,170,170,True
81,38,80,80,True
81,39,120,120,True
81,40,80,80,True
81,41,100,100,True
81,42,130,130,True
81,43,170,170,True
81,44,90,90,True
81,45,110,110,True
81,46,130,130,True
81,47,110,110,True
81,48,40,40,True
81,49,130,130,True
81,50,110,110,True
81,51,150,150,True
81,52,80,80,True
81,53,70,70,True
81,54,70,70,True
81,55,90,90,True
81,56,20,20,False
81,57,90,90,True
81,58,130,130,True
81,59,150,150,True
81,60,90,90,True
81,61,110,110,True
81,62,100,100,True
81,63,150,150,True
81,64,100,100,True
81,65,160,160,True
81,66,130,130,True
81,67,140,140,True
81,68,110,110,True
81,69,130,130,True
81,70,130,130,True
81,71,80,80,True
81,72,100,100,True
81,73,90,90,True
81,74,140,140,True
81,75,190,190,True
81,76,50,50,True
81,77,60,60,True
81,78,130,130,True
81,79,130,130,True
81,80,110,110,True
81,81,110,110,True
81,82,100,100,True
81,83,120,120,True
81,84,140,140,True
81,85,120,120,True
81,86,110,110,True
81,87,120,120,True
81,88,130,130,True
81,89,140,140,True
81,90,120,120,True
81,91,110,110,True
81,92,80,80,True
81,93,160,160,True
82,0,110,110,True
82,1,130,130,True
82,2,70,70,True
82,3,70,70,True
82,4,90,90,True
82,5,90,90,True
82,6,170,170,True
82,7,150,150,True
82,8,150,150,True
82,9,70,70,True
82,10,120,120,True
82,11,100,100,True
82,12,70,70,True
82,13,80,80,True
82,14,100,100,True
82,15,100,100,True
82,16,100,100,True
82,17,120,120,True
82,18,130,130,True
82,19,170,170,True
82,20,50,50,True
82,21,70,70,True
82,22,120,120,True
82,23,80,80,True
82,24,120,120,True
82,25,100,100,True
82,26,130,130,True
82,27,140,140,True
82,28,100,100,True
82,29,120,120,True
82,30,120,120,True
82,31,130,130,True
82,32,130,130,True
82,33,210,210,True
82,34,100,100,True
82,35,130,130,True
82,36,120,120,True
82,37,170,170,True
82,38,80,80,True
82,39,120,120,True
82,40,80,80,True
82,41,100,100,True
82,42,130,130,True
82,43,170,170,True
82,44,90,90,True
82,45,110,110,True
82,46,130,130,True
82,47,110,110,True
82,48,40,40,True
82,49,130,130,True
82,50,110,110,True
82,51,150,150,True
82,52,80,80,True
82,53,70,70,True
82,54,70,70,True
82,55,90,90,True
82,56,20,20,True
82,57,90,90,True
82,58,130,130,True
82,59,150,150,True
82,60,90,90,True
82,61,110,110,True
82,62,100,100,True
82,63,150,150,True
82,64,100,100,True
82,65,160,160,True
82,66,130,130,True
82,67,140,140,True
82,68,110,110,True
82,69,130,130,True
82,70,130,130,True
82,71,80,80,True
82,72,100,100,True
82,73,90,90,True
82,74,140,140,True
82,75,190,190,True
82,76,50,50,True
82,77,60,60,True
82,78,130,130,True
82,79,130,130,True
82,80,110,110,True
82,81,110,110,True
82,82,100,100,True
82,83,120,120,True
82,84,140,140,True
82,85,120,120,True
82,86,110,110,True
82,87,120,120,True
82,88,130,130,True
82,89,140,140,True
82,90,120,120,True
82,91,110,110,True
82,92,80,80,True
82,93,160,160,True
83,0,110,110,True
83,1,130,130,True
83,2,70,70,True
83,3,70,70,True
83,4,90,90,True
83,5,90,90,True
83,6,170,170,True
83,7,150,150,True
83,8,150,150,True
83,9,70,70,True
83,10,120,120,True
83,11,100,100,True
83,12,70,70,True
83,13,80,80,True
83,14,100,100,True
83,15,100,100,True
83,16,100,100,True
83,17,120,120,True
83,18,130,130,True
83,19,170,170,True
83,20,50,50,True
83,21,70,70,True
83,22,120,120,True
83,23,80,80,True
83,24,120,120,True
83,25,100,100,True
83,26,130,130,True
83,27,140,140,True
83,28,100,100,True
83,29,120,120,True
83,30,120,120,True
83,31,130,130,True
83,32,130,130,True
83,33,210,210,True
83,34,100,100,True
83,35,130,130,True
83,36,120,120,True
83,37,170,170,True
83,38,80,80,True
83,39,120,120,True
83,40,80,80,True
83,41,100,100,True
83,42,130,130,True
83,43,170,170,True
83,44,90,90,True
83,45,110,110,True
83,46,130,130,True
83,47,110,110,True
83,48,40,40,True
83,49,130,130,True
83,50,110,110,True
83,51,150,150,True
83,52,80,80,True
83,53,70,70,True
83,54,70,70,True
83,55,90,90,True
83,56,20,20,True
83,57,90,90,True
83,58,130,130,True
83,59,150,150,True
83,60,90,90,True
83,61,110,110,True
83,62,100,100,True
83,63,150,150,True
83,64,100,100,True
83,65,160,160,True
83,66,130,130,True
83,67,140,140,True
83,68,110,110,True
83,69,130,130,True
83,70,130,130,True
83,71,80,80,True
83,72,100,100,True
83,73,90,90,True
83,74,140,140,True
83,75,190,190,True
83,76,50,50,True
83,77,60,60,True
83,78,130,130,True
83,79,130,130,True
83,80,110,110,True
83,81,110,110,True
83,82,100,100,True
83,83,120,120,True
83,84,140,140,True
83,85,120,120,True
83,86,110,110,True
83,87,120,120,True
83,88,130,130,True
83,89,140,140,True
83,90,120,120,True
83,91,110,110,True
83,92,80,80,True
83,93,160,160,True
84,0,110,110,True
84,1,130,130,True
84,2,70,70,True
84,3,70,70,True
84,4,90,90,True
84,5,90,90,True
84,6,170,170,True
84,7,150,150,True
84,8,150,150,True
84,9,70,70,True
84,10,120,120,True
84,11,100,100,True
84,12,70,70,True
84,13,80,80,True
84,14,100,100,True
84,15,100,100,True
84,16,100,100,True
84,17,120,120,True
84,18,130,130,True
84,19,170,170,True
84,20,50,50,True
84,21,70,70,True
84,22,120,120,True
84,23,80,80,True
84,24,120,120,True
84,25,100,100,True
84,26,130,130,True
84,27,140,140,True
84,28,100,100,True
84,29,120,120,True
84,30,120,120,True
84,31,130,130,True
84,32,130,130,True
84,33,210,210,True
84,34,100,100,True
84,35,130,130,True
84,36,120,120,True
84,37,170,170,True
84,38,80,80,True
84,39,120,120,True
84,40,80,80,True
84,41,100,100,True
84,42,130,130,True
84,43,170,170,True
84,44,90,90,True
84,45,110,110,True
84,46,130,130,True
84,47,110,110,True
84,48,40,40,True
84,49,130,130,True
84,50,110,110,True
84,51,150,150,True
84,52,80,80,True
84,53,70,70,True
84,54,70,70,True
84,55,90,90,True
84,56,20,20,True
84,57,90,90,True
84,58,130,130,True
84,59,150,150,True
84,60,90,90,True
84,61,110,110,True
84,62,100,100,True
84,63,150,150,True
84,64,100,100,True
84,65,160,160,True
84,66,130,130,True
84,67,140,140,True
84,68,110,110,True
84,69,130,130,True
84,70,130,130,True
84,71,80,80,True
84,72,100,100,True
84,73,90,90,True
84,74,140,140,True
84,75,190,190,True
84,76,50,50,True
84,77,60,60,True
84,78,130,130,True
84,79,130,130,True
84,80,110,110,True
84,81,110,110,True
84,82,100,100,True
84,83,120,120,True
84,84,140,140,True
84,85,120,120,True
84,86,110,110,True
84,87,120,120,True
84,88,130,130,True
84,89,140,140,True
84,90,120,120,True
84,91,110,110,True
84,92,80,80,True
84,93,160,160,True
85,0,110,110,True
85,1,130,130,True
85,2,70,70,True
85,3,70,70,True
85,4,90,90,True
85,5,90,90,True
85,6,170,170,True
85,7,150,150,True
85,8,150,150,True
85,9,70,70,True
85,10,120,120,True
85,11,100,100,True
85,12,70,70,True
85,13,80,80,True
85,14,100,100,True
85,15,100,100,True
85,16,100,100,True
85,17,120,120,True
85,18,130,130,True
85,19,170,170,True
85,20,50,50,True
85,21,70,70,True
85,22,120,120,True
85,23,80,80,True
85,24,120,120,True
85,25,100,100,True
85,26,130,130,True
85,27,140,140,True
85,28,100,100,True
85,29,120,120,True
85,30,120,120,True
85,31,130,130,True
85,32,130,130,True
85,33,210,210,True
85,34,100,100,True
85,35,130,130,True
85,36,120,120,True
85,37,170,170,True
85,38,80,80,True
85,39,120,120,True
85,40,80,80,True
85,41,100,100,True
85,42,130,130,True
85,43,170,170,True
85,44,90,90,True
85,45,110,110,True
85,46,130,130,True
85,47,110,110,True
85,48,40,40,True
85,49,130,130,True
85,50,110,110,True
85,51,150,150,True
85,52,80,80,True
85,53,70,70,True
85,54,70,70,True
85,55,90,90,True
85,56,20,20,True
85,57,90,90,True
85,58,130,130,True
85,59,150,150,True
85,60,90,90,True
85,61,110,110,True
85,62,100,100,True
85,63,150,150,True
85,64,100,100,True
85,65,160,160,True
85,66,130,130,True
85,67,140,140,True
85,68,110,110,True
85,69,130,130,True
85,70,130,130,True
85,71,80,80,True
85,72,100,100,True
85,73,90,90,True
85,74,140,140,True
85,75,190,190,True
85,76,50,50,True
85,77,60,60,True
85,78,130,130,True
85,79,130,130,True
85,80,110,110,True
85,81,110,110,True
85,82,100,100,True
85,83,120,120,True
85,84,140,140,True
85,85,120,120,True
85,86,110,110,True
85,87,120,120,True
85,88,130,130,True
85,89,140,140,True
85,90,120,120,True
85,91,110,110,True
85,92,80,80,True
85,93,160,160,True
86,0,110,110,True
86,1,130,130,True
86,2,70,70,True
86,3,70,70,True
86,4,90,90,True
86,5,90,90,True
86,6,170,170,True
86,7,150,150,True
86,8,150,150,True
86,9,70,70,True
86,10,120,120,True
86,11,100,100,True
86,12,70,70,True
86,13,80,80,True
86,14,100,100,True
86,15,100,100,True
86,16,100,100,True
86,17,120,120,True
86,18,130,130,True
86,19,170,170,True
86,20,50,50,True
86,21,70,70,True
86,22,120,120,True
86,23,80,80,True
86,24,120,120,True
86,25,100,100,True
86,26,130,130,True
86,27,140,140,True
86,28,100,100,True
86,29,120,120,True
86,30,120,120,True
86,31,130,130,True
86,32,130,130,True
86,33,210,210,True
86,34,100,100,True
86,35,130,130,True
86,36,120,120,True
86,37,170,170,True
86,38,80,80,True
86,39,120,120,True
86,40,80,80,True
86,41,100,100,True
86,42,130,130,True
86,43,170,170,True
86,44,90,90,True
86,45,110,110,True
86,46,130,130,True
86,47,110,110,True
86,48,40,40,True
86,49,130,130,True
86,50,110,110,True
86,51,150,150,True
86,52,80,80,True
86,53,70,70,True
86,54,70,70,True
86,55,90,90,True
86,56,20,20,False
86,57,90,90,True
86,58,130,130,True
86,59,150,150,True
86,60,90,90,True
86,61,110,110,True
86,62,100,100,True
86,63,150,150,True
86,64,100,100,True
86,65,160,160,True
86,66,130,130,True
86,67,140,140,True
86,68,110,110,True
86,69,130,130,True
86,70,130,130,True
86,71,80,80,True
86,72,100,100,True
86,73,90,90,True
86,74,140,140,True
86,75,190,190,True
86,76,50,50,True
86,77,60,60,True
86,78,130,130,True
86,79,130,130,True
86,80,110,110,True
86,81,110,110,True
86,82,100,100,True
86,83,120,120,True
86,84,140,140,True
86,85,120,120,True
86,86,110,110,True
86,87,120,120,True
86,88,130,130,True
86,89,140,140,True
86,90,120,120,True
86,91,110,110,True
86,92,80,80,True
86,93,160,160,True
87,0,110,110,True
87,1,130,130,True
87,2,70,70,True
87,3,70,70,True
87,4,90,90,True
87,5,90,90,True
87,6,170,170,True
87,7,150,150,True
87,8,150,150,True
87,9,70,70,True
87,10,120,120,True
87,11,100,100,True
87,12,70,70,True
87,13,80,80,True
87,14,100,100,True
87,15,100,100,True
87,16,100,100,True
87,17,120,120,True
87,18,130,130,True
87,19,170,170,True
87,20,50,50,True
87,21,70,70,True
87,22,120,120,True
87,23,80,80,True
87,24,120,120,True
87,25,100,100,True
87,26,130,130,True
87,27,140,140,True
87,28,100,100,True
87,29,120,120,True
87,30,120,120,True
87,31,130,130,True
87,32,130,130,True
87,33,210,210,True
87,34,100,100,True
87,35,130,130,True
87,36,120,120,True
87,37,170,170,True
87,38,80,80,True
87,39,120,120,True
87,40,80,80,True
87,41,100,100,True
87,42,130,130,True
87,43,170,170,True
87,44,90,90,True
87,45,110,110,True
87,46,130,130,True
87,47,110,110,True
87,48,40,40,True
87,49,130,130,True
87,50,110,110,True
87,51,150,150,True
87,52,80,80,True
87,53,70,70,True
87,54,70,70,True
87,55,90,90,True
87,56,20,20,True
87,57,90,90,False
87,58,130,130,True
87,59,150,150,True
87,60,90,90,True
87,61,110,110,True
87,62,100,100,True
87,63,150,150,True
87,64,100,100,True
87,65,160,160,True
87,66,130,130,True
87,67,140,140,True
87,68,110,110,True
87,69,130,130,True
87,70,130,130,True
87,71,80,80,True
87,72,100,100,True
87,73,90,90,True
87,74,140,140,True
87,75,190,190,True
87,76,50,50,True
87,77,60,60,True
87,78,130,130,True
87,79,130,130,True
87,80,110,110,True
87,81,110,110,True
87,82,100,100,True
87,83,120,120,True
87,84,140,140,True
87,85,120,120,True
87,86,110,110,True
87,87,120,120,True
87,88,130,130,True
87,89,140,140,True
87,90,120,120,True
87,91,110,110,True
87,92,80,80,True
87,93,160,160,True
88,0,110,110,True
88,1,130,130,True
88,2,70,70,True
88,3,70,70,True
88,4,90,90,True
88,5,90,90,True
88,6,170,170,True
88,7,150,150,True
88,8,150,150,True
88,9,70,70,True
88,10,120,120,True
88,11,100,100,True
88,12,70,70,True
88,13,80,80,True
88,14,100,100,True
88,15,100,100,True
88,16,100,100,True
88,17,120,120,True
88,18,130,130,True
88,19,170,170,True
88,20,50,50,True
88,21,70,70,True
88,22,120,120,True
88,23,80,80,True
88,24,120,120,True
88,25,100,100,True
88,26,130,130,True
88,27,140,140,True
88,28,100,100,True
88,29,120,120,True
88,30,120,120,True
88,31,130,130,True
88,32,130,130,True
88,33,210,210,True
88,34,100,100,True
88,35,130,130,True
88,36,120,120,True
88,37,170,170,True
88,38,80,80,True
88,39,120,120,True
88,40,80,80,True
88,41,100,100,True
88,42,130,130,True
88,43,170,170,True
88,44,90,90,True
88,45,110,110,True
88,46,130,130,True
88,47,110,110,True
88,48,40,40,True
88,49,130,130,True
88,50,110,110,True
88,51,150,150,True
88,52,80,80,True
88,53,70,70,True
88,54,70,70,True
88,55,90,90,True
88,56,20,20,True
88,57,90,90,True
88,58,130,130,True
88,59,150,150,True
88,60,90,90,True
88,61,110,110,True
88,62,100,100,True
88,63,150,150,True
88,64,100,100,True
88,65,160,160,True
88,66,130,130,True
88,67,140,140,True
88,68,110,110,True
88,69,130,130,True
88,70,130,130,True
88,71,80,80,True
88,72,100,100,True
88,73,90,90,True
88,74,140,140,True
88,75,190,190,True
88,76,50,50,True
88,77,60,60,True
88,78,130,130,True
88,79,130,130,True
88,80,110,110,True
88,81,110,110,True
88,82,100,100,True
88,83,120,120,True
88,84,140,140,True
88,85,120,120,True
88,86,110,110,True
88,87,120,120,True
88,88,130,130,True
88,89,140,140,True
88,90,120,120,True
88,91,110,110,True
88,92,80,80,True
88,93,160,160,True
89,0,110,110,True
89,1,130,130,True
89,2,70,70,True
89,3,70,70,True
89,4,90,90,True
89,5,90,90,True
89,6,170,170,True
89,7,150,150,True
89,8,150,150,True
89,9,70,70,True
89,10,120,120,True
89,11,100,100,True
89,12,70,70,True
89,13,80,80,True
89,14,100,100,True
89,15,100,100,True
89,16,100,100,True
89,17,120,120,True
89,18,130,130,True
89,19,170,170,True
89,20,50,50,True
89,21,70,70,True
89,22,120,120,True
89,23,80,80,True
89,24,120,120,True
89,25,100,100,True
89,26,130,130,True
89,27,140,140,True
89,28,100,100,True
89,29,120,120,True
89,30,120,120,True
89,31,130,130,True
89,32,130,130,True
89,33,210,210,True
89,34,100,100,True
89,35,130,130,True
89,36,120,120,True
89,37,170,170,True
89,38,80,80,True
89,39,120,120,True
89,40,80,80,True
89,41,100,100,True
89,42,130,130,True
89,43,170,170,True
89,44,90,90,True
89,45,110,110,True
89,46,130,130,True
89,47,110,110,True
89,48,40,40,True
89,49,130,130,True
89,50,110,110,True
89,51,150,150,True
89,52,80,80,True
89,53,70,70,False
89,54,70,70,True
89,55,90,90,True
89,56,20,20,True
89,57,90,90,True
89,58,130,130,True
89,59,150,150,True
89,60,90,90,True
89,61,110,110,True
89,62,100,100,True
89,63,150,150,True
89,64,100,100,True
89,65,160,160,True
89,66,130,130,True
89,67,140,140,True
89,68,110,110,True
89,69,130,130,True
89,70,130,130,True
89,71,80,80,True
89,72,100,100,True
89,73,90,90,True
89,74,140,140,True
89,75,190,190,True
89,76,50,50,True
89,77,60,60,True
89,78,130,130,True
89,79,130,130,True
89,80,110,110,True
89,81,110,110,True
89,82,100,100,True
89,83,120,120,True
89,84,140,140,True
89,85,120,120,True
89,86,110,110,True
89,87,120,120,True
89,88,130,130,True
89,89,140,140,True
89,90,120,120,True
89,91,110,110,True
89,92,80,80,True
89,93,160,160,True
90,0,110,110,True
90,1,130,130,True
90,2,70,70,True
90,3,70,70,True
90,4,90,90,True
90,5,90,90,True
90,6,170,170,True
90,7,150,150,True
90,8,150,150,True
90,9,70,70,True
90,10,120,120,True
90,11,100,100,True
90,12,70,70,True
90,13,80,80,True
90,14,100,100,True
90,15,100,100,True
90,16,100,100,True
90,17,120,120,True
90,18,130,130,True
90,19,170,170,True
90,20,50,50,True
90,21,70,70,True
90,22,120,120,True
90,23,80,80,True
90,24,120,120,True
90,25,100,100,True
90,26,130,130,True
90,27,140,140,True
90,28,100,100,True
90,29,120,120,True
90,30,120,120,True
90,31,130,130,True
90,32,130,130,True
90,33,210,210,True
90,34,100,100,True
90,35,130,130,True
90,36,120,120,True
90,37,170,170,True
90,38,80,80,True
90,39,120,120,True
90,40,80,80,True
90,41,100,100,True
90,42,130,130,True
90,43,170,170,True
90,44,90,90,True
90,45,110,110,True
90,46,130,130,True
90,47,110,110,True
90,48,40,40,True
90,49,130,130,True
90,50,110,110,True
90,51,150,150,True
90,52,80,80,True
90,53,70,70,True
90,54,70,70,True
90,55,90,90,True
90,56,20,20,True
90,57,90,90,True
90,58,130,130,True
90,59,150,150,True
90,60,90,90,True
90,61,110,110,True
90,62,100,100,True
90,63,150,150,True
90,64,100,100,True
90,65,160,160,True
90,66,130,130,True
90,67,140,140,True
90,68,110,110,True
90,69,130,130,True
90,70,130,130,True
90,71,80,80,True
90,72,100,100,True
90,73,90,90,True
90,74,140,140,True
90,75,190,190,True
90,76,50,50,True
90,77,60,60,True
90,78,130,130,True
90,79,130,130,True
90,80,110,110,True
90,81,110,110,True
90,82,100,100,True
90,83,120,120,True
90,84,140,140,True
90,85,120,120,True
90,86,110,110,True
90,87,120,120,True
90,88,130,130,True
90,89,140,140,True
90,90,120,120,True
90,91,110,110,True
90,92,80,80,True
90,93,160,160,True
91,0,110,110,True
91,1,130,130,True
91,2,70,70,True
91,3,70,70,True
91,4,90,90,True
91,5,90,90,True
91,6,170,170,True
91,7,150,150,True
91,8,150,150,True
91,9,70,70,True
91,10,120,120,True
91,11,100,100,True
91,12,70,70,True
91,13,80,80,True
91,14,100,100,True
91,15,100,100,True
91,16,100,100,True
91,17,120,120,True
91,18,130,130,True
91,19,170,170,True
91,20,50,50,True
91,21,70,70,True
91,22,120,120,True
91,23,80,80,True
91,24,120,120,True
91,25,100,100,True
91,26,130,130,True
91,27,140,140,True
91,28,100,100,True
91,29,120,120,True
91,30,120,120,True
91,31,130,130,True
91,32,130,130,True
91,33,210,210,True
91,34,100,100,True
91,35,130,130,True
91,36,120,120,True
91,37,170,170,True
91,38,80,80,True
91,39,120,120,True
91,40,80,80,True
91,41,100,100,True
91,42,130,130,True
91,43,170,170,True
91,44,90,90,True
91,45,110,110,True
91,46,130,130,True
91,47,110,110,True
91,48,40,40,True
91,49,130,130,True
91,50,110,110,True
91,51,150,150,True
91,52,80,80,True
91,53,70,70,True
91,54,70,70,True
91,55,90,90,True
91,56,20,20,True
91,57,90,90,True
91,58,130,130,True
91,59,150,150,True
91,60,90,90,True
91,61,110,110,True
91,62,100,100,True
91,63,150,150,True
91,64,100,100,True
91,65,160,160,True
91,66,130,130,True
91,67,140,140,True
91,68,110,110,True
91,69,130,130,True
91,70,130,130,True
91,71,80,80,True
91,72,100,100,True
91,73,90,90,True
91,74,140,140,True
91,75,190,190,True
91,76,50,50,True
91,77,60,60,True
91,78,130,130,True
91,79,130,130,True
91,80,110,110,True
91,81,110,110,True
91,82,100,100,True
91,83,120,120,True
91,84,140,140,True
91,85,120,120,True
91,86,110,110,True
91,87,120,120,True
91,88,130,130,True
91,89,140,140,True
91,90,120,120,True
91,91,110,110,True
91,92,80,80,True
91,93,160,160,True
92,0,110,110,True
92,1,130,130,True
92,2,70,70,True
92,3,70,70,True
92,4,90,90,True
92,5,90,90,True
92,6,170,170,True
92,7,150,150,True
92,8,150,150,True
92,9,70,70,True
92,10,120,120,True
92,11,100,100,True
92,12,70,70,True
92,13,80,80,True
92,14,100,100,True
92,15,100,100,True
92,16,100,100,True
92,17,120,120,True
92,18,130,130,True
92,19,170,170,True
92,20,50,50,True
92,21,70,70,True
92,22,120,120,True
92,23,80,80,True
92,24,120,120,True
92,25,100,100,True
92,26,130,130,True
92,27,140,140,True
92,28,100,100,True
92,29,120,120,True
92,30,120,120,True
92,31,130,130,True
92,32,130,130,True
92,33,210,210,True
92,34,100,100,True
92,35,130,130,True
92,36,120,120,True
92,37,170,170,True
92,38,80,80,True
92,39,120,120,True
92,40,80,80,True
92,41,100,100,True
92,42,130,130,True
92,43,170,170,True
92,44,90,90,True
92,45,110,110,True
92,46,130,130,True
92,47,110,110,True
92,48,40,40,True
92,49,130,130,True
92,50,110,110,True
92,51,150,150,True
92,52,80,80,True
92,53,70,70,True
92,54,70,70,True
92,55,90,90,True
92,56,20,20,True
92,57,90,90,True
92,58,130,130,True
92,59,150,150,True
92,60,90,90,True
92,61,110,110,True
92,62,100,100,True
92,63,150,150,True
92,64,100,100,True
92,65,160,160,True
92,66,130,130,True
92,67,140,140,True
92,68,110,110,True
92,69,130,130,True
92,70,130,130,True
92,71,80,80,True
92,72,100,100,True
92,73,90,90,True
92,74,140,140,True
92,75,190,190,True
92,76,50,50,True
92,77,60,60,True
92,78,130,130,True
92,79,130,130,True
92,80,110,110,True
92,81,110,110,True
92,82,100,100,True
92,83,120,120,True
92,84,140,140,True
92,85,120,120,True
92,86,110,110,True
92,87,120,120,True
92,88,130,130,True
92,89,140,140,True
92,90,120,120,True
92,91,110,110,True
92,92,80,80,True
92,93,160,160,True
93,0,110,110,True
93,1,130,130,True
93,2,70,70,True
93,3,70,70,True
93,4,90,90,True
93,5,90,90,True
93,6,170,170,True
93,7,150,150,True
93,8,150,150,True
93,9,70,70,True
93,10,120,120,True
93,11,100,100,True
93,12,70,70,True
93,13,80,80,True
93,14,100,100,True
93,15,100,100,True
93,16,100,100,True
93,17,120,120,True
93,18,130,130,True
93,19,170,170,True
93,20,50,50,True
93,21,70,70,True
93,22,120,120,True
93,23,80,80,True
93,24,120,120,True
93,25,100,100,True
93,26,130,130,True
93,27,140,140,True
93,28,100,100,True
93,29,120,120,True
93,30,120,120,True
93,31,130,130,True
93,32,130,130,True
93,33,210,210,True
93,34,100,100,True
93,35,130,130,True
93,36,120,120,True
93,37,170,170,True
93,38,80,80,True
93,39,120,120,True
93,40,80,80,True
93,41,100,100,True
93,42,130,130,True
93,43,170,170,True
93,44,90,90,True
93,45,110,110,True
93,46,130,130,True
93,47,110,110,True
93,48,40,40,True
93,49,130,130,True
93,50,110,110,True
93,51,150,150,True
93,52,80,80,True
93,53,70,70,True
93,54,70,70,True
93,55,90,90,True
93,56,20,20,True
93,57,90,90,True
93,58,130,130,True
93,59,150,150,True
93,60,90,90,True
93,61,110,110,True
93,62,100,100,True
93,63,150,150,True
93,64,100,100,True
93,65,160,160,True
93,66,130,130,True
93,67,140,140,True
93,68,110,110,True
93,69,130,130,True
93,70,130,130,True
93,71,80,80,True
93,72,100,100,True
93,73,90,90,True
93,74,140,140,True
93,75,190,190,True
93,76,50,50,True
93,77,60,60,True
93,78,130,130,True
93,79,130,130,True
93,80,110,110,True
93,81,110,110,True
93,82,100,100,True
93,83,120,120,True
93,84,140,140,True
93,85,120,120,True
93,86,110,110,True
93,87,120,120,True
93,88,130,130,True
93,89,140,140,True
93,90,120,120,True
93,91,110,110,True
93,92,80,80,True
93,93,160,160,True
94,0,110,110,True
94,1,130,130,True
94,2,70,70,True
94,3,70,70,True
94,4,90,90,True
94,5,90,90,True
94,6,170,170,True
94,7,150,150,True
94,8,150,150,True
94,9,70,70,True
94,10,120,120,True
94,11,100,100,True
94,12,70,70,True
94,13,80,80,True
94,14,100,100,True
94,15,100,100,True
94,16,100,100,True
94,17,120,120,True
94,18,130,130,True
94,19,170,170,True
94,20,50,50,True
94,21,70,70,True
94,22,120,120,True
94,23,80,80,True
94,24,120,120,True
94,25,100,100,True
94,26,130,130,True
94,27,140,140,True
94,28,100,100,True
94,29,120,120,True
94,30,120,120,True
94,31,130,130,True
94,32,130,130,True
94,33,210,210,True
94,34,100,100,True
94,35,130,130,True
94,36,120,120,True
94,37,170,170,True
94,38,80,80,True
94,39,120,120,True
94,40,80,80,True
94,41,100,100,True
94,42,130,130,True
94,43,170,170,True
94,44,90,90,True
94,45,110,110,True
94,46,130,130,True
94,47,110,110,True
94,48,40,40,True
94,49,130,130,True
94,50,110,110,True
94,51,150,150,True
94,52,80,80,True
94,53,70,70,True
94,54,70,70,True
94,55,90,90,True
94,56,20,20,False
94,57,90,90,True
94,58,130,130,True
94,59,150,150,True
94,60,90,90,True
94,61,110,110,True
94,62,100,100,True
94,63,150,150,True
94,64,100,100,True
94,65,160,160,True
94,66,130,130,True
94,67,140,140,True
94,68,110,110,True
94,69,130,130,True
94,70,130,130,True
94,71,80,80,True
94,72,100,100,True
94,73,90,90,True
94,74,140,140,True
94,75,190,190,True
94,76,50,50,True
94,77,60,60,True
94,78,130,130,True
94,79,130,130,True
94,80,110,110,True
94,81,110,110,True
94,82,100,100,True
94,83,120,120,True
94,84,140,140,True
94,85,120,120,True
94,86,110,110,True
94,87,120,120,True
94,88,130,130,True
94,89,140,140,True
94,90,120,120,True
94,91,110,110,True
94,92,80,80,True
94,93,160,160,True
95,0,110,110,True
95,1,130,130,True
95,2,70,70,True
95,3,70,70,True
95,4,90,90,True
95,5,90,90,True
95,6,170,170,True
95,7,150,150,True
95,8,150,150,True
95,9,70,70,True
95,10,120,120,True
95,11,100,100,True
95,12,70,70,True
95,13,80,80,True
95,14,100,100,True
95,15,100,100,True
95,16,100,100,True
95,17,120,120,True
95,18,130,130,True
95,19,170,170,True
95,20,50,50,True
95,21,70,70,True
95,22,120,120,True
95,23,80,80,True
95,24,120,120,True
95,25,100,100,True
95,26,130,130,True
95,27,140,140,True
95,28,100,100,True
95,29,120,120,True
95,30,120,120,True
95,31,130,130,True
95,32,130,130,True
95,33,210,210,True
95,34,100,100,True
95,35,130,130,True
95,36,120,120,True
95,37,170,170,True
95,38,80,80,True
95,39,120,120,True
95,40,80,80,True
95,41,100,100,True
95,42,130,130,True
95,43,170,170,True
95,44,90,90,True
95,45,110,110,True
95,46,130,130,True
95,47,110,110,True
95,48,40,40,True
95,49,130,130,True
95,50,110,110,True
95,51,150,150,True
95,52,80,80,True
95,53,70,70,True
95,54,70,70,True
95,55,90,90,True
95,56,20,20,True
95,57,90,90,True
95,58,130,130,True
95,59,150,150,True
95,60,90,90,True
95,61,110,110,True
95,62,100,100,True
95,63,150,150,True
95,64,100,100,True
95,65,160,160,True
95,66,130,130,True
95,67,140,140,True
95,68,110,110,True
95,69,130,130,True
95,70,130,130,True
95,71,80,80,True
95,72,100,100,True
95,73,90,90,True
95,74,140,140,True
95,75,190,190,True
95,76,50,50,True
95,77,60,60,True
95,78,130,130,True
95,79,130,130,True
95,80,110,110,True
95,81,110,110,True
95,82,100,100,True
95,83,120,120,True
95,84,140,140,True
95,85,120,120,True
95,86,110,110,True
95,87,120,120,True
95,88,130,130,True
95,89,140,140,True
95,90,120,120,True
95,91,110,110,True
95,92,80,80,True
95,93,160,160,True
96,0,110,110,True
96,1,130,130,True
96,2,70,70,True
96,3,70,70,False
96,4,90,90,True
96,5,90,90,True
96,6,170,170,True
96,7,150,150,True
96,8,150,150,True
96,9,70,70,True
96,10,120,120,True
96,11,100,100,True
96,12,70,70,True
96,13,80,80,True
96,14,100,100,True
96,15,100,100,True
96,16,100,100,True
96,17,120,120,True
96,18,130,130,True
96,19,170,170,True
96,20,50,50,True
96,21,70,70,True
96,22,120,120,True
96,23,80,80,True
96,24,120,120,True
96,25,100,100,True
96,26,130,130,True
96,27,140,140,True
96,28,100,100,True
96,29,120,120,True
96,30,120,120,True
96,31,130,130,True
96,32,130,130,True
96,33,210,210,True
96,34,100,100,True
96,35,130,130,True
96,36,120,120,True
96,37,170,170,True
96,38,80,80,True
96,39,120,120,True
96,40,80,80,True
96,41,100,100,True
96,42,130,130,True
96,43,170,170,True
96,44,90,90,True
96,45,110,110,True
96,46,130,130,True
96,47,110,110,True
96,48,40,40,True
96,49,130,130,True
96,50,110,110,True
96,51,150,150,True
96,52,80,80,True
96,53,70,70,True
96,54,70,70,True
96,55,90,90,True
96,56,20,20,True
96,57,90,90,True
96,58,130,130,True
96,59,150,150,True
96,60,90,90,True
96,61,110,110,True
96,62,100,100,True
96,63,150,150,True
96,64,100,100,True
96,65,160,160,True
96,66,130,130,True
96,67,140,140,True
96,68,110,110,True
96,69,130,130,True
96,70,130,130,True
96,71,80,80,True
96,72,100,100,True
96,73,90,90,True
96,74,140,140,True
96,75,190,190,True
96,76,50,50,True
96,77,60,60,True
96,78,130,130,True
96,79,130,130,True
96,80,110,110,True
96,81,110,110,True
96,82,100,100,True
96,83,120,120,True
96,84,140,140,True
96,85,120,120,True
96,86,110,110,True
96,87,120,120,True
96,88,130,130,True
96,89,140,140,True
96,90,120,120,True
96,91,110,110,True
96,92,80,80,True
96,93,160,160,True
97,0,110,110,True
97,1,130,130,True
97,2,70,70,True
97,3,70,70,True
97,4,90,90,True
97,5,90,90,True
97,6,170,170,True
97,7,150,150,True
97,8,150,150,True
97,9,70,70,True
97,10,120,120,True
97,11,100,100,True
97,12,70,70,True
97,13,80,80,True
97,14,100,100,True
97,15,100,100,True
97,16,100,100,True
97,17,120,120,True
97,18,130,130,True
97,19,170,170,True
97,20,50,50,True
97,21,70,70,True
97,22,120,120,True
97,23,80,80,True
97,24,120,120,True
97,25,100,100,True
97,26,130,130,True
97,27,140,140,True
97,28,100,100,True
97,29,120,120,True
97,30,120,120,True
97,31,130,130,True
97,32,130,130,True
97,33,210,210,True
97,34,100,100,True
97,35,130,130,True
97,36,120,120,True
97,37,170,170,True
97,38,80,80,True
97,39,120,120,True
97,40,80,80,True
97,41,100,100,True
97,42,130,130,True
97,43,170,170,True
97,44,90,90,True
97,45,110,110,True
97,46,130,130,True
97,47,110,110,True
97,48,40,40,True
97,49,130,130,True
97,50,110,110,True
97,51,150,150,True
97,52,80,80,True
97,53,70,70,True
97,54,70,70,True
97,55,90,90,True
97,56,20,20,True
97,57,90,90,True
97,58,130,130,True
97,59,150,150,True
97,60,90,90,True
97,61,110,110,True
97,62,100,100,True
97,63,150,150,True
97,64,100,100,True
97,65,160,160,True
97,66,130,130,True
97,67,140,140,True
97,68,110,110,True
97,69,130,130,True
97,70,130,130,True
97,71,80,80,True
97,72,100,100,True
97,73,90,90,True
97,74,140,140,True
97,75,190,190,True
97,76,50,50,True
97,77,60,60,True
97,78,130,130,True
97,79,130,130,True
97,80,110,110,True
97,81,110,110,True
97,82,100,100,True
97,83,120,120,True
97,84,140,140,True
97,85,120,120,True
97,86,110,110,True
97,87,120,120,True
97,88,130,130,True
97,89,140,140,True
97,90,120,120,True
97,91,110,110,True
97,92,80,80,True
97,93,160,160,True
98,0,110,110,True
98,1,130,130,True
98,2,70,70,True
98,3,70,70,True
98,4,90,90,True
98,5,90,90,True
98,6,170,170,True
98,7,150,150,True
98,8,150,150,True
98,9,70,70,True
98,10,120,120,True
98,11,100,100,True
98,12,70,70,True
98,13,80,80,True
98,14,100,100,True
98,15,100,100,True
98,16,100,100,True
98,17,120,120,True
98,18,130,130,True
98,19,170,170,True
98,20,50,50,True
98,21,70,70,True
98,22,120,120,True
98,23,80,80,True
98,24,120,120,True
98,25,100,100,True
98,26,130,130,True
98,27,140,140,True
98,28,100,100,True
98,29,120,120,True
98,30,120,120,True
98,31,130,130,True
98,32,130,130,True
98,33,210,210,True
98,34,100,100,True
98,35,130,130,True
98,36,120,120,True
98,37,170,170,True
98,38,80,80,True
98,39,120,120,True
98,40,80,80,True
98,41,100,100,True
98,42,130,130,True
98,43,170,170,True
98,44,90,90,True
98,45,110,110,True
98,46,130,130,True
98,47,110,110,True
98,48,40,40,True
98,49,130,130,True
98,50,110,110,True
98,51,150,150,True
98,52,80,80,True
98,53,70,70,True
98,54,70,70,True
98,55,90,90,True
98,56,20,20,True
98,57,90,90,True
98,58,130,130,True
98,59,150,150,True
98,60,90,90,True
98,61,110,110,True
98,62,100,100,True
98,63,150,150,True
98,64,100,100,True
98,65,160,160,True
98,66,130,130,True
98,67,140,140,True
98,68,110,110,True
98,69,130,130,True
98,70,130,130,True
98,71,80,80,True
98,72,100,100,True
98,73,90,90,True
98,74,140,140,True
98,75,190,190,True
98,76,50,50,True
98,77,60,60,True
98,78,130,130,True
98,79,130,130,True
98,80,110,110,True
98,81,110,110,True
98,82,100,100,True
98,83,120,120,True
98,84,140,140,True
98,85,120,120,True
98,86,110,110,True
98,87,120,120,True
98,88,130,130,True
98,89,140,140,True
98,90,120,120,True
98,91,110,110,True
98,92,80,80,True
98,93,160,160,True
99,0,110,110,True
99,1,130,130,True
99,2,70,70,True
99,3,70,70,True
99,4,90,90,True
99,5,90,90,True
99,6,170,170,True
99,7,150,150,True
99,8,150,150,True
99,9,70,70,True
99,10,120,120,True
99,11,100,100,True
99,12,70,70,True
99,13,80,80,True
99,14,100,100,True
99,15,100,100,True
99,16,100,100,True
99,17,120,120,True
99,18,130,130,True
99,19,170,170,True
99,20,50,50,True
99,21,70,70,True
99,22,120,120,True
99,23,80,80,True
99,24,120,120,True
99,25,100,100,True
99,26,130,130,True
99,27,140,140,True
99,28,100,100,True
99,29,120,120,True
99,30,120,120,True
99,31,130,130,True
99,32,130,130,True
99,33,210,210,True
99,34,100,100,True
99,35,130,130,True
99,36,120,120,True
99,37,170,170,True
99,38,80,80,True
99,39,120,120,True
99,40,80,80,False
99,41,100,100,True
99,42,130,130,True
99,43,170,170,True
99,44,90,90,True
99,45,110,110,True
99,46,130,130,True
99,47,110,110,True
99,48,40,40,True
99,49,130,130,True
99,50,110,110,True
99,51,150,150,True
99,52,80,80,True
99,53,70,70,True
99,54,70,70,True
99,55,90,90,True
99,56,20,20,False
99,57,90,90,True
99,58,130,130,True
99,59,150,150,True
99,60,90,90,True
99,61,110,110,True
99,62,100,100,True
99,63,150,150,True
99,64,100,100,True
99,65,160,160,True
99,66,130,130,True
99,67,140,140,True
99,68,110,110,True
99,69,130,130,True
99,70,130,130,True
99,71,80,80,True
99,72,100,100,True
99,73,90,90,True
99,74,140,140,True
99,75,190,190,True
99,76,50,50,True
99,77,60,60,True
99,78,130,130,True
99,79,130,130,True
99,80,110,110,True
99,81,110,110,True
99,82,100,100,True
99,83,120,120,True
99,84,140,140,True
99,85,120,120,True
99,86,110,110,True
99,87,120,120,True
99,88,130,130,True
99,89,140,140,True
99,90,120,120,True
99,91,110,110,True
99,92,80,80,True
99,93,160,160,True
100,0,110,110,True
100,1,130,130,True
100,2,70,70,True
100,3,70,70,True
100,4,90,90,True
100,5,90,90,True
100,6,170,170,True
100,7,150,150,True
100,8,150,150,True
100,9,70,70,True
100,10,120,120,True
100,11,100,100,True
100,12,70,70,True
100,13,80,80,True
100,14,100,100,True
100,15,100,100,True
100,16,100,100,True
100,17,120,120,True
100,18,130,130,True
100,19,170,170,True
100,20,50,50,True
100,21,70,70,True
100,22,120,120,True
100,23,80,80,True
100,24,120,120,True
100,25,100,100,True
100,26,130,130,True
100,27,140,140,True
100,28,100,100,True
100,29,120,120,True
100,30,120,120,True
100,31,130,130,True
100,32,130,130,True
100,33,210,210,True
100,34,100,100,True
100,35,130,130,True
100,36,120,120,True
100,37,170,170,True
100,38,80,80,True
100,39,120,120,True
100,40,80,80,True
100,41,100,100,True
100,42,130,130,True
100,43,170,170,True
100,44,90,90,True
100,45,110,110,True
100,46,130,130,True
100,47,110,110,True
100,48,40,40,True
100,49,130,130,True
100,50,110,110,True
100,51,150,150,True
100,52,80,80,True
100,53,70,70,True
100,54,70,70,True
100,55,90,90,True
100,56,20,20,True
100,57,90,90,True
100,58,130,130,True
100,59,150,150,True
100,60,90,90,True
100,61,110,110,True
100,62,100,100,True
100,63,150,150,True
100,64,100,100,True
100,65,160,160,True
100,66,130,130,True
100,67,140,140,True
100,68,110,110,True
100,69,130,130,True
100,70,130,130,True
100,71,80,80,True
100,72,100,100,True
100,73,90,90,True
100,74,140,140,True
100,75,190,190,True
100,76,50,50,True
100,77,60,60,True
100,78,130,130,True
100,79,130,130,True
100,80,110,110,True
100,81,110,110,True
100,82,100,100,True
100,83,120,120,True
100,84,140,140,True
100,85,120,120,True
100,86,110,110,True
100,87,120,120,True
100,88,130,130,True
100,89,140,140,True
100,90,120,120,True
100,91,110,110,True
100,92,80,80,True
100,93,160,160,True
101,0,110,110,True
101,1,130,130,True
101,2,70,70,True
101,3,70,70,True
101,4,90,90,True
101,5,90,90,True
101,6,170,170,True
101,7,150,150,True
101,8,150,150,True
101,9,70,70,True
101,10,120,120,True
101,11,100,100,True
101,12,70,70,True
101,13,80,80,True
101,14,100,100,True
101,15,100,100,True
101,16,100,100,True
101,17,120,120,True
101,18,130,130,True
101,19,170,170,True
101,20,50,50,True
101,21,70,70,True
101,22,120,120,True
101,23,80,80,True
101,24,120,120,True
101,25,100,100,True
101,26,130,130,True
101,27,140,140,True
101,28,100,100,True
101,29,120,120,True
101,30,120,120,True
101,31,130,130,True
101,32,130,130,True
101,33,210,210,True
101,34,100,100,True
101,35,130,130,True
101,36,120,120,True
101,37,170,170,True
101,38,80,80,True
101,39,120,120,True
101,40,80,80,True
101,41,100,100,True
101,42,130,130,True
101,43,170,170,True
101,44,90,90,True
101,45,110,110,True
101,46,130,130,True
101,47,110,110,True
101,48,40,40,True
101,49,130,130,True
101,50,110,110,True
101,51,150,150,True
101,52,80,80,True
101,53,70,70,True
101,54,70,70,True
101,55,90,90,True
101,56,20,20,True
101,57,90,90,True
101,58,130,130,True
101,59,150,150,True
101,60,90,90,True
101,61,110,110,True
101,62,100,100,True
101,63,150,150,True
101,64,100,100,True
101,65,160,160,True
101,66,130,130,True
101,67,140,140,True
101,68,110,110,True
101,69,130,130,True
101,70,130,130,True
101,71,80,80,True
101,72,100,100,True
101,73,90,90,True
101,74,140,140,True
101,75,190,190,True
101,76,50,50,True
101,77,60,60,True
101,78,130,130,True
101,79,130,130,True
101,80,110,110,True
101,81,110,110,True
101,82,100,100,True
101,83,120,120,True
101,84,140,140,True
101,85,120,120,True
101,86,110,110,True
101,87,120,120,True
101,88,130,130,True
101,89,140,140,True
101,90,120,120,True
101,91,110,110,True
101,92,80,80,True
101,93,160,160,True
102,0,110,110,True
102,1,130,130,True
102,2,70,70,True
102,3,70,70,True
102,4,90,90,True
102,5,90,90,True
102,6,170,170,True
102,7,150,150,True
102,8,150,150,True
102,9,70,70,True
102,10,120,120,True
102,11,100,100,True
102,12,70,70,True
102,13,80,80,True
102,14,100,100,True
102,15,100,100,True
102,16,100,100,True
102,17,120,120,True
102,18,130,130,True
102,19,170,170,True
102,20,50,50,True
102,21,70,70,True
102,22,120,120,True
102,23,80,80,True
102,24,120,120,True
102,25,100,100,True
102,26,130,130,True
102,27,140,140,True
102,28,100,100,True
102,29,120,120,True
102,30,120,120,True
102,31,130,130,True
102,32,130,130,True
102,33,210,210,True
102,34,100,100,True
102,35,130,130,True
102,36,120,120,True
102,37,170,170,True
102,38,80,80,True
102,39,120,120,True
102,40,80,80,False
102,41,100,100,True
102,42,130,130,True
102,43,170,170,True
102,44,90,90,True
102,45,110,110,True
102,46,130,130,True
102,47,110,110,True
102,48,40,40,True
102,49,130,130,True
102,50,110,110,True
102,51,150,150,True
102,52,80,80,True
102,53,70,70,True
102,54,70,70,True
102,55,90,90,True
102,56,20,20,True
102,57,90,90,True
102,58,130,130,True
102,59,150,150,True
102,60,90,90,True
102,61,110,110,True
102,62,100,100,True
102,63,150,150,True
102,64,100,100,True
102,65,160,160,True
102,66,130,130,True
102,67,140,140,True
102,68,110,110,True
102,69,130,130,True
102,70,130,130,True
102,71,80,80,True
102,72,100,100,True
102,73,90,90,True
102,74,140,140,True
102,75,190,190,True
102,76,50,50,True
102,77,60,60,True
102,78,130,130,True
102,79,130,130,True
102,80,110,110,True
102,81,110,110,True
102,82,100,100,True
102,83,120,120,True
102,84,140,140,True
102,85,120,120,True
102,86,110,110,True
102,87,120,120,True
102,88,130,130,True
102,89,140,140,True
102,90,120,120,True
102,91,110,110,True
102,92,80,80,True
102,93,160,160,True
103,0,110,110,True
103,1,130,130,True
103,2,70,70,True
103,3,70,70,True
103,4,90,90,True
103,5,90,90,True
103,6,170,170,True
103,7,150,150,True
103,8,150,150,True
103,9,70,70,True
103,10,120,120,True
103,11,100,100,True
103,12,70,70,True
103,13,80,80,True
103,14,100,100,True
103,15,100,100,True
103,16,100,100,True
103,17,120,120,True
103,18,130,130,True
103,19,170,170,True
103,20,50,50,True
103,21,70,70,True
103,22,120,120,True
103,23,80,80,True
103,24,120,120,True
103,25,100,100,True
103,26,130,130,True
103,27,140,140,True
103,28,100,100,True
103,29,120,120,True
103,30,120,120,True
103,31,130,130,True
103,32,130,130,True
103,33,210,210,True
103,34,100,100,True
103,35,130,130,True
103,36,120,120,True
103,37,170,170,True
103,38,80,80,True
103,39,120,120,True
103,40,80,80,False
103,41,100,100,True
103,42,130,130,True
103,43,170,170,True
103,44,90,90,True
103,45,110,110,True
103,46,130,130,True
103,47,110,110,True
103,48,40,40,True
103,49,130,130,True
103,50,110,110,True
103,51,150,150,True
103,52,80,80,True
103,53,70,70,True
103,54,70,70,True
103,55,90,90,True
103,56,20,20,False
103,57,90,90,True
103,58,130,130,True
103,59,150,150,True
103,60,90,90,True
103,61,110,110,True
103,62,100,100,True
103,63,150,150,True
103,64,100,100,True
103,65,160,160,True
103,66,130,130,True
103,67,140,140,True
103,68,110,110,True
103,69,130,130,True
103,70,130,130,True
103,71,80,80,True
103,72,100,100,True
103,73,90,90,True
103,74,140,140,True
103,75,190,190,True
103,76,50,50,True
103,77,60,60,True
103,78,130,130,True
103,79,130,130,True
103,80,110,110,True
103,81,110,110,True
103,82,100,100,True
103,83,120,120,True
103,84,140,140,True
103,85,120,120,True
103,86,110,110,True
103,87,120,120,True
103,88,130,130,True
103,89,140,140,True
103,90,120,120,True
103,91,110,110,True
103,92,80,80,True
103,93,160,160,True
104,0,110,110,True
104,1,130,130,True
104,2,70,70,True
104,3,70,70,True
104,4,90,90,True
104,5,90,90,True
104,6,170,170,True
104,7,150,150,True
104,8,150,150,True
104,9,70,70,True
104,10,120,120,True
104,11,100,100,True
104,12,70,70,True
104,13,80,80,True
104,14,100,100,True
104,15,100,100,True
104,16,100,100,True
104,17,120,120,True
104,18,130,130,True
104,19,170,170,True
104,20,50,50,True
104,21,70,70,True
104,22,120,120,True
104,23,80,80,True
104,24,120,120,True
104,25,100,100,True
104,26,130,130,True
104,27,140,140,True
104,28,100,100,True
104,29,120,120,True
104,30,120,120,True
104,31,130,130,True
104,32,130,130,True
104,33,210,210,True
104,34,100,100,True
104,35,130,130,True
104,36,120,120,True
104,37,170,170,True
104,38,80,80,True
104,39,120,120,True
104,40,80,80,False
104,41,100,100,True
104,42,130,130,True
104,43,170,170,True
104,44,90,90,True
104,45,110,110,True
104,46,130,130,True
104,47,110,110,True
104,48,40,40,True
104,49,130,130,True
104,50,110,110,True
104,51,150,150,True
104,52,80,80,True
104,53,70,70,True
104,54,70,70,True
104,55,90,90,True
104,56,20,20,True
104,57,90,90,True
104,58,130,130,True
104,59,150,150,True
104,60,90,90,True
104,61,110,110,True
104,62,100,100,True
104,63,150,150,True
104,64,100,100,True
104,65,160,160,True
104,66,130,130,True
104,67,140,140,True
104,68,110,110,True
104,69,130,130,True
104,70,130,130,True
104,71,80,80,True
104,72,100,100,True
104,73,90,90,True
104,74,140,140,True
104,75,190,190,True
104,76,50,50,True
104,77,60,60,True
104,78,130,130,True
104,79,130,130,True
104,80,110,110,True
104,81,110,110,True
104,82,100,100,True
104,83,120,120,True
104,84,140,140,True
104,85,120,120,True
104,86,110,110,True
104,87,120,120,True
104,88,130,130,True
104,89,140,140,True
104,90,120,120,True
104,91,110,110,True
104,92,80,80,True
104,93,160,160,True
105,0,110,110,True
105,1,130,130,True
105,2,70,70,True
105,3,70,70,True
105,4,90,90,True
105,5,90,90,True
105,6,170,170,True
105,7,150,150,True
105,8,150,150,True
105,9,70,70,True
105,10,120,120,True
105,11,100,100,True
105,12,70,70,True
105,13,80,80,True
105,14,100,100,True
105,15,100,100,True
105,16,100,100,True
105,17,120,120,True
105,18,130,130,True
105,19,170,170,True
105,20,50,50,True
105,21,70,70,True
105,22,120,120,True
105,23,80,80,True
105,24,120,120,True
105,25,100,100,True
105,26,130,130,True
105,27,140,140,True
105,28,100,100,True
105,29,120,120,True
105,30,120,120,True
105,31,130,130,True
105,32,130,130,True
105,33,210,210,True
105,34,100,100,True
105,35,130,130,True
105,36,120,120,True
105,37,170,170,True
105,38,80,80,True
105,39,120,120,True
105,40,80,80,True
105,41,100,100,True
105,42,130,130,True
105,43,170,170,True
105,44,90,90,True
105,45,110,110,True
105,46,130,130,True
105,47,110,110,True
105,48,40,40,False
105,49,130,130,True
105,50,110,110,True
105,51,150,150,True
105,52,80,80,True
105,53,70,70,True
105,54,70,70,True
105,55,90,90,True
105,56,20,20,False
105,57,90,90,True
105,58,130,130,True
105,59,150,150,True
105,60,90,90,True
105,61,110,110,True
105,62,100,100,True
105,63,150,150,True
105,64,100,100,True
105,65,160,160,True
105,66,130,130,True
105,67,140,140,True
105,68,110,110,True
105,69,130,130,True
105,70,130,130,True
105,71,80,80,True
105,72,100,100,True
105,73,90,90,True
105,74,140,140,True
105,75,190,190,True
105,76,50,50,True
105,77,60,60,True
105,78,130,130,True
105,79,130,130,True
105,80,110,110,True
105,81,110,110,True
105,82,100,100,True
105,83,120,120,True
105,84,140,140,True
105,85,120,120,True
105,86,110,110,True
105,87,120,120,True
105,88,130,130,True
105,89,140,140,True
105,90,120,120,True
105,91,110,110,True
105,92,80,80,True
105,93,160,160,True
106,0,110,110,True
106,1,130,130,True
106,2,70,70,True
106,3,70,70,True
106,4,90,90,True
106,5,90,90,True
106,6,170,170,True
106,7,150,150,True
106,8,150,150,True
106,9,70,70,True
106,10,120,120,True
106,11,100,100,True
106,12,70,70,True
106,13,80,80,True
106,14,100,100,True
106,15,100,100,True
106,16,100,100,True
106,17,120,120,True
106,18,130,130,True
106,19,170,170,True
106,20,50,50,True
106,21,70,70,True
106,22,120,120,True
106,23,80,80,True
106,24,120,120,True
106,25,100,100,True
106,26,130,130,True
106,27,140,140,True
106,28,100,100,True
106,29,120,120,True
106,30,120,120,True
106,31,130,130,True
106,32,130,130,True
106,33,210,210,True
106,34,100,100,True
106,35,130,130,True
106,36,120,120,True
106,37,170,170,True
106,38,80,80,True
106,39,120,120,True
106,40,80,80,True
106,41,100,100,True
106,42,130,130,True
106,43,170,170,True
106,44,90,90,True
106,45,110,110,True
106,46,130,130,True
106,47,110,110,True
106,48,40,40,True
106,49,130,130,True
106,50,110,110,True
106,51,150,150,True
106,52,80,80,True
106,53,70,70,True
106,54,70,70,True
106,55,90,90,True
106,56,20,20,False
106,57,90,90,True
106,58,130,130,True
106,59,150,150,True
106,60,90,90,True
106,61,110,110,True
106,62,100,100,True
106,63,150,150,True
106,64,100,100,True
106,65,160,160,True
106,66,130,130,True
106,67,140,140,True
106,68,110,110,True
106,69,130,130,True
106,70,130,130,True
106,71,80,80,True
106,72,100,100,True
106,73,90,90,True
106,74,140,140,True
106,75,190,190,True
106,76,50,50,True
106,77,60,60,True
106,78,130,130,True
106,79,130,130,True
106,80,110,110,True
106,81,110,110,True
106,82,100,100,True
106,83,120,120,True
106,84,140,140,True
106,85,120,120,True
106,86,110,110,True
106,87,120,120,True
106,88,130,130,True
106,89,140,140,True
106,90,120,120,True
106,91,110,110,True
106,92,80,80,True
106,93,160,160,True
107,0,110,110,True
107,1,130,130,True
107,2,70,70,True
107,3,70,70,False
107,4,90,90,True
107,5,90,90,True
107,6,170,170,True
107,7,150,150,True
107,8,150,150,True
107,9,70,70,True
107,10,120,120,True
107,11,100,100,True
107,12,70,70,True
107,13,80,80,True
107,14,100,100,True
107,15,100,100,True
107,16,100,100,True
107,17,120,120,True
107,18,130,130,True
107,19,170,170,True
107,20,50,50,True
107,21,70,70,True
107,22,120,120,True
107,23,80,80,True
107,24,120,120,True
107,25,100,100,True
107,26,130,130,True
107,27,140,140,True
107,28,100,100,True
107,29,120,120,True
107,30,120,120,True
107,31,130,130,True
107,32,130,130,True
107,33,210,210,True
107,34,100,100,True
107,35,130,130,True
107,36,120,120,True
107,37,170,170,True
107,38,80,80,True
107,39,120,120,True
107,40,80,80,False
107,41,100,100,True
107,42,130,130,True
107,43,170,170,True
107,44,90,90,True
107,45,110,110,True
107,46,130,130,True
107,47,110,110,True
107,48,40,40,True
107,49,130,130,True
107,50,110,110,True
107,51,150,150,True
107,52,80,80,True
107,53,70,70,True
107,54,70,70,True
107,55,90,90,True
107,56,20,20,True
107,57,90,90,True
107,58,130,130,True
107,59,150,150,True
107,60,90,90,True
107,61,110,110,True
107,62,100,100,True
107,63,150,150,True
107,64,100,100,True
107,65,160,160,True
107,66,130,130,True
107,67,140,140,True
107,68,110,110,True
107,69,130,130,True
107,70,130,130,True
107,71,80,80,True
107,72,100,100,True
107,73,90,90,True
107,74,140,140,True
107,75,190,190,True
107,76,50,50,True
107,77,60,60,True
107,78,130,130,True
107,79,130,130,True
107,80,110,110,True
107,81,110,110,True
107,82,100,100,True
107,83,120,120,True
107,84,140,140,True
107,85,120,120,True
107,86,110,110,True
107,87,120,120,True
107,88,130,130,True
107,89,140,140,True
107,90,120,120,True
107,91,110,110,True
107,92,80,80,True
107,93,160,160,True
108,0,110,110,True
108,1,130,130,True
108,2,70,70,True
108,3,70,70,True
108,4,90,90,True
108,5,90,90,True
108,6,170,170,True
108,7,150,150,True
108,8,150,150,True
108,9,70,70,True
108,10,120,120,True
108,11,100,100,True
108,12,70,70,True
108,13,80,80,True
108,14,100,100,True
108,15,100,100,True
108,16,100,100,True
108,17,120,120,True
108,18,130,130,True
108,19,170,170,True
108,20,50,50,True
108,21,70,70,True
108,22,120,120,True
108,23,80,80,True
108,24,120,120,True
108,25,100,100,True
108,26,130,130,True
108,27,140,140,True
108,28,100,100,True
108,29,120,120,True
108,30,120,120,True
108,31,130,130,True
108,32,130,130,True
108,33,210,210,True
108,34,100,100,True
108,35,130,130,True
108,36,120,120,True
108,37,170,170,True
108,38,80,80,True
108,39,120,120,True
108,40,80,80,True
108,41,100,100,True
108,42,130,130,True
108,43,170,170,True
108,44,90,90,True
108,45,110,110,True
108,46,130,130,True
108,47,110,110,True
108,48,40,40,True
108,49,130,130,True
108,50,110,110,True
108,51,150,150,True
108,52,80,80,True
108,53,70,70,True
108,54,70,70,True
108,55,90,90,True
108,56,20,20,True
108,57,90,90,True
108,58,130,130,True
108,59,150,150,True
108,60,90,90,True
108,61,110,110,True
108,62,100,100,True
108,63,150,150,True
108,64,100,100,True
108,65,160,160,True
108,66,130,130,True
108,67,140,140,True
108,68,110,110,True
108,69,130,130,True
108,70,130,130,True
108,71,80,80,True
108,72,100,100,True
108,73,90,90,True
108,74,140,140,True
108,75,190,190,True
108,76,50,50,True
108,77,60,60,True
108,78,130,130,True
108,79,130,130,True
108,80,110,110,True
108,81,110,110,True
108,82,100,100,True
108,83,120,120,True
108,84,140,140,True
108,85,120,120,True
108,86,110,110,True
108,87,120,120,True
108,88,130,130,True
108,89,140,140,True
108,90,120,120,True
108,91,110,110,True
108,92,80,80,True
108,93,160,160,True
109,0,110,110,True
109,1,130,130,True
109,2,70,70,True
109,3,70,70,True
109,4,90,90,True
109,5,90,90,True
109,6,170,170,True
109,7,150,150,True
109,8,150,150,True
109,9,70,70,True
109,10,120,120,True
109,11,100,100,True
109,12,70,70,True
109,13,80,80,True
109,14,100,100,True
109,15,100,100,True
109,16,100,100,True
109,17,120,120,True
109,18,130,130,True
109,19,170,170,True
109,20,50,50,True
109,21,70,70,True
109,22,120,120,True
109,23,80,80,True
109,24,120,120,True
109,25,100,100,True
109,26,130,130,True
109,27,140,140,True
109,28,100,100,True
109,29,120,120,True
109,30,120,120,True
109,31,130,130,True
109,32,130,130,True
109,33,210,210,True
109,34,100,100,True
109,35,130,130,True
109,36,120,120,True
109,37,170,170,True
109,38,80,80,True
109,39,120,120,True
109,40,80,80,True
109,41,100,100,True
109,42,130,130,True
109,43,170,170,True
109,44,90,90,True
109,45,110,110,True
109,46,130,130,True
109,47,110,110,True
109,48,40,40,False
109,49,130,130,True
109,50,110,110,True
109,51,150,150,True
109,52,80,80,True
109,53,70,70,True
109,54,70,70,True
109,55,90,90,True
109,56,20,20,True
109,57,90,90,True
109,58,130,130,True
109,59,150,150,True
109,60,90,90,True
109,61,110,110,True
109,62,100,100,True
109,63,150,150,True
109,64,100,100,True
109,65,160,160,True
109,66,130,130,True
109,67,140,140,True
109,68,110,110,True
109,69,130,130,True
109,70,130,130,True
109,71,80,80,True
109,72,100,100,True
109,73,90,90,True
109,74,140,140,True
109,75,190,190,True
109,76,50,50,True
109,77,60,60,True
109,78,130,130,True
109,79,130,130,True
109,80,110,110,True
109,81,110,110,True
109,82,100,100,True
109,83,120,120,True
109,84,140,140,True
109,85,120,120,True
109,86,110,110,True
109,87,120,120,True
109,88,130,130,True
109,89,140,140,True
109,90,120,120,True
109,91,110,110,True
109,92,80,80,True
109,93,160,160,True
110,0,110,110,True
110,1,130,130,True
110,2,70,70,True
110,3,70,70,True
110,4,90,90,True
110,5,90,90,True
110,6,170,170,True
110,7,150,150,True
110,8,150,150,True
110,9,70,70,True
110,10,120,120,True
110,11,100,100,True
110,12,70,70,True
110,13,80,80,True
110,14,100,100,True
110,15,100,100,True
110,16,100,100,True
110,17,120,120,True
110,18,130,130,True
110,19,170,170,True
110,20,50,50,True
110,21,70,70,True
110,22,120,120,True
110,23,80,80,True
110,24,120,120,True
110,25,100,100,True
110,26,130,130,True
110,27,140,140,True
110,28,100,100,True
110,29,120,120,True
110,30,120,120,True
110,31,130,130,True
110,32,130,130,True
110,33,210,210,True
110,34,100,100,True
110,35,130,130,True
110,36,120,120,True
110,37,170,170,True
110,38,80,80,True
110,39,120,120,True
110,40,80,80,True
110,41,100,100,True
110,42,130,130,True
110,43,170,170,True
110,44,90,90,True
110,45,110,110,True
110,46,130,130,True
110,47,110,110,True
110,48,40,40,True
110,49,130,130,True
110,50,110,110,True
110,51,150,150,True
110,52,80,80,True
110,53,70,70,True
110,54,70,70,True
110,55,90,90,True
110,56,20,20,True
110,57,90,90,True
110,58,130,130,True
110,59,150,150,True
110,60,90,90,True
110,61,110,110,True
110,62,100,100,True
110,63,150,150,True
110,64,100,100,True
110,65,160,160,True
110,66,130,130,True
110,67,140,140,True
110,68,110,110,True
110,69,130,130,True
110,70,130,130,True
110,71,80,80,True
110,72,100,100,True
110,73,90,90,True
110,74,140,140,True
110,75,190,190,True
110,76,50,50,True
110,77,60,60,True
110,78,130,130,True
110,79,130,130,True
110,80,110,110,True
110,81,110,110,True
110,82,100,100,True
110,83,120,120,True
110,84,140,140,True
110,85,120,120,True
110,86,110,110,True
110,87,120,120,True
110,88,130,130,True
110,89,140,140,True
110,90,120,120,True
110,91,110,110,True
110,92,80,80,True
110,93,160,160,True
111,0,110,110,True
111,1,130,130,True
111,2,70,70,True
111,3,70,70,True
111,4,90,90,True
111,5,90,90,True
111,6,170,170,True
111,7,150,150,True
111,8,150,150,True
111,9,70,70,True
111,10,120,120,True
111,11,100,100,True
111,12,70,70,True
111,13,80,80,True
111,14,100,100,True
111,15,100,100,True
111,16,100,100,True
111,17,120,120,True
111,18,130,130,True
111,19,170,170,True
111,20,50,50,True
111,21,70,70,True
111,22,120,120,True
111,23,80,80,True
111,24,120,120,True
111,25,100,100,True
111,26,130,130,True
111,27,140,140,True
111,28,100,100,True
111,29,120,120,True
111,30,120,120,True
111,31,130,130,True
111,32,130,130,True
111,33,210,210,True
111,34,100,100,True
111,35,130,130,True
111,36,120,120,True
111,37,170,170,True
111,38,80,80,True
111,39,120,120,True
111,40,80,80,True
111,41,100,100,True
111,42,130,130,True
111,43,170,170,True
111,44,90,90,True
111,45,110,110,True
111,46,130,130,True
111,47,110,110,True
111,48,40,40,True
111,49,130,130,True
111,50,110,110,True
111,51,150,150,True
111,52,80,80,True
111,53,70,70,True
111,54,70,70,True
111,55,90,90,True
111,56,20,20,True
111,57,90,90,True
111,58,130,130,True
111,59,150,150,True
111,60,90,90,True
111,61,110,110,True
111,62,100,100,True
111,63,150,150,True
111,64,100,100,True
111,65,160,160,True
111,66,130,130,True
111,67,140,140,True
111,68,110,110,True
111,69,130,130,True
111,70,130,130,True
111,71,80,80,True
111,72,100,100,True
111,73,90,90,True
111,74,140,140,True
111,75,190,190,True
111,76,50,50,True
111,77,60,60,True
111,78,130,130,True
111,79,130,130,True
111,80,110,110,True
111,81,110,110,True
111,82,100,100,True
111,83,120,120,True
111,84,140,140,True
111,85,120,120,True
111,86,110,110,True
111,87,120,120,True
111,88,130,130,True
111,89,140,140,True
111,90,120,120,True
111,91,110,110,True
111,92,80,80,True
111,93,160,160,True
112,0,110,110,True
112,1,130,130,True
112,2,70,70,True
112,3,70,70,True
112,4,90,90,True
112,5,90,90,True
112,6,170,170,True
112,7,150,150,True
112,8,150,150,True
112,9,70,70,True
112,10,120,120,True
112,11,100,100,True
112,12,70,70,True
112,13,80,80,True
112,14,100,100,True
112,15,100,100,True
112,16,100,100,True
112,17,120,120,True
112,18,130,130,True
112,19,170,170,True
112,20,50,50,True
112,21,70,70,True
112,22,120,120,True
112,23,80,80,True
112,24,120,120,True
112,25,100,100,True
112,26,130,130,True
112,27,140,140,True
112,28,100,100,True
112,29,120,120,True
112,30,120,120,True
112,31,130,130,True
112,32,130,130,True
112,33,210,210,True
112,34,100,100,True
112,35,130,130,True
112,36,120,120,True
112,37,170,170,True
112,38,80,80,True
112,39,120,120,True
112,40,80,80,True
112,41,100,100,True
112,42,130,130,True
112,43,170,170,True
112,44,90,90,True
112,45,110,110,True
112,46,130,130,True
112,47,110,110,True
112,48,40,40,True
112,49,130,130,True
112,50,110,110,True
112,51,150,150,True
112,52,80,80,True
112,53,70,70,True
112,54,70,70,True
112,55,90,90,True
112,56,20,20,True
112,57,90,90,True
112,58,130,130,True
112,59,150,150,True
112,60,90,90,True
112,61,110,110,True
112,62,100,100,True
112,63,150,150,True
112,64,100,100,True
112,65,160,160,True
112,66,130,130,True
112,67,140,140,True
112,68,110,110,True
112,69,130,130,True
112,70,130,130,True
112,71,80,80,True
112,72,100,100,True
112,73,90,90,True
112,74,140,140,True
112,75,190,190,True
112,76,50,50,True
112,77,60,60,True
112,78,130,130,True
112,79,130,130,True
112,80,110,110,True
112,81,110,110,True
112,82,100,100,True
112,83,120,120,True
112,84,140,140,True
112,85,120,120,True
112,86,110,110,True
112,87,120,120,True
112,88,130,130,True
112,89,140,140,True
112,90,120,120,True
112,91,110,110,True
112,92,80,80,True
112,93,160,160,True
113,0,110,110,True
113,1,130,130,True
113,2,70,70,True
113,3,70,70,True
113,4,90,90,True
113,5,90,90,True
113,6,170,170,True
113,7,150,150,True
113,8,150,150,True
113,9,70,70,True
113,10,120,120,True
113,11,100,100,True
113,12,70,70,True
113,13,80,80,True
113,14,100,100,True
113,15,100,100,True
113,16,100,100,True
113,17,120,120,True
113,18,130,130,True
113,19,170,170,True
113,20,50,50,True
113,21,70,70,True
113,22,120,120,True
113,23,80,80,True
113,24,120,120,True
113,25,100,100,True
113,26,130,130,True
113,27,140,140,True
113,28,100,100,True
113,29,120,120,True
113,30,120,120,True
113,31,130,130,True
113,32,130,130,True
113,33,210,210,True
113,34,100,100,True
113,35,130,130,True
113,36,120,120,True
113,37,170,170,True
113,38,80,80,True
113,39,120,120,True
113,40,80,80,True
113,41,100,100,True
113,42,130,130,True
113,43,170,170,True
113,44,90,90,True
113,45,110,110,True
113,46,130,130,True
113,47,110,110,True
113,48,40,40,True
113,49,130,130,True
113,50,110,110,True
113,51,150,150,True
113,52,80,80,True
113,53,70,70,True
113,54,70,70,True
113,55,90,90,True
113,56,20,20,True
113,57,90,90,True
113,58,130,130,True
113,59,150,150,True
113,60,90,90,True
113,61,110,110,True
113,62,100,100,True
113,63,150,150,True
113,64,100,100,True
113,65,160,160,True
113,66,130,130,True
113,67,140,140,True
113,68,110,110,True
113,69,130,130,True
113,70,130,130,True
113,71,80,80,True
113,72,100,100,True
113,73,90,90,True
113,74,140,140,True
113,75,190,190,True
113,76,50,50,True
113,77,60,60,True
113,78,130,130,True
113,79,130,130,True
113,80,110,110,True
113,81,110,110,True
113,82,100,100,True
113,83,120,120,True
113,84,140,140,True
113,85,120,120,True
113,86,110,110,True
113,87,120,120,True
113,88,130,130,True
113,89,140,140,True
113,90,120,120,True
113,91,110,110,True
113,92,80,80,True
113,93,160,160,True
114,0,110,110,True
114,1,130,130,True
114,2,70,70,True
114,3,70,70,True
114,4,90,90,True
114,5,90,90,True
114,6,170,170,True
114,7,150,150,True
114,8,150,150,True
114,9,70,70,True
114,10,120,120,True
114,11,100,100,True
114,12,70,70,True
114,13,80,80,True
114,14,100,100,True
114,15,100,100,True
114,16,100,100,True
114,17,120,120,True
114,18,130,130,True
114,19,170,170,True
114,20,50,50,True
114,21,70,70,True
114,22,120,120,True
114,23,80,80,True
114,24,120,120,True
114,25,100,100,True
114,26,130,130,True
114,27,140,140,True
114,28,100,100,True
114,29,120,120,True
114,30,120,120,True
114,31,130,130,True
114,32,130,130,True
114,33,210,210,True
114,34,100,100,True
114,35,130,130,True
114,36,120,120,True
114,37,170,170,True
114,38,80,80,True
114,39,120,120,True
114,40,80,80,True
114,41,100,100,True
114,42,130,130,True
114,43,170,170,True
114,44,90,90,True
114,45,110,110,True
114,46,130,130,True
114,47,110,110,True
114,48,40,40,False
114,49,130,130,True
114,50,110,110,True
114,51,150,150,True
114,52,80,80,True
114,53,70,70,True
114,54,70,70,True
114,55,90,90,True
114,56,20,20,False
114,57,90,90,True
114,58,130,130,True
114,59,150,150,True
114,60,90,90,True
114,61,110,110,True
114,62,100,100,True
114,63,150,150,True
114,64,100,100,True
114,65,160,160,True
114,66,130,130,True
114,67,140,140,True
114,68,110,110,True
114,69,130,130,True
114,70,130,130,True
114,71,80,80,True
114,72,100,100,True
114,73,90,90,True
114,74,140,140,True
114,75,190,190,True
114,76,50,50,True
114,77,60,60,True
114,78,130,130,True
114,79,130,130,True
114,80,110,110,True
114,81,110,110,True
114,82,100,100,True
114,83,120,120,True
114,84,140,140,True
114,85,120,120,True
114,86,110,110,True
114,87,120,120,True
114,88,130,130,True
114,89,140,140,True
114,90,120,120,True
114,91,110,110,True
114,92,80,80,True
114,93,160,160,True
115,0,110,110,True
115,1,130,130,True
115,2,70,70,True
115,3,70,70,False
115,4,90,90,True
115,5,90,90,True
115,6,170,170,True
115,7,150,150,True
115,8,150,150,True
115,9,70,70,True
115,10,120,120,True
115,11,100,100,True
115,12,70,70,True
115,13,80,80,True
115,14,100,100,True
115,15,100,100,True
115,16,100,100,True
115,17,120,120,True
115,18,130,130,True
115,19,170,170,True
115,20,50,50,True
115,21,70,70,True
115,22,120,120,True
115,23,80,80,True
115,24,120,120,True
115,25,100,100,True
115,26,130,130,True
115,27,140,140,True
115,28,100,100,True
115,29,120,120,True
115,30,120,120,True
115,31,130,130,True
115,32,130,130,True
115,33,210,210,True
115,34,100,100,True
115,35,130,130,True
115,36,120,120,True
115,37,170,170,True
115,38,80,80,True
115,39,120,120,True
115,40,80,80,True
115,41,100,100,True
115,42,130,130,True
115,43,170,170,True
115,44,90,90,True
115,45,110,110,True
115,46,130,130,True
115,47,110,110,True
115,48,40,40,True
115,49,130,130,True
115,50,110,110,True
115,51,150,150,True
115,52,80,80,True
115,53,70,70,True
115,54,70,70,True
115,55,90,90,True
115,56,20,20,False
115,57,90,90,True
115,58,130,130,True
115,59,150,150,True
115,60,90,90,True
115,61,110,110,True
115,62,100,100,True
115,63,150,150,True
115,64,100,100,True
115,65,160,160,True
115,66,130,130,True
115,67,140,140,True
115,68,110,110,True
115,69,130,130,True
115,70,130,130,True
115,71,80,80,True
115,72,100,100,True
115,73,90,90,True
115,74,140,140,True
115,75,190,190,True
115,76,50,50,True
115,77,60,60,True
115,78,130,130,True
115,79,130,130,True
115,80,110,110,True
115,81,110,110,True
115,82,100,100,True
115,83,120,120,True
115,84,140,140,True
115,85,120,120,True
115,86,110,110,True
115,87,120,120,True
115,88,130,130,True
115,89,140,140,True
115,90,120,120,True
115,91,110,110,True
115,92,80,80,True
115,93,160,160,True
116,0,110,110,True
116,1,130,130,True
116,2,70,70,True
116,3,70,70,True
116,4,90,90,True
116,5,90,90,True
116,6,170,170,True
116,7,150,150,True
116,8,150,150,True
116,9,70,70,True
116,10,120,120,True
116,11,100,100,True
116,12,70,70,True
116,13,80,80,True
116,14,100,100,True
116,15,100,100,True
116,16,100,100,True
116,17,120,120,True
116,18,130,130,True
116,19,170,170,True
116,20,50,50,True
116,21,70,70,True
116,22,120,120,True
116,23,80,80,True
116,24,120,120,True
116,25,100,100,True
116,26,130,130,True
116,27,140,140,True
116,28,100,100,True
116,29,120,120,True
116,30,120,120,True
116,31,130,130,True
116,32,130,130,True
116,33,210,210,True
116,34,100,100,True
116,35,130,130,True
116,36,120,120,True
116,37,170,170,True
116,38,80,80,True
116,39,120,120,True
116,40,80,80,True
116,41,100,100,True
116,42,130,130,True
116,43,170,170,True
116,44,90,90,True
116,45,110,110,True
116,46,130,130,True
116,47,110,110,True
116,48,40,40,True
116,49,130,130,True
116,50,110,110,True
116,51,150,150,True
116,52,80,80,True
116,53,70,70,True
116,54,70,70,True
116,55,90,90,True
116,56,20,20,False
116,57,90,90,True
116,58,130,130,True
116,59,150,150,True
116,60,90,90,True
116,61,110,110,True
116,62,100,100,True
116,63,150,150,True
116,64,100,100,True
116,65,160,160,True
116,66,130,130,True
116,67,140,140,True
116,68,110,110,True
116,69,130,130,True
116,70,130,130,True
116,71,80,80,True
116,72,100,100,True
116,73,90,90,True
116,74,140,140,True
116,75,190,190,True
116,76,50,50,True
116,77,60,60,True
116,78,130,130,True
116,79,130,130,True
116,80,110,110,True
116,81,110,110,True
116,82,100,100,True
116,83,120,120,True
116,84,140,140,True
116,85,120,120,True
116,86,110,110,True
116,87,120,120,True
116,88,130,130,True
116,89,140,140,True
116,90,120,120,True
116,91,110,110,True
116,92,80,80,True
116,93,160,160,True
117,0,110,110,True
117,1,130,130,True
117,2,70,70,True
117,3,70,70,True
117,4,90,90,True
117,5,90,90,True
117,6,170,170,True
117,7,150,150,True
117,8,150,150,True
117,9,70,70,True
117,10,120,120,True
117,11,100,100,True
117,12,70,70,True
117,13,80,80,True
117,14,100,100,True
117,15,100,100,True
117,16,100,100,True
117,17,120,120,True
117,18,130,130,True
117,19,170,170,True
117,20,50,50,True
117,21,70,70,True
117,22,120,120,True
117,23,80,80,True
117,24,120,120,True
117,25,100,100,True
117,26,130,130,True
117,27,140,140,True
117,28,100,100,True
117,29,120,120,True
117,30,120,120,True
117,31,130,130,True
117,32,130,130,True
117,33,210,210,True
117,34,100,100,True
117,35,130,130,True
117,36,120,120,True
117,37,170,170,True
117,38,80,80,True
117,39,120,120,True
117,40,80,80,True
117,41,100,100,True
117,42,130,130,True
117,43,170,170,True
117,44,90,90,True
117,45,110,110,True
117,46,130,130,True
117,47,110,110,True
117,48,40,40,True
117,49,130,130,True
117,50,110,110,True
117,51,150,150,True
117,52,80,80,True
117,53,70,70,True
117,54,70,70,True
117,55,90,90,True
117,56,20,20,True
117,57,90,90,True
117,58,130,130,True
117,59,150,150,True
117,60,90,90,True
117,61,110,110,True
117,62,100,100,True
117,63,150,150,True
117,64,100,100,True
117,65,160,160,True
117,66,130,130,True
117,67,140,140,True
117,68,110,110,True
117,69,130,130,True
117,70,130,130,True
117,71,80,80,True
117,72,100,100,True
117,73,90,90,True
117,74,140,140,True
117,75,190,190,True
117,76,50,50,True
117,77,60,60,True
117,78,130,130,True
117,79,130,130,True
117,80,110,110,True
117,81,110,110,True
117,82,100,100,True
117,83,120,120,True
117,84,140,140,True
117,85,120,120,True
117,86,110,110,True
117,87,120,120,True
117,88,130,130,True
117,89,140,140,True
117,90,120,120,True
117,91,110,110,True
117,92,80,80,True
117,93,160,160,True
118,0,110,110,True
118,1,130,130,True
118,2,70,70,True
118,3,70,70,True
118,4,90,90,True
118,5,90,90,True
118,6,170,170,True
118,7,150,150,True
118,8,150,150,True
118,9,70,70,True
118,10,120,120,True
118,11,100,100,True
118,12,70,70,True
118,13,80,80,True
118,14,100,100,True
118,15,100,100,True
118,16,100,100,True
118,17,120,120,True
118,18,130,130,True
118,19,170,170,True
118,20,50,50,True
118,21,70,70,True
118,22,120,120,True
118,23,80,80,True
118,24,120,120,True
118,25,100,100,True
118,26,130,130,True
118,27,140,140,True
118,28,100,100,True
118,29,120,120,True
118,30,120,120,True
118,31,130,130,True
118,32,130,130,True
118,33,210,210,True
118,34,100,100,True
118,35,130,130,True
118,36,120,120,True
118,37,170,170,True
118,38,80,80,True
118,39,120,120,True
118,40,80,80,True
118,41,100,100,True
118,42,130,130,True
118,43,170,170,True
118,44,90,90,True
118,45,110,110,True
118,46,130,130,True
118,47,110,110,True
118,48,40,40,True
118,49,130,130,True
118,50,110,110,True
118,51,150,150,True
118,52,80,80,True
118,53,70,70,True
118,54,70,70,True
118,55,90,90,True
118,56,20,20,False
118,57,90,90,True
118,58,130,130,True
118,59,150,150,True
118,60,90,90,True
118,61,110,110,True
118,62,100,100,True
118,63,150,150,True
118,64,100,100,True
118,65,160,160,True
118,66,130,130,True
118,67,140,140,True
118,68,110,110,True
118,69,130,130,True
118,70,130,130,True
118,71,80,80,True
118,72,100,100,True
118,73,90,90,True
118,74,140,140,True
118,75,190,190,True
118,76,50,50,True
118,77,60,60,True
118,78,130,130,True
118,79,130,130,True
118,80,110,110,True
118,81,110,110,True
118,82,100,100,True
118,83,120,120,True
118,84,140,140,True
118,85,120,120,True
118,86,110,110,True
118,87,120,120,True
118,88,130,130,True
118,89,140,140,True
118,90,120,120,True
118,91,110,110,True
118,92,80,80,True
118,93,160,160,True
119,0,110,110,True
119,1,130,130,True
119,2,70,70,True
119,3,70,70,True
119,4,90,90,True
119,5,90,90,True
119,6,170,170,True
119,7,150,150,True
119,8,150,150,True
119,9,70,70,True
119,10,120,120,True
119,11,100,100,True
119,12,70,70,True
119,13,80,80,True
119,14,100,100,True
119,15,100,100,True
119,16,100,100,True
119,17,120,120,True
119,18,130,130,True
119,19,170,170,True
119,20,50,50,True
119,21,70,70,True
119,22,120,120,True
119,23,80,80,True
119,24,120,120,True
119,25,100,100,True
119,26,130,130,True
119,27,140,140,True
119,28,100,100,True
119,29,120,120,True
119,30,120,120,True
119,31,130,130,True
119,32,130,130,True
119,33,210,210,True
119,34,100,100,True
119,35,130,130,True
119,36,120,120,True
119,37,170,170,True
119,38,80,80,True
119,39,120,120,True
119,40,80,80,False
119,41,100,100,True
119,42,130,130,True
119,43,170,170,True
119,44,90,90,True
119,45,110,110,True
119,46,130,130,True
119,47,110,110,True
119,48,40,40,True
119,49,130,130,True
119,50,110,110,True
119,51,150,150,True
119,52,80,80,True
119,53,70,70,True
119,54,70,70,True
119,55,90,90,True
119,56,20,20,False
119,57,90,90,True
119,58,130,130,True
119,59,150,150,True
119,60,90,90,True
119,61,110,110,True
119,62,100,100,True
119,63,150,150,True
119,64,100,100,True
119,65,160,160,True
119,66,130,130,True
119,67,140,140,True
119,68,110,110,True
119,69,130,130,True
119,70,130,130,True
119,71,80,80,True
119,72,100,100,True
119,73,90,90,True
119,74,140,140,True
119,75,190,190,True
119,76,50,50,True
119,77,60,60,True
119,78,130,130,True
119,79,130,130,True
119,80,110,110,True
119,81,110,110,True
119,82,100,100,True
119,83,120,120,True
119,84,140,140,True
119,85,120,120,True
119,86,110,110,True
119,87,120,120,True
119,88,130,130,True
119,89,140,140,True
119,90,120,120,True
119,91,110,110,True
119,92,80,80,True
119,93,160,160,True
120,0,110,110,True
120,1,130,130,True
120,2,70,70,True
120,3,70,70,True
120,4,90,90,True
120,5,90,90,True
120,6,170,170,True
120,7,150,150,True
120,8,150,150,True
120,9,70,70,True
120,10,120,120,True
120,11,100,100,True
120,12,70,70,True
120,13,80,80,True
120,14,100,100,True
120,15,100,100,True
120,16,100,100,True
120,17,120,120,True
120,18,130,130,True
120,19,170,170,True
120,20,50,50,True
120,21,70,70,True
120,22,120,120,True
120,23,80,80,True
120,24,120,120,True
120,25,100,100,True
120,26,130,130,True
120,27,140,140,True
120,28,100,100,True
120,29,120,120,True
120,30,120,120,True
120,31,130,130,True
120,32,130,130,True
120,33,210,210,True
120,34,100,100,True
120,35,130,130,True
120,36,120,120,True
120,37,170,170,True
120,38,80,80,True
120,39,120,120,True
120,40,80,80,True
120,41,100,100,True
120,42,130,130,True
120,43,170,170,True
120,44,90,90,True
120,45,110,110,True
120,46,130,130,True
120,47,110,110,True
120,48,40,40,True
120,49,130,130,True
120,50,110,110,True
120,51,150,150,True
120,52,80,80,True
120,53,70,70,True
120,54,70,70,True
120,55,90,90,True
120,56,20,20,False
120,57,90,90,True
120,58,130,130,True
120,59,150,150,True
120,60,90,90,True
120,61,110,110,True
120,62,100,100,True
120,63,150,150,True
120,64,100,100,True
120,65,160,160,True
120,66,130,130,True
120,67,140,140,True
120,68,110,110,True
120,69,130,130,True
120,70,130,130,True
120,71,80,80,True
120,72,100,100,True
120,73,90,90,True
120,74,140,140,True
120,75,190,190,True
120,76,50,50,True
120,77,60,60,True
120,78,130,130,True
120,79,130,130,True
120,80,110,110,True
120,81,110,110,True
120,82,100,100,True
120,83,120,120,True
120,84,140,140,True
120,85,120,120,True
120,86,110,110,True
120,87,120,120,True
120,88,130,130,True
120,89,140,140,True
120,90,120,120,True
120,91,110,110,True
120,92,80,80,True
120,93,160,160,True
121,0,110,110,True
121,1,130,130,True
121,2,70,70,True
121,3,70,70,True
121,4,90,90,True
121,5,90,90,True
121,6,170,170,True
121,7,150,150,True
121,8,150,150,True
121,9,70,70,True
121,10,120,120,True
121,11,100,100,True
121,12,70,70,True
121,13,80,80,True
121,14,100,100,True
121,15,100,100,True
121,16,100,100,True
121,17,120,120,True
121,18,130,130,True
121,19,170,170,True
121,20,50,50,True
121,21,70,70,True
121,22,120,120,True
121,23,80,80,True
121,24,120,120,True
121,25,100,100,True
121,26,130,130,True
121,27,140,140,True
121,28,100,100,True
121,29,120,120,True
121,30,120,120,True
121,31,130,130,True
121,32,130,130,True
121,33,210,210,True
121,34,100,100,True
121,35,130,130,True
121,36,120,120,True
121,37,170,170,True
121,38,80,80,True
121,39,120,120,True
121,40,80,80,True
121,41,100,100,True
121,42,130,130,True
121,43,170,170,True
121,44,90,90,True
121,45,110,110,True
121,46,130,130,True
121,47,110,110,True
121,48,40,40,True
121,49,130,130,True
121,50,110,110,True
121,51,150,150,True
121,52,80,80,True
121,53,70,70,True
121,54,70,70,True
121,55,90,90,True
121,56,20,20,True
121,57,90,90,True
121,58,130,130,True
121,59,150,150,True
121,60,90,90,True
121,61,110,110,True
121,62,100,100,True
121,63,150,150,True
121,64,100,100,True
121,65,160,160,True
121,66,130,130,True
121,67,140,140,True
121,68,110,110,True
121,69,130,130,True
121,70,130,130,True
121,71,80,80,True
121,72,100,100,True
121,73,90,90,True
121,74,140,140,True
121,75,190,190,True
121,76,50,50,True
121,77,60,60,True
121,78,130,130,True
121,79,130,130,True
121,80,110,110,True
121,81,110,110,True
121,82,100,100,True
121,83,120,120,True
121,84,140,140,True
121,85,120,120,True
121,86,110,110,True
121,87,120,120,True
121,88,130,130,True
121,89,140,140,True
121,90,120,120,True
121,91,110,110,True
121,92,80,80,True
121,93,160,160,True
122,0,110,110,True
122,1,130,130,True
122,2,70,70,True
122,3,70,70,True
122,4,90,90,True
122,5,90,90,True
122,6,170,170,True
122,7,150,150,True
122,8,150,150,True
122,9,70,70,True
122,10,120,120,True
122,11,100,100,True
122,12,70,70,True
122,13,80,80,True
122,14,100,100,True
122,15,100,100,True
122,16,100,100,True
122,17,120,120,True
122,18,130,130,True
122,19,170,170,True
122,20,50,50,True
122,21,70,70,True
122,22,120,120,True
122,23,80,80,True
122,24,120,120,True
122,25,100,100,True
122,26,130,130,True
122,27,140,140,True
122,28,100,100,True
122,29,120,120,True
122,30,120,120,True
122,31,130,130,True
122,32,130,130,True
122,33,210,210,True
122,34,100,100,True
122,35,130,130,True
122,36,120,120,True
122,37,170,170,True
122,38,80,80,True
122,39,120,120,True
122,40,80,80,True
122,41,100,100,True
122,42,130,130,True
122,43,170,170,True
122,44,90,90,True
122,45,110,110,True
122,46,130,130,True
122,47,110,110,True
122,48,40,40,True
122,49,130,130,True
122,50,110,110,True
122,51,150,150,True
122,52,80,80,True
122,53,70,70,True
122,54,70,70,True
122,55,90,90,True
122,56,20,20,True
122,57,90,90,True
122,58,130,130,True
122,59,150,150,True
122,60,90,90,True
122,61,110,110,True
122,62,100,100,True
122,63,150,150,True
122,64,100,100,True
122,65,160,160,True
122,66,130,130,True
122,67,140,140,True
122,68,110,110,True
122,69,130,130,True
122,70,130,130,True
122,71,80,80,True
122,72,100,100,True
122,73,90,90,True
122,74,140,140,True
122,75,190,190,True
122,76,50,50,True
122,77,60,60,True
122,78,130,130,True
122,79,130,130,True
122,80,110,110,True
122,81,110,110,True
122,82,100,100,True
122,83,120,120,True
122,84,140,140,True
122,85,120,120,True
122,86,110,110,True
122,87,120,120,True
122,88,130,130,True
122,89,140,140,True
122,90,120,120,True
122,91,110,110,True
122,92,80,80,True
122,93,160,160,True
123,0,110,110,True
123,1,130,130,True
123,2,70,70,True
123,3,70,70,True
123,4,90,90,True
123,5,90,90,True
123,6,170,170,True
123,7,150,150,True
123,8,150,150,True
123,9,70,70,True
123,10,120,120,True
123,11,100,100,True
123,12,70,70,True
123,13,80,80,True
123,14,100,100,True
123,15,100,100,True
123,16,100,100,True
123,17,120,120,True
123,18,130,130,True
123,19,170,170,True
123,20,50,50,True
123,21,70,70,True
123,22,120,120,True
123,23,80,80,True
123,24,120,120,True
123,25,100,100,True
123,26,130,130,True
123,27,140,140,True
123,28,100,100,True
123,29,120,120,True
123,30,120,120,True
123,31,130,130,True
123,32,130,130,True
123,33,210,210,True
123,34,100,100,True
123,35,130,130,True
123,36,120,120,True
123,37,170,170,True
123,38,80,80,True
123,39,120,120,True
123,40,80,80,True
123,41,100,100,True
123,42,130,130,True
123,43,170,170,True
123,44,90,90,False
123,45,110,110,True
123,46,130,130,True
123,47,110,110,True
123,48,40,40,True
123,49,130,130,True
123,50,110,110,True
123,51,150,150,True
123,52,80,80,True
123,53,70,70,True
123,54,70,70,True
123,55,90,90,True
123,56,20,20,False
123,57,90,90,True
123,58,130,130,True
123,59,150,150,True
123,60,90,90,True
123,61,110,110,True
123,62,100,100,True
123,63,150,150,True
123,64,100,100,True
123,65,160,160,True
123,66,130,130,True
123,67,140,140,True
123,68,110,110,True
123,69,130,130,True
123,70,130,130,True
123,71,80,80,True
123,72,100,100,True
123,73,90,90,True
123,74,140,140,True
123,75,190,190,True
123,76,50,50,True
123,77,60,60,True
123,78,130,130,True
123,79,130,130,True
123,80,110,110,True
123,81,110,110,True
123,82,100,100,True
123,83,120,120,True
123,84,140,140,True
123,85,120,120,True
123,86,110,110,True
123,87,120,120,True
123,88,130,130,True
123,89,140,140,True
123,90,120,120,True
123,91,110,110,True
123,92,80,80,True
123,93,160,160,True
124,0,110,110,True
124,1,130,130,True
124,2,70,70,True
124,3,70,70,True
124,4,90,90,True
124,5,90,90,True
124,6,170,170,True
124,7,150,150,True
124,8,150,150,True
124,9,70,70,True
124,10,120,120,True
124,11,100,100,True
124,12,70,70,True
124,13,80,80,True
124,14,100,100,True
124,15,100,100,True
124,16,100,100,True
124,17,120,120,True
124,18,130,130,True
124,19,170,170,True
124,20,50,50,True
124,21,70,70,True
124,22,120,120,True
124,23,80,80,True
124,24,120,120,True
124,25,100,100,True
124,26,130,130,True
124,27,140,140,True
124,28,100,100,True
124,29,120,120,True
124,30,120,120,True
124,31,130,130,True
124,32,130,130,True
124,33,210,210,True
124,34,100,100,True
124,35,130,130,True
124,36,120,120,True
124,37,170,170,True
124,38,80,80,True
124,39,120,120,True
124,40,80,80,True
124,41,100,100,True
124,42,130,130,True
124,43,170,170,True
124,44,90,90,True
124,45,110,110,True
124,46,130,130,True
124,47,110,110,True
124,48,40,40,True
124,49,130,130,True
124,50,110,110,True
124,51,150,150,True
124,52,80,80,True
124,53,70,70,True
124,54,70,70,True
124,55,90,90,True
124,56,20,20,True
124,57,90,90,True
124,58,130,130,True
124,59,150,150,True
124,60,90,90,True
124,61,110,110,True
124,62,100,100,True
124,63,150,150,True
124,64,100,100,True
124,65,160,160,True
124,66,130,130,True
124,67,140,140,True
124,68,110,110,True
124,69,130,130,True
124,70,130,130,True
124,71,80,80,True
124,72,100,100,True
124,73,90,90,True
124,74,140,140,True
124,75,190,190,True
124,76,50,50,True
124,77,60,60,True
124,78,130,130,True
124,79,130,130,True
124,80,110,110,True
124,81,110,110,True
124,82,100,100,True
124,83,120,120,True
124,84,140,140,True
124,85,120,120,True
124,86,110,110,True
124,87,120,120,True
124,88,130,130,True
124,89,140,140,True
124,90,120,120,True
124,91,110,110,True
124,92,80,80,True
124,93,160,160,True
125,0,110,110,True
125,1,130,130,True
125,2,70,70,True
125,3,70,70,True
125,4,90,90,True
125,5,90,90,True
125,6,170,170,True
125,7,150,150,True
125,8,150,150,True
125,9,70,70,True
125,10,120,120,True
125,11,100,100,True
125,12,70,70,True
125,13,80,80,True
125,14,100,100,True
125,15,100,100,True
125,16,100,100,True
125,17,120,120,True
125,18,130,130,True
125,19,170,170,True
125,20,50,50,True
125,21,70,70,True
125,22,120,120,True
125,23,80,80,True
125,24,120,120,True
125,25,100,100,True
125,26,130,130,True
125,27,140,140,True
125,28,100,100,True
125,29,120,120,True
125,30,120,120,True
125,31,130,130,True
125,32,130,130,True
125,33,210,210,True
125,34,100,100,True
125,35,130,130,True
125,36,120,120,True
125,37,170,170,True
125,38,80,80,True
125,39,120,120,True
125,40,80,80,True
125,41,100,100,True
125,42,130,130,True
125,43,170,170,True
125,44,90,90,True
125,45,110,110,True
125,46,130,130,True
125,47,110,110,True
125,48,40,40,False
125,49,130,130,True
125,50,110,110,True
125,51,150,150,True
125,52,80,80,True
125,53,70,70,True
125,54,70,70,True
125,55,90,90,True
125,56,20,20,True
125,57,90,90,True
125,58,130,130,True
125,59,150,150,True
125,60,90,90,True
125,61,110,110,True
125,62,100,100,True
125,63,150,150,True
125,64,100,100,True
125,65,160,160,True
125,66,130,130,True
125,67,140,140,True
125,68,110,110,True
125,69,130,130,True
125,70,130,130,True
125,71,80,80,True
125,72,100,100,True
125,73,90,90,True
125,74,140,140,True
125,75,190,190,True
125,76,50,50,True
125,77,60,60,True
125,78,130,130,True
125,79,130,130,True
125,80,110,110,True
125,81,110,110,True
125,82,100,100,True
125,83,120,120,True
125,84,140,140,True
125,85,120,120,True
125,86,110,110,True
125,87,120,120,True
125,88,130,130,True
125,89,140,140,True
125,90,120,120,True
125,91,110,110,True
125,92,80,80,True
125,93,160,160,True
126,0,110,110,True
126,1,130,130,True
126,2,70,70,True
126,3,70,70,True
126,4,90,90,True
126,5,90,90,True
126,6,170,170,True
126,7,150,150,True
126,8,150,150,True
126,9,70,70,True
126,10,120,120,True
126,11,100,100,True
126,12,70,70,True
126,13,80,80,True
126,14,100,100,True
126,15,100,100,True
126,16,100,100,True
126,17,120,120,True
126,18,130,130,True
126,19,170,170,True
126,20,50,50,True
126,21,70,70,True
126,22,120,120,True
126,23,80,80,True
126,24,120,120,True
126,25,100,100,True
126,26,130,130,True
126,27,140,140,True
126,28,100,100,True
126,29,120,120,True
126,30,120,120,True
126,31,130,130,True
126,32,130,130,True
126,33,210,210,True
126,34,100,100,True
126,35,130,130,True
126,36,120,120,True
126,37,170,170,True
126,38,80,80,True
126,39,120,120,True
126,40,80,80,True
126,41,100,100,True
126,42,130,130,True
126,43,170,170,True
126,44,90,90,True
126,45,110,110,True
126,46,130,130,True
126,47,110,110,True
126,48,40,40,True
126,49,130,130,True
126,50,110,110,True
126,51,150,150,True
126,52,80,80,True
126,53,70,70,True
126,54,70,70,True
126,55,90,90,True
126,56,20,20,True
126,57,90,90,True
126,58,130,130,True
126,59,150,150,True
126,60,90,90,True
126,61,110,110,True
126,62,100,100,True
126,63,150,150,True
126,64,100,100,True
126,65,160,160,True
126,66,130,130,True
126,67,140,140,True
126,68,110,110,True
126,69,130,130,True
126,70,130,130,True
126,71,80,80,True
126,72,100,100,True
126,73,90,90,True
126,74,140,140,True
126,75,190,190,True
126,76,50,50,True
126,77,60,60,True
126,78,130,130,True
126,79,130,130,True
126,80,110,110,True
126,81,110,110,True
126,82,100,100,True
126,83,120,120,True
126,84,140,140,True
126,85,120,120,True
126,86,110,110,True
126,87,120,120,True
126,88,130,130,True
126,89,140,140,True
126,90,120,120,True
126,91,110,110,True
126,92,80,80,True
126,93,160,160,True
127,0,110,110,True
127,1,130,130,True
127,2,70,70,True
127,3,70,70,True
127,4,90,90,True
127,5,90,90,True
127,6,170,170,True
127,7,150,150,True
127,8,150,150,True
127,9,70,70,True
127,10,120,120,True
127,11,100,100,True
127,12,70,70,True
127,13,80,80,True
127,14,100,100,True
127,15,100,100,True
127,16,100,100,True
127,17,120,120,True
127,18,130,130,True
127,19,170,170,True
127,20,50,50,True
127,21,70,70,True
127,22,120,120,True
127,23,80,80,True
127,24,120,120,True
127,25,100,100,True
127,26,130,130,True
127,27,140,140,True
127,28,100,100,True
127,29,120,120,True
127,30,120,120,True
127,31,130,130,True
127,32,130,130,True
127,33,210,210,True
127,34,100,100,True
127,35,130,130,True
127,36,120,120,True
127,37,170,170,True
127,38,80,80,True
127,39,120,120,True
127,40,80,80,True
127,41,100,100,True
127,42,130,130,True
127,43,170,170,True
127,44,90,90,True
127,45,110,110,True
127,46,130,130,True
127,47,110,110,True
127,48,40,40,True
127,49,130,130,True
127,50,110,110,True
127,51,150,150,True
127,52,80,80,True
127,53,70,70,True
127,54,70,70,True
127,55,90,90,True
127,56,20,20,True
127,57,90,90,True
127,58,130,130,True
127,59,150,150,True
127,60,90,90,True
127,61,110,110,True
127,62,100,100,True
127,63,150,150,True
127,64,100,100,True
127,65,160,160,True
127,66,130,130,True
127,67,140,140,True
127,68,110,110,True
127,69,130,130,True
127,70,130,130,True
127,71,80,80,True
127,72,100,100,True
127,73,90,90,True
127,74,140,140,True
127,75,190,190,True
127,76,50,50,True
127,77,60,60,True
127,78,130,130,True
127,79,130,130,True
127,80,110,110,True
127,81,110,110,True
127,82,100,100,True
127,83,120,120,True
127,84,140,140,True
127,85,120,120,True
127,86,110,110,True
127,87,120,120,True
127,88,130,130,True
127,89,140,140,True
127,90,120,120,True
127,91,110,110,True
127,92,80,80,True
127,93,160,160,True
128,0,110,110,True
128,1,130,130,True
128,2,70,70,True
128,3,70,70,True
128,4,90,90,True
128,5,90,90,True
128,6,170,170,True
128,7,150,150,True
128,8,150,150,True
128,9,70,70,True
128,10,120,120,True
128,11,100,100,True
128,12,70,70,True
128,13,80,80,True
128,14,100,100,True
128,15,100,100,True
128,16,100,100,True
128,17,120,120,True
128,18,130,130,True
128,19,170,170,True
128,20,50,50,True
128,21,70,70,True
128,22,120,120,True
128,23,80,80,True
128,24,120,120,True
128,25,100,100,True
128,26,130,130,True
128,27,140,140,True
128,28,100,100,True
128,29,120,120,True
128,30,120,120,True
128,31,130,130,True
128,32,130,130,True
128,33,210,210,True
128,34,100,100,True
128,35,130,130,True
128,36,120,120,True
128,37,170,170,True
128,38,80,80,True
128,39,120,120,True
128,40,80,80,True
128,41,100,100,True
128,42,130,130,True
128,43,170,170,True
128,44,90,90,True
128,45,110,110,True
128,46,130,130,True
128,47,110,110,True
128,48,40,40,True
128,49,130,130,True
128,50,110,110,True
128,51,150,150,True
128,52,80,80,True
128,53,70,70,True
128,54,70,70,False
128,55,90,90,True
128,56,20,20,True
128,57,90,90,True
128,58,130,130,True
128,59,150,150,True
128,60,90,90,True
128,61,110,110,True
128,62,100,100,True
128,63,150,150,True
128,64,100,100,True
128,65,160,160,True
128,66,130,130,True
128,67,140,140,True
128,68,110,110,True
128,69,130,130,True
128,70,130,130,True
128,71,80,80,True
128,72,100,100,True
128,73,90,90,True
128,74,140,140,True
128,75,190,190,True
128,76,50,50,True
128,77,60,60,True
128,78,130,130,True
128,79,130,130,True
128,80,110,110,True
128,81,110,110,True
128,82,100,100,True
128,83,120,120,True
128,84,140,140,True
128,85,120,120,True
128,86,110,110,True
128,87,120,120,True
128,88,130,130,True
128,89,140,140,True
128,90,120,120,True
128,91,110,110,True
128,92,80,80,True
128,93,160,160,True
129,0,110,110,True
129,1,130,130,True
129,2,70,70,True
129,3,70,70,True
129,4,90,90,True
129,5,90,90,True
129,6,170,170,True
129,7,150,150,True
129,8,150,150,True
129,9,70,70,True
129,10,120,120,True
129,11,100,100,True
129,12,70,70,True
129,13,80,80,True
129,14,100,100,True
129,15,100,100,True
129,16,100,100,True
129,17,120,120,True
129,18,130,130,True
129,19,170,170,True
129,20,50,50,True
129,21,70,70,True
129,22,120,120,True
129,23,80,80,True
129,24,120,120,True
129,25,100,100,True
129,26,130,130,True
129,27,140,140,True
129,28,100,100,True
129,29,120,120,True
129,30,120,120,True
129,31,130,130,True
129,32,130,130,True
129,33,210,210,True
129,34,100,100,False
129,35,130,130,True
129,36,120,120,True
129,37,170,170,True
129,38,80,80,True
129,39,120,120,True
129,40,80,80,True
129,41,100,100,True
129,42,130,130,True
129,43,170,170,True
129,44,90,90,True
129,45,110,110,True
129,46,130,130,True
129,47,110,110,True
129,48,40,40,True
129,49,130,130,True
129,50,110,110,True
129,51,150,150,True
129,52,80,80,True
129,53,70,70,True
129,54,70,70,True
129,55,90,90,True
129,56,20,20,True
129,57,90,90,True
129,58,130,130,True
129,59,150,150,True
129,60,90,90,True
129,61,110,110,True
129,62,100,100,True
129,63,150,150,True
129,64,100,100,True
129,65,160,160,True
129,66,130,130,True
129,67,140,140,True
129,68,110,110,True
129,69,130,130,True
129,70,130,130,True
129,71,80,80,True
129,72,100,100,True
129,73,90,90,True
129,74,140,140,True
129,75,190,190,True
129,76,50,50,True
129,77,60,60,True
129,78,130,130,True
129,79,130,130,True
129,80,110,110,True
129,81,110,110,True
129,82,100,100,True
129,83,120,120,True
129,84,140,140,True
129,85,120,120,True
129,86,110,110,True
129,87,120,120,True
129,88,130,130,True
129,89,140,140,True
129,90,120,120,True
129,91,110,110,True
129,92,80,80,True
129,93,160,160,True
130,0,110,110,True
130,1,130,130,True
130,2,70,70,True
130,3,70,70,True
130,4,90,90,True
130,5,90,90,True
130,6,170,170,True
130,7,150,150,True
130,8,150,150,True
130,9,70,70,True
130,10,120,120,True
130,11,100,100,True
130,12,70,70,True
130,13,80,80,True
130,14,100,100,True
130,15,100,100,True
130,16,100,100,True
130,17,120,120,True
130,18,130,130,True
130,19,170,170,True
130,20,50,50,True
130,21,70,70,True
130,22,120,120,True
130,23,80,80,True
130,24,120,120,True
130,25,100,100,True
130,26,130,130,True
130,27,140,140,True
130,28,100,100,True
130,29,120,120,True
130,30,120,120,True
130,31,130,130,True
130,32,130,130,True
130,33,210,210,True
130,34,100,100,True
130,35,130,130,True
130,36,120,120,True
130,37,170,170,True
130,38,80,80,True
130,39,120,120,True
130,40,80,80,True
130,41,100,100,True
130,42,130,130,True
130,43,170,170,True
130,44,90,90,True
130,45,110,110,True
130,46,130,130,True
130,47,110,110,True
130,48,40,40,True
130,49,130,130,True
130,50,110,110,True
130,51,150,150,True
130,52,80,80,True
130,53,70,70,True
130,54,70,70,True
130,55,90,90,True
130,56,20,20,True
130,57,90,90,True
130,58,130,130,True
130,59,150,150,True
130,60,90,90,True
130,61,110,110,True
130,62,100,100,True
130,63,150,150,True
130,64,100,100,True
130,65,160,160,True
130,66,130,130,True
130,67,140,140,True
130,68,110,110,True
130,69,130,130,True
130,70,130,130,True
130,71,80,80,True
130,72,100,100,True
130,73,90,90,True
130,74,140,140,True
130,75,190,190,True
130,76,50,50,True
130,77,60,60,True
130,78,130,130,True
130,79,130,130,True
130,80,110,110,True
130,81,110,110,True
130,82,100,100,True
130,83,120,120,True
130,84,140,140,True
130,85,120,120,True
130,86,110,110,True
130,87,120,120,True
130,88,130,130,True
130,89,140,140,True
130,90,120,120,True
130,91,110,110,True
130,92,80,80,True
130,93,160,160,True
131,0,110,110,True
131,1,130,130,True
131,2,70,70,True
131,3,70,70,True
131,4,90,90,True
131,5,90,90,True
131,6,170,170,True
131,7,150,150,True
131,8,150,150,True
131,9,70,70,True
131,10,120,120,True
131,11,100,100,True
131,12,70,70,True
131,13,80,80,True
131,14,100,100,True
131,15,100,100,True
131,16,100,100,True
131,17,120,120,True
131,18,130,130,True
131,19,170,170,True
131,20,50,50,True
131,21,70,70,True
131,22,120,120,True
131,23,80,80,True
131,24,120,120,True
131,25,100,100,True
131,26,130,130,True
131,27,140,140,True
131,28,100,100,True
131,29,120,120,True
131,30,120,120,True
131,31,130,130,True
131,32,130,130,True
131,33,210,210,True
131,34,100,100,True
131,35,130,130,True
131,36,120,120,True
131,37,170,170,True
131,38,80,80,True
131,39,120,120,True
131,40,80,80,True
131,41,100,100,True
131,42,130,130,True
131,43,170,170,True
131,44,90,90,True
131,45,110,110,True
131,46,130,130,True
131,47,110,110,True
131,48,40,40,True
131,49,130,130,True
131,50,110,110,True
131,51,150,150,True
131,52,80,80,True
131,53,70,70,True
131,54,70,70,True
131,55,90,90,True
131,56,20,20,False
131,57,90,90,True
131,58,130,130,True
131,59,150,150,True
131,60,90,90,True
131,61,110,110,True
131,62,100,100,True
131,63,150,150,True
131,64,100,100,True
131,65,160,160,True
131,66,130,130,True
131,67,140,140,True
131,68,110,110,True
131,69,130,130,True
131,70,130,130,True
131,71,80,80,True
131,72,100,100,True
131,73,90,90,True
131,74,140,140,True
131,75,190,190,True
131,76,50,50,True
131,77,60,60,True
131,78,130,130,True
131,79,130,130,True
131,80,110,110,True
131,81,110,110,True
131,82,100,100,True
131,83,120,120,True
131,84,140,140,True
131,85,120,120,True
131,86,110,110,True
131,87,120,120,True
131,88,130,130,True
131,89,140,140,True
131,90,120,120,True
131,91,110,110,True
131,92,80,80,True
131,93,160,160,True
132,0,110,110,True
132,1,130,130,True
132,2,70,70,True
132,3,70,70,True
132,4,90,90,True
132,5,90,90,True
132,6,170,170,True
132,7,150,150,True
132,8,150,150,True
132,9,70,70,True
132,10,120,120,True
132,11,100,100,True
132,12,70,70,True
132,13,80,80,True
132,14,100,100,True
132,15,100,100,True
132,16,100,100,True
132,17,120,120,True
132,18,130,130,True
132,19,170,170,True
132,20,50,50,True
132,21,70,70,True
132,22,120,120,True
132,23,80,80,True
132,24,120,120,True
132,25,100,100,True
132,26,130,130,True
132,27,140,140,True
132,28,100,100,True
132,29,120,120,True
132,30,120,120,True
132,31,130,130,True
132,32,130,130,True
132,33,210,210,True
132,34,100,100,True
132,35,130,130,True
132,36,120,120,True
132,37,170,170,True
132,38,80,80,True
132,39,120,120,True
132,40,80,80,True
132,41,100,100,True
132,42,130,130,True
132,43,170,170,True
132,44,90,90,True
132,45,110,110,True
132,46,130,130,True
132,47,110,110,True
132,48,40,40,True
132,49,130,130,True
132,50,110,110,True
132,51,150,150,True
132,52,80,80,True
132,53,70,70,True
132,54,70,70,True
132,55,90,90,True
132,56,20,20,True
132,57,90,90,True
132,58,130,130,True
132,59,150,150,True
132,60,90,90,True
132,61,110,110,True
132,62,100,100,True
132,63,150,150,True
132,64,100,100,True
132,65,160,160,True
132,66,130,130,True
132,67,140,140,True
132,68,110,110,True
132,69,130,130,True
132,70,130,130,True
132,71,80,80,True
132,72,100,100,True
132,73,90,90,True
132,74,140,140,True
132,75,190,190,True
132,76,50,50,True
132,77,60,60,True
132,78,130,130,True
132,79,130,130,True
132,80,110,110,True
132,81,110,110,True
132,82,100,100,True
132,83,120,120,True
132,84,140,140,True
132,85,120,120,True
132,86,110,110,True
132,87,120,120,True
132,88,130,130,True
132,89,140,140,True
132,90,120,120,True
132,91,110,110,True
132,92,80,80,True
132,93,160,160,True
133,0,110,110,True
133,1,130,130,True
133,2,70,70,True
133,3,70,70,True
133,4,90,90,True
133,5,90,90,True
133,6,170,170,True
133,7,150,150,True
133,8,150,150,True
133,9,70,70,True
133,10,120,120,True
133,11,100,100,True
133,12,70,70,True
133,13,80,80,True
133,14,100,100,True
133,15,100,100,True
133,16,100,100,True
133,17,120,120,True
133,18,130,130,True
133,19,170,170,True
133,20,50,50,True
133,21,70,70,True
133,22,120,120,True
133,23,80,80,True
133,24,120,120,True
133,25,100,100,True
133,26,130,130,True
133,27,140,140,True
133,28,100,100,True
133,29,120,120,True
133,30,120,120,True
133,31,130,130,True
133,32,130,130,True
133,33,210,210,True
133,34,100,100,True
133,35,130,130,True
133,36,120,120,True
133,37,170,170,True
133,38,80,80,True
133,39,120,120,True
133,40,80,80,True
133,41,100,100,True
133,42,130,130,True
133,43,170,170,True
133,44,90,90,True
133,45,110,110,True
133,46,130,130,True
133,47,110,110,True
133,48,40,40,True
133,49,130,130,True
133,50,110,110,True
133,51,150,150,True
133,52,80,80,True
133,53,70,70,True
133,54,70,70,True
133,55,90,90,True
133,56,20,20,True
133,57,90,90,True
133,58,130,130,True
133,59,150,150,True
133,60,90,90,True
133,61,110,110,True
133,62,100,100,True
133,63,150,150,True
133,64,100,100,True
133,65,160,160,True
133,66,130,130,True
133,67,140,140,True
133,68,110,110,True
133,69,130,130,True
133,70,130,130,True
133,71,80,80,True
133,72,100,100,True
133,73,90,90,True
133,74,140,140,True
133,75,190,190,True
133,76,50,50,True
133,77,60,60,True
133,78,130,130,True
133,79,130,130,True
133,80,110,110,True
133,81,110,110,True
133,82,100,100,True
133,83,120,120,True
133,84,140,140,True
133,85,120,120,True
133,86,110,110,True
133,87,120,120,True
133,88,130,130,True
133,89,140,140,True
133,90,120,120,True
133,91,110,110,True
133,92,80,80,True
133,93,160,160,True
134,0,110,110,True
134,1,130,130,True
134,2,70,70,True
134,3,70,70,True
134,4,90,90,True
134,5,90,90,True
134,6,170,170,True
134,7,150,150,True
134,8,150,150,True
134,9,70,70,True
134,10,120,120,True
134,11,100,100,True
134,12,70,70,True
134,13,80,80,True
134,14,100,100,True
134,15,100,100,True
134,16,100,100,True
134,17,120,120,True
134,18,130,130,True
134,19,170,170,True
134,20,50,50,True
134,21,70,70,True
134,22,120,120,True
134,23,80,80,True
134,24,120,120,True
134,25,100,100,True
134,26,130,130,True
134,27,140,140,True
134,28,100,100,True
134,29,120,120,True
134,30,120,120,True
134,31,130,130,True
134,32,130,130,True
134,33,210,210,True
134,34,100,100,True
134,35,130,130,True
134,36,120,120,True
134,37,170,170,True
134,38,80,80,True
134,39,120,120,True
134,40,80,80,True
134,41,100,100,True
134,42,130,130,True
134,43,170,170,True
134,44,90,90,True
134,45,110,110,True
134,46,130,130,True
134,47,110,110,True
134,48,40,40,True
134,49,130,130,True
134,50,110,110,True
134,51,150,150,True
134,52,80,80,True
134,53,70,70,True
134,54,70,70,True
134,55,90,90,True
134,56,20,20,True
134,57,90,90,True
134,58,130,130,True
134,59,150,150,True
134,60,90,90,True
134,61,110,110,True
134,62,100,100,True
134,63,150,150,True
134,64,100,100,True
134,65,160,160,True
134,66,130,130,True
134,67,140,140,True
134,68,110,110,True
134,69,130,130,True
134,70,130,130,True
134,71,80,80,True
134,72,100,100,True
134,73,90,90,True
134,74,140,140,True
134,75,190,190,True
134,76,50,50,True
134,77,60,60,True
134,78,130,130,True
134,79,130,130,True
134,80,110,110,True
134,81,110,110,True
134,82,100,100,True
134,83,120,120,True
134,84,140,140,True
134,85,120,120,True
134,86,110,110,True
134,87,120,120,True
134,88,130,130,True
134,89,140,140,True
134,90,120,120,True
134,91,110,110,True
134,92,80,80,True
134,93,160,160,True
135,0,110,110,True
135,1,130,130,True
135,2,70,70,True
135,3,70,70,False
135,4,90,90,True
135,5,90,90,True
135,6,170,170,True
135,7,150,150,True
135,8,150,150,True
135,9,70,70,True
135,10,120,120,True
135,11,100,100,True
135,12,70,70,True
135,13,80,80,True
135,14,100,100,True
135,15,100,100,True
135,16,100,100,True
135,17,120,120,True
135,18,130,130,True
135,19,170,170,True
135,20,50,50,True
135,21,70,70,True
135,22,120,120,True
135,23,80,80,True
135,24,120,120,True
135,25,100,100,True
135,26,130,130,True
135,27,140,140,True
135,28,100,100,True
135,29,120,120,True
135,30,120,120,True
135,31,130,130,True
135,32,130,130,True
135,33,210,210,True
135,34,100,100,True
135,35,130,130,True
135,36,120,120,True
135,37,170,170,True
135,38,80,80,True
135,39,120,120,True
135,40,80,80,True
135,41,100,100,True
135,42,130,130,True
135,43,170,170,True
135,44,90,90,True
135,45,110,110,True
135,46,130,130,True
135,47,110,110,True
135,48,40,40,True
135,49,130,130,True
135,50,110,110,True
135,51,150,150,True
135,52,80,80,True
135,53,70,70,True
135,54,70,70,True
135,55,90,90,True
135,56,20,20,False
135,57,90,90,True
135,58,130,130,True
135,59,150,150,True
135,60,90,90,True
135,61,110,110,True
135,62,100,100,True
135,63,150,150,True
135,64,100,100,True
135,65,160,160,True
135,66,130,130,True
135,67,140,140,True
135,68,110,110,True
135,69,130,130,True
135,70,130,130,True
135,71,80,80,True
135,72,100,100,True
135,73,90,90,True
135,74,140,140,True
135,75,190,190,True
135,76,50,50,True
135,77,60,60,True
135,78,130,130,True
135,79,130,130,True
135,80,110,110,True
135,81,110,110,True
135,82,100,100,True
135,83,120,120,True
135,84,140,140,True
135,85,120,120,True
135,86,110,110,True
135,87,120,120,True
135,88,130,130,True
135,89,140,140,True
135,90,120,120,True
135,91,110,110,True
135,92,80,80,True
135,93,160,160,True
136,0,110,110,True
136,1,130,130,True
136,2,70,70,True
136,3,70,70,True
136,4,90,90,True
136,5,90,90,True
136,6,170,170,True
136,7,150,150,True
136,8,150,150,True
136,9,70,70,True
136,10,120,120,True
136,11,100,100,True
136,12,70,70,True
136,13,80,80,True
136,14,100,100,True
136,15,100,100,True
136,16,100,100,True
136,17,120,120,True
136,18,130,130,True
136,19,170,170,True
136,20,50,50,True
136,21,70,70,True
136,22,120,120,True
136,23,80,80,True
136,24,120,120,True
136,25,100,100,True
136,26,130,130,True
136,27,140,140,True
136,28,100,100,True
136,29,120,120,True
136,30,120,120,True
136,31,130,130,True
136,32,130,130,True
136,33,210,210,True
136,34,100,100,True
136,35,130,130,True
136,36,120,120,True
136,37,170,170,True
136,38,80,80,True
136,39,120,120,True
136,40,80,80,True
136,41,100,100,True
136,42,130,130,True
136,43,170,170,True
136,44,90,90,True
136,45,110,110,True
136,46,130,130,True
136,47,110,110,True
136,48,40,40,True
136,49,130,130,True
136,50,110,110,True
136,51,150,150,True
136,52,80,80,True
136,53,70,70,True
136,54,70,70,True
136,55,90,90,True
136,56,20,20,True
136,57,90,90,True
136,58,130,130,True
136,59,150,150,True
136,60,90,90,True
136,61,110,110,True
136,62,100,100,True
136,63,150,150,True
136,64,100,100,True
136,65,160,160,True
136,66,130,130,True
136,67,140,140,True
136,68,110,110,True
136,69,130,130,True
136,70,130,130,True
136,71,80,80,True
136,72,100,100,True
136,73,90,90,True
136,74,140,140,True
136,75,190,190,True
136,76,50,50,True
136,77,60,60,True
136,78,130,130,True
136,79,130,130,True
136,80,110,110,True
136,81,110,110,True
136,82,100,100,True
136,83,120,120,True
136,84,140,140,True
136,85,120,120,True
136,86,110,110,True
136,87,120,120,True
136,88,130,130,True
136,89,140,140,True
136,90,120,120,True
136,91,110,110,True
136,92,80,80,True
136,93,160,160,True
137,0,110,110,True
137,1,130,130,True
137,2,70,70,True
137,3,70,70,True
137,4,90,90,True
137,5,90,90,True
137,6,170,170,True
137,7,150,150,True
137,8,150,150,True
137,9,70,70,True
137,10,120,120,True
137,11,100,100,True
137,12,70,70,True
137,13,80,80,True
137,14,100,100,True
137,15,100,100,True
137,16,100,100,True
137,17,120,120,True
137,18,130,130,True
137,19,170,170,True
137,20,50,50,True
137,21,70,70,True
137,22,120,120,True
137,23,80,80,True
137,24,120,120,True
137,25,100,100,True
137,26,130,130,True
137,27,140,140,True
137,28,100,100,True
137,29,120,120,True
137,30,120,120,True
137,31,130,130,True
137,32,130,130,True
137,33,210,210,True
137,34,100,100,True
137,35,130,130,True
137,36,120,120,True
137,37,170,170,True
137,38,80,80,True
137,39,120,120,True
137,40,80,80,True
137,41,100,100,True
137,42,130,130,True
137,43,170,170,True
137,44,90,90,True
137,45,110,110,True
137,46,130,130,True
137,47,110,110,True
137,48,40,40,True
137,49,130,130,True
137,50,110,110,True
137,51,150,150,True
137,52,80,80,True
137,53,70,70,True
137,54,70,70,True
137,55,90,90,True
137,56,20,20,False
137,57,90,90,True
137,58,130,130,True
137,59,150,150,True
137,60,90,90,True
137,61,110,110,True
137,62,100,100,True
137,63,150,150,True
137,64,100,100,True
137,65,160,160,True
137,66,130,130,True
137,67,140,140,True
137,68,110,110,True
137,69,130,130,True
137,70,130,130,True
137,71,80,80,True
137,72,100,100,True
137,73,90,90,True
137,74,140,140,True
137,75,190,190,True
137,76,50,50,True
137,77,60,60,True
137,78,130,130,True
137,79,130,130,True
137,80,110,110,True
137,81,110,110,True
137,82,100,100,True
137,83,120,120,True
137,84,140,140,True
137,85,120,120,True
137,86,110,110,True
137,87,120,120,True
137,88,130,130,True
137,89,140,140,True
137,90,120,120,True
137,91,110,110,True
137,92,80,80,True
137,93,160,160,True
138,0,110,110,True
138,1,130,130,True
138,2,70,70,True
138,3,70,70,True
138,4,90,90,True
138,5,90,90,True
138,6,170,170,True
138,7,150,150,True
138,8,150,150,True
138,9,70,70,True
138,10,120,120,True
138,11,100,100,True
138,12,70,70,True
138,13,80,80,True
138,14,100,100,True
138,15,100,100,True
138,16,100,100,True
138,17,120,120,True
138,18,130,130,True
138,19,170,170,True
138,20,50,50,True
138,21,70,70,True
138,22,120,120,True
138,23,80,80,True
138,24,120,120,True
138,25,100,100,True
138,26,130,130,True
138,27,140,140,True
138,28,100,100,True
138,29,120,120,True
138,30,120,120,True
138,31,130,130,True
138,32,130,130,True
138,33,210,210,True
138,34,100,100,True
138,35,130,130,True
138,36,120,120,True
138,37,170,170,True
138,38,80,80,True
138,39,120,120,True
138,40,80,80,True
138,41,100,100,True
138,42,130,130,True
138,43,170,170,True
138,44,90,90,True
138,45,110,110,True
138,46,130,130,True
138,47,110,110,True
138,48,40,40,True
138,49,130,130,True
138,50,110,110,True
138,51,150,150,True
138,52,80,80,True
138,53,70,70,True
138,54,70,70,True
138,55,90,90,True
138,56,20,20,False
138,57,90,90,True
138,58,130,130,True
138,59,150,150,True
138,60,90,90,True
138,61,110,110,True
138,62,100,100,True
138,63,150,150,True
138,64,100,100,True
138,65,160,160,True
138,66,130,130,True
138,67,140,140,True
138,68,110,110,True
138,69,130,130,True
138,70,130,130,True
138,71,80,80,True
138,72,100,100,True
138,73,90,90,True
138,74,140,140,True
138,75,190,190,True
138,76,50,50,True
138,77,60,60,True
138,78,130,130,True
138,79,130,130,True
138,80,110,110,True
138,81,110,110,True
138,82,100,100,True
138,83,120,120,True
138,84,140,140,True
138,85,120,120,True
138,86,110,110,True
138,87,120,120,True
138,88,130,130,True
138,89,140,140,True
138,90,120,120,True
138,91,110,110,True
138,92,80,80,True
138,93,160,160,True
139,0,110,110,True
139,1,130,130,True
139,2,70,70,True
139,3,70,70,True
139,4,90,90,True
139,5,90,90,True
139,6,170,170,True
139,7,150,150,True
139,8,150,150,True
139,9,70,70,True
139,10,120,120,True
139,11,100,100,True
139,12,70,70,True
139,13,80,80,True
139,14,100,100,True
139,15,100,100,True
139,16,100,100,True
139,17,120,120,True
139,18,130,130,True
139,19,170,170,True
139,20,50,50,True
139,21,70,70,True
139,22,120,120,True
139,23,80,80,True
139,24,120,120,True
139,25,100,100,True
139,26,130,130,True
139,27,140,140,True
139,28,100,100,True
139,29,120,120,True
139,30,120,120,True
139,31,130,130,True
139,32,130,130,True
139,33,210,210,True
139,34,100,100,True
139,35,130,130,True
139,36,120,120,True
139,37,170,170,True
139,38,80,80,True
139,39,120,120,True
139,40,80,80,True
139,41,100,100,True
139,42,130,130,True
139,43,170,170,True
139,44,90,90,True
139,45,110,110,True
139,46,130,130,True
139,47,110,110,True
139,48,40,40,True
139,49,130,130,True
139,50,110,110,True
139,51,150,150,True
139,52,80,80,True
139,53,70,70,True
139,54,70,70,True
139,55,90,90,True
139,56,20,20,True
139,57,90,90,True
139,58,130,130,True
139,59,150,150,True
139,60,90,90,True
139,61,110,110,True
139,62,100,100,True
139,63,150,150,True
139,64,100,100,True
139,65,160,160,True
139,66,130,130,True
139,67,140,140,True
139,68,110,110,True
139,69,130,130,True
139,70,130,130,True
139,71,80,80,True
139,72,100,100,True
139,73,90,90,True
139,74,140,140,True
139,75,190,190,True
139,76,50,50,True
139,77,60,60,False
139,78,130,130,True
139,79,130,130,True
139,80,110,110,True
139,81,110,110,True
139,82,100,100,True
139,83,120,120,True
139,84,140,140,True
139,85,120,120,True
139,86,110,110,True
139,87,120,120,True
139,88,130,130,True
139,89,140,140,True
139,90,120,120,True
139,91,110,110,True
139,92,80,80,True
139,93,160,160,True
140,0,110,110,True
140,1,130,130,True
140,2,70,70,True
140,3,70,70,True
140,4,90,90,True
140,5,90,90,True
140,6,170,170,True
140,7,150,150,True
140,8,150,150,True
140,9,70,70,True
140,10,120,120,True
140,11,100,100,True
140,12,70,70,True
140,13,80,80,True
140,14,100,100,True
140,15,100,100,True
140,16,100,100,True
140,17,120,120,True
140,18,130,130,True
140,19,170,170,True
140,20,50,50,True
140,21,70,70,True
140,22,120,120,True
140,23,80,80,True
140,24,120,120,True
140,25,100,100,True
140,26,130,130,True
140,27,140,140,True
140,28,100,100,True
140,29,120,120,True
140,30,120,120,True
140,31,130,130,True
140,32,130,130,True
140,33,210,210,True
140,34,100,100,True
140,35,130,130,True
140,36,120,120,True
140,37,170,170,True
140,38,80,80,True
140,39,120,120,True
140,40,80,80,True
140,41,100,100,True
140,42,130,130,True
140,43,170,170,True
140,44,90,90,True
140,45,110,110,True
140,46,130,130,True
140,47,110,110,True
140,48,40,40,True
140,49,130,130,True
140,50,110,110,True
140,51,150,150,True
140,52,80,80,True
140,53,70,70,True
140,54,70,70,True
140,55,90,90,True
140,56,20,20,True
140,57,90,90,True
140,58,130,130,True
140,59,150,150,True
140,60,90,90,True
140,61,110,110,True
140,62,100,100,True
140,63,150,150,True
140,64,100,100,True
140,65,160,160,True
140,66,130,130,True
140,67,140,140,True
140,68,110,110,True
140,69,130,130,True
140,70,130,130,True
140,71,80,80,True
140,72,100,100,True
140,73,90,90,True
140,74,140,140,True
140,75,190,190,True
140,76,50,50,True
140,77,60,60,True
140,78,130,130,True
140,79,130,130,True
140,80,110,110,True
140,81,110,110,True
140,82,100,100,True
140,83,120,120,True
140,84,140,140,True
140,85,120,120,True
140,86,110,110,True
140,87,120,120,True
140,88,130,130,True
140,89,140,140,True
140,90,120,120,True
140,91,110,110,True
140,92,80,80,True
140,93,160,160,True
141,0,110,110,True
141,1,130,130,True
141,2,70,70,True
141,3,70,70,True
141,4,90,90,True
141,5,90,90,True
141,6,170,170,True
141,7,150,150,True
141,8,150,150,True
141,9,70,70,True
141,10,120,120,True
141,11,100,100,True
141,12,70,70,True
141,13,80,80,True
141,14,100,100,True
141,15,100,100,True
141,16,100,100,True
141,17,120,120,True
141,18,130,130,True
141,19,170,170,True
141,20,50,50,True
141,21,70,70,True
141,22,120,120,True
141,23,80,80,True
141,24,120,120,True
141,25,100,100,True
141,26,130,130,True
141,27,140,140,True
141,28,100,100,True
141,29,120,120,True
141,30,120,120,True
141,31,130,130,True
141,32,130,130,True
141,33,210,210,True
141,34,100,100,True
141,35,130,130,True
141,36,120,120,True
141,37,170,170,True
141,38,80,80,True
141,39,120,120,True
141,40,80,80,True
141,41,100,100,True
141,42,130,130,True
141,43,170,170,True
141,44,90,90,True
141,45,110,110,True
141,46,130,130,True
141,47,110,110,True
141,48,40,40,True
141,49,130,130,True
141,50,110,110,True
141,51,150,150,True
141,52,80,80,True
141,53,70,70,True
141,54,70,70,True
141,55,90,90,True
141,56,20,20,True
141,57,90,90,True
141,58,130,130,True
141,59,150,150,True
141,60,90,90,True
141,61,110,110,True
141,62,100,100,True
141,63,150,150,True
141,64,100,100,True
141,65,160,160,True
141,66,130,130,True
141,67,140,140,True
141,68,110,110,True
141,69,130,130,True
141,70,130,130,True
141,71,80,80,True
141,72,100,100,True
141,73,90,90,True
141,74,140,140,True
141,75,190,190,True
141,76,50,50,True
141,77,60,60,True
141,78,130,130,True
141,79,130,130,True
141,80,110,110,True
141,81,110,110,True
141,82,100,100,True
141,83,120,120,True
141,84,140,140,True
141,85,120,120,True
141,86,110,110,True
141,87,120,120,True
141,88,130,130,True
141,89,140,140,True
141,90,120,120,True
141,91,110,110,True
141,92,80,80,True
141,93,160,160,False
142,0,110,110,True
142,1,130,130,True
142,2,70,70,True
142,3,70,70,True
142,4,90,90,True
142,5,90,90,True
142,6,170,170,True
142,7,150,150,True
142,8,150,150,True
142,9,70,70,True
142,10,120,120,True
142,11,100,100,True
142,12,70,70,True
142,13,80,80,True
142,14,100,100,True
142,15,100,100,True
142,16,100,100,True
142,17,120,120,True
142,18,130,130,True
142,19,170,170,True
142,20,50,50,True
142,21,70,70,True
142,22,120,120,True
142,23,80,80,True
142,24,120,120,True
142,25,100,100,True
142,26,130,130,True
142,27,140,140,True
142,28,100,100,True
142,29,120,120,True
142,30,120,120,True
142,31,130,130,True
142,32,130,130,True
142,33,210,210,True
142,34,100,100,True
142,35,130,130,True
142,36,120,120,True
142,37,170,170,True
142,38,80,80,True
142,39,120,120,True
142,40,80,80,True
142,41,100,100,True
142,42,130,130,True
142,43,170,170,True
142,44,90,90,True
142,45,110,110,True
142,46,130,130,True
142,47,110,110,True
142,48,40,40,True
142,49,130,130,True
142,50,110,110,True
142,51,150,150,True
142,52,80,80,True
142,53,70,70,True
142,54,70,70,True
142,55,90,90,True
142,56,20,20,True
142,57,90,90,True
142,58,130,130,True
142,59,150,150,True
142,60,90,90,True
142,61,110,110,True
142,62,100,100,True
142,63,150,150,True
142,64,100,100,True
142,65,160,160,True
142,66,130,130,True
142,67,140,140,True
142,68,110,110,True
142,69,130,130,True
142,70,130,130,True
142,71,80,80,True
142,72,100,100,True
142,73,90,90,True
142,74,140,140,True
142,75,190,190,True
142,76,50,50,True
142,77,60,60,True
142,78,130,130,True
142,79,130,130,True
142,80,110,110,True
142,81,110,110,True
142,82,100,100,True
142,83,120,120,True
142,84,140,140,True
142,85,120,120,True
142,86,110,110,True
142,87,120,120,True
142,88,130,130,True
142,89,140,140,True
142,90,120,120,True
142,91,110,110,True
142,92,80,80,True
142,93,160,160,True
143,0,110,110,True
143,1,130,130,True
143,2,70,70,True
143,3,70,70,True
143,4,90,90,True
143,5,90,90,True
143,6,170,170,True
143,7,150,150,True
143,8,150,150,True
143,9,70,70,True
143,10,120,120,True
143,11,100,100,True
143,12,70,70,True
143,13,80,80,True
143,14,100,100,True
143,15,100,100,True
143,16,100,100,True
143,17,120,120,True
143,18,130,130,True
143,19,170,170,True
143,20,50,50,True
143,21,70,70,True
143,22,120,120,True
143,23,80,80,True
143,24,120,120,True
143,25,100,100,True
143,26,130,130,True
143,27,140,140,True
143,28,100,100,True
143,29,120,120,True
143,30,120,120,True
143,31,130,130,True
143,32,130,130,True
143,33,210,210,True
143,34,100,100,True
143,35,130,130,True
143,36,120,120,True
143,37,170,170,True
143,38,80,80,True
143,39,120,120,True
143,40,80,80,True
143,41,100,100,True
143,42,130,130,True
143,43,170,170,True
143,44,90,90,True
143,45,110,110,True
143,46,130,130,True
143,47,110,110,True
143,48,40,40,True
143,49,130,130,True
143,50,110,110,True
143,51,150,150,True
143,52,80,80,True
143,53,70,70,True
143,54,70,70,True
143,55,90,90,True
143,56,20,20,True
143,57,90,90,True
143,58,130,130,True
143,59,150,150,True
143,60,90,90,True
143,61,110,110,True
143,62,100,100,True
143,63,150,150,True
143,64,100,100,True
143,65,160,160,True
143,66,130,130,True
143,67,140,140,True
143,68,110,110,True
143,69,130,130,True
143,70,130,130,True
143,71,80,80,True
143,72,100,100,True
143,73,90,90,True
143,74,140,140,True
143,75,190,190,True
143,76,50,50,True
143,77,60,60,True
143,78,130,130,True
143,79,130,130,True
143,80,110,110,True
143,81,110,110,True
143,82,100,100,True
143,83,120,120,True
143,84,140,140,True
143,85,120,120,True
143,86,110,110,True
143,87,120,120,True
143,88,130,130,True
143,89,140,140,True
143,90,120,120,True
143,91,110,110,True
143,92,80,80,True
143,93,160,160,True
144,0,110,110,True
144,1,130,130,True
144,2,70,70,True
144,3,70,70,True
144,4,90,90,True
144,5,90,90,True
144,6,170,170,True
144,7,150,150,True
144,8,150,150,True
144,9,70,70,True
144,10,120,120,True
144,11,100,100,True
144,12,70,70,True
144,13,80,80,False
144,14,100,100,True
144,15,100,100,True
144,16,100,100,True
144,17,120,120,True
144,18,130,130,True
144,19,170,170,True
144,20,50,50,True
144,21,70,70,True
144,22,120,120,True
144,23,80,80,True
144,24,120,120,True
144,25,100,100,True
144,26,130,130,True
144,27,140,140,True
144,28,100,100,True
144,29,120,120,True
144,30,120,120,True
144,31,130,130,True
144,32,130,130,True
144,33,210,210,True
144,34,100,100,True
144,35,130,130,True
144,36,120,120,True
144,37,170,170,True
144,38,80,80,True
144,39,120,120,True
144,40,80,80,True
144,41,100,100,True
144,42,130,130,True
144,43,170,170,True
144,44,90,90,True
144,45,110,110,True
144,46,130,130,True
144,47,110,110,True
144,48,40,40,True
144,49,130,130,True
144,50,110,110,True
144,51,150,150,True
144,52,80,80,True
144,53,70,70,True
144,54,70,70,True
144,55,90,90,True
144,56,20,20,True
144,57,90,90,True
144,58,130,130,True
144,59,150,150,True
144,60,90,90,True
144,61,110,110,True
144,62,100,100,True
144,63,150,150,True
144,64,100,100,True
144,65,160,160,True
144,66,130,130,True
144,67,140,140,True
144,68,110,110,True
144,69,130,130,True
144,70,130,130,True
144,71,80,80,True
144,72,100,100,True
144,73,90,90,True
144,74,140,140,True
144,75,190,190,True
144,76,50,50,True
144,77,60,60,True
144,78,130,130,True
144,79,130,130,True
144,80,110,110,True
144,81,110,110,True
144,82,100,100,True
144,83,120,120,True
144,84,140,140,True
144,85,120,120,True
144,86,110,110,True
144,87,120,120,True
144,88,130,130,True
144,89,140,140,True
144,90,120,120,True
144,91,110,110,True
144,92,80,80,True
144,93,160,160,True
145,0,110,110,True
145,1,130,130,True
145,2,70,70,True
145,3,70,70,True
145,4,90,90,True
145,5,90,90,True
145,6,170,170,True
145,7,150,150,True
145,8,150,150,True
145,9,70,70,True
145,10,120,120,True
145,11,100,100,True
145,12,70,70,True
145,13,80,80,True
145,14,100,100,True
145,15,100,100,True
145,16,100,100,True
145,17,120,120,True
145,18,130,130,True
145,19,170,170,True
145,20,50,50,True
145,21,70,70,True
145,22,120,120,True
145,23,80,80,True
145,24,120,120,True
145,25,100,100,True
145,26,130,130,True
145,27,140,140,True
145,28,100,100,True
145,29,120,120,True
145,30,120,120,True
145,31,130,130,True
145,32,130,130,True
145,33,210,210,True
145,34,100,100,True
145,35,130,130,True
145,36,120,120,True
145,37,170,170,True
145,38,80,80,True
145,39,120,120,True
145,40,80,80,True
145,41,100,100,True
145,42,130,130,True
145,43,170,170,True
145,44,90,90,True
145,45,110,110,True
145,46,130,130,True
145,47,110,110,True
145,48,40,40,True
145,49,130,130,True
145,50,110,110,True
145,51,150,150,True
145,52,80,80,True
145,53,70,70,True
145,54,70,70,True
145,55,90,90,True
145,56,20,20,True
145,57,90,90,True
145,58,130,130,True
145,59,150,150,True
145,60,90,90,True
145,61,110,110,True
145,62,100,100,True
145,63,150,150,True
145,64,100,100,True
145,65,160,160,True
145,66,130,130,True
145,67,140,140,True
145,68,110,110,True
145,69,130,130,True
145,70,130,130,True
145,71,80,80,True
145,72,100,100,True
145,73,90,90,True
145,74,140,140,True
145,75,190,190,True
145,76,50,50,True
145,77,60,60,True
145,78,130,130,True
145,79,130,130,True
145,80,110,110,True
145,81,110,110,True
145,82,100,100,True
145,83,120,120,True
145,84,140,140,True
145,85,120,120,True
145,86,110,110,True
145,87,120,120,True
145,88,130,130,True
145,89,140,140,True
145,90,120,120,True
145,91,110,110,True
145,92,80,80,True
145,93,160,160,True
146,0,110,110,True
146,1,130,130,True
146,2,70,70,True
146,3,70,70,True
146,4,90,90,True
146,5,90,90,True
146,6,170,170,True
146,7,150,150,True
146,8,150,150,True
146,9,70,70,True
146,10,120,120,True
146,11,100,100,True
146,12,70,70,True
146,13,80,80,True
146,14,100,100,True
146,15,100,100,True
146,16,100,100,True
146,17,120,120,True
146,18,130,130,True
146,19,170,170,True
146,20,50,50,True
146,21,70,70,True
146,22,120,120,True
146,23,80,80,True
146,24,120,120,True
146,25,100,100,True
146,26,130,130,True
146,27,140,140,True
146,28,100,100,True
146,29,120,120,True
146,30,120,120,True
146,31,130,130,True
146,32,130,130,True
146,33,210,210,True
146,34,100,100,True
146,35,130,130,True
146,36,120,120,True
146,37,170,170,True
146,38,80,80,True
146,39,120,120,True
146,40,80,80,True
146,41,100,100,True
146,42,130,130,True
146,43,170,170,True
146,44,90,90,True
146,45,110,110,True
146,46,130,130,True
146,47,110,110,True
146,48,40,40,True
146,49,130,130,True
146,50,110,110,True
146,51,150,150,True
146,52,80,80,True
146,53,70,70,True
146,54,70,70,True
146,55,90,90,True
146,56,20,20,True
146,57,90,90,True
146,58,130,130,True
146,59,150,150,True
146,60,90,90,True
146,61,110,110,True
146,62,100,100,True
146,63,150,150,True
146,64,100,100,True
146,65,160,160,True
146,66,130,130,True
146,67,140,140,True
146,68,110,110,True
146,69,130,130,True
146,70,130,130,True
146,71,80,80,True
146,72,100,100,True
146,73,90,90,True
146,74,140,140,True
146,75,190,190,True
146,76,50,50,True
146,77,60,60,True
146,78,130,130,True
146,79,130,130,True
146,80,110,110,True
146,81,110,110,True
146,82,100,100,True
146,83,120,120,True
146,84,140,140,True
146,85,120,120,True
146,86,110,110,True
146,87,120,120,True
146,88,130,130,True
146,89,140,140,True
146,90,120,120,True
146,91,110,110,True
146,92,80,80,True
146,93,160,160,True
147,0,110,110,True
147,1,130,130,True
147,2,70,70,True
147,3,70,70,True
147,4,90,90,True
147,5,90,90,True
147,6,170,170,True
147,7,150,150,True
147,8,150,150,True
147,9,70,70,True
147,10,120,120,True
147,11,100,100,True
147,12,70,70,True
147,13,80,80,True
147,14,100,100,True
147,15,100,100,True
147,16,100,100,True
147,17,120,120,True
147,18,130,130,True
147,19,170,170,True
147,20,50,50,True
147,21,70,70,True
147,22,120,120,True
147,23,80,80,True
147,24,120,120,True
147,25,100,100,True
147,26,130,130,True
147,27,140,140,True
147,28,100,100,True
147,29,120,120,True
147,30,120,120,True
147,31,130,130,True
147,32,130,130,True
147,33,210,210,True
147,34,100,100,True
147,35,130,130,True
147,36,120,120,True
147,37,170,170,True
147,38,80,80,True
147,39,120,120,True
147,40,80,80,True
147,41,100,100,True
147,42,130,130,True
147,43,170,170,True
147,44,90,90,True
147,45,110,110,True
147,46,130,130,True
147,47,110,110,True
147,48,40,40,True
147,49,130,130,True
147,50,110,110,True
147,51,150,150,True
147,52,80,80,True
147,53,70,70,True
147,54,70,70,True
147,55,90,90,True
147,56,20,20,True
147,57,90,90,True
147,58,130,130,True
147,59,150,150,True
147,60,90,90,True
147,61,110,110,True
147,62,100,100,True
147,63,150,150,True
147,64,100,100,True
147,65,160,160,True
147,66,130,130,True
147,67,140,140,True
147,68,110,110,True
147,69,130,130,True
147,70,130,130,True
147,71,80,80,True
147,72,100,100,True
147,73,90,90,True
147,74,140,140,True
147,75,190,190,True
147,76,50,50,True
147,77,60,60,True
147,78,130,130,True
147,79,130,130,True
147,80,110,110,True
147,81,110,110,True
147,82,100,100,True
147,83,120,120,True
147,84,140,140,True
147,85,120,120,True
147,86,110,110,True
147,87,120,120,True
147,88,130,130,True
147,89,140,140,True
147,90,120,120,True
147,91,110,110,True
147,92,80,80,True
147,93,160,160,True
148,0,110,110,True
148,1,130,130,True
148,2,70,70,True
148,3,70,70,True
148,4,90,90,True
148,5,90,90,True
148,6,170,170,True
148,7,150,150,True
148,8,150,150,True
148,9,70,70,True
148,10,120,120,True
148,11,100,100,True
148,12,70,70,True
148,13,80,80,True
148,14,100,100,True
148,15,100,100,True
148,16,100,100,True
148,17,120,120,True
148,18,130,130,True
148,19,170,170,True
148,20,50,50,True
148,21,70,70,True
148,22,120,120,True
148,23,80,80,True
148,24,120,120,True
148,25,100,100,True
148,26,130,130,True
148,27,140,140,True
148,28,100,100,True
148,29,120,120,True
148,30,120,120,True
148,31,130,130,True
148,32,130,130,True
148,33,210,210,True
148,34,100,100,True
148,35,130,130,True
148,36,120,120,True
148,37,170,170,True
148,38,80,80,True
148,39,120,120,True
148,40,80,80,True
148,41,100,100,True
148,42,130,130,True
148,43,170,170,True
148,44,90,90,True
148,45,110,110,True
148,46,130,130,True
148,47,110,110,True
148,48,40,40,True
148,49,130,130,True
148,50,110,110,True
148,51,150,150,True
148,52,80,80,True
148,53,70,70,True
148,54,70,70,True
148,55,90,90,True
148,56,20,20,True
148,57,90,90,True
148,58,130,130,True
148,59,150,150,True
148,60,90,90,True
148,61,110,110,True
148,62,100,100,True
148,63,150,150,True
148,64,100,100,True
148,65,160,160,True
148,66,130,130,True
148,67,140,140,True
148,68,110,110,True
148,69,130,130,True
148,70,130,130,True
148,71,80,80,True
148,72,100,100,True
148,73,90,90,True
148,74,140,140,True
148,75,190,190,True
148,76,50,50,True
148,77,60,60,True
148,78,130,130,True
148,79,130,130,True
148,80,110,110,True
148,81,110,110,True
148,82,100,100,True
148,83,120,120,True
148,84,140,140,True
148,85,120,120,True
148,86,110,110,True
148,87,120,120,True
148,88,130,130,True
148,89,140,140,True
148,90,120,120,True
148,91,110,110,True
148,92,80,80,True
148,93,160,160,True
149,0,110,110,True
149,1,130,130,True
149,2,70,70,True
149,3,70,70,True
149,4,90,90,True
149,5,90,90,True
149,6,170,170,True
149,7,150,150,True
149,8,150,150,True
149,9,70,70,True
149,10,120,120,True
149,11,100,100,True
149,12,70,70,True
149,13,80,80,True
149,14,100,100,True
149,15,100,100,True
149,16,100,100,True
149,17,120,120,True
149,18,130,130,True
149,19,170,170,True
149,20,50,50,True
149,21,70,70,True
149,22,120,120,True
149,23,80,80,True
149,24,120,120,True
149,25,100,100,True
149,26,130,130,True
149,27,140,140,True
149,28,100,100,True
149,29,120,120,True
149,30,120,120,True
149,31,130,130,True
149,32,130,130,True
149,33,210,210,True
149,34,100,100,True
149,35,130,130,True
149,36,120,120,True
149,37,170,170,True
149,38,80,80,True
149,39,120,120,True
149,40,80,80,True
149,41,100,100,True
149,42,130,130,True
149,43,170,170,True
149,44,90,90,True
149,45,110,110,True
149,46,130,130,True
149,47,110,110,True
149,48,40,40,True
149,49,130,130,True
149,50,110,110,True
149,51,150,150,True
149,52,80,80,True
149,53,70,70,True
149,54,70,70,True
149,55,90,90,True
149,56,20,20,False
149,57,90,90,True
149,58,130,130,True
149,59,150,150,True
149,60,90,90,True
149,61,110,110,True
149,62,100,100,True
149,63,150,150,True
149,64,100,100,True
149,65,160,160,True
149,66,130,130,True
149,67,140,140,True
149,68,110,110,True
149,69,130,130,True
149,70,130,130,True
149,71,80,80,True
149,72,100,100,True
149,73,90,90,True
149,74,140,140,True
149,75,190,190,True
149,76,50,50,True
149,77,60,60,True
149,78,130,130,True
149,79,130,130,True
149,80,110,110,True
149,81,110,110,True
149,82,100,100,True
149,83,120,120,True
149,84,140,140,True
149,85,120,120,True
149,86,110,110,True
149,87,120,120,True
149,88,130,130,True
149,89,140,140,True
149,90,120,120,True
149,91,110,110,True
149,92,80,80,True
149,93,160,160,True
150,0,110,110,True
150,1,130,130,True
150,2,70,70,True
150,3,70,70,True
150,4,90,90,True
150,5,90,90,True
150,6,170,170,True
150,7,150,150,True
150,8,150,150,True
150,9,70,70,True
150,10,120,120,True
150,11,100,100,True
150,12,70,70,True
150,13,80,80,True
150,14,100,100,True
150,15,100,100,True
150,16,100,100,True
150,17,120,120,True
150,18,130,130,True
150,19,170,170,True
150,20,50,50,True
150,21,70,70,True
150,22,120,120,True
150,23,80,80,True
150,24,120,120,True
150,25,100,100,True
150,26,130,130,True
150,27,140,140,True
150,28,100,100,True
150,29,120,120,True
150,30,120,120,True
150,31,130,130,True
150,32,130,130,True
150,33,210,210,True
150,34,100,100,True
150,35,130,130,True
150,36,120,120,True
150,37,170,170,True
150,38,80,80,True
150,39,120,120,True
150,40,80,80,True
150,41,100,100,True
150,42,130,130,True
150,43,170,170,True
150,44,90,90,True
150,45,110,110,True
150,46,130,130,True
150,47,110,110,True
150,48,40,40,True
150,49,130,130,True
150,50,110,110,True
150,51,150,150,True
150,52,80,80,True
150,53,70,70,True
150,54,70,70,True
150,55,90,90,True
150,56,20,20,True
150,57,90,90,True
150,58,130,130,True
150,59,150,150,True
150,60,90,90,True
150,61,110,110,True
150,62,100,100,True
150,63,150,150,True
150,64,100,100,True
150,65,160,160,True
150,66,130,130,True
150,67,140,140,True
150,68,110,110,True
150,69,130,130,True
150,70,130,130,True
150,71,80,80,True
150,72,100,100,True
150,73,90,90,True
150,74,140,140,True
150,75,190,190,True
150,76,50,50,True
150,77,60,60,True
150,78,130,130,True
150,79,130,130,True
150,80,110,110,True
150,81,110,110,True
150,82,100,100,True
150,83,120,120,True
150,84,140,140,True
150,85,120,120,True
150,86,110,110,True
150,87,120,120,True
150,88,130,130,True
150,89,140,140,True
150,90,120,120,True
150,91,110,110,True
150,92,80,80,True
150,93,160,160,True
151,0,110,110,True
151,1,130,130,True
151,2,70,70,True
151,3,70,70,True
151,4,90,90,True
151,5,90,90,True
151,6,170,170,True
151,7,150,150,True
151,8,150,150,True
151,9,70,70,True
151,10,120,120,True
151,11,100,100,True
151,12,70,70,True
151,13,80,80,False
151,14,100,100,True
151,15,100,100,True
151,16,100,100,True
151,17,120,120,True
151,18,130,130,True
151,19,170,170,True
151,20,50,50,True
151,21,70,70,True
151,22,120,120,True
151,23,80,80,True
151,24,120,120,True
151,25,100,100,True
151,26,130,130,True
151,27,140,140,True
151,28,100,100,True
151,29,120,120,True
151,30,120,120,True
151,31,130,130,True
151,32,130,130,True
151,33,210,210,True
151,34,100,100,True
151,35,130,130,True
151,36,120,120,True
151,37,170,170,True
151,38,80,80,True
151,39,120,120,True
151,40,80,80,True
151,41,100,100,True
151,42,130,130,True
151,43,170,170,True
151,44,90,90,True
151,45,110,110,True
151,46,130,130,True
151,47,110,110,True
151,48,40,40,True
151,49,130,130,True
151,50,110,110,True
151,51,150,150,True
151,52,80,80,True
151,53,70,70,True
151,54,70,70,True
151,55,90,90,True
151,56,20,20,True
151,57,90,90,True
151,58,130,130,True
151,59,150,150,True
151,60,90,90,True
151,61,110,110,True
151,62,100,100,True
151,63,150,150,True
151,64,100,100,True
151,65,160,160,True
151,66,130,130,True
151,67,140,140,True
151,68,110,110,True
151,69,130,130,True
151,70,130,130,True
151,71,80,80,True
151,72,100,100,True
151,73,90,90,True
151,74,140,140,True
151,75,190,190,True
151,76,50,50,True
151,77,60,60,True
151,78,130,130,True
151,79,130,130,True
151,80,110,110,True
151,81,110,110,True
151,82,100,100,True
151,83,120,120,True
151,84,140,140,True
151,85,120,120,True
151,86,110,110,True
151,87,120,120,True
151,88,130,130,True
151,89,140,140,True
151,90,120,120,True
151,91,110,110,True
151,92,80,80,True
151,93,160,160,True
152,0,110,110,True
152,1,130,130,True
152,2,70,70,True
152,3,70,70,True
152,4,90,90,True
152,5,90,90,True
152,6,170,170,True
152,7,150,150,True
152,8,150,150,True
152,9,70,70,True
152,10,120,120,True
152,11,100,100,True
152,12,70,70,True
152,13,80,80,True
152,14,100,100,True
152,15,100,100,True
152,16,100,100,True
152,17,120,120,True
152,18,130,130,True
152,19,170,170,True
152,20,50,50,True
152,21,70,70,True
152,22,120,120,True
152,23,80,80,True
152,24,120,120,True
152,25,100,100,True
152,26,130,130,True
152,27,140,140,True
152,28,100,100,True
152,29,120,120,True
152,30,120,120,True
152,31,130,130,True
152,32,130,130,True
152,33,210,210,True
152,34,100,100,True
152,35,130,130,True
152,36,120,120,True
152,37,170,170,True
152,38,80,80,True
152,39,120,120,True
152,40,80,80,True
152,41,100,100,True
152,42,130,130,True
152,43,170,170,True
152,44,90,90,True
152,45,110,110,True
152,46,130,130,True
152,47,110,110,True
152,48,40,40,True
152,49,130,130,True
152,50,110,110,True
152,51,150,150,True
152,52,80,80,True
152,53,70,70,True
152,54,70,70,True
152,55,90,90,True
152,56,20,20,False
152,57,90,90,True
152,58,130,130,True
152,59,150,150,True
152,60,90,90,True
152,61,110,110,True
152,62,100,100,True
152,63,150,150,True
152,64,100,100,True
152,65,160,160,True
152,66,130,130,True
152,67,140,140,True
152,68,110,110,True
152,69,130,130,True
152,70,130,130,True
152,71,80,80,True
152,72,100,100,True
152,73,90,90,True
152,74,140,140,True
152,75,190,190,True
152,76,50,50,True
152,77,60,60,True
152,78,130,130,True
152,79,130,130,True
152,80,110,110,True
152,81,110,110,True
152,82,100,100,True
152,83,120,120,True
152,84,140,140,True
152,85,120,120,True
152,86,110,110,True
152,87,120,120,True
152,88,130,130,True
152,89,140,140,True
152,90,120,120,True
152,91,110,110,True
152,92,80,80,True
152,93,160,160,True
153,0,110,110,True
153,1,130,130,True
153,2,70,70,True
153,3,70,70,True
153,4,90,90,True
153,5,90,90,True
153,6,170,170,True
153,7,150,150,True
153,8,150,150,True
153,9,70,70,True
153,10,120,120,True
153,11,100,100,True
153,12,70,70,True
153,13,80,80,True
153,14,100,100,True
153,15,100,100,True
153,16,100,100,True
153,17,120,120,True
153,18,130,130,True
153,19,170,170,True
153,20,50,50,True
153,21,70,70,True
153,22,120,120,True
153,23,80,80,True
153,24,120,120,True
153,25,100,100,True
153,26,130,130,True
153,27,140,140,True
153,28,100,100,True
153,29,120,120,True
153,30,120,120,True
153,31,130,130,True
153,32,130,130,True
153,33,210,210,True
153,34,100,100,True
153,35,130,130,True
153,36,120,120,True
153,37,170,170,True
153,38,80,80,True
153,39,120,120,True
153,40,80,80,True
153,41,100,100,True
153,42,130,130,True
153,43,170,170,True
153,44,90,90,True
153,45,110,110,True
153,46,130,130,True
153,47,110,110,True
153,48,40,40,True
153,49,130,130,True
153,50,110,110,True
153,51,150,150,True
153,52,80,80,True
153,53,70,70,True
153,54,70,70,True
153,55,90,90,True
153,56,20,20,False
153,57,90,90,True
153,58,130,130,True
153,59,150,150,True
153,60,90,90,True
153,61,110,110,True
153,62,100,100,True
153,63,150,150,True
153,64,100,100,True
153,65,160,160,True
153,66,130,130,True
153,67,140,140,True
153,68,110,110,True
153,69,130,130,True
153,70,130,130,True
153,71,80,80,True
153,72,100,100,True
153,73,90,90,True
153,74,140,140,True
153,75,190,190,True
153,76,50,50,True
153,77,60,60,True
153,78,130,130,True
153,79,130,130,True
153,80,110,110,True
153,81,110,110,True
153,82,100,100,True
153,83,120,120,True
153,84,140,140,True
153,85,120,120,True
153,86,110,110,True
153,87,120,120,True
153,88,130,130,True
153,89,140,140,True
153,90,120,120,True
153,91,110,110,True
153,92,80,80,True
153,93,160,160,True
154,0,110,110,True
154,1,130,130,True
154,2,70,70,True
154,3,70,70,True
154,4,90,90,True
154,5,90,90,True
154,6,170,170,True
154,7,150,150,True
154,8,150,150,True
154,9,70,70,True
154,10,120,120,True
154,11,100,100,True
154,12,70,70,True
154,13,80,80,True
154,14,100,100,True
154,15,100,100,True
154,16,100,100,True
154,17,120,120,True
154,18,130,130,True
154,19,170,170,True
154,20,50,50,True
154,21,70,70,True
154,22,120,120,True
154,23,80,80,True
154,24,120,120,True
154,25,100,100,True
154,26,130,130,True
154,27,140,140,True
154,28,100,100,True
154,29,120,120,True
154,30,120,120,True
154,31,130,130,True
154,32,130,130,True
154,33,210,210,True
154,34,100,100,True
154,35,130,130,True
154,36,120,120,True
154,37,170,170,True
154,38,80,80,True
154,39,120,120,True
154,40,80,80,True
154,41,100,100,True
154,42,130,130,True
154,43,170,170,True
154,44,90,90,True
154,45,110,110,True
154,46,130,130,True
154,47,110,110,True
154,48,40,40,False
154,49,130,130,True
154,50,110,110,True
154,51,150,150,True
154,52,80,80,True
154,53,70,70,True
154,54,70,70,True
154,55,90,90,True
154,56,20,20,True
154,57,90,90,True
154,58,130,130,True
154,59,150,150,True
154,60,90,90,True
154,61,110,110,True
154,62,100,100,True
154,63,150,150,True
154,64,100,100,True
154,65,160,160,True
154,66,130,130,True
154,67,140,140,True
154,68,110,110,True
154,69,130,130,True
154,70,130,130,True
154,71,80,80,True
154,72,100,100,True
154,73,90,90,True
154,74,140,140,True
154,75,190,190,True
154,76,50,50,True
154,77,60,60,True
154,78,130,130,True
154,79,130,130,True
154,80,110,110,True
154,81,110,110,True
154,82,100,100,True
154,83,120,120,True
154,84,140,140,True
154,85,120,120,True
154,86,110,110,True
154,87,120,120,True
154,88,130,130,True
154,89,140,140,True
154,90,120,120,True
154,91,110,110,True
154,92,80,80,True
154,93,160,160,True
155,0,110,110,True
155,1,130,130,True
155,2,70,70,True
155,3,70,70,True
155,4,90,90,True
155,5,90,90,True
155,6,170,170,True
155,7,150,150,True
155,8,150,150,True
155,9,70,70,True
155,10,120,120,True
155,11,100,100,True
155,12,70,70,True
155,13,80,80,True
155,14,100,100,True
155,15,100,100,True
155,16,100,100,True
155,17,120,120,True
155,18,130,130,True
155,19,170,170,True
155,20,50,50,True
155,21,70,70,True
155,22,120,120,True
155,23,80,80,True
155,24,120,120,True
155,25,100,100,True
155,26,130,130,True
155,27,140,140,True
155,28,100,100,True
155,29,120,120,True
155,30,120,120,True
155,31,130,130,True
155,32,130,130,True
155,33,210,210,True
155,34,100,100,True
155,35,130,130,True
155,36,120,120,True
155,37,170,170,True
155,38,80,80,True
155,39,120,120,True
155,40,80,80,True
155,41,100,100,True
155,42,130,130,True
155,43,170,170,True
155,44,90,90,True
155,45,110,110,True
155,46,130,130,True
155,47,110,110,True
155,48,40,40,True
155,49,130,130,True
155,50,110,110,True
155,51,150,150,True
155,52,80,80,True
155,53,70,70,True
155,54,70,70,True
155,55,90,90,True
155,56,20,20,False
155,57,90,90,True
155,58,130,130,True
155,59,150,150,True
155,60,90,90,True
155,61,110,110,True
155,62,100,100,True
155,63,150,150,True
155,64,100,100,True
155,65,160,160,True
155,66,130,130,True
155,67,140,140,True
155,68,110,110,True
155,69,130,130,True
155,70,130,130,True
155,71,80,80,True
155,72,100,100,True
155,73,90,90,True
155,74,140,140,True
155,75,190,190,True
155,76,50,50,True
155,77,60,60,True
155,78,130,130,True
155,79,130,130,True
155,80,110,110,True
155,81,110,110,True
155,82,100,100,True
155,83,120,120,True
155,84,140,140,True
155,85,120,120,True
155,86,110,110,True
155,87,120,120,True
155,88,130,130,True
155,89,140,140,True
155,90,120,120,True
155,91,110,110,True
155,92,80,80,True
155,93,160,160,True
156,0,110,110,True
156,1,130,130,True
156,2,70,70,True
156,3,70,70,True
156,4,90,90,True
156,5,90,90,True
156,6,170,170,True
156,7,150,150,True
156,8,150,150,True
156,9,70,70,True
156,10,120,120,True
156,11,100,100,True
156,12,70,70,True
156,13,80,80,True
156,14,100,100,True
156,15,100,100,True
156,16,100,100,True
156,17,120,120,True
156,18,130,130,True
156,19,170,170,True
156,20,50,50,True
156,21,70,70,True
156,22,120,120,True
156,23,80,80,True
156,24,120,120,True
156,25,100,100,True
156,26,130,130,True
156,27,140,140,True
156,28,100,100,True
156,29,120,120,True
156,30,120,120,True
156,31,130,130,True
156,32,130,130,True
156,33,210,210,True
156,34,100,100,True
156,35,130,130,True
156,36,120,120,True
156,37,170,170,True
156,38,80,80,True
156,39,120,120,True
156,40,80,80,True
156,41,100,100,True
156,42,130,130,True
156,43,170,170,True
156,44,90,90,True
156,45,110,110,True
156,46,130,130,True
156,47,110,110,True
156,48,40,40,True
156,49,130,130,True
156,50,110,110,True
156,51,150,150,True
156,52,80,80,True
156,53,70,70,True
156,54,70,70,True
156,55,90,90,True
156,56,20,20,True
156,57,90,90,True
156,58,130,130,True
156,59,150,150,True
156,60,90,90,True
156,61,110,110,True
156,62,100,100,True
156,63,150,150,True
156,64,100,100,True
156,65,160,160,True
156,66,130,130,True
156,67,140,140,True
156,68,110,110,True
156,69,130,130,True
156,70,130,130,True
156,71,80,80,True
156,72,100,100,True
156,73,90,90,True
156,74,140,140,True
156,75,190,190,True
156,76,50,50,True
156,77,60,60,True
156,78,130,130,True
156,79,130,130,True
156,80,110,110,True
156,81,110,110,True
156,82,100,100,True
156,83,120,120,True
156,84,140,140,True
156,85,120,120,True
156,86,110,110,True
156,87,120,120,True
156,88,130,130,True
156,89,140,140,True
156,90,120,120,True
156,91,110,110,True
156,92,80,80,True
156,93,160,160,True
157,0,110,110,True
157,1,130,130,True
157,2,70,70,True
157,3,70,70,True
157,4,90,90,True
157,5,90,90,True
157,6,170,170,True
157,7,150,150,True
157,8,150,150,True
157,9,70,70,True
157,10,120,120,True
157,11,100,100,True
157,12,70,70,True
157,13,80,80,True
157,14,100,100,True
157,15,100,100,True
157,16,100,100,True
157,17,120,120,True
157,18,130,130,True
157,19,170,170,True
157,20,50,50,True
157,21,70,70,True
157,22,120,120,True
157,23,80,80,True
157,24,120,120,True
157,25,100,100,True
157,26,130,130,True
157,27,140,140,True
157,28,100,100,True
157,29,120,120,True
157,30,120,120,True
157,31,130,130,True
157,32,130,130,True
157,33,210,210,True
157,34,100,100,True
157,35,130,130,True
157,36,120,120,True
157,37,170,170,True
157,38,80,80,True
157,39,120,120,True
157,40,80,80,True
157,41,100,100,True
157,42,130,130,True
157,43,170,170,True
157,44,90,90,True
157,45,110,110,True
157,46,130,130,True
157,47,110,110,True
157,48,40,40,True
157,49,130,130,True
157,50,110,110,True
157,51,150,150,True
157,52,80,80,True
157,53,70,70,True
157,54,70,70,True
157,55,90,90,True
157,56,20,20,False
157,57,90,90,True
157,58,130,130,True
157,59,150,150,True
157,60,90,90,True
157,61,110,110,True
157,62,100,100,True
157,63,150,150,True
157,64,100,100,True
157,65,160,160,True
157,66,130,130,True
157,67,140,140,True
157,68,110,110,True
157,69,130,130,True
157,70,130,130,True
157,71,80,80,True
157,72,100,100,True
157,73,90,90,True
157,74,140,140,True
157,75,190,190,True
157,76,50,50,True
157,77,60,60,True
157,78,130,130,True
157,79,130,130,True
157,80,110,110,True
157,81,110,110,True
157,82,100,100,True
157,83,120,120,True
157,84,140,140,True
157,85,120,120,True
157,86,110,110,True
157,87,120,120,True
157,88,130,130,True
157,89,140,140,True
157,90,120,120,True
157,91,110,110,True
157,92,80,80,True
157,93,160,160,True
158,0,110,110,True
158,1,130,130,True
158,2,70,70,True
158,3,70,70,True
158,4,90,90,True
158,5,90,90,True
158,6,170,170,True
158,7,150,150,True
158,8,150,150,True
158,9,70,70,True
158,10,120,120,True
158,11,100,100,True
158,12,70,70,True
158,13,80,80,True
158,14,100,100,True
158,15,100,100,True
158,16,100,100,True
158,17,120,120,True
158,18,130,130,True
158,19,170,170,True
158,20,50,50,True
158,21,70,70,True
158,22,120,120,True
158,23,80,80,True
158,24,120,120,True
158,25,100,100,True
158,26,130,130,True
158,27,140,140,True
158,28,100,100,True
158,29,120,120,True
158,30,120,120,True
158,31,130,130,True
158,32,130,130,True
158,33,210,210,True
158,34,100,100,True
158,35,130,130,True
158,36,120,120,True
158,37,170,170,True
158,38,80,80,True
158,39,120,120,True
158,40,80,80,True
158,41,100,100,True
158,42,130,130,True
158,43,170,170,True
158,44,90,90,True
158,45,110,110,True
158,46,130,130,True
158,47,110,110,True
158,48,40,40,True
158,49,130,130,True
158,50,110,110,True
158,51,150,150,True
158,52,80,80,True
158,53,70,70,True
158,54,70,70,True
158,55,90,90,True
158,56,20,20,True
158,57,90,90,True
158,58,130,130,True
158,59,150,150,True
158,60,90,90,True
158,61,110,110,True
158,62,100,100,True
158,63,150,150,True
158,64,100,100,True
158,65,160,160,True
158,66,130,130,True
158,67,140,140,True
158,68,110,110,True
158,69,130,130,True
158,70,130,130,True
158,71,80,80,True
158,72,100,100,True
158,73,90,90,True
158,74,140,140,True
158,75,190,190,True
158,76,50,50,True
158,77,60,60,True
158,78,130,130,True
158,79,130,130,True
158,80,110,110,True
158,81,110,110,True
158,82,100,100,True
158,83,120,120,True
158,84,140,140,True
158,85,120,120,True
158,86,110,110,True
158,87,120,120,True
158,88,130,130,True
158,89,140,140,True
158,90,120,120,True
158,91,110,110,True
158,92,80,80,True
158,93,160,160,True
159,0,110,110,True
159,1,130,130,True
159,2,70,70,True
159,3,70,70,True
159,4,90,90,True
159,5,90,90,True
159,6,170,170,True
159,7,150,150,True
159,8,150,150,True
159,9,70,70,True
159,10,120,120,True
159,11,100,100,True
159,12,70,70,True
159,13,80,80,True
159,14,100,100,True
159,15,100,100,True
159,16,100,100,True
159,17,120,120,True
159,18,130,130,True
159,19,170,170,True
159,20,50,50,True
159,21,70,70,True
159,22,120,120,True
159,23,80,80,True
159,24,120,120,True
159,25,100,100,True
159,26,130,130,True
159,27,140,140,True
159,28,100,100,True
159,29,120,120,True
159,30,120,120,True
159,31,130,130,True
159,32,130,130,True
159,33,210,210,True
159,34,100,100,True
159,35,130,130,True
159,36,120,120,True
159,37,170,170,True
159,38,80,80,True
159,39,120,120,True
159,40,80,80,True
159,41,100,100,True
159,42,130,130,True
159,43,170,170,True
159,44,90,90,True
159,45,110,110,True
159,46,130,130,True
159,47,110,110,True
159,48,40,40,True
159,49,130,130,True
159,50,110,110,True
159,51,150,150,True
159,52,80,80,True
159,53,70,70,True
159,54,70,70,True
159,55,90,90,True
159,56,20,20,True
159,57,90,90,True
159,58,130,130,True
159,59,150,150,True
159,60,90,90,True
159,61,110,110,True
159,62,100,100,True
159,63,150,150,True
159,64,100,100,True
159,65,160,160,True
159,66,130,130,True
159,67,140,140,True
159,68,110,110,True
159,69,130,130,True
159,70,130,130,True
159,71,80,80,True
159,72,100,100,True
159,73,90,90,True
159,74,140,140,True
159,75,190,190,True
159,76,50,50,True
159,77,60,60,True
159,78,130,130,True
159,79,130,130,True
159,80,110,110,True
159,81,110,110,True
159,82,100,100,True
159,83,120,120,True
159,84,140,140,True
159,85,120,120,True
159,86,110,110,True
159,87,120,120,True
159,88,130,130,True
159,89,140,140,True
159,90,120,120,True
159,91,110,110,True
159,92,80,80,True
159,93,160,160,True
160,0,110,110,True
160,1,130,130,True
160,2,70,70,True
160,3,70,70,True
160,4,90,90,True
160,5,90,90,True
160,6,170,170,True
160,7,150,150,True
160,8,150,150,True
160,9,70,70,True
160,10,120,120,True
160,11,100,100,True
160,12,70,70,True
160,13,80,80,True
160,14,100,100,True
160,15,100,100,True
160,16,100,100,True
160,17,120,120,True
160,18,130,130,True
160,19,170,170,True
160,20,50,50,True
160,21,70,70,True
160,22,120,120,True
160,23,80,80,True
160,24,120,120,True
160,25,100,100,True
160,26,130,130,True
160,27,140,140,True
160,28,100,100,True
160,29,120,120,True
160,30,120,120,True
160,31,130,130,True
160,32,130,130,True
160,33,210,210,True
160,34,100,100,True
160,35,130,130,True
160,36,120,120,True
160,37,170,170,True
160,38,80,80,True
160,39,120,120,True
160,40,80,80,True
160,41,100,100,True
160,42,130,130,True
160,43,170,170,True
160,44,90,90,True
160,45,110,110,True
160,46,130,130,True
160,47,110,110,True
160,48,40,40,True
160,49,130,130,True
160,50,110,110,True
160,51,150,150,True
160,52,80,80,True
160,53,70,70,True
160,54,70,70,True
160,55,90,90,True
160,56,20,20,False
160,57,90,90,True
160,58,130,130,True
160,59,150,150,True
160,60,90,90,True
160,61,110,110,True
160,62,100,100,True
160,63,150,150,True
160,64,100,100,True
160,65,160,160,True
160,66,130,130,True
160,67,140,140,True
160,68,110,110,True
160,69,130,130,True
160,70,130,130,True
160,71,80,80,True
160,72,100,100,True
160,73,90,90,True
160,74,140,140,True
160,75,190,190,True
160,76,50,50,True
160,77,60,60,True
160,78,130,130,True
160,79,130,130,True
160,80,110,110,True
160,81,110,110,True
160,82,100,100,True
160,83,120,120,True
160,84,140,140,True
160,85,120,120,True
160,86,110,110,True
160,87,120,120,True
160,88,130,130,True
160,89,140,140,True
160,90,120,120,True
160,91,110,110,True
160,92,80,80,True
160,93,160,160,True
161,0,110,110,True
161,1,130,130,True
161,2,70,70,True
161,3,70,70,True
161,4,90,90,True
161,5,90,90,True
161,6,170,170,True
161,7,150,150,True
161,8,150,150,True
161,9,70,70,True
161,10,120,120,True
161,11,100,100,True
161,12,70,70,True
161,13,80,80,True
161,14,100,100,True
161,15,100,100,True
161,16,100,100,True
161,17,120,120,True
161,18,130,130,True
161,19,170,170,True
161,20,50,50,True
161,21,70,70,True
161,22,120,120,True
161,23,80,80,True
161,24,120,120,True
161,25,100,100,True
161,26,130,130,True
161,27,140,140,True
161,28,100,100,True
161,29,120,120,True
161,30,120,120,True
161,31,130,130,True
161,32,130,130,True
161,33,210,210,True
161,34,100,100,True
161,35,130,130,True
161,36,120,120,True
161,37,170,170,True
161,38,80,80,True
161,39,120,120,True
161,40,80,80,True
161,41,100,100,True
161,42,130,130,True
161,43,170,170,True
161,44,90,90,True
161,45,110,110,True
161,46,130,130,True
161,47,110,110,True
161,48,40,40,True
161,49,130,130,True
161,50,110,110,True
161,51,150,150,True
161,52,80,80,True
161,53,70,70,True
161,54,70,70,True
161,55,90,90,True
161,56,20,20,True
161,57,90,90,True
161,58,130,130,True
161,59,150,150,True
161,60,90,90,True
161,61,110,110,True
161,62,100,100,True
161,63,150,150,True
161,64,100,100,True
161,65,160,160,True
161,66,130,130,True
161,67,140,140,True
161,68,110,110,True
161,69,130,130,True
161,70,130,130,True
161,71,80,80,True
161,72,100,100,True
161,73,90,90,True
161,74,140,140,True
161,75,190,190,True
161,76,50,50,True
161,77,60,60,True
161,78,130,130,True
161,79,130,130,True
161,80,110,110,True
161,81,110,110,True
161,82,100,100,True
161,83,120,120,True
161,84,140,140,True
161,85,120,120,True
161,86,110,110,True
161,87,120,120,True
161,88,130,130,True
161,89,140,140,True
161,90,120,120,True
161,91,110,110,True
161,92,80,80,True
161,93,160,160,True
162,0,110,110,True
162,1,130,130,True
162,2,70,70,True
162,3,70,70,True
162,4,90,90,True
162,5,90,90,True
162,6,170,170,True
162,7,150,150,True
162,8,150,150,True
162,9,70,70,True
162,10,120,120,True
162,11,100,100,True
162,12,70,70,True
162,13,80,80,True
162,14,100,100,True
162,15,100,100,True
162,16,100,100,True
162,17,120,120,True
162,18,130,130,True
162,19,170,170,True
162,20,50,50,True
162,21,70,70,True
162,22,120,120,True
162,23,80,80,True
162,24,120,120,True
162,25,100,100,True
162,26,130,130,True
162,27,140,140,True
162,28,100,100,True
162,29,120,120,True
162,30,120,120,True
162,31,130,130,True
162,32,130,130,True
162,33,210,210,True
162,34,100,100,True
162,35,130,130,True
162,36,120,120,True
162,37,170,170,True
162,38,80,80,True
162,39,120,120,True
162,40,80,80,True
162,41,100,100,True
162,42,130,130,True
162,43,170,170,True
162,44,90,90,True
162,45,110,110,True
162,46,130,130,True
162,47,110,110,True
162,48,40,40,True
162,49,130,130,True
162,50,110,110,True
162,51,150,150,True
162,52,80,80,True
162,53,70,70,True
162,54,70,70,True
162,55,90,90,False
162,56,20,20,True
162,57,90,90,True
162,58,130,130,True
162,59,150,150,True
162,60,90,90,True
162,61,110,110,True
162,62,100,100,True
162,63,150,150,True
162,64,100,100,True
162,65,160,160,True
162,66,130,130,True
162,67,140,140,True
162,68,110,110,True
162,69,130,130,True
162,70,130,130,True
162,71,80,80,True
162,72,100,100,True
162,73,90,90,True
162,74,140,140,True
162,75,190,190,True
162,76,50,50,True
162,77,60,60,True
162,78,130,130,True
162,79,130,130,True
162,80,110,110,True
162,81,110,110,True
162,82,100,100,True
162,83,120,120,True
162,84,140,140,True
162,85,120,120,True
162,86,110,110,True
162,87,120,120,True
162,88,130,130,True
162,89,140,140,True
162,90,120,120,True
162,91,110,110,True
162,92,80,80,True
162,93,160,160,True
163,0,110,110,True
163,1,130,130,True
163,2,70,70,True
163,3,70,70,True
163,4,90,90,True
163,5,90,90,True
163,6,170,170,True
163,7,150,150,True
163,8,150,150,True
163,9,70,70,True
163,10,120,120,True
163,11,100,100,True
163,12,70,70,True
163,13,80,80,True
163,14,100,100,True
163,15,100,100,True
163,16,100,100,True
163,17,120,120,True
163,18,130,130,True
163,19,170,170,True
163,20,50,50,True
163,21,70,70,True
163,22,120,120,True
163,23,80,80,True
163,24,120,120,True
163,25,100,100,True
163,26,130,130,True
163,27,140,140,True
163,28,100,100,True
163,29,120,120,True
163,30,120,120,True
163,31,130,130,True
163,32,130,130,True
163,33,210,210,True
163,34,100,100,True
163,35,130,130,True
163,36,120,120,True
163,37,170,170,True
163,38,80,80,True
163,39,120,120,True
163,40,80,80,True
163,41,100,100,True
163,42,130,130,True
163,43,170,170,True
163,44,90,90,True
163,45,110,110,True
163,46,130,130,True
163,47,110,110,True
163,48,40,40,True
163,49,130,130,True
163,50,110,110,True
163,51,150,150,True
163,52,80,80,True
163,53,70,70,True
163,54,70,70,True
163,55,90,90,True
163,56,20,20,True
163,57,90,90,True
163,58,130,130,True
163,59,150,150,True
163,60,90,90,True
163,61,110,110,True
163,62,100,100,True
163,63,150,150,True
163,64,100,100,True
163,65,160,160,True
163,66,130,130,True
163,67,140,140,True
163,68,110,110,True
163,69,130,130,True
163,70,130,130,True
163,71,80,80,True
163,72,100,100,True
163,73,90,90,True
163,74,140,140,True
163,75,190,190,True
163,76,50,50,True
163,77,60,60,True
163,78,130,130,True
163,79,130,130,True
163,80,110,110,True
163,81,110,110,True
163,82,100,100,True
163,83,120,120,True
163,84,140,140,True
163,85,120,120,True
163,86,110,110,True
163,87,120,120,True
163,88,130,130,True
163,89,140,140,True
163,90,120,120,True
163,91,110,110,True
163,92,80,80,True
163,93,160,160,True
164,0,110,110,True
164,1,130,130,True
164,2,70,70,True
164,3,70,70,True
164,4,90,90,True
164,5,90,90,True
164,6,170,170,True
164,7,150,150,True
164,8,150,150,True
164,9,70,70,True
164,10,120,120,True
164,11,100,100,True
164,12,70,70,True
164,13,80,80,True
164,14,100,100,True
164,15,100,100,True
164,16,100,100,True
164,17,120,120,True
164,18,130,130,True
164,19,170,170,True
164,20,50,50,True
164,21,70,70,True
164,22,120,120,True
164,23,80,80,True
164,24,120,120,True
164,25,100,100,True
164,26,130,130,True
164,27,140,140,True
164,28,100,100,True
164,29,120,120,True
164,30,120,120,True
164,31,130,130,True
164,32,130,130,True
164,33,210,210,True
164,34,100,100,True
164,35,130,130,True
164,36,120,120,True
164,37,170,170,True
164,38,80,80,True
164,39,120,120,True
164,40,80,80,True
164,41,100,100,True
164,42,130,130,True
164,43,170,170,True
164,44,90,90,True
164,45,110,110,True
164,46,130,130,True
164,47,110,110,True
164,48,40,40,True
164,49,130,130,True
164,50,110,110,True
164,51,150,150,True
164,52,80,80,True
164,53,70,70,True
164,54,70,70,True
164,55,90,90,True
164,56,20,20,True
164,57,90,90,True
164,58,130,130,True
164,59,150,150,True
164,60,90,90,True
164,61,110,110,True
164,62,100,100,True
164,63,150,150,True
164,64,100,100,True
164,65,160,160,True
164,66,130,130,True
164,67,140,140,True
164,68,110,110,True
164,69,130,130,True
164,70,130,130,True
164,71,80,80,True
164,72,100,100,True
164,73,90,90,True
164,74,140,140,True
164,75,190,190,True
164,76,50,50,True
164,77,60,60,True
164,78,130,130,True
164,79,130,130,True
164,80,110,110,True
164,81,110,110,True
164,82,100,100,True
164,83,120,120,True
164,84,140,140,True
164,85,120,120,True
164,86,110,110,True
164,87,120,120,True
164,88,130,130,True
164,89,140,140,True
164,90,120,120,True
164,91,110,110,True
164,92,80,80,True
164,93,160,160,True
165,0,110,110,True
165,1,130,130,True
165,2,70,70,True
165,3,70,70,True
165,4,90,90,True
165,5,90,90,True
165,6,170,170,True
165,7,150,150,True
165,8,150,150,True
165,9,70,70,True
165,10,120,120,True
165,11,100,100,True
165,12,70,70,True
165,13,80,80,True
165,14,100,100,True
165,15,100,100,True
165,16,100,100,True
165,17,120,120,True
165,18,130,130,True
165,19,170,170,True
165,20,50,50,True
165,21,70,70,True
165,22,120,120,True
165,23,80,80,True
165,24,120,120,True
165,25,100,100,True
165,26,130,130,True
165,27,140,140,True
165,28,100,100,True
165,29,120,120,True
165,30,120,120,True
165,31,130,130,True
165,32,130,130,True
165,33,210,210,True
165,34,100,100,True
165,35,130,130,True
165,36,120,120,True
165,37,170,170,True
165,38,80,80,True
165,39,120,120,True
165,40,80,80,True
165,41,100,100,True
165,42,130,130,True
165,43,170,170,True
165,44,90,90,True
165,45,110,110,True
165,46,130,130,True
165,47,110,110,True
165,48,40,40,True
165,49,130,130,True
165,50,110,110,True
165,51,150,150,True
165,52,80,80,True
165,53,70,70,True
165,54,70,70,True
165,55,90,90,True
165,56,20,20,True
165,57,90,90,True
165,58,130,130,True
165,59,150,150,True
165,60,90,90,True
165,61,110,110,True
165,62,100,100,True
165,63,150,150,True
165,64,100,100,True
165,65,160,160,True
165,66,130,130,True
165,67,140,140,True
165,68,110,110,True
165,69,130,130,True
165,70,130,130,True
165,71,80,80,True
165,72,100,100,True
165,73,90,90,True
165,74,140,140,True
165,75,190,190,True
165,76,50,50,True
165,77,60,60,True
165,78,130,130,True
165,79,130,130,True
165,80,110,110,True
165,81,110,110,True
165,82,100,100,True
165,83,120,120,True
165,84,140,140,True
165,85,120,120,True
165,86,110,110,True
165,87,120,120,True
165,88,130,130,True
165,89,140,140,True
165,90,120,120,True
165,91,110,110,True
165,92,80,80,True
165,93,160,160,True
166,0,110,110,True
166,1,130,130,True
166,2,70,70,True
166,3,70,70,True
166,4,90,90,True
166,5,90,90,True
166,6,170,170,True
166,7,150,150,True
166,8,150,150,True
166,9,70,70,True
166,10,120,120,True
166,11,100,100,True
166,12,70,70,True
166,13,80,80,True
166,14,100,100,True
166,15,100,100,True
166,16,100,100,True
166,17,120,120,True
166,18,130,130,True
166,19,170,170,True
166,20,50,50,True
166,21,70,70,True
166,22,120,120,True
166,23,80,80,True
166,24,120,120,True
166,25,100,100,True
166,26,130,130,True
166,27,140,140,True
166,28,100,100,True
166,29,120,120,True
166,30,120,120,True
166,31,130,130,True
166,32,130,130,True
166,33,210,210,True
166,34,100,100,True
166,35,130,130,True
166,36,120,120,True
166,37,170,170,True
166,38,80,80,True
166,39,120,120,True
166,40,80,80,True
166,41,100,100,True
166,42,130,130,True
166,43,170,170,True
166,44,90,90,True
166,45,110,110,True
166,46,130,130,True
166,47,110,110,True
166,48,40,40,True
166,49,130,130,True
166,50,110,110,True
166,51,150,150,True
166,52,80,80,True
166,53,70,70,True
166,54,70,70,True
166,55,90,90,True
166,56,20,20,False
166,57,90,90,True
166,58,130,130,True
166,59,150,150,True
166,60,90,90,True
166,61,110,110,True
166,62,100,100,True
166,63,150,150,True
166,64,100,100,True
166,65,160,160,True
166,66,130,130,True
166,67,140,140,True
166,68,110,110,True
166,69,130,130,True
166,70,130,130,True
166,71,80,80,True
166,72,100,100,True
166,73,90,90,True
166,74,140,140,True
166,75,190,190,True
166,76,50,50,True
166,77,60,60,True
166,78,130,130,True
166,79,130,130,True
166,80,110,110,True
166,81,110,110,True
166,82,100,100,True
166,83,120,120,True
166,84,140,140,True
166,85,120,120,True
166,86,110,110,True
166,87,120,120,True
166,88,130,130,True
166,89,140,140,True
166,90,120,120,True
166,91,110,110,True
166,92,80,80,True
166,93,160,160,True
167,0,110,110,True
167,1,130,130,True
167,2,70,70,True
167,3,70,70,True
167,4,90,90,True
167,5,90,90,True
167,6,170,170,True
167,7,150,150,True
167,8,150,150,True
167,9,70,70,True
167,10,120,120,True
167,11,100,100,True
167,12,70,70,True
167,13,80,80,True
167,14,100,100,True
167,15,100,100,True
167,16,100,100,True
167,17,120,120,True
167,18,130,130,True
167,19,170,170,True
167,20,50,50,True
167,21,70,70,True
167,22,120,120,True
167,23,80,80,True
167,24,120,120,True
167,25,100,100,True
167,26,130,130,True
167,27,140,140,True
167,28,100,100,True
167,29,120,120,True
167,30,120,120,True
167,31,130,130,True
167,32,130,130,True
167,33,210,210,True
167,34,100,100,True
167,35,130,130,True
167,36,120,120,True
167,37,170,170,True
167,38,80,80,True
167,39,120,120,True
167,40,80,80,True
167,41,100,100,True
167,42,130,130,True
167,43,170,170,True
167,44,90,90,True
167,45,110,110,True
167,46,130,130,True
167,47,110,110,True
167,48,40,40,True
167,49,130,130,True
167,50,110,110,True
167,51,150,150,True
167,52,80,80,True
167,53,70,70,True
167,54,70,70,True
167,55,90,90,True
167,56,20,20,True
167,57,90,90,True
167,58,130,130,True
167,59,150,150,True
167,60,90,90,True
167,61,110,110,True
167,62,100,100,True
167,63,150,150,True
167,64,100,100,True
167,65,160,160,True
167,66,130,130,True
167,67,140,140,True
167,68,110,110,True
167,69,130,130,True
167,70,130,130,True
167,71,80,80,True
167,72,100,100,True
167,73,90,90,True
167,74,140,140,True
167,75,190,190,True
167,76,50,50,True
167,77,60,60,True
167,78,130,130,True
167,79,130,130,True
167,80,110,110,True
167,81,110,110,True
167,82,100,100,True
167,83,120,120,True
167,84,140,140,True
167,85,120,120,True
167,86,110,110,True
167,87,120,120,True
167,88,130,130,True
167,89,140,140,True
167,90,120,120,True
167,91,110,110,True
167,92,80,80,True
167,93,160,160,True
168,0,110,110,True
168,1,130,130,True
168,2,70,70,True
168,3,70,70,True
168,4,90,90,True
168,5,90,90,True
168,6,170,170,True
168,7,150,150,True
168,8,150,150,True
168,9,70,70,True
168,10,120,120,True
168,11,100,100,True
168,12,70,70,True
168,13,80,80,True
168,14,100,100,True
168,15,100,100,True
168,16,100,100,True
168,17,120,120,True
168,18,130,130,True
168,19,170,170,True
168,20,50,50,True
168,21,70,70,True
168,22,120,120,True
168,23,80,80,True
168,24,120,120,True
168,25,100,100,True
168,26,130,130,True
168,27,140,140,True
168,28,100,100,True
168,29,120,120,True
168,30,120,120,True
168,31,130,130,True
168,32,130,130,True
168,33,210,210,True
168,34,100,100,True
168,35,130,130,True
168,36,120,120,True
168,37,170,170,True
168,38,80,80,True
168,39,120,120,True
168,40,80,80,True
168,41,100,100,True
168,42,130,130,True
168,43,170,170,True
168,44,90,90,True
168,45,110,110,True
168,46,130,130,True
168,47,110,110,True
168,48,40,40,True
168,49,130,130,True
168,50,110,110,True
168,51,150,150,True
168,52,80,80,True
168,53,70,70,True
168,54,70,70,True
168,55,90,90,True
168,56,20,20,True
168,57,90,90,True
168,58,130,130,True
168,59,150,150,True
168,60,90,90,True
168,61,110,110,True
168,62,100,100,True
168,63,150,150,True
168,64,100,100,True
168,65,160,160,True
168,66,130,130,True
168,67,140,140,True
168,68,110,110,True
168,69,130,130,True
168,70,130,130,True
168,71,80,80,True
168,72,100,100,True
168,73,90,90,True
168,74,140,140,True
168,75,190,190,True
168,76,50,50,True
168,77,60,60,True
168,78,130,130,True
168,79,130,130,True
168,80,110,110,True
168,81,110,110,True
168,82,100,100,True
168,83,120,120,True
168,84,140,140,True
168,85,120,120,True
168,86,110,110,True
168,87,120,120,True
168,88,130,130,True
168,89,140,140,True
168,90,120,120,True
168,91,110,110,True
168,92,80,80,True
168,93,160,160,True
169,0,110,110,True
169,1,130,130,True
169,2,70,70,True
169,3,70,70,True
169,4,90,90,True
169,5,90,90,True
169,6,170,170,True
169,7,150,150,True
169,8,150,150,True
169,9,70,70,True
169,10,120,120,True
169,11,100,100,True
169,12,70,70,True
169,13,80,80,True
169,14,100,100,True
169,15,100,100,True
169,16,100,100,True
169,17,120,120,True
169,18,130,130,True
169,19,170,170,True
169,20,50,50,True
169,21,70,70,True
169,22,120,120,True
169,23,80,80,True
169,24,120,120,True
169,25,100,100,True
169,26,130,130,True
169,27,140,140,True
169,28,100,100,True
169,29,120,120,True
169,30,120,120,True
169,31,130,130,True
169,32,130,130,True
169,33,210,210,True
169,34,100,100,True
169,35,130,130,True
169,36,120,120,True
169,37,170,170,True
169,38,80,80,True
169,39,120,120,True
169,40,80,80,True
169,41,100,100,True
169,42,130,130,True
169,43,170,170,True
169,44,90,90,True
169,45,110,110,True
169,46,130,130,True
169,47,110,110,True
169,48,40,40,True
169,49,130,130,True
169,50,110,110,True
169,51,150,150,True
169,52,80,80,True
169,53,70,70,True
169,54,70,70,True
169,55,90,90,True
169,56,20,20,True
169,57,90,90,True
169,58,130,130,True
169,59,150,150,True
169,60,90,90,True
169,61,110,110,True
169,62,100,100,True
169,63,150,150,True
169,64,100,100,True
169,65,160,160,True
169,66,130,130,True
169,67,140,140,True
169,68,110,110,True
169,69,130,130,True
169,70,130,130,True
169,71,80,80,True
169,72,100,100,True
169,73,90,90,True
169,74,140,140,True
169,75,190,190,True
169,76,50,50,True
169,77,60,60,True
169,78,130,130,True
169,79,130,130,True
169,80,110,110,True
169,81,110,110,True
169,82,100,100,True
169,83,120,120,True
169,84,140,140,True
169,85,120,120,True
169,86,110,110,True
169,87,120,120,True
169,88,130,130,True
169,89,140,140,True
169,90,120,120,True
169,91,110,110,True
169,92,80,80,True
169,93,160,160,True
170,0,110,110,True
170,1,130,130,True
170,2,70,70,True
170,3,70,70,True
170,4,90,90,True
170,5,90,90,True
170,6,170,170,True
170,7,150,150,True
170,8,150,150,True
170,9,70,70,True
170,10,120,120,True
170,11,100,100,True
170,12,70,70,True
170,13,80,80,True
170,14,100,100,True
170,15,100,100,True
170,16,100,100,True
170,17,120,120,True
170,18,130,130,True
170,19,170,170,True
170,20,50,50,True
170,21,70,70,True
170,22,120,120,True
170,23,80,80,True
170,24,120,120,True
170,25,100,100,True
170,26,130,130,True
170,27,140,140,True
170,28,100,100,True
170,29,120,120,True
170,30,120,120,True
170,31,130,130,True
170,32,130,130,True
170,33,210,210,True
170,34,100,100,True
170,35,130,130,True
170,36,120,120,True
170,37,170,170,True
170,38,80,80,True
170,39,120,120,True
170,40,80,80,True
170,41,100,100,True
170,42,130,130,True
170,43,170,170,True
170,44,90,90,True
170,45,110,110,True
170,46,130,130,True
170,47,110,110,True
170,48,40,40,False
170,49,130,130,True
170,50,110,110,True
170,51,150,150,True
170,52,80,80,True
170,53,70,70,True
170,54,70,70,True
170,55,90,90,True
170,56,20,20,True
170,57,90,90,True
170,58,130,130,True
170,59,150,150,True
170,60,90,90,True
170,61,110,110,True
170,62,100,100,True
170,63,150,150,True
170,64,100,100,True
170,65,160,160,True
170,66,130,130,True
170,67,140,140,True
170,68,110,110,True
170,69,130,130,True
170,70,130,130,True
170,71,80,80,True
170,72,100,100,True
170,73,90,90,True
170,74,140,140,True
170,75,190,190,True
170,76,50,50,True
170,77,60,60,True
170,78,130,130,True
170,79,130,130,True
170,80,110,110,True
170,81,110,110,True
170,82,100,100,True
170,83,120,120,True
170,84,140,140,True
170,85,120,120,True
170,86,110,110,True
170,87,120,120,True
170,88,130,130,True
170,89,140,140,True
170,90,120,120,True
170,91,110,110,True
170,92,80,80,True
170,93,160,160,True
171,0,110,110,True
171,1,130,130,True
171,2,70,70,True
171,3,70,70,True
171,4,90,90,True
171,5,90,90,True
171,6,170,170,True
171,7,150,150,True
171,8,150,150,True
171,9,70,70,True
171,10,120,120,True
171,11,100,100,True
171,12,70,70,True
171,13,80,80,True
171,14,100,100,True
171,15,100,100,True
171,16,100,100,True
171,17,120,120,True
171,18,130,130,True
171,19,170,170,True
171,20,50,50,True
171,21,70,70,True
171,22,120,120,True
171,23,80,80,True
171,24,120,120,True
171,25,100,100,True
171,26,130,130,True
171,27,140,140,True
171,28,100,100,True
171,29,120,120,True
171,30,120,120,True
171,31,130,130,True
171,32,130,130,True
171,33,210,210,True
171,34,100,100,True
171,35,130,130,True
171,36,120,120,True
171,37,170,170,True
171,38,80,80,True
171,39,120,120,True
171,40,80,80,False
171,41,100,100,True
171,42,130,130,True
171,43,170,170,True
171,44,90,90,True
171,45,110,110,True
171,46,130,130,True
171,47,110,110,True
171,48,40,40,True
171,49,130,130,True
171,50,110,110,True
171,51,150,150,True
171,52,80,80,True
171,53,70,70,True
171,54,70,70,True
171,55,90,90,True
171,56,20,20,True
171,57,90,90,True
171,58,130,130,True
171,59,150,150,True
171,60,90,90,True
171,61,110,110,True
171,62,100,100,True
171,63,150,150,True
171,64,100,100,True
171,65,160,160,True
171,66,130,130,True
171,67,140,140,True
171,68,110,110,True
171,69,130,130,True
171,70,130,130,True
171,71,80,80,True
171,72,100,100,True
171,73,90,90,True
171,74,140,140,True
171,75,190,190,True
171,76,50,50,True
171,77,60,60,True
171,78,130,130,True
171,79,130,130,True
171,80,110,110,True
171,81,110,110,True
171,82,100,100,True
171,83,120,120,True
171,84,140,140,True
171,85,120,120,True
171,86,110,110,True
171,87,120,120,True
171,88,130,130,True
171,89,140,140,True
171,90,120,120,True
171,91,110,110,True
171,92,80,80,True
171,93,160,160,True
172,0,110,110,True
172,1,130,130,True
172,2,70,70,True
172,3,70,70,True
172,4,90,90,True
172,5,90,90,True
172,6,170,170,True
172,7,150,150,True
172,8,150,150,True
172,9,70,70,True
172,10,120,120,True
172,11,100,100,True
172,12,70,70,True
172,13,80,80,True
172,14,100,100,True
172,15,100,100,True
172,16,100,100,True
172,17,120,120,True
172,18,130,130,True
172,19,170,170,True
172,20,50,50,True
172,21,70,70,True
172,22,120,120,True
172,23,80,80,True
172,24,120,120,True
172,25,100,100,True
172,26,130,130,True
172,27,140,140,True
172,28,100,100,True
172,29,120,120,True
172,30,120,120,True
172,31,130,130,True
172,32,130,130,True
172,33,210,210,True
172,34,100,100,True
172,35,130,130,True
172,36,120,120,True
172,37,170,170,True
172,38,80,80,True
172,39,120,120,True
172,40,80,80,True
172,41,100,100,True
172,42,130,130,True
172,43,170,170,True
172,44,90,90,True
172,45,110,110,True
172,46,130,130,True
172,47,110,110,True
172,48,40,40,True
172,49,130,130,True
172,50,110,110,True
172,51,150,150,True
172,52,80,80,True
172,53,70,70,True
172,54,70,70,True
172,55,90,90,True
172,56,20,20,True
172,57,90,90,True
172,58,130,130,True
172,59,150,150,True
172,60,90,90,True
172,61,110,110,True
172,62,100,100,True
172,63,150,150,True
172,64,100,100,True
172,65,160,160,True
172,66,130,130,True
172,67,140,140,True
172,68,110,110,True
172,69,130,130,True
172,70,130,130,True
172,71,80,80,True
172,72,100,100,True
172,73,90,90,True
172,74,140,140,True
172,75,190,190,True
172,76,50,50,True
172,77,60,60,True
172,78,130,130,True
172,79,130,130,True
172,80,110,110,True
172,81,110,110,True
172,82,100,100,True
172,83,120,120,True
172,84,140,140,True
172,85,120,120,True
172,86,110,110,True
172,87,120,120,True
172,88,130,130,True
172,89,140,140,True
172,90,120,120,True
172,91,110,110,True
172,92,80,80,True
172,93,160,160,True
173,0,110,110,True
173,1,130,130,True
173,2,70,70,True
173,3,70,70,True
173,4,90,90,True
173,5,90,90,True
173,6,170,170,True
173,7,150,150,True
173,8,150,150,True
173,9,70,70,True
173,10,120,120,True
173,11,100,100,True
173,12,70,70,True
173,13,80,80,True
173,14,100,100,True
173,15,100,100,True
173,16,100,100,True
173,17,120,120,True
173,18,130,130,True
173,19,170,170,True
173,20,50,50,True
173,21,70,70,True
173,22,120,120,True
173,23,80,80,True
173,24,120,120,True
173,25,100,100,True
173,26,130,130,True
173,27,140,140,True
173,28,100,100,True
173,29,120,120,True
173,30,120,120,True
173,31,130,130,True
173,32,130,130,True
173,33,210,210,True
173,34,100,100,True
173,35,130,130,True
173,36,120,120,True
173,37,170,170,True
173,38,80,80,True
173,39,120,120,True
173,40,80,80,True
173,41,100,100,True
173,42,130,130,True
173,43,170,170,True
173,44,90,90,True
173,45,110,110,True
173,46,130,130,True
173,47,110,110,True
173,48,40,40,True
173,49,130,130,True
173,50,110,110,True
173,51,150,150,True
173,52,80,80,True
173,53,70,70,True
173,54,70,70,True
173,55,90,90,True
173,56,20,20,True
173,57,90,90,True
173,58,130,130,True
173,59,150,150,True
173,60,90,90,True
173,61,110,110,True
173,62,100,100,True
173,63,150,150,True
173,64,100,100,True
173,65,160,160,True
173,66,130,130,True
173,67,140,140,True
173,68,110,110,True
173,69,130,130,True
173,70,130,130,True
173,71,80,80,True
173,72,100,100,True
173,73,90,90,True
173,74,140,140,True
173,75,190,190,True
173,76,50,50,True
173,77,60,60,True
173,78,130,130,True
173,79,130,130,True
173,80,110,110,True
173,81,110,110,True
173,82,100,100,True
173,83,120,120,True
173,84,140,140,True
173,85,120,120,True
173,86,110,110,True
173,87,120,120,True
173,88,130,130,True
173,89,140,140,True
173,90,120,120,True
173,91,110,110,True
173,92,80,80,True
173,93,160,160,True
174,0,110,110,True
174,1,130,130,True
174,2,70,70,True
174,3,70,70,True
174,4,90,90,True
174,5,90,90,True
174,6,170,170,True
174,7,150,150,True
174,8,150,150,True
174,9,70,70,True
174,10,120,120,True
174,11,100,100,True
174,12,70,70,True
174,13,80,80,True
174,14,100,100,True
174,15,100,100,True
174,16,100,100,True
174,17,120,120,True
174,18,130,130,True
174,19,170,170,True
174,20,50,50,True
174,21,70,70,True
174,22,120,120,True
174,23,80,80,True
174,24,120,120,True
174,25,100,100,True
174,26,130,130,True
174,27,140,140,True
174,28,100,100,True
174,29,120,120,True
174,30,120,120,True
174,31,130,130,True
174,32,130,130,True
174,33,210,210,True
174,34,100,100,True
174,35,130,130,True
174,36,120,120,True
174,37,170,170,True
174,38,80,80,True
174,39,120,120,True
174,40,80,80,True
174,41,100,100,True
174,42,130,130,True
174,43,170,170,True
174,44,90,90,True
174,45,110,110,True
174,46,130,130,True
174,47,110,110,True
174,48,40,40,True
174,49,130,130,True
174,50,110,110,True
174,51,150,150,True
174,52,80,80,True
174,53,70,70,True
174,54,70,70,True
174,55,90,90,True
174,56,20,20,True
174,57,90,90,True
174,58,130,130,True
174,59,150,150,True
174,60,90,90,True
174,61,110,110,True
174,62,100,100,True
174,63,150,150,True
174,64,100,100,True
174,65,160,160,True
174,66,130,130,True
174,67,140,140,True
174,68,110,110,True
174,69,130,130,True
174,70,130,130,True
174,71,80,80,True
174,72,100,100,True
174,73,90,90,True
174,74,140,140,True
174,75,190,190,True
174,76,50,50,True
174,77,60,60,True
174,78,130,130,True
174,79,130,130,True
174,80,110,110,True
174,81,110,110,True
174,82,100,100,True
174,83,120,120,True
174,84,140,140,True
174,85,120,120,True
174,86,110,110,True
174,87,120,120,True
174,88,130,130,True
174,89,140,140,True
174,90,120,120,True
174,91,110,110,True
174,92,80,80,True
174,93,160,160,True
175,0,110,110,True
175,1,130,130,True
175,2,70,70,True
175,3,70,70,True
175,4,90,90,True
175,5,90,90,True
175,6,170,170,True
175,7,150,150,True
175,8,150,150,True
175,9,70,70,True
175,10,120,120,True
175,11,100,100,True
175,12,70,70,True
175,13,80,80,True
175,14,100,100,True
175,15,100,100,True
175,16,100,100,True
175,17,120,120,True
175,18,130,130,True
175,19,170,170,True
175,20,50,50,True
175,21,70,70,True
175,22,120,120,True
175,23,80,80,True
175,24,120,120,True
175,25,100,100,True
175,26,130,130,True
175,27,140,140,True
175,28,100,100,True
175,29,120,120,True
175,30,120,120,True
175,31,130,130,True
175,32,130,130,True
175,33,210,210,True
175,34,100,100,True
175,35,130,130,True
175,36,120,120,True
175,37,170,170,True
175,38,80,80,True
175,39,120,120,True
175,40,80,80,True
175,41,100,100,True
175,42,130,130,True
175,43,170,170,True
175,44,90,90,True
175,45,110,110,True
175,46,130,130,True
175,47,110,110,True
175,48,40,40,True
175,49,130,130,True
175,50,110,110,True
175,51,150,150,True
175,52,80,80,True
175,53,70,70,True
175,54,70,70,True
175,55,90,90,True
175,56,20,20,True
175,57,90,90,True
175,58,130,130,True
175,59,150,150,True
175,60,90,90,True
175,61,110,110,True
175,62,100,100,True
175,63,150,150,True
175,64,100,100,True
175,65,160,160,True
175,66,130,130,True
175,67,140,140,True
175,68,110,110,True
175,69,130,130,True
175,70,130,130,True
175,71,80,80,True
175,72,100,100,True
175,73,90,90,True
175,74,140,140,True
175,75,190,190,True
175,76,50,50,True
175,77,60,60,True
175,78,130,130,True
175,79,130,130,True
175,80,110,110,True
175,81,110,110,True
175,82,100,100,True
175,83,120,120,True
175,84,140,140,True
175,85,120,120,True
175,86,110,110,True
175,87,120,120,True
175,88,130,130,True
175,89,140,140,True
175,90,120,120,True
175,91,110,110,True
175,92,80,80,True
175,93,160,160,True
176,0,110,110,True
176,1,130,130,True
176,2,70,70,True
176,3,70,70,True
176,4,90,90,True
176,5,90,90,True
176,6,170,170,True
176,7,150,150,True
176,8,150,150,True
176,9,70,70,True
176,10,120,120,True
176,11,100,100,True
176,12,70,70,True
176,13,80,80,True
176,14,100,100,True
176,15,100,100,True
176,16,100,100,True
176,17,120,120,True
176,18,130,130,True
176,19,170,170,True
176,20,50,50,True
176,21,70,70,True
176,22,120,120,True
176,23,80,80,True
176,24,120,120,True
176,25,100,100,True
176,26,130,130,True
176,27,140,140,True
176,28,100,100,True
176,29,120,120,True
176,30,120,120,True
176,31,130,130,True
176,32,130,130,True
176,33,210,210,True
176,34,100,100,True
176,35,130,130,True
176,36,120,120,True
176,37,170,170,True
176,38,80,80,True
176,39,120,120,True
176,40,80,80,True
176,41,100,100,True
176,42,130,130,True
176,43,170,170,True
176,44,90,90,True
176,45,110,110,True
176,46,130,130,True
176,47,110,110,True
176,48,40,40,True
176,49,130,130,True
176,50,110,110,True
176,51,150,150,True
176,52,80,80,True
176,53,70,70,True
176,54,70,70,True
176,55,90,90,True
176,56,20,20,True
176,57,90,90,True
176,58,130,130,True
176,59,150,150,True
176,60,90,90,True
176,61,110,110,True
176,62,100,100,True
176,63,150,150,True
176,64,100,100,True
176,65,160,160,True
176,66,130,130,True
176,67,140,140,True
176,68,110,110,True
176,69,130,130,True
176,70,130,130,True
176,71,80,80,True
176,72,100,100,True
176,73,90,90,True
176,74,140,140,True
176,75,190,190,True
176,76,50,50,True
176,77,60,60,True
176,78,130,130,True
176,79,130,130,True
176,80,110,110,True
176,81,110,110,True
176,82,100,100,True
176,83,120,120,True
176,84,140,140,True
176,85,120,120,True
176,86,110,110,True
176,87,120,120,True
176,88,130,130,True
176,89,140,140,True
176,90,120,120,True
176,91,110,110,True
176,92,80,80,True
176,93,160,160,True
177,0,110,110,True
177,1,130,130,True
177,2,70,70,True
177,3,70,70,True
177,4,90,90,True
177,5,90,90,True
177,6,170,170,True
177,7,150,150,True
177,8,150,150,True
177,9,70,70,True
177,10,120,120,True
177,11,100,100,True
177,12,70,70,True
177,13,80,80,True
177,14,100,100,True
177,15,100,100,True
177,16,100,100,True
177,17,120,120,True
177,18,130,130,True
177,19,170,170,True
177,20,50,50,True
177,21,70,70,True
177,22,120,120,True
177,23,80,80,True
177,24,120,120,True
177,25,100,100,True
177,26,130,130,True
177,27,140,140,True
177,28,100,100,True
177,29,120,120,True
177,30,120,120,True
177,31,130,130,True
177,32,130,130,True
177,33,210,210,True
177,34,100,100,True
177,35,130,130,True
177,36,120,120,True
177,37,170,170,True
177,38,80,80,True
177,39,120,120,True
177,40,80,80,True
177,41,100,100,True
177,42,130,130,True
177,43,170,170,True
177,44,90,90,True
177,45,110,110,True
177,46,130,130,True
177,47,110,110,True
177,48,40,40,True
177,49,130,130,True
177,50,110,110,True
177,51,150,150,True
177,52,80,80,True
177,53,70,70,True
177,54,70,70,True
177,55,90,90,True
177,56,20,20,True
177,57,90,90,True
177,58,130,130,True
177,59,150,150,True
177,60,90,90,True
177,61,110,110,True
177,62,100,100,True
177,63,150,150,True
177,64,100,100,True
177,65,160,160,True
177,66,130,130,True
177,67,140,140,True
177,68,110,110,True
177,69,130,130,True
177,70,130,130,True
177,71,80,80,True
177,72,100,100,True
177,73,90,90,True
177,74,140,140,True
177,75,190,190,True
177,76,50,50,True
177,77,60,60,True
177,78,130,130,True
177,79,130,130,True
177,80,110,110,True
177,81,110,110,True
177,82,100,100,True
177,83,120,120,True
177,84,140,140,True
177,85,120,120,True
177,86,110,110,True
177,87,120,120,True
177,88,130,130,True
177,89,140,140,True
177,90,120,120,True
177,91,110,110,True
177,92,80,80,True
177,93,160,160,True
178,0,110,110,True
178,1,130,130,True
178,2,70,70,True
178,3,70,70,True
178,4,90,90,True
178,5,90,90,True
178,6,170,170,True
178,7,150,150,True
178,8,150,150,True
178,9,70,70,True
178,10,120,120,True
178,11,100,100,True
178,12,70,70,True
178,13,80,80,False
178,14,100,100,True
178,15,100,100,True
178,16,100,100,True
178,17,120,120,True
178,18,130,130,True
178,19,170,170,True
178,20,50,50,True
178,21,70,70,True
178,22,120,120,True
178,23,80,80,False
178,24,120,120,True
178,25,100,100,True
178,26,130,130,True
178,27,140,140,True
178,28,100,100,True
178,29,120,120,True
178,30,120,120,True
178,31,130,130,True
178,32,130,130,True
178,33,210,210,True
178,34,100,100,True
178,35,130,130,True
178,36,120,120,True
178,37,170,170,True
178,38,80,80,True
178,39,120,120,True
178,40,80,80,False
178,41,100,100,True
178,42,130,130,True
178,43,170,170,True
178,44,90,90,True
178,45,110,110,True
178,46,130,130,True
178,47,110,110,True
178,48,40,40,True
178,49,130,130,True
178,50,110,110,True
178,51,150,150,True
178,52,80,80,True
178,53,70,70,True
178,54,70,70,True
178,55,90,90,True
178,56,20,20,True
178,57,90,90,True
178,58,130,130,True
178,59,150,150,True
178,60,90,90,True
178,61,110,110,True
178,62,100,100,True
178,63,150,150,True
178,64,100,100,True
178,65,160,160,True
178,66,130,130,True
178,67,140,140,True
178,68,110,110,True
178,69,130,130,True
178,70,130,130,True
178,71,80,80,True
178,72,100,100,True
178,73,90,90,True
178,74,140,140,True
178,75,190,190,True
178,76,50,50,True
178,77,60,60,True
178,78,130,130,True
178,79,130,130,True
178,80,110,110,True
178,81,110,110,True
178,82,100,100,True
178,83,120,120,True
178,84,140,140,True
178,85,120,120,True
178,86,110,110,True
178,87,120,120,True
178,88,130,130,True
178,89,140,140,True
178,90,120,120,True
178,91,110,110,True
178,92,80,80,True
178,93,160,160,True
179,0,110,110,True
179,1,130,130,True
179,2,70,70,True
179,3,70,70,True
179,4,90,90,True
179,5,90,90,True
179,6,170,170,True
179,7,150,150,True
179,8,150,150,True
179,9,70,70,True
179,10,120,120,True
179,11,100,100,True
179,12,70,70,True
179,13,80,80,True
179,14,100,100,True
179,15,100,100,True
179,16,100,100,True
179,17,120,120,True
179,18,130,130,True
179,19,170,170,True
179,20,50,50,True
179,21,70,70,True
179,22,120,120,True
179,23,80,80,True
179,24,120,120,True
179,25,100,100,True
179,26,130,130,True
179,27,140,140,True
179,28,100,100,True
179,29,120,120,True
179,30,120,120,True
179,31,130,130,True
179,32,130,130,True
179,33,210,210,True
179,34,100,100,True
179,35,130,130,True
179,36,120,120,True
179,37,170,170,True
179,38,80,80,True
179,39,120,120,True
179,40,80,80,True
179,41,100,100,True
179,42,130,130,True
179,43,170,170,True
179,44,90,90,True
179,45,110,110,True
179,46,130,130,True
179,47,110,110,True
179,48,40,40,True
179,49,130,130,True
179,50,110,110,True
179,51,150,150,True
179,52,80,80,True
179,53,70,70,True
179,54,70,70,True
179,55,90,90,True
179,56,20,20,False
179,57,90,90,True
179,58,130,130,True
179,59,150,150,True
179,60,90,90,True
179,61,110,110,True
179,62,100,100,True
179,63,150,150,True
179,64,100,100,True
179,65,160,160,True
179,66,130,130,True
179,67,140,140,True
179,68,110,110,True
179,69,130,130,True
179,70,130,130,True
179,71,80,80,True
179,72,100,100,True
179,73,90,90,True
179,74,140,140,True
179,75,190,190,True
179,76,50,50,True
179,77,60,60,True
179,78,130,130,True
179,79,130,130,True
179,80,110,110,True
179,81,110,110,True
179,82,100,100,True
179,83,120,120,True
179,84,140,140,True
179,85,120,120,True
179,86,110,110,True
179,87,120,120,True
179,88,130,130,True
179,89,140,140,True
179,90,120,120,True
179,91,110,110,True
179,92,80,80,True
179,93,160,160,True
180,0,110,110,True
180,1,130,130,True
180,2,70,70,True
180,3,70,70,True
180,4,90,90,True
180,5,90,90,True
180,6,170,170,True
180,7,150,150,True
180,8,150,150,True
180,9,70,70,True
180,10,120,120,True
180,11,100,100,True
180,12,70,70,True
180,13,80,80,True
180,14,100,100,True
180,15,100,100,True
180,16,100,100,True
180,17,120,120,True
180,18,130,130,True
180,19,170,170,True
180,20,50,50,True
180,21,70,70,True
180,22,120,120,True
180,23,80,80,True
180,24,120,120,True
180,25,100,100,True
180,26,130,130,True
180,27,140,140,True
180,28,100,100,True
180,29,120,120,True
180,30,120,120,True
180,31,130,130,True
180,32,130,130,True
180,33,210,210,True
180,34,100,100,True
180,35,130,130,True
180,36,120,120,True
180,37,170,170,True
180,38,80,80,True
180,39,120,120,True
180,40,80,80,True
180,41,100,100,True
180,42,130,130,True
180,43,170,170,True
180,44,90,90,True
180,45,110,110,True
180,46,130,130,True
180,47,110,110,True
180,48,40,40,True
180,49,130,130,True
180,50,110,110,True
180,51,150,150,True
180,52,80,80,True
180,53,70,70,True
180,54,70,70,True
180,55,90,90,True
180,56,20,20,False
180,57,90,90,True
180,58,130,130,True
180,59,150,150,True
180,60,90,90,True
180,61,110,110,True
180,62,100,100,True
180,63,150,150,True
180,64,100,100,True
180,65,160,160,True
180,66,130,130,True
180,67,140,140,True
180,68,110,110,True
180,69,130,130,True
180,70,130,130,True
180,71,80,80,True
180,72,100,100,True
180,73,90,90,True
180,74,140,140,True
180,75,190,190,True
180,76,50,50,True
180,77,60,60,True
180,78,130,130,True
180,79,130,130,True
180,80,110,110,True
180,81,110,110,True
180,82,100,100,True
180,83,120,120,True
180,84,140,140,True
180,85,120,120,True
180,86,110,110,True
180,87,120,120,True
180,88,130,130,True
180,89,140,140,True
180,90,120,120,True
180,91,110,110,True
180,92,80,80,True
180,93,160,160,True
181,0,110,110,True
181,1,130,130,True
181,2,70,70,True
181,3,70,70,True
181,4,90,90,True
181,5,90,90,True
181,6,170,170,True
181,7,150,150,True
181,8,150,150,True
181,9,70,70,True
181,10,120,120,True
181,11,100,100,True
181,12,70,70,True
181,13,80,80,True
181,14,100,100,True
181,15,100,100,True
181,16,100,100,True
181,17,120,120,True
181,18,130,130,True
181,19,170,170,True
181,20,50,50,True
181,21,70,70,True
181,22,120,120,True
181,23,80,80,True
181,24,120,120,True
181,25,100,100,True
181,26,130,130,True
181,27,140,140,True
181,28,100,100,True
181,29,120,120,True
181,30,120,120,True
181,31,130,130,True
181,32,130,130,True
181,33,210,210,True
181,34,100,100,True
181,35,130,130,True
181,36,120,120,True
181,37,170,170,True
181,38,80,80,True
181,39,120,120,True
181,40,80,80,True
181,41,100,100,True
181,42,130,130,True
181,43,170,170,True
181,44,90,90,True
181,45,110,110,True
181,46,130,130,True
181,47,110,110,True
181,48,40,40,False
181,49,130,130,True
181,50,110,110,True
181,51,150,150,True
181,52,80,80,True
181,53,70,70,True
181,54,70,70,True
181,55,90,90,True
181,56,20,20,True
181,57,90,90,True
181,58,130,130,True
181,59,150,150,True
181,60,90,90,True
181,61,110,110,True
181,62,100,100,True
181,63,150,150,True
181,64,100,100,True
181,65,160,160,True
181,66,130,130,True
181,67,140,140,True
181,68,110,110,True
181,69,130,130,True
181,70,130,130,True
181,71,80,80,True
181,72,100,100,True
181,73,90,90,True
181,74,140,140,True
181,75,190,190,True
181,76,50,50,True
181,77,60,60,True
181,78,130,130,True
181,79,130,130,True
181,80,110,110,True
181,81,110,110,True
181,82,100,100,True
181,83,120,120,True
181,84,140,140,True
181,85,120,120,True
181,86,110,110,True
181,87,120,120,True
181,88,130,130,True
181,89,140,140,True
181,90,120,120,True
181,91,110,110,True
181,92,80,80,True
181,93,160,160,True
182,0,110,110,True
182,1,130,130,True
182,2,70,70,True
182,3,70,70,True
182,4,90,90,True
182,5,90,90,True
182,6,170,170,True
182,7,150,150,True
182,8,150,150,True
182,9,70,70,True
182,10,120,120,True
182,11,100,100,True
182,12,70,70,True
182,13,80,80,True
182,14,100,100,True
182,15,100,100,True
182,16,100,100,True
182,17,120,120,True
182,18,130,130,True
182,19,170,170,True
182,20,50,50,True
182,21,70,70,True
182,22,120,120,True
182,23,80,80,True
182,24,120,120,True
182,25,100,100,True
182,26,130,130,True
182,27,140,140,True
182,28,100,100,True
182,29,120,120,True
182,30,120,120,True
182,31,130,130,True
182,32,130,130,True
182,33,210,210,True
182,34,100,100,True
182,35,130,130,True
182,36,120,120,True
182,37,170,170,True
182,38,80,80,True
182,39,120,120,True
182,40,80,80,True
182,41,100,100,True
182,42,130,130,True
182,43,170,170,True
182,44,90,90,True
182,45,110,110,True
182,46,130,130,True
182,47,110,110,True
182,48,40,40,True
182,49,130,130,True
182,50,110,110,True
182,51,150,150,True
182,52,80,80,True
182,53,70,70,True
182,54,70,70,True
182,55,90,90,True
182,56,20,20,False
182,57,90,90,True
182,58,130,130,True
182,59,150,150,True
182,60,90,90,True
182,61,110,110,True
182,62,100,100,True
182,63,150,150,True
182,64,100,100,True
182,65,160,160,True
182,66,130,130,True
182,67,140,140,True
182,68,110,110,True
182,69,130,130,True
182,70,130,130,True
182,71,80,80,True
182,72,100,100,True
182,73,90,90,True
182,74,140,140,True
182,75,190,190,True
182,76,50,50,True
182,77,60,60,True
182,78,130,130,True
182,79,130,130,True
182,80,110,110,True
182,81,110,110,True
182,82,100,100,True
182,83,120,120,True
182,84,140,140,True
182,85,120,120,True
182,86,110,110,True
182,87,120,120,True
182,88,130,130,True
182,89,140,140,True
182,90,120,120,True
182,91,110,110,True
182,92,80,80,True
182,93,160,160,True
183,0,110,110,True
183,1,130,130,True
183,2,70,70,True
183,3,70,70,True
183,4,90,90,True
183,5,90,90,True
183,6,170,170,True
183,7,150,150,True
183,8,150,150,True
183,9,70,70,True
183,10,120,120,True
183,11,100,100,True
183,12,70,70,True
183,13,80,80,True
183,14,100,100,True
183,15,100,100,True
183,16,100,100,True
183,17,120,120,True
183,18,130,130,True
183,19,170,170,True
183,20,50,50,True
183,21,70,70,True
183,22,120,120,True
183,23,80,80,True
183,24,120,120,True
183,25,100,100,True
183,26,130,130,True
183,27,140,140,True
183,28,100,100,True
183,29,120,120,True
183,30,120,120,True
183,31,130,130,True
183,32,130,130,True
183,33,210,210,True
183,34,100,100,True
183,35,130,130,True
183,36,120,120,True
183,37,170,170,True
183,38,80,80,True
183,39,120,120,True
183,40,80,80,False
183,41,100,100,True
183,42,130,130,True
183,43,170,170,True
183,44,90,90,True
183,45,110,110,True
183,46,130,130,True
183,47,110,110,True
183,48,40,40,True
183,49,130,130,True
183,50,110,110,True
183,51,150,150,True
183,52,80,80,True
183,53,70,70,True
183,54,70,70,True
183,55,90,90,True
183,56,20,20,False
183,57,90,90,True
183,58,130,130,True
183,59,150,150,True
183,60,90,90,True
183,61,110,110,True
183,62,100,100,True
183,63,150,150,True
183,64,100,100,True
183,65,160,160,True
183,66,130,130,True
183,67,140,140,True
183,68,110,110,True
183,69,130,130,True
183,70,130,130,True
183,71,80,80,True
183,72,100,100,True
183,73,90,90,True
183,74,140,140,True
183,75,190,190,True
183,76,50,50,True
183,77,60,60,True
183,78,130,130,True
183,79,130,130,True
183,80,110,110,True
183,81,110,110,True
183,82,100,100,True
183,83,120,120,True
183,84,140,140,True
183,85,120,120,True
183,86,110,110,True
183,87,120,120,True
183,88,130,130,True
183,89,140,140,True
183,90,120,120,True
183,91,110,110,True
183,92,80,80,True
183,93,160,160,True
184,0,110,110,True
184,1,130,130,True
184,2,70,70,True
184,3,70,70,True
184,4,90,90,True
184,5,90,90,True
184,6,170,170,True
184,7,150,150,True
184,8,150,150,True
184,9,70,70,True
184,10,120,120,True
184,11,100,100,True
184,12,70,70,True
184,13,80,80,True
184,14,100,100,True
184,15,100,100,True
184,16,100,100,True
184,17,120,120,True
184,18,130,130,True
184,19,170,170,True
184,20,50,50,True
184,21,70,70,True
184,22,120,120,True
184,23,80,80,True
184,24,120,120,True
184,25,100,100,True
184,26,130,130,True
184,27,140,140,True
184,28,100,100,True
184,29,120,120,True
184,30,120,120,True
184,31,130,130,True
184,32,130,130,True
184,33,210,210,True
184,34,100,100,True
184,35,130,130,True
184,36,120,120,True
184,37,170,170,True
184,38,80,80,True
184,39,120,120,True
184,40,80,80,True
184,41,100,100,True
184,42,130,130,True
184,43,170,170,True
184,44,90,90,True
184,45,110,110,True
184,46,130,130,True
184,47,110,110,True
184,48,40,40,True
184,49,130,130,True
184,50,110,110,True
184,51,150,150,True
184,52,80,80,True
184,53,70,70,True
184,54,70,70,True
184,55,90,90,True
184,56,20,20,False
184,57,90,90,True
184,58,130,130,True
184,59,150,150,True
184,60,90,90,True
184,61,110,110,True
184,62,100,100,True
184,63,150,150,True
184,64,100,100,True
184,65,160,160,True
184,66,130,130,True
184,67,140,140,True
184,68,110,110,True
184,69,130,130,True
184,70,130,130,True
184,71,80,80,True
184,72,100,100,True
184,73,90,90,True
184,74,140,140,True
184,75,190,190,True
184,76,50,50,True
184,77,60,60,True
184,78,130,130,True
184,79,130,130,True
184,80,110,110,True
184,81,110,110,True
184,82,100,100,True
184,83,120,120,True
184,84,140,140,True
184,85,120,120,True
184,86,110,110,True
184,87,120,120,True
184,88,130,130,True
184,89,140,140,True
184,90,120,120,True
184,91,110,110,True
184,92,80,80,True
184,93,160,160,True
185,0,110,110,True
185,1,130,130,True
185,2,70,70,True
185,3,70,70,True
185,4,90,90,True
185,5,90,90,True
185,6,170,170,True
185,7,150,150,True
185,8,150,150,True
185,9,70,70,True
185,10,120,120,True
185,11,100,100,True
185,12,70,70,True
185,13,80,80,True
185,14,100,100,True
185,15,100,100,True
185,16,100,100,True
185,17,120,120,True
185,18,130,130,True
185,19,170,170,True
185,20,50,50,True
185,21,70,70,True
185,22,120,120,True
185,23,80,80,True
185,24,120,120,True
185,25,100,100,True
185,26,130,130,True
185,27,140,140,True
185,28,100,100,True
185,29,120,120,True
185,30,120,120,True
185,31,130,130,True
185,32,130,130,True
185,33,210,210,True
185,34,100,100,True
185,35,130,130,True
185,36,120,120,True
185,37,170,170,True
185,38,80,80,True
185,39,120,120,True
185,40,80,80,True
185,41,100,100,True
185,42,130,130,True
185,43,170,170,True
185,44,90,90,True
185,45,110,110,True
185,46,130,130,True
185,47,110,110,True
185,48,40,40,True
185,49,130,130,True
185,50,110,110,True
185,51,150,150,True
185,52,80,80,True
185,53,70,70,True
185,54,70,70,True
185,55,90,90,True
185,56,20,20,True
185,57,90,90,True
185,58,130,130,True
185,59,150,150,True
185,60,90,90,True
185,61,110,110,True
185,62,100,100,True
185,63,150,150,True
185,64,100,100,True
185,65,160,160,True
185,66,130,130,True
185,67,140,140,True
185,68,110,110,True
185,69,130,130,True
185,70,130,130,True
185,71,80,80,True
185,72,100,100,True
185,73,90,90,True
185,74,140,140,True
185,75,190,190,True
185,76,50,50,True
185,77,60,60,True
185,78,130,130,True
185,79,130,130,True
185,80,110,110,True
185,81,110,110,True
185,82,100,100,True
185,83,120,120,True
185,84,140,140,True
185,85,120,120,True
185,86,110,110,True
185,87,120,120,True
185,88,130,130,True
185,89,140,140,True
185,90,120,120,True
185,91,110,110,True
185,92,80,80,True
185,93,160,160,True
186,0,110,110,True
186,1,130,130,True
186,2,70,70,True
186,3,70,70,True
186,4,90,90,True
186,5,90,90,True
186,6,170,170,True
186,7,150,150,True
186,8,150,150,True
186,9,70,70,True
186,10,120,120,True
186,11,100,100,True
186,12,70,70,True
186,13,80,80,True
186,14,100,100,True
186,15,100,100,True
186,16,100,100,True
186,17,120,120,True
186,18,130,130,True
186,19,170,170,True
186,20,50,50,True
186,21,70,70,True
186,22,120,120,True
186,23,80,80,True
186,24,120,120,True
186,25,100,100,True
186,26,130,130,True
186,27,140,140,True
186,28,100,100,True
186,29,120,120,True
186,30,120,120,True
186,31,130,130,True
186,32,130,130,True
186,33,210,210,True
186,34,100,100,True
186,35,130,130,True
186,36,120,120,True
186,37,170,170,True
186,38,80,80,True
186,39,120,120,True
186,40,80,80,True
186,41,100,100,True
186,42,130,130,True
186,43,170,170,True
186,44,90,90,True
186,45,110,110,True
186,46,130,130,True
186,47,110,110,True
186,48,40,40,True
186,49,130,130,True
186,50,110,110,True
186,51,150,150,True
186,52,80,80,True
186,53,70,70,True
186,54,70,70,True
186,55,90,90,True
186,56,20,20,True
186,57,90,90,True
186,58,130,130,True
186,59,150,150,True
186,60,90,90,True
186,61,110,110,True
186,62,100,100,True
186,63,150,150,True
186,64,100,100,True
186,65,160,160,True
186,66,130,130,True
186,67,140,140,True
186,68,110,110,True
186,69,130,130,True
186,70,130,130,True
186,71,80,80,True
186,72,100,100,True
186,73,90,90,True
186,74,140,140,True
186,75,190,190,True
186,76,50,50,True
186,77,60,60,True
186,78,130,130,True
186,79,130,130,True
186,80,110,110,True
186,81,110,110,True
186,82,100,100,True
186,83,120,120,True
186,84,140,140,True
186,85,120,120,True
186,86,110,110,True
186,87,120,120,True
186,88,130,130,True
186,89,140,140,True
186,90,120,120,True
186,91,110,110,True
186,92,80,80,True
186,93,160,160,True
187,0,110,110,True
187,1,130,130,True
187,2,70,70,True
187,3,70,70,True
187,4,90,90,True
187,5,90,90,True
187,6,170,170,True
187,7,150,150,True
187,8,150,150,True
187,9,70,70,True
187,10,120,120,True
187,11,100,100,True
187,12,70,70,True
187,13,80,80,True
187,14,100,100,True
187,15,100,100,True
187,16,100,100,True
187,17,120,120,True
187,18,130,130,True
187,19,170,170,True
187,20,50,50,True
187,21,70,70,True
187,22,120,120,True
187,23,80,80,True
187,24,120,120,True
187,25,100,100,True
187,26,130,130,True
187,27,140,140,True
187,28,100,100,True
187,29,120,120,True
187,30,120,120,True
187,31,130,130,True
187,32,130,130,True
187,33,210,210,True
187,34,100,100,True
187,35,130,130,True
187,36,120,120,True
187,37,170,170,True
187,38,80,80,True
187,39,120,120,True
187,40,80,80,True
187,41,100,100,True
187,42,130,130,True
187,43,170,170,True
187,44,90,90,True
187,45,110,110,True
187,46,130,130,True
187,47,110,110,True
187,48,40,40,True
187,49,130,130,True
187,50,110,110,True
187,51,150,150,True
187,52,80,80,True
187,53,70,70,True
187,54,70,70,True
187,55,90,90,True
187,56,20,20,True
187,57,90,90,True
187,58,130,130,True
187,59,150,150,True
187,60,90,90,True
187,61,110,110,True
187,62,100,100,True
187,63,150,150,True
187,64,100,100,True
187,65,160,160,True
187,66,130,130,True
187,67,140,140,True
187,68,110,110,True
187,69,130,130,True
187,70,130,130,True
187,71,80,80,True
187,72,100,100,True
187,73,90,90,True
187,74,140,140,True
187,75,190,190,True
187,76,50,50,True
187,77,60,60,True
187,78,130,130,True
187,79,130,130,True
187,80,110,110,True
187,81,110,110,True
187,82,100,100,True
187,83,120,120,True
187,84,140,140,True
187,85,120,120,True
187,86,110,110,True
187,87,120,120,True
187,88,130,130,True
187,89,140,140,True
187,90,120,120,True
187,91,110,110,True
187,92,80,80,True
187,93,160,160,True
188,0,110,110,True
188,1,130,130,True
188,2,70,70,True
188,3,70,70,True
188,4,90,90,True
188,5,90,90,True
188,6,170,170,True
188,7,150,150,True
188,8,150,150,True
188,9,70,70,True
188,10,120,120,True
188,11,100,100,True
188,12,70,70,True
188,13,80,80,True
188,14,100,100,True
188,15,100,100,True
188,16,100,100,True
188,17,120,120,True
188,18,130,130,True
188,19,170,170,True
188,20,50,50,True
188,21,70,70,True
188,22,120,120,True
188,23,80,80,True
188,24,120,120,True
188,25,100,100,True
188,26,130,130,True
188,27,140,140,True
188,28,100,100,True
188,29,120,120,True
188,30,120,120,True
188,31,130,130,True
188,32,130,130,True
188,33,210,210,True
188,34,100,100,True
188,35,130,130,True
188,36,120,120,True
188,37,170,170,True
188,38,80,80,True
188,39,120,120,True
188,40,80,80,True
188,41,100,100,True
188,42,130,130,True
188,43,170,170,True
188,44,90,90,True
188,45,110,110,True
188,46,130,130,True
188,47,110,110,True
188,48,40,40,True
188,49,130,130,True
188,50,110,110,True
188,51,150,150,True
188,52,80,80,True
188,53,70,70,True
188,54,70,70,True
188,55,90,90,True
188,56,20,20,False
188,57,90,90,True
188,58,130,130,True
188,59,150,150,True
188,60,90,90,True
188,61,110,110,True
188,62,100,100,True
188,63,150,150,True
188,64,100,100,True
188,65,160,160,True
188,66,130,130,True
188,67,140,140,True
188,68,110,110,True
188,69,130,130,True
188,70,130,130,True
188,71,80,80,True
188,72,100,100,True
188,73,90,90,True
188,74,140,140,True
188,75,190,190,True
188,76,50,50,True
188,77,60,60,True
188,78,130,130,True
188,79,130,130,True
188,80,110,110,True
188,81,110,110,True
188,82,100,100,True
188,83,120,120,True
188,84,140,140,True
188,85,120,120,True
188,86,110,110,True
188,87,120,120,True
188,88,130,130,True
188,89,140,140,True
188,90,120,120,True
188,91,110,110,True
188,92,80,80,True
188,93,160,160,True
189,0,110,110,True
189,1,130,130,True
189,2,70,70,True
189,3,70,70,True
189,4,90,90,True
189,5,90,90,True
189,6,170,170,True
189,7,150,150,True
189,8,150,150,True
189,9,70,70,True
189,10,120,120,True
189,11,100,100,True
189,12,70,70,True
189,13,80,80,True
189,14,100,100,True
189,15,100,100,True
189,16,100,100,True
189,17,120,120,True
189,18,130,130,True
189,19,170,170,True
189,20,50,50,True
189,21,70,70,True
189,22,120,120,True
189,23,80,80,True
189,24,120,120,True
189,25,100,100,True
189,26,130,130,True
189,27,140,140,True
189,28,100,100,True
189,29,120,120,True
189,30,120,120,True
189,31,130,130,True
189,32,130,130,True
189,33,210,210,True
189,34,100,100,True
189,35,130,130,True
189,36,120,120,True
189,37,170,170,True
189,38,80,80,True
189,39,120,120,True
189,40,80,80,True
189,41,100,100,True
189,42,130,130,True
189,43,170,170,True
189,44,90,90,True
189,45,110,110,True
189,46,130,130,True
189,47,110,110,True
189,48,40,40,True
189,49,130,130,True
189,50,110,110,True
189,51,150,150,True
189,52,80,80,True
189,53,70,70,True
189,54,70,70,True
189,55,90,90,True
189,56,20,20,True
189,57,90,90,True
189,58,130,130,True
189,59,150,150,True
189,60,90,90,True
189,61,110,110,True
189,62,100,100,True
189,63,150,150,True
189,64,100,100,True
189,65,160,160,True
189,66,130,130,True
189,67,140,140,True
189,68,110,110,True
189,69,130,130,True
189,70,130,130,True
189,71,80,80,True
189,72,100,100,True
189,73,90,90,True
189,74,140,140,True
189,75,190,190,True
189,76,50,50,True
189,77,60,60,True
189,78,130,130,True
189,79,130,130,True
189,80,110,110,True
189,81,110,110,True
189,82,100,100,True
189,83,120,120,True
189,84,140,140,True
189,85,120,120,True
189,86,110,110,True
189,87,120,120,True
189,88,130,130,True
189,89,140,140,True
189,90,120,120,True
189,91,110,110,True
189,92,80,80,True
189,93,160,160,True
190,0,110,110,True
190,1,130,130,True
190,2,70,70,True
190,3,70,70,True
190,4,90,90,True
190,5,90,90,True
190,6,170,170,True
190,7,150,150,True
190,8,150,150,True
190,9,70,70,True
190,10,120,120,True
190,11,100,100,True
190,12,70,70,True
190,13,80,80,True
190,14,100,100,True
190,15,100,100,True
190,16,100,100,True
190,17,120,120,True
190,18,130,130,True
190,19,170,170,True
190,20,50,50,True
190,21,70,70,True
190,22,120,120,True
190,23,80,80,True
190,24,120,120,True
190,25,100,100,True
190,26,130,130,True
190,27,140,140,True
190,28,100,100,True
190,29,120,120,True
190,30,120,120,True
190,31,130,130,True
190,32,130,130,True
190,33,210,210,True
190,34,100,100,True
190,35,130,130,True
190,36,120,120,True
190,37,170,170,True
190,38,80,80,True
190,39,120,120,True
190,40,80,80,True
190,41,100,100,True
190,42,130,130,True
190,43,170,170,True
190,44,90,90,True
190,45,110,110,True
190,46,130,130,True
190,47,110,110,True
190,48,40,40,True
190,49,130,130,True
190,50,110,110,True
190,51,150,150,True
190,52,80,80,True
190,53,70,70,True
190,54,70,70,True
190,55,90,90,True
190,56,20,20,True
190,57,90,90,True
190,58,130,130,True
190,59,150,150,True
190,60,90,90,True
190,61,110,110,True
190,62,100,100,True
190,63,150,150,True
190,64,100,100,True
190,65,160,160,True
190,66,130,130,True
190,67,140,140,True
190,68,110,110,True
190,69,130,130,True
190,70,130,130,True
190,71,80,80,True
190,72,100,100,True
190,73,90,90,True
190,74,140,140,True
190,75,190,190,True
190,76,50,50,True
190,77,60,60,True
190,78,130,130,True
190,79,130,130,True
190,80,110,110,True
190,81,110,110,True
190,82,100,100,True
190,83,120,120,True
190,84,140,140,True
190,85,120,120,True
190,86,110,110,True
190,87,120,120,True
190,88,130,130,True
190,89,140,140,True
190,90,120,120,True
190,91,110,110,True
190,92,80,80,True
190,93,160,160,True
191,0,110,110,True
191,1,130,130,True
191,2,70,70,True
191,3,70,70,True
191,4,90,90,True
191,5,90,90,True
191,6,170,170,True
191,7,150,150,True
191,8,150,150,True
191,9,70,70,True
191,10,120,120,True
191,11,100,100,True
191,12,70,70,True
191,13,80,80,True
191,14,100,100,True
191,15,100,100,True
191,16,100,100,True
191,17,120,120,True
191,18,130,130,True
191,19,170,170,True
191,20,50,50,True
191,21,70,70,True
191,22,120,120,True
191,23,80,80,True
191,24,120,120,True
191,25,100,100,True
191,26,130,130,True
191,27,140,140,True
191,28,100,100,True
191,29,120,120,True
191,30,120,120,True
191,31,130,130,True
191,32,130,130,True
191,33,210,210,True
191,34,100,100,True
191,35,130,130,True
191,36,120,120,True
191,37,170,170,True
191,38,80,80,True
191,39,120,120,True
191,40,80,80,True
191,41,100,100,True
191,42,130,130,True
191,43,170,170,True
191,44,90,90,True
191,45,110,110,True
191,46,130,130,True
191,47,110,110,True
191,48,40,40,True
191,49,130,130,True
191,50,110,110,True
191,51,150,150,True
191,52,80,80,True
191,53,70,70,True
191,54,70,70,True
191,55,90,90,True
191,56,20,20,False
191,57,90,90,True
191,58,130,130,True
191,59,150,150,True
191,60,90,90,True
191,61,110,110,True
191,62,100,100,True
191,63,150,150,True
191,64,100,100,True
191,65,160,160,True
191,66,130,130,True
191,67,140,140,True
191,68,110,110,True
191,69,130,130,True
191,70,130,130,True
191,71,80,80,True
191,72,100,100,True
191,73,90,90,True
191,74,140,140,True
191,75,190,190,True
191,76,50,50,True
191,77,60,60,True
191,78,130,130,True
191,79,130,130,True
191,80,110,110,True
191,81,110,110,True
191,82,100,100,True
191,83,120,120,True
191,84,140,140,True
191,85,120,120,True
191,86,110,110,True
191,87,120,120,True
191,88,130,130,True
191,89,140,140,True
191,90,120,120,True
191,91,110,110,True
191,92,80,80,True
191,93,160,160,True
192,0,110,110,True
192,1,130,130,True
192,2,70,70,True
192,3,70,70,True
192,4,90,90,True
192,5,90,90,True
192,6,170,170,True
192,7,150,150,True
192,8,150,150,True
192,9,70,70,True
192,10,120,120,True
192,11,100,100,True
192,12,70,70,True
192,13,80,80,True
192,14,100,100,True
192,15,100,100,True
192,16,100,100,True
192,17,120,120,True
192,18,130,130,True
192,19,170,170,True
192,20,50,50,True
192,21,70,70,True
192,22,120,120,True
192,23,80,80,True
192,24,120,120,True
192,25,100,100,True
192,26,130,130,True
192,27,140,140,True
192,28,100,100,True
192,29,120,120,True
192,30,120,120,True
192,31,130,130,True
192,32,130,130,True
192,33,210,210,True
192,34,100,100,True
192,35,130,130,True
192,36,120,120,True
192,37,170,170,True
192,38,80,80,True
192,39,120,120,True
192,40,80,80,True
192,41,100,100,True
192,42,130,130,True
192,43,170,170,True
192,44,90,90,True
192,45,110,110,True
192,46,130,130,True
192,47,110,110,True
192,48,40,40,True
192,49,130,130,True
192,50,110,110,True
192,51,150,150,True
192,52,80,80,True
192,53,70,70,True
192,54,70,70,True
192,55,90,90,True
192,56,20,20,True
192,57,90,90,True
192,58,130,130,True
192,59,150,150,True
192,60,90,90,True
192,61,110,110,True
192,62,100,100,True
192,63,150,150,True
192,64,100,100,True
192,65,160,160,True
192,66,130,130,True
192,67,140,140,True
192,68,110,110,True
192,69,130,130,True
192,70,130,130,True
192,71,80,80,True
192,72,100,100,True
192,73,90,90,True
192,74,140,140,True
192,75,190,190,True
192,76,50,50,True
192,77,60,60,True
192,78,130,130,True
192,79,130,130,True
192,80,110,110,True
192,81,110,110,True
192,82,100,100,True
192,83,120,120,True
192,84,140,140,True
192,85,120,120,True
192,86,110,110,True
192,87,120,120,True
192,88,130,130,True
192,89,140,140,True
192,90,120,120,True
192,91,110,110,True
192,92,80,80,True
192,93,160,160,True
193,0,110,110,True
193,1,130,130,True
193,2,70,70,True
193,3,70,70,True
193,4,90,90,True
193,5,90,90,True
193,6,170,170,True
193,7,150,150,True
193,8,150,150,True
193,9,70,70,True
193,10,120,120,True
193,11,100,100,True
193,12,70,70,True
193,13,80,80,True
193,14,100,100,True
193,15,100,100,True
193,16,100,100,True
193,17,120,120,True
193,18,130,130,True
193,19,170,170,True
193,20,50,50,True
193,21,70,70,True
193,22,120,120,True
193,23,80,80,True
193,24,120,120,True
193,25,100,100,True
193,26,130,130,True
193,27,140,140,True
193,28,100,100,True
193,29,120,120,True
193,30,120,120,True
193,31,130,130,True
193,32,130,130,True
193,33,210,210,True
193,34,100,100,True
193,35,130,130,True
193,36,120,120,True
193,37,170,170,True
193,38,80,80,True
193,39,120,120,True
193,40,80,80,True
193,41,100,100,True
193,42,130,130,True
193,43,170,170,True
193,44,90,90,True
193,45,110,110,True
193,46,130,130,True
193,47,110,110,True
193,48,40,40,True
193,49,130,130,True
193,50,110,110,True
193,51,150,150,True
193,52,80,80,True
193,53,70,70,True
193,54,70,70,True
193,55,90,90,True
193,56,20,20,True
193,57,90,90,True
193,58,130,130,True
193,59,150,150,True
193,60,90,90,True
193,61,110,110,True
193,62,100,100,True
193,63,150,150,True
193,64,100,100,True
193,65,160,160,True
193,66,130,130,True
193,67,140,140,True
193,68,110,110,True
193,69,130,130,True
193,70,130,130,True
193,71,80,80,True
193,72,100,100,True
193,73,90,90,True
193,74,140,140,True
193,75,190,190,True
193,76,50,50,True
193,77,60,60,True
193,78,130,130,True
193,79,130,130,True
193,80,110,110,True
193,81,110,110,True
193,82,100,100,True
193,83,120,120,True
193,84,140,140,True
193,85,120,120,True
193,86,110,110,True
193,87,120,120,True
193,88,130,130,True
193,89,140,140,True
193,90,120,120,True
193,91,110,110,True
193,92,80,80,True
193,93,160,160,True
194,0,110,110,True
194,1,130,130,True
194,2,70,70,True
194,3,70,70,True
194,4,90,90,True
194,5,90,90,True
194,6,170,170,True
194,7,150,150,True
194,8,150,150,True
194,9,70,70,True
194,10,120,120,True
194,11,100,100,True
194,12,70,70,True
194,13,80,80,True
194,14,100,100,True
194,15,100,100,True
194,16,100,100,True
194,17,120,120,True
194,18,130,130,True
194,19,170,170,True
194,20,50,50,True
194,21,70,70,True
194,22,120,120,True
194,23,80,80,True
194,24,120,120,True
194,25,100,100,True
194,26,130,130,True
194,27,140,140,True
194,28,100,100,True
194,29,120,120,True
194,30,120,120,True
194,31,130,130,True
194,32,130,130,True
194,33,210,210,True
194,34,100,100,True
194,35,130,130,True
194,36,120,120,True
194,37,170,170,True
194,38,80,80,True
194,39,120,120,True
194,40,80,80,True
194,41,100,100,True
194,42,130,130,True
194,43,170,170,True
194,44,90,90,True
194,45,110,110,True
194,46,130,130,True
194,47,110,110,True
194,48,40,40,True
194,49,130,130,True
194,50,110,110,True
194,51,150,150,True
194,52,80,80,True
194,53,70,70,True
194,54,70,70,True
194,55,90,90,True
194,56,20,20,False
194,57,90,90,True
194,58,130,130,True
194,59,150,150,True
194,60,90,90,True
194,61,110,110,True
194,62,100,100,True
194,63,150,150,True
194,64,100,100,True
194,65,160,160,True
194,66,130,130,True
194,67,140,140,True
194,68,110,110,True
194,69,130,130,True
194,70,130,130,True
194,71,80,80,True
194,72,100,100,True
194,73,90,90,True
194,74,140,140,True
194,75,190,190,True
194,76,50,50,True
194,77,60,60,True
194,78,130,130,True
194,79,130,130,True
194,80,110,110,True
194,81,110,110,True
194,82,100,100,True
194,83,120,120,True
194,84,140,140,True
194,85,120,120,True
194,86,110,110,True
194,87,120,120,True
194,88,130,130,True
194,89,140,140,True
194,90,120,120,True
194,91,110,110,True
194,92,80,80,True
194,93,160,160,True
195,0,110,110,True
195,1,130,130,True
195,2,70,70,True
195,3,70,70,True
195,4,90,90,True
195,5,90,90,True
195,6,170,170,True
195,7,150,150,True
195,8,150,150,True
195,9,70,70,True
195,10,120,120,True
195,11,100,100,True
195,12,70,70,True
195,13,80,80,True
195,14,100,100,True
195,15,100,100,True
195,16,100,100,True
195,17,120,120,True
195,18,130,130,True
195,19,170,170,True
195,20,50,50,True
195,21,70,70,True
195,22,120,120,True
195,23,80,80,True
195,24,120,120,True
195,25,100,100,True
195,26,130,130,True
195,27,140,140,True
195,28,100,100,True
195,29,120,120,True
195,30,120,120,True
195,31,130,130,True
195,32,130,130,True
195,33,210,210,True
195,34,100,100,True
195,35,130,130,True
195,36,120,120,True
195,37,170,170,True
195,38,80,80,True
195,39,120,120,True
195,40,80,80,True
195,41,100,100,True
195,42,130,130,True
195,43,170,170,True
195,44,90,90,True
195,45,110,110,True
195,46,130,130,True
195,47,110,110,True
195,48,40,40,True
195,49,130,130,True
195,50,110,110,True
195,51,150,150,True
195,52,80,80,True
195,53,70,70,True
195,54,70,70,True
195,55,90,90,True
195,56,20,20,True
195,57,90,90,True
195,58,130,130,True
195,59,150,150,True
195,60,90,90,True
195,61,110,110,True
195,62,100,100,True
195,63,150,150,True
195,64,100,100,True
195,65,160,160,True
195,66,130,130,True
195,67,140,140,True
195,68,110,110,True
195,69,130,130,True
195,70,130,130,True
195,71,80,80,True
195,72,100,100,True
195,73,90,90,True
195,74,140,140,True
195,75,190,190,True
195,76,50,50,True
195,77,60,60,True
195,78,130,130,True
195,79,130,130,True
195,80,110,110,True
195,81,110,110,True
195,82,100,100,True
195,83,120,120,True
195,84,140,140,True
195,85,120,120,True
195,86,110,110,True
195,87,120,120,True
195,88,130,130,True
195,89,140,140,True
195,90,120,120,True
195,91,110,110,True
195,92,80,80,True
195,93,160,160,True
196,0,110,110,True
196,1,130,130,True
196,2,70,70,True
196,3,70,70,True
196,4,90,90,True
196,5,90,90,True
196,6,170,170,True
196,7,150,150,True
196,8,150,150,True
196,9,70,70,True
196,10,120,120,True
196,11,100,100,True
196,12,70,70,True
196,13,80,80,True
196,14,100,100,True
196,15,100,100,True
196,16,100,100,True
196,17,120,120,True
196,18,130,130,True
196,19,170,170,True
196,20,50,50,True
196,21,70,70,True
196,22,120,120,True
196,23,80,80,True
196,24,120,120,True
196,25,100,100,True
196,26,130,130,True
196,27,140,140,True
196,28,100,100,True
196,29,120,120,True
196,30,120,120,True
196,31,130,130,True
196,32,130,130,True
196,33,210,210,True
196,34,100,100,True
196,35,130,130,True
196,36,120,120,True
196,37,170,170,True
196,38,80,80,True
196,39,120,120,True
196,40,80,80,True
196,41,100,100,True
196,42,130,130,True
196,43,170,170,True
196,44,90,90,True
196,45,110,110,True
196,46,130,130,True
196,47,110,110,True
196,48,40,40,True
196,49,130,130,True
196,50,110,110,True
196,51,150,150,True
196,52,80,80,True
196,53,70,70,True
196,54,70,70,True
196,55,90,90,True
196,56,20,20,True
196,57,90,90,True
196,58,130,130,True
196,59,150,150,True
196,60,90,90,True
196,61,110,110,True
196,62,100,100,True
196,63,150,150,True
196,64,100,100,True
196,65,160,160,True
196,66,130,130,True
196,67,140,140,True
196,68,110,110,True
196,69,130,130,True
196,70,130,130,True
196,71,80,80,True
196,72,100,100,True
196,73,90,90,True
196,74,140,140,True
196,75,190,190,True
196,76,50,50,True
196,77,60,60,True
196,78,130,130,True
196,79,130,130,True
196,80,110,110,True
196,81,110,110,True
196,82,100,100,True
196,83,120,120,True
196,84,140,140,True
196,85,120,120,True
196,86,110,110,True
196,87,120,120,True
196,88,130,130,True
196,89,140,140,True
196,90,120,120,True
196,91,110,110,True
196,92,80,80,True
196,93,160,160,True
197,0,110,110,True
197,1,130,130,True
197,2,70,70,True
197,3,70,70,True
197,4,90,90,True
197,5,90,90,True
197,6,170,170,True
197,7,150,150,True
197,8,150,150,True
197,9,70,70,True
197,10,120,120,True
197,11,100,100,True
197,12,70,70,True
197,13,80,80,True
197,14,100,100,True
197,15,100,100,True
197,16,100,100,True
197,17,120,120,True
197,18,130,130,True
197,19,170,170,True
197,20,50,50,True
197,21,70,70,True
197,22,120,120,True
197,23,80,80,True
197,24,120,120,True
197,25,100,100,True
197,26,130,130,True
197,27,140,140,True
197,28,100,100,True
197,29,120,120,True
197,30,120,120,True
197,31,130,130,True
197,32,130,130,True
197,33,210,210,True
197,34,100,100,True
197,35,130,130,True
197,36,120,120,True
197,37,170,170,True
197,38,80,80,True
197,39,120,120,True
197,40,80,80,True
197,41,100,100,True
197,42,130,130,True
197,43,170,170,True
197,44,90,90,True
197,45,110,110,True
197,46,130,130,True
197,47,110,110,True
197,48,40,40,True
197,49,130,130,True
197,50,110,110,True
197,51,150,150,True
197,52,80,80,True
197,53,70,70,True
197,54,70,70,True
197,55,90,90,True
197,56,20,20,True
197,57,90,90,True
197,58,130,130,True
197,59,150,150,True
197,60,90,90,True
197,61,110,110,True
197,62,100,100,True
197,63,150,150,True
197,64,100,100,True
197,65,160,160,True
197,66,130,130,True
197,67,140,140,True
197,68,110,110,True
197,69,130,130,True
197,70,130,130,True
197,71,80,80,True
197,72,100,100,True
197,73,90,90,True
197,74,140,140,True
197,75,190,190,True
197,76,50,50,True
197,77,60,60,True
197,78,130,130,True
197,79,130,130,True
197,80,110,110,True
197,81,110,110,True
197,82,100,100,True
197,83,120,120,True
197,84,140,140,True
197,85,120,120,True
197,86,110,110,True
197,87,120,120,True
197,88,130,130,True
197,89,140,140,True
197,90,120,120,True
197,91,110,110,True
197,92,80,80,True
197,93,160,160,True
198,0,110,110,True
198,1,130,130,True
198,2,70,70,True
198,3,70,70,True
198,4,90,90,True
198,5,90,90,True
198,6,170,170,True
198,7,150,150,True
198,8,150,150,True
198,9,70,70,True
198,10,120,120,True
198,11,100,100,True
198,12,70,70,True
198,13,80,80,True
198,14,100,100,True
198,15,100,100,True
198,16,100,100,True
198,17,120,120,True
198,18,130,130,True
198,19,170,170,True
198,20,50,50,True
198,21,70,70,True
198,22,120,120,True
198,23,80,80,True
198,24,120,120,True
198,25,100,100,True
198,26,130,130,True
198,27,140,140,True
198,28,100,100,True
198,29,120,120,True
198,30,120,120,True
198,31,130,130,True
198,32,130,130,True
198,33,210,210,True
198,34,100,100,True
198,35,130,130,True
198,36,120,120,True
198,37,170,170,True
198,38,80,80,True
198,39,120,120,True
198,40,80,80,True
198,41,100,100,True
198,42,130,130,True
198,43,170,170,True
198,44,90,90,True
198,45,110,110,True
198,46,130,130,True
198,47,110,110,True
198,48,40,40,False
198,49,130,130,True
198,50,110,110,True
198,51,150,150,True
198,52,80,80,True
198,53,70,70,True
198,54,70,70,True
198,55,90,90,True
198,56,20,20,True
198,57,90,90,True
198,58,130,130,True
198,59,150,150,True
198,60,90,90,True
198,61,110,110,True
198,62,100,100,True
198,63,150,150,True
198,64,100,100,True
198,65,160,160,True
198,66,130,130,True
198,67,140,140,True
198,68,110,110,True
198,69,130,130,True
198,70,130,130,True
198,71,80,80,True
198,72,100,100,True
198,73,90,90,True
198,74,140,140,True
198,75,190,190,True
198,76,50,50,True
198,77,60,60,True
198,78,130,130,True
198,79,130,130,True
198,80,110,110,True
198,81,110,110,True
198,82,100,100,True
198,83,120,120,True
198,84,140,140,True
198,85,120,120,True
198,86,110,110,True
198,87,120,120,True
198,88,130,130,True
198,89,140,140,True
198,90,120,120,True
198,91,110,110,True
198,92,80,80,True
198,93,160,160,True
199,0,110,110,True
199,1,130,130,True
199,2,70,70,True
199,3,70,70,True
199,4,90,90,True
199,5,90,90,True
199,6,170,170,True
199,7,150,150,True
199,8,150,150,True
199,9,70,70,True
199,10,120,120,True
199,11,100,100,True
199,12,70,70,True
199,13,80,80,True
199,14,100,100,True
199,15,100,100,True
199,16,100,100,True
199,17,120,120,True
199,18,130,130,True
199,19,170,170,True
199,20,50,50,True
199,21,70,70,True
199,22,120,120,True
199,23,80,80,True
199,24,120,120,True
199,25,100,100,True
199,26,130,130,True
199,27,140,140,True
199,28,100,100,True
199,29,120,120,True
199,30,120,120,True
199,31,130,130,True
199,32,130,130,True
199,33,210,210,True
199,34,100,100,True
199,35,130,130,True
199,36,120,120,True
199,37,170,170,True
199,38,80,80,True
199,39,120,120,True
199,40,80,80,True
199,41,100,100,True
199,42,130,130,True
199,43,170,170,True
199,44,90,90,True
199,45,110,110,True
199,46,130,130,True
199,47,110,110,True
199,48,40,40,True
199,49,130,130,True
199,50,110,110,True
199,51,150,150,True
199,52,80,80,True
199,53,70,70,True
199,54,70,70,True
199,55,90,90,True
199,56,20,20,True
199,57,90,90,True
199,58,130,130,True
199,59,150,150,True
199,60,90,90,True
199,61,110,110,True
199,62,100,100,True
199,63,150,150,True
199,64,100,100,True
199,65,160,160,True
199,66,130,130,True
199,67,140,140,True
199,68,110,110,True
199,69,130,130,True
199,70,130,130,True
199,71,80,80,True
199,72,100,100,True
199,73,90,90,True
199,74,140,140,True
199,75,190,190,True
199,76,50,50,True
199,77,60,60,True
199,78,130,130,True
199,79,130,130,True
199,80,110,110,True
199,81,110,110,True
199,82,100,100,True
199,83,120,120,True
199,84,140,140,True
199,85,120,120,True
199,86,110,110,True
199,87,120,120,True
199,88,130,130,True
199,89,140,140,True
199,90,120,120,True
199,91,110,110,True
199,92,80,80,True
199,93,160,160,True
200,0,110,110,True
200,1,130,130,True
200,2,70,70,True
200,3,70,70,True
200,4,90,90,True
200,5,90,90,True
200,6,170,170,True
200,7,150,150,True
200,8,150,150,True
200,9,70,70,True
200,10,120,120,True
200,11,100,100,True
200,12,70,70,True
200,13,80,80,True
200,14,100,100,True
200,15,100,100,True
200,16,100,100,True
200,17,120,120,True
200,18,130,130,True
200,19,170,170,True
200,20,50,50,True
200,21,70,70,True
200,22,120,120,True
200,23,80,80,True
200,24,120,120,True
200,25,100,100,True
200,26,130,130,True
200,27,140,140,True
200,28,100,100,True
200,29,120,120,True
200,30,120,120,True
200,31,130,130,True
200,32,130,130,True
200,33,210,210,True
200,34,100,100,True
200,35,130,130,True
200,36,120,120,True
200,37,170,170,True
200,38,80,80,True
200,39,120,120,True
200,40,80,80,True
200,41,100,100,True
200,42,130,130,True
200,43,170,170,True
200,44,90,90,True
200,45,110,110,True
200,46,130,130,True
200,47,110,110,True
200,48,40,40,True
200,49,130,130,True
200,50,110,110,True
200,51,150,150,True
200,52,80,80,True
200,53,70,70,True
200,54,70,70,True
200,55,90,90,True
200,56,20,20,True
200,57,90,90,True
200,58,130,130,True
200,59,150,150,True
200,60,90,90,True
200,61,110,110,True
200,62,100,100,True
200,63,150,150,True
200,64,100,100,True
200,65,160,160,True
200,66,130,130,True
200,67,140,140,True
200,68,110,110,True
200,69,130,130,True
200,70,130,130,True
200,71,80,80,True
200,72,100,100,True
200,73,90,90,True
200,74,140,140,True
200,75,190,190,True
200,76,50,50,True
200,77,60,60,True
200,78,130,130,True
200,79,130,130,True
200,80,110,110,True
200,81,110,110,True
200,82,100,100,True
200,83,120,120,True
200,84,140,140,True
200,85,120,120,True
200,86,110,110,True
200,87,120,120,True
200,88,130,130,True
200,89,140,140,True
200,90,120,120,True
200,91,110,110,True
200,92,80,80,True
200,93,160,160,True
