motif_id,state_pair_count,lower_support_count,higher_support_count,raw_support_fraction_difference,density_residual_mean_lower,density_residual_mean_higher,paired_density_residual_difference,paired_density_residual_t,permutation_p_value,permutation_max_t_p_value,permutation_count,permutation_scheme,density_adjustment,permutation_bh_q_value,node_count,edge_count,support_count
motif_7343187d61f58156,47,40.0,37.0,0.06382978723404255,0.7786804212336126,0.7325596389426176,0.04612078229099502,0.6647845833561863,0.5525,1.0,9999,within_state_lower_higher_label_swap,fixed_node_edge_count_expected_occurrence,0.8800847545219637,3,2,77
motif_1edae9dffc70a727,47,40.0,34.0,0.1276595744680851,0.7786804212336126,0.6687298517085749,0.10995056952503757,1.526764005167525,0.1503,0.9987,9999,within_state_lower_higher_label_swap,fixed_node_edge_count_expected_occurrence,0.5359381578947368,3,2,74
motif_05b3bb80d20cacfe,47,37.0,36.0,0.02127659574468085,0.7148506339995702,0.7112830431979364,0.00356759080163334,0.046992248525991605,0.9992,1.0,9999,within_state_lower_higher_label_swap,fixed_node_edge_count_expected_occurrence,0.9998999999999999,3,2,73
motif_abe15baf9aebb8d4,47,41.0,32.0,0.19148936170212766,0.7999570169782934,0.6261766602192133,0.17378035675908016,2.4164405899052563,0.0204,0.7288,9999,within_state_lower_higher_label_swap,fixed_node_edge_count_expected_occurrence,0.26730454545454546,3,2,73
motif_1c7c35aa2acba71b,47,37.0,35.0,0.0425531914893617,0.7148506339995702,0.6900064474532558,0.0248441865463142,0.3136607131385157,0.793,1.0,9999,within_state_lower_higher_label_swap,fixed_node_edge_count_expected_occurrence,0.8996979674796747,3,2,72
motif_2f435833caec9e2b,47,33.0,36.0,-0.06382978723404255,0.6297442510208469,0.7112830431979364,-0.08153879217709006,-0.8895512355009553,0.3591,1.0,9999,within_state_lower_higher_label_swap,fixed_node_edge_count_expected_occurrence,0.797672950819672,3,2,69
motif_06f133d1c67fa8e4,47,36.0,33.0,0.06382978723404255,0.7459013689592613,0.6894831541541091,0.056418214805151946,0.8035216782711014,0.5469,1.0,9999,within_state_lower_higher_label_swap,fixed_node_edge_count_expected_occurrence,0.8800847545219637,4,3,69
motif_65eb65a7562a1bcb,47,36.0,33.0,0.06382978723404255,0.7459013689592613,0.6894831541541091,0.056418214805151946,0.684546374050244,0.6093,1.0,9999,within_state_lower_higher_label_swap,fixed_node_edge_count_expected_occurrence,0.8800847545219637,4,3,69
motif_144e36faf313d657,47,39.0,29.0,0.2127659574468085,0.8097311561933042,0.6043767711753856,0.20535438501791792,2.7641693061161408,0.0129,0.4365,9999,within_state_lower_higher_label_swap,fixed_node_edge_count_expected_occurrence,0.19976571428571427,4,3,68
motif_bfbc51aaa402bef0,47,37.0,31.0,0.1276595744680851,0.7671779647039425,0.6469299626647473,0.12024800203919456,1.5406145471243438,0.1783,0.9981,9999,within_state_lower_higher_label_swap,fixed_node_edge_count_expected_occurrence,0.5794011695906433,4,3,68
motif_0627f8d8deb4fba4,47,31.0,36.0,-0.10638297872340426,0.5871910595314851,0.7112830431979367,-0.12409198366645177,-1.5370729772956788,0.1202,0.9981,9999,within_state_lower_higher_label_swap,fixed_node_edge_count_expected_occurrence,0.49758045112781957,3,2,67
motif_e040651df1ee4832,47,33.0,33.0,0.0,0.6297442510208469,0.6474532559638941,-0.017709004943047505,-0.24063172809822989,0.7757,1.0,9999,within_state_lower_higher_label_swap,fixed_node_edge_count_expected_occurrence,0.8996979674796747,3,2,66
motif_5611ddee26c3f8a2,47,33.0,33.0,0.0,0.6820715817252186,0.6894831541541091,-0.00741157242889057,-0.08160977658061919,0.8128,1.0,9999,within_state_lower_higher_label_swap,fixed_node_edge_count_expected_occurrence,0.8996979674796747,4,3,66
motif_e515cabc007964a7,47,32.0,32.0,0.0,0.608467655276166,0.6261766602192134,-0.017709004943047505,-0.23894744575776722,0.7761,1.0,9999,within_state_lower_higher_label_swap,fixed_node_edge_count_expected_occurrence,0.8996979674796747,3,2,64
motif_a192df3ab4dfeb21,47,34.0,30.0,0.0851063829787234,0.7033481774698996,0.6256533669200665,0.07769481054983282,1.062711665325217,0.3779,1.0,9999,within_state_lower_higher_label_swap,fixed_node_edge_count_expected_occurrence,0.8210761589403973,4,3,64
motif_58b9069656f5bf7c,47,35.0,29.0,0.1276595744680851,0.739008377405211,0.6141694030857815,0.12483897431942952,1.5956167059729043,0.1851,0.9971,9999,within_state_lower_higher_label_swap,fixed_node_edge_count_expected_occurrence,0.5832802325581394,5,4,64
motif_9136b5cad501c9c7,47,31.0,32.0,-0.02127659574468085,0.5871910595314851,0.6261766602192131,-0.038985600687728356,-0.441354819347396,0.6248,1.0,9999,within_state_lower_higher_label_swap,fixed_node_edge_count_expected_occurrence,0.8800847545219637,3,2,63
motif_2c556de84cb4e746,47,32.0,31.0,0.02127659574468085,0.6607949859805378,0.6469299626647473,0.013865023315790242,0.17917921804955628,0.9995,1.0,9999,within_state_lower_higher_label_swap,fixed_node_edge_count_expected_occurrence,0.9998999999999999,4,3,63
motif_4b3b17f7e5440be0,47,28.0,34.0,-0.1276595744680851,0.5233612722974424,0.6687298517085749,-0.14536857941113265,-1.7818607982133805,0.0817,0.9802,9999,within_state_lower_higher_label_swap,fixed_node_edge_count_expected_occurrence,0.438429702970297,3,2,62
motif_2f11035ec8a07441,47,28.0,34.0,-0.1276595744680851,0.5756886030018143,0.7107597498987899,-0.1350711468969757,-1.626877149809419,0.0817,0.9957,9999,within_state_lower_higher_label_swap,fixed_node_edge_count_expected_occurrence,0.438429702970297,4,3,62
motif_5ae0b065c6d1e840,47,30.0,32.0,-0.0425531914893617,0.6182417944911761,0.6682065584094281,-0.0499647639182523,-0.5843968714325692,0.4484,1.0,9999,within_state_lower_higher_label_swap,fixed_node_edge_count_expected_occurrence,0.8210761589403973,4,3,62
motif_6315d36b8c285cde,47,33.0,29.0,0.0851063829787234,0.6964551859158491,0.6141694030857814,0.08228578283006785,1.1221780120873324,0.3802,1.0,9999,within_state_lower_higher_label_swap,fixed_node_edge_count_expected_occurrence,0.8210761589403973,5,4,62
motif_212edb45a5b61006,47,31.0,30.0,0.02127659574468085,0.5871910595314851,0.5836234687298515,0.003567590801633347,0.043189541378615026,0.9992,1.0,9999,within_state_lower_higher_label_swap,fixed_node_edge_count_expected_occurrence,0.9998999999999999,3,2,61
motif_726f3861dd21cc38,47,32.0,29.0,0.06382978723404255,0.608467655276166,0.5623468729851707,0.046120782290995053,0.5639375043803457,0.6052,1.0,9999,within_state_lower_higher_label_swap,fixed_node_edge_count_expected_occurrence,0.8800847545219637,3,2,61
motif_4074b843a40a8667,47,31.0,30.0,0.02127659574468085,0.6395183902358569,0.6256533669200665,0.01386502331579027,0.16707072327334843,0.9993,1.0,9999,within_state_lower_higher_label_swap,fixed_node_edge_count_expected_occurrence,0.9998999999999999,4,3,61
motif_52dd6e9ed5d3313a,47,29.0,31.0,-0.0425531914893617,0.5969651987464951,0.6469299626647473,-0.0499647639182523,-0.58542631007686,0.4564,1.0,9999,within_state_lower_higher_label_swap,fixed_node_edge_count_expected_occurrence,0.8210761589403973,3,3,60
motif_e5793275baa46474,47,29.0,31.0,-0.0425531914893617,0.5969651987464951,0.6469299626647473,-0.0499647639182523,-0.6796028320765178,0.3916,1.0,9999,within_state_lower_higher_label_swap,fixed_node_edge_count_expected_occurrence,0.8210761589403973,4,3,60
motif_99e10474d9641594,47,30.0,30.0,0.0,0.6326253986818066,0.6354459988304623,-0.0028206001486555604,-0.030943041122511845,0.8137,1.0,9999,within_state_lower_higher_label_swap,fixed_node_edge_count_expected_occurrence,0.8996979674796747,5,4,60
motif_fad3706020dd7d19,47,33.0,27.0,0.1276595744680851,0.6964551859158491,0.5716162115964197,0.12483897431942954,1.9116953824655338,0.1091,0.9554,9999,within_state_lower_higher_label_swap,fixed_node_edge_count_expected_occurrence,0.49758045112781957,5,4,60
motif_2411af643dc47294,47,29.0,30.0,-0.02127659574468085,0.6113488029371258,0.6354459988304623,-0.02409719589333641,-0.2723410693158342,0.6284,1.0,9999,within_state_lower_higher_label_swap,fixed_node_edge_count_expected_occurrence,0.8800847545219637,4,4,59
motif_c03e15a1bea6ea46,47,31.0,28.0,0.06382978723404255,0.6539019944264874,0.5928928073411006,0.061009187085386975,0.73711819219439,0.6102,1.0,9999,within_state_lower_higher_label_swap,fixed_node_edge_count_expected_occurrence,0.8800847545219637,5,4,59
motif_329c5520ea9f137f,47,31.0,27.0,0.0851063829787234,0.5871910595314851,0.5197936814958091,0.06739737803567589,0.8671521361377587,0.4234,1.0,9999,within_state_lower_higher_label_swap,fixed_node_edge_count_expected_occurrence,0.8210761589403973,3,2,58
motif_857e39d6361c69c4,47,27.0,31.0,-0.0851063829787234,0.5020846765527617,0.6049000644745324,-0.10281538792177092,-1.310367839623314,0.1733,0.9998,9999,within_state_lower_higher_label_swap,fixed_node_edge_count_expected_occurrence,0.5769141104294478,3,2,58
motif_795694a86aef5c38,47,31.0,27.0,0.0851063829787234,0.6395183902358569,0.5618235796860239,0.07769481054983282,0.9854573725246983,0.4232,1.0,9999,within_state_lower_higher_label_swap,fixed_node_edge_count_expected_occurrence,0.8210761589403973,3,3,58
motif_48c393c748427b13,47,30.0,28.0,0.0425531914893617,0.6182417944911761,0.5831001754307047,0.03514161906047109,0.41084195803137996,0.8035,1.0,9999,within_state_lower_higher_label_swap,fixed_node_edge_count_expected_occurrence,0.8996979674796747,4,3,58
motif_7a01626f3ff4e596,47,27.0,31.0,-0.0851063829787234,0.5544120072571335,0.6469299626647473,-0.09251795540761397,-1.1697909541566105,0.1735,1.0,9999,within_state_lower_higher_label_swap,fixed_node_edge_count_expected_occurrence,0.5769141104294478,4,3,58
motif_292d9b9a4fb005aa,47,29.0,29.0,0.0,0.6113488029371258,0.6141694030857815,-0.0028206001486555613,-0.03794957834458016,0.777,1.0,9999,within_state_lower_higher_label_swap,fixed_node_edge_count_expected_occurrence,0.8996979674796747,5,4,58
motif_b7d6452102fa13a0,47,30.0,28.0,0.0425531914893617,0.6326253986818066,0.5928928073411006,0.03973259134070616,0.46354652350538944,0.8034,1.0,9999,within_state_lower_higher_label_swap,fixed_node_edge_count_expected_occurrence,0.8996979674796747,5,4,58
motif_67cab77b48831591,47,30.0,27.0,0.06382978723404255,0.5659144637868042,0.5197936814958091,0.04612078229099502,0.529707498212763,0.6197,1.0,9999,within_state_lower_higher_label_swap,fixed_node_edge_count_expected_occurrence,0.8800847545219637,3,2,57
motif_971292dd18d037f2,47,30.0,27.0,0.06382978723404255,0.618241794491176,0.5618235796860239,0.05641821480515195,0.6428927284036038,0.6196,1.0,9999,within_state_lower_higher_label_swap,fixed_node_edge_count_expected_occurrence,0.8800847545219637,4,3,57
motif_cb84fd61ebf8f384,47,27.0,30.0,-0.06382978723404255,0.5544120072571335,0.6256533669200665,-0.07124135966293316,-0.8147200280889503,0.3374,1.0,9999,within_state_lower_higher_label_swap,fixed_node_edge_count_expected_occurrence,0.7637683333333333,4,3,57
motif_e0af2d1455e23c50,47,28.0,29.0,-0.02127659574468085,0.5756886030018143,0.6043767711753857,-0.028688168173571452,-0.32594383178313946,0.625,1.0,9999,within_state_lower_higher_label_swap,fixed_node_edge_count_expected_occurrence,0.8800847545219637,4,3,57
motif_eedbe58232b2165f,47,29.0,28.0,0.02127659574468085,0.5969651987464951,0.5831001754307047,0.01386502331579027,0.21549204493200058,0.9989,1.0,9999,within_state_lower_higher_label_swap,fixed_node_edge_count_expected_occurrence,0.9998999999999999,4,3,57
motif_394a686a6740f667,47,27.0,30.0,-0.06382978723404255,0.568795611447764,0.6354459988304624,-0.06665038738269811,-0.7580438515636937,0.3376,1.0,9999,within_state_lower_higher_label_swap,fixed_node_edge_count_expected_occurrence,0.7637683333333333,5,4,57
motif_db33a8dd2fbd76cd,47,28.0,29.0,-0.02127659574468085,0.5900722071924449,0.6141694030857815,-0.02409719589333641,-0.2725583867931662,0.6249,1.0,9999,within_state_lower_higher_label_swap,fixed_node_edge_count_expected_occurrence,0.8800847545219637,5,4,57
motif_eeb4d747c66beaa4,47,21.0,35.0,-0.2978723404255319,0.3744251020846765,0.6900064474532558,-0.3155813453685794,-4.083573849686847,0.0001,0.017,9999,within_state_lower_higher_label_swap,fixed_node_edge_count_expected_occurrence,0.0271,3,2,56
motif_e867f6bd35d65ed5,47,26.0,30.0,-0.0851063829787234,0.5331354115124527,0.6256533669200665,-0.09251795540761396,-1.0926515900138076,0.2023,1.0,9999,within_state_lower_higher_label_swap,fixed_node_edge_count_expected_occurrence,0.6209936170212766,4,3,56
motif_55909787035f2b7d,47,26.0,30.0,-0.0851063829787234,0.5475190157030831,0.6354459988304623,-0.08792698312737897,-1.0348777808421532,0.2024,1.0,9999,within_state_lower_higher_label_swap,fixed_node_edge_count_expected_occurrence,0.6209936170212766,5,4,56
motif_daeb8129eeb1418a,47,29.0,27.0,0.0425531914893617,0.6113488029371258,0.5716162115964197,0.03973259134070614,0.5868760941681314,0.7523,1.0,9999,within_state_lower_higher_label_swap,fixed_node_edge_count_expected_occurrence,0.8996979674796747,5,4,56
motif_9ff7fa6a2454292d,47,28.0,28.0,0.0,0.5941103264210637,0.5951210595856447,-0.0010107331645811766,-0.011751579042630363,0.8048,1.0,9999,within_state_lower_higher_label_swap,fixed_node_edge_count_expected_occurrence,0.8996979674796747,5,5,56
motif_022aef1c1df514fd,47,21.0,34.0,-0.2765957446808511,0.4267524327890483,0.7107597498987899,-0.2840073171097416,-3.4016889182712453,0.0009,0.1114,9999,within_state_lower_higher_label_swap,fixed_node_edge_count_expected_occurrence,0.03752307692307692,4,3,55
motif_f39afc6a70122d9e,47,29.0,25.0,0.0851063829787234,0.5446378680421234,0.47724049000644736,0.06739737803567589,0.8637518233862898,0.4248,1.0,9999,within_state_lower_higher_label_swap,fixed_node_edge_count_expected_occurrence,0.8210761589403973,3,2,54
motif_1cc5c04e6b29c149,47,29.0,25.0,0.0851063829787234,0.5969651987464951,0.5192703881966622,0.07769481054983282,0.920200716850888,0.4519,1.0,9999,within_state_lower_higher_label_swap,fixed_node_edge_count_expected_occurrence,0.8210761589403973,4,3,54
motif_294c7240155eb509,47,26.0,28.0,-0.0425531914893617,0.5331354115124526,0.5831001754307047,-0.04996476391825231,-0.5533909607127425,0.4753,1.0,9999,within_state_lower_higher_label_swap,fixed_node_edge_count_expected_occurrence,0.8414241042345277,4,3,54
motif_34710843320b2fac,47,29.0,25.0,0.0851063829787234,0.5969651987464951,0.5192703881966622,0.07769481054983282,0.983828449153281,0.4249,1.0,9999,within_state_lower_higher_label_swap,fixed_node_edge_count_expected_occurrence,0.8210761589403973,4,3,54
motif_4d469c53f6e01433,47,29.0,25.0,0.0851063829787234,0.5969651987464952,0.5192703881966622,0.07769481054983282,0.9151680441466306,0.4528,1.0,9999,within_state_lower_higher_label_swap,fixed_node_edge_count_expected_occurrence,0.8210761589403973,4,3,54
motif_e2e373750f40345c,47,28.0,26.0,0.0425531914893617,0.5756886030018143,0.540546983941343,0.03514161906047112,0.44062528341932977,0.7932,1.0,9999,within_state_lower_higher_label_swap,fixed_node_edge_count_expected_occurrence,0.8996979674796747,4,3,54
motif_c8639dca025e0856,47,29.0,25.0,0.0851063829787234,0.6113488029371258,0.5290630201070581,0.08228578283006782,0.9692453652523076,0.4517,1.0,9999,within_state_lower_higher_label_swap,fixed_node_edge_count_expected_occurrence,0.8210761589403973,4,4,54
motif_09058bc7eec93ac2,47,27.0,27.0,0.0,0.568795611447764,0.5716162115964197,-0.0028206001486555565,-0.030980878733667224,0.8167,1.0,9999,within_state_lower_higher_label_swap,fixed_node_edge_count_expected_occurrence,0.8996979674796747,5,4,54
motif_29d0f405b61cb8e4,47,26.0,28.0,-0.0425531914893617,0.5475190157030831,0.5928928073411005,-0.04537379163801728,-0.5295744411641026,0.46,1.0,9999,within_state_lower_higher_label_swap,fixed_node_edge_count_expected_occurrence,0.8228382838283829,5,4,54
motif_65bcc7505246fac6,47,26.0,28.0,-0.0425531914893617,0.5475190157030831,0.5928928073411007,-0.04537379163801726,-0.4998421991396693,0.4752,1.0,9999,within_state_lower_higher_label_swap,fixed_node_edge_count_expected_occurrence,0.8414241042345277,5,4,54
motif_ece794950718732c,47,29.0,25.0,0.0851063829787234,0.6113488029371258,0.5290630201070579,0.08228578283006781,0.9675204070861327,0.4528,1.0,9999,within_state_lower_higher_label_swap,fixed_node_edge_count_expected_occurrence,0.8210761589403973,5,4,54
motif_684a163fba0cf367,47,26.0,27.0,-0.02127659574468085,0.48080808080808085,0.5197936814958091,-0.03898560068772837,-0.4466003335000495,0.6248,1.0,9999,within_state_lower_higher_label_swap,fixed_node_edge_count_expected_occurrence,0.8800847545219637,3,2,53
motif_37830cccbe20e8cf,47,26.0,27.0,-0.02127659574468085,0.5331354115124525,0.5618235796860239,-0.02868816817357146,-0.3255823673223704,0.6247,1.0,9999,within_state_lower_higher_label_swap,fixed_node_edge_count_expected_occurrence,0.8800847545219637,4,3,53
motif_e233cf1dfe3768b5,47,29.0,24.0,0.10638297872340426,0.5969651987464951,0.49799379245198133,0.09897140629451366,1.311793088875214,0.2674,0.9998,9999,within_state_lower_higher_label_swap,fixed_node_edge_count_expected_occurrence,0.7066647619047619,4,3,53
motif_ed5e4d011e2b456c,47,28.0,25.0,0.06382978723404255,0.5756886030018143,0.5192703881966622,0.056418214805151974,0.6868011019465278,0.6109,1.0,9999,within_state_lower_higher_label_swap,fixed_node_edge_count_expected_occurrence,0.8800847545219637,4,3,53
motif_0b0d398a14e5f2a3,47,26.0,27.0,-0.02127659574468085,0.5475190157030831,0.5716162115964197,-0.02409719589333641,-0.3389899581051601,0.547,1.0,9999,within_state_lower_higher_label_swap,fixed_node_edge_count_expected_occurrence,0.8800847545219637,4,4,53
motif_7efc4f61929ef0b8,47,29.0,24.0,0.10638297872340426,0.6113488029371258,0.5077864243623771,0.1035623785747487,1.3662929862234547,0.2675,0.9997,9999,within_state_lower_higher_label_swap,fixed_node_edge_count_expected_occurrence,0.7066647619047619,4,4,53
motif_8543fd62cd4a1170,47,28.0,25.0,0.06382978723404255,0.5900722071924449,0.5290630201070581,0.06100918708538698,0.7389202234034941,0.6109,1.0,9999,within_state_lower_higher_label_swap,fixed_node_edge_count_expected_occurrence,0.8800847545219637,4,4,53
motif_8da5991d298f106b,47,29.0,24.0,0.10638297872340426,0.6113488029371258,0.5077864243623771,0.10356237857474866,1.187260241653009,0.3321,1.0,9999,within_state_lower_higher_label_swap,fixed_node_edge_count_expected_occurrence,0.7637683333333333,5,4,53
motif_e0b714267ead3086,47,26.0,27.0,-0.02127659574468085,0.5475190157030831,0.5716162115964197,-0.02409719589333641,-0.2898984385748208,0.6114,1.0,9999,within_state_lower_higher_label_swap,fixed_node_edge_count_expected_occurrence,0.8800847545219637,5,4,53
motif_e5b4b238cd487bc9,47,21.0,31.0,-0.2127659574468085,0.44113603697967896,0.6567225945751431,-0.2155865575954641,-2.523528969496712,0.0073,0.5995,9999,within_state_lower_higher_label_swap,fixed_node_edge_count_expected_occurrence,0.1529214285714286,5,4,52
motif_2ac06cbfd625bf4e,47,26.0,26.0,0.0,0.551557134931702,0.552567868096283,-0.001010733164581181,-0.013575055685285747,0.7733,1.0,9999,within_state_lower_higher_label_swap,fixed_node_edge_count_expected_occurrence,0.8996979674796747,5,5,52
motif_4fafa389d6f3cf6a,47,20.0,31.0,-0.23404255319148937,0.40547583704436735,0.6469299626647473,-0.24145412562037988,-2.9904051937660605,0.0035,0.2902,9999,within_state_lower_higher_label_swap,fixed_node_edge_count_expected_occurrence,0.10568999999999999,4,3,51
motif_a3bae32cb507520e,47,26.0,25.0,0.02127659574468085,0.5331354115124525,0.5192703881966622,0.013865023315790268,0.15754867629992486,0.9998,1.0,9999,within_state_lower_higher_label_swap,fixed_node_edge_count_expected_occurrence,0.9998999999999999,4,3,51
motif_6156682426cc8896,47,26.0,25.0,0.02127659574468085,0.5475190157030831,0.529063020107058,0.01845599559602529,0.20873506945911682,0.9998,1.0,9999,within_state_lower_higher_label_swap,fixed_node_edge_count_expected_occurrence,0.9998999999999999,4,4,51
motif_2f49498d56eb193d,47,27.0,24.0,0.06382978723404255,0.568795611447764,0.5077864243623771,0.061009187085386975,0.7385234825496387,0.6042,1.0,9999,within_state_lower_higher_label_swap,fixed_node_edge_count_expected_occurrence,0.8800847545219637,5,4,51
motif_4351f61c6294e968,47,26.0,25.0,0.02127659574468085,0.5475190157030831,0.5290630201070579,0.01845599559602531,0.2085845447382146,0.9992,1.0,9999,within_state_lower_higher_label_swap,fixed_node_edge_count_expected_occurrence,0.9998999999999999,5,4,51
motif_f219a667fad3d6dc,47,25.0,26.0,-0.02127659574468085,0.5262424199584024,0.5503396158517389,-0.02409719589333641,-0.27264979372366727,0.6274,1.0,9999,within_state_lower_higher_label_swap,fixed_node_edge_count_expected_occurrence,0.8800847545219637,5,4,51
motif_f36a38d96b0a0951,47,27.0,23.0,0.0851063829787234,0.5544120072571332,0.47671719670730045,0.07769481054983281,0.9847914238981909,0.4261,1.0,9999,within_state_lower_higher_label_swap,fixed_node_edge_count_expected_occurrence,0.8210761589403973,4,3,50
motif_1e95a6dab5da9df2,47,27.0,23.0,0.0851063829787234,0.568795611447764,0.4865098286176962,0.08228578283006785,1.1225812233701833,0.3987,1.0,9999,within_state_lower_higher_label_swap,fixed_node_edge_count_expected_occurrence,0.8210761589403973,5,4,50
motif_2ad1cf6160fe23c7,47,26.0,24.0,0.0425531914893617,0.5475190157030831,0.5077864243623772,0.03973259134070614,0.4641145978247917,0.7996,1.0,9999,within_state_lower_higher_label_swap,fixed_node_edge_count_expected_occurrence,0.8996979674796747,5,4,50
motif_40a677a453ac6467,47,27.0,23.0,0.0851063829787234,0.568795611447764,0.48650982861769626,0.08228578283006782,0.9690913559159638,0.4546,1.0,9999,within_state_lower_higher_label_swap,fixed_node_edge_count_expected_occurrence,0.8210761589403973,5,4,50
motif_7148880977761506,47,27.0,23.0,0.0851063829787234,0.568795611447764,0.48650982861769626,0.08228578283006785,1.0375199347500232,0.4262,1.0,9999,within_state_lower_higher_label_swap,fixed_node_edge_count_expected_occurrence,0.8210761589403973,5,4,50
motif_77a83db3cef85faa,47,27.0,23.0,0.0851063829787234,0.568795611447764,0.4865098286176962,0.08228578283006785,1.1225812233701833,0.3987,1.0,9999,within_state_lower_higher_label_swap,fixed_node_edge_count_expected_occurrence,0.8210761589403973,5,4,50
motif_d0038ba3c8704588,47,20.0,30.0,-0.2127659574468085,0.419859441234998,0.6354459988304623,-0.21558655759546402,-2.701553401947226,0.0055,0.4599,9999,within_state_lower_higher_label_swap,fixed_node_edge_count_expected_occurrence,0.13549999999999998,5,4,50
motif_3c069e7c4f04b0c0,47,27.0,23.0,0.0851063829787234,0.5728337306763828,0.4887380808622404,0.08409564981414225,0.9887651503501181,0.4544,1.0,9999,within_state_lower_higher_label_swap,fixed_node_edge_count_expected_occurrence,0.8210761589403973,5,5,50
motif_9f155f3c63b0ae66,47,27.0,23.0,0.0851063829787234,0.5728337306763828,0.4887380808622404,0.08409564981414223,1.145715641330302,0.3984,1.0,9999,within_state_lower_higher_label_swap,fixed_node_edge_count_expected_occurrence,0.8210761589403973,5,5,50
motif_1bd7b111855e755d,47,23.0,26.0,-0.06382978723404255,0.46930562427840994,0.540546983941343,-0.07124135966293314,-0.864912693560584,0.3028,1.0,9999,within_state_lower_higher_label_swap,fixed_node_edge_count_expected_occurrence,0.7458018099547511,4,3,49
motif_2de10e214c2ecf82,47,20.0,29.0,-0.19148936170212766,0.4054758370443674,0.6043767711753856,-0.19890093413101817,-2.5582521412904535,0.0077,0.5865,9999,within_state_lower_higher_label_swap,fixed_node_edge_count_expected_occurrence,0.1529214285714286,4,3,49
motif_bac9340a022e2595,47,20.0,29.0,-0.19148936170212766,0.4054758370443674,0.6043767711753856,-0.19890093413101825,-2.1270064841595504,0.0278,0.8746,9999,within_state_lower_higher_label_swap,fixed_node_edge_count_expected_occurrence,0.319271875,4,3,49
motif_ec1808fd0b66f7a0,47,24.0,25.0,-0.02127659574468085,0.4905822200230909,0.5192703881966622,-0.028688168173571452,-0.3472138802933096,0.6099,1.0,9999,within_state_lower_higher_label_swap,fixed_node_edge_count_expected_occurrence,0.8800847545219637,4,3,49
motif_5d8278297502c784,47,20.0,29.0,-0.19148936170212766,0.4198594412349981,0.6141694030857815,-0.19430996185078325,-2.4864749297772217,0.0077,0.6257,9999,within_state_lower_higher_label_swap,fixed_node_edge_count_expected_occurrence,0.1529214285714286,4,4,49
motif_508757ac2e89a6f3,47,20.0,29.0,-0.19148936170212766,0.419859441234998,0.6141694030857815,-0.19430996185078325,-2.064720355256895,0.0278,0.9007,9999,within_state_lower_higher_label_swap,fixed_node_edge_count_expected_occurrence,0.319271875,5,4,49
motif_6448517953121ee6,47,24.0,25.0,-0.02127659574468085,0.5049658242137215,0.5290630201070579,-0.02409719589333639,-0.29020945400553,0.61,1.0,9999,within_state_lower_higher_label_swap,fixed_node_edge_count_expected_occurrence,0.8800847545219637,5,4,49
motif_eba470805227f98f,47,23.0,26.0,-0.06382978723404255,0.48368922846904056,0.5503396158517389,-0.06665038738269811,-0.8066892587491173,0.3028,1.0,9999,within_state_lower_higher_label_swap,fixed_node_edge_count_expected_occurrence,0.7458018099547511,5,4,49
motif_f86305e1294efd83,47,27.0,22.0,0.10638297872340426,0.568795611447764,0.4652332328730153,0.1035623785747487,1.366739843148484,0.2738,0.9997,9999,within_state_lower_higher_label_swap,fixed_node_edge_count_expected_occurrence,0.7066647619047619,5,4,49
motif_8d08924ed3622983,47,27.0,22.0,0.10638297872340426,0.5728337306763828,0.4674614851175596,0.10537224555882307,1.3883366809133466,0.2738,0.9997,9999,within_state_lower_higher_label_swap,fixed_node_edge_count_expected_occurrence,0.7066647619047619,5,5,49
motif_5b961f2be4f41e18,47,24.0,24.0,0.0,0.4905822200230908,0.49799379245198133,-0.007411572428890555,-0.08671912057064539,0.803,1.0,9999,within_state_lower_higher_label_swap,fixed_node_edge_count_expected_occurrence,0.8996979674796747,4,3,48
motif_042d5c92b6ddeb0e,47,23.0,25.0,-0.0425531914893617,0.48368922846904056,0.5290630201070579,-0.04537379163801726,-0.529678606830275,0.4546,1.0,9999,within_state_lower_higher_label_swap,fixed_node_edge_count_expected_occurrence,0.8210761589403973,5,4,48
motif_8288677f41522d3e,47,24.0,24.0,0.0,0.5049658242137215,0.5077864243623771,-0.002820600148655514,-0.032855542397422874,0.8032,1.0,9999,within_state_lower_higher_label_swap,fixed_node_edge_count_expected_occurrence,0.8996979674796747,5,4,48
motif_de554d8eb3595187,47,20.0,28.0,-0.1702127659574468,0.4198594412349981,0.5928928073411006,-0.17303336610610237,-2.108169701912848,0.0217,0.8791,9999,within_state_lower_higher_label_swap,fixed_node_edge_count_expected_occurrence,0.26730454545454546,5,4,48
motif_e1b45ea8e38bda1d,47,20.0,28.0,-0.1702127659574468,0.42389756046361676,0.5951210595856447,-0.17122349912202794,-2.0825550228699763,0.0217,0.8873,9999,within_state_lower_higher_label_swap,fixed_node_edge_count_expected_occurrence,0.26730454545454546,5,5,48
motif_e7b678b80985a50a,47,23.0,24.0,-0.02127659574468085,0.46930562427841005,0.49799379245198133,-0.028688168173571425,-0.34671428730556575,0.6053,1.0,9999,within_state_lower_higher_label_swap,fixed_node_edge_count_expected_occurrence,0.8800847545219637,4,3,47
motif_a23b58bb6552ca3b,47,23.0,24.0,-0.02127659574468085,0.48368922846904067,0.5077864243623771,-0.02409719589333641,-0.29008683309364514,0.6053,1.0,9999,within_state_lower_higher_label_swap,fixed_node_edge_count_expected_occurrence,0.8800847545219637,4,4,47
motif_2cdb329eb88af463,47,24.0,23.0,0.02127659574468085,0.5049658242137215,0.4865098286176962,0.01845599559602529,0.22218079003323357,0.9993,1.0,9999,within_state_lower_higher_label_swap,fixed_node_edge_count_expected_occurrence,0.9998999999999999,5,4,47
motif_627e0dce19fa9636,47,24.0,23.0,0.02127659574468085,0.5049658242137215,0.4865098286176962,0.0184559955960253,0.2223619351480545,0.9995,1.0,9999,within_state_lower_higher_label_swap,fixed_node_edge_count_expected_occurrence,0.9998999999999999,5,4,47
motif_1f4787323fa6b30a,47,24.0,23.0,0.02127659574468085,0.5090039434423402,0.4887380808622404,0.02026586258009968,0.24361698559485925,0.9991,1.0,9999,within_state_lower_higher_label_swap,fixed_node_edge_count_expected_occurrence,0.9998999999999999,5,5,47
motif_7611ddb360618444,47,24.0,23.0,0.02127659574468085,0.5090039434423402,0.4887380808622404,0.020265862580099683,0.24367946265670484,0.9993,1.0,9999,within_state_lower_higher_label_swap,fixed_node_edge_count_expected_occurrence,0.9998999999999999,5,5,47
motif_b8f74c60dd14740c,47,23.0,23.0,0.0,0.48368922846904067,0.4865098286176962,-0.0028206001486555613,-0.03286760310332267,0.8039,1.0,9999,within_state_lower_higher_label_swap,fixed_node_edge_count_expected_occurrence,0.8996979674796747,4,4,46
motif_8e4c0f6b5f4dcf4c,47,23.0,23.0,0.0,0.48772734769765935,0.4887380808622404,-0.0010107331645811714,-0.011757868877793728,0.8041,1.0,9999,within_state_lower_higher_label_swap,fixed_node_edge_count_expected_occurrence,0.8996979674796747,4,5,46
motif_fb71835b862676ea,47,20.0,26.0,-0.1276595744680851,0.419859441234998,0.5503396158517387,-0.13048017461674064,-1.387292429271716,0.1217,0.9997,9999,within_state_lower_higher_label_swap,fixed_node_edge_count_expected_occurrence,0.49758045112781957,5,4,46
motif_34712bfa3ca77994,47,19.0,26.0,-0.14893617021276595,0.3318719105953149,0.49851708575112824,-0.16664517515581348,-1.7722387342096508,0.0778,0.9817,9999,within_state_lower_higher_label_swap,fixed_node_edge_count_expected_occurrence,0.43304693877551015,3,2,45
motif_130e8d015ee1c8e6,47,19.0,26.0,-0.14893617021276595,0.38419924129968663,0.540546983941343,-0.1563477426416565,-1.9599197203923424,0.034,0.9424,9999,within_state_lower_higher_label_swap,fixed_node_edge_count_expected_occurrence,0.319271875,4,3,45
motif_165c840f51ada343,47,20.0,25.0,-0.10638297872340426,0.419859441234998,0.5290630201070581,-0.10920357887205978,-1.2550048272937766,0.147,0.9999,9999,within_state_lower_higher_label_swap,fixed_node_edge_count_expected_occurrence,0.5276423841059602,4,4,45
motif_0145829533663255,47,19.0,26.0,-0.14893617021276595,0.39858284549031714,0.5503396158517389,-0.15175677036142154,-1.893924885158295,0.034,0.9571,9999,within_state_lower_higher_label_swap,fixed_node_edge_count_expected_occurrence,0.319271875,5,4,45
motif_3ca241df6e5e399b,47,21.0,24.0,-0.06382978723404255,0.44113603697967896,0.5077864243623772,-0.06665038738269811,-0.7577745976143849,0.3345,1.0,9999,within_state_lower_higher_label_swap,fixed_node_edge_count_expected_occurrence,0.7637683333333333,5,4,45
motif_472d9dc1836bab98,47,19.0,26.0,-0.14893617021276595,0.39858284549031714,0.5503396158517389,-0.15175677036142154,-2.046617905196065,0.0201,0.9119,9999,within_state_lower_higher_label_swap,fixed_node_edge_count_expected_occurrence,0.26730454545454546,5,4,45
motif_5bad6588e3c14b16,47,19.0,26.0,-0.14893617021276595,0.39858284549031714,0.5503396158517389,-0.15175677036142154,-1.893924885158295,0.034,0.9571,9999,within_state_lower_higher_label_swap,fixed_node_edge_count_expected_occurrence,0.319271875,5,4,45
motif_ebb94316f5d3356b,47,21.0,24.0,-0.06382978723404255,0.44113603697967896,0.5077864243623772,-0.06665038738269811,-0.7577745976143849,0.3345,1.0,9999,within_state_lower_higher_label_swap,fixed_node_edge_count_expected_occurrence,0.7637683333333333,5,4,45
motif_290c1bbabab0f535,47,19.0,26.0,-0.14893617021276595,0.402620964718936,0.5525678680962829,-0.14994690337734715,-2.018161730003071,0.0201,0.9194,9999,within_state_lower_higher_label_swap,fixed_node_edge_count_expected_occurrence,0.26730454545454546,5,5,45
motif_5d4a3de6daa53094,47,21.0,24.0,-0.06382978723404255,0.44517415620829764,0.5100146766069212,-0.06484052039862372,-0.7359531698796073,0.3346,1.0,9999,within_state_lower_higher_label_swap,fixed_node_edge_count_expected_occurrence,0.7637683333333333,5,5,45
motif_a32ef714ca7c1caf,47,20.0,25.0,-0.10638297872340426,0.4238975604636169,0.5312912723516021,-0.10739371188798545,-1.2317008319393243,0.147,1.0,9999,within_state_lower_higher_label_swap,fixed_node_edge_count_expected_occurrence,0.5276423841059602,5,5,45
motif_5665f6ba7fc7cdc0,47,23.0,21.0,0.0425531914893617,0.46930562427841005,0.4341640052179389,0.03514161906047112,0.41282944395135207,0.806,1.0,9999,within_state_lower_higher_label_swap,fixed_node_edge_count_expected_occurrence,0.8996979674796747,4,3,44
motif_4b20edf7a84d17a9,47,22.0,22.0,0.0,0.4624126327243598,0.4652332328730153,-0.0028206001486555613,-0.035123050497477534,0.7919,1.0,9999,within_state_lower_higher_label_swap,fixed_node_edge_count_expected_occurrence,0.8996979674796747,5,4,44
motif_4b7f33281feedeaf,47,22.0,22.0,0.0,0.46241263272435973,0.4652332328730152,-0.002820600148655552,-0.035129240090948755,0.7911,1.0,9999,within_state_lower_higher_label_swap,fixed_node_edge_count_expected_occurrence,0.8996979674796747,5,4,44
motif_57abb9a1ba9ef16c,47,22.0,22.0,0.0,0.46241263272435973,0.4652332328730153,-0.0028206001486555565,-0.035144711464007425,0.792,1.0,9999,within_state_lower_higher_label_swap,fixed_node_edge_count_expected_occurrence,0.8996979674796747,5,4,44
motif_0c0cba279f8eaafe,47,22.0,22.0,0.0,0.4664507519529785,0.46746148511755964,-0.0010107331645811692,-0.012568804513380423,0.7913,1.0,9999,within_state_lower_higher_label_swap,fixed_node_edge_count_expected_occurrence,0.8996979674796747,5,5,44
motif_3a44a0047355a92b,47,22.0,22.0,0.0,0.46645075195297847,0.46746148511755964,-0.0010107331645811718,-0.01256810628472587,0.792,1.0,9999,within_state_lower_higher_label_swap,fixed_node_edge_count_expected_occurrence,0.8996979674796747,5,5,44
motif_72376cc605a69c03,47,22.0,22.0,0.0,0.46645075195297847,0.46746148511755964,-0.0010107331645811718,-0.01256810628472587,0.792,1.0,9999,within_state_lower_higher_label_swap,fixed_node_edge_count_expected_occurrence,0.8996979674796747,5,5,44
motif_7ed0d1a35df795fc,47,20.0,24.0,-0.0851063829787234,0.4238975604636169,0.5100146766069212,-0.0861171161433046,-0.9536935930288749,0.24,1.0,9999,within_state_lower_higher_label_swap,fixed_node_edge_count_expected_occurrence,0.6636734693877551,5,5,44
motif_396f8c618dc38f26,47,22.0,22.0,0.0,0.46760705131229274,0.4679532786639871,-0.0003462273516943473,-0.00430330768958717,0.7924,1.0,9999,within_state_lower_higher_label_swap,fixed_node_edge_count_expected_occurrence,0.8996979674796747,5,6,44
motif_904ccc169bdd8cf0,47,20.0,23.0,-0.06382978723404255,0.3531485063399957,0.43468729851708565,-0.08153879217709009,-0.9430343796834393,0.3288,1.0,9999,within_state_lower_higher_label_swap,fixed_node_edge_count_expected_occurrence,0.7637683333333333,3,2,43
motif_94bb9d085649fe12,47,29.0,14.0,0.3191489361702128,0.5446378680421234,0.24319793681495816,0.30143993122716534,3.3607970947424644,0.0025,0.1316,9999,within_state_lower_higher_label_swap,fixed_node_edge_count_expected_occurrence,0.09678571428571428,3,2,43
motif_738262c87e2a834c,47,18.0,25.0,-0.14893617021276595,0.36292264555500564,0.5192703881966622,-0.1563477426416565,-1.7312815825214143,0.0632,0.9896,9999,within_state_lower_higher_label_swap,fixed_node_edge_count_expected_occurrence,0.394351724137931,4,3,43
motif_5bf36971a980c4ca,47,22.0,21.0,0.02127659574468085,0.4624126327243598,0.44395663712833433,0.01845599559602529,0.22249492300585788,0.9997,1.0,9999,within_state_lower_higher_label_swap,fixed_node_edge_count_expected_occurrence,0.9998999999999999,5,4,43
motif_b8b1456b837147f2,47,21.0,22.0,-0.02127659574468085,0.44113603697967896,0.4652332328730152,-0.02409719589333641,-0.31156184012381116,0.5869,1.0,9999,within_state_lower_higher_label_swap,fixed_node_edge_count_expected_occurrence,0.8800847545219637,5,4,43
motif_cebe0606f15d5cc0,47,18.0,25.0,-0.14893617021276595,0.3773062497456363,0.5290630201070581,-0.15175677036142152,-1.7709755883124596,0.0485,0.9818,9999,within_state_lower_higher_label_swap,fixed_node_edge_count_expected_occurrence,0.3439615384615385,5,4,43
motif_d398da6c713f53b7,47,18.0,25.0,-0.14893617021276595,0.37730624974563615,0.5290630201070581,-0.15175677036142157,-1.6703116871279733,0.0633,0.9929,9999,within_state_lower_higher_label_swap,fixed_node_edge_count_expected_occurrence,0.394351724137931,5,4,43
motif_a328587a896f8edc,47,22.0,21.0,0.02127659574468085,0.4664507519529785,0.4461848893728788,0.020265862580099683,0.2436705801438615,0.9993,1.0,9999,within_state_lower_higher_label_swap,fixed_node_edge_count_expected_occurrence,0.9998999999999999,5,5,43
motif_2f35404608f3f2ef,47,22.0,21.0,0.02127659574468085,0.46760705131229274,0.4466766829193063,0.020930368392986506,0.2515148955398819,0.9986,1.0,9999,within_state_lower_higher_label_swap,fixed_node_edge_count_expected_occurrence,0.9998999999999999,5,6,43
motif_2aa95981fc3e8f36,47,20.0,22.0,-0.0425531914893617,0.35314850633999567,0.4134107027724049,-0.06026219643240922,-0.6704517830348818,0.4762,1.0,9999,within_state_lower_higher_label_swap,fixed_node_edge_count_expected_occurrence,0.8414241042345277,3,2,42
motif_61367486903318cd,47,17.0,25.0,-0.1702127659574468,0.2893187191059532,0.47724049000644736,-0.18792177090049428,-2.1976982367400955,0.032,0.8506,9999,within_state_lower_higher_label_swap,fixed_node_edge_count_expected_occurrence,0.319271875,3,2,42
motif_24fa1a057d5acded,47,22.0,20.0,0.0425531914893617,0.44802902853372917,0.4128874094732581,0.03514161906047113,0.41419932837727147,0.8091,1.0,9999,within_state_lower_higher_label_swap,fixed_node_edge_count_expected_occurrence,0.8996979674796747,4,3,42
motif_d9bff20e093a1be3,47,19.0,23.0,-0.0851063829787234,0.3841992412996866,0.47671719670730056,-0.09251795540761397,-1.0288029729699626,0.2339,1.0,9999,within_state_lower_higher_label_swap,fixed_node_edge_count_expected_occurrence,0.6534731958762886,4,3,42
motif_a5f0aedaba53c141,47,22.0,20.0,0.0425531914893617,0.4624126327243598,0.42268004138365356,0.03973259134070614,0.46486007826961123,0.8091,1.0,9999,within_state_lower_higher_label_swap,fixed_node_edge_count_expected_occurrence,0.8996979674796747,4,4,42
motif_2d9dea63090b7772,47,18.0,24.0,-0.1276595744680851,0.37730624974563615,0.5077864243623771,-0.13048017461674066,-1.4659115054277916,0.0949,0.9992,9999,within_state_lower_higher_label_swap,fixed_node_edge_count_expected_occurrence,0.4648504504504505,5,4,42
motif_5ded3e44b292b50e,47,22.0,20.0,0.0425531914893617,0.4624126327243598,0.42268004138365356,0.03973259134070614,0.46486007826961123,0.8091,1.0,9999,within_state_lower_higher_label_swap,fixed_node_edge_count_expected_occurrence,0.8996979674796747,5,4,42
motif_752a9ee5cce96695,47,18.0,24.0,-0.1276595744680851,0.37730624974563626,0.5077864243623771,-0.13048017461674066,-1.5605066763022255,0.081,0.9975,9999,within_state_lower_higher_label_swap,fixed_node_edge_count_expected_occurrence,0.438429702970297,5,4,42
motif_f31ec24997c9f33d,47,22.0,20.0,0.0425531914893617,0.4624126327243598,0.4226800413836535,0.03973259134070614,0.4969756271459738,0.7907,1.0,9999,within_state_lower_higher_label_swap,fixed_node_edge_count_expected_occurrence,0.8996979674796747,5,4,42
motif_825fab86668eb8ff,47,18.0,24.0,-0.1276595744680851,0.3813443689742552,0.5100146766069212,-0.12867030763266624,-1.442549893293533,0.0951,0.9993,9999,within_state_lower_higher_label_swap,fixed_node_edge_count_expected_occurrence,0.4648504504504505,5,5,42
motif_9346ea0f68c7424e,47,22.0,20.0,0.0425531914893617,0.4664507519529785,0.42490829362819793,0.041542458324780526,0.4847556577435807,0.809,1.0,9999,within_state_lower_higher_label_swap,fixed_node_edge_count_expected_occurrence,0.8996979674796747,5,5,42
motif_fc5100af43da23a5,47,15.0,26.0,-0.23404255319148937,0.24676552761659146,0.49851708575112824,-0.25175155813453676,-2.9389022538490672,0.0044,0.305,9999,within_state_lower_higher_label_swap,fixed_node_edge_count_expected_occurrence,0.11356190476190478,3,2,41
motif_08f3fda7af28ee0d,47,19.0,22.0,-0.06382978723404255,0.3841992412996866,0.4554406009626198,-0.07124135966293316,-0.8111729368041631,0.3267,1.0,9999,within_state_lower_higher_label_swap,fixed_node_edge_count_expected_occurrence,0.7637683333333333,4,3,41
motif_ba42a46d0a454734,47,17.0,24.0,-0.14893617021276595,0.34164604981032487,0.4979937924519814,-0.1563477426416565,-1.7268768170200364,0.0606,0.9901,9999,within_state_lower_higher_label_swap,fixed_node_edge_count_expected_occurrence,0.3864141176470588,4,3,41
motif_f436a966bfb8a0f7,47,28.0,13.0,0.3191489361702128,0.5756886030018143,0.26395123926049224,0.31173736374132216,3.63451361278469,0.0008,0.0613,9999,within_state_lower_higher_label_swap,fixed_node_edge_count_expected_occurrence,0.03752307692307692,4,3,41
motif_60b43b9090a793bc,47,22.0,19.0,0.06382978723404255,0.4624126327243598,0.4014034456389726,0.061009187085386996,0.740014904365734,0.6101,1.0,9999,within_state_lower_higher_label_swap,fixed_node_edge_count_expected_occurrence,0.8800847545219637,5,4,41
motif_b0af780cd01e57bf,47,18.0,23.0,-0.10638297872340426,0.37730624974563615,0.4865098286176962,-0.10920357887205986,-1.2551067223564336,0.1436,0.9999,9999,within_state_lower_higher_label_swap,fixed_node_edge_count_expected_occurrence,0.5276423841059602,5,4,41
motif_f5528311f24310da,47,18.0,23.0,-0.10638297872340426,0.37730624974563615,0.4865098286176962,-0.10920357887205982,-1.1850127262207564,0.1652,1.0,9999,within_state_lower_higher_label_swap,fixed_node_edge_count_expected_occurrence,0.5680708860759494,5,4,41
motif_fd2c20ed817a1487,47,22.0,19.0,0.06382978723404255,0.46241263272435973,0.4014034456389726,0.061009187085386996,0.6937899957768661,0.6225,1.0,9999,within_state_lower_higher_label_swap,fixed_node_edge_count_expected_occurrence,0.8800847545219637,5,4,41
motif_9ce65289eb9b60cb,47,22.0,19.0,0.06382978723404255,0.4664507519529785,0.4036316978835172,0.06281905406946138,0.7599294502637911,0.6099,1.0,9999,within_state_lower_higher_label_swap,fixed_node_edge_count_expected_occurrence,0.8800847545219637,5,5,41
motif_67b3ff2f437cc158,47,20.0,20.0,0.0,0.35314850633999567,0.3708575112830432,-0.01770900494304749,-0.20780337442594832,0.7975,1.0,9999,within_state_lower_higher_label_swap,fixed_node_edge_count_expected_occurrence,0.8996979674796747,3,2,40
motif_e744486a4774c589,47,19.0,21.0,-0.0425531914893617,0.3318719105953149,0.3921341070277241,-0.06026219643240921,-0.6710730025847935,0.4766,1.0,9999,within_state_lower_higher_label_swap,fixed_node_edge_count_expected_occurrence,0.8414241042345277,3,2,40
motif_2f1cad9346e74372,47,18.0,22.0,-0.0851063829787234,0.36292264555500564,0.4554406009626196,-0.092517955407614,-1.0947040491844298,0.2084,1.0,9999,within_state_lower_higher_label_swap,fixed_node_edge_count_expected_occurrence,0.6209936170212766,4,3,40
motif_1890479618ebbd5a,47,19.0,21.0,-0.0425531914893617,0.3985828454903171,0.4439566371283344,-0.04537379163801726,-0.529030866238585,0.4528,1.0,9999,within_state_lower_higher_label_swap,fixed_node_edge_count_expected_occurrence,0.8210761589403973,5,4,40
motif_a79cab0e1b2c2fbf,47,12.0,28.0,-0.3404255319148936,0.24964667527755113,0.5928928073411006,-0.3432461320635491,-4.528668249137367,0.0001,0.0035,9999,within_state_lower_higher_label_swap,fixed_node_edge_count_expected_occurrence,0.0271,5,4,40
motif_8772d8cec906d3dc,47,20.0,19.0,0.02127659574468085,0.35314850633999567,0.34958091553836235,0.00356759080163336,0.04321321920517379,0.9994,1.0,9999,within_state_lower_higher_label_swap,fixed_node_edge_count_expected_occurrence,0.9998999999999999,3,2,39
motif_2768109c9ad0c060,47,20.0,19.0,0.02127659574468085,0.40547583704436746,0.3916108137285773,0.013865023315790249,0.16727430938448676,0.9993,1.0,9999,within_state_lower_higher_label_swap,fixed_node_edge_count_expected_occurrence,0.9998999999999999,4,3,39
motif_d1f6be288fa1eb5b,47,14.0,25.0,-0.23404255319148937,0.27781626257628245,0.5192703881966622,-0.24145412562037988,-2.6292100330582127,0.0066,0.574,9999,within_state_lower_higher_label_swap,fixed_node_edge_count_expected_occurrence,0.14905,4,3,39
motif_1ad6eca41bc12d2a,47,21.0,18.0,0.06382978723404255,0.44113603697967885,0.3801268498942918,0.061009187085386996,0.6944580299241002,0.6237,1.0,9999,within_state_lower_higher_label_swap,fixed_node_edge_count_expected_occurrence,0.8800847545219637,5,4,39
motif_280c39cdcfcace26,47,18.0,21.0,-0.06382978723404255,0.37730624974563626,0.4439566371283344,-0.06665038738269811,-0.8053747609052251,0.3027,1.0,9999,within_state_lower_higher_label_swap,fixed_node_edge_count_expected_occurrence,0.7458018099547511,5,4,39
motif_87cc0947b79bd1a4,47,21.0,18.0,0.06382978723404255,0.44113603697967896,0.3801268498942918,0.061009187085386996,0.7954260146360291,0.5837,1.0,9999,within_state_lower_higher_label_swap,fixed_node_edge_count_expected_occurrence,0.8800847545219637,5,4,39
motif_a286a547b110eed9,47,18.0,21.0,-0.06382978723404255,0.37730624974563615,0.4439566371283344,-0.06665038738269811,-0.8060509680093312,0.3041,1.0,9999,within_state_lower_higher_label_swap,fixed_node_edge_count_expected_occurrence,0.7458018099547511,5,4,39
motif_aeb7b3cc0e77bf78,47,21.0,18.0,0.06382978723404255,0.44113603697967896,0.3801268498942918,0.061009187085386996,0.7954260146360291,0.5837,1.0,9999,within_state_lower_higher_label_swap,fixed_node_edge_count_expected_occurrence,0.8800847545219637,5,4,39
motif_c297aea309bced17,47,26.0,13.0,0.2765957446808511,0.5475190157030831,0.27374387117088744,0.2737751445321957,3.2562592945975193,0.0039,0.1792,9999,within_state_lower_higher_label_swap,fixed_node_edge_count_expected_occurrence,0.10568999999999999,5,4,39
motif_ef33fbd9d0acc07e,47,17.0,22.0,-0.10638297872340426,0.3560296540009554,0.46523323287301527,-0.10920357887205982,-1.2523724167819283,0.1389,0.9999,9999,within_state_lower_higher_label_swap,fixed_node_edge_count_expected_occurrence,0.5276423841059602,5,4,39
motif_f3686eff0a11ab0b,47,17.0,22.0,-0.10638297872340426,0.3560296540009553,0.4652332328730153,-0.10920357887205975,-1.254636565303724,0.1424,0.9999,9999,within_state_lower_higher_label_swap,fixed_node_edge_count_expected_occurrence,0.5276423841059602,5,4,39
motif_5bfc4a225f2f79e3,47,18.0,21.0,-0.06382978723404255,0.38134436897425517,0.4461848893728788,-0.06484052039862374,-0.8433963932613567,0.2711,1.0,9999,within_state_lower_higher_label_swap,fixed_node_edge_count_expected_occurrence,0.7066647619047619,5,5,39
motif_a1bf96e5bcfd11c0,47,21.0,18.0,0.06382978723404255,0.4451741562082977,0.38235510213883633,0.0628190540694614,0.7132364656305076,0.6234,1.0,9999,within_state_lower_higher_label_swap,fixed_node_edge_count_expected_occurrence,0.8800847545219637,5,5,39
motif_a74b93da382c579d,47,21.0,18.0,0.06382978723404255,0.4451741562082977,0.38235510213883633,0.06281905406946137,0.8170307765620409,0.5833,1.0,9999,within_state_lower_higher_label_swap,fixed_node_edge_count_expected_occurrence,0.8800847545219637,5,5,39
motif_bc3158d22549bb20,47,17.0,22.0,-0.10638297872340426,0.3600677732295743,0.46746148511755964,-0.10739371188798544,-1.2315890926172508,0.1425,1.0,9999,within_state_lower_higher_label_swap,fixed_node_edge_count_expected_occurrence,0.5276423841059602,5,5,39
motif_bc9fa3f671bd8fbc,47,17.0,22.0,-0.10638297872340426,0.3600677732295743,0.46746148511755964,-0.10739371188798544,-1.2315890926172508,0.1425,1.0,9999,within_state_lower_higher_label_swap,fixed_node_edge_count_expected_occurrence,0.5276423841059602,5,5,39
motif_0993068cca98bb75,47,17.0,22.0,-0.10638297872340426,0.3612240725888885,0.4679532786639871,-0.10672920607509863,-1.2232249020643613,0.1426,1.0,9999,within_state_lower_higher_label_swap,fixed_node_edge_count_expected_occurrence,0.5276423841059602,5,6,39
motif_e390ceeffbb5a40b,47,13.0,25.0,-0.2553191489361702,0.2565396668316016,0.5192703881966622,-0.2627307213650607,-3.1827395769932463,0.0008,0.1895,9999,within_state_lower_higher_label_swap,fixed_node_edge_count_expected_occurrence,0.03752307692307692,3,3,38
motif_49217163f0dffbc8,47,19.0,19.0,0.0,0.3841992412996866,0.3916108137285772,-0.007411572428890584,-0.09250314040081836,0.7919,1.0,9999,within_state_lower_higher_label_swap,fixed_node_edge_count_expected_occurrence,0.8996979674796747,4,3,38
motif_589b182e5642be3c,47,18.0,20.0,-0.0425531914893617,0.3629226455550057,0.4128874094732581,-0.04996476391825228,-0.5857015722042195,0.4456,1.0,9999,within_state_lower_higher_label_swap,fixed_node_edge_count_expected_occurrence,0.8210761589403973,4,3,38
motif_8d85dc8910d4a0d4,47,16.0,22.0,-0.1276595744680851,0.3203694540656441,0.4554406009626196,-0.13507114689697564,-1.621373866144271,0.0753,0.9961,9999,within_state_lower_higher_label_swap,fixed_node_edge_count_expected_occurrence,0.43304693877551015,4,3,38
motif_91f8b80b46fb6115,47,19.0,19.0,0.0,0.3841992412996866,0.3916108137285773,-0.0074115724288905905,-0.08162493963351043,0.8149,1.0,9999,within_state_lower_higher_label_swap,fixed_node_edge_count_expected_occurrence,0.8996979674796747,4,3,38
motif_a25aafa6bbcffed2,47,19.0,19.0,0.0,0.3841992412996866,0.3916108137285773,-0.0074115724288906,-0.08649899734620156,0.8021,1.0,9999,within_state_lower_higher_label_swap,fixed_node_edge_count_expected_occurrence,0.8996979674796747,4,3,38
motif_15072348c6870401,47,18.0,19.0,-0.02127659574468085,0.310595314850634,0.3495809155383624,-0.03898560068772835,-0.42349832065364046,0.6409,1.0,9999,within_state_lower_higher_label_swap,fixed_node_edge_count_expected_occurrence,0.8908256410256411,3,2,37
motif_029c13843bbf61d1,47,18.0,19.0,-0.02127659574468085,0.3629226455550057,0.3916108137285773,-0.028688168173571414,-0.30785692369608114,0.641,1.0,9999,within_state_lower_higher_label_swap,fixed_node_edge_count_expected_occurrence,0.8908256410256411,4,3,37
motif_37475eace4a84e41,47,14.0,23.0,-0.19148936170212766,0.27781626257628245,0.47671719670730056,-0.19890093413101817,-2.377045428887857,0.0137,0.7415,9999,within_state_lower_higher_label_swap,fixed_node_edge_count_expected_occurrence,0.2006864864864865,4,3,37
motif_39ec7fe0f96a2be6,47,19.0,18.0,0.02127659574468085,0.3841992412996866,0.37033421798389654,0.013865023315790268,0.16748262432449212,0.9994,1.0,9999,within_state_lower_higher_label_swap,fixed_node_edge_count_expected_occurrence,0.9998999999999999,4,3,37
motif_54c504eb0430ba25,47,17.0,20.0,-0.06382978723404255,0.34164604981032487,0.4128874094732581,-0.07124135966293313,-0.8641781221013229,0.2936,1.0,9999,within_state_lower_higher_label_swap,fixed_node_edge_count_expected_occurrence,0.7443635514018692,4,3,37
motif_a314b9317c488409,47,17.0,20.0,-0.06382978723404255,0.34164604981032487,0.412887409473258,-0.07124135966293316,-0.8128785778945465,0.3301,1.0,9999,within_state_lower_higher_label_swap,fixed_node_edge_count_expected_occurrence,0.7637683333333333,4,3,37
motif_f4bfcdb57c53a8e9,47,19.0,18.0,0.02127659574468085,0.38419924129968663,0.37033421798389643,0.01386502331579025,0.16718787267694407,0.9996,1.0,9999,within_state_lower_higher_label_swap,fixed_node_edge_count_expected_occurrence,0.9998999999999999,4,3,37
motif_a60a2225f65ee9fa,47,17.0,20.0,-0.06382978723404255,0.3560296540009554,0.4226800413836535,-0.06665038738269809,-0.8056435777724571,0.2937,1.0,9999,within_state_lower_higher_label_swap,fixed_node_edge_count_expected_occurrence,0.7443635514018692,4,4,37
motif_d15afefdf81c9369,47,13.0,24.0,-0.23404255319148937,0.27092327102223196,0.5077864243623771,-0.23686315334014488,-2.7205963691819166,0.0034,0.4455,9999,within_state_lower_higher_label_swap,fixed_node_edge_count_expected_occurrence,0.10568999999999999,4,4,37
motif_07019d963bc595b3,47,26.0,11.0,0.3191489361702128,0.5475190157030831,0.2311906796815258,0.31632833602155735,3.9162507119307044,0.0009,0.0319,9999,within_state_lower_higher_label_swap,fixed_node_edge_count_expected_occurrence,0.03752307692307692,5,4,37
motif_4215b9a5488b5aa2,47,16.0,21.0,-0.10638297872340426,0.33475305825627455,0.4439566371283344,-0.10920357887205982,-1.3368362869572628,0.1149,0.9997,9999,within_state_lower_higher_label_swap,fixed_node_edge_count_expected_occurrence,0.49758045112781957,5,4,37
motif_9aa9557464dbe999,47,19.0,18.0,0.02127659574468085,0.39858284549031714,0.3801268498942918,0.01845599559602529,0.22205075907021699,0.9991,1.0,9999,within_state_lower_higher_label_swap,fixed_node_edge_count_expected_occurrence,0.9998999999999999,5,4,37
motif_c965da534d6c6b89,47,17.0,20.0,-0.06382978723404255,0.3560296540009554,0.4226800413836535,-0.06665038738269809,-0.8056435777724571,0.2937,1.0,9999,within_state_lower_higher_label_swap,fixed_node_edge_count_expected_occurrence,0.7443635514018692,5,4,37
motif_e188e11aa9d19f55,47,18.0,19.0,-0.02127659574468085,0.37730624974563615,0.4014034456389726,-0.02409719589333641,-0.31111235752682237,0.5779,1.0,9999,within_state_lower_higher_label_swap,fixed_node_edge_count_expected_occurrence,0.8800847545219637,5,4,37
motif_e5a69fb349d827dd,47,14.0,23.0,-0.19148936170212766,0.29219986676691284,0.4865098286176961,-0.1943099618507832,-2.17487141652395,0.0198,0.8605,9999,within_state_lower_higher_label_swap,fixed_node_edge_count_expected_occurrence,0.26730454545454546,5,4,37
motif_ab039606710983b0,47,17.0,20.0,-0.06382978723404255,0.3600677732295743,0.4249082936281981,-0.06484052039862373,-0.783262009316736,0.2939,1.0,9999,within_state_lower_higher_label_swap,fixed_node_edge_count_expected_occurrence,0.7443635514018692,5,5,37
motif_5c6c6345350ffc64,47,18.0,18.0,0.0,0.3629226455550057,0.37033421798389643,-0.0074115724288906,-0.08654088792068329,0.8022,1.0,9999,within_state_lower_higher_label_swap,fixed_node_edge_count_expected_occurrence,0.8996979674796747,4,3,36
motif_6a6b5b0ababd7fc9,47,14.0,22.0,-0.1702127659574468,0.27781626257628245,0.4554406009626197,-0.17762433838633732,-2.039462584305396,0.0305,0.9133,9999,within_state_lower_higher_label_swap,fixed_node_edge_count_expected_occurrence,0.319271875,4,3,36
motif_b462ae70ca309b24,47,18.0,18.0,0.0,0.3629226455550057,0.37033421798389654,-0.007411572428890584,-0.08167985537442478,0.8156,1.0,9999,within_state_lower_higher_label_swap,fixed_node_edge_count_expected_occurrence,0.8996979674796747,4,3,36
motif_fbbeca09a9cbe02e,47,17.0,19.0,-0.0425531914893617,0.3560296540009554,0.4014034456389726,-0.04537379163801727,-0.49936196185134046,0.4787,1.0,9999,within_state_lower_higher_label_swap,fixed_node_edge_count_expected_occurrence,0.8423876623376624,4,4,36
motif_0e63e1f3da53f70b,47,12.0,24.0,-0.2553191489361702,0.24964667527755113,0.5077864243623771,-0.2581397490848258,-3.6467295321390383,0.0002,0.0607,9999,within_state_lower_higher_label_swap,fixed_node_edge_count_expected_occurrence,0.0271,5,4,36
motif_5a1d60dbf66e3db1,47,18.0,18.0,0.0,0.37730624974563626,0.3801268498942918,-0.0028206001486555422,-0.030948406613612024,0.8158,1.0,9999,within_state_lower_higher_label_swap,fixed_node_edge_count_expected_occurrence,0.8996979674796747,5,4,36
motif_5bf76cb491ac43d3,47,18.0,18.0,0.0,0.3773062497456363,0.3801268498942918,-0.0028206001486555604,-0.03510806359664532,0.7914,1.0,9999,within_state_lower_higher_label_swap,fixed_node_edge_count_expected_occurrence,0.8996979674796747,5,4,36
motif_68738de32e9c0312,47,18.0,18.0,0.0,0.37730624974563626,0.3801268498942918,-0.00282060014865556,-0.03283919649976985,0.8022,1.0,9999,within_state_lower_higher_label_swap,fixed_node_edge_count_expected_occurrence,0.8996979674796747,5,4,36
motif_82337625a556d562,47,18.0,18.0,0.0,0.37730624974563626,0.3801268498942918,-0.00282060014865556,-0.03510595311758715,0.7916,1.0,9999,within_state_lower_higher_label_swap,fixed_node_edge_count_expected_occurrence,0.8996979674796747,5,4,36
motif_9737518e452322bd,47,19.0,17.0,0.0425531914893617,0.39858284549031725,0.3588502541496109,0.03973259134070611,0.49590643714739746,0.787,1.0,9999,within_state_lower_higher_label_swap,fixed_node_edge_count_expected_occurrence,0.8996979674796747,5,4,36
motif_a11a2373437f53ac,47,14.0,22.0,-0.1702127659574468,0.29219986676691284,0.46523323287301527,-0.1730333661061024,-1.9758437881557278,0.0306,0.9383,9999,within_state_lower_higher_label_swap,fixed_node_edge_count_expected_occurrence,0.319271875,5,4,36
motif_b958f616b5f82bc4,47,17.0,19.0,-0.0425531914893617,0.3560296540009554,0.4014034456389726,-0.04537379163801726,-0.5678337451924695,0.4285,1.0,9999,within_state_lower_higher_label_swap,fixed_node_edge_count_expected_occurrence,0.8210761589403973,5,4,36
motif_ebed88d2a144263b,47,12.0,24.0,-0.2553191489361702,0.2536847945061701,0.5100146766069212,-0.2563298821007514,-3.6100243644647003,0.0002,0.0638,9999,within_state_lower_higher_label_swap,fixed_node_edge_count_expected_occurrence,0.0271,5,5,36
motif_b7999bf61588abbf,47,17.0,18.0,-0.02127659574468085,0.3416460498103249,0.37033421798389654,-0.02868816817357143,-0.3260083097433396,0.628,1.0,9999,within_state_lower_higher_label_swap,fixed_node_edge_count_expected_occurrence,0.8800847545219637,4,3,35
motif_e153f64de5d09b33,47,14.0,21.0,-0.14893617021276595,0.27781626257628245,0.43416400521793885,-0.1563477426416565,-1.8239757901392533,0.0495,0.9763,9999,within_state_lower_higher_label_swap,fixed_node_edge_count_expected_occurrence,0.3439615384615385,4,3,35
motif_66d789541717095f,47,17.0,18.0,-0.02127659574468085,0.3560296540009554,0.3801268498942918,-0.02409719589333639,-0.2723472248903663,0.6281,1.0,9999,within_state_lower_higher_label_swap,fixed_node_edge_count_expected_occurrence,0.8800847545219637,4,4,35
motif_f5e851e8a26bb0d0,47,14.0,21.0,-0.14893617021276595,0.29219986676691284,0.4439566371283344,-0.15175677036142154,-1.7664735941116734,0.0495,0.9829,9999,within_state_lower_higher_label_swap,fixed_node_edge_count_expected_occurrence,0.3439615384615385,4,4,35
motif_0dede2e6fa5a899a,47,17.0,18.0,-0.02127659574468085,0.3560296540009554,0.38012684989429163,-0.02409719589333642,-0.3122608907071098,0.5823,1.0,9999,within_state_lower_higher_label_swap,fixed_node_edge_count_expected_occurrence,0.8800847545219637,5,4,35
motif_138711240361b16d,47,17.0,18.0,-0.02127659574468085,0.3560296540009554,0.3801268498942918,-0.024097195893336414,-0.2899970880416926,0.612,1.0,9999,within_state_lower_higher_label_swap,fixed_node_edge_count_expected_occurrence,0.8800847545219637,5,4,35
motif_2640c36f9d12e013,47,14.0,21.0,-0.14893617021276595,0.29219986676691284,0.4439566371283344,-0.15175677036142154,-1.7664735941116734,0.0495,0.9829,9999,within_state_lower_higher_label_swap,fixed_node_edge_count_expected_occurrence,0.3439615384615385,5,4,35
motif_30a6e62e9c0d1251,47,18.0,17.0,0.02127659574468085,0.37730624974563626,0.3588502541496109,0.01845599559602529,0.20853750018403575,0.9991,1.0,9999,within_state_lower_higher_label_swap,fixed_node_edge_count_expected_occurrence,0.9998999999999999,5,4,35
motif_4f19d2064be25086,47,17.0,18.0,-0.02127659574468085,0.3560296540009554,0.3801268498942918,-0.02409719589333641,-0.2907520745188865,0.6116,1.0,9999,within_state_lower_higher_label_swap,fixed_node_edge_count_expected_occurrence,0.8800847545219637,5,4,35
motif_9299e8337472a50e,47,13.0,22.0,-0.19148936170212766,0.27092327102223196,0.46523323287301527,-0.1943099618507832,-2.313908070804042,0.0127,0.7589,9999,within_state_lower_higher_label_swap,fixed_node_edge_count_expected_occurrence,0.19976571428571427,5,4,35
motif_a6141d4b71e71270,47,18.0,17.0,0.02127659574468085,0.37730624974563626,0.3588502541496109,0.01845599559602529,0.23863011857875283,0.9999,1.0,9999,within_state_lower_higher_label_swap,fixed_node_edge_count_expected_occurrence,0.9998999999999999,5,4,35
motif_0f41a99567ec9bba,47,14.0,21.0,-0.14893617021276595,0.2962379859955318,0.44618488937287887,-0.14994690337734717,-1.744852627366249,0.0495,0.9864,9999,within_state_lower_higher_label_swap,fixed_node_edge_count_expected_occurrence,0.3439615384615385,5,5,35
motif_2365c8970a548362,47,13.0,22.0,-0.19148936170212766,0.2749613902508509,0.4674614851175597,-0.19250009486670885,-2.2897386031702363,0.0117,0.7724,9999,within_state_lower_higher_label_swap,fixed_node_edge_count_expected_occurrence,0.19216363636363637,5,5,35
motif_564f9cbbae11e040,47,17.0,18.0,-0.02127659574468085,0.3600677732295743,0.38235510213883633,-0.022287328909262022,-0.2681253143017304,0.6117,1.0,9999,within_state_lower_higher_label_swap,fixed_node_edge_count_expected_occurrence,0.8800847545219637,5,5,35
motif_632e37d2fe836c60,47,17.0,18.0,-0.02127659574468085,0.3600677732295743,0.3823551021388364,-0.022287328909262032,-0.28802374591663504,0.5823,1.0,9999,within_state_lower_higher_label_swap,fixed_node_edge_count_expected_occurrence,0.8800847545219637,5,5,35
motif_a789c00a2ba82862,47,14.0,20.0,-0.1276595744680851,0.2254889318719106,0.3708575112830432,-0.14536857941113265,-1.5862543668514568,0.1093,0.9971,9999,within_state_lower_higher_label_swap,fixed_node_edge_count_expected_occurrence,0.49758045112781957,3,2,34
motif_26c1177b7e91b833,47,18.0,16.0,0.0425531914893617,0.3629226455550057,0.3277810264945348,0.03514161906047112,0.4397226013220302,0.7891,1.0,9999,within_state_lower_higher_label_swap,fixed_node_edge_count_expected_occurrence,0.8996979674796747,3,3,34
motif_561aab0d2e3fcfbf,47,17.0,17.0,0.0,0.34164604981032487,0.3490576222392156,-0.007411572428890603,-0.09995358458080415,0.7723,1.0,9999,within_state_lower_higher_label_swap,fixed_node_edge_count_expected_occurrence,0.8996979674796747,4,3,34
motif_865a7e1db6e3d015,47,23.0,11.0,0.2553191489361702,0.46930562427840994,0.22139804777113042,0.24790757650727963,2.8307879968217993,0.0108,0.4281,9999,within_state_lower_higher_label_swap,fixed_node_edge_count_expected_occurrence,0.1863125,4,3,34
motif_e7b47efe0af02072,47,16.0,18.0,-0.0425531914893617,0.3203694540656441,0.37033421798389654,-0.04996476391825226,-0.5855966646646501,0.4547,1.0,9999,within_state_lower_higher_label_swap,fixed_node_edge_count_expected_occurrence,0.8210761589403973,4,3,34
motif_204392044e79cf6a,47,12.0,22.0,-0.2127659574468085,0.24964667527755108,0.46523323287301527,-0.21558655759546402,-2.6947769274389577,0.0038,0.4669,9999,within_state_lower_higher_label_swap,fixed_node_edge_count_expected_occurrence,0.10568999999999999,4,4,34
motif_5d4f727711085252,47,17.0,17.0,0.0,0.3560296540009554,0.3588502541496109,-0.0028206001486555604,-0.037926056272344064,0.7724,1.0,9999,within_state_lower_higher_label_swap,fixed_node_edge_count_expected_occurrence,0.8996979674796747,4,4,34
motif_aa915ce5086e7958,47,18.0,16.0,0.0425531914893617,0.37730624974563626,0.33757365840493,0.03973259134070614,0.49592802199245445,0.789,1.0,9999,within_state_lower_higher_label_swap,fixed_node_edge_count_expected_occurrence,0.8996979674796747,4,4,34
motif_1ccba954f9a8e8c0,47,23.0,11.0,0.2553191489361702,0.48368922846904056,0.2311906796815258,0.2524985487875149,2.864545948133938,0.011,0.3941,9999,within_state_lower_higher_label_swap,fixed_node_edge_count_expected_occurrence,0.1863125,5,4,34
motif_2d48a4fd368d5657,47,16.0,18.0,-0.0425531914893617,0.33475305825627455,0.3801268498942918,-0.04537379163801724,-0.529417300965475,0.4548,1.0,9999,within_state_lower_higher_label_swap,fixed_node_edge_count_expected_occurrence,0.8210761589403973,5,4,34
motif_58108fef281175a5,47,17.0,17.0,0.0,0.3560296540009554,0.3588502541496109,-0.00282060014865556,-0.037950559380938935,0.7673,1.0,9999,within_state_lower_higher_label_swap,fixed_node_edge_count_expected_occurrence,0.8996979674796747,5,4,34
motif_594088dea3ed99ad,47,18.0,16.0,0.0425531914893617,0.37730624974563626,0.33757365840493,0.03973259134070614,0.5360957273586081,0.7669,1.0,9999,within_state_lower_higher_label_swap,fixed_node_edge_count_expected_occurrence,0.8996979674796747,5,4,34
motif_7d709f8abcdc82e5,47,18.0,16.0,0.0425531914893617,0.37730624974563626,0.33757365840493,0.03973259134070613,0.46386807784805606,0.8016,1.0,9999,within_state_lower_higher_label_swap,fixed_node_edge_count_expected_occurrence,0.8996979674796747,5,4,34
motif_8182686a0f8422e0,47,17.0,17.0,0.0,0.3560296540009554,0.35885025414961086,-0.0028206001486555613,-0.0328394314201612,0.8043,1.0,9999,within_state_lower_higher_label_swap,fixed_node_edge_count_expected_occurrence,0.8996979674796747,5,4,34
motif_8d50e2fb8f9fbd00,47,17.0,17.0,0.0,0.3560296540009554,0.3588502541496109,-0.0028206001486555604,-0.037926056272344064,0.7724,1.0,9999,within_state_lower_higher_label_swap,fixed_node_edge_count_expected_occurrence,0.8996979674796747,5,4,34
motif_b920e1f8dcf87b42,47,16.0,18.0,-0.0425531914893617,0.33475305825627455,0.3801268498942918,-0.04537379163801724,-0.6114314404579373,0.3829,1.0,9999,within_state_lower_higher_label_swap,fixed_node_edge_count_expected_occurrence,0.8210761589403973,5,4,34
motif_dc67d5aaeb0b97c0,47,23.0,11.0,0.2553191489361702,0.48368922846904056,0.2311906796815258,0.2524985487875149,2.864545948133938,0.011,0.3941,9999,within_state_lower_higher_label_swap,fixed_node_edge_count_expected_occurrence,0.1863125,5,4,34
motif_027ba7efe2fe2e56,47,17.0,17.0,0.0,0.3600677732295743,0.36107850639415556,-0.0010107331645811668,-0.01175056338402242,0.8047,1.0,9999,within_state_lower_higher_label_swap,fixed_node_edge_count_expected_occurrence,0.8996979674796747,5,5,34
motif_4278b35cbcfd2b6b,47,23.0,11.0,0.2553191489361702,0.48772734769765935,0.23341893192607038,0.2543084157715891,2.877517756882465,0.0109,0.3661,9999,within_state_lower_higher_label_swap,fixed_node_edge_count_expected_occurrence,0.1863125,5,5,34
motif_44f14a83080f71ac,47,17.0,17.0,0.0,0.3600677732295743,0.36107850639415556,-0.0010107331645811835,-0.013574472598426772,0.7727,1.0,9999,within_state_lower_higher_label_swap,fixed_node_edge_count_expected_occurrence,0.8996979674796747,5,5,34
motif_857cf1d41f71c8f6,47,17.0,17.0,0.0,0.3600677732295743,0.36107850639415556,-0.0010107331645811692,-0.011754403705150188,0.8038,1.0,9999,within_state_lower_higher_label_swap,fixed_node_edge_count_expected_occurrence,0.8996979674796747,5,5,34
motif_99f25f43459111ca,47,17.0,17.0,0.0,0.3600677732295743,0.36107850639415556,-0.001010733164581181,-0.01257755731765252,0.7973,1.0,9999,within_state_lower_higher_label_swap,fixed_node_edge_count_expected_occurrence,0.8996979674796747,5,5,34
motif_f548207977f75af1,47,16.0,18.0,-0.0425531914893617,0.33879117748489346,0.38235510213883644,-0.043563924653942876,-0.5866094122410331,0.3831,1.0,9999,within_state_lower_higher_label_swap,fixed_node_edge_count_expected_occurrence,0.8210761589403973,5,5,34
motif_add33857e4b485af,47,17.0,17.0,0.0,0.36122407258888845,0.3615702999405829,-0.00034622735169434775,-0.004304261685695717,0.7977,1.0,9999,within_state_lower_higher_label_swap,fixed_node_edge_count_expected_occurrence,0.8996979674796747,5,6,34
motif_070e91bcc54960a5,47,15.0,18.0,-0.06382978723404255,0.29909285832096333,0.37033421798389654,-0.07124135966293312,-0.8140332151864049,0.3314,1.0,9999,within_state_lower_higher_label_swap,fixed_node_edge_count_expected_occurrence,0.7637683333333333,4,3,33
motif_567b7af85cfa22f3,47,17.0,16.0,0.02127659574468085,0.3560296540009554,0.33757365840493,0.01845599559602529,0.22205075907021699,0.9994,1.0,9999,within_state_lower_higher_label_swap,fixed_node_edge_count_expected_occurrence,0.9998999999999999,4,4,33
motif_9549cf95a022f9b4,47,13.0,20.0,-0.14893617021276595,0.27092327102223196,0.4226800413836535,-0.15175677036142157,-1.8887167459310807,0.0355,0.9575,9999,within_state_lower_higher_label_swap,fixed_node_edge_count_expected_occurrence,0.319271875,4,4,33
motif_552be5f9f12c3639,47,13.0,20.0,-0.14893617021276595,0.2749613902508509,0.4249082936281981,-0.14994690337734717,-1.8655733111145847,0.0355,0.9629,9999,within_state_lower_higher_label_swap,fixed_node_edge_count_expected_occurrence,0.319271875,4,5,33
motif_089bbb6e336a32e3,47,14.0,19.0,-0.10638297872340426,0.29219986676691284,0.4014034456389726,-0.10920357887205978,-1.336398671234412,0.1192,0.9997,9999,within_state_lower_higher_label_swap,fixed_node_edge_count_expected_occurrence,0.49758045112781957,5,4,33
motif_367019b89a849370,47,17.0,16.0,0.02127659574468085,0.3560296540009554,0.33757365840493,0.018455995596025287,0.2219917113825549,0.9993,1.0,9999,within_state_lower_higher_label_swap,fixed_node_edge_count_expected_occurrence,0.9998999999999999,5,4,33
motif_3a74636fdbc8b97b,47,17.0,16.0,0.02127659574468085,0.3560296540009554,0.33757365840493,0.018455995596025287,0.2219917113825549,0.9993,1.0,9999,within_state_lower_higher_label_swap,fixed_node_edge_count_expected_occurrence,0.9998999999999999,5,4,33
motif_44b052f6015177f9,47,15.0,18.0,-0.06382978723404255,0.31347646251159367,0.3801268498942918,-0.06665038738269813,-0.7572393768117799,0.3314,1.0,9999,within_state_lower_higher_label_swap,fixed_node_edge_count_expected_occurrence,0.7637683333333333,5,4,33
motif_8dcfc98226e1efc7,47,16.0,17.0,-0.02127659574468085,0.33475305825627455,0.35885025414961086,-0.024097195893336396,-0.2897819352276424,0.6077,1.0,9999,within_state_lower_higher_label_swap,fixed_node_edge_count_expected_occurrence,0.8800847545219637,5,4,33
motif_91d7797e53fe79ef,47,16.0,17.0,-0.02127659574468085,0.33475305825627455,0.3588502541496109,-0.024097195893336414,-0.29013147574709225,0.6072,1.0,9999,within_state_lower_higher_label_swap,fixed_node_edge_count_expected_occurrence,0.8800847545219637,5,4,33
motif_971e3dbb7f58e1ea,47,14.0,19.0,-0.10638297872340426,0.29219986676691284,0.4014034456389726,-0.10920357887205982,-1.3363464844155182,0.1185,0.9997,9999,within_state_lower_higher_label_swap,fixed_node_edge_count_expected_occurrence,0.49758045112781957,5,4,33
motif_def29965c110d7de,47,16.0,17.0,-0.02127659574468085,0.33475305825627455,0.35885025414961086,-0.024097195893336396,-0.2898105599017738,0.6086,1.0,9999,within_state_lower_higher_label_swap,fixed_node_edge_count_expected_occurrence,0.8800847545219637,5,4,33
motif_23a242d75055148a,47,16.0,17.0,-0.02127659574468085,0.33879117748489346,0.36107850639415556,-0.022287328909262043,-0.26774336842184665,0.6081,1.0,9999,within_state_lower_higher_label_swap,fixed_node_edge_count_expected_occurrence,0.8800847545219637,5,5,33
motif_3be567c2d0a1b7d5,47,13.0,20.0,-0.14893617021276595,0.2749613902508509,0.4249082936281981,-0.14994690337734717,-1.8655733111145847,0.0355,0.9629,9999,within_state_lower_higher_label_swap,fixed_node_edge_count_expected_occurrence,0.319271875,5,5,33
motif_6542648bb13448a0,47,17.0,16.0,0.02127659574468085,0.36006777322957423,0.3398019106494747,0.020265862580099648,0.24358493909131262,0.9991,1.0,9999,within_state_lower_higher_label_swap,fixed_node_edge_count_expected_occurrence,0.9998999999999999,5,5,33
motif_a244b5d5e3725e95,47,12.0,21.0,-0.19148936170212766,0.2536847945061701,0.4461848893728788,-0.19250009486670885,-2.45636589947736,0.0062,0.6642,9999,within_state_lower_higher_label_swap,fixed_node_edge_count_expected_occurrence,0.14610434782608694,5,5,33
motif_a97c649fcff5d5d1,47,17.0,16.0,0.02127659574468085,0.3600677732295743,0.3398019106494747,0.020265862580099683,0.2434736940369739,0.9989,1.0,9999,within_state_lower_higher_label_swap,fixed_node_edge_count_expected_occurrence,0.9998999999999999,5,5,33
motif_deb1cfa3eafe01ec,47,17.0,16.0,0.02127659574468085,0.36006777322957423,0.3398019106494747,0.020265862580099648,0.24358493909131262,0.9991,1.0,9999,within_state_lower_higher_label_swap,fixed_node_edge_count_expected_occurrence,0.9998999999999999,5,5,33
motif_599a47832de48e0b,47,13.0,20.0,-0.14893617021276595,0.27611768961016503,0.4254000871746254,-0.14928239756446027,-1.8575167334656661,0.0356,0.9667,9999,within_state_lower_higher_label_swap,fixed_node_edge_count_expected_occurrence,0.319271875,5,6,33
motif_0ef225c16706d8fe,47,12.0,20.0,-0.1702127659574468,0.1829357403825489,0.3708575112830432,-0.18792177090049433,-2.0852114715627446,0.0428,0.8863,9999,within_state_lower_higher_label_swap,fixed_node_edge_count_expected_occurrence,0.3439615384615385,3,2,32
motif_8173fff60f0d3407,47,12.0,20.0,-0.1702127659574468,0.2352630710869207,0.4128874094732581,-0.17762433838633737,-1.9349479961157343,0.0428,0.9507,9999,within_state_lower_higher_label_swap,fixed_node_edge_count_expected_occurrence,0.3439615384615385,4,3,32
motif_9a804183b3321941,47,13.0,19.0,-0.1276595744680851,0.25653966683160156,0.3916108137285773,-0.1350711468969756,-1.437986507895992,0.1217,0.9993,9999,within_state_lower_higher_label_swap,fixed_node_edge_count_expected_occurrence,0.49758045112781957,4,3,32
motif_e8cc14ed19806fcc,47,16.0,16.0,0.0,0.33475305825627455,0.33757365840493,-0.0028206001486555604,-0.035105953117587144,0.7907,1.0,9999,within_state_lower_higher_label_swap,fixed_node_edge_count_expected_occurrence,0.8996979674796747,4,4,32
motif_8669434201178897,47,16.0,16.0,0.0,0.33879117748489346,0.3398019106494747,-0.0010107331645811742,-0.012566643251429786,0.7909,1.0,9999,within_state_lower_higher_label_swap,fixed_node_edge_count_expected_occurrence,0.8996979674796747,4,5,32
motif_55f635f51d345c44,47,12.0,20.0,-0.1702127659574468,0.24964667527755113,0.4226800413836535,-0.1730333661061024,-2.1066257900657694,0.021,0.8794,9999,within_state_lower_higher_label_swap,fixed_node_edge_count_expected_occurrence,0.26730454545454546,5,4,32
motif_72859cdf5403f701,47,15.0,17.0,-0.0425531914893617,0.31347646251159367,0.35885025414961086,-0.04537379163801724,-0.5297911299744534,0.4553,1.0,9999,within_state_lower_higher_label_swap,fixed_node_edge_count_expected_occurrence,0.8210761589403973,5,4,32
motif_80fca12529cb792b,47,13.0,19.0,-0.1276595744680851,0.27092327102223196,0.4014034456389726,-0.1304801746167407,-1.3846075233850068,0.1218,0.9997,9999,within_state_lower_higher_label_swap,fixed_node_edge_count_expected_occurrence,0.49758045112781957,5,4,32
motif_a60b470ee33da55c,47,13.0,19.0,-0.1276595744680851,0.27092327102223196,0.4014034456389726,-0.1304801746167407,-1.6676219351351178,0.0579,0.9929,9999,within_state_lower_higher_label_swap,fixed_node_edge_count_expected_occurrence,0.38270487804878045,5,4,32
motif_d409f63c308a2d6d,47,14.0,18.0,-0.0851063829787234,0.29219986676691284,0.3801268498942918,-0.08792698312737897,-1.1077242974256523,0.1785,1.0,9999,within_state_lower_higher_label_swap,fixed_node_edge_count_expected_occurrence,0.5794011695906433,5,4,32
motif_fbe47b283d485aaf,47,15.0,17.0,-0.0425531914893617,0.31347646251159367,0.35885025414961086,-0.04537379163801724,-0.5297418082162063,0.4511,1.0,9999,within_state_lower_higher_label_swap,fixed_node_edge_count_expected_occurrence,0.8210761589403973,5,4,32
motif_010b3c71bdbcf2a6,47,15.0,17.0,-0.0425531914893617,0.31751458174021263,0.3610785063941556,-0.04356392465394289,-0.5078474445732806,0.4512,1.0,9999,within_state_lower_higher_label_swap,fixed_node_edge_count_expected_occurrence,0.8210761589403973,5,5,32
motif_0f0ac668f0dc386c,47,13.0,19.0,-0.1276595744680851,0.274961390250851,0.40363169788351716,-0.12867030763266632,-1.6439533080266322,0.0579,0.9941,9999,within_state_lower_higher_label_swap,fixed_node_edge_count_expected_occurrence,0.38270487804878045,5,5,32
motif_9f061127188bad39,47,16.0,16.0,0.0,0.33879117748489346,0.3398019106494747,-0.0010107331645811742,-0.012566643251429786,0.7909,1.0,9999,within_state_lower_higher_label_swap,fixed_node_edge_count_expected_occurrence,0.8996979674796747,5,5,32
motif_a1fd530b04ced400,47,16.0,16.0,0.0,0.33879117748489346,0.3398019106494747,-0.0010107331645811692,-0.012568310076005989,0.7902,1.0,9999,within_state_lower_higher_label_swap,fixed_node_edge_count_expected_occurrence,0.8996979674796747,5,5,32
motif_b715f164644b06ac,47,16.0,16.0,0.0,0.3399474768442076,0.3402937041959019,-0.000346227351694361,-0.0043031908911314,0.7913,1.0,9999,within_state_lower_higher_label_swap,fixed_node_edge_count_expected_occurrence,0.8996979674796747,5,6,32
motif_3194408fb9452179,47,13.0,18.0,-0.10638297872340426,0.20421233612722975,0.3283043197936816,-0.12409198366645177,-1.3781875026884587,0.1684,0.9997,9999,within_state_lower_higher_label_swap,fixed_node_edge_count_expected_occurrence,0.570455,3,2,31
motif_a357866e74d5aac1,47,13.0,18.0,-0.10638297872340426,0.20421233612722978,0.32830431979368163,-0.12409198366645177,-1.3681324718284986,0.1653,0.9997,9999,within_state_lower_higher_label_swap,fixed_node_edge_count_expected_occurrence,0.5680708860759494,3,2,31
motif_041663865fdf67e1,47,13.0,18.0,-0.10638297872340426,0.2565396668316015,0.3703342179838964,-0.11379455115229485,-1.2412437858943401,0.1653,1.0,9999,within_state_lower_higher_label_swap,fixed_node_edge_count_expected_occurrence,0.5680708860759494,4,3,31
motif_082f79e52f52ff53,47,13.0,18.0,-0.10638297872340426,0.2565396668316015,0.3703342179838964,-0.11379455115229485,-1.2412437858943401,0.1653,1.0,9999,within_state_lower_higher_label_swap,fixed_node_edge_count_expected_occurrence,0.5680708860759494,4,3,31
motif_c99164990c51b2e9,47,16.0,15.0,0.02127659574468085,0.3203694540656441,0.30650443074985395,0.01386502331579027,0.17951962554230097,0.9993,1.0,9999,within_state_lower_higher_label_swap,fixed_node_edge_count_expected_occurrence,0.9998999999999999,4,3,31
motif_d1d448d03e415c86,47,13.0,18.0,-0.10638297872340426,0.2565396668316015,0.37033421798389643,-0.11379455115229482,-1.2434350511556074,0.1684,1.0,9999,within_state_lower_higher_label_swap,fixed_node_edge_count_expected_occurrence,0.570455,4,3,31
motif_038ad01f2250792b,47,16.0,15.0,0.02127659574468085,0.33475305825627455,0.3162970626602491,0.018455995596025284,0.2384872077480622,0.9994,1.0,9999,within_state_lower_higher_label_swap,fixed_node_edge_count_expected_occurrence,0.9998999999999999,5,4,31
motif_080cca411daac145,47,14.0,17.0,-0.06382978723404255,0.29219986676691284,0.35885025414961086,-0.06665038738269809,-0.806276138688741,0.3068,1.0,9999,within_state_lower_higher_label_swap,fixed_node_edge_count_expected_occurrence,0.7490342342342343,5,4,31
motif_47d78b52f7b40f0b,47,13.0,18.0,-0.10638297872340426,0.27092327102223196,0.3801268498942918,-0.10920357887205984,-1.1825728182250674,0.1728,1.0,9999,within_state_lower_higher_label_swap,fixed_node_edge_count_expected_occurrence,0.5769141104294478,5,4,31
motif_9a81ed62d65435c3,47,13.0,18.0,-0.10638297872340426,0.27092327102223196,0.3801268498942917,-0.10920357887205981,-1.185074675749672,0.1653,1.0,9999,within_state_lower_higher_label_swap,fixed_node_edge_count_expected_occurrence,0.5680708860759494,5,4,31
motif_af254a1c82e36b5f,47,16.0,15.0,0.02127659574468085,0.33475305825627455,0.31629706266024915,0.01845599559602529,0.28705257143991614,0.9991,1.0,9999,within_state_lower_higher_label_swap,fixed_node_edge_count_expected_occurrence,0.9998999999999999,5,4,31
motif_fe7b90304caa5322,47,22.0,9.0,0.2765957446808511,0.4624126327243598,0.18863748819216408,0.2737751445321957,3.063796608918715,0.0079,0.2779,9999,within_state_lower_higher_label_swap,fixed_node_edge_count_expected_occurrence,0.1529214285714286,5,4,31
motif_03a86f20681e50ea,47,16.0,15.0,0.02127659574468085,0.33879117748489346,0.31852531490479385,0.020265862580099676,0.3147042046443892,0.9989,1.0,9999,within_state_lower_higher_label_swap,fixed_node_edge_count_expected_occurrence,0.9998999999999999,5,5,31
motif_4fb69e3be74bb949,47,17.0,14.0,0.06382978723404255,0.3600677732295743,0.297248719160113,0.06281905406946138,0.8164924362694606,0.5767,1.0,9999,within_state_lower_higher_label_swap,fixed_node_edge_count_expected_occurrence,0.8800847545219637,5,5,31
motif_da6a723978c7cfb8,47,16.0,14.0,0.0425531914893617,0.3203694540656441,0.2852278350051732,0.03514161906047112,0.47471804304385506,0.7724,1.0,9999,within_state_lower_higher_label_swap,fixed_node_edge_count_expected_occurrence,0.8996979674796747,4,3,30
motif_144357e970631bdc,47,16.0,14.0,0.0425531914893617,0.33475305825627455,0.2950204669155683,0.03973259134070614,0.535782423763089,0.7727,1.0,9999,within_state_lower_higher_label_swap,fixed_node_edge_count_expected_occurrence,0.8996979674796747,4,4,30
motif_309e1fd1b1c35d59,47,15.0,15.0,0.0,0.31347646251159367,0.31629706266024915,-0.002820600148655566,-0.035095963055935896,0.7889,1.0,9999,within_state_lower_higher_label_swap,fixed_node_edge_count_expected_occurrence,0.8996979674796747,5,4,30
motif_4d94dac0da31b256,47,12.0,18.0,-0.1276595744680851,0.24964667527755113,0.3801268498942918,-0.1304801746167407,-1.4632170225121308,0.0983,0.9992,9999,within_state_lower_higher_label_swap,fixed_node_edge_count_expected_occurrence,0.471304347826087,5,4,30
motif_64c46f0bc8a7853d,47,15.0,15.0,0.0,0.31347646251159367,0.3162970626602491,-0.002820600148655563,-0.0379092511768756,0.7728,1.0,9999,within_state_lower_higher_label_swap,fixed_node_edge_count_expected_occurrence,0.8996979674796747,5,4,30
motif_747d5d7b30279f2d,47,16.0,14.0,0.0425531914893617,0.33475305825627455,0.2950204669155683,0.03973259134070614,0.535782423763089,0.7727,1.0,9999,within_state_lower_higher_label_swap,fixed_node_edge_count_expected_occurrence,0.8996979674796747,5,4,30
motif_810b92e3ea05e188,47,12.0,18.0,-0.1276595744680851,0.24964667527755113,0.3801268498942918,-0.1304801746167407,-1.4632650080582164,0.1,0.9992,9999,within_state_lower_higher_label_swap,fixed_node_edge_count_expected_occurrence,0.471304347826087,5,4,30
motif_88f193386373d65c,47,9.0,21.0,-0.2553191489361702,0.18581688804350857,0.4439566371283344,-0.25813974908482573,-3.342565803441369,0.0005,0.1379,9999,within_state_lower_higher_label_swap,fixed_node_edge_count_expected_occurrence,0.03752307692307692,5,4,30
motif_fff7782cb017e67a,47,16.0,14.0,0.0425531914893617,0.33475305825627455,0.29502046691556827,0.03973259134070613,0.535898902474414,0.7698,1.0,9999,within_state_lower_higher_label_swap,fixed_node_edge_count_expected_occurrence,0.8996979674796747,5,4,30
motif_03815a9e83d32c65,47,16.0,14.0,0.0425531914893617,0.33879117748489346,0.297248719160113,0.04154245832478052,0.5597830622897246,0.7725,1.0,9999,within_state_lower_higher_label_swap,fixed_node_edge_count_expected_occurrence,0.8996979674796747,5,5,30
motif_2239e63c934728ab,47,15.0,15.0,0.0,0.31751458174021263,0.31852531490479385,-0.0010107331645811714,-0.012560502470578912,0.7892,1.0,9999,within_state_lower_higher_label_swap,fixed_node_edge_count_expected_occurrence,0.8996979674796747,5,5,30
motif_5cc36c8196edf8e4,47,15.0,15.0,0.0,0.31751458174021263,0.31852531490479385,-0.0010107331645811714,-0.012560502470578912,0.7892,1.0,9999,within_state_lower_higher_label_swap,fixed_node_edge_count_expected_occurrence,0.8996979674796747,5,5,30
motif_8a3a45dc361aa47b,47,12.0,18.0,-0.1276595744680851,0.2536847945061701,0.3823551021388364,-0.12867030763266632,-1.4413417902560377,0.1,0.9993,9999,within_state_lower_higher_label_swap,fixed_node_edge_count_expected_occurrence,0.471304347826087,5,5,30
motif_8d236ec1aa320a9d,47,12.0,18.0,-0.1276595744680851,0.2536847945061701,0.38235510213883644,-0.12867030763266632,-1.7841376999247527,0.0377,0.9801,9999,within_state_lower_higher_label_swap,fixed_node_edge_count_expected_occurrence,0.319271875,5,5,30
motif_0e5e85a7dddbb60d,47,12.0,18.0,-0.1276595744680851,0.2548410938654842,0.3828468956852637,-0.1280058018197794,-1.7752303577328628,0.0377,0.9812,9999,within_state_lower_higher_label_swap,fixed_node_edge_count_expected_occurrence,0.319271875,5,6,30
motif_1ba4c51f0f8fad83,47,15.0,15.0,0.0,0.31867088109952674,0.31901710845122105,-0.00034622735169436195,-0.00430190100285883,0.7898,1.0,9999,within_state_lower_higher_label_swap,fixed_node_edge_count_expected_occurrence,0.8996979674796747,5,6,30
motif_ecd6dde695a866b9,47,12.0,17.0,-0.10638297872340426,0.18293574038254895,0.3070277240490007,-0.12409198366645173,-1.468465467703989,0.1413,0.9992,9999,within_state_lower_higher_label_swap,fixed_node_edge_count_expected_occurrence,0.5276423841059602,3,2,29
motif_c1d59433f9939b77,47,12.0,17.0,-0.10638297872340426,0.2352630710869208,0.34905762223921566,-0.11379455115229481,-1.3196738407745483,0.1413,0.9997,9999,within_state_lower_higher_label_swap,fixed_node_edge_count_expected_occurrence,0.5276423841059602,3,3,29
motif_f972b2865c90f585,47,11.0,18.0,-0.14893617021276595,0.2139864753422399,0.37033421798389643,-0.15634774264165657,-1.7335834768040426,0.0648,0.9892,9999,within_state_lower_higher_label_swap,fixed_node_edge_count_expected_occurrence,0.3946247191011236,4,3,29
motif_53e8134231efd6a0,47,11.0,18.0,-0.14893617021276595,0.22837007953287028,0.3801268498942918,-0.15175677036142154,-1.7690522926361916,0.047,0.9824,9999,within_state_lower_higher_label_swap,fixed_node_edge_count_expected_occurrence,0.3439615384615385,4,4,29
motif_2268a823202931ea,47,12.0,17.0,-0.10638297872340426,0.24964667527755113,0.35885025414961086,-0.10920357887205978,-1.439489082924214,0.0925,0.9993,9999,within_state_lower_higher_label_swap,fixed_node_edge_count_expected_occurrence,0.4648504504504505,5,4,29
motif_3dca7fe7a9c94f2f,47,15.0,14.0,0.02127659574468085,0.31347646251159367,0.2950204669155683,0.018455995596025284,0.2592965646488869,0.9995,1.0,9999,within_state_lower_higher_label_swap,fixed_node_edge_count_expected_occurrence,0.9998999999999999,5,4,29
motif_462c4df0c1cacf78,47,15.0,14.0,0.02127659574468085,0.3134764625115937,0.2950204669155683,0.01845599559602529,0.25931245479420845,0.9994,1.0,9999,within_state_lower_higher_label_swap,fixed_node_edge_count_expected_occurrence,0.9998999999999999,5,4,29
motif_652e84642f661624,47,11.0,18.0,-0.14893617021276595,0.22837007953287028,0.3801268498942918,-0.15175677036142152,-1.6710634715671957,0.0648,0.9929,9999,within_state_lower_higher_label_swap,fixed_node_edge_count_expected_occurrence,0.3946247191011236,5,4,29
motif_7434dae0d646da6b,47,18.0,11.0,0.14893617021276595,0.37730624974563615,0.2311906796815258,0.14611557006411033,1.6101566817772612,0.1656,0.997,9999,within_state_lower_higher_label_swap,fixed_node_edge_count_expected_occurrence,0.5680708860759494,5,4,29
motif_90e3cc1dcf4e3b79,47,16.0,13.0,0.06382978723404255,0.33475305825627455,0.27374387117088744,0.061009187085386996,0.8638462611689194,0.5462,1.0,9999,within_state_lower_higher_label_swap,fixed_node_edge_count_expected_occurrence,0.8800847545219637,5,4,29
motif_ace47faad0c74b11,47,20.0,9.0,0.23404255319148937,0.4198594412349981,0.18863748819216408,0.23122195304283397,2.843519728962196,0.0135,0.4221,9999,within_state_lower_higher_label_swap,fixed_node_edge_count_expected_occurrence,0.2006864864864865,5,4,29
motif_e51d13cc35f9cbc0,47,15.0,14.0,0.02127659574468085,0.3134764625115937,0.29502046691556827,0.018455995596025277,0.23850204367535544,0.9994,1.0,9999,within_state_lower_higher_label_swap,fixed_node_edge_count_expected_occurrence,0.9998999999999999,5,4,29
motif_ee6ea2d9e15ae257,47,15.0,14.0,0.02127659574468085,0.3134764625115937,0.2950204669155683,0.01845599559602529,0.25931245479420845,0.9994,1.0,9999,within_state_lower_higher_label_swap,fixed_node_edge_count_expected_occurrence,0.9998999999999999,5,4,29
motif_515f2a2b2aaee61d,47,16.0,13.0,0.06382978723404255,0.33879117748489346,0.27597212341543215,0.06281905406946137,0.8887558019978868,0.5461,1.0,9999,within_state_lower_higher_label_swap,fixed_node_edge_count_expected_occurrence,0.8800847545219637,5,5,29
motif_73bf87366dc57d10,47,12.0,17.0,-0.10638297872340426,0.2536847945061701,0.3610785063941556,-0.10739371188798545,-1.414081484173267,0.0925,0.9995,9999,within_state_lower_higher_label_swap,fixed_node_edge_count_expected_occurrence,0.4648504504504505,5,5,29
motif_9aea37b624069e78,47,15.0,14.0,0.02127659574468085,0.31751458174021263,0.297248719160113,0.02026586258009968,0.2845033925161503,0.9991,1.0,9999,within_state_lower_higher_label_swap,fixed_node_edge_count_expected_occurrence,0.9998999999999999,5,5,29
motif_c1cb74bf02920d95,47,15.0,14.0,0.02127659574468085,0.31751458174021263,0.297248719160113,0.02026586258009967,0.28450944243622933,0.999,1.0,9999,within_state_lower_higher_label_swap,fixed_node_edge_count_expected_occurrence,0.9998999999999999,5,5,29
motif_cb910122203920e9,47,11.0,18.0,-0.14893617021276595,0.23240819876148924,0.3823551021388364,-0.14994690337734717,-1.745675574010149,0.047,0.9864,9999,within_state_lower_higher_label_swap,fixed_node_edge_count_expected_occurrence,0.3439615384615385,5,5,29
motif_d9d6a0af6bcd611b,47,15.0,14.0,0.02127659574468085,0.31751458174021263,0.297248719160113,0.020265862580099676,0.28456596945694773,0.999,1.0,9999,within_state_lower_higher_label_swap,fixed_node_edge_count_expected_occurrence,0.9998999999999999,5,5,29
motif_7c9654a7552f1afd,47,15.0,14.0,0.02127659574468085,0.31867088109952674,0.29774051270654023,0.020930368392986506,0.29376807822031936,0.9985,1.0,9999,within_state_lower_higher_label_swap,fixed_node_edge_count_expected_occurrence,0.9998999999999999,5,6,29
motif_43cc804437a47f43,47,10.0,18.0,-0.1702127659574468,0.19270987959755906,0.37033421798389654,-0.17762433838633743,-1.836948674534416,0.052,0.9745,9999,within_state_lower_higher_label_swap,fixed_node_edge_count_expected_occurrence,0.35229999999999995,4,3,28
motif_94fda426c64e7b30,47,12.0,16.0,-0.0851063829787234,0.2352630710869207,0.3277810264945347,-0.09251795540761397,-1.0958749287614757,0.2092,1.0,9999,within_state_lower_higher_label_swap,fixed_node_edge_count_expected_occurrence,0.6209936170212766,4,3,28
motif_ac678f6d8b8171a2,47,11.0,17.0,-0.1276595744680851,0.21398647534223994,0.34905762223921566,-0.1350711468969757,-1.5306788389111439,0.0952,0.9982,9999,within_state_lower_higher_label_swap,fixed_node_edge_count_expected_occurrence,0.4648504504504505,4,3,28
motif_c6162316b5742d5a,47,13.0,15.0,-0.0425531914893617,0.2565396668316015,0.30650443074985395,-0.049964763918252296,-0.5865692161516387,0.448,1.0,9999,within_state_lower_higher_label_swap,fixed_node_edge_count_expected_occurrence,0.8210761589403973,4,3,28
motif_4625a9fb33fe9a18,47,12.0,16.0,-0.0851063829787234,0.24964667527755108,0.33757365840493,-0.08792698312737895,-1.0361868873077378,0.2092,1.0,9999,within_state_lower_higher_label_swap,fixed_node_edge_count_expected_occurrence,0.6209936170212766,5,4,28
motif_47ce3e87e8a12011,47,14.0,14.0,0.0,0.29219986676691284,0.2950204669155683,-0.002820600148655566,-0.035096384761077196,0.7868,1.0,9999,within_state_lower_higher_label_swap,fixed_node_edge_count_expected_occurrence,0.8996979674796747,5,4,28
motif_65b770a6b0dde937,47,14.0,14.0,0.0,0.29219986676691284,0.2950204669155683,-0.0028206001486555652,-0.04153038730541876,0.7546,1.0,9999,within_state_lower_higher_label_swap,fixed_node_edge_count_expected_occurrence,0.8996979674796747,5,4,28
motif_7887aeea576de116,47,13.0,15.0,-0.0425531914893617,0.27092327102223196,0.3162970626602491,-0.04537379163801726,-0.5302860058552193,0.4478,1.0,9999,within_state_lower_higher_label_swap,fixed_node_edge_count_expected_occurrence,0.8210761589403973,5,4,28
motif_85897afcde10ae9d,47,11.0,17.0,-0.1276595744680851,0.22837007953287028,0.3588502541496109,-0.13048017461674066,-1.4670967590206356,0.0952,0.9992,9999,within_state_lower_higher_label_swap,fixed_node_edge_count_expected_occurrence,0.4648504504504505,5,4,28
motif_8987799e9536733a,47,13.0,15.0,-0.0425531914893617,0.27092327102223196,0.3162970626602491,-0.04537379163801726,-0.5302860058552193,0.4478,1.0,9999,within_state_lower_higher_label_swap,fixed_node_edge_count_expected_occurrence,0.8210761589403973,5,4,28
motif_92462db061392ae7,47,15.0,13.0,0.0425531914893617,0.3134764625115937,0.27374387117088744,0.03973259134070612,0.5358187206684625,0.7709,1.0,9999,within_state_lower_higher_label_swap,fixed_node_edge_count_expected_occurrence,0.8996979674796747,5,4,28
motif_9dd3ef603731eb1d,47,10.0,18.0,-0.1702127659574468,0.20709348378818943,0.3801268498942918,-0.17303336610610237,-1.7771020495725711,0.052,0.9807,9999,within_state_lower_higher_label_swap,fixed_node_edge_count_expected_occurrence,0.35229999999999995,5,4,28
motif_9f5dccfd505d1842,47,12.0,16.0,-0.0851063829787234,0.24964667527755113,0.33757365840493,-0.08792698312737895,-1.0339684364879342,0.213,1.0,9999,within_state_lower_higher_label_swap,fixed_node_edge_count_expected_occurrence,0.6209936170212766,5,4,28
motif_a352e465397bbb21,47,12.0,16.0,-0.0851063829787234,0.24964667527755108,0.33757365840493,-0.08792698312737895,-1.0361868873077378,0.2092,1.0,9999,within_state_lower_higher_label_swap,fixed_node_edge_count_expected_occurrence,0.6209936170212766,5,4,28
motif_d08d2b220c27d371,47,14.0,14.0,0.0,0.29219986676691284,0.29502046691556827,-0.0028206001486555583,-0.03791180241073356,0.7661,1.0,9999,within_state_lower_higher_label_swap,fixed_node_edge_count_expected_occurrence,0.8996979674796747,5,4,28
motif_37d31d57d3f9c5b8,47,11.0,17.0,-0.1276595744680851,0.23240819876148924,0.36107850639415556,-0.12867030763266632,-1.53308070658648,0.0772,0.9982,9999,within_state_lower_higher_label_swap,fixed_node_edge_count_expected_occurrence,0.43304693877551015,5,5,28
motif_4aa6795ac5be2401,47,12.0,16.0,-0.0851063829787234,0.2536847945061701,0.3398019106494747,-0.08611711614330464,-1.0118393161480816,0.2132,1.0,9999,within_state_lower_higher_label_swap,fixed_node_edge_count_expected_occurrence,0.6209936170212766,5,5,28
motif_4abc84179978fc41,47,14.0,14.0,0.0,0.2962379859955318,0.2972487191601129,-0.0010107331645811742,-0.013572895210624554,0.7665,1.0,9999,within_state_lower_higher_label_swap,fixed_node_edge_count_expected_occurrence,0.8996979674796747,5,5,28
motif_5cefd2032c431627,47,14.0,14.0,0.0,0.2962379859955318,0.297248719160113,-0.0010107331645811718,-0.014868809763619303,0.7553,1.0,9999,within_state_lower_higher_label_swap,fixed_node_edge_count_expected_occurrence,0.8996979674796747,5,5,28
motif_653dde72c933e69a,47,14.0,14.0,0.0,0.2962379859955318,0.297248719160113,-0.0010107331645811718,-0.014868809763619303,0.7553,1.0,9999,within_state_lower_higher_label_swap,fixed_node_edge_count_expected_occurrence,0.8996979674796747,5,5,28
motif_9583570644293b3f,47,12.0,16.0,-0.0851063829787234,0.2536847945061701,0.3398019106494747,-0.08611711614330464,-1.0118393161480816,0.2132,1.0,9999,within_state_lower_higher_label_swap,fixed_node_edge_count_expected_occurrence,0.6209936170212766,5,5,28
motif_bd8eff38223588de,47,11.0,17.0,-0.1276595744680851,0.23240819876148924,0.36107850639415556,-0.12867030763266632,-1.533029542291007,0.0775,0.9982,9999,within_state_lower_higher_label_swap,fixed_node_edge_count_expected_occurrence,0.43304693877551015,5,5,28
motif_cafa14125e4d3e91,47,15.0,13.0,0.0425531914893617,0.31751458174021263,0.27597212341543215,0.04154245832478053,0.5597911432381939,0.7708,1.0,9999,within_state_lower_higher_label_swap,fixed_node_edge_count_expected_occurrence,0.8996979674796747,5,5,28
motif_d6947d105949725e,47,11.0,17.0,-0.1276595744680851,0.23240819876148924,0.3610785063941556,-0.12867030763266632,-1.5330399230381664,0.0763,0.9982,9999,within_state_lower_higher_label_swap,fixed_node_edge_count_expected_occurrence,0.43304693877551015,5,5,28
motif_daab14175ce460f2,47,8.0,20.0,-0.2553191489361702,0.16857841152744665,0.424908293628198,-0.2563298821007514,-3.604803947914944,0.0003,0.0648,9999,within_state_lower_higher_label_swap,fixed_node_edge_count_expected_occurrence,0.0271,5,5,28
motif_018c4efb7ab2990c,47,11.0,17.0,-0.1276595744680851,0.23356449812080335,0.3615702999405829,-0.1280058018197794,-1.524804327179961,0.0763,0.9988,9999,within_state_lower_higher_label_swap,fixed_node_edge_count_expected_occurrence,0.43304693877551015,5,6,28
motif_2e153101d0a11288,47,14.0,14.0,0.0,0.2973942853548459,0.29774051270654023,-0.0003462273516943539,-0.005091633474255476,0.7567,1.0,9999,within_state_lower_higher_label_swap,fixed_node_edge_count_expected_occurrence,0.8996979674796747,5,6,28
motif_a8e2557395de591b,47,12.0,16.0,-0.0851063829787234,0.2548410938654842,0.340293704195902,-0.08545261033041772,-1.0039394745303751,0.2136,1.0,9999,within_state_lower_higher_label_swap,fixed_node_edge_count_expected_occurrence,0.6209936170212766,5,6,28
motif_62be63cfd14a7b5f,47,13.0,14.0,-0.02127659574468085,0.20421233612722972,0.2431979368149581,-0.03898560068772835,-0.4803939230238841,0.6098,1.0,9999,within_state_lower_higher_label_swap,fixed_node_edge_count_expected_occurrence,0.8800847545219637,3,2,27
motif_731b0357487deaf3,47,12.0,15.0,-0.06382978723404255,0.18293574038254895,0.264474532559639,-0.08153879217709005,-1.0719774045897092,0.2642,1.0,9999,within_state_lower_higher_label_swap,fixed_node_edge_count_expected_occurrence,0.7066647619047619,3,2,27
motif_38423b6b2977d305,47,12.0,15.0,-0.06382978723404255,0.23526307108692068,0.3065044307498539,-0.07124135966293314,-0.8136731600430468,0.3257,1.0,9999,within_state_lower_higher_label_swap,fixed_node_edge_count_expected_occurrence,0.7637683333333333,4,3,27
motif_878918d1010ef59c,47,13.0,14.0,-0.02127659574468085,0.25653966683160156,0.2852278350051732,-0.028688168173571452,-0.34797734819190496,0.6101,1.0,9999,within_state_lower_higher_label_swap,fixed_node_edge_count_expected_occurrence,0.8800847545219637,4,3,27
motif_b666e4a2a4e21f61,47,10.0,17.0,-0.14893617021276595,0.1927098795975591,0.34905762223921566,-0.1563477426416565,-1.9746611138356907,0.0346,0.9387,9999,within_state_lower_higher_label_swap,fixed_node_edge_count_expected_occurrence,0.319271875,4,3,27
motif_9222964e0f293ccf,47,10.0,17.0,-0.14893617021276595,0.20709348378818934,0.3588502541496109,-0.15175677036142154,-1.898038864205581,0.0346,0.9567,9999,within_state_lower_higher_label_swap,fixed_node_edge_count_expected_occurrence,0.319271875,4,4,27
motif_1c19ace04bcdb92f,47,13.0,14.0,-0.02127659574468085,0.27092327102223196,0.2950204669155683,-0.02409719589333641,-0.3116156955178629,0.5883,1.0,9999,within_state_lower_higher_label_swap,fixed_node_edge_count_expected_occurrence,0.8800847545219637,5,4,27
motif_2432ee146ee06e9b,47,12.0,15.0,-0.06382978723404255,0.24964667527755113,0.31629706266024915,-0.0666503873826981,-0.7579257704367268,0.3258,1.0,9999,within_state_lower_higher_label_swap,fixed_node_edge_count_expected_occurrence,0.7637683333333333,5,4,27
motif_3d50d7469ea2a0a8,47,13.0,14.0,-0.02127659574468085,0.27092327102223196,0.2950204669155683,-0.024097195893336407,-0.2726613886128031,0.6224,1.0,9999,within_state_lower_higher_label_swap,fixed_node_edge_count_expected_occurrence,0.8800847545219637,5,4,27
motif_5c79379a0133821d,47,12.0,15.0,-0.06382978723404255,0.24964667527755113,0.31629706266024915,-0.0666503873826981,-0.7579257704367268,0.3258,1.0,9999,within_state_lower_higher_label_swap,fixed_node_edge_count_expected_occurrence,0.7637683333333333,5,4,27
motif_677a13f588cdb059,47,9.0,18.0,-0.19148936170212766,0.18581688804350857,0.3801268498942917,-0.1943099618507832,-2.6922885876246387,0.0038,0.4713,9999,within_state_lower_higher_label_swap,fixed_node_edge_count_expected_occurrence,0.10568999999999999,5,4,27
motif_fd8026f3f9aefe0f,47,11.0,16.0,-0.10638297872340426,0.22837007953287022,0.33757365840493,-0.10920357887205981,-1.2553038928585452,0.1391,0.9999,9999,within_state_lower_higher_label_swap,fixed_node_edge_count_expected_occurrence,0.5276423841059602,5,4,27
motif_0f1eaadb5b328872,47,14.0,13.0,0.02127659574468085,0.2962379859955318,0.27597212341543215,0.02026586258009968,0.28450785031457904,0.999,1.0,9999,within_state_lower_higher_label_swap,fixed_node_edge_count_expected_occurrence,0.9998999999999999,5,5,27
motif_7062164c652c7ad4,47,9.0,18.0,-0.19148936170212766,0.18985500727212754,0.3823551021388364,-0.19250009486670885,-2.6650402622016327,0.0038,0.5161,9999,within_state_lower_higher_label_swap,fixed_node_edge_count_expected_occurrence,0.10568999999999999,5,5,27
motif_8d7eadf530f2600e,47,14.0,13.0,0.02127659574468085,0.2962379859955318,0.27597212341543215,0.02026586258009968,0.28451390051905184,0.999,1.0,9999,within_state_lower_higher_label_swap,fixed_node_edge_count_expected_occurrence,0.9998999999999999,5,5,27
motif_e7faaf909e70ba88,47,14.0,13.0,0.02127659574468085,0.2962379859955318,0.27597212341543215,0.02026586258009968,0.28451390051905184,0.999,1.0,9999,within_state_lower_higher_label_swap,fixed_node_edge_count_expected_occurrence,0.9998999999999999,5,5,27
motif_fa7f3982b5280d95,47,13.0,14.0,-0.02127659574468085,0.274961390250851,0.297248719160113,-0.022287328909262032,-0.2877170213830589,0.5884,1.0,9999,within_state_lower_higher_label_swap,fixed_node_edge_count_expected_occurrence,0.8800847545219637,5,5,27
motif_5e83cea79dae2573,47,14.0,13.0,0.02127659574468085,0.2973942853548459,0.2764639169618593,0.020930368392986506,0.2937525515809757,0.9982,1.0,9999,within_state_lower_higher_label_swap,fixed_node_edge_count_expected_occurrence,0.9998999999999999,5,6,27
motif_6ca5865328442749,47,14.0,13.0,0.02127659574468085,0.2973942853548459,0.2764639169618593,0.02093036839298649,0.2937543259294416,0.9982,1.0,9999,within_state_lower_higher_label_swap,fixed_node_edge_count_expected_occurrence,0.9998999999999999,5,6,27
motif_7e70cbb5d1272c31,47,11.0,15.0,-0.0851063829787234,0.21398647534223994,0.3065044307498539,-0.09251795540761394,-1.099273632565602,0.2087,1.0,9999,within_state_lower_higher_label_swap,fixed_node_edge_count_expected_occurrence,0.6209936170212766,4,3,26
motif_907bc8e649cc9e30,47,12.0,14.0,-0.0425531914893617,0.23526307108692074,0.2852278350051732,-0.049964763918252324,-0.5879044716610324,0.4564,1.0,9999,within_state_lower_higher_label_swap,fixed_node_edge_count_expected_occurrence,0.8210761589403973,4,3,26
motif_b366b2840430a16c,47,11.0,15.0,-0.0851063829787234,0.22837007953287028,0.31629706266024915,-0.08792698312737897,-1.0369485028734104,0.2088,1.0,9999,within_state_lower_higher_label_swap,fixed_node_edge_count_expected_occurrence,0.6209936170212766,4,4,26
motif_1b5f56b34ecdaa6c,47,10.0,16.0,-0.1276595744680851,0.20709348378818943,0.33757365840493,-0.13048017461674066,-1.3877502868618743,0.1188,0.9997,9999,within_state_lower_higher_label_swap,fixed_node_edge_count_expected_occurrence,0.49758045112781957,5,4,26
motif_26507b4dbd33a9b0,47,10.0,16.0,-0.1276595744680851,0.2070934837881894,0.33757365840493,-0.13048017461674066,-1.5594316899091107,0.072,0.9975,9999,within_state_lower_higher_label_swap,fixed_node_edge_count_expected_occurrence,0.42883516483516476,5,4,26
motif_3584f99186f55098,47,10.0,16.0,-0.1276595744680851,0.20709348378818934,0.33757365840493,-0.13048017461674066,-1.560780450063585,0.0783,0.9974,9999,within_state_lower_higher_label_swap,fixed_node_edge_count_expected_occurrence,0.43304693877551015,5,4,26
motif_5dceed5e09274722,47,12.0,14.0,-0.0425531914893617,0.24964667527755113,0.2950204669155683,-0.045373791638017254,-0.5302803846935874,0.455,1.0,9999,within_state_lower_higher_label_swap,fixed_node_edge_count_expected_occurrence,0.8210761589403973,5,4,26
motif_9e18a3296a08a2d2,47,12.0,14.0,-0.0425531914893617,0.24964667527755113,0.2950204669155683,-0.04537379163801727,-0.5304916383395782,0.4565,1.0,9999,within_state_lower_higher_label_swap,fixed_node_edge_count_expected_occurrence,0.8210761589403973,5,4,26
motif_d2fceddc64f9c4b8,47,12.0,14.0,-0.0425531914893617,0.24964667527755113,0.2950204669155683,-0.045373791638017254,-0.5302860058552192,0.4515,1.0,9999,within_state_lower_higher_label_swap,fixed_node_edge_count_expected_occurrence,0.8210761589403973,5,4,26
motif_181b8ce161b66b8b,47,13.0,13.0,0.0,0.2749613902508509,0.27597212341543215,-0.0010107331645811718,-0.01486906558971867,0.7565,1.0,9999,within_state_lower_higher_label_swap,fixed_node_edge_count_expected_occurrence,0.8996979674796747,5,5,26
motif_87672ea659340518,47,11.0,15.0,-0.0851063829787234,0.23240819876148924,0.31852531490479385,-0.08611711614330464,-1.0833610446061412,0.1824,1.0,9999,within_state_lower_higher_label_swap,fixed_node_edge_count_expected_occurrence,0.5794011695906433,5,5,26
motif_b38850de34c883b8,47,10.0,16.0,-0.1276595744680851,0.21113160301680842,0.3398019106494746,-0.1286703076326663,-1.5345298496960351,0.072,0.9982,9999,within_state_lower_higher_label_swap,fixed_node_edge_count_expected_occurrence,0.42883516483516476,5,5,26
motif_1f7ac044c9f83b05,47,13.0,13.0,0.0,0.27611768961016503,0.2764639169618593,-0.00034622735169434444,-0.005091649232260227,0.7575,1.0,9999,within_state_lower_higher_label_swap,fixed_node_edge_count_expected_occurrence,0.8996979674796747,5,6,26
motif_2af20ff912ea7195,47,11.0,15.0,-0.0851063829787234,0.23356449812080335,0.31901710845122105,-0.08545261033041775,-1.0749014951328049,0.1825,1.0,9999,within_state_lower_higher_label_swap,fixed_node_edge_count_expected_occurrence,0.5794011695906433,5,6,26
motif_5e815e962da809ee,47,11.0,15.0,-0.0851063829787234,0.23356449812080335,0.31901710845122105,-0.08545261033041775,-1.0749014951328049,0.1825,1.0,9999,within_state_lower_higher_label_swap,fixed_node_edge_count_expected_occurrence,0.5794011695906433,5,6,26
motif_d818811728222c86,47,13.0,13.0,0.0,0.27611768961016503,0.2764639169618593,-0.00034622735169434444,-0.005091649232260227,0.7575,1.0,9999,within_state_lower_higher_label_swap,fixed_node_edge_count_expected_occurrence,0.8996979674796747,5,6,26
motif_c6837bde7d886408,47,13.0,13.0,0.0,0.27645448809446355,0.27656882660804893,-0.00011433851358545315,-0.0016812821260962032,0.7583,1.0,9999,within_state_lower_higher_label_swap,fixed_node_edge_count_expected_occurrence,0.8996979674796747,5,7,26
motif_e8e7168a0537a3da,47,11.0,15.0,-0.0851063829787234,0.2339012966051018,0.31912201809741064,-0.08522072149230893,-1.0720462611512893,0.1828,1.0,9999,within_state_lower_higher_label_swap,fixed_node_edge_count_expected_occurrence,0.5794011695906433,5,7,26
motif_90f0469331adc789,47,11.0,14.0,-0.06382978723404255,0.2139864753422399,0.28522783500517307,-0.07124135966293316,-0.9283549413446031,0.2685,1.0,9999,within_state_lower_higher_label_swap,fixed_node_edge_count_expected_occurrence,0.7066647619047619,3,3,25
motif_260b9ee8cedf65ab,47,11.0,14.0,-0.06382978723404255,0.21398647534223994,0.2852278350051732,-0.07124135966293317,-0.8695202068188315,0.303,1.0,9999,within_state_lower_higher_label_swap,fixed_node_edge_count_expected_occurrence,0.7458018099547511,4,3,25
motif_632e6b3a31ce3011,47,11.0,14.0,-0.06382978723404255,0.2139864753422399,0.28522783500517307,-0.07124135966293313,-0.8147478146562477,0.3346,1.0,9999,within_state_lower_higher_label_swap,fixed_node_edge_count_expected_occurrence,0.7637683333333333,4,3,25
motif_cf36d5d36d17f0d4,47,11.0,14.0,-0.06382978723404255,0.2139864753422399,0.28522783500517307,-0.07124135966293313,-1.0111660261232058,0.226,1.0,9999,within_state_lower_higher_label_swap,fixed_node_edge_count_expected_occurrence,0.6346735751295337,4,3,25
motif_e0be9084453e8269,47,12.0,13.0,-0.02127659574468085,0.24964667527755108,0.27374387117088744,-0.024097195893336407,-0.3118372326898068,0.5812,1.0,9999,within_state_lower_higher_label_swap,fixed_node_edge_count_expected_occurrence,0.8800847545219637,4,4,25
motif_9f82584d66042611,47,11.0,14.0,-0.06382978723404255,0.22837007953287028,0.2950204669155683,-0.0666503873826981,-0.757905385725514,0.3347,1.0,9999,within_state_lower_higher_label_swap,fixed_node_edge_count_expected_occurrence,0.7637683333333333,5,4,25
motif_d1701f302cafb7b8,47,11.0,14.0,-0.06382978723404255,0.22837007953287022,0.2950204669155683,-0.0666503873826981,-0.8074500758075785,0.3008,1.0,9999,within_state_lower_higher_label_swap,fixed_node_edge_count_expected_occurrence,0.7458018099547511,5,4,25
motif_fe7681306acbdcba,47,11.0,14.0,-0.06382978723404255,0.22837007953287028,0.2950204669155683,-0.06665038738269811,-0.8080684675530752,0.3032,1.0,9999,within_state_lower_higher_label_swap,fixed_node_edge_count_expected_occurrence,0.7458018099547511,5,4,25
motif_82cb78c31a4d45f4,47,12.0,13.0,-0.02127659574468085,0.2536847945061701,0.27597212341543215,-0.022287328909262022,-0.2879108329156751,0.5812,1.0,9999,within_state_lower_higher_label_swap,fixed_node_edge_count_expected_occurrence,0.8800847545219637,5,5,25
motif_c38a1f8d4d13cd58,47,12.0,13.0,-0.02127659574468085,0.2536847945061701,0.27597212341543215,-0.022287328909262022,-0.2879108329156751,0.5812,1.0,9999,within_state_lower_higher_label_swap,fixed_node_edge_count_expected_occurrence,0.8800847545219637,5,5,25
motif_e9f2800f2f4139b5,47,8.0,17.0,-0.19148936170212766,0.16857841152744665,0.3610785063941556,-0.19250009486670885,-2.938145636075031,0.0008,0.3053,9999,within_state_lower_higher_label_swap,fixed_node_edge_count_expected_occurrence,0.03752307692307692,5,5,25
motif_d73c4c050c515690,47,8.0,17.0,-0.19148936170212766,0.16973471088676073,0.3615702999405828,-0.191835589053822,-2.9279143924083724,0.0008,0.3121,9999,within_state_lower_higher_label_swap,fixed_node_edge_count_expected_occurrence,0.03752307692307692,5,6,25
motif_aa88697c4878a8d2,47,12.0,12.0,0.0,0.23526307108692068,0.2426746435158113,-0.007411572428890603,-0.10899573946802958,0.7538,1.0,9999,within_state_lower_higher_label_swap,fixed_node_edge_count_expected_occurrence,0.8996979674796747,4,3,24
motif_b7f95b768d0ed88f,47,12.0,12.0,0.0,0.23526307108692068,0.2426746435158113,-0.007411572428890603,-0.09949631832372138,0.7802,1.0,9999,within_state_lower_higher_label_swap,fixed_node_edge_count_expected_occurrence,0.8996979674796747,4,3,24
motif_cefbf9695c101b62,47,12.0,12.0,0.0,0.2352630710869208,0.2426746435158114,-0.007411572428890584,-0.09307771313224797,0.7894,1.0,9999,within_state_lower_higher_label_swap,fixed_node_edge_count_expected_occurrence,0.8996979674796747,4,3,24
motif_daeb4bd8e246a8ce,47,10.0,14.0,-0.0851063829787234,0.19270987959755906,0.28522783500517307,-0.09251795540761397,-1.2625740883534293,0.1451,0.9999,9999,within_state_lower_higher_label_swap,fixed_node_edge_count_expected_occurrence,0.5276423841059602,4,3,24
motif_df23103c2dddd8a7,47,11.0,13.0,-0.0425531914893617,0.2139864753422399,0.26395123926049224,-0.0499647639182523,-0.5879283510656786,0.4537,1.0,9999,within_state_lower_higher_label_swap,fixed_node_edge_count_expected_occurrence,0.8210761589403973,4,3,24
motif_1ef5e2e1bdccc5eb,47,12.0,12.0,0.0,0.24964667527755113,0.2524672754262066,-0.0028206001486555565,-0.03516934867914882,0.7896,1.0,9999,within_state_lower_higher_label_swap,fixed_node_edge_count_expected_occurrence,0.8996979674796747,4,4,24
motif_24eb9a87cdb74628,47,11.0,13.0,-0.0425531914893617,0.22837007953287022,0.27374387117088744,-0.04537379163801726,-0.6112423034274809,0.3915,1.0,9999,within_state_lower_higher_label_swap,fixed_node_edge_count_expected_occurrence,0.8210761589403973,4,4,24
motif_a0117e3a50871f45,47,10.0,14.0,-0.0851063829787234,0.20709348378818943,0.2950204669155683,-0.08792698312737895,-1.1972536678371937,0.1452,1.0,9999,within_state_lower_higher_label_swap,fixed_node_edge_count_expected_occurrence,0.5276423841059602,4,4,24
motif_1705651ede59320a,47,11.0,13.0,-0.0425531914893617,0.22837007953287028,0.27374387117088744,-0.04537379163801727,-0.5304860106362156,0.4539,1.0,9999,within_state_lower_higher_label_swap,fixed_node_edge_count_expected_occurrence,0.8210761589403973,5,4,24
motif_577624a63a62a8a9,47,9.0,15.0,-0.1276595744680851,0.18581688804350846,0.31629706266024915,-0.13048017461674066,-1.4671025168976874,0.0974,0.9992,9999,within_state_lower_higher_label_swap,fixed_node_edge_count_expected_occurrence,0.471304347826087,5,4,24
motif_7f263166867f6719,47,11.0,13.0,-0.0425531914893617,0.22837007953287022,0.27374387117088744,-0.04537379163801726,-0.567270839498603,0.4268,1.0,9999,within_state_lower_higher_label_swap,fixed_node_edge_count_expected_occurrence,0.8210761589403973,5,4,24
motif_86d8105fe5309952,47,10.0,14.0,-0.0851063829787234,0.20709348378818934,0.2950204669155683,-0.08792698312737897,-1.0366491124956763,0.215,1.0,9999,within_state_lower_higher_label_swap,fixed_node_edge_count_expected_occurrence,0.6209936170212766,5,4,24
motif_d68985c461e287c9,47,9.0,15.0,-0.1276595744680851,0.18581688804350846,0.31629706266024915,-0.13048017461674066,-1.6754771089512501,0.0603,0.9928,9999,within_state_lower_higher_label_swap,fixed_node_edge_count_expected_occurrence,0.3864141176470588,5,4,24
motif_d740706ea3c34912,47,11.0,13.0,-0.0425531914893617,0.22837007953287028,0.27374387117088744,-0.04537379163801727,-0.5304860106362156,0.4539,1.0,9999,within_state_lower_higher_label_swap,fixed_node_edge_count_expected_occurrence,0.8210761589403973,5,4,24
motif_e93a5794cad1d099,47,12.0,12.0,0.0,0.24964667527755116,0.2524672754262066,-0.0028206001486555604,-0.041435819798718125,0.754,1.0,9999,within_state_lower_higher_label_swap,fixed_node_edge_count_expected_occurrence,0.8996979674796747,5,4,24
motif_efae6b60f595cdfb,47,10.0,14.0,-0.0851063829787234,0.20709348378818934,0.2950204669155683,-0.08792698312737897,-1.111184358818665,0.1786,1.0,9999,within_state_lower_higher_label_swap,fixed_node_edge_count_expected_occurrence,0.5794011695906433,5,4,24
motif_0bae3f446a0ef73b,47,11.0,13.0,-0.0425531914893617,0.23240819876148927,0.27597212341543215,-0.04356392465394289,-0.5435661605060944,0.4269,1.0,9999,within_state_lower_higher_label_swap,fixed_node_edge_count_expected_occurrence,0.8210761589403973,5,5,24
motif_1d705ca0de2416ea,47,10.0,14.0,-0.0851063829787234,0.2111316030168084,0.2972487191601129,-0.0861171161433046,-1.0848964602623146,0.1786,1.0,9999,within_state_lower_higher_label_swap,fixed_node_edge_count_expected_occurrence,0.5794011695906433,5,5,24
motif_ba7a0a0ed1ab1304,47,9.0,15.0,-0.1276595744680851,0.18985500727212748,0.31852531490479385,-0.12867030763266632,-1.646980634141824,0.0603,0.9941,9999,within_state_lower_higher_label_swap,fixed_node_edge_count_expected_occurrence,0.3864141176470588,5,5,24
motif_c88f48387ef2b4fe,47,11.0,13.0,-0.0425531914893617,0.23240819876148927,0.27597212341543215,-0.043563924653942876,-0.5435111920669132,0.4262,1.0,9999,within_state_lower_higher_label_swap,fixed_node_edge_count_expected_occurrence,0.8210761589403973,5,5,24
motif_496bfc724505030e,47,11.0,12.0,-0.02127659574468085,0.2139864753422399,0.2426746435158114,-0.028688168173571442,-0.40351191375695383,0.5508,1.0,9999,within_state_lower_higher_label_swap,fixed_node_edge_count_expected_occurrence,0.8800847545219637,4,3,23
motif_13987350646e3e50,47,10.0,13.0,-0.06382978723404255,0.20709348378818943,0.27374387117088744,-0.06665038738269811,-0.8656954314135916,0.2692,1.0,9999,within_state_lower_higher_label_swap,fixed_node_edge_count_expected_occurrence,0.7066647619047619,4,4,23
motif_36015bab6274bff0,47,11.0,12.0,-0.02127659574468085,0.22837007953287022,0.2524672754262066,-0.024097195893336407,-0.33795860425961544,0.5543,1.0,9999,within_state_lower_higher_label_swap,fixed_node_edge_count_expected_occurrence,0.8800847545219637,4,4,23
motif_2ec7c5deb3b9bc46,47,10.0,13.0,-0.06382978723404255,0.2111316030168084,0.27597212341543215,-0.06484052039862373,-0.842057388045025,0.2693,1.0,9999,within_state_lower_higher_label_swap,fixed_node_edge_count_expected_occurrence,0.7066647619047619,4,5,23
motif_0340aaab0dccc1f1,47,12.0,11.0,0.02127659574468085,0.24964667527755116,0.2311906796815258,0.01845599559602529,0.25871383137106063,0.9992,1.0,9999,within_state_lower_higher_label_swap,fixed_node_edge_count_expected_occurrence,0.9998999999999999,5,4,23
motif_2611ff976d3ff14b,47,11.0,12.0,-0.02127659574468085,0.22837007953287022,0.2524672754262066,-0.024097195893336407,-0.3736589508325492,0.5093,1.0,9999,within_state_lower_higher_label_swap,fixed_node_edge_count_expected_occurrence,0.8795885714285715,5,4,23
motif_287b8ec85d70fbac,47,5.0,18.0,-0.2765957446808511,0.1007105050647851,0.3801268498942918,-0.2794163448295066,-3.565460683356057,0.0003,0.0737,9999,within_state_lower_higher_label_swap,fixed_node_edge_count_expected_occurrence,0.0271,5,4,23
motif_29d831cab5ba7ad5,47,8.0,15.0,-0.14893617021276595,0.16454029229882763,0.31629706266024915,-0.15175677036142152,-1.774025461357865,0.0491,0.9812,9999,within_state_lower_higher_label_swap,fixed_node_edge_count_expected_occurrence,0.3439615384615385,5,4,23
motif_b37ecaf5b25bba35,47,9.0,14.0,-0.10638297872340426,0.1858168880435085,0.2950204669155683,-0.10920357887205981,-1.3393847150518043,0.1212,0.9997,9999,within_state_lower_higher_label_swap,fixed_node_edge_count_expected_occurrence,0.49758045112781957,5,4,23
motif_db3614fd20563588,47,11.0,12.0,-0.02127659574468085,0.22837007953287028,0.2524672754262066,-0.0240971958933364,-0.290470884524103,0.6077,1.0,9999,within_state_lower_higher_label_swap,fixed_node_edge_count_expected_occurrence,0.8800847545219637,5,4,23
motif_eb030d5e67232bce,47,11.0,12.0,-0.02127659574468085,0.22837007953287028,0.2524672754262066,-0.024097195893336424,-0.27251444889707155,0.6303,1.0,9999,within_state_lower_higher_label_swap,fixed_node_edge_count_expected_occurrence,0.880470618556701,5,4,23
motif_1681ae0e2b76586f,47,11.0,12.0,-0.02127659574468085,0.23240819876148927,0.25469552767075126,-0.022287328909262043,-0.2680236065166288,0.6079,1.0,9999,within_state_lower_higher_label_swap,fixed_node_edge_count_expected_occurrence,0.8800847545219637,5,5,23
motif_22c34d8dbb9b8983,47,8.0,15.0,-0.14893617021276595,0.16857841152744665,0.3185253149047938,-0.14994690337734712,-1.7476629023131738,0.0491,0.9861,9999,within_state_lower_higher_label_swap,fixed_node_edge_count_expected_occurrence,0.3439615384615385,5,5,23
motif_3a17b4ce682ce2b1,47,10.0,13.0,-0.06382978723404255,0.21113160301680842,0.27597212341543215,-0.06484052039862373,-0.8432649373785535,0.2664,1.0,9999,within_state_lower_higher_label_swap,fixed_node_edge_count_expected_occurrence,0.7066647619047619,5,5,23
motif_8d6839eb022660a3,47,10.0,13.0,-0.06382978723404255,0.2122879023761225,0.2764639169618593,-0.06417601458573689,-0.8340497652340932,0.2666,1.0,9999,within_state_lower_higher_label_swap,fixed_node_edge_count_expected_occurrence,0.7066647619047619,5,6,23
motif_1fe91a45ad633b8a,47,11.0,11.0,0.0,0.22837007953287022,0.2311906796815258,-0.0028206001486555604,-0.04143498702782767,0.7621,1.0,9999,within_state_lower_higher_label_swap,fixed_node_edge_count_expected_occurrence,0.8996979674796747,4,4,22
motif_acb44744b5c13899,47,9.0,13.0,-0.0851063829787234,0.18581688804350846,0.27374387117088744,-0.08792698312737897,-1.0366379295402708,0.2154,1.0,9999,within_state_lower_higher_label_swap,fixed_node_edge_count_expected_occurrence,0.6209936170212766,4,4,22
motif_dfcab8382e621753,47,11.0,11.0,0.0,0.22837007953287022,0.2311906796815258,-0.0028206001486555604,-0.04143498702782767,0.7621,1.0,9999,within_state_lower_higher_label_swap,fixed_node_edge_count_expected_occurrence,0.8996979674796747,4,4,22
motif_0dd4e2d3dd505b69,47,11.0,11.0,0.0,0.23240819876148927,0.23341893192607036,-0.0010107331645811835,-0.014850619106419664,0.7624,1.0,9999,within_state_lower_higher_label_swap,fixed_node_edge_count_expected_occurrence,0.8996979674796747,4,5,22
motif_96ca5d9e76d59355,47,10.0,12.0,-0.0425531914893617,0.20709348378818943,0.2524672754262066,-0.04537379163801726,-0.6700691404673833,0.3448,1.0,9999,within_state_lower_higher_label_swap,fixed_node_edge_count_expected_occurrence,0.7690600823045267,5,4,22
motif_9ac79cbea8a03df2,47,10.0,12.0,-0.0425531914893617,0.20709348378818934,0.2524672754262066,-0.04537379163801723,-0.6138152727729466,0.3906,1.0,9999,within_state_lower_higher_label_swap,fixed_node_edge_count_expected_occurrence,0.8210761589403973,5,4,22
motif_c8187ca9fadf7006,47,10.0,12.0,-0.0425531914893617,0.20709348378818934,0.2524672754262066,-0.045373791638017254,-0.5675694505966378,0.4245,1.0,9999,within_state_lower_higher_label_swap,fixed_node_edge_count_expected_occurrence,0.8210761589403973,5,4,22
motif_cce66e271e34786b,47,10.0,12.0,-0.0425531914893617,0.20709348378818943,0.2524672754262066,-0.045373791638017254,-0.5672361606581092,0.4255,1.0,9999,within_state_lower_higher_label_swap,fixed_node_edge_count_expected_occurrence,0.8210761589403973,5,4,22
motif_d678613ad78fd8b5,47,10.0,12.0,-0.0425531914893617,0.20709348378818943,0.2524672754262066,-0.04537379163801726,-0.6693083055598043,0.3378,1.0,9999,within_state_lower_higher_label_swap,fixed_node_edge_count_expected_occurrence,0.7637683333333333,5,4,22
motif_e897bd616681fc9e,47,14.0,8.0,0.1276595744680851,0.29219986676691284,0.16736089244748323,0.12483897431942952,1.4029018208291337,0.2385,0.9996,9999,within_state_lower_higher_label_swap,fixed_node_edge_count_expected_occurrence,0.6629076923076923,5,4,22
motif_ecfe11186116dda0,47,11.0,11.0,0.0,0.22837007953287022,0.2311906796815258,-0.0028206001486555557,-0.04143581979871805,0.7585,1.0,9999,within_state_lower_higher_label_swap,fixed_node_edge_count_expected_occurrence,0.8996979674796747,5,4,22
motif_117ce0c6871a8986,47,10.0,12.0,-0.0425531914893617,0.2111316030168084,0.25469552767075126,-0.043563924653942876,-0.6428145792079138,0.3382,1.0,9999,within_state_lower_higher_label_swap,fixed_node_edge_count_expected_occurrence,0.7637683333333333,5,5,22
motif_4105c9e59ebee4e9,47,11.0,11.0,0.0,0.23240819876148927,0.23341893192607036,-0.0010107331645811835,-0.014850619106419664,0.7624,1.0,9999,within_state_lower_higher_label_swap,fixed_node_edge_count_expected_occurrence,0.8996979674796747,5,5,22
motif_43d3e6a7657c3f65,47,11.0,11.0,0.0,0.23240819876148927,0.23341893192607036,-0.0010107331645811835,-0.014850619106419664,0.7624,1.0,9999,within_state_lower_higher_label_swap,fixed_node_edge_count_expected_occurrence,0.8996979674796747,5,5,22
motif_64f1a25c5b185955,47,9.0,13.0,-0.0851063829787234,0.18985500727212748,0.2759721234154321,-0.08611711614330457,-1.0129330109515091,0.2154,1.0,9999,within_state_lower_higher_label_swap,fixed_node_edge_count_expected_occurrence,0.6209936170212766,5,5,22
motif_755161c6993a890a,47,10.0,12.0,-0.0425531914893617,0.21113160301680842,0.2546955276707512,-0.04356392465394291,-0.5434877810888494,0.4256,1.0,9999,within_state_lower_higher_label_swap,fixed_node_edge_count_expected_occurrence,0.8210761589403973,5,5,22
motif_aebb239dc237d823,47,9.0,13.0,-0.0851063829787234,0.18985500727212748,0.2759721234154321,-0.08611711614330457,-1.0129330109515091,0.2154,1.0,9999,within_state_lower_higher_label_swap,fixed_node_edge_count_expected_occurrence,0.6209936170212766,5,5,22
motif_b943d51a3cad6ccb,47,11.0,11.0,0.0,0.23240819876148927,0.23341893192607036,-0.0010107331645811835,-0.014850619106419664,0.7624,1.0,9999,within_state_lower_higher_label_swap,fixed_node_edge_count_expected_occurrence,0.8996979674796747,5,5,22
motif_d7a3643ee9889ee9,47,10.0,12.0,-0.0425531914893617,0.2111316030168084,0.25469552767075126,-0.04356392465394289,-0.5875805273681813,0.3906,1.0,9999,within_state_lower_higher_label_swap,fixed_node_edge_count_expected_occurrence,0.8210761589403973,5,5,22
motif_fd5604ec6f39b5d9,47,11.0,11.0,0.0,0.23240819876148927,0.23341893192607036,-0.0010107331645811835,-0.014850619106419664,0.7624,1.0,9999,within_state_lower_higher_label_swap,fixed_node_edge_count_expected_occurrence,0.8996979674796747,5,5,22
motif_dfad82cf69cd5d21,47,11.0,11.0,0.0,0.23356449812080335,0.23391072547249758,-0.000346227351694361,-0.005088768513363129,0.7633,1.0,9999,within_state_lower_higher_label_swap,fixed_node_edge_count_expected_occurrence,0.8996979674796747,5,6,22
motif_f15c0176afdf4707,47,7.0,14.0,-0.14893617021276595,0.1288800923635164,0.28522783500517307,-0.15634774264165657,-1.8328847891877862,0.049,0.9753,9999,within_state_lower_higher_label_swap,fixed_node_edge_count_expected_occurrence,0.3439615384615385,4,3,21
motif_b2134e3ae1086107,47,10.0,11.0,-0.02127659574468085,0.20709348378818943,0.2311906796815258,-0.024097195893336414,-0.37383897850168274,0.5107,1.0,9999,within_state_lower_higher_label_swap,fixed_node_edge_count_expected_occurrence,0.8795885714285715,4,4,21
motif_bd370b73f6308ca4,47,10.0,11.0,-0.02127659574468085,0.20709348378818943,0.2311906796815258,-0.024097195893336424,-0.3377452216561834,0.5521,1.0,9999,within_state_lower_higher_label_swap,fixed_node_edge_count_expected_occurrence,0.8800847545219637,4,4,21
motif_43a7c652c5ba4862,47,10.0,11.0,-0.02127659574468085,0.2111316030168084,0.23341893192607036,-0.022287328909262032,-0.31251898505432857,0.5523,1.0,9999,within_state_lower_higher_label_swap,fixed_node_edge_count_expected_occurrence,0.8800847545219637,4,5,21
motif_561797d764dd3072,47,10.0,11.0,-0.02127659574468085,0.2111316030168084,0.23341893192607036,-0.022287328909262032,-0.31251898505432857,0.5523,1.0,9999,within_state_lower_higher_label_swap,fixed_node_edge_count_expected_occurrence,0.8800847545219637,4,5,21
motif_64e9b535d46d64dd,47,10.0,11.0,-0.02127659574468085,0.21228790237612244,0.23391072547249758,-0.021622823096375195,-0.30331589114957597,0.5529,1.0,9999,within_state_lower_higher_label_swap,fixed_node_edge_count_expected_occurrence,0.8800847545219637,4,6,21
motif_6b99f87c7a88300a,47,10.0,11.0,-0.02127659574468085,0.20709348378818943,0.2311906796815258,-0.02409719589333642,-0.31216261995733324,0.5864,1.0,9999,within_state_lower_higher_label_swap,fixed_node_edge_count_expected_occurrence,0.8800847545219637,5,4,21
motif_756512b4fa9723fa,47,11.0,10.0,0.02127659574468085,0.22837007953287022,0.2099140839368449,0.018455995596025298,0.259849826618688,0.9996,1.0,9999,within_state_lower_higher_label_swap,fixed_node_edge_count_expected_occurrence,0.9998999999999999,5,4,21
motif_8b4b2fe1bc4dac47,47,7.0,14.0,-0.14893617021276595,0.1432636965541468,0.2950204669155683,-0.15175677036142152,-1.7692239607064126,0.049,0.9822,9999,within_state_lower_higher_label_swap,fixed_node_edge_count_expected_occurrence,0.3439615384615385,5,4,21
motif_91dd0c300eec0e6a,47,9.0,12.0,-0.06382978723404255,0.1858168880435085,0.2524672754262066,-0.06665038738269811,-0.9423452426995469,0.2245,1.0,9999,within_state_lower_higher_label_swap,fixed_node_edge_count_expected_occurrence,0.6346735751295337,5,4,21
motif_9e3f191e99760e38,47,7.0,14.0,-0.14893617021276595,0.1432636965541468,0.2950204669155683,-0.15175677036142152,-1.7692239607064126,0.049,0.9822,9999,within_state_lower_higher_label_swap,fixed_node_edge_count_expected_occurrence,0.3439615384615385,5,4,21
motif_de75556f4a6d0d32,47,11.0,10.0,0.02127659574468085,0.22837007953287022,0.20991408393684494,0.01845599559602529,0.2860116834399109,0.9992,1.0,9999,within_state_lower_higher_label_swap,fixed_node_edge_count_expected_occurrence,0.9998999999999999,5,4,21
motif_f2b1e51d13a5dd59,47,14.0,7.0,0.14893617021276595,0.29219986676691284,0.14608429670280237,0.1461155700641104,1.8282326942449474,0.1145,0.976,9999,within_state_lower_higher_label_swap,fixed_node_edge_count_expected_occurrence,0.49758045112781957,5,4,21
motif_f7cc5c20fba39429,47,10.0,11.0,-0.02127659574468085,0.20709348378818943,0.2311906796815258,-0.02409719589333641,-0.29046760900539903,0.6038,1.0,9999,within_state_lower_higher_label_swap,fixed_node_edge_count_expected_occurrence,0.8800847545219637,5,4,21
motif_fd643b6352520f0a,47,11.0,10.0,0.02127659574468085,0.22837007953287022,0.2099140839368449,0.018455995596025298,0.259849826618688,0.9996,1.0,9999,within_state_lower_higher_label_swap,fixed_node_edge_count_expected_occurrence,0.9998999999999999,5,4,21
motif_435f8c9612b8295a,47,9.0,12.0,-0.06382978723404255,0.18985500727212748,0.25469552767075126,-0.06484052039862372,-0.9165880143288523,0.2246,1.0,9999,within_state_lower_higher_label_swap,fixed_node_edge_count_expected_occurrence,0.6346735751295337,5,5,21
motif_4cddcff2e83d0e6e,47,10.0,11.0,-0.02127659574468085,0.2111316030168084,0.23341893192607036,-0.022287328909262032,-0.31251898505432857,0.5523,1.0,9999,within_state_lower_higher_label_swap,fixed_node_edge_count_expected_occurrence,0.8800847545219637,5,5,21
motif_50b72c034294f2b7,47,11.0,10.0,0.02127659574468085,0.23240819876148927,0.21214233618138958,0.02026586258009967,0.2847003084204612,0.9994,1.0,9999,within_state_lower_higher_label_swap,fixed_node_edge_count_expected_occurrence,0.9998999999999999,5,5,21
motif_be9378f64da8d7b5,47,10.0,11.0,-0.02127659574468085,0.2111316030168084,0.23341893192607036,-0.02228732890926203,-0.345636746670496,0.5112,1.0,9999,within_state_lower_higher_label_swap,fixed_node_edge_count_expected_occurrence,0.8795885714285715,5,5,21
motif_bf4ee698a85dda5c,47,10.0,11.0,-0.02127659574468085,0.21113160301680842,0.23341893192607036,-0.02228732890926206,-0.26802164016184943,0.604,1.0,9999,within_state_lower_higher_label_swap,fixed_node_edge_count_expected_occurrence,0.8800847545219637,5,5,21
motif_ff504e978e810527,47,10.0,11.0,-0.02127659574468085,0.2111316030168084,0.23341893192607036,-0.022287328909262032,-0.31251898505432857,0.5523,1.0,9999,within_state_lower_higher_label_swap,fixed_node_edge_count_expected_occurrence,0.8800847545219637,5,5,21
motif_31b8f3aa403ee8c6,47,10.0,11.0,-0.02127659574468085,0.21228790237612244,0.23391072547249758,-0.021622823096375195,-0.30331589114957597,0.5529,1.0,9999,within_state_lower_higher_label_swap,fixed_node_edge_count_expected_occurrence,0.8800847545219637,5,6,21
motif_986ec0f4f4126cc8,47,10.0,11.0,-0.02127659574468085,0.21228790237612244,0.23391072547249758,-0.021622823096375195,-0.30331589114957597,0.5529,1.0,9999,within_state_lower_higher_label_swap,fixed_node_edge_count_expected_occurrence,0.8800847545219637,5,6,21
motif_be307ea30f83fb0c,47,10.0,11.0,-0.02127659574468085,0.21228790237612244,0.23391072547249758,-0.021622823096375195,-0.30331589114957597,0.5529,1.0,9999,within_state_lower_higher_label_swap,fixed_node_edge_count_expected_occurrence,0.8800847545219637,5,6,21
motif_3a1d9a86aeb5f4f8,47,10.0,11.0,-0.02127659574468085,0.21262470086042098,0.23401563511868723,-0.021390934258266308,-0.3001279630402683,0.5531,1.0,9999,within_state_lower_higher_label_swap,fixed_node_edge_count_expected_occurrence,0.8800847545219637,5,7,21
motif_05f070b10dcbe41e,47,7.0,13.0,-0.1276595744680851,0.1288800923635164,0.26395123926049224,-0.13507114689697564,-1.891890483551259,0.0373,0.9575,9999,within_state_lower_higher_label_swap,fixed_node_edge_count_expected_occurrence,0.319271875,4,3,20
motif_4cb433188dfc828f,47,8.0,12.0,-0.0851063829787234,0.15015668810819732,0.2426746435158114,-0.09251795540761397,-1.2657591789852505,0.1439,0.9999,9999,within_state_lower_higher_label_swap,fixed_node_edge_count_expected_occurrence,0.5276423841059602,4,3,20
motif_8eae1a827fa96a7e,47,8.0,12.0,-0.0851063829787234,0.16454029229882763,0.2524672754262066,-0.08792698312737897,-1.198333579987208,0.1439,1.0,9999,within_state_lower_higher_label_swap,fixed_node_edge_count_expected_occurrence,0.5276423841059602,4,4,20
motif_4070e95c02ddad03,47,7.0,13.0,-0.1276595744680851,0.1432636965541468,0.27374387117088744,-0.1304801746167407,-1.816249148433301,0.0374,0.9767,9999,within_state_lower_higher_label_swap,fixed_node_edge_count_expected_occurrence,0.319271875,5,4,20
motif_915459203636bcf0,47,8.0,12.0,-0.0851063829787234,0.16454029229882763,0.2524672754262066,-0.08792698312737897,-1.198333579987208,0.1439,1.0,9999,within_state_lower_higher_label_swap,fixed_node_edge_count_expected_occurrence,0.5276423841059602,5,4,20
motif_987d863e22801283,47,7.0,13.0,-0.1276595744680851,0.1432636965541468,0.27374387117088744,-0.1304801746167407,-1.816249148433301,0.0374,0.9767,9999,within_state_lower_higher_label_swap,fixed_node_edge_count_expected_occurrence,0.319271875,5,4,20
motif_23cc6162d1915ee1,47,8.0,12.0,-0.0851063829787234,0.16857841152744665,0.25469552767075126,-0.08611711614330458,-1.1725612168516737,0.1439,1.0,9999,within_state_lower_higher_label_swap,fixed_node_edge_count_expected_occurrence,0.5276423841059602,5,5,20
motif_2f6cad489931cdf0,47,10.0,10.0,0.0,0.2111316030168084,0.2121423361813895,-0.0010107331645811742,-0.016600443425455896,0.7307,1.0,9999,within_state_lower_higher_label_swap,fixed_node_edge_count_expected_occurrence,0.8996979674796747,5,5,20
motif_817c90b1554ba0f0,47,9.0,11.0,-0.0425531914893617,0.18985500727212748,0.23341893192607036,-0.043563924653942876,-0.6428798150212996,0.3432,1.0,9999,within_state_lower_higher_label_swap,fixed_node_edge_count_expected_occurrence,0.7690600823045267,5,5,20
motif_c0283d0dd0a2df5e,47,10.0,10.0,0.0,0.2111316030168084,0.2121423361813895,-0.0010107331645811742,-0.016600443425455896,0.7307,1.0,9999,within_state_lower_higher_label_swap,fixed_node_edge_count_expected_occurrence,0.8996979674796747,5,5,20
motif_ecb1c7bc59bf9182,47,10.0,10.0,0.0,0.2111316030168084,0.2121423361813895,-0.0010107331645811742,-0.016600443425455896,0.7307,1.0,9999,within_state_lower_higher_label_swap,fixed_node_edge_count_expected_occurrence,0.8996979674796747,5,5,20
motif_21aaa6da34876534,47,10.0,10.0,0.0,0.21228790237612244,0.21263412972781673,-0.0003462273516943326,-0.0056888383520534895,0.732,1.0,9999,within_state_lower_higher_label_swap,fixed_node_edge_count_expected_occurrence,0.8996979674796747,5,6,20
motif_a2c157ac518ee3be,47,9.0,11.0,-0.0425531914893617,0.19101130663144159,0.23391072547249758,-0.04289941884105604,-0.6332455582221485,0.3439,1.0,9999,within_state_lower_higher_label_swap,fixed_node_edge_count_expected_occurrence,0.7690600823045267,5,6,20
motif_a51efb246032f35d,47,7.0,12.0,-0.10638297872340426,0.0765527616591447,0.20064474532559642,-0.12409198366645173,-1.6730856529608935,0.0926,0.9928,9999,within_state_lower_higher_label_swap,fixed_node_edge_count_expected_occurrence,0.4648504504504505,3,2,19
motif_27d0f2ddf19119ae,47,7.0,12.0,-0.10638297872340426,0.1288800923635164,0.24267464351581142,-0.11379455115229473,-1.409971561430441,0.122,0.9995,9999,within_state_lower_higher_label_swap,fixed_node_edge_count_expected_occurrence,0.49758045112781957,4,3,19
motif_386af288f6bc33e7,47,7.0,12.0,-0.10638297872340426,0.1288800923635164,0.24267464351581128,-0.11379455115229485,-1.5137747840173477,0.0926,0.999,9999,within_state_lower_higher_label_swap,fixed_node_edge_count_expected_occurrence,0.4648504504504505,4,3,19
motif_51687645c020d39b,47,7.0,12.0,-0.10638297872340426,0.1288800923635164,0.24267464351581128,-0.11379455115229485,-1.5137747840173477,0.0926,0.999,9999,within_state_lower_higher_label_swap,fixed_node_edge_count_expected_occurrence,0.4648504504504505,4,3,19
motif_552754589ce397ca,47,7.0,12.0,-0.10638297872340426,0.1288800923635164,0.24267464351581142,-0.11379455115229473,-1.409971561430441,0.122,0.9995,9999,within_state_lower_higher_label_swap,fixed_node_edge_count_expected_occurrence,0.49758045112781957,4,3,19
motif_eed2570155f0d8ca,47,9.0,10.0,-0.02127659574468085,0.17143328385287815,0.2001214520264496,-0.02868816817357143,-0.5046350025505733,0.4573,1.0,9999,within_state_lower_higher_label_swap,fixed_node_edge_count_expected_occurrence,0.8210761589403973,4,3,19
motif_1bdf46431e951ea7,47,7.0,12.0,-0.10638297872340426,0.1432636965541468,0.2524672754262066,-0.10920357887205984,-1.3411991661222753,0.1221,0.9997,9999,within_state_lower_higher_label_swap,fixed_node_edge_count_expected_occurrence,0.49758045112781957,4,4,19
motif_93b19383de3aeaeb,47,9.0,10.0,-0.02127659574468085,0.1858168880435085,0.20991408393684494,-0.024097195893336424,-0.4235730748058304,0.4575,1.0,9999,within_state_lower_higher_label_swap,fixed_node_edge_count_expected_occurrence,0.8210761589403973,4,4,19
motif_163d77e74764a311,47,8.0,11.0,-0.06382978723404255,0.16454029229882763,0.2311906796815258,-0.06665038738269813,-0.9432617690657638,0.2251,1.0,9999,within_state_lower_higher_label_swap,fixed_node_edge_count_expected_occurrence,0.6346735751295337,5,4,19
motif_1ee766cd045d008b,47,9.0,10.0,-0.02127659574468085,0.1858168880435085,0.20991408393684494,-0.024097195893336424,-0.4235730748058304,0.4575,1.0,9999,within_state_lower_higher_label_swap,fixed_node_edge_count_expected_occurrence,0.8210761589403973,5,4,19
motif_218d3fe939fce32f,47,9.0,10.0,-0.02127659574468085,0.1858168880435085,0.20991408393684494,-0.024097195893336424,-0.4235730748058304,0.4575,1.0,9999,within_state_lower_higher_label_swap,fixed_node_edge_count_expected_occurrence,0.8210761589403973,5,4,19
motif_40fb75c9b40ab08f,47,7.0,12.0,-0.10638297872340426,0.1432636965541468,0.2524672754262066,-0.10920357887205984,-1.3411991661222753,0.1221,0.9997,9999,within_state_lower_higher_label_swap,fixed_node_edge_count_expected_occurrence,0.49758045112781957,5,4,19
motif_41a3669f830877a0,47,9.0,10.0,-0.02127659574468085,0.1858168880435085,0.20991408393684494,-0.024097195893336424,-0.4235730748058304,0.4575,1.0,9999,within_state_lower_higher_label_swap,fixed_node_edge_count_expected_occurrence,0.8210761589403973,5,4,19
motif_76777e96d0813e38,47,7.0,12.0,-0.10638297872340426,0.1432636965541468,0.2524672754262066,-0.10920357887205981,-1.4434020772735234,0.0926,0.9993,9999,within_state_lower_higher_label_swap,fixed_node_edge_count_expected_occurrence,0.4648504504504505,5,4,19
motif_a0be1cf96934a506,47,6.0,13.0,-0.14893617021276595,0.12198710080946594,0.27374387117088744,-0.15175677036142154,-2.047583467948228,0.0238,0.9117,9999,within_state_lower_higher_label_swap,fixed_node_edge_count_expected_occurrence,0.2866577777777778,5,4,19
motif_cb36a7f38fcceac4,47,7.0,12.0,-0.10638297872340426,0.1432636965541468,0.2524672754262066,-0.10920357887205984,-1.3411991661222753,0.1221,0.9997,9999,within_state_lower_higher_label_swap,fixed_node_edge_count_expected_occurrence,0.49758045112781957,5,4,19
motif_fba9e661c7a0ef63,47,7.0,12.0,-0.10638297872340426,0.1432636965541468,0.2524672754262066,-0.10920357887205982,-1.3363452419467257,0.1234,0.9997,9999,within_state_lower_higher_label_swap,fixed_node_edge_count_expected_occurrence,0.49912537313432837,5,4,19
motif_00e7451086a38d80,47,9.0,10.0,-0.02127659574468085,0.18985500727212754,0.21214233618138953,-0.02228732890926202,-0.39189085233216114,0.4575,1.0,9999,within_state_lower_higher_label_swap,fixed_node_edge_count_expected_occurrence,0.8210761589403973,5,5,19
motif_1cfc59c930135712,47,8.0,11.0,-0.06382978723404255,0.16857841152744665,0.23341893192607036,-0.06484052039862374,-0.8434791112711998,0.2735,1.0,9999,within_state_lower_higher_label_swap,fixed_node_edge_count_expected_occurrence,0.7066647619047619,5,5,19
motif_53c16c417891981b,47,7.0,12.0,-0.10638297872340426,0.1473018157827658,0.25469552767075126,-0.10739371188798542,-1.3147690841061983,0.1221,0.9998,9999,within_state_lower_higher_label_swap,fixed_node_edge_count_expected_occurrence,0.49758045112781957,5,5,19
motif_67f890c9aaf1afb3,47,8.0,11.0,-0.06382978723404255,0.16857841152744665,0.23341893192607036,-0.06484052039862373,-0.8434490684741828,0.2683,1.0,9999,within_state_lower_higher_label_swap,fixed_node_edge_count_expected_occurrence,0.7066647619047619,5,5,19
motif_849b9f981358deed,47,9.0,10.0,-0.02127659574468085,0.18985500727212754,0.21214233618138953,-0.02228732890926202,-0.39189085233216114,0.4575,1.0,9999,within_state_lower_higher_label_swap,fixed_node_edge_count_expected_occurrence,0.8210761589403973,5,5,19
motif_948576f4e777ae04,47,9.0,10.0,-0.02127659574468085,0.18985500727212754,0.21214233618138953,-0.02228732890926202,-0.39189085233216114,0.4575,1.0,9999,within_state_lower_higher_label_swap,fixed_node_edge_count_expected_occurrence,0.8210761589403973,5,5,19
motif_af15f6193d606e4e,47,9.0,10.0,-0.02127659574468085,0.18985500727212748,0.2121423361813895,-0.022287328909262022,-0.34551810139026246,0.5024,1.0,9999,within_state_lower_higher_label_swap,fixed_node_edge_count_expected_occurrence,0.8750173076923077,5,5,19
motif_f3d8d555b798c814,47,8.0,11.0,-0.06382978723404255,0.16857841152744665,0.23341893192607038,-0.06484052039862373,-0.9168687651318098,0.2251,1.0,9999,within_state_lower_higher_label_swap,fixed_node_edge_count_expected_occurrence,0.6346735751295337,5,5,19
motif_21f073533e4c17fc,47,9.0,10.0,-0.02127659574468085,0.19101130663144159,0.21263412972781673,-0.02162282309637519,-0.3353714809331752,0.5031,1.0,9999,within_state_lower_higher_label_swap,fixed_node_edge_count_expected_occurrence,0.8750173076923077,5,6,19
motif_a1e996ad2b5dec2f,47,8.0,11.0,-0.06382978723404255,0.16973471088676073,0.23391072547249758,-0.06417601458573688,-0.834080574263091,0.2736,1.0,9999,within_state_lower_higher_label_swap,fixed_node_edge_count_expected_occurrence,0.7066647619047619,5,6,19
motif_cfd1705d4a75fb9e,47,9.0,10.0,-0.02127659574468085,0.19101130663144159,0.21263412972781673,-0.02162282309637519,-0.3353714809331752,0.5031,1.0,9999,within_state_lower_higher_label_swap,fixed_node_edge_count_expected_occurrence,0.8750173076923077,5,6,19
motif_efa8d0c48c92575e,47,9.0,10.0,-0.02127659574468085,0.19134810511574005,0.21273903937400634,-0.021390934258266298,-0.33186261841144554,0.5037,1.0,9999,within_state_lower_higher_label_swap,fixed_node_edge_count_expected_occurrence,0.8750173076923077,5,7,19
