motif_id,null_model,observed_support_count,null_support_mean,null_support_standard_deviation,null_support_025,null_support_975,density_null_z,density_null_p_upper
motif_7343187d61f58156,fixed_node_edge_count,77,5.93,2.261462848294042,2.0,11.0,31.426560933164296,0.000999000999000999
motif_1edae9dffc70a727,fixed_node_edge_count,74,6.022,2.3282905611063547,2.0,11.0,29.196527759704647,0.000999000999000999
motif_05b3bb80d20cacfe,fixed_node_edge_count,73,5.906,2.2284815750035127,2.0,10.0,30.107495952661953,0.000999000999000999
motif_abe15baf9aebb8d4,fixed_node_edge_count,73,5.99,2.3124115652814208,2.0,11.0,28.978405490652733,0.000999000999000999
motif_1c7c35aa2acba71b,fixed_node_edge_count,72,5.911,2.3393485314402223,2.0,11.0,28.251027630890142,0.000999000999000999
motif_2f435833caec9e2b,fixed_node_edge_count,69,6.006,2.3258059621071956,2.0,11.0,27.08480459088987,0.000999000999000999
motif_06f133d1c67fa8e4,fixed_node_edge_count,69,1.472,1.185166916776127,0.0,4.0,56.977628251460686,0.000999000999000999
motif_65eb65a7562a1bcb,fixed_node_edge_count,69,1.512,1.199706337107251,0.0,4.0,56.253766369800154,0.000999000999000999
motif_144e36faf313d657,fixed_node_edge_count,68,1.551,1.2127942405329373,0.0,4.0,54.79000293635989,0.000999000999000999
motif_bfbc51aaa402bef0,fixed_node_edge_count,68,1.554,1.2249835038010068,0.0,4.024999999999977,54.242363096175914,0.000999000999000999
motif_0627f8d8deb4fba4,fixed_node_edge_count,67,5.831,2.309496216228286,2.0,11.0,26.48586283457831,0.000999000999000999
motif_e040651df1ee4832,fixed_node_edge_count,66,6.034,2.2578622504355557,2.0,11.0,26.558750423517726,0.000999000999000999
motif_5611ddee26c3f8a2,fixed_node_edge_count,66,1.487,1.1887994970743536,0.0,4.0,54.26735135636168,0.000999000999000999
motif_e515cabc007964a7,fixed_node_edge_count,64,5.955,2.327314201261055,2.0,11.0,24.940766471733095,0.000999000999000999
motif_a192df3ab4dfeb21,fixed_node_edge_count,64,1.485,1.2104710819512543,0.0,4.0,51.64518255093473,0.000999000999000999
motif_58b9069656f5bf7c,fixed_node_edge_count,64,0.401,0.62975836286277,0.0,2.0,100.98952828651645,0.000999000999000999
motif_9136b5cad501c9c7,fixed_node_edge_count,63,5.958,2.3870345481232422,2.0,11.0,23.896595901742657,0.000999000999000999
motif_2c556de84cb4e746,fixed_node_edge_count,63,1.519,1.1904016364471495,0.0,4.0,51.64727443041413,0.000999000999000999
motif_4b3b17f7e5440be0,fixed_node_edge_count,62,5.903,2.4090235354587954,2.0,11.0,23.286198401260698,0.000999000999000999
motif_2f11035ec8a07441,fixed_node_edge_count,62,1.498,1.186340340460278,0.0,4.0,50.998855839738496,0.000999000999000999
motif_5ae0b065c6d1e840,fixed_node_edge_count,62,1.539,1.2190016263176002,0.0,4.0,49.59878534587567,0.000999000999000999
motif_6315d36b8c285cde,fixed_node_edge_count,62,0.36,0.5989647391614632,0.0,2.0,102.91089937329963,0.000999000999000999
motif_212edb45a5b61006,fixed_node_edge_count,61,6.036,2.3341277069072595,2.0,11.0,23.547983187615642,0.000999000999000999
motif_726f3861dd21cc38,fixed_node_edge_count,61,5.947,2.3553638230088207,2.0,11.0,23.37345910733801,0.000999000999000999
motif_4074b843a40a8667,fixed_node_edge_count,61,1.507,1.2326680293049195,0.0,4.0,48.26360267780052,0.000999000999000999
motif_52dd6e9ed5d3313a,fixed_node_edge_count,60,1.496,1.1659088057577043,0.0,4.0,50.17888166817579,0.000999000999000999
motif_e5793275baa46474,fixed_node_edge_count,60,1.52,1.1970935773919404,0.0,4.0,48.85165295716315,0.000999000999000999
motif_99e10474d9641594,fixed_node_edge_count,60,0.373,0.5815575717065425,0.0,2.0,102.52983178437258,0.000999000999000999
motif_fad3706020dd7d19,fixed_node_edge_count,60,0.391,0.648490200033536,0.0,2.0,91.919662004017,0.000999000999000999
motif_2411af643dc47294,fixed_node_edge_count,59,0.354,0.5890933975449323,0.0,2.0,99.55297452731484,0.000999000999000999
motif_c03e15a1bea6ea46,fixed_node_edge_count,59,0.364,0.6015528786946883,0.0,2.0,97.47439016040363,0.000999000999000999
motif_329c5520ea9f137f,fixed_node_edge_count,58,5.896,2.2667867836041182,2.0,11.0,22.985840740237734,0.000999000999000999
motif_857e39d6361c69c4,fixed_node_edge_count,58,5.845,2.3593519325318035,2.0,11.0,22.10564658916012,0.000999000999000999
motif_795694a86aef5c38,fixed_node_edge_count,58,1.537,1.2133025604123253,0.0,4.0,46.53661983603807,0.000999000999000999
motif_48c393c748427b13,fixed_node_edge_count,58,1.63,1.2651880100209125,0.0,4.024999999999977,44.554642909608546,0.000999000999000999
motif_7a01626f3ff4e596,fixed_node_edge_count,58,1.547,1.222818991628069,0.0,4.0,46.166276764182506,0.000999000999000999
motif_292d9b9a4fb005aa,fixed_node_edge_count,58,0.377,0.5976857269738267,0.0,2.0,96.41019920578323,0.000999000999000999
motif_b7d6452102fa13a0,fixed_node_edge_count,58,0.415,0.6520737689864594,0.0,2.0,88.31056045929641,0.000999000999000999
motif_67cab77b48831591,fixed_node_edge_count,57,5.905,2.329678604958716,2.0,11.0,21.932209829821332,0.000999000999000999
motif_971292dd18d037f2,fixed_node_edge_count,57,1.519,1.237404610533743,0.0,4.0,44.83658742476221,0.000999000999000999
motif_cb84fd61ebf8f384,fixed_node_edge_count,57,1.518,1.2430692745061336,0.0,4.0,44.63307165406592,0.000999000999000999
motif_e0af2d1455e23c50,fixed_node_edge_count,57,1.567,1.2779452821400938,0.0,4.0,43.376661563451194,0.000999000999000999
motif_eedbe58232b2165f,fixed_node_edge_count,57,1.503,1.2179796691548201,0.0,4.0,45.56479997610342,0.000999000999000999
motif_394a686a6740f667,fixed_node_edge_count,57,0.397,0.6211093114555374,0.0,2.0,91.13210662927241,0.000999000999000999
motif_db33a8dd2fbd76cd,fixed_node_edge_count,57,0.393,0.6252535021428837,0.0,2.0,90.53447890494839,0.000999000999000999
motif_eeb4d747c66beaa4,fixed_node_edge_count,56,5.996,2.277096653453511,2.0,11.0,21.95954217585032,0.000999000999000999
motif_e867f6bd35d65ed5,fixed_node_edge_count,56,1.554,1.2110122008264637,0.0,4.0,44.959084609422554,0.000999000999000999
motif_55909787035f2b7d,fixed_node_edge_count,56,0.408,0.6324048829159508,0.0,2.0,87.90570962019028,0.000999000999000999
motif_daeb8129eeb1418a,fixed_node_edge_count,56,0.399,0.6373422983022556,0.0,2.0,87.23883562743167,0.000999000999000999
motif_9ff7fa6a2454292d,fixed_node_edge_count,56,0.08,0.27870715397649415,0.0,1.0,200.64070549375361,0.000999000999000999
motif_022aef1c1df514fd,fixed_node_edge_count,55,1.574,1.1907736736852852,0.0,4.0,44.86662846236236,0.000999000999000999
motif_f39afc6a70122d9e,fixed_node_edge_count,54,5.91,2.3408074203956613,2.0,11.0,20.544193247589526,0.000999000999000999
motif_1cc5c04e6b29c149,fixed_node_edge_count,54,1.476,1.2243050775533613,0.0,4.0,42.901071769598005,0.000999000999000999
motif_294c7240155eb509,fixed_node_edge_count,54,1.52,1.199599532777102,0.0,4.0,43.74793301103371,0.000999000999000999
motif_34710843320b2fac,fixed_node_edge_count,54,1.546,1.1921850969146142,0.0,4.0,43.99820139989288,0.000999000999000999
motif_4d469c53f6e01433,fixed_node_edge_count,54,1.507,1.199745969107792,0.0,4.0,43.75342893549137,0.000999000999000999
motif_e2e373750f40345c,fixed_node_edge_count,54,1.52,1.220282380881202,0.0,4.0,43.006439183447554,0.000999000999000999
motif_c8639dca025e0856,fixed_node_edge_count,54,0.398,0.6308676517257793,0.0,2.0,84.96552304333287,0.000999000999000999
motif_09058bc7eec93ac2,fixed_node_edge_count,54,0.41,0.6498633104909959,0.0,2.0,82.46349522257344,0.000999000999000999
motif_29d0f405b61cb8e4,fixed_node_edge_count,54,0.384,0.6363559923100791,0.0,2.0,84.25472636057832,0.000999000999000999
motif_65bcc7505246fac6,fixed_node_edge_count,54,0.366,0.5936298479662235,0.0,2.0,90.34923055798178,0.000999000999000999
motif_ece794950718732c,fixed_node_edge_count,54,0.365,0.614941585155169,0.0,2.0,87.21966654193051,0.000999000999000999
motif_684a163fba0cf367,fixed_node_edge_count,53,5.939,2.3333931781257427,2.0,11.0,20.16848272343066,0.000999000999000999
motif_37830cccbe20e8cf,fixed_node_edge_count,53,1.527,1.1630234836939557,0.0,4.0,44.25791974252592,0.000999000999000999
motif_e233cf1dfe3768b5,fixed_node_edge_count,53,1.533,1.2289920347265952,0.0,4.0,41.87740729454726,0.000999000999000999
motif_ed5e4d011e2b456c,fixed_node_edge_count,53,1.491,1.1727294207507053,0.0,4.0,43.92232265054567,0.000999000999000999
motif_0b0d398a14e5f2a3,fixed_node_edge_count,53,0.365,0.5831938915276087,0.0,2.0,90.25300292862931,0.000999000999000999
motif_7efc4f61929ef0b8,fixed_node_edge_count,53,0.421,0.6451164043606173,0.0,2.0,81.50312043624388,0.000999000999000999
motif_8543fd62cd4a1170,fixed_node_edge_count,53,0.389,0.6148634458618055,0.0,2.0,85.56534032732961,0.000999000999000999
motif_8da5991d298f106b,fixed_node_edge_count,53,0.427,0.6380267063987798,0.0,2.0,82.399372115218,0.000999000999000999
motif_e0b714267ead3086,fixed_node_edge_count,53,0.379,0.6162294529951817,0.0,2.0,85.39189378929514,0.000999000999000999
motif_e5b4b238cd487bc9,fixed_node_edge_count,52,0.401,0.6070976590035311,0.0,2.0,84.99291544739737,0.000999000999000999
motif_2ac06cbfd625bf4e,fixed_node_edge_count,52,0.086,0.29443282882635685,0.0,1.0,176.31865375520516,0.000999000999000999
motif_4fafa389d6f3cf6a,fixed_node_edge_count,51,1.537,1.22724778962406,0.0,4.0,40.30400414504058,0.000999000999000999
motif_a3bae32cb507520e,fixed_node_edge_count,51,1.53,1.1800391910832821,0.0,4.0,41.922336456119126,0.000999000999000999
motif_6156682426cc8896,fixed_node_edge_count,51,0.391,0.6135922876760194,0.0,2.0,82.47985024662154,0.000999000999000999
motif_2f49498d56eb193d,fixed_node_edge_count,51,0.394,0.6286168619748908,0.0,2.0,80.5037266118092,0.000999000999000999
motif_4351f61c6294e968,fixed_node_edge_count,51,0.424,0.6454770643800138,0.0,2.0,78.35444943125698,0.000999000999000999
motif_f219a667fad3d6dc,fixed_node_edge_count,51,0.378,0.6094977337837166,0.0,2.0,83.05527189698046,0.000999000999000999
motif_f36a38d96b0a0951,fixed_node_edge_count,50,1.517,1.247103149810093,0.0,4.0,38.876495506713226,0.000999000999000999
motif_1e95a6dab5da9df2,fixed_node_edge_count,50,0.411,0.632834480318105,0.0,2.0,78.36014241049769,0.000999000999000999
motif_2ad1cf6160fe23c7,fixed_node_edge_count,50,0.387,0.6337449271060305,0.0,2.0,78.28543926427258,0.000999000999000999
motif_40a677a453ac6467,fixed_node_edge_count,50,0.37,0.5843299080497644,0.0,2.0,84.93489605151834,0.000999000999000999
motif_7148880977761506,fixed_node_edge_count,50,0.412,0.6485959271200173,0.0,2.0,76.45438080406593,0.000999000999000999
motif_77a83db3cef85faa,fixed_node_edge_count,50,0.395,0.6255928119522831,0.0,2.0,79.29279085735979,0.000999000999000999
motif_d0038ba3c8704588,fixed_node_edge_count,50,0.405,0.6223844168697972,0.0,2.0,79.68547838879338,0.000999000999000999
motif_3c069e7c4f04b0c0,fixed_node_edge_count,50,0.094,0.29875282969915856,0.0,1.0,167.04779014228885,0.000999000999000999
motif_9f155f3c63b0ae66,fixed_node_edge_count,50,0.104,0.3213833960976968,0.0,1.0,155.25382022172732,0.000999000999000999
motif_1bd7b111855e755d,fixed_node_edge_count,49,1.541,1.200733426186162,0.0,4.0,39.52500943589285,0.000999000999000999
motif_2de10e214c2ecf82,fixed_node_edge_count,49,1.543,1.2131045390330684,0.0,4.0,39.12028887290014,0.000999000999000999
motif_bac9340a022e2595,fixed_node_edge_count,49,1.59,1.2543817096376515,0.0,4.0,37.79551282973916,0.000999000999000999
motif_ec1808fd0b66f7a0,fixed_node_edge_count,49,1.511,1.206372386261528,0.0,4.0,39.365125180928096,0.000999000999000999
motif_5d8278297502c784,fixed_node_edge_count,49,0.412,0.6218059525628902,0.0,2.0,78.1401332678393,0.000999000999000999
motif_508757ac2e89a6f3,fixed_node_edge_count,49,0.405,0.6537602025226041,0.0,2.0,74.33153595537165,0.000999000999000999
motif_6448517953121ee6,fixed_node_edge_count,49,0.386,0.6143137483252238,0.0,2.0,79.13545827768657,0.000999000999000999
motif_eba470805227f98f,fixed_node_edge_count,49,0.351,0.5693181211968575,0.0,2.0,85.45134642425734,0.000999000999000999
motif_f86305e1294efd83,fixed_node_edge_count,49,0.379,0.6064047548681729,0.0,2.0,80.1791206445434,0.000999000999000999
motif_8d08924ed3622983,fixed_node_edge_count,49,0.115,0.34913736107282883,0.0,1.0,140.0165248708595,0.000999000999000999
motif_5b961f2be4f41e18,fixed_node_edge_count,48,1.517,1.2535079905139306,0.0,4.0,37.082332423698595,0.000999000999000999
motif_042d5c92b6ddeb0e,fixed_node_edge_count,48,0.413,0.6267565905707124,0.0,2.0,75.92580710905362,0.000999000999000999
motif_8288677f41522d3e,fixed_node_edge_count,48,0.423,0.6652168920837096,0.0,2.0,71.52103406600355,0.000999000999000999
motif_de554d8eb3595187,fixed_node_edge_count,48,0.404,0.6173857506981856,0.0,2.0,77.09280615267669,0.000999000999000999
motif_e1b45ea8e38bda1d,fixed_node_edge_count,48,0.096,0.2947386484173231,0.0,1.0,162.53043249412033,0.000999000999000999
motif_e7b678b80985a50a,fixed_node_edge_count,47,1.479,1.2128602681389271,0.0,4.0,37.53194097935921,0.000999000999000999
motif_a23b58bb6552ca3b,fixed_node_edge_count,47,0.393,0.626852410016858,0.0,2.0,74.35083483007841,0.000999000999000999
motif_2cdb329eb88af463,fixed_node_edge_count,47,0.391,0.6233037040700969,0.0,2.0,74.777351226455,0.000999000999000999
motif_627e0dce19fa9636,fixed_node_edge_count,47,0.402,0.623526089899042,0.0,2.0,74.73303965122759,0.000999000999000999
motif_1f4787323fa6b30a,fixed_node_edge_count,47,0.11,0.32249651781686645,0.0,1.0,145.39691875565322,0.000999000999000999
motif_7611ddb360618444,fixed_node_edge_count,47,0.107,0.3156749129257025,0.0,1.0,148.54838975131602,0.000999000999000999
motif_b8f74c60dd14740c,fixed_node_edge_count,46,0.373,0.5849899257365164,0.0,2.0,77.996214964821,0.000999000999000999
motif_8e4c0f6b5f4dcf4c,fixed_node_edge_count,46,0.092,0.3027005576929584,0.0,1.0,151.6614318450195,0.000999000999000999
motif_fb71835b862676ea,fixed_node_edge_count,46,0.415,0.6581855423877175,0.0,2.0,69.25858601304134,0.000999000999000999
motif_34712bfa3ca77994,fixed_node_edge_count,45,5.961,2.3603071940004052,2.0,11.0,16.539796217726266,0.000999000999000999
motif_130e8d015ee1c8e6,fixed_node_edge_count,45,1.524,1.207013206589265,0.0,4.0,36.019489896761726,0.000999000999000999
motif_165c840f51ada343,fixed_node_edge_count,45,0.412,0.6361294370335809,0.0,2.0,70.09265316807878,0.000999000999000999
motif_0145829533663255,fixed_node_edge_count,45,0.41,0.6421154976422131,0.0,2.0,69.44233578496429,0.000999000999000999
motif_3ca241df6e5e399b,fixed_node_edge_count,45,0.388,0.6114162492360132,0.0,2.0,72.96502187461375,0.000999000999000999
motif_472d9dc1836bab98,fixed_node_edge_count,45,0.385,0.6092176508819703,0.0,2.0,73.23326882504213,0.000999000999000999
motif_5bad6588e3c14b16,fixed_node_edge_count,45,0.393,0.6188165591949952,0.0,2.0,72.08436706675765,0.000999000999000999
motif_ebb94316f5d3356b,fixed_node_edge_count,45,0.403,0.6457615721053819,0.0,2.0,69.06109302013749,0.000999000999000999
motif_290c1bbabab0f535,fixed_node_edge_count,45,0.097,0.29946732823578853,0.0,1.0,149.94290116564963,0.000999000999000999
motif_5d4a3de6daa53094,fixed_node_edge_count,45,0.092,0.3092436444482436,0.0,1.0,145.2188292507205,0.000999000999000999
motif_a32ef714ca7c1caf,fixed_node_edge_count,45,0.092,0.2960128774624899,0.0,1.0,151.70961609834237,0.000999000999000999
motif_5665f6ba7fc7cdc0,fixed_node_edge_count,44,1.525,1.2763244117402122,0.0,5.0,33.279156622952314,0.000999000999000999
motif_4b20edf7a84d17a9,fixed_node_edge_count,44,0.375,0.6330685395561652,0.0,2.0,68.91039006706103,0.000999000999000999
motif_4b7f33281feedeaf,fixed_node_edge_count,44,0.379,0.6178517142006998,0.0,2.0,70.60108274755126,0.000999000999000999
motif_57abb9a1ba9ef16c,fixed_node_edge_count,44,0.399,0.6559186147909096,0.0,2.0,66.47318587520024,0.000999000999000999
motif_0c0cba279f8eaafe,fixed_node_edge_count,44,0.111,0.34175399894631225,0.0,1.0,128.4227840356441,0.000999000999000999
motif_3a44a0047355a92b,fixed_node_edge_count,44,0.101,0.3269646860226729,0.0,1.0,134.2622059097718,0.000999000999000999
motif_72376cc605a69c03,fixed_node_edge_count,44,0.097,0.31255189759252805,0.0,1.0,140.46627244361213,0.000999000999000999
motif_7ed0d1a35df795fc,fixed_node_edge_count,44,0.092,0.3092436444482437,0.0,1.0,141.98513304401516,0.000999000999000999
motif_396f8c618dc38f26,fixed_node_edge_count,44,0.022,0.14675672910479318,0.0,0.0,299.66598648159464,0.000999000999000999
motif_904ccc169bdd8cf0,fixed_node_edge_count,43,5.999,2.414711127615442,2.0,11.0,15.323157944999807,0.000999000999000999
motif_94bb9d085649fe12,fixed_node_edge_count,43,6.054,2.360223433205988,2.0,11.0,15.65360273955705,0.000999000999000999
motif_738262c87e2a834c,fixed_node_edge_count,43,1.536,1.2305357443886866,0.0,4.0,33.69589236970824,0.000999000999000999
motif_5bf36971a980c4ca,fixed_node_edge_count,43,0.416,0.6552658799093414,0.0,2.0,64.98736055949024,0.000999000999000999
motif_b8b1456b837147f2,fixed_node_edge_count,43,0.424,0.6423679916034396,0.0,2.0,66.27976573634125,0.000999000999000999
motif_cebe0606f15d5cc0,fixed_node_edge_count,43,0.421,0.6278161778364342,0.0,2.0,67.82080727313333,0.000999000999000999
motif_d398da6c713f53b7,fixed_node_edge_count,43,0.396,0.6046069380593867,0.0,2.0,70.4656154571208,0.000999000999000999
motif_a328587a896f8edc,fixed_node_edge_count,43,0.104,0.3150924995668488,0.0,1.0,136.1378009916715,0.000999000999000999
motif_2f35404608f3f2ef,fixed_node_edge_count,43,0.023,0.1499783100768029,0.0,0.0,286.55476900621005,0.000999000999000999
motif_2aa95981fc3e8f36,fixed_node_edge_count,42,5.959,2.4280062220295537,2.0,11.0,14.843866408988678,0.000999000999000999
motif_61367486903318cd,fixed_node_edge_count,42,5.873,2.3290116563244774,2.0,11.0,15.511730008691204,0.000999000999000999
motif_24fa1a057d5acded,fixed_node_edge_count,42,1.453,1.1675419282210584,0.0,4.0,34.728517254862105,0.000999000999000999
motif_d9bff20e093a1be3,fixed_node_edge_count,42,1.494,1.1980815495613875,0.0,4.0,33.809050823651425,0.000999000999000999
motif_a5f0aedaba53c141,fixed_node_edge_count,42,0.377,0.6125734619180376,0.0,2.0,67.94776885971132,0.000999000999000999
motif_2d9dea63090b7772,fixed_node_edge_count,42,0.416,0.6239658110291982,0.0,2.0,66.64467710403783,0.000999000999000999
motif_5ded3e44b292b50e,fixed_node_edge_count,42,0.383,0.6038838263074064,0.0,2.0,68.91557314008092,0.000999000999000999
motif_752a9ee5cce96695,fixed_node_edge_count,42,0.402,0.6330851418228048,0.0,2.0,65.7068019006564,0.000999000999000999
motif_f31ec24997c9f33d,fixed_node_edge_count,42,0.421,0.6543601356953086,0.0,2.0,63.54146246366166,0.000999000999000999
motif_825fab86668eb8ff,fixed_node_edge_count,42,0.101,0.30478171187243286,0.0,1.0,137.47215914823963,0.000999000999000999
motif_9346ea0f68c7424e,fixed_node_edge_count,42,0.103,0.3170039297729488,0.0,1.0,132.1655540043568,0.000999000999000999
motif_fc5100af43da23a5,fixed_node_edge_count,41,5.905,2.402029297228644,2.0,11.0,14.610562843879993,0.000999000999000999
motif_08f3fda7af28ee0d,fixed_node_edge_count,41,1.476,1.186098997061733,0.0,4.0,33.32268225326127,0.000999000999000999
motif_ba42a46d0a454734,fixed_node_edge_count,41,1.468,1.1976687398485462,0.0,4.0,33.00745747526073,0.000999000999000999
motif_f436a966bfb8a0f7,fixed_node_edge_count,41,1.552,1.1994726902829973,0.0,4.0,32.8877850405188,0.000999000999000999
motif_60b43b9090a793bc,fixed_node_edge_count,41,0.388,0.6179302855806978,0.0,2.0,65.72262429544946,0.000999000999000999
motif_b0af780cd01e57bf,fixed_node_edge_count,41,0.377,0.5875510328611627,0.0,2.0,69.13952614835951,0.000999000999000999
motif_f5528311f24310da,fixed_node_edge_count,41,0.39,0.6018822661137836,0.0,2.0,67.47166727840231,0.000999000999000999
motif_fd2c20ed817a1487,fixed_node_edge_count,41,0.378,0.632072397368776,0.0,2.0,64.2679543816553,0.000999000999000999
motif_9ce65289eb9b60cb,fixed_node_edge_count,41,0.102,0.3125599041682923,0.0,1.0,130.84851721089345,0.000999000999000999
motif_67b3ff2f437cc158,fixed_node_edge_count,40,5.925,2.34112277675816,2.0,11.0,14.554982053177461,0.000999000999000999
motif_e744486a4774c589,fixed_node_edge_count,40,5.942,2.3422472376165175,2.0,11.0,14.54073654267924,0.000999000999000999
motif_2f1cad9346e74372,fixed_node_edge_count,40,1.542,1.2632623764807638,0.0,4.0,30.44339854966433,0.000999000999000999
motif_1890479618ebbd5a,fixed_node_edge_count,40,0.367,0.6005594655582988,0.0,2.0,65.99346488220935,0.000999000999000999
motif_a79cab0e1b2c2fbf,fixed_node_edge_count,40,0.426,0.631603453856071,0.0,2.0,62.65640214345324,0.000999000999000999
motif_8772d8cec906d3dc,fixed_node_edge_count,39,6.055,2.3080949508853164,2.0,11.0,14.273676213954404,0.000999000999000999
motif_2768109c9ad0c060,fixed_node_edge_count,39,1.562,1.2139314764967637,0.0,4.0,30.84029100888036,0.000999000999000999
motif_d1f6be288fa1eb5b,fixed_node_edge_count,39,1.581,1.2070194264782603,0.0,4.0,31.001158041986123,0.000999000999000999
motif_1ad6eca41bc12d2a,fixed_node_edge_count,39,0.367,0.6121157453339053,0.0,2.0,63.1138804948171,0.000999000999000999
motif_280c39cdcfcace26,fixed_node_edge_count,39,0.422,0.672583354215948,0.0,2.0,57.35794642876885,0.000999000999000999
motif_87cc0947b79bd1a4,fixed_node_edge_count,39,0.404,0.6474590359267507,0.0,2.0,59.61149332753539,0.000999000999000999
motif_a286a547b110eed9,fixed_node_edge_count,39,0.392,0.6440114523444033,0.0,2.0,59.949244472990024,0.000999000999000999
motif_aeb7b3cc0e77bf78,fixed_node_edge_count,39,0.397,0.6194955809162568,0.0,2.0,62.31360027282962,0.000999000999000999
motif_c297aea309bced17,fixed_node_edge_count,39,0.419,0.6602082057009555,0.0,2.0,58.437625686639,0.000999000999000999
motif_ef33fbd9d0acc07e,fixed_node_edge_count,39,0.348,0.5926611571946048,0.0,2.0,65.21770413124666,0.000999000999000999
motif_f3686eff0a11ab0b,fixed_node_edge_count,39,0.383,0.6266607564733098,0.0,2.0,61.62345352105153,0.000999000999000999
motif_5bfc4a225f2f79e3,fixed_node_edge_count,39,0.105,0.3194950345108302,0.0,1.0,121.7389812006031,0.000999000999000999
motif_a1bf96e5bcfd11c0,fixed_node_edge_count,39,0.101,0.317647445920628,0.0,1.0,122.4596655806887,0.000999000999000999
motif_a74b93da382c579d,fixed_node_edge_count,39,0.107,0.3124878376011584,0.0,1.0,124.46244403803261,0.000999000999000999
motif_bc3158d22549bb20,fixed_node_edge_count,39,0.115,0.3433553449313044,0.0,1.0,113.25002093029826,0.000999000999000999
motif_bc9fa3f671bd8fbc,fixed_node_edge_count,39,0.099,0.3119235423886692,0.0,1.0,124.7132540945813,0.000999000999000999
motif_0993068cca98bb75,fixed_node_edge_count,39,0.025,0.15620307103062683,0.0,0.024999999999977263,249.51494066565533,0.000999000999000999
motif_e390ceeffbb5a40b,fixed_node_edge_count,38,1.517,1.2145724293701778,0.0,4.0,30.037731071269604,0.000999000999000999
motif_49217163f0dffbc8,fixed_node_edge_count,38,1.563,1.2472315689504394,0.0,4.0,29.21430222509696,0.000999000999000999
motif_589b182e5642be3c,fixed_node_edge_count,38,1.568,1.2316220576511625,0.0,4.0,29.580503023370493,0.000999000999000999
motif_8d85dc8910d4a0d4,fixed_node_edge_count,38,1.484,1.2004937255917632,0.0,4.0,30.417485090977923,0.000999000999000999
motif_91f8b80b46fb6115,fixed_node_edge_count,38,1.551,1.1793175101683961,0.0,4.0,30.906858997451334,0.000999000999000999
motif_a25aafa6bbcffed2,fixed_node_edge_count,38,1.535,1.2133619605242436,0.0,4.0,30.052862366185423,0.000999000999000999
motif_15072348c6870401,fixed_node_edge_count,37,5.938,2.442564660786302,1.9750000000000014,11.0,12.716961191930382,0.000999000999000999
motif_029c13843bbf61d1,fixed_node_edge_count,37,1.531,1.2085112740473298,0.0,4.0,29.34933315203057,0.000999000999000999
motif_37475eace4a84e41,fixed_node_edge_count,37,1.524,1.2541917704230945,0.0,4.0,28.285945448384158,0.000999000999000999
motif_39ec7fe0f96a2be6,fixed_node_edge_count,37,1.555,1.2500150149248332,0.0,4.0,28.355659393524487,0.000999000999000999
motif_54c504eb0430ba25,fixed_node_edge_count,37,1.447,1.1809257324597338,0.0,4.0,30.10604225377251,0.000999000999000999
motif_a314b9317c488409,fixed_node_edge_count,37,1.566,1.2382153193920604,0.0,4.0,28.61699370461464,0.000999000999000999
motif_f4bfcdb57c53a8e9,fixed_node_edge_count,37,1.546,1.2318284788887626,0.0,4.0,28.781604425953194,0.000999000999000999
motif_a60a2225f65ee9fa,fixed_node_edge_count,37,0.338,0.5848915267791971,0.0,2.0,62.68170818251621,0.000999000999000999
motif_d15afefdf81c9369,fixed_node_edge_count,37,0.406,0.6225363857250041,0.0,2.0,58.782106297903745,0.000999000999000999
motif_07019d963bc595b3,fixed_node_edge_count,37,0.41,0.6311087848368874,0.0,2.0,57.97732638035903,0.000999000999000999
motif_4215b9a5488b5aa2,fixed_node_edge_count,37,0.363,0.6029880551010928,0.0,2.0,60.75908086414365,0.000999000999000999
motif_9aa9557464dbe999,fixed_node_edge_count,37,0.414,0.6236930278534417,0.0,2.0,58.660267737668455,0.000999000999000999
motif_c965da534d6c6b89,fixed_node_edge_count,37,0.368,0.5906986752354597,0.0,2.0,62.014698078335854,0.000999000999000999
motif_e188e11aa9d19f55,fixed_node_edge_count,37,0.381,0.6149936725017664,0.0,2.0,59.543702053121244,0.000999000999000999
motif_e5a69fb349d827dd,fixed_node_edge_count,37,0.389,0.6197282170944453,0.0,2.0,59.07589648192598,0.000999000999000999
motif_ab039606710983b0,fixed_node_edge_count,37,0.072,0.2662459143102233,0.0,1.0,138.69884199226578,0.000999000999000999
motif_5c6c6345350ffc64,fixed_node_edge_count,36,1.575,1.2505754431216634,0.0,4.0,27.5273276709072,0.000999000999000999
motif_6a6b5b0ababd7fc9,fixed_node_edge_count,36,1.479,1.1878425695225647,0.0,4.0,29.061932015010367,0.000999000999000999
motif_b462ae70ca309b24,fixed_node_edge_count,36,1.546,1.2479749362232573,0.0,4.0,27.60792624911846,0.000999000999000999
motif_fbbeca09a9cbe02e,fixed_node_edge_count,36,0.42,0.6434392077065376,0.0,2.0,55.296599234014145,0.000999000999000999
motif_0e63e1f3da53f70b,fixed_node_edge_count,36,0.411,0.6248755631879647,0.0,2.0,56.95373942682842,0.000999000999000999
motif_5a1d60dbf66e3db1,fixed_node_edge_count,36,0.4,0.63277199716834,0.0,2.0,56.260391040232975,0.000999000999000999
motif_5bf76cb491ac43d3,fixed_node_edge_count,36,0.397,0.632290115999599,0.0,2.0,56.308012886955495,0.000999000999000999
motif_68738de32e9c0312,fixed_node_edge_count,36,0.41,0.6452257870825618,0.0,2.0,55.15898575740894,0.000999000999000999
motif_82337625a556d562,fixed_node_edge_count,36,0.407,0.6178452336408602,0.0,2.0,57.60827803146804,0.000999000999000999
motif_9737518e452322bd,fixed_node_edge_count,36,0.376,0.5958011236805263,0.0,2.0,59.79176370117405,0.000999000999000999
motif_a11a2373437f53ac,fixed_node_edge_count,36,0.382,0.6119235658564302,0.0,2.0,58.20661596869554,0.000999000999000999
motif_b958f616b5f82bc4,fixed_node_edge_count,36,0.41,0.6182898044463275,0.0,2.0,57.562003681866464,0.000999000999000999
motif_ebed88d2a144263b,fixed_node_edge_count,36,0.123,0.3434952532262862,0.0,1.0,104.44685818224428,0.000999000999000999
motif_b7999bf61588abbf,fixed_node_edge_count,35,1.544,1.2608146785525818,0.0,4.0,26.535224065131896,0.000999000999000999
motif_e153f64de5d09b33,fixed_node_edge_count,35,1.491,1.205558946038044,0.0,4.0,27.795405699674973,0.000999000999000999
motif_66d789541717095f,fixed_node_edge_count,35,0.412,0.6329744518198623,0.0,2.0,54.643595646800875,0.000999000999000999
motif_f5e851e8a26bb0d0,fixed_node_edge_count,35,0.387,0.6209803673358859,0.0,2.0,55.73928230371567,0.000999000999000999
motif_0dede2e6fa5a899a,fixed_node_edge_count,35,0.393,0.6171968340261728,0.0,2.0,56.07125327304006,0.000999000999000999
motif_138711240361b16d,fixed_node_edge_count,35,0.418,0.6524581991987756,0.0,2.0,53.002629199030686,0.000999000999000999
motif_2640c36f9d12e013,fixed_node_edge_count,35,0.402,0.6138181919532656,0.0,2.0,56.36522418780673,0.000999000999000999
motif_30a6e62e9c0d1251,fixed_node_edge_count,35,0.423,0.6576499855572846,0.0,2.0,52.57659964927981,0.000999000999000999
motif_4f19d2064be25086,fixed_node_edge_count,35,0.418,0.6385011226957178,0.0,2.0,54.16122034992928,0.000999000999000999
motif_9299e8337472a50e,fixed_node_edge_count,35,0.425,0.6624302331670989,0.0,2.0,52.19417573182897,0.000999000999000999
motif_a6141d4b71e71270,fixed_node_edge_count,35,0.378,0.5995627368970441,0.0,2.0,57.74541656671574,0.000999000999000999
motif_0f41a99567ec9bba,fixed_node_edge_count,35,0.105,0.3257009073998434,0.0,1.0,107.13817249873827,0.000999000999000999
motif_2365c8970a548362,fixed_node_edge_count,35,0.086,0.29443282882635685,0.0,1.0,118.58052697170768,0.000999000999000999
motif_564f9cbbae11e040,fixed_node_edge_count,35,0.109,0.33649997359915723,0.0,1.0,103.687972473848,0.000999000999000999
motif_632e37d2fe836c60,fixed_node_edge_count,35,0.122,0.3453045543215921,0.0,1.0,101.00648706624676,0.000999000999000999
motif_a789c00a2ba82862,fixed_node_edge_count,34,6.023,2.262651230435344,2.0,11.0,12.364698378466885,0.000999000999000999
motif_26c1177b7e91b833,fixed_node_edge_count,34,1.55,1.2078737346920663,0.0,4.0,26.865390866598123,0.000999000999000999
motif_561aab0d2e3fcfbf,fixed_node_edge_count,34,1.556,1.2191596902581532,0.0,4.0,26.61177223890177,0.000999000999000999
motif_865a7e1db6e3d015,fixed_node_edge_count,34,1.523,1.2566025823823792,0.0,4.0,25.845084560010378,0.000999000999000999
motif_e7b47efe0af02072,fixed_node_edge_count,34,1.595,1.2257558800501365,0.0,4.0,26.436748562588626,0.000999000999000999
motif_204392044e79cf6a,fixed_node_edge_count,34,0.392,0.6424552503861619,0.0,2.0,52.311814682499936,0.000999000999000999
motif_5d4f727711085252,fixed_node_edge_count,34,0.406,0.6176937311852414,0.0,2.0,54.38617603507041,0.000999000999000999
motif_aa915ce5086e7958,fixed_node_edge_count,34,0.425,0.6440417609051388,0.0,2.0,52.131712628096615,0.000999000999000999
motif_1ccba954f9a8e8c0,fixed_node_edge_count,34,0.417,0.6492553677348615,0.0,2.0,51.7254098601683,0.000999000999000999
motif_2d48a4fd368d5657,fixed_node_edge_count,34,0.436,0.6483242432026776,0.0,2.0,51.7703916703718,0.000999000999000999
motif_58108fef281175a5,fixed_node_edge_count,34,0.417,0.6764381483687666,0.0,2.0,49.64681557506114,0.000999000999000999
motif_594088dea3ed99ad,fixed_node_edge_count,34,0.403,0.6363929572174729,0.0,2.0,52.79285325044693,0.000999000999000999
motif_7d709f8abcdc82e5,fixed_node_edge_count,34,0.409,0.626187760269325,0.0,2.0,53.64365471716091,0.000999000999000999
motif_8182686a0f8422e0,fixed_node_edge_count,34,0.42,0.6603302477064327,0.0,2.0,50.853342121817924,0.000999000999000999
motif_8d50e2fb8f9fbd00,fixed_node_edge_count,34,0.404,0.6333918101658562,0.0,2.0,53.041418377674866,0.000999000999000999
motif_b920e1f8dcf87b42,fixed_node_edge_count,34,0.389,0.6261557881798007,0.0,2.0,53.67833474430583,0.000999000999000999
motif_dc67d5aaeb0b97c0,fixed_node_edge_count,34,0.407,0.6416874338513712,0.0,2.0,52.35103296066863,0.000999000999000999
motif_027ba7efe2fe2e56,fixed_node_edge_count,34,0.114,0.33929208525858695,0.0,1.0,99.87265094667399,0.000999000999000999
motif_4278b35cbcfd2b6b,fixed_node_edge_count,34,0.124,0.35319788893586374,0.0,1.0,95.91223804327848,0.000999000999000999
motif_44f14a83080f71ac,fixed_node_edge_count,34,0.097,0.318892917282109,0.0,1.0,106.3146848445294,0.000999000999000999
motif_857cf1d41f71c8f6,fixed_node_edge_count,34,0.109,0.31815125368324665,0.0,1.0,106.52480418556542,0.000999000999000999
motif_99f25f43459111ca,fixed_node_edge_count,34,0.108,0.3169170813263872,0.0,1.0,106.94279985841231,0.000999000999000999
motif_f548207977f75af1,fixed_node_edge_count,34,0.084,0.291597374866492,0.0,1.0,116.31106080954416,0.000999000999000999
motif_add33857e4b485af,fixed_node_edge_count,34,0.027,0.16216441439877363,0.0,1.0,209.49725700274794,0.000999000999000999
motif_070e91bcc54960a5,fixed_node_edge_count,33,1.511,1.2030487630708597,0.0,4.0,26.1743338812155,0.000999000999000999
motif_567b7af85cfa22f3,fixed_node_edge_count,33,0.429,0.625580011149929,0.0,2.0,52.065282489011466,0.000999000999000999
motif_9549cf95a022f9b4,fixed_node_edge_count,33,0.377,0.6109371851870268,0.0,2.0,53.39828838543047,0.000999000999000999
motif_552be5f9f12c3639,fixed_node_edge_count,33,0.091,0.30465031070361565,0.0,1.0,108.02221052719061,0.000999000999000999
motif_089bbb6e336a32e3,fixed_node_edge_count,33,0.379,0.6162294529951824,0.0,2.0,52.93645060528295,0.000999000999000999
motif_367019b89a849370,fixed_node_edge_count,33,0.411,0.6375621424500462,0.0,2.0,51.11501739229033,0.000999000999000999
motif_3a74636fdbc8b97b,fixed_node_edge_count,33,0.423,0.6453584178481616,0.0,2.0,50.478926281960476,0.000999000999000999
motif_44b052f6015177f9,fixed_node_edge_count,33,0.38,0.6147991362859767,0.0,2.0,53.057979549318446,0.000999000999000999
motif_8dcfc98226e1efc7,fixed_node_edge_count,33,0.408,0.6480400882321694,0.0,2.0,50.29318493074993,0.000999000999000999
motif_91d7797e53fe79ef,fixed_node_edge_count,33,0.41,0.6231278266040472,0.0,2.0,52.300665463153194,0.000999000999000999
motif_971e3dbb7f58e1ea,fixed_node_edge_count,33,0.387,0.6062990999486919,0.0,2.0,53.79028272144866,0.000999000999000999
motif_def29965c110d7de,fixed_node_edge_count,33,0.413,0.6471861014034904,0.0,2.0,50.35182295993641,0.000999000999000999
motif_23a242d75055148a,fixed_node_edge_count,33,0.128,0.3711519281288387,0.0,1.0,88.56750432558464,0.000999000999000999
motif_3be567c2d0a1b7d5,fixed_node_edge_count,33,0.096,0.30475707846886196,0.0,1.0,107.96795981019983,0.000999000999000999
motif_6542648bb13448a0,fixed_node_edge_count,33,0.124,0.3474834452815658,0.0,1.0,94.6117014966298,0.000999000999000999
motif_a244b5d5e3725e95,fixed_node_edge_count,33,0.11,0.32558563544174723,0.0,1.0,101.01797014286454,0.000999000999000999
motif_a97c649fcff5d5d1,fixed_node_edge_count,33,0.119,0.34779298434551714,0.0,1.0,94.54187255063823,0.000999000999000999
motif_deb1cfa3eafe01ec,fixed_node_edge_count,33,0.1,0.30674760650100413,0.0,1.0,107.2543006130752,0.000999000999000999
motif_599a47832de48e0b,fixed_node_edge_count,33,0.017,0.1293357171384917,0.0,0.0,255.01849550717728,0.000999000999000999
motif_0ef225c16706d8fe,fixed_node_edge_count,32,5.932,2.356040518948462,2.0,11.0,11.064325842593979,0.000999000999000999
motif_8173fff60f0d3407,fixed_node_edge_count,32,1.521,1.194565186997339,0.0,4.0,25.514723124162074,0.000999000999000999
motif_9a804183b3321941,fixed_node_edge_count,32,1.49,1.2220447591612102,0.0,4.0,24.96635231343042,0.000999000999000999
motif_e8cc14ed19806fcc,fixed_node_edge_count,32,0.424,0.6623161349859015,0.0,2.0,47.67511816796091,0.000999000999000999
motif_8669434201178897,fixed_node_edge_count,32,0.119,0.34198823949948504,0.0,1.0,93.22250392779371,0.000999000999000999
motif_55f635f51d345c44,fixed_node_edge_count,32,0.382,0.6119235658564309,0.0,2.0,51.66985186417578,0.000999000999000999
motif_72859cdf5403f701,fixed_node_edge_count,32,0.392,0.6055598258658679,0.0,2.0,52.196329165008386,0.000999000999000999
motif_80fca12529cb792b,fixed_node_edge_count,32,0.392,0.6501990147322247,0.0,2.0,48.61280820767978,0.000999000999000999
motif_a60b470ee33da55c,fixed_node_edge_count,32,0.381,0.6133638522241165,0.0,2.0,51.55015230412822,0.000999000999000999
motif_d409f63c308a2d6d,fixed_node_edge_count,32,0.394,0.6443439913424964,0.0,2.0,49.0514390211797,0.000999000999000999
motif_fbe47b283d485aaf,fixed_node_edge_count,32,0.373,0.6084745197962232,0.0,2.0,51.97752571560731,0.000999000999000999
motif_010b3c71bdbcf2a6,fixed_node_edge_count,32,0.087,0.29583528950839866,0.0,1.0,107.87421626754235,0.000999000999000999
motif_0f0ac668f0dc386c,fixed_node_edge_count,32,0.106,0.32383463197883366,0.0,1.0,98.48853967565964,0.000999000999000999
motif_9f061127188bad39,fixed_node_edge_count,32,0.119,0.3563228395233276,0.0,1.0,89.4722326602722,0.000999000999000999
motif_a1fd530b04ced400,fixed_node_edge_count,32,0.113,0.3440194025768774,0.0,1.0,92.68953948861727,0.000999000999000999
motif_b715f164644b06ac,fixed_node_edge_count,32,0.031,0.17340435135563712,0.0,1.0,184.36100218981463,0.000999000999000999
motif_3194408fb9452179,fixed_node_edge_count,31,5.931,2.3840979264541478,2.0,11.0,10.515088210862608,0.000999000999000999
motif_a357866e74d5aac1,fixed_node_edge_count,31,5.82,2.4181495916190694,2.0,11.0,10.412920725529126,0.000999000999000999
motif_041663865fdf67e1,fixed_node_edge_count,31,1.472,1.2364241767066655,0.0,4.0,23.88177177079363,0.000999000999000999
motif_082f79e52f52ff53,fixed_node_edge_count,31,1.48,1.2381975339715108,0.0,4.0,23.841107085163372,0.000999000999000999
motif_c99164990c51b2e9,fixed_node_edge_count,31,1.572,1.2075902758279657,0.0,4.0,24.369192588788565,0.000999000999000999
motif_d1d448d03e415c86,fixed_node_edge_count,31,1.608,1.2376864982166784,0.0,4.0,23.74753222431487,0.000999000999000999
motif_038ad01f2250792b,fixed_node_edge_count,31,0.446,0.6445925065492915,0.0,2.0,47.4004889749111,0.000999000999000999
motif_080cca411daac145,fixed_node_edge_count,31,0.385,0.6141271465683266,0.0,2.0,49.85124036785082,0.000999000999000999
motif_47d78b52f7b40f0b,fixed_node_edge_count,31,0.373,0.5968477420810354,0.0,2.0,51.314594729323275,0.000999000999000999
motif_9a81ed62d65435c3,fixed_node_edge_count,31,0.375,0.6251126024691598,0.0,2.0,48.99117355662478,0.000999000999000999
motif_af254a1c82e36b5f,fixed_node_edge_count,31,0.38,0.6180469092083437,0.0,2.0,49.54316499894993,0.000999000999000999
motif_fe7b90304caa5322,fixed_node_edge_count,31,0.39,0.613413625766722,0.0,2.0,49.90107606713129,0.000999000999000999
motif_03a86f20681e50ea,fixed_node_edge_count,31,0.101,0.3176474459206282,0.0,1.0,97.27451108711529,0.000999000999000999
motif_4fb69e3be74bb949,fixed_node_edge_count,31,0.111,0.3205959790480566,0.0,1.0,96.34868188839577,0.000999000999000999
motif_da6a723978c7cfb8,fixed_node_edge_count,30,1.551,1.2324438802306226,0.0,4.0,23.083404004307642,0.000999000999000999
motif_144357e970631bdc,fixed_node_edge_count,30,0.42,0.6387550453875186,0.0,2.0,46.30883186535844,0.000999000999000999
motif_309e1fd1b1c35d59,fixed_node_edge_count,30,0.365,0.5866166713613911,0.0,2.0,50.51850969599032,0.000999000999000999
motif_4d94dac0da31b256,fixed_node_edge_count,30,0.38,0.6115341151350256,0.0,2.0,48.435564373150235,0.000999000999000999
motif_64c46f0bc8a7853d,fixed_node_edge_count,30,0.417,0.6257016081987489,0.0,2.0,47.27972505163069,0.000999000999000999
motif_747d5d7b30279f2d,fixed_node_edge_count,30,0.413,0.6346919204100784,0.0,2.0,46.61631737943608,0.000999000999000999
motif_810b92e3ea05e188,fixed_node_edge_count,30,0.395,0.6239906765043547,0.0,2.0,47.44461915016032,0.000999000999000999
motif_88f193386373d65c,fixed_node_edge_count,30,0.379,0.6178517142007001,0.0,2.0,47.94192412061197,0.000999000999000999
motif_fff7782cb017e67a,fixed_node_edge_count,30,0.403,0.6316565443261032,0.0,2.0,46.85615983220156,0.000999000999000999
motif_03815a9e83d32c65,fixed_node_edge_count,30,0.132,0.34741430122650113,0.0,1.0,85.9722812059115,0.000999000999000999
motif_2239e63c934728ab,fixed_node_edge_count,30,0.094,0.2987528296991583,0.0,1.0,100.10281753687522,0.000999000999000999
motif_5cc36c8196edf8e4,fixed_node_edge_count,30,0.09,0.29662769255075844,0.0,1.0,100.83347155755476,0.000999000999000999
motif_8a3a45dc361aa47b,fixed_node_edge_count,30,0.094,0.3086409876527425,0.0,1.0,96.89575006689576,0.000999000999000999
motif_8d236ec1aa320a9d,fixed_node_edge_count,30,0.095,0.3163464478622672,0.0,1.0,94.53243493671286,0.000999000999000999
motif_0e5e85a7dddbb60d,fixed_node_edge_count,30,0.023,0.15651036865171475,0.0,0.0,191.533636130577,0.000999000999000999
motif_1ba4c51f0f8fad83,fixed_node_edge_count,30,0.021,0.14345584540052622,0.0,0.0,208.97719375811528,0.000999000999000999
motif_ecd6dde695a866b9,fixed_node_edge_count,29,6.075,2.334700371744907,2.0,11.0,9.819247162267049,0.000999000999000999
motif_c1d59433f9939b77,fixed_node_edge_count,29,1.555,1.2290180981114474,0.0,4.0,22.33083470631796,0.000999000999000999
motif_f972b2865c90f585,fixed_node_edge_count,29,1.512,1.232629455828221,0.0,4.0,22.300294601941367,0.000999000999000999
motif_53e8134231efd6a0,fixed_node_edge_count,29,0.396,0.6225524649148609,0.0,2.0,45.946328401272694,0.000999000999000999
motif_2268a823202931ea,fixed_node_edge_count,29,0.355,0.5807859436249422,0.0,2.0,49.32109723801832,0.000999000999000999
motif_3dca7fe7a9c94f2f,fixed_node_edge_count,29,0.41,0.6342730502727485,0.0,2.0,45.07522428661568,0.000999000999000999
motif_462c4df0c1cacf78,fixed_node_edge_count,29,0.418,0.6615993604242091,0.0,2.0,43.20137187205499,0.000999000999000999
motif_652e84642f661624,fixed_node_edge_count,29,0.403,0.6220755404112769,0.0,2.0,45.970301261312216,0.000999000999000999
motif_7434dae0d646da6b,fixed_node_edge_count,29,0.396,0.6446701479048007,0.0,2.0,44.36997756599083,0.000999000999000999
motif_90e3cc1dcf4e3b79,fixed_node_edge_count,29,0.377,0.6428719034802252,0.0,2.0,44.52364436063809,0.000999000999000999
motif_ace47faad0c74b11,fixed_node_edge_count,29,0.417,0.6523316154660403,0.0,2.0,43.81667134066415,0.000999000999000999
motif_e51d13cc35f9cbc0,fixed_node_edge_count,29,0.394,0.6189888101954242,0.0,2.0,46.21408259540048,0.000999000999000999
motif_ee6ea2d9e15ae257,fixed_node_edge_count,29,0.413,0.6346919204100779,0.0,2.0,45.04074982005409,0.000999000999000999
motif_515f2a2b2aaee61d,fixed_node_edge_count,29,0.103,0.3170039297729491,0.0,1.0,91.15659866014022,0.000999000999000999
motif_73bf87366dc57d10,fixed_node_edge_count,29,0.097,0.3060795398008267,0.0,1.0,94.42970287660481,0.000999000999000999
motif_9aea37b624069e78,fixed_node_edge_count,29,0.123,0.35212923053191236,0.0,1.0,82.00682447287762,0.000999000999000999
motif_c1cb74bf02920d95,fixed_node_edge_count,29,0.11,0.33765961264861877,0.0,1.0,85.5595366392368,0.000999000999000999
motif_cb910122203920e9,fixed_node_edge_count,29,0.091,0.30134666052539516,0.0,1.0,95.932704047881,0.000999000999000999
motif_d9d6a0af6bcd611b,fixed_node_edge_count,29,0.095,0.30342555440678654,0.0,1.0,95.26224663743582,0.000999000999000999
motif_7c9654a7552f1afd,fixed_node_edge_count,29,0.026,0.15921478998305696,0.0,1.0,181.9805810947796,0.000999000999000999
motif_43cc804437a47f43,fixed_node_edge_count,28,1.493,1.159005735229253,0.0,4.0,22.87046491168301,0.000999000999000999
motif_94fda426c64e7b30,fixed_node_edge_count,28,1.477,1.286517052403944,0.0,4.024999999999977,20.616127823910286,0.000999000999000999
motif_ac678f6d8b8171a2,fixed_node_edge_count,28,1.451,1.1344099285028693,0.0,4.0,23.403356523014466,0.000999000999000999
motif_c6162316b5742d5a,fixed_node_edge_count,28,1.524,1.203691352827996,0.0,4.0,21.995671845441382,0.000999000999000999
motif_4625a9fb33fe9a18,fixed_node_edge_count,28,0.375,0.6039368673460329,0.0,2.0,45.74153606716631,0.000999000999000999
motif_47ce3e87e8a12011,fixed_node_edge_count,28,0.38,0.6082515679963139,0.0,2.0,45.408843072916476,0.000999000999000999
motif_65b770a6b0dde937,fixed_node_edge_count,28,0.395,0.6287848363075943,0.0,2.0,43.90214013764154,0.000999000999000999
motif_7887aeea576de116,fixed_node_edge_count,28,0.412,0.6313910473348929,0.0,2.0,43.69399933123725,0.000999000999000999
motif_85897afcde10ae9d,fixed_node_edge_count,28,0.393,0.6220433569598964,0.0,2.0,44.38115075277597,0.000999000999000999
motif_8987799e9536733a,fixed_node_edge_count,28,0.389,0.6403819868555684,0.0,2.0,43.116453252498154,0.000999000999000999
motif_92462db061392ae7,fixed_node_edge_count,28,0.391,0.6152215027918749,0.0,2.0,44.87651987895477,0.000999000999000999
motif_9dd3ef603731eb1d,fixed_node_edge_count,28,0.406,0.6321104045683495,0.0,2.0,43.65376649486282,0.000999000999000999
motif_9f5dccfd505d1842,fixed_node_edge_count,28,0.394,0.6380996561440624,0.0,2.0,43.26283478480273,0.000999000999000999
motif_a352e465397bbb21,fixed_node_edge_count,28,0.397,0.649471179355025,0.0,2.0,42.500731175495595,0.000999000999000999
motif_d08d2b220c27d371,fixed_node_edge_count,28,0.4,0.6437502733315331,0.0,2.0,42.87376820387916,0.000999000999000999
motif_37d31d57d3f9c5b8,fixed_node_edge_count,28,0.101,0.31448036170466354,0.0,1.0,88.71460160110303,0.000999000999000999
motif_4aa6795ac5be2401,fixed_node_edge_count,28,0.113,0.33517658531488403,0.0,1.0,83.2009192223298,0.000999000999000999
motif_4abc84179978fc41,fixed_node_edge_count,28,0.106,0.3238346319788339,0.0,1.0,86.13655627117477,0.000999000999000999
motif_5cefd2032c431627,fixed_node_edge_count,28,0.109,0.3212821536005754,0.0,1.0,86.81154457982956,0.000999000999000999
motif_653dde72c933e69a,fixed_node_edge_count,28,0.104,0.3244831109461497,0.0,1.0,85.97057615312849,0.000999000999000999
motif_9583570644293b3f,fixed_node_edge_count,28,0.112,0.32796884541609345,0.0,1.0,85.03246692416333,0.000999000999000999
motif_bd8eff38223588de,fixed_node_edge_count,28,0.098,0.31383832540735607,0.0,1.0,88.90564899549392,0.000999000999000999
motif_cafa14125e4d3e91,fixed_node_edge_count,28,0.105,0.32875991708704927,0.0,1.0,84.84915146335781,0.000999000999000999
motif_d6947d105949725e,fixed_node_edge_count,28,0.108,0.32317246237951597,0.0,1.0,86.3068585566711,0.000999000999000999
motif_daab14175ce460f2,fixed_node_edge_count,28,0.102,0.30934073720040633,0.0,1.0,90.18534142150921,0.000999000999000999
motif_018c4efb7ab2990c,fixed_node_edge_count,28,0.019,0.1365930366367832,0.0,0.0,204.84938829206015,0.000999000999000999
motif_2e153101d0a11288,fixed_node_edge_count,28,0.026,0.16538243967045194,0.0,0.024999999999977263,169.147341493705,0.000999000999000999
motif_a8e2557395de591b,fixed_node_edge_count,28,0.028,0.1650552732972892,0.0,1.0,169.47050185799426,0.000999000999000999
motif_62be63cfd14a7b5f,fixed_node_edge_count,27,6.049,2.4299184149891606,2.0,11.0,8.62210017865701,0.000999000999000999
motif_731b0357487deaf3,fixed_node_edge_count,27,5.9,2.3120002909483737,2.0,11.0,9.126296429376685,0.000999000999000999
motif_38423b6b2977d305,fixed_node_edge_count,27,1.454,1.1761238316041667,0.0,4.0,21.720501968875755,0.000999000999000999
motif_878918d1010ef59c,fixed_node_edge_count,27,1.546,1.2812203266907407,0.0,5.0,19.86699669817528,0.000999000999000999
motif_b666e4a2a4e21f61,fixed_node_edge_count,27,1.582,1.2069518352994508,0.0,4.0,21.059663904230003,0.000999000999000999
motif_9222964e0f293ccf,fixed_node_edge_count,27,0.389,0.6229502926133546,0.0,2.0,42.71769403681235,0.000999000999000999
motif_1c19ace04bcdb92f,fixed_node_edge_count,27,0.377,0.6125734619180375,0.0,2.0,43.46090984196466,0.000999000999000999
motif_2432ee146ee06e9b,fixed_node_edge_count,27,0.376,0.6074479343886126,0.0,2.0,43.82927077823825,0.000999000999000999
motif_3d50d7469ea2a0a8,fixed_node_edge_count,27,0.382,0.6216610511061958,0.0,2.0,42.81754495095906,0.000999000999000999
motif_5c79379a0133821d,fixed_node_edge_count,27,0.368,0.5974386436555094,0.0,2.0,44.576962476093776,0.000999000999000999
motif_677a13f588cdb059,fixed_node_edge_count,27,0.385,0.6222235628471214,0.0,2.0,42.774014983002544,0.000999000999000999
motif_fd8026f3f9aefe0f,fixed_node_edge_count,27,0.396,0.6431155398508073,0.0,2.0,41.36737234832128,0.000999000999000999
motif_0f1eaadb5b328872,fixed_node_edge_count,27,0.115,0.3374742788552799,0.0,1.0,79.66533061777183,0.000999000999000999
motif_7062164c652c7ad4,fixed_node_edge_count,27,0.101,0.3207832631262111,0.0,1.0,83.85412548601914,0.000999000999000999
motif_8d7eadf530f2600e,fixed_node_edge_count,27,0.11,0.3316775693501313,0.0,1.0,81.07271182879992,0.000999000999000999
motif_e7faaf909e70ba88,fixed_node_edge_count,27,0.116,0.3415562335262862,0.0,1.0,78.71031871514944,0.000999000999000999
motif_fa7f3982b5280d95,fixed_node_edge_count,27,0.112,0.3399581909170201,0.0,1.0,79.09207872730165,0.000999000999000999
motif_5e83cea79dae2573,fixed_node_edge_count,27,0.032,0.17608806605504884,0.0,1.0,153.15063992791673,0.000999000999000999
motif_6ca5865328442749,fixed_node_edge_count,27,0.032,0.181683816034917,0.0,1.0,148.43369425275137,0.000999000999000999
motif_7e70cbb5d1272c31,fixed_node_edge_count,26,1.531,1.2468334265625032,0.0,4.0,19.62491498761032,0.000999000999000999
motif_907bc8e649cc9e30,fixed_node_edge_count,26,1.592,1.2349336261763484,0.0,4.0,19.76462498277988,0.000999000999000999
motif_b366b2840430a16c,fixed_node_edge_count,26,0.423,0.6530677587337266,0.0,2.0,39.164389388312216,0.000999000999000999
motif_1b5f56b34ecdaa6c,fixed_node_edge_count,26,0.395,0.5944142733215004,0.0,2.0,43.076018105896054,0.000999000999000999
motif_26507b4dbd33a9b0,fixed_node_edge_count,26,0.403,0.642653875740285,0.0,2.0,39.8301495817081,0.000999000999000999
motif_3584f99186f55098,fixed_node_edge_count,26,0.346,0.5801901590173848,0.0,2.0,44.21653763215812,0.000999000999000999
motif_5dceed5e09274722,fixed_node_edge_count,26,0.382,0.6086431191153356,0.0,2.0,42.09034686407993,0.000999000999000999
motif_9e18a3296a08a2d2,fixed_node_edge_count,26,0.425,0.64092572563893,0.0,2.0,39.90321963516855,0.000999000999000999
motif_d2fceddc64f9c4b8,fixed_node_edge_count,26,0.406,0.6257440016137219,0.0,2.0,40.901710498216545,0.000999000999000999
motif_181b8ce161b66b8b,fixed_node_edge_count,26,0.101,0.3144803617046637,0.0,1.0,82.35490400612802,0.000999000999000999
motif_87672ea659340518,fixed_node_edge_count,26,0.096,0.3047570784688615,0.0,1.0,84.99884606502006,0.000999000999000999
motif_b38850de34c883b8,fixed_node_edge_count,26,0.109,0.3304969413296131,0.0,1.0,78.33960549177439,0.000999000999000999
motif_1f7ac044c9f83b05,fixed_node_edge_count,26,0.034,0.18131981931625063,0.0,1.0,143.2055254517498,0.000999000999000999
motif_2af20ff912ea7195,fixed_node_edge_count,26,0.023,0.14997831007680304,0.0,0.0,173.2050453608747,0.000999000999000999
motif_5e815e962da809ee,fixed_node_edge_count,26,0.025,0.16248508055018773,0.0,0.0,159.8608309885839,0.000999000999000999
motif_d818811728222c86,fixed_node_edge_count,26,0.03,0.1764401630330569,0.0,1.0,147.1887100622005,0.000999000999000999
motif_c6837bde7d886408,fixed_node_edge_count,26,0.008,0.08912880535463262,0.0,0.0,291.6228922465752,0.000999000999000999
motif_e8e7168a0537a3da,fixed_node_edge_count,26,0.004,0.06315051850925693,0.0,0.0,411.65141021271853,0.000999000999000999
motif_90f0469331adc789,fixed_node_edge_count,25,1.522,1.2161393814012407,0.0,4.0,19.305352954649454,0.000999000999000999
motif_260b9ee8cedf65ab,fixed_node_edge_count,25,1.544,1.228647050040642,0.0,4.0,19.090917932228063,0.000999000999000999
motif_632e6b3a31ce3011,fixed_node_edge_count,25,1.534,1.2133904220473715,0.0,4.0,19.339199958744913,0.000999000999000999
motif_cf36d5d36d17f0d4,fixed_node_edge_count,25,1.521,1.2389891420404369,0.0,4.0,18.95012571404255,0.000999000999000999
motif_e0be9084453e8269,fixed_node_edge_count,25,0.371,0.617851714200694,0.0,2.0,39.862315558778036,0.000999000999000999
motif_9f82584d66042611,fixed_node_edge_count,25,0.4,0.6183707483236802,0.0,2.0,39.78195939359565,0.000999000999000999
motif_d1701f302cafb7b8,fixed_node_edge_count,25,0.384,0.6073820156317686,0.0,2.0,40.528035678494135,0.000999000999000999
motif_fe7681306acbdcba,fixed_node_edge_count,25,0.39,0.6452257870825668,0.0,2.0,38.141686976392904,0.000999000999000999
motif_82cb78c31a4d45f4,fixed_node_edge_count,25,0.101,0.3080485252259653,0.0,1.0,80.82817465766355,0.000999000999000999
motif_c38a1f8d4d13cd58,fixed_node_edge_count,25,0.096,0.3080241530771208,0.0,1.0,80.8508026114586,0.000999000999000999
motif_e9f2800f2f4139b5,fixed_node_edge_count,25,0.1,0.306747606501004,0.0,1.0,81.17422751567092,0.000999000999000999
motif_d73c4c050c515690,fixed_node_edge_count,25,0.027,0.1621644143987734,0.0,1.0,153.9980278200227,0.000999000999000999
motif_aa88697c4878a8d2,fixed_node_edge_count,24,1.517,1.2301317914045709,0.0,4.0,18.276903464407496,0.000999000999000999
motif_b7f95b768d0ed88f,fixed_node_edge_count,24,1.508,1.1880014088153903,0.0,4.0,18.932637480983956,0.000999000999000999
motif_cefbf9695c101b62,fixed_node_edge_count,24,1.601,1.2495440609919894,0.0,4.0,17.925738434719825,0.000999000999000999
motif_daeb4bd8e246a8ce,fixed_node_edge_count,24,1.505,1.210553774286969,0.0,4.0,18.58240458029205,0.000999000999000999
motif_df23103c2dddd8a7,fixed_node_edge_count,24,1.55,1.2235182863353549,0.0,4.0,18.348724535406465,0.000999000999000999
motif_1ef5e2e1bdccc5eb,fixed_node_edge_count,24,0.399,0.6695126938656528,0.0,2.0,35.25101199162009,0.000999000999000999
motif_24eb9a87cdb74628,fixed_node_edge_count,24,0.389,0.6277523979030816,0.0,2.0,37.61196305879391,0.000999000999000999
motif_a0117e3a50871f45,fixed_node_edge_count,24,0.396,0.6209424849127072,0.0,2.0,38.01318249840527,0.000999000999000999
motif_1705651ede59320a,fixed_node_edge_count,24,0.427,0.6504568349199584,0.0,2.0,36.24068306223696,0.000999000999000999
motif_577624a63a62a8a9,fixed_node_edge_count,24,0.39,0.6215193370171901,0.0,2.0,37.987555002406936,0.000999000999000999
motif_7f263166867f6719,fixed_node_edge_count,24,0.413,0.6440852783955283,0.0,2.0,36.62092705915782,0.000999000999000999
motif_86d8105fe5309952,fixed_node_edge_count,24,0.4,0.6102232152027479,0.0,2.0,38.674372609961836,0.000999000999000999
motif_d68985c461e287c9,fixed_node_edge_count,24,0.409,0.6325496969559956,0.0,2.0,37.29509335555203,0.000999000999000999
motif_d740706ea3c34912,fixed_node_edge_count,24,0.403,0.64885438428974,0.0,2.0,36.36717354669669,0.000999000999000999
motif_e93a5794cad1d099,fixed_node_edge_count,24,0.398,0.6434360962908552,0.0,2.0,36.68118735653134,0.000999000999000999
motif_efae6b60f595cdfb,fixed_node_edge_count,24,0.363,0.591253397944218,0.0,2.0,39.97778293061081,0.000999000999000999
motif_0bae3f446a0ef73b,fixed_node_edge_count,24,0.11,0.3224965178168664,0.0,1.0,74.07831923805836,0.000999000999000999
motif_1d705ca0de2416ea,fixed_node_edge_count,24,0.088,0.2972277650966436,0.0,1.0,80.45008847751828,0.000999000999000999
motif_ba7a0a0ed1ab1304,fixed_node_edge_count,24,0.109,0.3212821536005751,0.0,1.0,74.36142883212183,0.000999000999000999
motif_c88f48387ef2b4fe,fixed_node_edge_count,24,0.114,0.3333393392852338,0.0,1.0,71.65670889975901,0.000999000999000999
motif_496bfc724505030e,fixed_node_edge_count,23,1.526,1.2429275396694972,0.0,4.0,17.276952448660104,0.000999000999000999
motif_13987350646e3e50,fixed_node_edge_count,23,0.418,0.6509221917400795,0.0,2.0,34.692318508349835,0.000999000999000999
motif_36015bab6274bff0,fixed_node_edge_count,23,0.412,0.6266168276136925,0.0,2.0,36.04754772708632,0.000999000999000999
motif_2ec7c5deb3b9bc46,fixed_node_edge_count,23,0.11,0.32864571807344306,0.0,1.0,69.64946975175478,0.000999000999000999
motif_0340aaab0dccc1f1,fixed_node_edge_count,23,0.415,0.6597046386150524,0.0,2.0,34.23501773068279,0.000999000999000999
motif_2611ff976d3ff14b,fixed_node_edge_count,23,0.426,0.6685588762188155,0.0,2.0,33.76516385164507,0.000999000999000999
motif_287b8ec85d70fbac,fixed_node_edge_count,23,0.407,0.6306732503830681,0.0,2.0,35.82362179825625,0.000999000999000999
motif_29d831cab5ba7ad5,fixed_node_edge_count,23,0.412,0.626616827613692,0.0,2.0,36.04754772708635,0.000999000999000999
motif_b37ecaf5b25bba35,fixed_node_edge_count,23,0.388,0.6386422033219149,0.0,2.0,35.40636663593959,0.000999000999000999
motif_db3614fd20563588,fixed_node_edge_count,23,0.436,0.6559987304365265,0.0,2.0,34.396408031133014,0.000999000999000999
motif_eb030d5e67232bce,fixed_node_edge_count,23,0.404,0.6075797504469257,0.0,2.0,37.190179533433685,0.000999000999000999
motif_1681ae0e2b76586f,fixed_node_edge_count,23,0.117,0.3484715661749637,0.0,1.0,65.66676372244012,0.000999000999000999
motif_22c34d8dbb9b8983,fixed_node_edge_count,23,0.102,0.3342270301871259,0.0,1.0,68.5103176340344,0.000999000999000999
motif_3a17b4ce682ce2b1,fixed_node_edge_count,23,0.106,0.33297879042796763,0.0,1.0,68.75512993057315,0.000999000999000999
motif_8d6839eb022660a3,fixed_node_edge_count,23,0.027,0.16216441439877335,0.0,1.0,141.66486577941708,0.000999000999000999
motif_1fe91a45ad633b8a,fixed_node_edge_count,22,0.387,0.6095921608769244,0.0,2.0,35.45485225549616,0.000999000999000999
motif_acb44744b5c13899,fixed_node_edge_count,22,0.376,0.6172560287311933,0.0,2.0,35.03246463942916,0.000999000999000999
motif_dfcab8382e621753,fixed_node_edge_count,22,0.373,0.6001926617605665,0.0,2.0,36.03342956003619,0.000999000999000999
motif_0dd4e2d3dd505b69,fixed_node_edge_count,22,0.102,0.32511798120328683,0.0,1.0,67.35401074697194,0.000999000999000999
motif_96ca5d9e76d59355,fixed_node_edge_count,22,0.401,0.6392242232641121,0.0,2.0,33.78939535443076,0.000999000999000999
motif_9ac79cbea8a03df2,fixed_node_edge_count,22,0.429,0.6444954417017766,0.0,2.0,33.46959280742503,0.000999000999000999
motif_c8187ca9fadf7006,fixed_node_edge_count,22,0.374,0.6020685064728841,0.0,2.0,35.91950046796542,0.000999000999000999
motif_cce66e271e34786b,fixed_node_edge_count,22,0.399,0.6165867166742856,0.0,2.0,35.03319065404196,0.000999000999000999
motif_d678613ad78fd8b5,fixed_node_edge_count,22,0.389,0.6033597956800233,0.0,2.0,35.81776604064758,0.000999000999000999
motif_e897bd616681fc9e,fixed_node_edge_count,22,0.403,0.613977172187999,0.0,2.0,35.175574888290846,0.000999000999000999
motif_ecfe11186116dda0,fixed_node_edge_count,22,0.395,0.6413940960021264,0.0,2.0,33.68443852955013,0.000999000999000999
motif_117ce0c6871a8986,fixed_node_edge_count,22,0.113,0.33517658531488387,0.0,1.0,65.2999074486009,0.000999000999000999
motif_4105c9e59ebee4e9,fixed_node_edge_count,22,0.105,0.31316620678654533,0.0,1.0,69.91495099253692,0.000999000999000999
motif_43d3e6a7657c3f65,fixed_node_edge_count,22,0.104,0.3365966388680953,0.0,1.0,65.0511546212455,0.000999000999000999
motif_64f1a25c5b185955,fixed_node_edge_count,22,0.089,0.29182899815502167,0.0,1.0,75.08164075031611,0.000999000999000999
motif_755161c6993a890a,fixed_node_edge_count,22,0.099,0.3275764129272828,0.0,1.0,66.85768308007482,0.000999000999000999
motif_aebb239dc237d823,fixed_node_edge_count,22,0.105,0.3257009073998432,0.0,1.0,67.22425238171301,0.000999000999000999
motif_b943d51a3cad6ccb,fixed_node_edge_count,22,0.105,0.32261289354128286,0.0,1.0,67.86771526599952,0.000999000999000999
motif_d7a3643ee9889ee9,fixed_node_edge_count,22,0.097,0.3125518975925279,0.0,1.0,70.07796199194674,0.000999000999000999
motif_fd5604ec6f39b5d9,fixed_node_edge_count,22,0.115,0.3404275119476871,0.0,1.0,64.28681358562768,0.000999000999000999
motif_dfad82cf69cd5d21,fixed_node_edge_count,22,0.021,0.14345584540052633,0.0,0.0,153.2109056876351,0.000999000999000999
motif_f15c0176afdf4707,fixed_node_edge_count,21,1.519,1.2012835144469745,0.0,4.0,16.216821229723042,0.000999000999000999
motif_b2134e3ae1086107,fixed_node_edge_count,21,0.411,0.6312507247342248,0.0,2.0,32.61620017730447,0.000999000999000999
motif_bd370b73f6308ca4,fixed_node_edge_count,21,0.397,0.6146289683774787,0.0,2.0,33.52103636505874,0.000999000999000999
motif_43a7c652c5ba4862,fixed_node_edge_count,21,0.098,0.3232653716383795,0.0,1.0,64.65895154208476,0.000999000999000999
motif_561797d764dd3072,fixed_node_edge_count,21,0.113,0.3351765853148839,0.0,1.0,62.31640548631273,0.000999000999000999
motif_64e9b535d46d64dd,fixed_node_edge_count,21,0.029,0.16789040230813462,0.0,1.0,124.90886740214758,0.000999000999000999
motif_6b99f87c7a88300a,fixed_node_edge_count,21,0.405,0.6460591245330316,0.0,2.0,31.87788736036499,0.000999000999000999
motif_756512b4fa9723fa,fixed_node_edge_count,21,0.38,0.6387550453875209,0.0,2.0,32.28154540445192,0.000999000999000999
motif_8b4b2fe1bc4dac47,fixed_node_edge_count,21,0.358,0.6117272351385193,0.0,2.0,33.743797585415386,0.000999000999000999
motif_91dd0c300eec0e6a,fixed_node_edge_count,21,0.398,0.6147958799259944,0.0,2.0,33.51030914924146,0.000999000999000999
motif_9e3f191e99760e38,fixed_node_edge_count,21,0.375,0.6022771270252074,0.0,2.0,34.24503285036221,0.000999000999000999
motif_de75556f4a6d0d32,fixed_node_edge_count,21,0.385,0.6141271465683269,0.0,2.0,33.567967342258505,0.000999000999000999
motif_f2b1e51d13a5dd59,fixed_node_edge_count,21,0.438,0.6577146711063945,0.0,2.0,31.26279662488145,0.000999000999000999
motif_f7cc5c20fba39429,fixed_node_edge_count,21,0.412,0.6250173170774114,0.0,2.0,32.93988732387407,0.000999000999000999
motif_fd643b6352520f0a,fixed_node_edge_count,21,0.415,0.6520737689864586,0.0,2.0,31.568514145256902,0.000999000999000999
motif_435f8c9612b8295a,fixed_node_edge_count,21,0.111,0.34175399894631225,0.0,1.0,61.122913160941685,0.000999000999000999
motif_4cddcff2e83d0e6e,fixed_node_edge_count,21,0.108,0.3200600544248499,0.0,1.0,65.27524978880312,0.000999000999000999
motif_50b72c034294f2b7,fixed_node_edge_count,21,0.105,0.32261289354128336,0.0,1.0,64.76802514195285,0.000999000999000999
motif_be9378f64da8d7b5,fixed_node_edge_count,21,0.093,0.31376655247086194,0.0,1.0,66.6323412593238,0.000999000999000999
motif_bf4ee698a85dda5c,fixed_node_edge_count,21,0.099,0.32140675522194867,0.0,1.0,65.02974707412959,0.000999000999000999
motif_ff504e978e810527,fixed_node_edge_count,21,0.107,0.3250486989001123,0.0,1.0,64.2765224740076,0.000999000999000999
motif_31b8f3aa403ee8c6,fixed_node_edge_count,21,0.033,0.1842415396834961,0.0,1.0,113.80169768456494,0.000999000999000999
motif_986ec0f4f4126cc8,fixed_node_edge_count,21,0.029,0.16789040230813462,0.0,1.0,124.90886740214758,0.000999000999000999
motif_be307ea30f83fb0c,fixed_node_edge_count,21,0.025,0.16248508055018762,0.0,0.0,129.08877497538208,0.000999000999000999
motif_3a1d9a86aeb5f4f8,fixed_node_edge_count,21,0.005,0.07056897321046945,0.0,0.0,297.5103511479919,0.000999000999000999
motif_05f070b10dcbe41e,fixed_node_edge_count,20,1.512,1.2447511419578634,0.0,4.024999999999977,14.852768056850552,0.000999000999000999
motif_4cb433188dfc828f,fixed_node_edge_count,20,1.484,1.173508040501268,0.0,4.0,15.778332453598551,0.000999000999000999
motif_8eae1a827fa96a7e,fixed_node_edge_count,20,0.374,0.6053845806514178,0.0,2.0,32.41906158046122,0.000999000999000999
motif_4070e95c02ddad03,fixed_node_edge_count,20,0.373,0.6263092393245268,0.0,2.0,31.33755462583895,0.000999000999000999
motif_915459203636bcf0,fixed_node_edge_count,20,0.397,0.6354484989318877,0.0,2.0,30.849077514464636,0.000999000999000999
motif_987d863e22801283,fixed_node_edge_count,20,0.394,0.6108495208618377,0.0,2.0,32.0962844864611,0.000999000999000999
motif_23cc6162d1915ee1,fixed_node_edge_count,20,0.108,0.3293090409394249,0.0,1.0,60.40526534969641,0.000999000999000999
motif_2f6cad489931cdf0,fixed_node_edge_count,20,0.105,0.32261289354128336,0.0,1.0,61.668335017906294,0.000999000999000999
motif_817c90b1554ba0f0,fixed_node_edge_count,20,0.12,0.3460053752757574,0.0,1.0,57.45575479616797,0.000999000999000999
motif_c0283d0dd0a2df5e,fixed_node_edge_count,20,0.093,0.29400244461132996,0.0,1.0,67.71032134211323,0.000999000999000999
motif_ecb1c7bc59bf9182,fixed_node_edge_count,20,0.096,0.3014545983641219,0.0,1.0,66.02652640898944,0.000999000999000999
motif_21aaa6da34876534,fixed_node_edge_count,20,0.02,0.1400700525437883,0.0,0.0,142.64291072321765,0.000999000999000999
motif_a2c157ac518ee3be,fixed_node_edge_count,20,0.03,0.17644016303305696,0.0,1.0,113.18284712907752,0.000999000999000999
motif_a51efb246032f35d,fixed_node_edge_count,19,5.979,2.4171059971381883,2.0,11.0,5.387020683170966,0.000999000999000999
motif_27d0f2ddf19119ae,fixed_node_edge_count,19,1.524,1.2020269834196264,0.0,4.0,14.538775119908555,0.000999000999000999
motif_386af288f6bc33e7,fixed_node_edge_count,19,1.537,1.2514780050792749,0.0,4.0,13.9539008509333,0.000999000999000999
motif_51687645c020d39b,fixed_node_edge_count,19,1.559,1.2082958987677563,0.0,4.0,14.434378216285157,0.000999000999000999
motif_552754589ce397ca,fixed_node_edge_count,19,1.56,1.1907215534363231,0.0,4.0,14.646581268029973,0.000999000999000999
motif_eed2570155f0d8ca,fixed_node_edge_count,19,1.519,1.2120676994739608,0.0,4.0,14.422461721887963,0.000999000999000999
motif_1bdf46431e951ea7,fixed_node_edge_count,19,0.398,0.6276862193723812,0.0,2.0,29.635826669255223,0.000999000999000999
motif_93b19383de3aeaeb,fixed_node_edge_count,19,0.397,0.6129981784367411,0.0,2.0,30.3475616313267,0.000999000999000999
motif_163d77e74764a311,fixed_node_edge_count,19,0.4,0.6102232152027479,0.0,2.0,30.4806495993767,0.000999000999000999
motif_1ee766cd045d008b,fixed_node_edge_count,19,0.42,0.6387550453875186,0.0,2.0,29.087832862013517,0.000999000999000999
motif_218d3fe939fce32f,fixed_node_edge_count,19,0.399,0.6133312116427565,0.0,2.0,30.3278223036763,0.000999000999000999
motif_40fb75c9b40ab08f,fixed_node_edge_count,19,0.381,0.6051489115954843,0.0,2.0,30.767633624111994,0.000999000999000999
motif_41a3669f830877a0,fixed_node_edge_count,19,0.394,0.6380996561440625,0.0,2.0,29.158454828879208,0.000999000999000999
motif_76777e96d0813e38,fixed_node_edge_count,19,0.399,0.6326129932266611,0.0,2.0,29.403442861843626,0.000999000999000999
motif_a0be1cf96934a506,fixed_node_edge_count,19,0.414,0.6316668449451851,0.0,2.0,29.42373839743458,0.000999000999000999
motif_cb36a7f38fcceac4,fixed_node_edge_count,19,0.422,0.6514141081833795,0.0,2.0,28.51949284888701,0.000999000999000999
motif_fba9e661c7a0ef63,fixed_node_edge_count,19,0.394,0.6206038584710453,0.0,2.0,29.980477475339573,0.000999000999000999
motif_00e7451086a38d80,fixed_node_edge_count,19,0.116,0.3386128447927814,0.0,1.0,55.768705441627034,0.000999000999000999
motif_1cfc59c930135712,fixed_node_edge_count,19,0.11,0.32249651781686695,0.0,1.0,58.57427586466805,0.000999000999000999
motif_53c16c417891981b,fixed_node_edge_count,19,0.092,0.2960128774624896,0.0,1.0,63.87559947420193,0.000999000999000999
motif_67f890c9aaf1afb3,fixed_node_edge_count,19,0.097,0.318892917282109,0.0,1.0,59.276951526889626,0.000999000999000999
motif_849b9f981358deed,fixed_node_edge_count,19,0.113,0.3351765853148831,0.0,1.0,56.349401561736556,0.000999000999000999
motif_948576f4e777ae04,fixed_node_edge_count,19,0.107,0.3311505105849301,0.0,1.0,57.052607186467,0.000999000999000999
motif_af15f6193d606e4e,fixed_node_edge_count,19,0.099,0.3054378697743484,0.0,1.0,61.88165211459762,0.000999000999000999
motif_f3d8d555b798c814,fixed_node_edge_count,19,0.099,0.31192354238867004,0.0,1.0,60.59497739496863,0.000999000999000999
motif_21f073533e4c17fc,fixed_node_edge_count,19,0.032,0.17608806605504912,0.0,1.0,107.7188274307594,0.000999000999000999
motif_a1e996ad2b5dec2f,fixed_node_edge_count,19,0.023,0.14997831007680287,0.0,0.0,126.53162974220744,0.000999000999000999
motif_cfd1705d4a75fb9e,fixed_node_edge_count,19,0.024,0.15312559370479875,0.0,0.0,123.92441747251372,0.000999000999000999
motif_efa8d0c48c92575e,fixed_node_edge_count,19,0.007,0.08341437500789632,0.0,0.0,227.69456701200542,0.000999000999000999
motif_88cfe92387204dc8,fixed_node_edge_count,18,0.397,0.6211093114555382,0.0,2.0,28.341227019682357,0.000999000999000999
motif_9491a0dd792f0196,fixed_node_edge_count,18,0.114,0.33333933928523385,0.0,1.0,53.65703321531815,0.000999000999000999
motif_0eea7689c5f70452,fixed_node_edge_count,18,0.4,0.6151246852292511,0.0,2.0,28.612085358662934,0.000999000999000999
motif_19b146aa052965d1,fixed_node_edge_count,18,0.385,0.6157549465121298,0.0,2.0,28.607159552315508,0.000999000999000999
motif_1e99c7056c3cd49d,fixed_node_edge_count,18,0.403,0.6156053686981418,0.0,2.0,28.584870916921098,0.000999000999000999
motif_267c02faf2d907f0,fixed_node_edge_count,18,0.378,0.5962142831830426,0.0,2.0,29.556487486211235,0.000999000999000999
motif_78ab9ca892e33873,fixed_node_edge_count,18,0.381,0.6133638522241174,0.0,2.0,28.7252010957473,0.000999000999000999
motif_8e4b50e6b9c5c33b,fixed_node_edge_count,18,0.371,0.60805322853244,0.0,2.0,28.99252758273856,0.000999000999000999
motif_99e8c843de8d882e,fixed_node_edge_count,18,0.403,0.6268843465775712,0.0,2.0,28.070568512468885,0.000999000999000999
motif_a1ae62206b8ba733,fixed_node_edge_count,18,0.386,0.5842476746597713,0.0,2.0,30.148173050508543,0.000999000999000999
motif_e3de499b71f201eb,fixed_node_edge_count,18,0.418,0.6585664049355376,0.0,2.0,26.69738369317666,0.000999000999000999
motif_fb2720f36e825503,fixed_node_edge_count,18,0.376,0.6188755989752757,0.0,2.0,28.477451735343156,0.000999000999000999
motif_fcb2309a55e1c264,fixed_node_edge_count,18,0.377,0.6043477775554729,0.0,2.0,29.160362053920835,0.000999000999000999
motif_2df1fc468997b780,fixed_node_edge_count,18,0.1,0.30999370331685316,0.0,1.0,57.7431083550233,0.000999000999000999
motif_3e45758c870619f1,fixed_node_edge_count,18,0.112,0.3340173162690365,0.0,1.0,53.5541097084679,0.000999000999000999
motif_4ab9c1124d55c11e,fixed_node_edge_count,18,0.095,0.30995333692520555,0.0,1.0,57.766759918189344,0.000999000999000999
motif_4d8abc0d6f5be753,fixed_node_edge_count,18,0.117,0.33678542786828547,0.0,1.0,53.0990907569609,0.000999000999000999
motif_5356ddb63baeb1a0,fixed_node_edge_count,18,0.108,0.341251303957145,0.0,1.0,52.4305688872823,0.000999000999000999
motif_5b005ebf29769484,fixed_node_edge_count,18,0.097,0.3060795398008257,0.0,1.0,58.49133206241087,0.000999000999000999
motif_8b2b32ac1e312975,fixed_node_edge_count,18,0.102,0.3189007646552389,0.0,1.0,56.124042284280456,0.000999000999000999
motif_8d40f48fcb3125a8,fixed_node_edge_count,18,0.102,0.318900764655239,0.0,1.0,56.12404228428045,0.000999000999000999
motif_942eea161cd3e9b4,fixed_node_edge_count,18,0.091,0.2877530222287853,0.0,1.0,62.23740018883623,0.000999000999000999
motif_9c0f066e204e2ae7,fixed_node_edge_count,18,0.096,0.3080241530771216,0.0,1.0,58.12531199628778,0.000999000999000999
motif_b290b84d8c29a912,fixed_node_edge_count,18,0.104,0.3213833960976955,0.0,1.0,55.68427061664349,0.000999000999000999
motif_b3ca1057bdd993aa,fixed_node_edge_count,18,0.104,0.3182534921808195,0.0,1.0,56.231904565660436,0.000999000999000999
motif_ca4ca54bdbc7af3a,fixed_node_edge_count,18,0.121,0.35282216977321806,0.0,1.0,50.67425329732541,0.000999000999000999
motif_e1f9610d351f3b68,fixed_node_edge_count,18,0.103,0.3263395432636052,0.0,1.0,54.84165302500118,0.000999000999000999
motif_e7f8a2637fff03ac,fixed_node_edge_count,18,0.115,0.3314888910429536,0.0,1.0,53.95354258698975,0.000999000999000999
motif_f8ae3e548d565a34,fixed_node_edge_count,18,0.102,0.3157462520691169,0.0,1.0,56.68475835488975,0.000999000999000999
motif_2b09bdd59d8c5fd2,fixed_node_edge_count,18,0.03,0.17644016303305726,0.0,1.0,101.84755948470303,0.000999000999000999
motif_6a76264f1b8e1022,fixed_node_edge_count,18,0.03,0.170672578726431,0.0,1.0,105.28932142522962,0.000999000999000999
motif_78b018ef1263d23e,fixed_node_edge_count,18,0.039,0.1936918080779784,0.0,1.0,92.7297864490432,0.000999000999000999
motif_8e098a528736afc1,fixed_node_edge_count,18,0.035,0.1838717183495317,0.0,1.0,97.70398711263121,0.000999000999000999
motif_aea54dd1d68d6aa1,fixed_node_edge_count,18,0.03,0.17644016303305698,0.0,1.0,101.84755948470318,0.000999000999000999
motif_cec4c5befdad2280,fixed_node_edge_count,18,0.028,0.16505527329728942,0.0,1.0,108.88473685799617,0.000999000999000999
motif_e33f6b854d961970,fixed_node_edge_count,18,0.038,0.20148597121535805,0.0,1.0,89.14764582195818,0.000999000999000999
motif_fc46176829791ba1,fixed_node_edge_count,18,0.035,0.1838717183495316,0.0,1.0,97.70398711263127,0.000999000999000999
motif_47dad5662122fb76,fixed_node_edge_count,18,0.008,0.08912880535463265,0.0,0.0,201.86515378964216,0.000999000999000999
motif_8be70ed3d03cf36b,fixed_node_edge_count,17,5.926,2.204400912579964,2.0,10.0,5.023587105595654,0.000999000999000999
motif_14e98797f2dd5952,fixed_node_edge_count,17,1.55,1.226786454524588,0.0,4.0,12.593878863772817,0.000999000999000999
motif_f2e9ca5ad6516eb7,fixed_node_edge_count,17,1.507,1.1624552904530585,0.0,4.0,13.327824413755918,0.000999000999000999
motif_0d549577edd9b883,fixed_node_edge_count,17,0.408,0.64804008823217,0.0,2.0,25.603354331461773,0.000999000999000999
motif_51fdda337b0e40f4,fixed_node_edge_count,17,0.407,0.6354169928123975,0.0,2.0,26.113560366962,0.000999000999000999
motif_52a0b2f4bbb23b94,fixed_node_edge_count,17,0.412,0.6683582143601599,0.0,2.0,24.819026150340967,0.000999000999000999
motif_6d42bdbb4a71b8b3,fixed_node_edge_count,17,0.386,0.6256160127389652,0.0,2.0,26.556225642728396,0.000999000999000999
motif_802a6c2d5883a39a,fixed_node_edge_count,17,0.396,0.6209424849127069,0.0,2.0,26.73999670409767,0.000999000999000999
motif_8532d57fe6419cdc,fixed_node_edge_count,17,0.383,0.6153776805261043,0.0,2.0,27.00292929992788,0.000999000999000999
motif_8ed81f4f7e46fc33,fixed_node_edge_count,17,0.412,0.6266168276136928,0.0,2.0,26.47231812010393,0.000999000999000999
motif_96ecd619dc3c46a8,fixed_node_edge_count,17,0.379,0.6162294529951826,0.0,2.0,26.972096058073248,0.000999000999000999
motif_9fd780027a6921f4,fixed_node_edge_count,17,0.391,0.6103208103051108,0.0,2.0,27.213556738622188,0.000999000999000999
motif_c2fd866a78a4d483,fixed_node_edge_count,17,0.425,0.6409257256389302,0.0,2.0,25.861030907249987,0.000999000999000999
motif_ceb401621b1b58f4,fixed_node_edge_count,17,0.385,0.6075723365527316,0.0,2.0,27.346538017630717,0.000999000999000999
motif_d676c57c1d944424,fixed_node_edge_count,17,0.393,0.6394997732290131,0.0,2.0,25.968734775536532,0.000999000999000999
motif_e9a1ec2826e19932,fixed_node_edge_count,17,0.392,0.6314544597472822,0.0,2.0,26.301184105417164,0.000999000999000999
motif_0c99da1e241f58ee,fixed_node_edge_count,17,0.1,0.31320615909987964,0.0,1.0,53.9580704561135,0.000999000999000999
motif_2864047416dce450,fixed_node_edge_count,17,0.103,0.32633954326360604,0.0,1.0,51.777359957727136,0.000999000999000999
motif_7441d69f4a3677ba,fixed_node_edge_count,17,0.079,0.27719277738757425,0.0,1.0,61.044159084783274,0.000999000999000999
motif_8233cd6d0c428f2e,fixed_node_edge_count,17,0.096,0.3112569370807328,0.0,1.0,54.30882973578672,0.000999000999000999
motif_982005d603aa54fa,fixed_node_edge_count,17,0.096,0.30145459836412164,0.0,1.0,56.07477906036769,0.000999000999000999
motif_a08abd313dd26450,fixed_node_edge_count,17,0.109,0.3481956924492917,0.0,1.0,48.510077425670225,0.000999000999000999
motif_ae603c09fa29e0bd,fixed_node_edge_count,17,0.101,0.3238887214830154,0.0,1.0,52.175327138972875,0.000999000999000999
motif_c8a09e1397dea443,fixed_node_edge_count,17,0.099,0.3151163250266448,0.0,1.0,53.63416191963692,0.000999000999000999
motif_fed0cf2b822c7988,fixed_node_edge_count,17,0.096,0.29811553611456093,0.0,1.0,56.702848232317784,0.000999000999000999
motif_19953f2a0ebbb76b,fixed_node_edge_count,17,0.029,0.16789040230813526,0.0,1.0,101.08380090037855,0.000999000999000999
motif_19a8c435e078d3bf,fixed_node_edge_count,17,0.026,0.15921478998305652,0.0,1.0,106.61069867822177,0.000999000999000999
motif_7559da31aa7a931b,fixed_node_edge_count,17,0.033,0.17872588772459141,0.0,1.0,94.93308560954183,0.000999000999000999
motif_808c9822c2d6cf39,fixed_node_edge_count,17,0.031,0.1734043513556371,0.0,1.0,97.85798261312412,0.000999000999000999
motif_9b5b464292c18af7,fixed_node_edge_count,17,0.037,0.19408417933636044,0.0,1.0,87.40022014160168,0.000999000999000999
motif_b3476efa1e6cab24,fixed_node_edge_count,17,0.027,0.16216441439877338,0.0,1.0,104.66537965760004,0.000999000999000999
motif_8ff5ace76cfeeabc,fixed_node_edge_count,17,0.01,0.0995485304256665,0.0,0.0,170.67052549496486,0.000999000999000999
motif_b97df8977fb14b28,fixed_node_edge_count,17,0.011,0.10435463521037254,0.0,0.0,162.80062659172944,0.000999000999000999
motif_c5044c45d3fbede6,fixed_node_edge_count,17,0.007,0.08341437500789606,0.0,0.0,203.7178843381783,0.000999000999000999
motif_e837885bb041745f,fixed_node_edge_count,17,0.011,0.10435463521037254,0.0,0.0,162.80062659172944,0.000999000999000999
motif_f5e0254eb233c8b3,fixed_node_edge_count,17,0.002,0.0446989708829853,0.0,0.0,380.2772114037709,0.000999000999000999
motif_1b70672a0200c360,fixed_node_edge_count,16,6.001,2.361053488079756,2.0,11.0,4.234973942980082,0.000999000999000999
motif_3f700015cc320b9f,fixed_node_edge_count,16,5.961,2.3377219560811677,2.0,11.0,4.294351590395653,0.000999000999000999
motif_a8d23c336bd382f7,fixed_node_edge_count,16,5.851,2.3779094712485382,2.0,11.0,4.268034642492591,0.001998001998001998
motif_b34b1515d11dff2d,fixed_node_edge_count,16,5.947,2.393725322780562,2.0,11.0,4.199729979178392,0.000999000999000999
motif_4b05d4f2b5167865,fixed_node_edge_count,16,1.554,1.2306902935339186,0.0,4.0,11.738127842479697,0.000999000999000999
motif_6ae867c41be1530a,fixed_node_edge_count,16,1.621,1.2880287333821459,0.0,5.0,11.163570832960515,0.000999000999000999
motif_86d38c7c09294daf,fixed_node_edge_count,16,1.488,1.2105045730278432,0.0,4.0,11.988389241439243,0.000999000999000999
motif_93fb0cdad507103e,fixed_node_edge_count,16,1.5,1.1616149746578466,0.0,4.0,12.482621450598096,0.000999000999000999
motif_b0a4fb709e4b902d,fixed_node_edge_count,16,1.507,1.2334798224829115,0.0,4.0,11.74968551234715,0.000999000999000999
motif_e914423a10596f14,fixed_node_edge_count,16,1.477,1.1835843323869566,0.0,4.0,12.270355058444542,0.000999000999000999
motif_119901c82bb32e02,fixed_node_edge_count,16,0.437,0.6453273955500749,0.0,2.0,24.116440906300205,0.000999000999000999
motif_2cc5efe0d3208595,fixed_node_edge_count,16,0.391,0.6070317022095999,0.0,2.0,25.713648798214532,0.000999000999000999
motif_2f7f130e801e1694,fixed_node_edge_count,16,0.402,0.6578972783260562,0.0,2.0,23.70886841132299,0.000999000999000999
motif_361d94e8355254fb,fixed_node_edge_count,16,0.452,0.6664383993589598,0.0,2.0,23.329988210396433,0.000999000999000999
motif_61888c130d5d9ef6,fixed_node_edge_count,16,0.384,0.6268468209514456,0.0,2.0,24.911987232060294,0.000999000999000999
motif_663ebbcf311ad7ef,fixed_node_edge_count,16,0.403,0.6220755404112768,0.0,2.0,25.072517703699226,0.000999000999000999
motif_6dcdb3a82ba650fc,fixed_node_edge_count,16,0.39,0.6199066738504153,0.0,2.0,25.181209782824055,0.000999000999000999
motif_a331fbe8eb8c5bf3,fixed_node_edge_count,16,0.371,0.6113368406473869,0.0,2.0,25.565284080457786,0.000999000999000999
motif_a37d25618713175a,fixed_node_edge_count,16,0.375,0.6377944667224558,0.0,2.0,24.498487859725216,0.000999000999000999
motif_cf9c9230b4395826,fixed_node_edge_count,16,0.409,0.6372794717587629,0.0,2.0,24.464933660850527,0.000999000999000999
motif_d2d3941dc3dcdda6,fixed_node_edge_count,16,0.416,0.6598328419981624,0.0,2.0,23.618102961967146,0.000999000999000999
motif_ed7fd1b0d342bae0,fixed_node_edge_count,16,0.395,0.6287848363075944,0.0,2.0,24.81771044549524,0.000999000999000999
motif_74fdcb73cf700601,fixed_node_edge_count,16,0.095,0.3099533369252055,0.0,1.0,51.314175732968536,0.000999000999000999
motif_79f2bdd8ef302047,fixed_node_edge_count,16,0.102,0.3220243774929136,0.0,1.0,49.368933258320936,0.000999000999000999
motif_92891644fc009b21,fixed_node_edge_count,16,0.104,0.32138339609769706,0.0,1.0,49.461173766325466,0.000999000999000999
motif_979bfd561a32d6ec,fixed_node_edge_count,16,0.12,0.3488864023170292,0.0,1.0,45.51624796649432,0.000999000999000999
motif_a0be1267abde7bff,fixed_node_edge_count,16,0.083,0.2796232987238183,0.0,1.0,56.92301060978861,0.000999000999000999
motif_b604acdcd89ca6ad,fixed_node_edge_count,16,0.12,0.34600537527575803,0.0,1.0,45.89524075267334,0.000999000999000999
motif_c276fb95f931537d,fixed_node_edge_count,16,0.099,0.311923542388669,0.0,1.0,50.977235890026954,0.000999000999000999
motif_df6253b66cf8092b,fixed_node_edge_count,16,0.106,0.31442465371351,0.0,1.0,50.54947127168316,0.000999000999000999
motif_6a53ac480546d15f,fixed_node_edge_count,16,0.029,0.1678904023081358,0.0,1.0,95.12753427493611,0.000999000999000999
motif_732d88786176d94a,fixed_node_edge_count,16,0.025,0.15620307103062692,0.0,0.024999999999977263,102.27071653967522,0.000999000999000999
motif_e72f4a6e150dd905,fixed_node_edge_count,16,0.02,0.1400700525437889,0.0,0.0,114.0857714392897,0.000999000999000999
motif_f1854ccfa9a70eef,fixed_node_edge_count,16,0.028,0.1710124125472913,0.0,1.0,93.39672929053116,0.000999000999000999
motif_dc489e744aae719a,fixed_node_edge_count,16,0.01,0.09954853042566594,0.0,0.0,160.62517378837572,0.000999000999000999
motif_a43b28fd352c3ebd,fixed_node_edge_count,15,6.033,2.3128467870268135,2.0,11.0,3.8770402130818025,0.002997002997002997
motif_c89ddfa6cc6aab27,fixed_node_edge_count,15,5.884,2.3160112063433274,2.0,11.0,3.936077673127043,0.002997002997002997
motif_d877fb80cd3afbbc,fixed_node_edge_count,15,5.987,2.4013741061312386,1.0,11.0,3.7532677549024203,0.001998001998001998
motif_719ac8b104bb9f5a,fixed_node_edge_count,15,1.528,1.2461014279619358,0.0,4.0,10.811318964648136,0.000999000999000999
motif_85dc8a2a69a366ed,fixed_node_edge_count,15,1.548,1.1862137678779132,0.0,4.0,11.340283146489748,0.000999000999000999
motif_1e62e7ab2de42a0c,fixed_node_edge_count,15,0.388,0.6227711006813402,0.0,2.0,23.462874214962447,0.000999000999000999
motif_30eac748c9b6b6ad,fixed_node_edge_count,15,0.419,0.637059530063592,0.0,2.0,22.887970922504696,0.000999000999000999
motif_55659ce9ca8581e0,fixed_node_edge_count,15,0.368,0.5700007902634021,0.0,2.0,25.670139848820966,0.000999000999000999
motif_7923ef18841b1d60,fixed_node_edge_count,15,0.41,0.6405546895545344,0.0,2.0,22.77713400263517,0.000999000999000999
motif_99a961c31f3cb611,fixed_node_edge_count,15,0.431,0.6690939296441804,0.0,2.0,21.774222354322802,0.000999000999000999
motif_bbce14c7c6af7723,fixed_node_edge_count,15,0.404,0.6459111403290672,0.0,2.0,22.597535618543276,0.000999000999000999
motif_bd3e0e800b3d3ab6,fixed_node_edge_count,15,0.392,0.6408952697178717,0.0,2.0,22.793115646540166,0.000999000999000999
motif_fd53f703a15f6171,fixed_node_edge_count,15,0.377,0.5926400443964492,0.0,2.0,24.67433670448681,0.000999000999000999
motif_29492fa27ecc5e4c,fixed_node_edge_count,15,0.117,0.34847156617496367,0.0,1.0,42.709366974657016,0.000999000999000999
motif_59930048cf08ed8a,fixed_node_edge_count,14,6.023,2.3685609726331838,2.0,11.0,3.3678677020215297,0.002997002997002997
motif_6c46ddfa2e3e805e,fixed_node_edge_count,14,6.064,2.4223484001628943,2.0,11.024999999999977,3.2761596141439986,0.001998001998001998
motif_85885a371198be0a,fixed_node_edge_count,14,5.962,2.279419169821944,2.0,11.0,3.5263369310998143,0.001998001998001998
motif_cd9096506642a0a4,fixed_node_edge_count,14,6.096,2.37073921054267,2.0,11.0,3.333981217694016,0.005994005994005994
motif_f1a82655213bd83e,fixed_node_edge_count,14,6.037,2.2971521299008293,2.0,11.0,3.4664661065977254,0.001998001998001998
motif_57be78ca59a7740b,fixed_node_edge_count,14,1.517,1.183685816469939,0.0,4.0,10.545872752980664,0.000999000999000999
motif_ab6254b20120b056,fixed_node_edge_count,14,1.535,1.2721609148977115,0.0,5.0,9.798288765224525,0.000999000999000999
motif_03ca9491450a65fe,fixed_node_edge_count,14,1.517,1.193790658422207,0.0,4.0,10.45660720490003,0.000999000999000999
motif_102c6e9d78ee3ec7,fixed_node_edge_count,14,1.565,1.1632403569890968,0.0,4.0,10.689966115159944,0.000999000999000999
motif_1f6e0e453ce3f0b3,fixed_node_edge_count,14,1.526,1.1978141586902187,0.0,4.0,10.413969403767963,0.000999000999000999
motif_20e58aec07c10b6e,fixed_node_edge_count,14,1.535,1.2215839174069278,0.0,4.0,10.203965378375003,0.000999000999000999
motif_2c3a7d57f6c65cf3,fixed_node_edge_count,14,1.495,1.2105537742869714,0.0,4.0,10.32998307519678,0.000999000999000999
motif_44f58845fafd1f04,fixed_node_edge_count,14,1.561,1.256127723146356,0.0,4.0,9.902655415360726,0.000999000999000999
motif_56117d7bc6505b15,fixed_node_edge_count,14,1.52,1.202100264139831,0.0,4.0,10.381829513139762,0.000999000999000999
motif_5a11e3588343dd34,fixed_node_edge_count,14,1.531,1.203531257378672,0.0,4.0,10.36034579372526,0.000999000999000999
motif_638b01422add1be9,fixed_node_edge_count,14,1.549,1.2357694469949154,0.0,4.0,10.075503994922146,0.000999000999000999
motif_6d0715d010496bbd,fixed_node_edge_count,14,1.571,1.223296961271244,0.0,4.0,10.160247587866028,0.000999000999000999
motif_7bb0995b40596203,fixed_node_edge_count,14,1.558,1.2248004474754748,0.0,4.0,10.158389495729782,0.000999000999000999
motif_941283ca50a50542,fixed_node_edge_count,14,1.49,1.203889259587166,0.0,4.0,10.391321211960884,0.000999000999000999
motif_9661aa1993d88851,fixed_node_edge_count,14,1.522,1.1987297247307045,0.0,4.0,10.409352285648202,0.000999000999000999
motif_a84108f15ce496ab,fixed_node_edge_count,14,1.487,1.1803491958840893,0.0,4.0,10.601100118196532,0.000999000999000999
motif_be16fa98f74de416,fixed_node_edge_count,14,1.524,1.2078422425478013,0.0,4.0,10.329163495460586,0.000999000999000999
motif_daaa1c17175d12b5,fixed_node_edge_count,14,1.552,1.2028061950051379,0.0,4.0,10.349131931388854,0.000999000999000999
motif_df714eee2f850410,fixed_node_edge_count,14,1.572,1.2427229620315015,0.0,4.0,10.000619912650304,0.000999000999000999
motif_f861045217cafed5,fixed_node_edge_count,14,1.561,1.1805391449133162,0.0,4.0,10.536711174379027,0.000999000999000999
motif_302ce535f63e4a71,fixed_node_edge_count,14,0.366,0.5969927976118352,0.0,2.0,22.83779646009202,0.000999000999000999
motif_30fd9f48f03f7c74,fixed_node_edge_count,14,0.39,0.6279285741979703,0.0,2.0,21.674439672352136,0.000999000999000999
motif_32ad1c23f2ae591a,fixed_node_edge_count,14,0.429,0.6366823103906365,0.0,2.0,21.315183064648853,0.000999000999000999
motif_8b97c1bed618017d,fixed_node_edge_count,14,0.402,0.6251294160306249,0.0,2.0,21.75229584674326,0.000999000999000999
motif_f4ce7d24158f3adb,fixed_node_edge_count,14,0.398,0.608248276582819,0.0,2.0,22.36257877526095,0.000999000999000999
motif_f8ba0793a21c1310,fixed_node_edge_count,14,0.406,0.6257440016137228,0.0,2.0,21.724539052619946,0.000999000999000999
motif_6e730615c688e1f6,fixed_node_edge_count,14,0.114,0.33032274083555646,0.0,1.0,42.037674926271045,0.000999000999000999
motif_0736999767f979b8,fixed_node_edge_count,14,0.386,0.6094057559421149,0.0,2.0,22.339795558631288,0.000999000999000999
motif_0a54b8cc99574e71,fixed_node_edge_count,14,0.385,0.6124950205104961,0.0,2.0,22.228752143408954,0.000999000999000999
motif_0db918ee954bf825,fixed_node_edge_count,14,0.389,0.6083165697636764,0.0,2.0,22.374863149441595,0.000999000999000999
motif_409458ebc84003c3,fixed_node_edge_count,14,0.384,0.5957339161898512,0.0,2.0,22.855841559406517,0.000999000999000999
motif_4bf17d16162319a7,fixed_node_edge_count,14,0.39,0.6199066738504153,0.0,2.0,21.95491769021367,0.000999000999000999
motif_4f96fec7de252336,fixed_node_edge_count,14,0.424,0.6423679916034396,0.0,2.0,21.134303354861164,0.000999000999000999
motif_796bc0904ca42936,fixed_node_edge_count,14,0.406,0.6336920115999295,0.0,2.0,21.452061492266903,0.000999000999000999
motif_860e111160559f4a,fixed_node_edge_count,14,0.409,0.6388482817752035,0.0,2.0,21.27422173263725,0.000999000999000999
motif_99183ecf8ee38281,fixed_node_edge_count,14,0.382,0.6003635868675208,0.0,2.0,22.682921312822753,0.000999000999000999
motif_9e365847eeb5773b,fixed_node_edge_count,14,0.39,0.6279285741979701,0.0,2.0,21.674439672352143,0.000999000999000999
motif_9ffcf9a61af78c23,fixed_node_edge_count,14,0.411,0.6469138254029699,0.0,2.0,21.00588898611845,0.000999000999000999
motif_a5066e794d4e1251,fixed_node_edge_count,14,0.42,0.6603302477064326,0.0,2.0,20.56546712371315,0.000999000999000999
motif_b19a02a5331c56cc,fixed_node_edge_count,14,0.4,0.6151246852292511,0.0,2.0,22.109338686239536,0.000999000999000999
motif_d664828ab1d1af28,fixed_node_edge_count,14,0.378,0.611137864552253,0.0,2.0,22.28956965378031,0.000999000999000999
motif_e443575d63a2a94c,fixed_node_edge_count,14,0.378,0.6288970595506943,0.0,2.0,21.660142614964723,0.000999000999000999
motif_e4e4f0c2ae14f178,fixed_node_edge_count,14,0.377,0.6076514134273399,0.0,2.0,22.41910361594012,0.000999000999000999
motif_eff93837e7c7eb57,fixed_node_edge_count,14,0.413,0.6267565905707123,0.0,2.0,21.678272242223958,0.000999000999000999
motif_f1f9f857e53462dc,fixed_node_edge_count,14,0.391,0.6265073914260759,0.0,2.0,21.72201028470353,0.000999000999000999
motif_0844c6f2655498c6,fixed_node_edge_count,14,0.102,0.30608771567916415,0.0,1.0,45.40528511300219,0.000999000999000999
motif_21ec8f8c9d580077,fixed_node_edge_count,14,0.11,0.325585635441748,0.0,1.0,42.66158726921208,0.000999000999000999
motif_28de9d82bd181d49,fixed_node_edge_count,14,0.099,0.31511632502664444,0.0,1.0,44.11386810513422,0.000999000999000999
motif_31a48e12b639f442,fixed_node_edge_count,14,0.106,0.3207286499002926,0.0,1.0,43.32010877207052,0.000999000999000999
motif_65ff610866fe59e4,fixed_node_edge_count,14,0.11,0.3316775693501312,0.0,1.0,41.87802035336673,0.000999000999000999
motif_814b502b446fbc42,fixed_node_edge_count,14,0.121,0.35564797972923134,0.0,1.0,39.02454334357986,0.000999000999000999
motif_9291f5dec38604a8,fixed_node_edge_count,14,0.113,0.3321766718801054,0.0,1.0,41.80606639653588,0.000999000999000999
motif_a79f126286cb40ad,fixed_node_edge_count,14,0.094,0.30538051224211843,0.0,1.0,45.536631980546105,0.000999000999000999
motif_bba5ef19a6743b98,fixed_node_edge_count,14,0.101,0.31764744592062827,0.0,1.0,43.756057788271946,0.000999000999000999
motif_bee86fa03871dbfd,fixed_node_edge_count,14,0.086,0.291013210505449,0.0,1.0,47.81226245995273,0.000999000999000999
motif_d53e2a3c15630bbd,fixed_node_edge_count,14,0.094,0.31186737768042117,0.0,1.0,44.58946653359124,0.000999000999000999
motif_e0f4385c101dd6e6,fixed_node_edge_count,14,0.1,0.30999370331685305,0.0,1.0,44.83962045445946,0.000999000999000999
motif_f2661d2b5855f782,fixed_node_edge_count,14,0.096,0.32075985859656003,0.0,1.0,43.3470698635266,0.000999000999000999
motif_f9442f72604ce930,fixed_node_edge_count,14,0.099,0.3086977393734746,0.0,1.0,45.03110397961815,0.000999000999000999
motif_fb6b569578a347eb,fixed_node_edge_count,14,0.114,0.34514217812826675,0.0,1.0,40.23269504557476,0.000999000999000999
motif_5677d361d746bb2f,fixed_node_edge_count,14,0.035,0.18387171834953098,0.0,1.0,75.9496899542388,0.000999000999000999
motif_5e93359d0e369559,fixed_node_edge_count,14,0.029,0.16789040230813623,0.0,1.0,83.21500102405165,0.000999000999000999
motif_a9597247d36af917,fixed_node_edge_count,14,0.019,0.13659303663678327,0.0,0.0,102.35514448058653,0.000999000999000999
motif_55204e66349552de,fixed_node_edge_count,13,5.907,2.2291972367469737,2.0,11.0,3.181862907003547,0.005994005994005994
motif_09cbb4fdf9ec0935,fixed_node_edge_count,13,1.474,1.2234462884903516,0.0,4.0,9.420928493904125,0.000999000999000999
motif_5373d5c77d75d134,fixed_node_edge_count,13,1.56,1.2287839150598883,0.0,4.0,9.310017701071908,0.000999000999000999
motif_5726b96f5e04302f,fixed_node_edge_count,13,1.509,1.162441512623434,0.0,4.0,9.885228525662987,0.000999000999000999
motif_61dbbbd9a68fd124,fixed_node_edge_count,13,1.578,1.2479877697611752,0.0,4.0,9.152333281427754,0.000999000999000999
motif_974f3af55abda56b,fixed_node_edge_count,13,1.51,1.2030574996014665,0.0,4.0,9.550665702849832,0.000999000999000999
motif_a30e4d93bac8c72d,fixed_node_edge_count,13,1.542,1.2376460591654468,0.0,4.0,9.257897211522822,0.000999000999000999
motif_a6686b16eb16c8f5,fixed_node_edge_count,13,1.499,1.185497534541678,0.0,4.0,9.701411993611922,0.000999000999000999
motif_b8b9a74d34ecbd56,fixed_node_edge_count,13,1.474,1.1535400533378344,0.0,4.0,9.991850709170311,0.000999000999000999
motif_c91ab3029e8c5019,fixed_node_edge_count,13,1.573,1.2256317445191958,0.0,4.0,9.323355119594025,0.000999000999000999
motif_e80f1384a255b464,fixed_node_edge_count,13,1.488,1.202206846304455,0.0,4.0,9.57572320885338,0.000999000999000999
motif_eb965207c9151610,fixed_node_edge_count,13,1.568,1.1928113005831198,0.0,4.0,9.584080897298117,0.000999000999000999
motif_35b25ff849cedddd,fixed_node_edge_count,13,0.411,0.6453646221288415,0.0,2.0,19.50680215236018,0.000999000999000999
motif_40f115386ad69003,fixed_node_edge_count,13,0.404,0.6108659076729969,0.0,2.0,20.619909937325843,0.000999000999000999
motif_64488d3121115cd6,fixed_node_edge_count,13,0.387,0.6321634524635428,0.0,2.0,19.952118318208846,0.000999000999000999
motif_9adc1169610fc2b6,fixed_node_edge_count,13,0.38,0.6340362781434568,0.0,2.0,19.904223835508358,0.000999000999000999
motif_a9c4bcb9b3dd8ec6,fixed_node_edge_count,13,0.379,0.5913617409916804,0.0,2.0,21.34226671281658,0.000999000999000999
motif_011a38a32de3b7dd,fixed_node_edge_count,13,0.364,0.6098162640303032,0.0,2.0,20.720995397020253,0.000999000999000999
motif_1abbe9e8641d1ec1,fixed_node_edge_count,13,0.38,0.6049512095747633,0.0,2.0,20.86118648952027,0.000999000999000999
motif_2438fa77cf88e1ce,fixed_node_edge_count,13,0.372,0.599979979645964,0.0,2.0,21.047368959630166,0.000999000999000999
motif_28829b66a849d9fa,fixed_node_edge_count,13,0.396,0.6305407057292812,0.0,2.0,19.98919322016214,0.000999000999000999
motif_2ea327f21ddaaa54,fixed_node_edge_count,13,0.401,0.610386411686541,0.0,2.0,20.64102306142116,0.000999000999000999
motif_3506c47e56bf068a,fixed_node_edge_count,13,0.401,0.6265712980911203,0.0,2.0,20.10784732461168,0.000999000999000999
motif_4ae20a2381227a75,fixed_node_edge_count,13,0.394,0.6317936080423437,0.0,2.0,19.952718482006432,0.000999000999000999
motif_54242edadc447171,fixed_node_edge_count,13,0.357,0.5847160788732421,0.0,2.0,21.62245995417687,0.000999000999000999
motif_56e99004e75a0653,fixed_node_edge_count,13,0.432,0.6616750061879414,0.0,2.0,18.994219038749968,0.000999000999000999
motif_5ad27ac7e27a06eb,fixed_node_edge_count,13,0.386,0.5790849154824739,0.0,2.0,21.78264303343223,0.000999000999000999
motif_5f4182e9115c8239,fixed_node_edge_count,13,0.399,0.6116969618799571,0.0,2.0,20.600069618251414,0.000999000999000999
motif_5ffcfcca1c5c912f,fixed_node_edge_count,13,0.401,0.6281668517150466,0.0,2.0,20.05677307804718,0.000999000999000999
motif_67064ea6781f33f6,fixed_node_edge_count,13,0.349,0.5878303705530603,0.0,2.0,21.521514766406682,0.000999000999000999
motif_6b9f4654fad9bc4b,fixed_node_edge_count,13,0.393,0.5990909028769416,0.0,2.0,21.043551052868494,0.000999000999000999
motif_6bb58696134f3153,fixed_node_edge_count,13,0.372,0.6033075335017591,0.0,2.0,20.93128180698108,0.000999000999000999
motif_6cd82b6d43c8255f,fixed_node_edge_count,13,0.401,0.6265712980911204,0.0,2.0,20.107847324611676,0.000999000999000999
motif_6f98dc882221bf18,fixed_node_edge_count,13,0.398,0.6180436699602889,0.0,2.0,20.390144924240897,0.000999000999000999
motif_70d5ba2e015f9d9a,fixed_node_edge_count,13,0.4,0.6311880848038929,0.0,2.0,19.962354016734583,0.000999000999000999
motif_78cf643a53963302,fixed_node_edge_count,13,0.389,0.6197282170944453,0.0,2.0,20.349242865083408,0.000999000999000999
motif_81ef6862ac931678,fixed_node_edge_count,13,0.366,0.5986671883462529,0.0,2.0,21.103545084707125,0.000999000999000999
motif_8341e60317787269,fixed_node_edge_count,13,0.411,0.6344142822174553,0.0,2.0,19.843500300778103,0.000999000999000999
motif_8fe255b7c26b3dcd,fixed_node_edge_count,13,0.424,0.6608030422604462,0.0,2.0,19.031389378869335,0.000999000999000999
motif_9097e761cd3f6ab1,fixed_node_edge_count,13,0.385,0.6108585336623773,0.0,2.0,20.651262616185917,0.000999000999000999
motif_94968d108ca92c97,fixed_node_edge_count,13,0.395,0.6255928119522832,0.0,2.0,20.14888879663381,0.000999000999000999
motif_c933e865cb7dd1a6,fixed_node_edge_count,13,0.405,0.6303747872276989,0.0,2.0,19.98017727737981,0.000999000999000999
motif_d900cb8df07bc59b,fixed_node_edge_count,13,0.424,0.6313656805866333,0.0,2.0,19.91872600410433,0.000999000999000999
motif_d938e0d5596e37be,fixed_node_edge_count,13,0.395,0.6191593965679248,0.0,2.0,20.358247116769984,0.000999000999000999
motif_e08df7b45c1551f1,fixed_node_edge_count,13,0.415,0.6474520786855192,0.0,2.0,19.437732018021357,0.000999000999000999
motif_e802c45973b2f5f8,fixed_node_edge_count,13,0.369,0.5926130189172268,0.0,2.0,21.314077816039735,0.000999000999000999
motif_f2b672fed13e5bf2,fixed_node_edge_count,13,0.413,0.6089349733771261,0.0,2.0,20.670515819108008,0.000999000999000999
motif_fb2dbc03f16a2ede,fixed_node_edge_count,13,0.382,0.6102855466488185,0.0,2.0,20.675567477040182,0.000999000999000999
motif_fd95d1d34b39c965,fixed_node_edge_count,13,0.411,0.6312507247342257,0.0,2.0,19.942947400654983,0.000999000999000999
motif_111e68c3b12d536d,fixed_node_edge_count,13,0.101,0.3112810561147187,0.0,1.0,41.438435608642486,0.000999000999000999
motif_399d0fcc049fe0cf,fixed_node_edge_count,13,0.109,0.3274541589692023,0.0,1.0,39.367342410857646,0.000999000999000999
motif_5a73d6adb6f33a2c,fixed_node_edge_count,13,0.09,0.2999833161860661,0.0,1.0,43.03572666685407,0.000999000999000999
motif_671a452650e51d91,fixed_node_edge_count,13,0.11,0.3255856354417473,0.0,1.0,39.590198696914676,0.000999000999000999
motif_877c11f9632c41e7,fixed_node_edge_count,13,0.108,0.32006005442485064,0.0,1.0,40.27994066040819,0.000999000999000999
motif_94540e1941e9921b,fixed_node_edge_count,13,0.109,0.3304969413296126,0.0,1.0,39.00489955561644,0.000999000999000999
motif_96ff5708a621681b,fixed_node_edge_count,13,0.086,0.28755292849610625,0.0,1.0,44.909992979518094,0.000999000999000999
motif_985b69febfb21c6b,fixed_node_edge_count,13,0.093,0.297387692145186,0.0,1.0,43.40125815865555,0.000999000999000999
motif_c4717a59730628ea,fixed_node_edge_count,13,0.088,0.28694657749891256,0.0,1.0,44.997923002057526,0.000999000999000999
motif_c4f7f91aeda9000c,fixed_node_edge_count,13,0.098,0.3106324073442616,0.0,1.0,41.53462322333041,0.000999000999000999
motif_d33defb4252b2274,fixed_node_edge_count,13,0.121,0.3442055744427678,0.0,1.0,37.41659332754773,0.000999000999000999
motif_d7259ed8f7ca4c68,fixed_node_edge_count,13,0.1,0.31320615909988014,0.0,1.0,41.18692951975521,0.000999000999000999
motif_f43670ad6edbad99,fixed_node_edge_count,13,0.11,0.3193775226937595,0.0,1.0,40.35975948238472,0.000999000999000999
motif_f7a10d05ede59dd4,fixed_node_edge_count,13,0.094,0.305380512242118,0.0,1.0,42.262028789078734,0.000999000999000999
motif_fb737fa52b36dbc3,fixed_node_edge_count,13,0.1,0.319534195512942,0.0,1.0,40.37126599014507,0.000999000999000999
motif_73567f6e574b83af,fixed_node_edge_count,13,0.029,0.17375036457282436,0.0,1.0,74.65308076843452,0.000999000999000999
motif_94ad76abc9083824,fixed_node_edge_count,13,0.029,0.1678904023081358,0.0,1.0,77.25873439860975,0.000999000999000999
motif_dcb214ea95ad5257,fixed_node_edge_count,13,0.027,0.1621644143987735,0.0,1.0,79.99905557638866,0.000999000999000999
motif_4f4a2ec11badf8fa,fixed_node_edge_count,12,6.034,2.343573411765954,2.0,11.0,2.5456851362315285,0.014985014985014986
motif_f93a60ce0c6db0e5,fixed_node_edge_count,12,5.981,2.2604753369034434,2.0,11.0,2.6627142980667267,0.011988011988011988
motif_3486d9dc955392fb,fixed_node_edge_count,12,1.526,1.1852125247096943,0.0,4.0,8.837233645135077,0.000999000999000999
motif_67eb1a300d203ccd,fixed_node_edge_count,12,1.555,1.2026726160603376,0.0,4.0,8.684823999913855,0.000999000999000999
motif_700ceff50fa0e0f9,fixed_node_edge_count,12,1.519,1.1709013664737111,0.0,4.0,8.951223647098987,0.000999000999000999
motif_7aae84218b572ff3,fixed_node_edge_count,12,1.607,1.2466375195320905,0.0,4.0,8.33682593148719,0.000999000999000999
motif_83b41e1e6cbf411c,fixed_node_edge_count,12,1.536,1.1874822584418312,0.0,4.0,8.81192112607262,0.000999000999000999
motif_993bc0c778627e70,fixed_node_edge_count,12,1.548,1.2333763485721787,0.0,4.0,8.47429903459701,0.000999000999000999
motif_a287e6f85d6bd649,fixed_node_edge_count,12,1.474,1.215236931960512,0.0,4.0,8.661685407321073,0.000999000999000999
motif_ba4eff2711177a58,fixed_node_edge_count,12,1.479,1.1682995865461574,0.0,4.0,9.005395637520698,0.000999000999000999
motif_cdc12b332bc8e6d2,fixed_node_edge_count,12,1.443,1.2000796603522654,0.0,4.0,8.79691602880858,0.000999000999000999
motif_d60e8245c37bbbc2,fixed_node_edge_count,12,1.481,1.1996158043632479,0.0,4.0,8.768640727923263,0.000999000999000999
motif_f6d6c91aa2b5d534,fixed_node_edge_count,12,1.526,1.2485523148362185,0.0,4.0,8.388915606931496,0.000999000999000999
motif_f7f792ca3e0c89df,fixed_node_edge_count,12,1.52,1.1970935773919402,0.0,4.0,8.7545369868514,0.000999000999000999
motif_5949382023fb3815,fixed_node_edge_count,12,0.392,0.605559825865868,0.0,2.0,19.169039133998268,0.000999000999000999
motif_6c209fd68b7f3d1b,fixed_node_edge_count,12,0.404,0.6157622618861591,0.0,2.0,18.831943296557277,0.000999000999000999
motif_b3d1490119eed083,fixed_node_edge_count,12,0.36,0.5888520584550486,0.0,2.0,19.767274025566756,0.000999000999000999
motif_d01370274886edbe,fixed_node_edge_count,12,0.407,0.6401255820233689,0.0,2.0,18.110508821340588,0.000999000999000999
motif_d314ff3c65aefeb4,fixed_node_edge_count,12,0.377,0.6206901451257781,0.0,2.0,18.72592966277028,0.000999000999000999
motif_075a62250a611f95,fixed_node_edge_count,12,0.399,0.611696961879957,0.0,2.0,18.965273203819912,0.000999000999000999
motif_07ea21b8d2ae766c,fixed_node_edge_count,12,0.379,0.6064047548681732,0.0,2.0,19.163767939989683,0.000999000999000999
motif_07edead3c08dfaa1,fixed_node_edge_count,12,0.401,0.6313458621053899,0.0,2.0,18.371863500174157,0.000999000999000999
motif_0a0816f8dfe570fc,fixed_node_edge_count,12,0.404,0.6238374573341757,0.0,2.0,18.588175274939097,0.000999000999000999
motif_1265d32ef65996bc,fixed_node_edge_count,12,0.41,0.6117795961572025,0.0,2.0,18.944731195353306,0.000999000999000999
motif_16669a869ee67143,fixed_node_edge_count,12,0.423,0.6561261323110779,0.0,2.0,17.644473264953263,0.000999000999000999
motif_185605e36a84f308,fixed_node_edge_count,12,0.386,0.622407737252194,0.0,2.0,18.65979374111494,0.000999000999000999
motif_24567fd6741ebd9f,fixed_node_edge_count,12,0.384,0.6024175519578638,0.0,2.0,19.282306702797534,0.000999000999000999
motif_346fc16ff129ec68,fixed_node_edge_count,12,0.397,0.6113630384352329,0.0,2.0,18.978903320190184,0.000999000999000999
motif_36405468b2fb3ecd,fixed_node_edge_count,12,0.375,0.6440417609051371,0.0,2.0,18.050071758797458,0.000999000999000999
motif_3b9272125fc3266c,fixed_node_edge_count,12,0.377,0.6223007779669419,0.0,2.0,18.677463393139835,0.000999000999000999
motif_449409cef3e46d92,fixed_node_edge_count,12,0.411,0.6530738897747423,0.0,2.0,17.74531210242882,0.000999000999000999
motif_4bedbd6ce315a0c5,fixed_node_edge_count,12,0.43,0.638363147046817,0.0,2.0,18.12447985684153,0.000999000999000999
motif_5175263f411cae4d,fixed_node_edge_count,12,0.418,0.6353579146274071,0.0,2.0,18.22909533879346,0.000999000999000999
motif_53c2683415d02e5d,fixed_node_edge_count,12,0.408,0.6260414746068571,0.0,2.0,18.516345114801812,0.000999000999000999
motif_7308934d28594d69,fixed_node_edge_count,12,0.344,0.5933093763088672,0.0,2.0,19.645737056297722,0.000999000999000999
motif_7a78bd7f676cdabe,fixed_node_edge_count,12,0.406,0.6062437888601677,0.0,2.0,19.124319643420208,0.000999000999000999
motif_89ef67de7813ade4,fixed_node_edge_count,12,0.352,0.5834693106209052,0.0,2.0,19.963346465651558,0.000999000999000999
motif_8edabf9e56c8ca96,fixed_node_edge_count,12,0.372,0.6099081799648062,0.0,2.0,19.065164859194013,0.000999000999000999
motif_95e573bcad752592,fixed_node_edge_count,12,0.389,0.6197282170944447,0.0,2.0,18.735632297714982,0.000999000999000999
motif_a9687a8848fb0f2e,fixed_node_edge_count,12,0.422,0.6514141081833793,0.0,2.0,17.773640230617605,0.000999000999000999
motif_b53e30fbc74e37c1,fixed_node_edge_count,12,0.419,0.6448680910502974,0.0,2.0,17.95871149576964,0.000999000999000999
motif_d330b84d6906863b,fixed_node_edge_count,12,0.37,0.5791678819094151,0.0,2.0,20.08053340537104,0.000999000999000999
motif_db4c71d411ebe224,fixed_node_edge_count,12,0.35,0.5846724226794395,0.0,2.0,19.92568752706058,0.000999000999000999
motif_dc2cb89797a97a1c,fixed_node_edge_count,12,0.41,0.6389900690216579,0.0,2.0,18.13799707051029,0.000999000999000999
motif_e7323604ddaa339b,fixed_node_edge_count,12,0.365,0.6133116264601141,0.0,2.0,18.970780102693304,0.000999000999000999
motif_f2e7e98c27bd0e78,fixed_node_edge_count,12,0.429,0.6444954417017771,0.0,2.0,17.9535792672901,0.000999000999000999
motif_01162d9e7d5b62cc,fixed_node_edge_count,12,0.087,0.30581779628485467,0.0,1.0,38.9545675389787,0.000999000999000999
motif_05445f0f3eb6558e,fixed_node_edge_count,12,0.104,0.33360949521153727,0.0,1.0,35.65845748022522,0.000999000999000999
motif_10aad42987f5da45,fixed_node_edge_count,12,0.088,0.3005766896257053,0.0,1.0,39.63048503472935,0.000999000999000999
motif_146ddcf21ba7a801,fixed_node_edge_count,12,0.109,0.3243828358964539,0.0,1.0,36.657303297624914,0.000999000999000999
motif_14d4d9eb49f2161d,fixed_node_edge_count,12,0.092,0.2960128774624903,0.0,1.0,40.22797961385629,0.000999000999000999
motif_449d3644c6ea8d4c,fixed_node_edge_count,12,0.128,0.3546008202778771,0.0,1.0,33.479899992043734,0.000999000999000999
motif_478d0b437679e4ca,fixed_node_edge_count,12,0.092,0.2993753924851297,0.0,1.0,39.77614827040764,0.000999000999000999
motif_7439cbf2d860187d,fixed_node_edge_count,12,0.091,0.3013466605253952,0.0,1.0,39.51926986427115,0.000999000999000999
motif_74d706ac8443e6f1,fixed_node_edge_count,12,0.111,0.317458311876977,0.0,1.0,37.450586597358594,0.000999000999000999
motif_8ab1aa5b4c450ae7,fixed_node_edge_count,12,0.095,0.3099533369252057,0.0,1.0,38.40900736252687,0.000999000999000999
motif_9673b0cc1bfdf98f,fixed_node_edge_count,12,0.087,0.2855039623411763,0.0,1.0,41.72621599473286,0.000999000999000999
motif_98e069eddd5e23cc,fixed_node_edge_count,12,0.101,0.30478171187243236,0.0,1.0,39.04105639048439,0.000999000999000999
motif_9ea66bab216b3d0d,fixed_node_edge_count,12,0.087,0.295835289508398,0.0,1.0,40.26902949880096,0.000999000999000999
motif_b7b0fe66e3f224e7,fixed_node_edge_count,12,0.107,0.33115051058493006,0.0,1.0,35.91418288618283,0.000999000999000999
motif_d9c145ebf5872fb1,fixed_node_edge_count,12,0.078,0.2756664506101404,0.0,1.0,43.247917813766236,0.000999000999000999
motif_e12342bc4456bfde,fixed_node_edge_count,12,0.103,0.3263395432636058,0.0,1.0,36.45589462135765,0.000999000999000999
motif_e1e71a8d16d9a721,fixed_node_edge_count,12,0.093,0.30073483576307225,0.0,1.0,39.593018779442914,0.000999000999000999
motif_ee30235ccc60a79e,fixed_node_edge_count,12,0.095,0.30342555440678753,0.0,1.0,39.23532420753052,0.000999000999000999
motif_f1e9c47cc481f02b,fixed_node_edge_count,12,0.123,0.3434952532262862,0.0,1.0,34.576897026800324,0.000999000999000999
motif_fb2d519fff8d4721,fixed_node_edge_count,12,0.11,0.3346819565079852,0.0,1.0,35.52626536565713,0.000999000999000999
motif_0d31b4b8652ee24c,fixed_node_edge_count,12,0.031,0.17340435135563706,0.0,1.0,69.02364275422728,0.000999000999000999
motif_419ef6f60f638a05,fixed_node_edge_count,12,0.021,0.14345584540052542,0.0,0.0,83.50304559953557,0.000999000999000999
motif_588c079ffa6afa37,fixed_node_edge_count,12,0.021,0.15027169254913253,0.0,0.0,79.71561241371771,0.000999000999000999
motif_5e93be19197be591,fixed_node_edge_count,12,0.023,0.14997831007680304,0.0,0.0,79.85821412353991,0.000999000999000999
motif_6d0d0e92cb2b1d79,fixed_node_edge_count,12,0.03,0.17067257872643052,0.0,1.0,70.13428922982762,0.000999000999000999
motif_8946f37ee00f3412,fixed_node_edge_count,12,0.03,0.1706725787264305,0.0,1.0,70.13428922982762,0.000999000999000999
motif_5c241169cdbab3ed,fixed_node_edge_count,12,0.007,0.0834143750078957,0.0,0.0,143.77617765360932,0.000999000999000999
motif_e904d61f68b798c3,fixed_node_edge_count,11,6.164,2.3851190311581427,2.0,11.0,2.0275717634317743,0.04795204795204795
motif_1cb44da1d64a0ec8,fixed_node_edge_count,11,1.561,1.2131573478946347,0.0,4.0,7.7805241145189,0.000999000999000999
motif_383219635c986f5d,fixed_node_edge_count,11,1.512,1.2374923787189107,0.0,4.0,7.66711792586736,0.000999000999000999
motif_48c30222d1474b19,fixed_node_edge_count,11,1.601,1.261503226468478,0.0,4.0,7.450634927278055,0.000999000999000999
motif_57557d986a68649a,fixed_node_edge_count,11,1.552,1.2242527495557403,0.0,4.0,7.7173606540222295,0.000999000999000999
motif_713517eddbbfdda7,fixed_node_edge_count,11,1.551,1.1852441958532431,0.0,4.0,7.972196812318307,0.000999000999000999
motif_974102830e33eed6,fixed_node_edge_count,11,1.658,1.2793250848289823,0.0,4.0,7.3022878319069475,0.000999000999000999
motif_9bfe8d5673b65ee4,fixed_node_edge_count,11,1.61,1.2607495744554122,0.0,4.0,7.4479501641363335,0.000999000999000999
motif_c86f394a4bbff182,fixed_node_edge_count,11,1.538,1.2401992154868071,0.0,4.0,7.629419436687794,0.000999000999000999
motif_d1708ef46a53a02b,fixed_node_edge_count,11,1.557,1.2158245059338326,0.0,4.0,7.7667459028119845,0.000999000999000999
motif_e37026d7320d596e,fixed_node_edge_count,11,1.535,1.2378640100218192,0.0,4.0,7.64623571197709,0.000999000999000999
motif_f255d0e523f35e42,fixed_node_edge_count,11,1.579,1.2004999792587239,0.0,4.0,7.847563650785909,0.000999000999000999
motif_01ba827205e5178f,fixed_node_edge_count,11,0.419,0.6259639213491707,0.0,2.0,16.903530122302023,0.000999000999000999
motif_04b081bcdc62dd7b,fixed_node_edge_count,11,0.405,0.6476066664221335,0.0,2.0,16.36023924604537,0.000999000999000999
motif_391d4ef242087c7d,fixed_node_edge_count,11,0.389,0.6099598765911147,0.0,2.0,17.396226222783277,0.000999000999000999
motif_7386c7374da5bdb1,fixed_node_edge_count,11,0.373,0.608474519796223,0.0,2.0,17.464987693418884,0.000999000999000999
motif_0396ab78436dd2df,fixed_node_edge_count,11,0.096,0.30145459836412236,0.0,1.0,36.17128436312398,0.000999000999000999
motif_dc55fac2bad792a0,fixed_node_edge_count,11,0.108,0.33233484085549275,0.0,1.0,32.77417429951651,0.000999000999000999
motif_086a285fec8c7090,fixed_node_edge_count,11,0.405,0.630374787227699,0.0,2.0,16.807461552508062,0.000999000999000999
motif_0ccd7b9a7e46fc3f,fixed_node_edge_count,11,0.378,0.5962142831830446,0.0,2.0,17.81574225845731,0.000999000999000999
motif_13715a4789e5cf7e,fixed_node_edge_count,11,0.405,0.6239906765043514,0.0,2.0,16.979420364666485,0.000999000999000999
motif_1cc96bc8c3693daa,fixed_node_edge_count,11,0.429,0.650678401656591,0.0,2.0,16.246120930227317,0.000999000999000999
motif_1cf60642104da99a,fixed_node_edge_count,11,0.432,0.6616750061879411,0.0,2.0,15.97158711024107,0.000999000999000999
motif_238130c460c1cf98,fixed_node_edge_count,11,0.379,0.6080532285324466,0.0,2.0,17.467220798472002,0.000999000999000999
motif_26e6fa3660fc6f83,fixed_node_edge_count,11,0.416,0.6628600028538261,0.0,2.0,15.967172486546882,0.000999000999000999
motif_2ac08db1abf3558b,fixed_node_edge_count,11,0.417,0.632068438154056,0.0,2.0,16.743440047263636,0.000999000999000999
motif_3a3efc2970aab002,fixed_node_edge_count,11,0.385,0.618997704485372,0.0,2.0,17.148690412067356,0.000999000999000999
motif_3b72f021fcb54ab6,fixed_node_edge_count,11,0.432,0.6210972240815125,0.0,2.0,17.01504948058351,0.000999000999000999
motif_3be56544eea8bb23,fixed_node_edge_count,11,0.386,0.622407737252194,0.0,2.0,17.053129909436365,0.000999000999000999
motif_3eac306332293401,fixed_node_edge_count,11,0.415,0.6365376502455962,0.0,2.0,16.629024215481955,0.000999000999000999
motif_44365a63c08941bf,fixed_node_edge_count,11,0.393,0.5940571554184858,0.0,2.0,17.85518430886984,0.000999000999000999
motif_465b02bcea219ec8,fixed_node_edge_count,11,0.356,0.5946575633233091,0.0,2.0,17.89937714827814,0.000999000999000999
motif_4948b149496acf53,fixed_node_edge_count,11,0.406,0.6321104045683495,0.0,2.0,16.759730457584137,0.000999000999000999
motif_4b6da921a66d5da8,fixed_node_edge_count,11,0.401,0.6136575393292053,0.0,2.0,17.27184841823318,0.000999000999000999
motif_528fe4e14394b194,fixed_node_edge_count,11,0.368,0.6024441376085763,0.0,2.0,17.648109320482572,0.000999000999000999
motif_52f25d4969f48446,fixed_node_edge_count,11,0.418,0.6493825511189121,0.0,2.0,16.295479423903203,0.000999000999000999
motif_65e4d6f33c59976b,fixed_node_edge_count,11,0.409,0.6309652265514476,0.0,2.0,16.785394114165864,0.000999000999000999
motif_675a6962f846b2b9,fixed_node_edge_count,11,0.401,0.6407882720599756,0.0,2.0,16.54056489817899,0.000999000999000999
motif_781faaa9d26840a4,fixed_node_edge_count,11,0.433,0.6556988187734889,0.0,2.0,16.115630678984598,0.000999000999000999
motif_792fb14c94c60a57,fixed_node_edge_count,11,0.408,0.6324048829159507,0.0,2.0,16.748763784304497,0.000999000999000999
motif_7e22a990019e8169,fixed_node_edge_count,11,0.419,0.6339091739680388,0.0,2.0,16.691665674700403,0.000999000999000999
motif_828a4dac4ecb11ae,fixed_node_edge_count,11,0.359,0.5903113309665213,0.0,2.0,18.02608122493161,0.000999000999000999
motif_8789603bc887eea4,fixed_node_edge_count,11,0.429,0.6552773370019608,0.0,2.0,16.1321007199252,0.000999000999000999
motif_88ef18e67577cc31,fixed_node_edge_count,11,0.402,0.6456104187610482,0.0,2.0,16.415472384008268,0.000999000999000999
motif_8ad6da11b01aa1cb,fixed_node_edge_count,11,0.405,0.6287848363075925,0.0,2.0,16.849961049024216,0.000999000999000999
motif_9204202833a6e8a9,fixed_node_edge_count,11,0.376,0.5856338164475879,0.0,2.0,18.141028918795044,0.000999000999000999
motif_9286df1009ead148,fixed_node_edge_count,11,0.444,0.6506053237465012,0.0,2.0,16.224890290189187,0.000999000999000999
motif_9c95ca232e0ed508,fixed_node_edge_count,11,0.389,0.6115987680277399,0.0,2.0,17.349609833613535,0.000999000999000999
motif_aed83699155ea9a3,fixed_node_edge_count,11,0.395,0.5927278686938258,0.0,2.0,17.891853176011242,0.000999000999000999
motif_c2aeaaaa4e535b14,fixed_node_edge_count,11,0.385,0.620612729614984,0.0,2.0,17.10406424725664,0.000999000999000999
motif_cf5b20d210461d0a,fixed_node_edge_count,11,0.405,0.5994450219447405,0.0,2.0,17.674681767524454,0.000999000999000999
motif_cf7d404f41fb2fcf,fixed_node_edge_count,11,0.397,0.6322901159995983,0.0,2.0,16.76920092802263,0.000999000999000999
motif_d51d57345847cb5c,fixed_node_edge_count,11,0.386,0.6240139368583036,0.0,2.0,17.009235488293506,0.000999000999000999
motif_dcfe92958680857c,fixed_node_edge_count,11,0.385,0.5925589642610485,0.0,2.0,17.913829070559167,0.000999000999000999
motif_df02def0a1a2c2f5,fixed_node_edge_count,11,0.377,0.6092965142213149,0.0,2.0,17.434860945456524,0.000999000999000999
motif_df228b3d1f8167e9,fixed_node_edge_count,11,0.441,0.6848269766794997,0.0,2.0,15.418493078641719,0.000999000999000999
motif_e4a3a2522f1ab03b,fixed_node_edge_count,11,0.452,0.666438399358961,0.0,2.0,15.82741932359539,0.000999000999000999
motif_e8f2d878acc1e510,fixed_node_edge_count,11,0.38,0.6016327467500137,0.0,2.0,17.651964686710695,0.000999000999000999
motif_ed40349308a78736,fixed_node_edge_count,11,0.386,0.6319837050141474,0.0,2.0,16.794736819618475,0.000999000999000999
motif_f710a584d4d94bf0,fixed_node_edge_count,11,0.377,0.5960085789871058,0.0,2.0,17.823568946026565,0.000999000999000999
motif_f903807597d477fc,fixed_node_edge_count,11,0.414,0.618859424253189,0.0,2.0,17.105661778964905,0.000999000999000999
motif_f914706286314a87,fixed_node_edge_count,11,0.413,0.6471861014034903,0.0,2.0,16.358509518422892,0.000999000999000999
motif_011bf603d0e66851,fixed_node_edge_count,11,0.088,0.30388871046544313,0.0,1.0,35.907882143061265,0.000999000999000999
motif_26db60bae6f1656c,fixed_node_edge_count,11,0.117,0.3397446488562051,0.0,1.0,32.03288127315337,0.000999000999000999
motif_26f938cdb39b421a,fixed_node_edge_count,11,0.096,0.304757078468862,0.0,1.0,35.77931661106305,0.000999000999000999
motif_3331e96ab66a56e7,fixed_node_edge_count,11,0.115,0.3374742788552779,0.0,1.0,32.254309978592204,0.000999000999000999
motif_3550065e5b336c9a,fixed_node_edge_count,11,0.118,0.34669323067547464,0.0,1.0,31.387979450300243,0.000999000999000999
motif_3965e682480be767,fixed_node_edge_count,11,0.084,0.2846489505075073,0.0,1.0,38.34899085535923,0.000999000999000999
motif_4972e8524d133c5f,fixed_node_edge_count,11,0.11,0.3255856354417485,0.0,1.0,33.44742155231957,0.000999000999000999
motif_4f930e5fe36b66f6,fixed_node_edge_count,11,0.12,0.34017012760634047,0.0,1.0,31.983995997998996,0.000999000999000999
motif_529d39007846e050,fixed_node_edge_count,11,0.105,0.3226128935412833,0.0,1.0,33.771123901487265,0.000999000999000999
motif_56928b4fa02e40e8,fixed_node_edge_count,11,0.105,0.3226128935412834,0.0,1.0,33.77112390148726,0.000999000999000999
motif_7fde4663ce59098b,fixed_node_edge_count,11,0.109,0.33351196414856216,0.0,1.0,32.65550016415192,0.000999000999000999
motif_80f101ad270e968a,fixed_node_edge_count,11,0.11,0.33765961264861905,0.0,1.0,32.25141412257833,0.000999000999000999
motif_817583bc3733a6ca,fixed_node_edge_count,11,0.09,0.28979990335399247,0.0,1.0,37.64666541890928,0.000999000999000999
motif_87cdc3b1cfb8e17c,fixed_node_edge_count,11,0.094,0.2953832277758038,0.0,1.0,36.92152761049002,0.000999000999000999
motif_9555fa915e69beda,fixed_node_edge_count,11,0.13,0.3650112782274483,0.0,1.0,29.779901741081577,0.000999000999000999
motif_999cbebf16d6ddd5,fixed_node_edge_count,11,0.096,0.2947386484173232,0.0,1.0,36.99548755669438,0.000999000999000999
motif_a7adbc838441c01a,fixed_node_edge_count,11,0.107,0.32504869890011234,0.0,1.0,33.51190156077944,0.000999000999000999
motif_b05fd544b500f493,fixed_node_edge_count,11,0.099,0.3214067552219488,0.0,1.0,33.916524226356934,0.000999000999000999
motif_b5e55c73f0168340,fixed_node_edge_count,11,0.113,0.3351765853148831,0.0,1.0,32.48138586343124,0.000999000999000999
motif_b7fbc5c74aa30d60,fixed_node_edge_count,11,0.123,0.3577694774558061,0.0,1.0,30.402258117012217,0.000999000999000999
motif_c2054a016827a502,fixed_node_edge_count,11,0.088,0.3005766896257059,0.0,1.0,36.30354707009451,0.000999000999000999
motif_c3997addbb13cdff,fixed_node_edge_count,11,0.101,0.3112810561147186,0.0,1.0,35.0133738815873,0.000999000999000999
motif_d19ecba045c34324,fixed_node_edge_count,11,0.094,0.2987528296991588,0.0,1.0,36.505093561732075,0.000999000999000999
motif_e7b0d5f663bba92b,fixed_node_edge_count,11,0.114,0.33333933928523385,0.0,1.0,32.6574115834705,0.000999000999000999
motif_e8033b67f6bac96c,fixed_node_edge_count,11,0.092,0.30598959072104104,0.0,1.0,35.64827147974587,0.000999000999000999
motif_08967352afdcc614,fixed_node_edge_count,11,0.042,0.20068950215762912,0.0,1.0,54.60175984388647,0.000999000999000999
motif_344caf12a230c027,fixed_node_edge_count,11,0.019,0.13659303663678374,0.0,0.0,80.3920922352705,0.000999000999000999
motif_477e409bfa6820ad,fixed_node_edge_count,11,0.03,0.17644016303305743,0.0,1.0,62.17405272939295,0.000999000999000999
motif_6d7e592e0d6b8f25,fixed_node_edge_count,11,0.023,0.1565103686517148,0.0,0.0,70.135928338571,0.000999000999000999
motif_727e32d39b1c1ac9,fixed_node_edge_count,11,0.024,0.15312559370479936,0.0,0.0,71.6797220793795,0.000999000999000999
motif_8eaca5acb0c1cdcc,fixed_node_edge_count,11,0.03,0.17067257872643068,0.0,1.0,64.2751171972605,0.000999000999000999
motif_da6c09a8cd413654,fixed_node_edge_count,11,0.024,0.1531255937047995,0.0,0.0,71.67972207937943,0.000999000999000999
motif_e99c24f0afb6f644,fixed_node_edge_count,11,0.022,0.14675672910479323,0.0,0.0,74.80406565998783,0.000999000999000999
motif_67871168bdb28fdf,fixed_node_edge_count,10,6.085,2.4152864444219984,2.0,11.0,1.6209257535649764,0.0899100899100899
motif_7c0d7f3473832fb5,fixed_node_edge_count,10,5.95,2.317945830444028,2.0,11.0,1.7472366898341958,0.07092907092907093
motif_ada61f84caa7276b,fixed_node_edge_count,10,6.027,2.377377320267636,2.0,11.0,1.6711693033029922,0.08191808191808192
motif_dd3936eec73d7a76,fixed_node_edge_count,10,6.002,2.3502169090361726,2.0,11.0,1.701119579485787,0.07692307692307693
motif_46aa50e42c549b4d,fixed_node_edge_count,10,1.564,1.2631308322970738,0.0,4.0,6.6786430861312,0.000999000999000999
motif_087394640f3e289e,fixed_node_edge_count,10,1.518,1.23174396413913,0.0,4.0,6.886171352930557,0.000999000999000999
motif_12c08351d352a5b1,fixed_node_edge_count,10,1.577,1.2221147918933586,0.0,4.0,6.892151257698703,0.000999000999000999
motif_1b9c7a3e87c9fd49,fixed_node_edge_count,10,1.523,1.2177659684660136,0.0,4.0,6.961107650822469,0.000999000999000999
motif_22d7de62ee5a7c05,fixed_node_edge_count,10,1.591,1.2590886800794892,0.0,4.0,6.678639982268065,0.000999000999000999
motif_39af596b8873f1bb,fixed_node_edge_count,10,1.571,1.2403618413581996,0.0,4.0,6.795597638484446,0.000999000999000999
motif_5aa867fd91f7ce8f,fixed_node_edge_count,10,1.528,1.2217645880891759,0.0,4.0,6.934232734024563,0.000999000999000999
motif_5da5dec1c123320f,fixed_node_edge_count,10,1.532,1.2306463710142266,0.0,4.0,6.880936879553118,0.000999000999000999
motif_652c454448653045,fixed_node_edge_count,10,1.58,1.2276429069998729,0.0,4.0,6.858671973739406,0.000999000999000999
motif_88d496504b318b31,fixed_node_edge_count,10,1.527,1.203627733030326,0.0,4.0,7.039551987280871,0.000999000999000999
motif_ac28564ee77450ea,fixed_node_edge_count,10,1.534,1.2330305610017707,0.0,4.0,6.866009868499797,0.000999000999000999
motif_c15d98bfd6670e61,fixed_node_edge_count,10,1.542,1.1754223145821303,0.0,4.0,7.195711613665315,0.000999000999000999
motif_de6811501041edf5,fixed_node_edge_count,10,1.572,1.282365182177233,0.0,5.0,6.572230841210709,0.000999000999000999
motif_e4c0bc232dde1175,fixed_node_edge_count,10,1.558,1.2182446881148747,0.0,4.0,6.929642363606973,0.000999000999000999
motif_f21861d0ed107cfd,fixed_node_edge_count,10,1.561,1.2139821879882524,0.0,4.0,6.951502323098058,0.000999000999000999
motif_fcd8591ecdcd7847,fixed_node_edge_count,10,1.554,1.2225295818828208,0.0,4.0,6.90862628206697,0.000999000999000999
motif_0b04334a40d8ba5c,fixed_node_edge_count,10,0.398,0.6572883903037037,0.0,2.0,14.608503879953432,0.000999000999000999
motif_1d4d6e2effa25135,fixed_node_edge_count,10,0.382,0.61518652005262,0.0,2.0,15.634282752452581,0.000999000999000999
motif_6cae25e61f560264,fixed_node_edge_count,10,0.384,0.6007536141421903,0.0,2.0,16.00656204745532,0.000999000999000999
motif_c8c7e0422afca15a,fixed_node_edge_count,10,0.417,0.6569189771520836,0.0,2.0,14.587795958559187,0.000999000999000999
motif_d3eff25aa86d3d8b,fixed_node_edge_count,10,0.411,0.6422550050342135,0.0,2.0,14.930206732276357,0.000999000999000999
motif_0740f78f6f8b675b,fixed_node_edge_count,10,0.394,0.6189888101954243,0.0,2.0,15.518858890142518,0.000999000999000999
motif_09d3041f42a81567,fixed_node_edge_count,10,0.39,0.6051993607616141,0.0,2.0,15.879065020667372,0.000999000999000999
motif_09e57b340114c015,fixed_node_edge_count,10,0.399,0.6278480653734545,0.0,2.0,15.291916196777901,0.000999000999000999
motif_180ed8b10d314230,fixed_node_edge_count,10,0.406,0.6645341267426411,0.0,2.0,14.437181799867949,0.000999000999000999
motif_1d36499c4a9df732,fixed_node_edge_count,10,0.403,0.6457615721053811,0.0,2.0,14.861522293299107,0.000999000999000999
motif_1ebb7f13b57fbbc1,fixed_node_edge_count,10,0.409,0.6435317654421856,0.0,2.0,14.903693205276046,0.000999000999000999
motif_1f505fbaf7f4c1e8,fixed_node_edge_count,10,0.371,0.5980942373211046,0.0,2.0,16.099469613900304,0.000999000999000999
motif_203df0c1bc255235,fixed_node_edge_count,10,0.38,0.6066036333290236,0.0,2.0,15.858790603026414,0.000999000999000999
motif_251aadf5e36db90e,fixed_node_edge_count,10,0.421,0.6262197307264826,0.0,2.0,15.296547729161016,0.000999000999000999
motif_2c7a714de2a8d5ba,fixed_node_edge_count,10,0.391,0.6168464148388106,0.0,2.0,15.577621542164506,0.000999000999000999
motif_2e6b19c361fb3b61,fixed_node_edge_count,10,0.407,0.6162229553746977,0.0,2.0,15.567417468514986,0.000999000999000999
motif_3533fdf8e126a819,fixed_node_edge_count,10,0.4,0.6199874066337089,0.0,2.0,15.484185480676576,0.000999000999000999
motif_36db185e49991427,fixed_node_edge_count,10,0.376,0.6090935847593487,0.0,2.0,15.800527604969634,0.000999000999000999
motif_3b98559278ce1fa8,fixed_node_edge_count,10,0.373,0.6084745197962227,0.0,2.0,15.82153350188611,0.000999000999000999
motif_4812f24418976639,fixed_node_edge_count,10,0.384,0.612306229691415,0.0,2.0,15.704560126468403,0.000999000999000999
motif_5139a11c6fa25d1c,fixed_node_edge_count,10,0.396,0.6241582920810804,0.0,2.0,15.38712234035722,0.000999000999000999
motif_53be75c89e34bb1f,fixed_node_edge_count,10,0.398,0.621274481998084,0.0,2.0,15.455326555693967,0.000999000999000999
motif_541c4c301a255708,fixed_node_edge_count,10,0.422,0.6247449930222039,0.0,2.0,15.331055241701778,0.000999000999000999
motif_543fefb4434ef21c,fixed_node_edge_count,10,0.411,0.6168139585478474,0.0,2.0,15.546016537263828,0.000999000999000999
motif_55287619332e2e6d,fixed_node_edge_count,10,0.408,0.6228353907124466,0.0,2.0,15.400537835571512,0.000999000999000999
motif_5610581d43484035,fixed_node_edge_count,10,0.379,0.5930520303571293,0.0,2.0,16.22285989680592,0.000999000999000999
motif_5f13290666a23cee,fixed_node_edge_count,10,0.44,0.6759118706287535,0.0,2.0,14.143855753127996,0.000999000999000999
motif_646d1b0fd44f33a6,fixed_node_edge_count,10,0.411,0.6469138254029702,0.0,2.0,14.822685222451229,0.000999000999000999
motif_665e7cb8512f89ef,fixed_node_edge_count,10,0.434,0.6309057315019753,0.0,2.0,15.162328573599353,0.000999000999000999
motif_6ed9352e60276e6a,fixed_node_edge_count,10,0.411,0.6264754356488995,0.0,2.0,15.306266541908018,0.000999000999000999
motif_70a153d6aa882dca,fixed_node_edge_count,10,0.433,0.6308002131490726,0.0,2.0,15.166450170078013,0.000999000999000999
motif_718f4d796f3469f1,fixed_node_edge_count,10,0.412,0.6485959271200176,0.0,2.0,14.78270152354166,0.000999000999000999
motif_8275d3f3f06eae6a,fixed_node_edge_count,10,0.437,0.657619543097267,0.0,2.0,14.541842772737608,0.000999000999000999
motif_82d3c8c8b210b8bd,fixed_node_edge_count,10,0.401,0.6392242232641122,0.0,2.0,15.016639937366582,0.000999000999000999
motif_88e876e35d492c3f,fixed_node_edge_count,10,0.421,0.6543601356953094,0.0,2.0,14.638727938127765,0.000999000999000999
motif_8e483057f04d2fef,fixed_node_edge_count,10,0.415,0.6026094407973901,0.0,2.0,15.905824487775787,0.000999000999000999
motif_925ab4362cf40f5c,fixed_node_edge_count,10,0.417,0.6208836416724918,0.0,2.0,15.434453989133942,0.000999000999000999
motif_95bcbd3f327e006a,fixed_node_edge_count,10,0.37,0.6094845949418871,0.0,2.0,15.800235280627886,0.000999000999000999
motif_966fe9270c5de3bb,fixed_node_edge_count,10,0.407,0.6416874338513712,0.0,2.0,14.949646033152565,0.000999000999000999
motif_9ab1765a28411628,fixed_node_edge_count,10,0.41,0.6263324135730857,0.0,2.0,15.311358301402933,0.000999000999000999
motif_9cd5325c6717ee11,fixed_node_edge_count,10,0.397,0.6338712746234748,0.0,2.0,15.149763657777784,0.000999000999000999
motif_9cf631b628e60026,fixed_node_edge_count,10,0.417,0.6208836416724915,0.0,2.0,15.434453989133948,0.000999000999000999
motif_a1b0fc812dc0b591,fixed_node_edge_count,10,0.388,0.6195480932420367,0.0,2.0,15.514534069020067,0.000999000999000999
motif_a3f0efa895fffa7d,fixed_node_edge_count,10,0.403,0.6156053686981411,0.0,2.0,15.589532658390182,0.000999000999000999
motif_a5e57e6b359561b2,fixed_node_edge_count,10,0.401,0.6249716710296478,0.0,2.0,15.35909617180814,0.000999000999000999
motif_a745a4c164b19b56,fixed_node_edge_count,10,0.422,0.6560078858873225,0.0,2.0,14.600434241799862,0.000999000999000999
motif_b04d4caabeafe92b,fixed_node_edge_count,10,0.415,0.638108284057015,0.0,2.0,15.020961550694397,0.000999000999000999
motif_b68f83d7cafbd49b,fixed_node_edge_count,10,0.423,0.649994994975721,0.0,2.0,14.733959605885467,0.000999000999000999
motif_b7206e69c07c085a,fixed_node_edge_count,10,0.438,0.648518755763148,0.0,2.0,14.744369249194442,0.000999000999000999
motif_ba7ba43df163a8e6,fixed_node_edge_count,10,0.398,0.6276862193723833,0.0,2.0,15.29745229965529,0.000999000999000999
motif_c0faf0f683e314db,fixed_node_edge_count,10,0.393,0.6394997732290131,0.0,2.0,15.022679291177182,0.000999000999000999
motif_c1698b4e5454a5a8,fixed_node_edge_count,10,0.377,0.5993581819164839,0.0,2.0,16.055507858806358,0.000999000999000999
motif_c2125ab27a9a73b4,fixed_node_edge_count,10,0.388,0.608133065887582,0.0,2.0,15.805751305384291,0.000999000999000999
motif_c8fd365a5b4c96d2,fixed_node_edge_count,10,0.398,0.6066003329738355,0.0,2.0,15.82920331237959,0.000999000999000999
motif_c9e5c94ef37c7f60,fixed_node_edge_count,10,0.413,0.6267565905707124,0.0,2.0,15.296209316714585,0.000999000999000999
motif_ca7031ab053d3d24,fixed_node_edge_count,10,0.396,0.6305407057292801,0.0,2.0,15.23137192053614,0.000999000999000999
motif_d1907273ee859220,fixed_node_edge_count,10,0.395,0.5994450219447424,0.0,2.0,16.023154164895878,0.000999000999000999
motif_dc631d3d5270c577,fixed_node_edge_count,10,0.414,0.6074314553700471,0.0,2.0,15.781204472132929,0.000999000999000999
motif_dee294f38b4a9bbe,fixed_node_edge_count,10,0.413,0.6219467966135184,0.0,2.0,15.414501774429786,0.000999000999000999
motif_e1f5247c359d8731,fixed_node_edge_count,10,0.359,0.6037246752315846,0.0,2.0,15.969199861347029,0.000999000999000999
motif_e951a01bcbd3ee08,fixed_node_edge_count,10,0.429,0.6598442197931187,0.0,2.0,14.50493876115305,0.000999000999000999
motif_ec1db3cb95c06b2e,fixed_node_edge_count,10,0.389,0.6245550969042405,0.0,2.0,15.3885542646906,0.000999000999000999
motif_f314c248ee7e3f6f,fixed_node_edge_count,10,0.389,0.6229502926133542,0.0,2.0,15.428197263830885,0.000999000999000999
motif_f84bb4f122e012b3,fixed_node_edge_count,10,0.388,0.6048320608415408,0.0,2.0,15.892014696817197,0.000999000999000999
motif_f9a0d4387c99e7b1,fixed_node_edge_count,10,0.39,0.6199066738504152,0.0,2.0,15.502333504992903,0.000999000999000999
motif_0de8303cce382a80,fixed_node_edge_count,10,0.107,0.33115051058493017,0.0,1.0,29.874633086101625,0.000999000999000999
motif_11b37f722cf31f41,fixed_node_edge_count,10,0.109,0.32438283589645367,0.0,1.0,30.491748962812906,0.000999000999000999
motif_1f10dcfeea4dfe48,fixed_node_edge_count,10,0.108,0.3262551799472948,0.0,1.0,30.319825118479383,0.000999000999000999
motif_1fe7588dae073b1d,fixed_node_edge_count,10,0.09,0.29998331618606616,0.0,1.0,33.03517050879347,0.000999000999000999
motif_321b8e708c7a5260,fixed_node_edge_count,10,0.115,0.3284552981501198,0.0,1.0,30.095419546199803,0.000999000999000999
motif_5c9acfa22cf0eada,fixed_node_edge_count,10,0.111,0.31745831187697693,0.0,1.0,31.15054679630576,0.000999000999000999
motif_66861aabd56c7f23,fixed_node_edge_count,10,0.108,0.326255179947295,0.0,1.0,30.31982511847936,0.000999000999000999
motif_68992352faf11e7c,fixed_node_edge_count,10,0.104,0.3395575051435341,0.0,1.0,29.143811725842635,0.000999000999000999
motif_6922283c67c5d574,fixed_node_edge_count,10,0.105,0.30995333692520627,0.0,1.0,31.924160256379903,0.000999000999000999
motif_7737e7d123e708ff,fixed_node_edge_count,10,0.103,0.3170039297729489,0.0,1.0,31.22043315705466,0.000999000999000999
motif_819743fa220d2e18,fixed_node_edge_count,10,0.105,0.322612893541283,0.0,1.0,30.67143377744074,0.000999000999000999
motif_81a3388ed7ffec5a,fixed_node_edge_count,10,0.085,0.27902124086322283,0.0,1.0,35.53492905889687,0.000999000999000999
motif_87e74184cc64b636,fixed_node_edge_count,10,0.104,0.31189947303784044,0.0,1.0,31.728171592003278,0.000999000999000999
motif_8d96322e33e3aea2,fixed_node_edge_count,10,0.101,0.3419296944050257,0.0,1.0,28.95039583275954,0.000999000999000999
motif_900c1f7b3f9af601,fixed_node_edge_count,10,0.089,0.2952391677372199,0.0,1.0,33.56939418289299,0.000999000999000999
motif_959a94cfb539270b,fixed_node_edge_count,10,0.103,0.31700392977294856,0.0,1.0,31.220433157054693,0.000999000999000999
motif_96c9206f12d38442,fixed_node_edge_count,10,0.106,0.3207286499002924,0.0,1.0,30.848506995168133,0.000999000999000999
motif_9a92522ed511dd94,fixed_node_edge_count,10,0.094,0.30208484777501876,0.0,1.0,32.792111464582995,0.000999000999000999
motif_9c8693fa7e4bea34,fixed_node_edge_count,10,0.09,0.29662769255075855,0.0,1.0,33.40888342144324,0.000999000999000999
motif_9d259e4620ffdf53,fixed_node_edge_count,10,0.107,0.32195442946891406,0.0,1.0,30.72795120824765,0.000999000999000999
motif_ad56782d83285014,fixed_node_edge_count,10,0.098,0.3138383254073562,0.0,1.0,31.55127719709628,0.000999000999000999
motif_b2436410dcd38e35,fixed_node_edge_count,10,0.116,0.33564364533930685,0.0,1.0,29.4478984996368,0.000999000999000999
motif_bd1dbc5a620e5dc8,fixed_node_edge_count,10,0.091,0.29462825018284294,0.0,1.0,33.632212776102044,0.000999000999000999
motif_d5245003374421ea,fixed_node_edge_count,10,0.101,0.31448036170466415,0.0,1.0,31.477323246328435,0.000999000999000999
motif_d88453a4ef944f25,fixed_node_edge_count,10,0.091,0.29121092665592424,0.0,1.0,34.026882554815074,0.000999000999000999
motif_dfbf33db7fa5e4ce,fixed_node_edge_count,10,0.103,0.3201460502544032,0.0,1.0,30.914015625478985,0.000999000999000999
motif_e1a5a6a241f98754,fixed_node_edge_count,10,0.109,0.330496941329613,0.0,1.0,29.927659724195312,0.000999000999000999
motif_e3a9e67bb90f6047,fixed_node_edge_count,10,0.122,0.34530455432159235,0.0,1.0,28.606631092390188,0.000999000999000999
motif_e6e5af1f0f12a765,fixed_node_edge_count,10,0.105,0.32875991708704916,0.0,1.0,30.097951379456024,0.000999000999000999
motif_ea18241d8395dcf8,fixed_node_edge_count,10,0.1,0.3163859985841687,0.0,1.0,31.2908916459724,0.000999000999000999
motif_eac06574eed16a88,fixed_node_edge_count,10,0.124,0.3560207167437773,0.0,1.0,27.739958759499963,0.000999000999000999
motif_ef3589435fa3d420,fixed_node_edge_count,10,0.103,0.31700392977294883,0.0,1.0,31.220433157054664,0.000999000999000999
motif_f01bf05e1a536a50,fixed_node_edge_count,10,0.114,0.34803035086774586,0.0,1.0,28.405568581450396,0.000999000999000999
motif_f205695701009af7,fixed_node_edge_count,10,0.105,0.3131662067865457,0.0,1.0,31.59664033209189,0.000999000999000999
motif_3868d21d1efc6810,fixed_node_edge_count,10,0.032,0.17608806605504887,0.0,1.0,56.60803837145779,0.000999000999000999
motif_4a4ec6c355aeecb3,fixed_node_edge_count,10,0.033,0.17872588772459136,0.0,1.0,55.76696317971968,0.000999000999000999
motif_662028c6c73754c0,fixed_node_edge_count,10,0.034,0.18131981931625032,0.0,1.0,54.96365503551338,0.000999000999000999
motif_8a00835776f980e6,fixed_node_edge_count,10,0.027,0.16216441439877358,0.0,1.0,61.49931251548012,0.000999000999000999
motif_ae40213626e63afb,fixed_node_edge_count,10,0.03,0.17067257872643077,0.0,1.0,58.41594516469342,0.000999000999000999
motif_d57fa831d1729624,fixed_node_edge_count,10,0.03,0.17644016303305687,0.0,1.0,56.50640890720598,0.000999000999000999
motif_d58cd5a27e05c0f1,fixed_node_edge_count,10,0.023,0.14997831007680285,0.0,0.0,66.52295251820645,0.000999000999000999
motif_e5f62aeb23c52e7c,fixed_node_edge_count,10,0.028,0.17101241254729102,0.0,1.0,58.311556754644265,0.000999000999000999
motif_f6d2bff6f269d8da,fixed_node_edge_count,10,0.026,0.159214789983057,0.0,1.0,62.64493393522922,0.000999000999000999
motif_28abb1de8d93f5d6,fixed_node_edge_count,10,0.009,0.0944877131056094,0.0,0.0,105.7386158646152,0.000999000999000999
motif_acce998414cf3c12,fixed_node_edge_count,10,0.006,0.07726558075864047,0.0,0.0,129.3460801287304,0.000999000999000999
motif_7343187d61f58156,degree_preserving_edge_swap,77,51.865,3.8977863837654447,44.0,59.025000000000006,6.448531942306804,0.004975124378109453
motif_1edae9dffc70a727,degree_preserving_edge_swap,74,43.345,4.156000082220534,35.0,51.025000000000006,7.376082625970777,0.004975124378109453
motif_05b3bb80d20cacfe,degree_preserving_edge_swap,73,20.185,3.7591797191414034,13.975000000000001,28.0,14.049607612817974,0.004975124378109453
motif_abe15baf9aebb8d4,degree_preserving_edge_swap,73,13.665,3.101754245098236,8.0,20.0,19.12949747510406,0.004975124378109453
motif_1c7c35aa2acba71b,degree_preserving_edge_swap,72,50.27,4.015935593789737,42.0,58.025000000000006,5.410943351184062,0.004975124378109453
motif_2f435833caec9e2b,degree_preserving_edge_swap,69,41.675,4.0671962612020165,34.975,49.0,6.718387371826603,0.004975124378109453
motif_06f133d1c67fa8e4,degree_preserving_edge_swap,69,15.16,3.2584486242974484,10.0,21.0,16.5232005189612,0.004975124378109453
motif_65eb65a7562a1bcb,degree_preserving_edge_swap,69,35.265,3.9168204467476295,28.0,44.0,8.612853322906897,0.004975124378109453
motif_144e36faf313d657,degree_preserving_edge_swap,68,9.97,2.6578980624833535,4.0,15.0,21.833041988743858,0.004975124378109453
motif_bfbc51aaa402bef0,degree_preserving_edge_swap,68,11.64,2.8585409357584908,6.9750000000000005,18.0,19.71635224634113,0.004975124378109453
motif_0627f8d8deb4fba4,degree_preserving_edge_swap,67,3.835,1.6798465471913064,1.0,7.0,37.60164885632649,0.004975124378109453
motif_e040651df1ee4832,degree_preserving_edge_swap,66,13.93,3.1583183617824004,8.0,21.0,16.486621687692764,0.004975124378109453
motif_5611ddee26c3f8a2,degree_preserving_edge_swap,66,30.425,3.976611900984966,22.0,37.0,8.946057821531047,0.004975124378109453
motif_e515cabc007964a7,degree_preserving_edge_swap,64,33.78,4.157888911575802,26.0,41.0,7.268111448544423,0.004975124378109453
motif_a192df3ab4dfeb21,degree_preserving_edge_swap,64,14.655,3.2261455446673333,8.0,21.0,15.295342171268423,0.004975124378109453
motif_58b9069656f5bf7c,degree_preserving_edge_swap,64,8.525,2.5241297818810526,4.0,14.0,21.97787150178089,0.004975124378109453
motif_9136b5cad501c9c7,degree_preserving_edge_swap,63,35.445,4.2847133911407775,27.0,43.0,6.431001909479797,0.004975124378109453
motif_2c556de84cb4e746,degree_preserving_edge_swap,63,24.925,3.825250016461957,17.0,32.0,9.953597761229803,0.004975124378109453
motif_4b3b17f7e5440be0,degree_preserving_edge_swap,62,41.485,4.344438482547914,31.0,49.0,4.7221292423430565,0.004975124378109453
motif_2f11035ec8a07441,degree_preserving_edge_swap,62,3.145,1.5150750018749999,1.0,6.0,38.846261688143,0.004975124378109453
motif_5ae0b065c6d1e840,degree_preserving_edge_swap,62,2.68,1.406231644212975,0.0,5.0,42.18366173462097,0.004975124378109453
motif_6315d36b8c285cde,degree_preserving_edge_swap,62,11.04,2.669086004703204,6.0,16.0,19.092678134089063,0.004975124378109453
motif_212edb45a5b61006,degree_preserving_edge_swap,61,34.54,4.125956566414591,27.0,42.025000000000006,6.4130582991069724,0.004975124378109453
motif_726f3861dd21cc38,degree_preserving_edge_swap,61,36.835,3.7880763737107155,29.0,44.025000000000006,6.379227242540652,0.004975124378109453
motif_4074b843a40a8667,degree_preserving_edge_swap,61,2.65,1.4588148283855595,0.0,5.0,39.9982224368906,0.004975124378109453
motif_52dd6e9ed5d3313a,degree_preserving_edge_swap,60,27.48,3.756348060785747,20.0,34.025000000000006,8.65734470654924,0.004975124378109453
motif_e5793275baa46474,degree_preserving_edge_swap,60,10.86,2.8160344904237746,5.0,16.025000000000006,17.450070362101673,0.004975124378109453
motif_99e10474d9641594,degree_preserving_edge_swap,60,7.295,2.331340977585399,3.0,12.0,22.607160645624337,0.004975124378109453
motif_fad3706020dd7d19,degree_preserving_edge_swap,60,3.91,1.7938756784539849,1.0,7.0,31.267495665218018,0.004975124378109453
motif_2411af643dc47294,degree_preserving_edge_swap,59,20.095,3.583319114926408,13.0,27.0,10.85725238311604,0.004975124378109453
motif_c03e15a1bea6ea46,degree_preserving_edge_swap,59,6.105,2.21551745376553,1.9750000000000005,11.0,23.87478370350853,0.004975124378109453
motif_329c5520ea9f137f,degree_preserving_edge_swap,58,43.33,4.227345770256619,36.0,51.0,3.470262618027923,0.004975124378109453
motif_857e39d6361c69c4,degree_preserving_edge_swap,58,14.21,3.2276911174628755,8.975000000000001,21.0,13.566973544364771,0.004975124378109453
motif_795694a86aef5c38,degree_preserving_edge_swap,58,29.68,3.698104906502448,23.0,36.025000000000006,7.657976373305258,0.004975124378109453
motif_48c393c748427b13,degree_preserving_edge_swap,58,23.745,3.475683657127346,17.0,30.0,9.85561500390164,0.004975124378109453
motif_7a01626f3ff4e596,degree_preserving_edge_swap,58,12.545,3.055265658041217,7.0,19.0,14.877593338034629,0.004975124378109453
motif_292d9b9a4fb005aa,degree_preserving_edge_swap,58,8.345,2.7502352571824193,4.0,15.0,18.054819081503197,0.004975124378109453
motif_b7d6452102fa13a0,degree_preserving_edge_swap,58,1.92,1.225196118030984,0.0,4.0,45.77226386427531,0.004975124378109453
motif_67cab77b48831591,degree_preserving_edge_swap,57,14.89,3.4536267442273196,8.975000000000001,21.025000000000006,12.192979473067313,0.004975124378109453
motif_971292dd18d037f2,degree_preserving_edge_swap,57,10.97,3.071853090080184,5.0,16.025000000000006,14.984440547838336,0.004975124378109453
motif_cb84fd61ebf8f384,degree_preserving_edge_swap,57,28.34,3.839022069780442,20.975,35.025000000000006,7.465442885989738,0.004975124378109453
motif_e0af2d1455e23c50,degree_preserving_edge_swap,57,27.705,3.887614012934904,20.0,35.0,7.535470317405333,0.004975124378109453
motif_eedbe58232b2165f,degree_preserving_edge_swap,57,9.845,2.667687723281105,5.0,15.025000000000006,17.676356789617795,0.004975124378109453
motif_394a686a6740f667,degree_preserving_edge_swap,57,2.22,1.3115643350690533,0.0,5.0,41.76691797365461,0.004975124378109453
motif_db33a8dd2fbd76cd,degree_preserving_edge_swap,57,2.225,1.3577897351298993,0.0,5.0,40.341297759744585,0.004975124378109453
motif_eeb4d747c66beaa4,degree_preserving_edge_swap,56,12.23,2.924012524978502,7.0,17.025000000000006,14.96915612573233,0.004975124378109453
motif_e867f6bd35d65ed5,degree_preserving_edge_swap,56,10.75,2.737695175575955,6.0,16.0,16.52850193246234,0.004975124378109453
motif_55909787035f2b7d,degree_preserving_edge_swap,56,9.42,2.5189931784675057,5.0,14.025000000000006,18.491514942624075,0.004975124378109453
motif_daeb8129eeb1418a,degree_preserving_edge_swap,56,7.615,2.5414701162435076,3.0,14.0,19.038193560000156,0.004975124378109453
motif_9ff7fa6a2454292d,degree_preserving_edge_swap,56,5.2,2.0496353395483866,1.0,9.025000000000006,24.78489662029012,0.004975124378109453
motif_022aef1c1df514fd,degree_preserving_edge_swap,55,10.635,2.6318068005033894,6.0,15.0,16.857240429470068,0.004975124378109453
motif_f39afc6a70122d9e,degree_preserving_edge_swap,54,11.84,2.8645116749069808,6.0,18.0,14.718040903557867,0.004975124378109453
motif_1cc5c04e6b29c149,degree_preserving_edge_swap,54,11.605,3.0587176673966203,6.0,17.025000000000006,13.860383536504642,0.004975124378109453
motif_294c7240155eb509,degree_preserving_edge_swap,54,11.875,3.1189766070582965,6.0,18.025000000000006,13.506032685423294,0.004975124378109453
motif_34710843320b2fac,degree_preserving_edge_swap,54,7.88,2.5352985412900293,3.0,12.050000000000011,18.19115155429896,0.004975124378109453
motif_4d469c53f6e01433,degree_preserving_edge_swap,54,8.12,2.545189570493475,3.9750000000000005,14.0,18.02616218920956,0.004975124378109453
motif_e2e373750f40345c,degree_preserving_edge_swap,54,26.675,3.4113872272244836,20.0,33.025000000000006,8.009937946045403,0.004975124378109453
motif_c8639dca025e0856,degree_preserving_edge_swap,54,8.55,2.6538111401980364,4.0,13.0,17.12631291336292,0.004975124378109453
motif_09058bc7eec93ac2,degree_preserving_edge_swap,54,18.965,3.1850427763904827,13.0,25.0,10.999852265627702,0.004975124378109453
motif_29d0f405b61cb8e4,degree_preserving_edge_swap,54,4.21,1.9888887329259513,1.0,8.0,25.034080175390958,0.004975124378109453
motif_65bcc7505246fac6,degree_preserving_edge_swap,54,0.88,0.8998045572267509,0.0,3.0,59.035042191516425,0.004975124378109453
motif_ece794950718732c,degree_preserving_edge_swap,54,0.59,0.6886736213794747,0.0,2.0,77.55487990525178,0.004975124378109453
motif_684a163fba0cf367,degree_preserving_edge_swap,53,31.115,3.978810079438477,24.0,38.025000000000006,5.5003881972392605,0.004975124378109453
motif_37830cccbe20e8cf,degree_preserving_edge_swap,53,22.295,3.3201039821459357,16.0,29.0,9.248204322851945,0.004975124378109453
motif_e233cf1dfe3768b5,degree_preserving_edge_swap,53,10.125,2.587052221347667,5.0,15.0,16.572916327782988,0.004975124378109453
motif_ed5e4d011e2b456c,degree_preserving_edge_swap,53,31.06,4.096376631553511,23.0,39.0,5.355952826944887,0.004975124378109453
motif_0b0d398a14e5f2a3,degree_preserving_edge_swap,53,7.67,2.496449740437942,3.0,13.0,18.15778594126551,0.004975124378109453
motif_7efc4f61929ef0b8,degree_preserving_edge_swap,53,6.68,2.3226219805042754,2.0,11.0,19.942978404924613,0.004975124378109453
motif_8543fd62cd4a1170,degree_preserving_edge_swap,53,21.465,3.2806383433256543,15.975000000000001,28.025000000000006,9.612458521725467,0.004975124378109453
motif_8da5991d298f106b,degree_preserving_edge_swap,53,5.995,2.065503941575352,2.0,10.0,22.75715821880711,0.004975124378109453
motif_e0b714267ead3086,degree_preserving_edge_swap,53,2.725,1.5561113109479991,0.0,6.0,32.30810009945365,0.004975124378109453
motif_e5b4b238cd487bc9,degree_preserving_edge_swap,52,8.26,2.266735637929863,4.0,13.0,19.296471660871024,0.004975124378109453
motif_2ac06cbfd625bf4e,degree_preserving_edge_swap,52,5.86,2.321063696544558,2.0,11.025000000000006,19.878816797957807,0.004975124378109453
motif_4fafa389d6f3cf6a,degree_preserving_edge_swap,51,3.695,1.8787291224596192,1.0,7.025000000000006,25.179255186116784,0.004975124378109453
motif_a3bae32cb507520e,degree_preserving_edge_swap,51,24.9,3.5543165066079467,19.0,32.0,7.343183971229527,0.004975124378109453
motif_6156682426cc8896,degree_preserving_edge_swap,51,17.665,2.9895588824369717,12.975000000000001,23.025000000000006,11.15047447161389,0.004975124378109453
motif_2f49498d56eb193d,degree_preserving_edge_swap,51,8.455,2.5770488750744747,3.9750000000000005,13.0,16.509194067485616,0.004975124378109453
motif_4351f61c6294e968,degree_preserving_edge_swap,51,6.89,2.3846030399820117,2.9750000000000005,12.0,18.497837694752224,0.004975124378109453
motif_f219a667fad3d6dc,degree_preserving_edge_swap,51,8.87,2.7896254318906832,4.0,14.025000000000006,15.102385975684978,0.004975124378109453
motif_f36a38d96b0a0951,degree_preserving_edge_swap,50,3.655,1.8744446413719031,1.0,7.0,24.72465656071879,0.004975124378109453
motif_1e95a6dab5da9df2,degree_preserving_edge_swap,50,7.72,2.383275057562598,3.0,12.0,17.740293914391998,0.004975124378109453
motif_2ad1cf6160fe23c7,degree_preserving_edge_swap,50,8.605,2.6972859987020237,3.0,14.0,15.346907973392485,0.004975124378109453
motif_40a677a453ac6467,degree_preserving_edge_swap,50,8.885,2.673483226581769,4.0,14.025000000000006,15.37881352357252,0.004975124378109453
motif_7148880977761506,degree_preserving_edge_swap,50,2.635,1.666029191320386,0.0,5.025000000000006,28.429874006266118,0.004975124378109453
motif_77a83db3cef85faa,degree_preserving_edge_swap,50,6.06,2.2808796680889394,2.0,10.025000000000006,19.264497209015687,0.004975124378109453
motif_d0038ba3c8704588,degree_preserving_edge_swap,50,3.065,1.7337254742607062,0.0,6.025000000000006,27.071760031682054,0.004975124378109453
motif_3c069e7c4f04b0c0,degree_preserving_edge_swap,50,6.565,2.1608148007210293,2.0,10.025000000000006,20.101213665098204,0.004975124378109453
motif_9f155f3c63b0ae66,degree_preserving_edge_swap,50,5.165,2.090364349958612,1.0,9.0,21.44841400538031,0.004975124378109453
motif_1bd7b111855e755d,degree_preserving_edge_swap,49,19.295,3.241994392066549,13.0,25.025000000000006,9.162569828217716,0.004975124378109453
motif_2de10e214c2ecf82,degree_preserving_edge_swap,49,7.685,2.436278362853174,4.0,13.0,16.958242797680633,0.004975124378109453
motif_bac9340a022e2595,degree_preserving_edge_swap,49,23.68,3.7346133244844895,15.975000000000001,31.0,6.779818364059167,0.004975124378109453
motif_ec1808fd0b66f7a0,degree_preserving_edge_swap,49,7.985,2.483063232194335,3.9750000000000005,13.0,16.51790396161365,0.004975124378109453
motif_5d8278297502c784,degree_preserving_edge_swap,49,6.62,2.2181526108510066,3.0,11.025000000000006,19.105989278050927,0.004975124378109453
motif_508757ac2e89a6f3,degree_preserving_edge_swap,49,1.76,1.1787055330608829,0.0,4.0,40.07786395752835,0.004975124378109453
motif_6448517953121ee6,degree_preserving_edge_swap,49,6.0,2.281672665119554,2.0,10.025000000000006,18.845823354660254,0.004975124378109453
motif_eba470805227f98f,degree_preserving_edge_swap,49,1.47,1.1687299295565277,0.0,4.0,40.66807805464105,0.004975124378109453
motif_f86305e1294efd83,degree_preserving_edge_swap,49,3.015,1.6699456856331656,1.0,6.0,27.536823739608412,0.004975124378109453
motif_8d08924ed3622983,degree_preserving_edge_swap,49,2.17,1.480560806420168,0.0,5.0,31.629906584674323,0.004975124378109453
motif_5b961f2be4f41e18,degree_preserving_edge_swap,48,7.19,2.2313211265636466,2.9750000000000005,11.025000000000006,18.289613052178453,0.004975124378109453
motif_042d5c92b6ddeb0e,degree_preserving_edge_swap,48,13.93,3.0150543550355944,8.975000000000001,19.0,11.299962119454985,0.004975124378109453
motif_8288677f41522d3e,degree_preserving_edge_swap,48,4.855,1.937198671656404,1.0,9.0,22.27185091093874,0.004975124378109453
motif_de554d8eb3595187,degree_preserving_edge_swap,48,6.08,2.194923334016716,2.9750000000000005,11.0,19.098616954099388,0.004975124378109453
motif_e1b45ea8e38bda1d,degree_preserving_edge_swap,48,5.175,1.957943490902595,2.0,9.025000000000006,21.87243921950886,0.004975124378109453
motif_e7b678b80985a50a,degree_preserving_edge_swap,47,21.745,3.6916277680569936,15.0,28.025000000000006,6.841155605808114,0.004975124378109453
motif_a23b58bb6552ca3b,degree_preserving_edge_swap,47,15.715,2.964407793782629,11.0,22.0,10.553541272430628,0.004975124378109453
motif_2cdb329eb88af463,degree_preserving_edge_swap,47,6.075,1.9821755977971567,2.0,10.0,20.646505811836757,0.004975124378109453
motif_627e0dce19fa9636,degree_preserving_edge_swap,47,6.035,2.146347838824391,2.0,10.0,19.08590921704358,0.004975124378109453
motif_1f4787323fa6b30a,degree_preserving_edge_swap,47,4.06,1.726646035718763,1.0,7.025000000000006,24.869023014392795,0.004975124378109453
motif_7611ddb360618444,degree_preserving_edge_swap,47,4.455,1.9511560804434014,1.0,8.0,21.805021354484172,0.004975124378109453
motif_b8f74c60dd14740c,degree_preserving_edge_swap,46,17.4,3.226772427908039,11.0,23.0,8.86334584758485,0.004975124378109453
motif_8e4c0f6b5f4dcf4c,degree_preserving_edge_swap,46,12.41,2.6659777166978813,8.0,18.0,12.599505160757706,0.004975124378109453
motif_fb71835b862676ea,degree_preserving_edge_swap,46,16.945,3.4788629517682814,10.0,23.0,8.351866803270175,0.004975124378109453
motif_34712bfa3ca77994,degree_preserving_edge_swap,45,30.24,4.094658857069647,22.0,38.025000000000006,3.604695901470784,0.004975124378109453
motif_130e8d015ee1c8e6,degree_preserving_edge_swap,45,8.53,2.596692910290271,4.0,14.0,14.044787450789936,0.004975124378109453
motif_165c840f51ada343,degree_preserving_edge_swap,45,15.4,2.896887950714521,10.0,21.0,10.217861547837611,0.004975124378109453
motif_0145829533663255,degree_preserving_edge_swap,45,7.375,2.3067249293094068,3.9750000000000005,12.0,16.311004195573624,0.004975124378109453
motif_3ca241df6e5e399b,degree_preserving_edge_swap,45,8.875,2.778122535836136,5.0,15.025000000000006,13.003386112026696,0.004975124378109453
motif_472d9dc1836bab98,degree_preserving_edge_swap,45,2.405,1.4668788867325435,0.0,6.0,29.037843809232193,0.004975124378109453
motif_5bad6588e3c14b16,degree_preserving_edge_swap,45,0.575,0.785787701327648,0.0,3.0,56.53562651202174,0.004975124378109453
motif_ebb94316f5d3356b,degree_preserving_edge_swap,45,7.63,2.3302899511179715,4.0,13.0,16.03663097035264,0.004975124378109453
motif_290c1bbabab0f535,degree_preserving_edge_swap,45,1.95,1.3176421762081738,0.0,5.0,32.67199606792075,0.004975124378109453
motif_5d4a3de6daa53094,degree_preserving_edge_swap,45,6.61,2.2277148757951934,3.0,11.0,17.2329055289432,0.004975124378109453
motif_a32ef714ca7c1caf,degree_preserving_edge_swap,45,1.195,1.0109824069367768,0.0,3.0250000000000057,43.32914173326402,0.004975124378109453
motif_5665f6ba7fc7cdc0,degree_preserving_edge_swap,44,20.485,3.3249135704941697,14.0,27.0,7.072364289007685,0.004975124378109453
motif_4b20edf7a84d17a9,degree_preserving_edge_swap,44,5.245,1.9785216043029366,1.0,9.0,19.587857881215292,0.004975124378109453
motif_4b7f33281feedeaf,degree_preserving_edge_swap,44,5.97,2.227985547078336,2.0,10.0,17.06923101447878,0.004975124378109453
motif_57abb9a1ba9ef16c,degree_preserving_edge_swap,44,1.95,1.3478067051965805,0.0,5.0,31.1988357365138,0.004975124378109453
motif_0c0cba279f8eaafe,degree_preserving_edge_swap,44,4.475,1.9821755977971551,1.0,9.0,19.94021117196942,0.004975124378109453
motif_3a44a0047355a92b,degree_preserving_edge_swap,44,3.615,1.758475527525056,0.0,7.0,22.965915287339456,0.004975124378109453
motif_72376cc605a69c03,degree_preserving_edge_swap,44,4.475,1.8237338142189574,1.0,8.0,21.672570685392046,0.004975124378109453
motif_7ed0d1a35df795fc,degree_preserving_edge_swap,44,10.96,2.730508815579947,5.9750000000000005,16.0,12.100308855066801,0.004975124378109453
motif_396f8c618dc38f26,degree_preserving_edge_swap,44,3.04,1.5590230158080076,0.0,6.0,26.272864213471106,0.004975124378109453
motif_904ccc169bdd8cf0,degree_preserving_edge_swap,43,9.65,2.833308700257487,5.0,16.0,11.770690569993027,0.004975124378109453
motif_94bb9d085649fe12,degree_preserving_edge_swap,43,1.165,0.9498875892234845,0.0,3.0,44.04205347518998,0.004975124378109453
motif_738262c87e2a834c,degree_preserving_edge_swap,43,8.16,2.37541850319615,4.0,13.0,14.666889204206512,0.004975124378109453
motif_5bf36971a980c4ca,degree_preserving_edge_swap,43,1.37,1.0858153502665042,0.0,4.0,38.33985215790352,0.004975124378109453
motif_b8b1456b837147f2,degree_preserving_edge_swap,43,6.075,2.1824735862717493,2.0,10.025000000000006,16.91887600943561,0.004975124378109453
motif_cebe0606f15d5cc0,degree_preserving_edge_swap,43,6.255,2.196382361381308,3.0,11.0,16.729782867538155,0.004975124378109453
motif_d398da6c713f53b7,degree_preserving_edge_swap,43,6.3,2.131364250389689,3.0,11.0,17.21901828525553,0.004975124378109453
motif_a328587a896f8edc,degree_preserving_edge_swap,43,4.505,1.9542441893885207,1.0,9.0,19.698152466834255,0.004975124378109453
motif_2f35404608f3f2ef,degree_preserving_edge_swap,43,3.32,1.6976483882863542,1.0,7.0,23.373509069244847,0.004975124378109453
motif_2aa95981fc3e8f36,degree_preserving_edge_swap,42,38.36,3.7511003410791637,31.0,45.0,0.9703819330390931,0.208955223880597
motif_61367486903318cd,degree_preserving_edge_swap,42,22.515,3.510182603447825,16.0,29.025000000000006,5.550993267661103,0.004975124378109453
motif_24fa1a057d5acded,degree_preserving_edge_swap,42,24.275,4.03618992934285,17.0,32.025000000000006,4.391517820095718,0.004975124378109453
motif_d9bff20e093a1be3,degree_preserving_edge_swap,42,22.01,3.6159751633424624,15.0,29.025000000000006,5.528245935605941,0.004975124378109453
motif_a5f0aedaba53c141,degree_preserving_edge_swap,42,16.405,3.0786956384434716,10.975000000000001,23.0,8.313585688821234,0.004975124378109453
motif_2d9dea63090b7772,degree_preserving_edge_swap,42,7.0,2.1313642503896877,3.0,12.0,16.42140708403117,0.004975124378109453
motif_5ded3e44b292b50e,degree_preserving_edge_swap,42,1.66,1.22141692164568,0.0,4.0,33.027215592893356,0.004975124378109453
motif_752a9ee5cce96695,degree_preserving_edge_swap,42,6.51,2.210050136996941,2.0,11.0,16.058459220397822,0.004975124378109453
motif_f31ec24997c9f33d,degree_preserving_edge_swap,42,14.835,2.9497934515886306,9.0,21.0,9.209119365754274,0.004975124378109453
motif_825fab86668eb8ff,degree_preserving_edge_swap,42,5.325,1.8913649321409831,2.0,9.025000000000006,19.390758164520218,0.004975124378109453
motif_9346ea0f68c7424e,degree_preserving_edge_swap,42,1.135,0.9958582571539533,0.0,3.0,41.03495623643008,0.004975124378109453
motif_fc5100af43da23a5,degree_preserving_edge_swap,41,9.985,2.7700434479476277,5.0,16.0,11.19657528223232,0.004975124378109453
motif_08f3fda7af28ee0d,degree_preserving_edge_swap,41,22.155,3.8202021836047,15.0,29.025000000000006,4.9329849820194775,0.004975124378109453
motif_ba42a46d0a454734,degree_preserving_edge_swap,41,17.99,3.3878144034407787,11.0,25.0,6.791989542470293,0.004975124378109453
motif_f436a966bfb8a0f7,degree_preserving_edge_swap,41,0.96,0.9288237549929458,0.0,3.0,43.10828592051254,0.004975124378109453
motif_60b43b9090a793bc,degree_preserving_edge_swap,41,17.43,3.6471369648261094,11.0,24.025000000000006,6.462603468779733,0.004975124378109453
motif_b0af780cd01e57bf,degree_preserving_edge_swap,41,2.095,1.350962805747282,0.0,5.0,28.797980103145616,0.004975124378109453
motif_f5528311f24310da,degree_preserving_edge_swap,41,2.25,1.5490311447602292,0.0,5.025000000000006,25.01563647127187,0.004975124378109453
motif_fd2c20ed817a1487,degree_preserving_edge_swap,41,6.6,2.441269955366442,2.9750000000000005,12.0,14.091026649626077,0.004975124378109453
motif_9ce65289eb9b60cb,degree_preserving_edge_swap,41,11.8,2.7104858731123675,7.0,18.0,10.772976273243048,0.004975124378109453
motif_67b3ff2f437cc158,degree_preserving_edge_swap,40,32.33,3.824162797989599,24.0,39.0,2.0056677513918073,0.024875621890547265
motif_e744486a4774c589,degree_preserving_edge_swap,40,12.185,2.8017896290814104,7.0,18.0,9.92758332434808,0.004975124378109453
motif_2f1cad9346e74372,degree_preserving_edge_swap,40,7.25,2.5356751056091613,3.0,13.0,12.915692522103402,0.004975124378109453
motif_1890479618ebbd5a,degree_preserving_edge_swap,40,16.23,3.333566156023144,10.0,23.025000000000006,7.130501957206387,0.004975124378109453
motif_a79cab0e1b2c2fbf,degree_preserving_edge_swap,40,6.6,2.1242793634713752,3.0,11.0,15.72297908379604,0.004975124378109453
motif_8772d8cec906d3dc,degree_preserving_edge_swap,39,32.47,3.608908575390576,25.975,40.0,1.8094113119208868,0.06467661691542288
motif_2768109c9ad0c060,degree_preserving_edge_swap,39,7.955,2.377231826259041,3.0,12.0,13.059306903548542,0.004975124378109453
motif_d1f6be288fa1eb5b,degree_preserving_edge_swap,39,8.43,2.601719570518331,4.0,14.0,11.74992122379648,0.004975124378109453
motif_1ad6eca41bc12d2a,degree_preserving_edge_swap,39,7.03,2.4879811597470516,3.0,12.025000000000006,12.849775760862405,0.004975124378109453
motif_280c39cdcfcace26,degree_preserving_edge_swap,39,5.34,2.1511712364296365,2.0,10.0,15.647289918150129,0.004975124378109453
motif_87cc0947b79bd1a4,degree_preserving_edge_swap,39,5.99,2.207775205219934,2.0,11.0,14.951703380830208,0.004975124378109453
motif_a286a547b110eed9,degree_preserving_edge_swap,39,5.61,2.300950207913349,1.9750000000000005,11.0,14.511396155017287,0.004975124378109453
motif_aeb7b3cc0e77bf78,degree_preserving_edge_swap,39,4.74,1.9955729898425025,1.0,9.0,17.16800145842018,0.004975124378109453
motif_c297aea309bced17,degree_preserving_edge_swap,39,0.85,0.9008650226003463,0.0,3.0,42.34818651286965,0.004975124378109453
motif_ef33fbd9d0acc07e,degree_preserving_edge_swap,39,13.4,3.133543597492611,7.0,20.0,8.169664535857912,0.004975124378109453
motif_f3686eff0a11ab0b,degree_preserving_edge_swap,39,5.44,2.087628069071181,2.0,10.0,16.0756604575313,0.004975124378109453
motif_5bfc4a225f2f79e3,degree_preserving_edge_swap,39,4.65,1.9791628096585874,1.0,8.025000000000006,17.3558232967835,0.004975124378109453
motif_a1bf96e5bcfd11c0,degree_preserving_edge_swap,39,5.185,2.1988519160561295,1.0,10.0,15.378479902662445,0.004975124378109453
motif_a74b93da382c579d,degree_preserving_edge_swap,39,4.045,1.8601818142078348,1.0,7.0,18.791173923440226,0.004975124378109453
motif_bc3158d22549bb20,degree_preserving_edge_swap,39,4.21,1.8310279398695455,1.0,8.0,19.000256218088442,0.004975124378109453
motif_bc9fa3f671bd8fbc,degree_preserving_edge_swap,39,4.61,1.874960636102709,1.0,9.0,18.34171840081028,0.004975124378109453
motif_0993068cca98bb75,degree_preserving_edge_swap,39,3.51,1.600847765354095,1.0,7.0,22.16950341442985,0.004975124378109453
motif_e390ceeffbb5a40b,degree_preserving_edge_swap,38,5.45,2.116577307231522,1.0,9.025000000000006,15.378601995206742,0.004975124378109453
motif_49217163f0dffbc8,degree_preserving_edge_swap,38,26.82,3.2957411226822253,19.0,33.0,3.3922567288601853,0.004975124378109453
motif_589b182e5642be3c,degree_preserving_edge_swap,38,23.85,3.843352284649379,15.0,31.0,3.681681759050842,0.004975124378109453
motif_8d85dc8910d4a0d4,degree_preserving_edge_swap,38,5.355,2.14053367693913,2.0,10.0,15.250869608686056,0.004975124378109453
motif_91f8b80b46fb6115,degree_preserving_edge_swap,38,10.625,2.5802448171797407,6.0,16.0,10.609458380744437,0.004975124378109453
motif_a25aafa6bbcffed2,degree_preserving_edge_swap,38,26.915,3.6461275664951405,20.0,35.0,3.0402117857482196,0.009950248756218905
motif_15072348c6870401,degree_preserving_edge_swap,37,22.52,3.742946465180343,14.975000000000001,30.025000000000006,3.8686099666943337,0.004975124378109453
motif_029c13843bbf61d1,degree_preserving_edge_swap,37,16.35,3.1299332919505325,10.0,23.0,6.597584700321582,0.004975124378109453
motif_37475eace4a84e41,degree_preserving_edge_swap,37,2.85,1.615720509190589,0.0,6.025000000000006,21.136081275039192,0.004975124378109453
motif_39ec7fe0f96a2be6,degree_preserving_edge_swap,37,11.5,3.1876016093766335,6.0,18.0,7.999744988517174,0.004975124378109453
motif_54c504eb0430ba25,degree_preserving_edge_swap,37,16.01,3.3833615943898088,9.975000000000001,22.025000000000006,6.203889065480025,0.004975124378109453
motif_a314b9317c488409,degree_preserving_edge_swap,37,7.195,2.2477179940785543,3.0,12.0,13.260115405277286,0.004975124378109453
motif_f4bfcdb57c53a8e9,degree_preserving_edge_swap,37,22.775,3.429750858994553,16.0,29.0,4.147531580229744,0.004975124378109453
motif_a60a2225f65ee9fa,degree_preserving_edge_swap,37,12.73,3.161816792152207,7.0,18.025000000000006,7.675966570940921,0.004975124378109453
motif_d15afefdf81c9369,degree_preserving_edge_swap,37,4.51,1.8835175048177204,1.0,8.025000000000006,17.24964058836515,0.004975124378109453
motif_07019d963bc595b3,degree_preserving_edge_swap,37,0.785,0.8320073202229193,0.0,3.0,43.52726126291405,0.004975124378109453
motif_4215b9a5488b5aa2,degree_preserving_edge_swap,37,3.875,1.8209763243571693,1.0,8.0,18.190791146992865,0.004975124378109453
motif_9aa9557464dbe999,degree_preserving_edge_swap,37,6.9,2.2992242519606503,2.0,12.0,13.091372002679773,0.004975124378109453
motif_c965da534d6c6b89,degree_preserving_edge_swap,37,12.09,3.1562174422421494,6.0,17.0,7.892358640000467,0.004975124378109453
motif_e188e11aa9d19f55,degree_preserving_edge_swap,37,5.56,2.289675318757362,1.0,10.0,13.731204482329362,0.004975124378109453
motif_e5a69fb349d827dd,degree_preserving_edge_swap,37,6.505,2.2394307873333097,3.0,11.0,13.617299615815822,0.004975124378109453
motif_ab039606710983b0,degree_preserving_edge_swap,37,9.545,2.817385901253663,5.0,15.025000000000006,9.744848935242858,0.004975124378109453
motif_5c6c6345350ffc64,degree_preserving_edge_swap,36,9.005,2.4028824817509356,4.9750000000000005,13.0,11.234423741076695,0.004975124378109453
motif_6a6b5b0ababd7fc9,degree_preserving_edge_swap,36,17.115,3.4322992864783526,12.0,24.0,5.502142565014081,0.004975124378109453
motif_b462ae70ca309b24,degree_preserving_edge_swap,36,5.515,2.312251616431145,1.9750000000000005,10.025000000000006,13.18411879718013,0.004975124378109453
motif_fbbeca09a9cbe02e,degree_preserving_edge_swap,36,6.21,2.156187776758604,2.0,11.0,13.816050865840307,0.004975124378109453
motif_0e63e1f3da53f70b,degree_preserving_edge_swap,36,4.79,1.9010444101194028,2.0,9.0,16.417291376186068,0.004975124378109453
motif_5a1d60dbf66e3db1,degree_preserving_edge_swap,36,4.2,2.044726026296205,1.0,8.025000000000006,15.552205816836098,0.004975124378109453
motif_5bf76cb491ac43d3,degree_preserving_edge_swap,36,18.9,3.101304637126334,13.0,24.025000000000006,5.513808542151101,0.004975124378109453
motif_68738de32e9c0312,degree_preserving_edge_swap,36,2.325,1.4175408673307315,0.0,6.0,23.75592885968145,0.004975124378109453
motif_82337625a556d562,degree_preserving_edge_swap,36,17.26,3.621876578480931,9.0,23.025000000000006,5.174113361935661,0.004975124378109453
motif_9737518e452322bd,degree_preserving_edge_swap,36,6.005,2.106456931442013,2.0,10.025000000000006,14.239550570571781,0.004975124378109453
motif_a11a2373437f53ac,degree_preserving_edge_swap,36,1.29,1.1145001358294306,0.0,4.0,31.14400697149149,0.004975124378109453
motif_b958f616b5f82bc4,degree_preserving_edge_swap,36,12.71,2.7811100057929408,7.9750000000000005,18.025000000000006,8.374354107348456,0.004975124378109453
motif_ebed88d2a144263b,degree_preserving_edge_swap,36,4.03,1.6224245148951193,1.0,7.0,19.70507700450192,0.004975124378109453
motif_b7999bf61588abbf,degree_preserving_edge_swap,35,18.015,3.539408433665363,11.975000000000001,24.075000000000017,4.798824526281237,0.004975124378109453
motif_e153f64de5d09b33,degree_preserving_edge_swap,35,6.84,2.36906359381883,3.0,12.0,11.886553013381661,0.004975124378109453
motif_66d789541717095f,degree_preserving_edge_swap,35,12.99,3.0719839561976348,7.9750000000000005,19.0,7.164750960237109,0.004975124378109453
motif_f5e851e8a26bb0d0,degree_preserving_edge_swap,35,5.865,2.227461091595736,2.0,10.025000000000006,13.079914217099931,0.004975124378109453
motif_0dede2e6fa5a899a,degree_preserving_edge_swap,35,12.69,2.9847013604471853,7.0,19.025000000000006,7.474784678845521,0.004975124378109453
motif_138711240361b16d,degree_preserving_edge_swap,35,5.59,2.020473102466089,2.0,9.025000000000006,14.55599679307961,0.004975124378109453
motif_2640c36f9d12e013,degree_preserving_edge_swap,35,5.4,2.105269769891759,2.0,10.0,14.059955841916574,0.004975124378109453
motif_30a6e62e9c0d1251,degree_preserving_edge_swap,35,7.825,2.162813866030889,4.0,12.0,12.564650350550272,0.004975124378109453
motif_4f19d2064be25086,degree_preserving_edge_swap,35,14.265,2.9949329066905475,8.0,20.0,6.9233604377844085,0.004975124378109453
motif_9299e8337472a50e,degree_preserving_edge_swap,35,2.24,1.429200148798842,0.0,5.025000000000006,22.9219119712049,0.004975124378109453
motif_a6141d4b71e71270,degree_preserving_edge_swap,35,8.69,2.769884709971278,4.0,14.025000000000006,9.498590286190222,0.004975124378109453
motif_0f41a99567ec9bba,degree_preserving_edge_swap,35,4.58,1.9832464122388553,1.0,9.0,15.338487346945127,0.004975124378109453
motif_2365c8970a548362,degree_preserving_edge_swap,35,3.61,1.673890542341014,1.0,7.0,18.752719610984613,0.004975124378109453
motif_564f9cbbae11e040,degree_preserving_edge_swap,35,9.98,2.3912739188085244,5.0,14.025000000000006,10.463042231676436,0.004975124378109453
motif_632e37d2fe836c60,degree_preserving_edge_swap,35,9.015,2.3542488052850152,4.0,14.0,11.037490999960026,0.004975124378109453
motif_a789c00a2ba82862,degree_preserving_edge_swap,34,2.42,1.3976290044825401,0.0,6.0,22.595409725123883,0.004975124378109453
motif_26c1177b7e91b833,degree_preserving_edge_swap,34,8.185,2.4680419679938383,4.0,13.025000000000006,10.459708681932934,0.004975124378109453
motif_561aab0d2e3fcfbf,degree_preserving_edge_swap,34,19.705,3.586402993552285,13.0,27.0,3.9858878173199916,0.004975124378109453
motif_865a7e1db6e3d015,degree_preserving_edge_swap,34,0.865,0.8307984897995823,0.0,3.0,39.88331756355662,0.004975124378109453
motif_e7b47efe0af02072,degree_preserving_edge_swap,34,5.455,2.1238002820865605,2.0,10.0,13.440529338265048,0.004975124378109453
motif_204392044e79cf6a,degree_preserving_edge_swap,34,1.43,1.1883437230111933,0.0,4.0,27.407895013295928,0.004975124378109453
motif_5d4f727711085252,degree_preserving_edge_swap,34,16.08,3.2054601657752446,10.0,22.0,5.590460986329564,0.004975124378109453
motif_aa915ce5086e7958,degree_preserving_edge_swap,34,7.165,2.3441952257184995,3.0,12.0,11.447425413032752,0.004975124378109453
motif_1ccba954f9a8e8c0,degree_preserving_edge_swap,34,0.785,0.8012396174822592,0.0,2.0250000000000057,41.45451532260939,0.004975124378109453
motif_2d48a4fd368d5657,degree_preserving_edge_swap,34,3.775,1.7691877022035118,1.0,7.025000000000006,17.084111517593616,0.004975124378109453
motif_58108fef281175a5,degree_preserving_edge_swap,34,6.795,2.4315710329830407,2.9750000000000005,12.0,11.188239879064945,0.004975124378109453
motif_594088dea3ed99ad,degree_preserving_edge_swap,34,8.495,2.661841845423998,4.0,13.0,9.58171126652244,0.004975124378109453
motif_7d709f8abcdc82e5,degree_preserving_edge_swap,34,3.53,2.088277884433263,0.9750000000000005,8.0,14.590970017512417,0.004975124378109453
motif_8182686a0f8422e0,degree_preserving_edge_swap,34,3.945,1.8787291224596179,1.0,8.0,15.997516427835123,0.004975124378109453
motif_8d50e2fb8f9fbd00,degree_preserving_edge_swap,34,14.35,3.28350529696175,8.0,20.025000000000006,5.984458139349517,0.004975124378109453
motif_b920e1f8dcf87b42,degree_preserving_edge_swap,34,3.99,1.9021014562185536,1.0,8.0,15.777286696189677,0.004975124378109453
motif_dc67d5aaeb0b97c0,degree_preserving_edge_swap,34,0.685,0.7802686046980144,0.0,3.0,42.69683516600521,0.004975124378109453
motif_027ba7efe2fe2e56,degree_preserving_edge_swap,34,2.975,1.6455742380288787,0.9750000000000005,7.0,18.85360093942813,0.004975124378109453
motif_4278b35cbcfd2b6b,degree_preserving_edge_swap,34,0.61,0.7420601500765689,0.0,2.0,44.99635237999868,0.004975124378109453
motif_44f14a83080f71ac,degree_preserving_edge_swap,34,11.695,3.0377813578151804,6.0,18.0,7.3425297520563175,0.004975124378109453
motif_857cf1d41f71c8f6,degree_preserving_edge_swap,34,4.77,1.866687604572689,1.0,8.025000000000006,15.65875293134073,0.004975124378109453
motif_99f25f43459111ca,degree_preserving_edge_swap,34,10.03,2.633205051685324,5.0,15.025000000000006,9.102975092903813,0.004975124378109453
motif_f548207977f75af1,degree_preserving_edge_swap,34,2.845,1.6778111488651748,0.0,7.0,18.568835962898675,0.004975124378109453
motif_add33857e4b485af,degree_preserving_edge_swap,34,7.025,2.096749098943313,3.9750000000000005,11.0,12.86515397268774,0.004975124378109453
motif_070e91bcc54960a5,degree_preserving_edge_swap,33,13.465,3.1747709924136824,8.0,19.0,6.153199725800736,0.004975124378109453
motif_567b7af85cfa22f3,degree_preserving_edge_swap,33,6.13,2.028218021246368,2.0,10.0,13.248082660999144,0.004975124378109453
motif_9549cf95a022f9b4,degree_preserving_edge_swap,33,3.545,1.7673689385140052,0.0,7.0,16.666016561751736,0.004975124378109453
motif_552be5f9f12c3639,degree_preserving_edge_swap,33,2.935,1.5726222380208144,0.0,6.0,19.117750768828998,0.004975124378109453
motif_089bbb6e336a32e3,degree_preserving_edge_swap,33,12.195,2.8841927534747,7.0,18.0,7.213456858920195,0.004975124378109453
motif_367019b89a849370,degree_preserving_edge_swap,33,13.535,3.2031352417411947,8.0,20.0,6.07685861850123,0.004975124378109453
motif_3a74636fdbc8b97b,degree_preserving_edge_swap,33,12.355,2.9431762489121858,7.0,19.0,7.014530647843637,0.004975124378109453
motif_44b052f6015177f9,degree_preserving_edge_swap,33,9.925,2.7362033998272373,5.0,15.0,8.433218086585574,0.004975124378109453
motif_8dcfc98226e1efc7,degree_preserving_edge_swap,33,4.58,1.9832464122388542,1.0,9.0,14.33003978961804,0.004975124378109453
motif_91d7797e53fe79ef,degree_preserving_edge_swap,33,2.285,1.4949748321439138,0.0,6.0,20.545496378659582,0.004975124378109453
motif_971e3dbb7f58e1ea,degree_preserving_edge_swap,33,12.565,2.986699999066213,7.0,18.025000000000006,6.841999533394373,0.004975124378109453
motif_def29965c110d7de,degree_preserving_edge_swap,33,1.42,1.1224524477622368,0.0,4.0,28.1348221592452,0.004975124378109453
motif_23a242d75055148a,degree_preserving_edge_swap,33,3.115,1.6417220398963415,0.0,7.0,18.20344691351463,0.004975124378109453
motif_3be567c2d0a1b7d5,degree_preserving_edge_swap,33,2.9,1.5914343582387922,0.0,6.0,18.913755282568523,0.004975124378109453
motif_6542648bb13448a0,degree_preserving_edge_swap,33,5.345,1.8365291165619742,2.0,9.0,15.058296517384278,0.004975124378109453
motif_a244b5d5e3725e95,degree_preserving_edge_swap,33,1.09,0.9729507520060551,0.0,3.0,32.79713791700878,0.004975124378109453
motif_a97c649fcff5d5d1,degree_preserving_edge_swap,33,9.775,2.7699708831443215,5.0,15.025000000000006,8.384564668649597,0.004975124378109453
motif_deb1cfa3eafe01ec,degree_preserving_edge_swap,33,1.72,1.2567806043368048,0.0,5.0,24.888990084714315,0.004975124378109453
motif_599a47832de48e0b,degree_preserving_edge_swap,33,2.35,1.388213124268735,0.0,5.0,22.07874242375097,0.004975124378109453
motif_0ef225c16706d8fe,degree_preserving_edge_swap,32,32.865,4.020897047342372,25.975,41.025000000000006,-0.21512612479638768,0.6417910447761194
motif_8173fff60f0d3407,degree_preserving_edge_swap,32,2.095,1.3472380083920905,0.0,5.0,22.19726567519513,0.004975124378109453
motif_9a804183b3321941,degree_preserving_edge_swap,32,6.59,2.400146561689086,2.0,12.0,10.58685348869608,0.004975124378109453
motif_e8cc14ed19806fcc,degree_preserving_edge_swap,32,4.61,1.8533956342034545,2.0,9.0,14.778280197995379,0.004975124378109453
motif_8669434201178897,degree_preserving_edge_swap,32,3.915,1.803897232696655,1.0,8.0,15.569068731268906,0.004975124378109453
motif_55f635f51d345c44,degree_preserving_edge_swap,32,10.4,2.810604470116202,5.9750000000000005,16.0,7.68517955111164,0.004975124378109453
motif_72859cdf5403f701,degree_preserving_edge_swap,32,2.805,1.5649987557591336,0.0,6.0,18.654966908161143,0.004975124378109453
motif_80fca12529cb792b,degree_preserving_edge_swap,32,5.105,2.070121254914854,2.0,9.025000000000006,12.991992587944427,0.004975124378109453
motif_a60b470ee33da55c,degree_preserving_edge_swap,32,2.025,1.3614856650293472,0.0,5.0,22.016390454874074,0.004975124378109453
motif_d409f63c308a2d6d,degree_preserving_edge_swap,32,4.365,1.9157571944640346,1.0,8.0,14.425105686595819,0.004975124378109453
motif_fbe47b283d485aaf,degree_preserving_edge_swap,32,10.485,2.8407966537822986,4.9750000000000005,16.0,7.573579746144259,0.004975124378109453
motif_010b3c71bdbcf2a6,degree_preserving_edge_swap,32,7.595,2.424948841609264,3.0,12.0,10.06412984110797,0.004975124378109453
motif_0f0ac668f0dc386c,degree_preserving_edge_swap,32,1.595,1.2117411369242912,0.0,4.025000000000006,25.091992896416528,0.004975124378109453
motif_9f061127188bad39,degree_preserving_edge_swap,32,3.61,1.6947747067184664,1.0,7.0,16.75148908433415,0.004975124378109453
motif_a1fd530b04ced400,degree_preserving_edge_swap,32,1.86,1.4000717856685514,0.0,5.0,21.527467597390217,0.004975124378109453
motif_b715f164644b06ac,degree_preserving_edge_swap,32,3.045,1.5860494203583626,0.9750000000000005,7.0,18.25605156329726,0.004975124378109453
motif_3194408fb9452179,degree_preserving_edge_swap,31,27.89,3.646144794066258,21.0,35.0,0.8529557040798869,0.23383084577114427
motif_a357866e74d5aac1,degree_preserving_edge_swap,31,25.695,3.653589822758546,19.0,33.025000000000006,1.4519965998795674,0.09950248756218906
motif_041663865fdf67e1,degree_preserving_edge_swap,31,20.965,3.3943161180932675,15.0,28.0,2.9564129123120946,0.004975124378109453
motif_082f79e52f52ff53,degree_preserving_edge_swap,31,1.935,1.2604438079362468,0.0,5.0,23.059338160888572,0.004975124378109453
motif_c99164990c51b2e9,degree_preserving_edge_swap,31,20.09,3.3568201033165526,13.0,27.025000000000006,3.250099696799621,0.009950248756218905
motif_d1d448d03e415c86,degree_preserving_edge_swap,31,1.73,1.1678696836505142,0.0,4.0,25.062727810955888,0.004975124378109453
motif_038ad01f2250792b,degree_preserving_edge_swap,31,5.05,1.9715310480352155,1.9750000000000005,9.0,13.162359287144476,0.004975124378109453
motif_080cca411daac145,degree_preserving_edge_swap,31,3.5,1.7565383957313292,0.9750000000000005,7.025000000000006,15.655792134592346,0.004975124378109453
motif_47d78b52f7b40f0b,degree_preserving_edge_swap,31,1.74,1.2964582600687546,0.0,5.0,22.569180128057702,0.004975124378109453
motif_9a81ed62d65435c3,degree_preserving_edge_swap,31,1.63,1.1874976857951531,0.0,4.0,24.73267977809467,0.004975124378109453
motif_af254a1c82e36b5f,degree_preserving_edge_swap,31,6.215,2.191526624233349,2.0,11.0,11.30946789600168,0.004975124378109453
motif_fe7b90304caa5322,degree_preserving_edge_swap,31,0.275,0.5298857371852561,0.0,2.0,57.98419893921031,0.004975124378109453
motif_03a86f20681e50ea,degree_preserving_edge_swap,31,4.825,2.082319686403102,1.0,10.0,12.57011599655643,0.004975124378109453
motif_4fb69e3be74bb949,degree_preserving_edge_swap,31,2.48,1.7304834192564824,0.0,6.025000000000006,16.480943811789814,0.004975124378109453
motif_da6a723978c7cfb8,degree_preserving_edge_swap,30,23.88,3.720863356884127,17.0,31.0,1.6447795613556002,0.05472636815920398
motif_144357e970631bdc,degree_preserving_edge_swap,30,16.575,3.0857713662264614,10.0,22.0,4.350613965420649,0.004975124378109453
motif_309e1fd1b1c35d59,degree_preserving_edge_swap,30,9.815,2.8778787204550955,4.9750000000000005,15.0,7.013846642157329,0.004975124378109453
motif_4d94dac0da31b256,degree_preserving_edge_swap,30,1.73,1.3021435748208559,0.0,5.0,21.710355560360757,0.004975124378109453
motif_64c46f0bc8a7853d,degree_preserving_edge_swap,30,12.94,2.963157354501728,7.0,19.0,5.757372275246159,0.004975124378109453
motif_747d5d7b30279f2d,degree_preserving_edge_swap,30,6.375,2.094351100618833,3.0,10.0,11.28034358375697,0.004975124378109453
motif_810b92e3ea05e188,degree_preserving_edge_swap,30,5.505,2.210067190138036,2.0,10.0,11.083373441904314,0.004975124378109453
motif_88f193386373d65c,degree_preserving_edge_swap,30,5.185,1.9901200691031764,2.0,9.025000000000006,12.469096907897915,0.004975124378109453
motif_fff7782cb017e67a,degree_preserving_edge_swap,30,6.815,2.4619261568962716,3.0,11.0,9.417422994209186,0.004975124378109453
motif_03815a9e83d32c65,degree_preserving_edge_swap,30,4.345,1.9532153622312844,0.9750000000000005,8.025000000000006,13.134752314610424,0.004975124378109453
motif_2239e63c934728ab,degree_preserving_edge_swap,30,7.29,2.3946968209611845,3.0,11.025000000000006,9.483455191995724,0.004975124378109453
motif_5cc36c8196edf8e4,degree_preserving_edge_swap,30,7.545,2.5238510496071305,3.0,12.025000000000006,8.897117761167168,0.004975124378109453
motif_8a3a45dc361aa47b,degree_preserving_edge_swap,30,4.21,1.9736709159386492,1.0,9.0,13.067021351801523,0.004975124378109453
motif_8d236ec1aa320a9d,degree_preserving_edge_swap,30,0.955,1.0432722968751436,0.0,3.0,27.840286842655463,0.004975124378109453
motif_0e5e85a7dddbb60d,degree_preserving_edge_swap,30,0.705,0.8494603666875004,0.0,2.0250000000000057,34.4866001391411,0.004975124378109453
motif_1ba4c51f0f8fad83,degree_preserving_edge_swap,30,5.5,2.03980489755773,2.0,10.0,12.01095263048637,0.004975124378109453
motif_ecd6dde695a866b9,degree_preserving_edge_swap,29,22.895,3.9384683143725536,15.0,31.0,1.5500949893950338,0.08955223880597014
motif_c1d59433f9939b77,degree_preserving_edge_swap,29,1.195,1.020875080334632,0.0,4.0,27.23643718571896,0.004975124378109453
motif_f972b2865c90f585,degree_preserving_edge_swap,29,22.355,3.1795475484831695,16.0,28.0,2.0899199960604626,0.024875621890547265
motif_53e8134231efd6a0,degree_preserving_edge_swap,29,3.53,1.7818459176853247,0.0,7.0,14.29416525144124,0.004975124378109453
motif_2268a823202931ea,degree_preserving_edge_swap,29,9.36,2.792740049650992,4.0,15.0,7.032519909060067,0.004975124378109453
motif_3dca7fe7a9c94f2f,degree_preserving_edge_swap,29,14.86,3.306822549954023,8.975000000000001,21.0,4.276008097318859,0.004975124378109453
motif_462c4df0c1cacf78,degree_preserving_edge_swap,29,17.255,3.1923235500558556,11.0,23.0,3.6791383504327126,0.004975124378109453
motif_652e84642f661624,degree_preserving_edge_swap,29,1.5,1.0981940405746922,0.0,4.0,25.041112029354185,0.004975124378109453
motif_7434dae0d646da6b,degree_preserving_edge_swap,29,0.575,0.7189991648082595,0.0,2.0,39.53412102722024,0.004975124378109453
motif_90e3cc1dcf4e3b79,degree_preserving_edge_swap,29,7.27,2.6001739408380105,3.9750000000000005,13.0,8.35713321278677,0.004975124378109453
motif_ace47faad0c74b11,degree_preserving_edge_swap,29,0.64,0.7959697476638031,0.0,3.0,35.62949481841177,0.004975124378109453
motif_e51d13cc35f9cbc0,degree_preserving_edge_swap,29,6.19,2.0966352560674295,2.9750000000000005,10.025000000000006,10.879336276536604,0.004975124378109453
motif_ee6ea2d9e15ae257,degree_preserving_edge_swap,29,14.695,2.8763417231863664,8.975000000000001,20.0,4.9733311882543445,0.004975124378109453
motif_515f2a2b2aaee61d,degree_preserving_edge_swap,29,5.39,2.2073199375107957,2.0,10.0,10.696229213887815,0.004975124378109453
motif_73bf87366dc57d10,degree_preserving_edge_swap,29,7.33,2.4558616169090306,3.0,12.025000000000006,8.823787077740176,0.004975124378109453
motif_9aea37b624069e78,degree_preserving_edge_swap,29,10.375,2.6889640455370456,5.0,15.025000000000006,6.926459292348096,0.004975124378109453
motif_c1cb74bf02920d95,degree_preserving_edge_swap,29,12.03,2.5947569865202174,7.0,17.0,6.540111497207361,0.004975124378109453
motif_cb910122203920e9,degree_preserving_edge_swap,29,2.8,1.5691754388177708,0.0,6.0,16.696667148792034,0.004975124378109453
motif_d9d6a0af6bcd611b,degree_preserving_edge_swap,29,1.5,1.160488547268653,0.0,4.0,23.6969163243571,0.004975124378109453
motif_7c9654a7552f1afd,degree_preserving_edge_swap,29,1.195,1.073656692554625,0.0,4.0,25.897477464459946,0.004975124378109453
motif_43cc804437a47f43,degree_preserving_edge_swap,28,19.065,3.3938719531194526,13.0,25.0,2.6326862425635884,0.009950248756218905
motif_94fda426c64e7b30,degree_preserving_edge_swap,28,7.285,2.275889577030083,3.0,12.0,9.101935440572644,0.004975124378109453
motif_ac678f6d8b8171a2,degree_preserving_edge_swap,28,9.585,2.7220992121160874,5.0,15.0,6.7649995701973955,0.004975124378109453
motif_c6162316b5742d5a,degree_preserving_edge_swap,28,17.855,3.2242758526325472,12.0,24.0,3.146442942131282,0.009950248756218905
motif_4625a9fb33fe9a18,degree_preserving_edge_swap,28,6.29,2.1256745899388165,2.0,11.0,10.213228357132914,0.004975124378109453
motif_47ce3e87e8a12011,degree_preserving_edge_swap,28,9.205,2.5643428537067323,4.0,14.025000000000006,7.3293631437902365,0.004975124378109453
motif_65b770a6b0dde937,degree_preserving_edge_swap,28,13.005,3.255451554565145,8.0,19.025000000000006,4.606119841953229,0.004975124378109453
motif_7887aeea576de116,degree_preserving_edge_swap,28,1.39,1.06469142909858,0.0,3.0,24.993156958659213,0.004975124378109453
motif_85897afcde10ae9d,degree_preserving_edge_swap,28,0.64,0.8022581195926031,0.0,2.0250000000000057,34.103737103831065,0.004975124378109453
motif_8987799e9536733a,degree_preserving_edge_swap,28,14.485,2.9193127504043423,9.0,20.0,4.629514257466279,0.004975124378109453
motif_92462db061392ae7,degree_preserving_edge_swap,28,7.325,2.237050957158694,3.9750000000000005,12.0,9.242078252101853,0.004975124378109453
motif_9dd3ef603731eb1d,degree_preserving_edge_swap,28,1.205,1.05762367560299,0.0,4.0,25.33509850252094,0.004975124378109453
motif_9f5dccfd505d1842,degree_preserving_edge_swap,28,4.77,2.125958252756227,1.0,9.0,10.926837330828654,0.004975124378109453
motif_a352e465397bbb21,degree_preserving_edge_swap,28,0.485,0.6495263059419172,0.0,2.0,42.36164070383391,0.004975124378109453
motif_d08d2b220c27d371,degree_preserving_edge_swap,28,4.925,1.9360050562664988,1.0,9.0,11.918873830060718,0.004975124378109453
motif_37d31d57d3f9c5b8,degree_preserving_edge_swap,28,0.785,0.9181448413778416,0.0,3.0,29.641292717126195,0.004975124378109453
motif_4aa6795ac5be2401,degree_preserving_edge_swap,28,3.72,1.8353316351698599,1.0,8.0,13.229216744663637,0.004975124378109453
motif_4abc84179978fc41,degree_preserving_edge_swap,28,3.75,1.7240538880920242,1.0,7.0,14.065685630532691,0.004975124378109453
motif_5cefd2032c431627,degree_preserving_edge_swap,28,10.34,2.8220951623798283,5.0,16.0,6.257762046942315,0.004975124378109453
motif_653dde72c933e69a,degree_preserving_edge_swap,28,9.195,2.621322501771092,4.9750000000000005,14.025000000000006,7.173859754873517,0.004975124378109453
motif_9583570644293b3f,degree_preserving_edge_swap,28,4.02,1.9771559697310734,1.0,8.0,12.128532279252449,0.004975124378109453
motif_bd8eff38223588de,degree_preserving_edge_swap,28,1.035,0.9739186762454551,0.0,3.0,27.68711665326362,0.004975124378109453
motif_cafa14125e4d3e91,degree_preserving_edge_swap,28,5.36,1.9310735941777701,2.0,9.025000000000006,11.724048253914354,0.004975124378109453
motif_d6947d105949725e,degree_preserving_edge_swap,28,2.865,1.5552714704300548,0.0,6.025000000000006,16.161165737226447,0.004975124378109453
motif_daab14175ce460f2,degree_preserving_edge_swap,28,3.02,1.5561839681456575,0.0,6.025000000000006,16.05208671425016,0.004975124378109453
motif_018c4efb7ab2990c,degree_preserving_edge_swap,28,2.215,1.377775864086133,0.0,5.025000000000006,18.714945349331526,0.004975124378109453
motif_2e153101d0a11288,degree_preserving_edge_swap,28,7.26,2.3279814190489545,3.0,12.0,8.90900581520658,0.004975124378109453
motif_a8e2557395de591b,degree_preserving_edge_swap,28,3.07,1.7116508825454433,0.9750000000000005,6.025000000000006,14.564886013978452,0.004975124378109453
motif_62be63cfd14a7b5f,degree_preserving_edge_swap,27,27.355,3.6421561618823657,21.0,35.0,-0.09746973611821376,0.6019900497512438
motif_731b0357487deaf3,degree_preserving_edge_swap,27,20.435,3.4431163574959656,14.0,28.0,1.906702916300642,0.04975124378109453
motif_38423b6b2977d305,degree_preserving_edge_swap,27,17.62,3.186907891600841,12.0,23.025000000000006,2.943291842453676,0.014925373134328358
motif_878918d1010ef59c,degree_preserving_edge_swap,27,1.78,1.2567806043368053,0.0,5.0,20.067146097714026,0.004975124378109453
motif_b666e4a2a4e21f61,degree_preserving_edge_swap,27,17.885,3.6494337689799043,11.0,25.0,2.4976477385278972,0.014925373134328358
motif_9222964e0f293ccf,degree_preserving_edge_swap,27,1.045,0.95789499115005,0.0,3.0,27.095871927295907,0.004975124378109453
motif_1c19ace04bcdb92f,degree_preserving_edge_swap,27,10.345,2.7575342200731385,5.0,16.0,6.0398162527818995,0.004975124378109453
motif_2432ee146ee06e9b,degree_preserving_edge_swap,27,1.31,1.086185525117545,0.0,4.0,23.65157646270408,0.004975124378109453
motif_3d50d7469ea2a0a8,degree_preserving_edge_swap,27,6.655,2.568846015090478,2.0,13.0,7.91989861614318,0.004975124378109453
motif_5c79379a0133821d,degree_preserving_edge_swap,27,14.53,2.96700447891294,9.0,20.0,4.20289220613809,0.004975124378109453
motif_677a13f588cdb059,degree_preserving_edge_swap,27,4.305,1.8760524684351487,2.0,9.0,12.097209636642164,0.004975124378109453
motif_fd8026f3f9aefe0f,degree_preserving_edge_swap,27,13.105,3.06118100505812,7.0,19.0,4.539097811282867,0.004975124378109453
motif_0f1eaadb5b328872,degree_preserving_edge_swap,27,4.2,1.8100778738904413,1.0,8.0,12.596143143275624,0.004975124378109453
motif_7062164c652c7ad4,degree_preserving_edge_swap,27,3.62,1.7029681448907277,1.0,7.025000000000006,13.728970838441724,0.004975124378109453
motif_8d7eadf530f2600e,degree_preserving_edge_swap,27,4.375,1.669825315089747,2.0,8.0,13.54932147425492,0.004975124378109453
motif_e7faaf909e70ba88,degree_preserving_edge_swap,27,5.115,1.9878462373424628,2.0,9.025000000000006,11.009402834526023,0.004975124378109453
motif_fa7f3982b5280d95,degree_preserving_edge_swap,27,7.34,2.260519796140639,3.0,12.0,8.697114722713469,0.004975124378109453
motif_5e83cea79dae2573,degree_preserving_edge_swap,27,3.15,1.5228576681315082,0.0,6.0,15.66134544225863,0.004975124378109453
motif_6ca5865328442749,degree_preserving_edge_swap,27,3.785,1.5942027512397217,1.0,7.025000000000006,14.562137709238678,0.004975124378109453
motif_7e70cbb5d1272c31,degree_preserving_edge_swap,26,15.255,3.248497913415882,9.0,22.0,3.3076825925066844,0.004975124378109453
motif_907bc8e649cc9e30,degree_preserving_edge_swap,26,18.46,3.105902954992179,12.975000000000001,24.025000000000006,2.4276354120726173,0.01990049751243781
motif_b366b2840430a16c,degree_preserving_edge_swap,26,0.835,0.8726871802500972,0.0,3.0,28.836220549026677,0.004975124378109453
motif_1b5f56b34ecdaa6c,degree_preserving_edge_swap,26,13.6,2.8514300388281764,8.0,19.0,4.348695156867992,0.004975124378109453
motif_26507b4dbd33a9b0,degree_preserving_edge_swap,26,4.435,1.828247094127577,1.0,8.0,11.795451538945628,0.004975124378109453
motif_3584f99186f55098,degree_preserving_edge_swap,26,7.135,2.3906801874767716,3.0,12.0,7.891059665287538,0.004975124378109453
motif_5dceed5e09274722,degree_preserving_edge_swap,26,4.725,1.9592263368983114,1.0,9.0,10.8588781190441,0.004975124378109453
motif_9e18a3296a08a2d2,degree_preserving_edge_swap,26,1.255,1.0321344425692272,0.0,3.0,23.974589917185433,0.004975124378109453
motif_d2fceddc64f9c4b8,degree_preserving_edge_swap,26,12.265,2.6702859651502484,7.0,17.0,5.143643856596151,0.004975124378109453
motif_181b8ce161b66b8b,degree_preserving_edge_swap,26,3.31,1.5672207580690758,1.0,6.0,14.477858261624641,0.004975124378109453
motif_87672ea659340518,degree_preserving_edge_swap,26,2.44,1.5158791004681684,0.0,5.0,15.54213656796486,0.004975124378109453
motif_b38850de34c883b8,degree_preserving_edge_swap,26,3.78,1.7223333477593774,1.0,7.0,12.901103046577193,0.004975124378109453
motif_1f7ac044c9f83b05,degree_preserving_edge_swap,26,2.76,1.5211738392590868,0.0,6.0,15.277675305880512,0.004975124378109453
motif_2af20ff912ea7195,degree_preserving_edge_swap,26,1.975,1.3164498475084523,0.0,5.0,18.24984069501041,0.004975124378109453
motif_5e815e962da809ee,degree_preserving_edge_swap,26,1.935,1.295828250298379,0.0,4.0,18.571133940364987,0.004975124378109453
motif_d818811728222c86,degree_preserving_edge_swap,26,2.525,1.385268872546492,0.0,6.0,16.94616869348022,0.004975124378109453
motif_c6837bde7d886408,degree_preserving_edge_swap,26,2.085,1.286878112480708,0.0,5.0,18.583733586003092,0.004975124378109453
motif_e8e7168a0537a3da,degree_preserving_edge_swap,26,1.51,1.1027147861063116,0.0,4.0,22.20882526339766,0.004975124378109453
motif_90f0469331adc789,degree_preserving_edge_swap,25,16.31,3.186639823832335,10.0,22.0,2.7270104186262207,0.014925373134328358
motif_260b9ee8cedf65ab,degree_preserving_edge_swap,25,21.96,3.524273331136904,16.0,28.025000000000006,0.8625891678552974,0.24875621890547264
motif_632e6b3a31ce3011,degree_preserving_edge_swap,25,6.28,2.1921742952382965,2.0,11.0,8.53946697608051,0.004975124378109453
motif_cf36d5d36d17f0d4,degree_preserving_edge_swap,25,12.995,2.913316333716874,7.0,18.025000000000006,4.120733427078189,0.004975124378109453
motif_e0be9084453e8269,degree_preserving_edge_swap,25,4.89,1.9792643676846013,1.0,9.0,10.160340542847866,0.004975124378109453
motif_9f82584d66042611,degree_preserving_edge_swap,25,0.33,0.5768568445424538,0.0,2.0,42.76624301748129,0.004975124378109453
motif_d1701f302cafb7b8,degree_preserving_edge_swap,25,5.245,2.0187500486177004,2.0,9.0,9.785758278260772,0.004975124378109453
motif_fe7681306acbdcba,degree_preserving_edge_swap,25,1.54,1.2230614853656885,0.0,4.0,19.181374183314745,0.004975124378109453
motif_82cb78c31a4d45f4,degree_preserving_edge_swap,25,0.345,0.5635271191968958,0.0,2.0,43.75122183141211,0.004975124378109453
motif_c38a1f8d4d13cd58,degree_preserving_edge_swap,25,4.195,1.8504311598616499,1.0,8.0,11.24332558340377,0.004975124378109453
motif_e9f2800f2f4139b5,degree_preserving_edge_swap,25,2.385,1.4342455513291785,0.0,6.0,15.767871811797976,0.004975124378109453
motif_d73c4c050c515690,degree_preserving_edge_swap,25,1.935,1.2683923271123128,0.0,5.0,18.184436713292776,0.004975124378109453
motif_aa88697c4878a8d2,degree_preserving_edge_swap,24,14.695,3.0641343962022862,9.0,20.0,3.0367466947705344,0.004975124378109453
motif_b7f95b768d0ed88f,degree_preserving_edge_swap,24,14.89,3.025502989869376,9.0,20.0,3.011069574382842,0.014925373134328358
motif_cefbf9695c101b62,degree_preserving_edge_swap,24,14.97,3.09629378061569,9.0,22.025000000000006,2.916389929318789,0.009950248756218905
motif_daeb4bd8e246a8ce,degree_preserving_edge_swap,24,5.105,1.9267946669124376,2.0,9.0,9.806441923714685,0.004975124378109453
motif_df23103c2dddd8a7,degree_preserving_edge_swap,24,15.405,2.8392395825352925,10.0,20.025000000000006,3.0272189965473486,0.004975124378109453
motif_1ef5e2e1bdccc5eb,degree_preserving_edge_swap,24,0.875,0.8502881568907942,0.0,3.0,27.196662463887563,0.004975124378109453
motif_24eb9a87cdb74628,degree_preserving_edge_swap,24,10.18,2.7868319218790396,5.0,16.0,4.959036062240084,0.004975124378109453
motif_a0117e3a50871f45,degree_preserving_edge_swap,24,2.87,1.4981060069435008,0.0,6.0,14.104475852887285,0.004975124378109453
motif_1705651ede59320a,degree_preserving_edge_swap,24,0.905,0.9542157188974384,0.0,3.0,24.203122567175306,0.004975124378109453
motif_577624a63a62a8a9,degree_preserving_edge_swap,24,5.365,2.0695871459723256,1.9750000000000005,10.0,9.004211316380674,0.004975124378109453
motif_7f263166867f6719,degree_preserving_edge_swap,24,10.92,2.701869815981621,6.0,16.0,4.841091870019609,0.004975124378109453
motif_86d8105fe5309952,degree_preserving_edge_swap,24,14.73,2.7504408052375116,9.0,21.0,3.3703688450039184,0.004975124378109453
motif_d68985c461e287c9,degree_preserving_edge_swap,24,12.04,2.7305088155799453,7.0,17.025000000000006,4.380136014122248,0.004975124378109453
motif_d740706ea3c34912,degree_preserving_edge_swap,24,10.97,2.3848559051737723,6.0,16.0,5.463642466503891,0.004975124378109453
motif_e93a5794cad1d099,degree_preserving_edge_swap,24,3.77,1.8009210373901938,1.0,7.0,11.23314103172248,0.004975124378109453
motif_efae6b60f595cdfb,degree_preserving_edge_swap,24,5.51,2.2259095594462432,1.0,10.0,8.306716650518318,0.004975124378109453
motif_0bae3f446a0ef73b,degree_preserving_edge_swap,24,8.725,2.4163128603713506,4.0,13.0,6.321615156098811,0.004975124378109453
motif_1d705ca0de2416ea,degree_preserving_edge_swap,24,0.38,0.5631926221535936,0.0,2.0,41.939469856120326,0.004975124378109453
motif_ba7a0a0ed1ab1304,degree_preserving_edge_swap,24,0.735,0.8173833726529106,0.0,3.0,28.46277619336787,0.004975124378109453
motif_c88f48387ef2b4fe,degree_preserving_edge_swap,24,3.545,1.6588350334923925,1.0,7.0,12.330942852669024,0.004975124378109453
motif_496bfc724505030e,degree_preserving_edge_swap,23,5.51,2.346792957618896,1.9750000000000005,10.0,7.452723915511368,0.004975124378109453
motif_13987350646e3e50,degree_preserving_edge_swap,23,4.22,1.7106230314651152,1.0,8.0,10.978456185004886,0.004975124378109453
motif_36015bab6274bff0,degree_preserving_edge_swap,23,11.955,2.8218414102716007,7.0,17.0,3.914110821322494,0.004975124378109453
motif_2ec7c5deb3b9bc46,degree_preserving_edge_swap,23,2.32,1.3252855954652711,0.0,5.0,15.60418378556346,0.004975124378109453
motif_0340aaab0dccc1f1,degree_preserving_edge_swap,23,10.92,2.6944200670065226,5.9750000000000005,15.025000000000006,4.483339531174431,0.004975124378109453
motif_2611ff976d3ff14b,degree_preserving_edge_swap,23,9.645,2.8335702925840893,4.9750000000000005,14.025000000000006,4.713135239648789,0.004975124378109453
motif_287b8ec85d70fbac,degree_preserving_edge_swap,23,5.51,2.012498634476268,2.0,10.0,8.69068912662969,0.004975124378109453
motif_29d831cab5ba7ad5,degree_preserving_edge_swap,23,10.67,2.9178191070915522,5.0,16.0,4.225758879305715,0.004975124378109453
motif_b37ecaf5b25bba35,degree_preserving_edge_swap,23,5.265,1.9657302656740416,2.0,9.025000000000006,9.022092354018232,0.004975124378109453
motif_db3614fd20563588,degree_preserving_edge_swap,23,9.91,2.47842955625667,5.0,15.0,5.281570326239436,0.004975124378109453
motif_eb030d5e67232bce,degree_preserving_edge_swap,23,4.605,1.869881623641496,1.0,8.0,9.837521138999541,0.004975124378109453
motif_1681ae0e2b76586f,degree_preserving_edge_swap,23,0.61,0.7144594189361171,0.0,2.0,31.33837892898153,0.004975124378109453
motif_22c34d8dbb9b8983,degree_preserving_edge_swap,23,0.635,0.7580555660411912,0.0,3.0,29.50311428593182,0.004975124378109453
motif_3a17b4ce682ce2b1,degree_preserving_edge_swap,23,2.8,1.3818638640233218,1.0,6.0,14.617937791055141,0.004975124378109453
motif_8d6839eb022660a3,degree_preserving_edge_swap,23,2.31,1.2775211550136996,0.0,5.025000000000006,16.19542652487671,0.004975124378109453
motif_1fe91a45ad633b8a,degree_preserving_edge_swap,22,11.885,2.7749371852187106,7.0,17.025000000000006,3.6451275559964693,0.004975124378109453
motif_acb44744b5c13899,degree_preserving_edge_swap,22,12.295,2.7615404265804595,7.0,18.0,3.51434290318083,0.004975124378109453
motif_dfcab8382e621753,degree_preserving_edge_swap,22,9.185,2.6808037120821773,4.0,14.0,4.7802828466119225,0.004975124378109453
motif_0dd4e2d3dd505b69,degree_preserving_edge_swap,22,7.165,2.4592712488411856,2.9750000000000005,12.0,6.032274807827842,0.004975124378109453
motif_96ca5d9e76d59355,degree_preserving_edge_swap,22,3.24,1.7714656226586234,0.0,7.0,10.590101077911356,0.004975124378109453
motif_9ac79cbea8a03df2,degree_preserving_edge_swap,22,11.73,2.8807278533079304,6.0,17.025000000000006,3.5650712330243177,0.004975124378109453
motif_c8187ca9fadf7006,degree_preserving_edge_swap,22,6.87,2.2977157107521324,3.0,11.0,6.584800691051269,0.004975124378109453
motif_cce66e271e34786b,degree_preserving_edge_swap,22,3.86,1.8101889182066049,1.0,8.0,10.021053503062934,0.004975124378109453
motif_d678613ad78fd8b5,degree_preserving_edge_swap,22,4.01,1.7479061414724144,1.0,7.025000000000006,10.292314657608244,0.004975124378109453
motif_e897bd616681fc9e,degree_preserving_edge_swap,22,0.36,0.6343595670449907,0.0,2.0,34.1131451690792,0.004975124378109453
motif_ecfe11186116dda0,degree_preserving_edge_swap,22,4.19,2.09183624944028,1.0,9.0,8.514050755533797,0.004975124378109453
motif_117ce0c6871a8986,degree_preserving_edge_swap,22,2.365,1.3825091892249604,0.0,5.0,14.202437244563596,0.004975124378109453
motif_4105c9e59ebee4e9,degree_preserving_edge_swap,22,6.92,2.482825428932281,2.0,12.0,6.073725451766874,0.004975124378109453
motif_43d3e6a7657c3f65,degree_preserving_edge_swap,22,8.865,2.417851324032483,4.0,13.025000000000006,5.432509381136595,0.004975124378109453
motif_64f1a25c5b185955,degree_preserving_edge_swap,22,8.675,2.4183916329768147,4.0,14.0,5.509860279990369,0.004975124378109453
motif_755161c6993a890a,degree_preserving_edge_swap,22,0.19,0.4180596480727763,0.0,1.0,52.16958895828016,0.004975124378109453
motif_aebb239dc237d823,degree_preserving_edge_swap,22,0.79,0.9110709364568053,0.0,3.0,23.280294817093626,0.004975124378109453
motif_b943d51a3cad6ccb,degree_preserving_edge_swap,22,7.54,2.555592940274704,3.0,13.0,5.658178097191674,0.004975124378109453
motif_d7a3643ee9889ee9,degree_preserving_edge_swap,22,0.77,0.8064438968669605,0.0,3.0,26.325451878895333,0.004975124378109453
motif_fd5604ec6f39b5d9,degree_preserving_edge_swap,22,3.185,1.6566524944710583,0.0,7.0,11.357240014302045,0.004975124378109453
motif_dfad82cf69cd5d21,degree_preserving_edge_swap,22,5.39,2.1913259793418907,1.0,10.0,7.579885492430657,0.004975124378109453
motif_f15c0176afdf4707,degree_preserving_edge_swap,21,13.835,3.269744815085558,8.0,20.0,2.191302503774294,0.024875621890547265
motif_b2134e3ae1086107,degree_preserving_edge_swap,21,4.04,1.9945654808219346,1.0,8.0,8.503105143989059,0.004975124378109453
motif_bd370b73f6308ca4,degree_preserving_edge_swap,21,3.6,1.7305995707765147,1.0,7.0,10.054318915722758,0.004975124378109453
motif_43a7c652c5ba4862,degree_preserving_edge_swap,21,1.925,1.3335165284533563,0.0,4.025000000000006,14.304284643643397,0.004975124378109453
motif_561797d764dd3072,degree_preserving_edge_swap,21,3.0,1.5851065623706035,0.0,6.0,11.355703412823003,0.004975124378109453
motif_64e9b535d46d64dd,degree_preserving_edge_swap,21,1.53,1.1687299295565279,0.0,4.0,16.65910960917023,0.004975124378109453
motif_6b99f87c7a88300a,degree_preserving_edge_swap,21,4.83,1.854263049647065,1.0,9.0,8.720445571666735,0.004975124378109453
motif_756512b4fa9723fa,degree_preserving_edge_swap,21,13.13,3.1580001304814127,8.0,20.025000000000006,2.492083494246176,0.029850746268656716
motif_8b4b2fe1bc4dac47,degree_preserving_edge_swap,21,8.57,2.6132826542790557,3.9750000000000005,14.025000000000006,4.756469790838278,0.004975124378109453
motif_91dd0c300eec0e6a,degree_preserving_edge_swap,21,1.51,1.2399951369656632,0.0,5.0,15.71780357759556,0.004975124378109453
motif_9e3f191e99760e38,degree_preserving_edge_swap,21,0.865,0.9060239494543869,0.0,3.0,22.2234743486918,0.004975124378109453
motif_de75556f4a6d0d32,degree_preserving_edge_swap,21,4.22,2.0129230726688023,1.0,8.0,8.336135755924593,0.004975124378109453
motif_f2b1e51d13a5dd59,degree_preserving_edge_swap,21,0.665,0.8099723923578552,0.0,3.0,25.105793965155,0.004975124378109453
motif_f7cc5c20fba39429,degree_preserving_edge_swap,21,8.645,2.393243210650901,4.0,13.025000000000006,5.162450663190121,0.004975124378109453
motif_fd643b6352520f0a,degree_preserving_edge_swap,21,11.02,2.673074378532298,6.0,16.0,3.7335287338617595,0.009950248756218905
motif_435f8c9612b8295a,degree_preserving_edge_swap,21,0.785,0.8674893016298308,0.0,3.0,23.30288104074626,0.004975124378109453
motif_4cddcff2e83d0e6e,degree_preserving_edge_swap,21,2.905,1.5256516854533468,0.0,6.0,11.86050536471113,0.004975124378109453
motif_50b72c034294f2b7,degree_preserving_edge_swap,21,9.045,2.4603335558476926,5.0,13.025000000000006,4.859097243780418,0.004975124378109453
motif_be9378f64da8d7b5,degree_preserving_edge_swap,21,2.29,1.488954305753912,0.0,6.0,12.565865807766642,0.004975124378109453
motif_bf4ee698a85dda5c,degree_preserving_edge_swap,21,0.49,0.6724290327016669,0.0,2.0,30.501359998683412,0.004975124378109453
motif_ff504e978e810527,degree_preserving_edge_swap,21,3.33,1.5791034922372817,0.9750000000000005,6.025000000000006,11.189893561038902,0.004975124378109453
motif_31b8f3aa403ee8c6,degree_preserving_edge_swap,21,2.415,1.3937314795849063,0.0,5.0,13.334706342096222,0.004975124378109453
motif_986ec0f4f4126cc8,degree_preserving_edge_swap,21,1.895,1.221242056598126,0.0,4.0,15.64390932721283,0.004975124378109453
motif_be307ea30f83fb0c,degree_preserving_edge_swap,21,1.605,1.2273986873418279,0.0,4.0,15.8017115384111,0.004975124378109453
motif_3a1d9a86aeb5f4f8,degree_preserving_edge_swap,21,1.265,1.0679313587186536,0.0,4.0,18.479652122659676,0.004975124378109453
motif_05f070b10dcbe41e,degree_preserving_edge_swap,20,7.07,2.2827956060266272,3.0,11.025000000000006,5.664107625695675,0.004975124378109453
motif_4cb433188dfc828f,degree_preserving_edge_swap,20,11.485,2.732601425887759,6.0,17.0,3.1160782978928854,0.009950248756218905
motif_8eae1a827fa96a7e,degree_preserving_edge_swap,20,9.065,2.500407002045747,4.0,14.025000000000006,4.373288025130853,0.004975124378109453
motif_4070e95c02ddad03,degree_preserving_edge_swap,20,0.41,0.6275901104492241,0.0,2.0,31.214641011436,0.004975124378109453
motif_915459203636bcf0,degree_preserving_edge_swap,20,0.8,0.8506574460100028,0.0,3.0,22.57077756746542,0.004975124378109453
motif_987d863e22801283,degree_preserving_edge_swap,20,6.215,2.1707917181104888,2.0,11.0,6.350217703980743,0.004975124378109453
motif_23cc6162d1915ee1,degree_preserving_edge_swap,20,0.655,0.7994816159683444,0.0,2.0250000000000057,24.19692912709323,0.004975124378109453
motif_2f6cad489931cdf0,degree_preserving_edge_swap,20,3.095,1.763953702146568,0.0,7.0,9.58358486360962,0.004975124378109453
motif_817c90b1554ba0f0,degree_preserving_edge_swap,20,1.145,1.109110286734689,0.0,4.0,17.000112816111965,0.004975124378109453
motif_c0283d0dd0a2df5e,degree_preserving_edge_swap,20,2.39,1.499715215847067,0.0,5.0,11.742229333889597,0.004975124378109453
motif_ecb1c7bc59bf9182,degree_preserving_edge_swap,20,3.115,1.8050111707779446,0.0,7.0,9.354512743942026,0.004975124378109453
motif_21aaa6da34876534,degree_preserving_edge_swap,20,1.67,1.3075351778082422,0.0,5.0,14.018743289741304,0.004975124378109453
motif_a2c157ac518ee3be,degree_preserving_edge_swap,20,0.58,0.732312369849899,0.0,2.0,26.518738177235065,0.004975124378109453
motif_a51efb246032f35d,degree_preserving_edge_swap,19,20.73,3.0764300919333047,15.975000000000001,27.0,-0.5623400981989568,0.7412935323383084
motif_27d0f2ddf19119ae,degree_preserving_edge_swap,19,19.15,3.795991008774055,12.0,26.025000000000006,-0.03951537283763015,0.5970149253731343
motif_386af288f6bc33e7,degree_preserving_edge_swap,19,17.18,2.925816468962169,12.975000000000001,24.0,0.6220485868840507,0.31343283582089554
motif_51687645c020d39b,degree_preserving_edge_swap,19,1.48,1.1559763868847734,0.0,4.0,15.156018928046128,0.004975124378109453
motif_552754589ce397ca,degree_preserving_edge_swap,19,15.995,3.4400793201092372,9.0,22.025000000000006,0.8735263697072483,0.23880597014925373
motif_eed2570155f0d8ca,degree_preserving_edge_swap,19,12.645,2.927769487315262,7.0,18.0,2.17059438167295,0.01990049751243781
motif_1bdf46431e951ea7,degree_preserving_edge_swap,19,12.83,3.106339764685818,7.0,19.0,1.9862605083137284,0.04477611940298507
motif_93b19383de3aeaeb,degree_preserving_edge_swap,19,9.155,2.414565308319638,5.0,13.0,4.07733846174217,0.004975124378109453
motif_163d77e74764a311,degree_preserving_edge_swap,19,7.44,2.430211852543148,3.0,12.0,4.75678693933732,0.004975124378109453
motif_1ee766cd045d008b,degree_preserving_edge_swap,19,7.82,2.5672071914473706,3.0,13.0,4.354927034033746,0.004975124378109453
motif_218d3fe939fce32f,degree_preserving_edge_swap,19,3.365,1.6599857721736944,0.9750000000000005,7.0,9.418755426756762,0.004975124378109453
motif_40fb75c9b40ab08f,degree_preserving_edge_swap,19,1.025,0.9946464738992451,0.0,3.0,18.071747572314642,0.004975124378109453
motif_41a3669f830877a0,degree_preserving_edge_swap,19,3.325,1.707028038322187,0.9750000000000005,6.025000000000006,9.18262597221703,0.004975124378109453
motif_76777e96d0813e38,degree_preserving_edge_swap,19,1.305,1.0759943397134943,0.0,3.0250000000000057,16.445253796327272,0.004975124378109453
motif_a0be1cf96934a506,degree_preserving_edge_swap,19,5.24,1.9854748935113276,2.0,9.0,6.9303319044570415,0.004975124378109453
motif_cb36a7f38fcceac4,degree_preserving_edge_swap,19,0.79,0.836299578455366,0.0,3.0,21.77449381671772,0.004975124378109453
motif_fba9e661c7a0ef63,degree_preserving_edge_swap,19,9.815,2.7964038284659996,5.0,16.0,3.2845756776976454,0.004975124378109453
motif_00e7451086a38d80,degree_preserving_edge_swap,19,2.37,1.439953935611628,0.0,5.025000000000006,11.548980553281602,0.004975124378109453
motif_1cfc59c930135712,degree_preserving_edge_swap,19,6.805,2.2071093444348087,3.0,11.025000000000006,5.525326613631309,0.004975124378109453
motif_53c16c417891981b,degree_preserving_edge_swap,19,0.67,0.757607978605183,0.0,2.0,24.194570962342553,0.004975124378109453
motif_67f890c9aaf1afb3,degree_preserving_edge_swap,19,3.74,1.6871968367173837,1.0,7.0,9.044587844113027,0.004975124378109453
motif_849b9f981358deed,degree_preserving_edge_swap,19,5.73,2.2162261372561436,1.9750000000000005,10.0,5.987656122686681,0.004975124378109453
motif_948576f4e777ae04,degree_preserving_edge_swap,19,2.515,1.4969902803617288,0.0,6.0,11.012095546817182,0.004975124378109453
motif_af15f6193d606e4e,degree_preserving_edge_swap,19,1.105,1.0340800781565227,0.0,3.0,17.305236197859852,0.004975124378109453
motif_f3d8d555b798c814,degree_preserving_edge_swap,19,5.765,2.205469446033413,2.0,10.0,6.000989958760683,0.004975124378109453
motif_21f073533e4c17fc,degree_preserving_edge_swap,19,0.84,0.9427853526150732,0.0,3.0,19.26207269727756,0.004975124378109453
motif_a1e996ad2b5dec2f,degree_preserving_edge_swap,19,0.425,0.6295687285115087,0.0,2.0,29.504324403019396,0.004975124378109453
motif_cfd1705d4a75fb9e,degree_preserving_edge_swap,19,0.555,0.7346246434977333,0.0,2.0,25.108060508532223,0.004975124378109453
motif_efa8d0c48c92575e,degree_preserving_edge_swap,19,0.395,0.6171542732452919,0.0,2.0,30.146433082551667,0.004975124378109453
motif_88cfe92387204dc8,degree_preserving_edge_swap,18,9.9,2.6333767992511383,5.0,15.0,3.0758985961687753,0.004975124378109453
motif_9491a0dd792f0196,degree_preserving_edge_swap,18,7.22,2.2487517475503056,3.9750000000000005,12.0,4.793770593727508,0.004975124378109453
motif_0eea7689c5f70452,degree_preserving_edge_swap,18,5.29,2.247477648141238,1.9750000000000005,11.0,5.655228656227894,0.004975124378109453
motif_19b146aa052965d1,degree_preserving_edge_swap,18,3.265,1.6055102978750764,0.9750000000000005,6.025000000000006,9.177767355028525,0.004975124378109453
motif_1e99c7056c3cd49d,degree_preserving_edge_swap,18,4.36,2.066823358192433,1.0,9.0,6.599499635967458,0.004975124378109453
motif_267c02faf2d907f0,degree_preserving_edge_swap,18,8.365,2.4702806383406752,3.9750000000000005,14.0,3.9003665617814076,0.004975124378109453
motif_78ab9ca892e33873,degree_preserving_edge_swap,18,3.965,1.7746894413010201,1.0,7.0,7.90842593265838,0.004975124378109453
motif_8e4b50e6b9c5c33b,degree_preserving_edge_swap,18,3.47,1.7562809038036375,0.0,7.0,8.27316403004319,0.004975124378109453
motif_99e8c843de8d882e,degree_preserving_edge_swap,18,10.08,2.6606380766414617,5.0,16.0,2.976729555790414,0.004975124378109453
motif_a1ae62206b8ba733,degree_preserving_edge_swap,18,9.44,2.625043670371366,5.0,14.0,3.2608981315686125,0.004975124378109453
motif_e3de499b71f201eb,degree_preserving_edge_swap,18,7.75,2.49974873109138,3.0,13.025000000000006,4.100412122431558,0.004975124378109453
motif_fb2720f36e825503,degree_preserving_edge_swap,18,5.73,2.2522127589456975,1.9750000000000005,10.025000000000006,5.44797553040407,0.004975124378109453
motif_fcb2309a55e1c264,degree_preserving_edge_swap,18,11.455,3.0912382258318787,6.0,18.0,2.1172745423846084,0.03482587064676617
motif_2df1fc468997b780,degree_preserving_edge_swap,18,2.49,1.431834750859486,0.0,6.0,10.832255601206652,0.004975124378109453
motif_3e45758c870619f1,degree_preserving_edge_swap,18,5.92,2.2736418443063773,1.9750000000000005,10.025000000000006,5.313061962793555,0.004975124378109453
motif_4ab9c1124d55c11e,degree_preserving_edge_swap,18,2.665,1.4468037897483372,0.0,5.0,10.59922576140572,0.004975124378109453
motif_4d8abc0d6f5be753,degree_preserving_edge_swap,18,6.905,2.113839299217084,3.0,10.025000000000006,5.248743366683231,0.004975124378109453
motif_5356ddb63baeb1a0,degree_preserving_edge_swap,18,2.315,1.433895141348176,0.0,6.0,10.93873571902382,0.004975124378109453
motif_5b005ebf29769484,degree_preserving_edge_swap,18,3.4,1.635043373788859,0.0,6.025000000000006,8.92942672595141,0.004975124378109453
motif_8b2b32ac1e312975,degree_preserving_edge_swap,18,1.93,1.2541789442183295,0.0,4.025000000000006,12.813163603233406,0.004975124378109453
motif_8d40f48fcb3125a8,degree_preserving_edge_swap,18,6.625,2.247136648176494,2.0,11.0,5.061997457622607,0.004975124378109453
motif_942eea161cd3e9b4,degree_preserving_edge_swap,18,2.725,1.556111310948,0.0,6.0,9.816135833299935,0.004975124378109453
motif_9c0f066e204e2ae7,degree_preserving_edge_swap,18,2.78,1.55359851367995,0.0,6.0,9.796610814172938,0.004975124378109453
motif_b290b84d8c29a912,degree_preserving_edge_swap,18,7.89,2.436716630980813,3.9750000000000005,13.0,4.149025730550615,0.004975124378109453
motif_b3ca1057bdd993aa,degree_preserving_edge_swap,18,5.645,2.2503991829033483,1.9750000000000005,10.0,5.490137080506855,0.004975124378109453
motif_ca4ca54bdbc7af3a,degree_preserving_edge_swap,18,7.385,2.348264621729916,3.0,12.0,4.520359375929345,0.004975124378109453
motif_e1f9610d351f3b68,degree_preserving_edge_swap,18,0.43,0.6301471472090291,0.0,2.0,27.882376485903176,0.004975124378109453
motif_e7f8a2637fff03ac,degree_preserving_edge_swap,18,1.94,1.3695907762804058,0.0,5.0,11.726130372764663,0.004975124378109453
motif_f8ae3e548d565a34,degree_preserving_edge_swap,18,4.2,1.9413511328725497,1.0,8.0,7.10845130812612,0.004975124378109453
motif_2b09bdd59d8c5fd2,degree_preserving_edge_swap,18,1.55,1.1197181985754743,0.0,4.0,14.691196428644266,0.004975124378109453
motif_6a76264f1b8e1022,degree_preserving_edge_swap,18,4.175,1.8926929048741121,1.0,8.0,7.304407368145935,0.004975124378109453
motif_78b018ef1263d23e,degree_preserving_edge_swap,18,1.935,1.3378055232695272,0.0,4.0,12.008471874699676,0.004975124378109453
motif_8e098a528736afc1,degree_preserving_edge_swap,18,4.205,1.92653384691694,1.0,8.0,7.160528231609498,0.004975124378109453
motif_aea54dd1d68d6aa1,degree_preserving_edge_swap,18,1.765,1.275897555787424,0.0,5.0,12.724375813997481,0.004975124378109453
motif_cec4c5befdad2280,degree_preserving_edge_swap,18,1.57,1.213450580599718,0.0,4.0,13.539900398646543,0.004975124378109453
motif_e33f6b854d961970,degree_preserving_edge_swap,18,5.415,1.952391910158991,2.0,9.0,6.445939431789161,0.004975124378109453
motif_fc46176829791ba1,degree_preserving_edge_swap,18,4.29,1.9531960665462795,1.0,9.0,7.019264596535144,0.004975124378109453
motif_47dad5662122fb76,degree_preserving_edge_swap,18,3.075,1.613191536883753,0.0,6.025000000000006,9.251846205957067,0.004975124378109453
motif_8be70ed3d03cf36b,degree_preserving_edge_swap,17,18.47,3.1984763960800766,12.0,25.025000000000006,-0.4595938246727634,0.7064676616915423
motif_14e98797f2dd5952,degree_preserving_edge_swap,17,11.67,2.6695942890899556,6.9750000000000005,17.0,1.9965580619431713,0.05472636815920398
motif_f2e9ca5ad6516eb7,degree_preserving_edge_swap,17,6.12,2.033784995282241,3.0,10.0,5.34963136478943,0.004975124378109453
motif_0d549577edd9b883,degree_preserving_edge_swap,17,0.72,0.7775751510805179,0.0,2.0250000000000057,20.93688304902404,0.004975124378109453
motif_51fdda337b0e40f4,degree_preserving_edge_swap,17,10.79,2.711579487417419,5.0,16.0,2.290178115307463,0.014925373134328358
motif_52a0b2f4bbb23b94,degree_preserving_edge_swap,17,4.165,1.7871048426415748,1.0,8.0,7.1820072856096075,0.004975124378109453
motif_6d42bdbb4a71b8b3,degree_preserving_edge_swap,17,10.105,3.048020199355377,5.0,16.025000000000006,2.2621241163225285,0.029850746268656716
motif_802a6c2d5883a39a,degree_preserving_edge_swap,17,11.5,2.7271204464871444,6.0,17.0,2.016779276135256,0.04975124378109453
motif_8532d57fe6419cdc,degree_preserving_edge_swap,17,0.36,0.5934313810543739,0.0,2.0,28.040310187902485,0.004975124378109453
motif_8ed81f4f7e46fc33,degree_preserving_edge_swap,17,9.54,2.4326919142687884,5.0,15.0,3.0665617607572417,0.004975124378109453
motif_96ecd619dc3c46a8,degree_preserving_edge_swap,17,3.545,1.866923139834699,1.0,7.025000000000006,7.207045492612691,0.004975124378109453
motif_9fd780027a6921f4,degree_preserving_edge_swap,17,7.86,2.4659286324021044,3.0,12.025000000000006,3.70651440593257,0.004975124378109453
motif_c2fd866a78a4d483,degree_preserving_edge_swap,17,5.37,1.8923543603473487,2.0,9.0,6.145783392210574,0.004975124378109453
motif_ceb401621b1b58f4,degree_preserving_edge_swap,17,8.085,2.3634092996321936,3.0,13.0,3.7720931373957947,0.004975124378109453
motif_d676c57c1d944424,degree_preserving_edge_swap,17,13.73,3.249599898062443,8.0,20.0,1.0062777272825865,0.22885572139303484
motif_e9a1ec2826e19932,degree_preserving_edge_swap,17,3.325,1.8209763243571702,0.0,7.0,7.509707741437805,0.004975124378109453
motif_0c99da1e241f58ee,degree_preserving_edge_swap,17,9.155,2.504463352380523,5.0,14.0,3.1324075844604526,0.004975124378109453
motif_2864047416dce450,degree_preserving_edge_swap,17,2.83,1.5598930513526539,0.0,6.025000000000006,9.08395610052404,0.004975124378109453
motif_7441d69f4a3677ba,degree_preserving_edge_swap,17,6.1,2.3057716527385934,2.0,11.0,4.727267761772479,0.004975124378109453
motif_8233cd6d0c428f2e,degree_preserving_edge_swap,17,2.515,1.48350223945647,0.0,6.0,9.764056713056974,0.004975124378109453
motif_982005d603aa54fa,degree_preserving_edge_swap,17,5.245,2.118351259895654,1.9750000000000005,10.0,5.549126918912886,0.004975124378109453
motif_a08abd313dd26450,degree_preserving_edge_swap,17,0.2,0.44833583966221974,0.0,1.0,37.47190947896843,0.004975124378109453
motif_ae603c09fa29e0bd,degree_preserving_edge_swap,17,0.645,0.7561971772324145,0.0,2.0250000000000057,21.627956956751966,0.004975124378109453
motif_c8a09e1397dea443,degree_preserving_edge_swap,17,2.435,1.5288761596538143,0.0,6.0,9.526605479477144,0.004975124378109453
motif_fed0cf2b822c7988,degree_preserving_edge_swap,17,6.525,2.10512058165716,3.0,11.0,4.975961990621,0.004975124378109453
motif_19953f2a0ebbb76b,degree_preserving_edge_swap,17,4.025,1.8766952135664208,1.0,7.025000000000006,6.913749183247854,0.004975124378109453
motif_19a8c435e078d3bf,degree_preserving_edge_swap,17,2.215,1.4349461145836773,0.0,5.0,10.303522794157042,0.004975124378109453
motif_7559da31aa7a931b,degree_preserving_edge_swap,17,2.055,1.3494741205410536,0.0,5.0,11.07468440669911,0.004975124378109453
motif_808c9822c2d6cf39,degree_preserving_edge_swap,17,1.995,1.2818701005850277,0.0,4.0,11.705554246995796,0.004975124378109453
motif_9b5b464292c18af7,degree_preserving_edge_swap,17,1.535,1.1728824605780659,0.0,4.0,13.185464460247733,0.004975124378109453
motif_b3476efa1e6cab24,degree_preserving_edge_swap,17,1.35,1.1286582063378043,0.0,4.0,13.866022425673124,0.004975124378109453
motif_8ff5ace76cfeeabc,degree_preserving_edge_swap,17,1.215,1.0412473192760192,0.0,3.0250000000000057,15.159702894577759,0.004975124378109453
motif_b97df8977fb14b28,degree_preserving_edge_swap,17,1.04,0.9554919278155118,0.0,3.0,16.70343781604567,0.004975124378109453
motif_c5044c45d3fbede6,degree_preserving_edge_swap,17,1.085,0.9913064320436211,0.0,3.0,16.054571508418984,0.004975124378109453
motif_e837885bb041745f,degree_preserving_edge_swap,17,1.61,1.1979463163616384,0.0,4.0,12.846986371427713,0.004975124378109453
motif_f5e0254eb233c8b3,degree_preserving_edge_swap,17,0.815,0.8392237379936652,0.0,3.0,19.285679452649337,0.004975124378109453
motif_1b70672a0200c360,degree_preserving_edge_swap,16,16.885,2.970842392758839,11.975000000000001,23.025000000000006,-0.2978953047651095,0.6766169154228856
motif_3f700015cc320b9f,degree_preserving_edge_swap,16,25.41,3.76200256732806,18.975,32.025000000000006,-2.5013273732780563,0.9900497512437811
motif_a8d23c336bd382f7,degree_preserving_edge_swap,16,15.625,3.0215931436293904,10.0,22.0,0.12410671529045379,0.48258706467661694
motif_b34b1515d11dff2d,degree_preserving_edge_swap,16,6.985,1.9860759017311465,3.0,11.0,4.539101447302266,0.004975124378109453
motif_4b05d4f2b5167865,degree_preserving_edge_swap,16,13.585,2.775118269017589,9.0,19.0,0.8702331813969593,0.263681592039801
motif_6ae867c41be1530a,degree_preserving_edge_swap,16,14.615,2.6706623122232505,9.0,20.0,0.5185979499021823,0.4079601990049751
motif_86d38c7c09294daf,degree_preserving_edge_swap,16,12.61,2.7414371024947264,8.0,19.0,1.2365777047793938,0.15422885572139303
motif_93fb0cdad507103e,degree_preserving_edge_swap,16,11.71,2.5174566410761665,7.0,17.0,1.7041008492468426,0.07462686567164178
motif_b0a4fb709e4b902d,degree_preserving_edge_swap,16,14.1,2.5202695875580146,9.0,19.0,0.753887603683296,0.30845771144278605
motif_e914423a10596f14,degree_preserving_edge_swap,16,5.74,2.1762537540484677,1.0,10.0,4.7145237456401405,0.004975124378109453
motif_119901c82bb32e02,degree_preserving_edge_swap,16,3.775,1.752062675274618,0.0,7.0,6.977490116376034,0.004975124378109453
motif_2cc5efe0d3208595,degree_preserving_edge_swap,16,4.72,2.0984799475935594,1.0,9.0,5.375319412956692,0.004975124378109453
motif_2f7f130e801e1694,degree_preserving_edge_swap,16,8.85,2.5632697397648116,4.0,13.025000000000006,2.789406003230872,0.009950248756218905
motif_361d94e8355254fb,degree_preserving_edge_swap,16,1.125,1.0463504414062985,0.0,3.0,14.216078487058265,0.004975124378109453
motif_61888c130d5d9ef6,degree_preserving_edge_swap,16,5.36,2.100586182844634,2.0,10.0,5.065252778912985,0.004975124378109453
motif_663ebbcf311ad7ef,degree_preserving_edge_swap,16,3.705,1.7007166683282808,1.0,7.0,7.229305285803642,0.004975124378109453
motif_6dcdb3a82ba650fc,degree_preserving_edge_swap,16,10.63,2.9026240077993655,6.0,17.0,1.8500501565379401,0.06965174129353234
motif_a331fbe8eb8c5bf3,degree_preserving_edge_swap,16,9.47,2.355171792216923,5.0,15.0,2.7726215223787607,0.004975124378109453
motif_a37d25618713175a,degree_preserving_edge_swap,16,10.185,2.725420072734537,5.0,15.025000000000006,2.1336160462653186,0.029850746268656716
motif_cf9c9230b4395826,degree_preserving_edge_swap,16,1.055,0.9573702465319893,0.0,3.0,15.610470509332496,0.004975124378109453
motif_d2d3941dc3dcdda6,degree_preserving_edge_swap,16,12.085,2.4531335719051333,8.0,17.0,1.5959179902949854,0.0845771144278607
motif_ed7fd1b0d342bae0,degree_preserving_edge_swap,16,11.8,2.3913579750476774,7.0,16.0,1.756324249160673,0.06965174129353234
motif_74fdcb73cf700601,degree_preserving_edge_swap,16,7.05,2.1797376634372867,3.0,11.0,4.1059986943045725,0.004975124378109453
motif_79f2bdd8ef302047,degree_preserving_edge_swap,16,0.54,0.6787514402105832,0.0,2.0,22.77711557444876,0.004975124378109453
motif_92891644fc009b21,degree_preserving_edge_swap,16,2.295,1.409934244163294,0.0,6.0,9.720311466108862,0.004975124378109453
motif_979bfd561a32d6ec,degree_preserving_edge_swap,16,0.405,0.5767479440403529,0.0,2.0,27.0395415556243,0.004975124378109453
motif_a0be1267abde7bff,degree_preserving_edge_swap,16,8.0,2.6007343377356684,4.0,13.0,3.0760542835625446,0.004975124378109453
motif_b604acdcd89ca6ad,degree_preserving_edge_swap,16,3.21,1.5549887297819045,0.9750000000000005,6.0,8.22513999943515,0.004975124378109453
motif_c276fb95f931537d,degree_preserving_edge_swap,16,7.105,2.0894506503146957,3.9750000000000005,11.0,4.257099826052512,0.004975124378109453
motif_df6253b66cf8092b,degree_preserving_edge_swap,16,3.175,1.5349774522430193,0.0,6.0,8.355171589823152,0.004975124378109453
motif_6a53ac480546d15f,degree_preserving_edge_swap,16,1.295,1.0456778715528399,0.0,3.0,14.062648163495092,0.004975124378109453
motif_732d88786176d94a,degree_preserving_edge_swap,16,0.355,0.5295062647619097,0.0,1.0250000000000057,29.546392632454896,0.004975124378109453
motif_e72f4a6e150dd905,degree_preserving_edge_swap,16,5.5,2.0860869574324674,2.0,10.0,5.03334722581425,0.004975124378109453
motif_f1854ccfa9a70eef,degree_preserving_edge_swap,16,1.875,1.2875027443011198,0.0,4.0,10.97085040208385,0.004975124378109453
motif_dc489e744aae719a,degree_preserving_edge_swap,16,1.005,0.9269689082077777,0.0,3.0,16.17637858964619,0.004975124378109453
motif_a43b28fd352c3ebd,degree_preserving_edge_swap,15,29.68,3.9744915290603986,22.975,37.0,-3.693554230186136,1.0
motif_c89ddfa6cc6aab27,degree_preserving_edge_swap,15,24.625,3.6373792266123357,17.0,31.0,-2.646135967781457,1.0
motif_d877fb80cd3afbbc,degree_preserving_edge_swap,15,8.485,2.68810426185687,3.9750000000000005,14.0,2.4236411111150926,0.009950248756218905
motif_719ac8b104bb9f5a,degree_preserving_edge_swap,15,5.59,1.9444289701864912,2.0,9.0,4.839467084826185,0.004975124378109453
motif_85dc8a2a69a366ed,degree_preserving_edge_swap,15,5.99,2.2191265428238487,2.0,11.0,4.060156023610412,0.004975124378109453
motif_1e62e7ab2de42a0c,degree_preserving_edge_swap,15,4.56,1.911720002205911,1.0,8.0,5.4610507751937565,0.004975124378109453
motif_30eac748c9b6b6ad,degree_preserving_edge_swap,15,0.465,0.6715877833565534,0.0,2.0,21.64274032406454,0.004975124378109453
motif_55659ce9ca8581e0,degree_preserving_edge_swap,15,4.17,1.8269616702940483,1.0,7.025000000000006,5.927874774875227,0.004975124378109453
motif_7923ef18841b1d60,degree_preserving_edge_swap,15,5.09,2.1365213825493186,1.0,10.0,4.638380912516443,0.004975124378109453
motif_99a961c31f3cb611,degree_preserving_edge_swap,15,9.905,2.1280550017450803,6.0,14.0,2.3942050350305424,0.01990049751243781
motif_bbce14c7c6af7723,degree_preserving_edge_swap,15,3.655,1.6612567138605467,1.0,7.0,6.829167283625709,0.004975124378109453
motif_bd3e0e800b3d3ab6,degree_preserving_edge_swap,15,3.65,1.7414543682172425,1.0,8.0,6.517540859608738,0.004975124378109453
motif_fd53f703a15f6171,degree_preserving_edge_swap,15,4.455,1.8749807369194735,1.0,9.0,5.624057779561543,0.004975124378109453
motif_29492fa27ecc5e4c,degree_preserving_edge_swap,15,0.16,0.39392369743008027,0.0,1.0,37.67227028182034,0.004975124378109453
motif_59930048cf08ed8a,degree_preserving_edge_swap,14,8.19,2.7407037939974765,3.0,13.025000000000006,2.119893442233601,0.029850746268656716
motif_6c46ddfa2e3e805e,degree_preserving_edge_swap,14,3.55,1.7443375727877888,1.0,7.025000000000006,5.990812881074893,0.004975124378109453
motif_85885a371198be0a,degree_preserving_edge_swap,14,7.31,2.419331690600882,3.0,12.0,2.765226457368657,0.009950248756218905
motif_cd9096506642a0a4,degree_preserving_edge_swap,14,32.595,4.175902995658033,25.0,41.0,-4.45292910762881,1.0
motif_f1a82655213bd83e,degree_preserving_edge_swap,14,28.52,3.7856645759241574,20.975,37.0,-3.8355220619236645,1.0
motif_57be78ca59a7740b,degree_preserving_edge_swap,14,5.575,1.8873754077152332,2.0,9.0,4.46387081529207,0.004975124378109453
motif_ab6254b20120b056,degree_preserving_edge_swap,14,5.86,2.2484835760929633,2.0,10.0,3.6202176820630037,0.009950248756218905
motif_03ca9491450a65fe,degree_preserving_edge_swap,14,17.8,3.2900031311558173,12.0,25.0,-1.1550140983194188,0.9154228855721394
motif_102c6e9d78ee3ec7,degree_preserving_edge_swap,14,22.785,3.5385564725672753,17.0,30.0,-2.482650783760518,0.9950248756218906
motif_1f6e0e453ce3f0b3,degree_preserving_edge_swap,14,9.23,2.924012524978501,4.0,15.0,1.63131996161168,0.09950248756218906
motif_20e58aec07c10b6e,degree_preserving_edge_swap,14,2.735,1.5610764872340421,0.0,6.0,7.216174282375897,0.004975124378109453
motif_2c3a7d57f6c65cf3,degree_preserving_edge_swap,14,5.265,1.937406181875098,1.0,9.0,4.508605413628815,0.004975124378109453
motif_44f58845fafd1f04,degree_preserving_edge_swap,14,2.43,1.5088016476861048,0.0,6.0,7.668337330982989,0.004975124378109453
motif_56117d7bc6505b15,degree_preserving_edge_swap,14,17.325,3.335416016031585,11.0,23.0,-0.9968771463644951,0.8805970149253731
motif_5a11e3588343dd34,degree_preserving_edge_swap,14,20.08,3.188169084373156,13.975000000000001,26.0,-1.907050673629947,0.9751243781094527
motif_638b01422add1be9,degree_preserving_edge_swap,14,6.45,2.204951030119748,2.0,11.0,3.4241123257916386,0.004975124378109453
motif_6d0715d010496bbd,degree_preserving_edge_swap,14,5.145,2.060388556807946,2.0,9.0,4.297733051730105,0.004975124378109453
motif_7bb0995b40596203,degree_preserving_edge_swap,14,3.825,1.6209603828638346,1.0,8.0,6.277142925617529,0.004975124378109453
motif_941283ca50a50542,degree_preserving_edge_swap,14,8.71,2.4994270700286414,4.0,13.025000000000006,2.1164850390851293,0.029850746268656716
motif_9661aa1993d88851,degree_preserving_edge_swap,14,5.215,2.1287160827137144,1.0,10.0,4.126900750804104,0.004975124378109453
motif_a84108f15ce496ab,degree_preserving_edge_swap,14,10.58,2.6662981319880954,6.0,15.025000000000006,1.2826772666453152,0.14427860696517414
motif_be16fa98f74de416,degree_preserving_edge_swap,14,6.445,2.367488120350343,2.9750000000000005,11.0,3.191145896386591,0.004975124378109453
motif_daaa1c17175d12b5,degree_preserving_edge_swap,14,20.755,3.5380167910950266,14.0,28.0,-1.9092617132292655,0.9900497512437811
motif_df714eee2f850410,degree_preserving_edge_swap,14,7.045,2.4562452449862553,3.0,12.0,2.831557644415478,0.014925373134328358
motif_f861045217cafed5,degree_preserving_edge_swap,14,20.605,3.7802681301302417,12.975000000000001,27.025000000000006,-1.7472305594821493,0.9701492537313433
motif_302ce535f63e4a71,degree_preserving_edge_swap,14,6.945,2.286507287958961,3.0,11.0,3.085492024080802,0.009950248756218905
motif_30fd9f48f03f7c74,degree_preserving_edge_swap,14,3.635,1.8326395824591322,0.0,7.0,5.655776563601065,0.004975124378109453
motif_32ad1c23f2ae591a,degree_preserving_edge_swap,14,5.065,2.062046356384698,2.0,9.0,4.33307426495754,0.004975124378109453
motif_8b97c1bed618017d,degree_preserving_edge_swap,14,4.525,1.9643493430926533,1.0,9.0,4.823480117382099,0.004975124378109453
motif_f4ce7d24158f3adb,degree_preserving_edge_swap,14,14.16,3.0906570181791615,8.0,20.0,-0.05176892779072037,0.5621890547263682
motif_f8ba0793a21c1310,degree_preserving_edge_swap,14,4.16,1.7520698455594153,1.0,8.0,5.616214459109194,0.004975124378109453
motif_6e730615c688e1f6,degree_preserving_edge_swap,14,3.18,1.7357025426561197,0.0,7.0,6.233787030951926,0.004975124378109453
motif_0736999767f979b8,degree_preserving_edge_swap,14,2.455,1.4692749382675474,0.0,6.0,7.857617181991104,0.004975124378109453
motif_0a54b8cc99574e71,degree_preserving_edge_swap,14,1.8,1.3185952628978623,0.0,5.0,9.252270460298934,0.004975124378109453
motif_0db918ee954bf825,degree_preserving_edge_swap,14,5.795,2.3623884940849433,2.0,11.0,3.473179801097091,0.009950248756218905
motif_409458ebc84003c3,degree_preserving_edge_swap,14,5.505,2.2860676997058067,1.0,10.0,3.7159879390681296,0.004975124378109453
motif_4bf17d16162319a7,degree_preserving_edge_swap,14,8.375,2.7150011336607016,4.0,14.0,2.07182233932097,0.03980099502487562
motif_4f96fec7de252336,degree_preserving_edge_swap,14,8.97,2.303394916357922,5.0,13.025000000000006,2.1837332210289526,0.029850746268656716
motif_796bc0904ca42936,degree_preserving_edge_swap,14,3.155,1.5140796497970785,1.0,6.025000000000006,7.162767164497244,0.004975124378109453
motif_860e111160559f4a,degree_preserving_edge_swap,14,4.565,1.792159080788943,1.9750000000000005,8.0,5.264599611239048,0.004975124378109453
motif_99183ecf8ee38281,degree_preserving_edge_swap,14,7.95,2.0806599262357173,4.0,12.0,2.9077313037626107,0.014925373134328358
motif_9e365847eeb5773b,degree_preserving_edge_swap,14,7.49,2.374466351048442,3.0,12.0,2.741668668888704,0.009950248756218905
motif_9ffcf9a61af78c23,degree_preserving_edge_swap,14,2.06,1.3695907762804058,0.0,5.0,8.71793254363699,0.004975124378109453
motif_a5066e794d4e1251,degree_preserving_edge_swap,14,8.22,2.187584887082316,4.0,13.0,2.642183182984527,0.009950248756218905
motif_b19a02a5331c56cc,degree_preserving_edge_swap,14,7.2,2.3296213594470587,3.0,12.0,2.918929281114591,0.004975124378109453
motif_d664828ab1d1af28,degree_preserving_edge_swap,14,8.145,2.3304786317978405,4.0,13.0,2.512359444155546,0.024875621890547265
motif_e443575d63a2a94c,degree_preserving_edge_swap,14,3.615,1.847659119292714,0.0,7.0,5.6206255209972875,0.004975124378109453
motif_e4e4f0c2ae14f178,degree_preserving_edge_swap,14,6.85,2.140187377322427,3.0,11.0,3.340828974024374,0.004975124378109453
motif_eff93837e7c7eb57,degree_preserving_edge_swap,14,4.74,1.88418437361338,1.0,9.0,4.914593353856187,0.004975124378109453
motif_f1f9f857e53462dc,degree_preserving_edge_swap,14,6.935,2.459884174255726,3.0,12.0,2.872086447784729,0.009950248756218905
motif_0844c6f2655498c6,degree_preserving_edge_swap,14,0.5,0.6725037594933305,0.0,2.0,20.074237220875915,0.004975124378109453
motif_21ec8f8c9d580077,degree_preserving_edge_swap,14,5.635,2.0985218535553187,2.0,10.0,3.9861390939665484,0.004975124378109453
motif_28de9d82bd181d49,degree_preserving_edge_swap,14,7.285,2.108555198501009,3.0,11.0,3.1846451090176604,0.004975124378109453
motif_31a48e12b639f442,degree_preserving_edge_swap,14,4.245,2.016259285790815,1.0,8.025000000000006,4.838167426553924,0.004975124378109453
motif_65ff610866fe59e4,degree_preserving_edge_swap,14,5.1,1.9074042452437465,2.0,9.0,4.6660271529712745,0.004975124378109453
motif_814b502b446fbc42,degree_preserving_edge_swap,14,0.53,0.6412143002885019,0.0,2.0,21.007017457251713,0.004975124378109453
motif_9291f5dec38604a8,degree_preserving_edge_swap,14,3.64,1.6413011139744187,1.0,7.0,6.312065416755375,0.004975124378109453
motif_a79f126286cb40ad,degree_preserving_edge_swap,14,3.085,1.741533720170948,0.0,7.0,6.267464059741886,0.004975124378109453
motif_bba5ef19a6743b98,degree_preserving_edge_swap,14,5.89,2.1798298767237045,2.0,11.0,3.720473825319511,0.004975124378109453
motif_bee86fa03871dbfd,degree_preserving_edge_swap,14,5.48,2.009925121733362,2.0,9.0,4.2389638837154,0.004975124378109453
motif_d53e2a3c15630bbd,degree_preserving_edge_swap,14,2.0,1.2877466588139268,0.0,5.0,9.318603094689871,0.004975124378109453
motif_e0f4385c101dd6e6,degree_preserving_edge_swap,14,0.285,0.5433702754857026,0.0,2.0,25.24061513622652,0.004975124378109453
motif_f2661d2b5855f782,degree_preserving_edge_swap,14,1.345,1.1844787671160435,0.0,4.0,10.684024358505186,0.004975124378109453
motif_f9442f72604ce930,degree_preserving_edge_swap,14,1.51,1.1903717589993124,0.0,4.0,10.492520429499887,0.004975124378109453
motif_fb6b569578a347eb,degree_preserving_edge_swap,14,1.885,1.3116313828290744,0.0,5.0,9.236588997946209,0.004975124378109453
motif_5677d361d746bb2f,degree_preserving_edge_swap,14,4.055,1.7253577300033778,1.0,8.0,5.764022050071048,0.004975124378109453
motif_5e93359d0e369559,degree_preserving_edge_swap,14,1.14,1.0891885320234762,0.0,4.0,11.806955014582192,0.004975124378109453
motif_a9597247d36af917,degree_preserving_edge_swap,14,1.66,1.1880476785180631,0.0,4.0,10.386788529726823,0.004975124378109453
motif_55204e66349552de,degree_preserving_edge_swap,13,27.23,4.139174291944649,18.975,35.025000000000006,-3.4378837411348835,1.0
motif_09cbb4fdf9ec0935,degree_preserving_edge_swap,13,3.46,1.7617944255757958,1.0,7.0,5.414933695730195,0.004975124378109453
motif_5373d5c77d75d134,degree_preserving_edge_swap,13,9.22,2.6145322515647726,5.0,14.0,1.4457652980710816,0.1044776119402985
motif_5726b96f5e04302f,degree_preserving_edge_swap,13,6.23,2.1587964262640065,3.0,11.0,3.1360066737353742,0.004975124378109453
motif_61dbbbd9a68fd124,degree_preserving_edge_swap,13,19.0,3.468450771420699,12.0,26.025000000000006,-1.7298789561722285,0.9701492537313433
motif_974f3af55abda56b,degree_preserving_edge_swap,13,7.27,2.403326839923669,2.9750000000000005,12.0,2.384195068608308,0.014925373134328358
motif_a30e4d93bac8c72d,degree_preserving_edge_swap,13,2.02,1.27188381631777,0.0,5.0,8.63286399208081,0.004975124378109453
motif_a6686b16eb16c8f5,degree_preserving_edge_swap,13,21.735,3.823331573589719,14.975000000000001,29.0,-2.284656674911071,0.9950248756218906
motif_b8b9a74d34ecbd56,degree_preserving_edge_swap,13,13.98,3.0357335838244754,9.0,19.025000000000006,-0.3228214772277143,0.6467661691542289
motif_c91ab3029e8c5019,degree_preserving_edge_swap,13,17.54,3.383138800094303,11.0,24.0,-1.3419490799116636,0.900497512437811
motif_e80f1384a255b464,degree_preserving_edge_swap,13,6.04,2.184550596011148,2.0,10.0,3.1860099796766077,0.009950248756218905
motif_eb965207c9151610,degree_preserving_edge_swap,13,19.155,3.5487948269261933,12.975000000000001,26.0,-1.7343916174864316,0.9751243781094527
motif_35b25ff849cedddd,degree_preserving_edge_swap,13,7.385,2.407437178587266,3.0,13.0,2.3323557723300588,0.04975124378109453
motif_40f115386ad69003,degree_preserving_edge_swap,13,4.395,1.88859975781692,1.0,8.025000000000006,4.556285663165994,0.004975124378109453
motif_64488d3121115cd6,degree_preserving_edge_swap,13,4.385,1.8119577684852017,1.0,8.0,4.754525822752562,0.004975124378109453
motif_9adc1169610fc2b6,degree_preserving_edge_swap,13,4.48,1.75928263132574,1.0,8.0,4.842883029874282,0.004975124378109453
motif_a9c4bcb9b3dd8ec6,degree_preserving_edge_swap,13,4.185,1.8351057368246186,1.0,8.0,4.803537923244176,0.004975124378109453
motif_011a38a32de3b7dd,degree_preserving_edge_swap,13,10.83,2.7254799955292563,5.0,17.0,0.7961900302183694,0.2835820895522388
motif_1abbe9e8641d1ec1,degree_preserving_edge_swap,13,10.405,2.6009227199159297,6.0,16.0,0.9977228389484327,0.21393034825870647
motif_2438fa77cf88e1ce,degree_preserving_edge_swap,13,13.745,2.9637635655297823,7.0,19.025000000000006,-0.25136957909354285,0.6567164179104478
motif_28829b66a849d9fa,degree_preserving_edge_swap,13,6.575,2.3922771473532802,2.0,11.025000000000006,2.6857256096386504,0.014925373134328358
motif_2ea327f21ddaaa54,degree_preserving_edge_swap,13,15.23,3.196590520347245,10.0,22.0,-0.6976182860473965,0.7761194029850746
motif_3506c47e56bf068a,degree_preserving_edge_swap,13,12.825,3.0596046974278583,7.0,19.0,0.05719693140330165,0.5373134328358209
motif_4ae20a2381227a75,degree_preserving_edge_swap,13,0.75,0.8372604284961926,0.0,2.0250000000000057,14.63105096463508,0.004975124378109453
motif_54242edadc447171,degree_preserving_edge_swap,13,3.995,1.887535150592862,0.9750000000000005,8.0,4.770772081871741,0.004975124378109453
motif_56e99004e75a0653,degree_preserving_edge_swap,13,4.125,1.8237338142189579,1.0,8.0,4.866390002096252,0.004975124378109453
motif_5ad27ac7e27a06eb,degree_preserving_edge_swap,13,12.545,2.889588832012343,7.0,19.0,0.15746184888288514,0.46766169154228854
motif_5f4182e9115c8239,degree_preserving_edge_swap,13,3.18,1.6032630044089884,0.0,6.0,6.1250087933139525,0.004975124378109453
motif_5ffcfcca1c5c912f,degree_preserving_edge_swap,13,1.785,1.2715578227050504,0.0,5.0,8.819889901775566,0.004975124378109453
motif_67064ea6781f33f6,degree_preserving_edge_swap,13,14.34,3.333159124425912,9.0,22.0,-0.4020210106923099,0.6766169154228856
motif_6b9f4654fad9bc4b,degree_preserving_edge_swap,13,0.59,0.7842033373888813,0.0,2.0,15.824977283724518,0.004975124378109453
motif_6bb58696134f3153,degree_preserving_edge_swap,13,2.82,1.6250550821742946,0.0,6.0,6.264403041882951,0.004975124378109453
motif_6cd82b6d43c8255f,degree_preserving_edge_swap,13,1.265,1.039315101110814,0.0,3.0250000000000057,11.291089668049372,0.004975124378109453
motif_6f98dc882221bf18,degree_preserving_edge_swap,13,6.085,2.209566909973138,2.0,11.0,3.129572573153744,0.009950248756218905
motif_70d5ba2e015f9d9a,degree_preserving_edge_swap,13,4.35,1.90937912506031,2.0,8.0,4.530268445103473,0.004975124378109453
motif_78cf643a53963302,degree_preserving_edge_swap,13,4.28,1.8489709211712015,1.0,8.0,4.716136906294044,0.004975124378109453
motif_81ef6862ac931678,degree_preserving_edge_swap,13,2.855,1.5704478764554126,0.0,6.0,6.4599406017204615,0.004975124378109453
motif_8341e60317787269,degree_preserving_edge_swap,13,2.745,1.5004103291362978,0.0,6.0,6.834796989103126,0.004975124378109453
motif_8fe255b7c26b3dcd,degree_preserving_edge_swap,13,5.485,1.9567625297899467,2.0,9.0,3.8405273432983793,0.004975124378109453
motif_9097e761cd3f6ab1,degree_preserving_edge_swap,13,5.58,2.157981562041379,2.0,10.0,3.4383982377406994,0.004975124378109453
motif_94968d108ca92c97,degree_preserving_edge_swap,13,5.055,2.1715323538504085,2.0,10.0,3.65870671275631,0.004975124378109453
motif_c933e865cb7dd1a6,degree_preserving_edge_swap,13,14.125,2.88983228808634,8.975000000000001,20.0,-0.38929594794754685,0.7064676616915423
motif_d900cb8df07bc59b,degree_preserving_edge_swap,13,1.975,1.3577897351299002,0.0,6.0,8.11981392608277,0.004975124378109453
motif_d938e0d5596e37be,degree_preserving_edge_swap,13,5.255,2.005012562774712,1.9750000000000005,9.025000000000006,3.862818689415986,0.004975124378109453
motif_e08df7b45c1551f1,degree_preserving_edge_swap,13,3.07,1.6242818281586588,1.0,7.0,6.113471090947921,0.004975124378109453
motif_e802c45973b2f5f8,degree_preserving_edge_swap,13,3.075,1.7129054924690537,0.0,7.0,5.79424845307355,0.004975124378109453
motif_f2b672fed13e5bf2,degree_preserving_edge_swap,13,2.26,1.4043722108232795,0.0,5.0,7.647545228557274,0.004975124378109453
motif_fb2dbc03f16a2ede,degree_preserving_edge_swap,13,4.85,1.943291514299318,1.0,9.0,4.193915292703062,0.004975124378109453
motif_fd95d1d34b39c965,degree_preserving_edge_swap,13,11.915,2.8773548363508032,6.9750000000000005,18.0,0.3770824461038837,0.42786069651741293
motif_111e68c3b12d536d,degree_preserving_edge_swap,13,0.495,0.7366739049342356,0.0,2.0,16.974946331397945,0.004975124378109453
motif_399d0fcc049fe0cf,degree_preserving_edge_swap,13,2.7,1.493705385574569,0.0,5.025000000000006,6.895603443270709,0.004975124378109453
motif_5a73d6adb6f33a2c,degree_preserving_edge_swap,13,9.91,2.603032634154318,5.0,15.0,1.1870769345939796,0.15422885572139303
motif_671a452650e51d91,degree_preserving_edge_swap,13,1.73,1.2629629356732623,0.0,4.0,8.923460603372472,0.004975124378109453
motif_877c11f9632c41e7,degree_preserving_edge_swap,13,3.585,1.7050840324714047,1.0,7.0,5.52172199182089,0.004975124378109453
motif_94540e1941e9921b,degree_preserving_edge_swap,13,2.38,1.3619377268654025,0.0,5.0,7.797713353930428,0.004975124378109453
motif_96ff5708a621681b,degree_preserving_edge_swap,13,2.195,1.420232481499961,0.0,5.025000000000006,7.607909367477944,0.004975124378109453
motif_985b69febfb21c6b,degree_preserving_edge_swap,13,2.83,1.6043596383748349,0.0,6.0,6.338977718425954,0.004975124378109453
motif_c4717a59730628ea,degree_preserving_edge_swap,13,3.195,1.6030670979728243,0.9750000000000005,6.0,6.116400250743726,0.004975124378109453
motif_c4f7f91aeda9000c,degree_preserving_edge_swap,13,8.385,2.461109567148023,3.0,13.0,1.8751704766025281,0.05970149253731343
motif_d33defb4252b2274,degree_preserving_edge_swap,13,3.095,1.5452878608415737,0.9750000000000005,7.0,6.409808975400656,0.004975124378109453
motif_d7259ed8f7ca4c68,degree_preserving_edge_swap,13,4.695,1.9853673254804587,2.0,9.0,4.183105007024426,0.004975124378109453
motif_f43670ad6edbad99,degree_preserving_edge_swap,13,3.835,1.7036098239211952,1.0,8.0,5.37975296415287,0.004975124378109453
motif_f7a10d05ede59dd4,degree_preserving_edge_swap,13,3.525,1.770607311420655,0.9750000000000005,7.0,5.3512712496356345,0.004975124378109453
motif_fb737fa52b36dbc3,degree_preserving_edge_swap,13,2.235,1.4212228438423355,0.0,5.0,7.57446310875244,0.004975124378109453
motif_73567f6e574b83af,degree_preserving_edge_swap,13,2.02,1.2914873977288601,0.0,4.025000000000006,8.501825119864765,0.004975124378109453
motif_94ad76abc9083824,degree_preserving_edge_swap,13,1.915,1.325351949085496,0.0,4.025000000000006,8.363816122690086,0.004975124378109453
motif_dcb214ea95ad5257,degree_preserving_edge_swap,13,2.51,1.5367851322529018,0.0,6.0,6.825937979125183,0.004975124378109453
motif_4f4a2ec11badf8fa,degree_preserving_edge_swap,12,19.955,3.3748962388665467,13.0,26.0,-2.357109504104835,0.9900497512437811
motif_f93a60ce0c6db0e5,degree_preserving_edge_swap,12,13.035,2.8023276398388943,9.0,19.0,-0.3693358282900504,0.681592039800995
motif_3486d9dc955392fb,degree_preserving_edge_swap,12,10.49,2.5578532141869723,6.0,16.0,0.5903388011575017,0.373134328358209
motif_67eb1a300d203ccd,degree_preserving_edge_swap,12,4.46,1.8234651424220147,1.0,8.025000000000006,4.134984445046757,0.004975124378109453
motif_700ceff50fa0e0f9,degree_preserving_edge_swap,12,13.23,2.84915574200693,8.0,18.0,-0.4317068322609824,0.7064676616915423
motif_7aae84218b572ff3,degree_preserving_edge_swap,12,9.62,2.267444934869052,5.0,14.0,1.0496396024441708,0.1890547263681592
motif_83b41e1e6cbf411c,degree_preserving_edge_swap,12,0.86,0.8022581195926031,0.0,3.0,13.885805238913674,0.004975124378109453
motif_993bc0c778627e70,degree_preserving_edge_swap,12,1.64,1.1947960865529372,0.0,4.0,8.670935665590653,0.004975124378109453
motif_a287e6f85d6bd649,degree_preserving_edge_swap,12,15.5,3.384861360847857,9.0,23.025000000000006,-1.0340157622063737,0.8955223880597015
motif_ba4eff2711177a58,degree_preserving_edge_swap,12,6.01,2.105245900484677,2.0,10.0,2.845273323473026,0.004975124378109453
motif_cdc12b332bc8e6d2,degree_preserving_edge_swap,12,11.19,2.5270198150645062,7.0,17.0,0.32053567414520806,0.417910447761194
motif_d60e8245c37bbbc2,degree_preserving_edge_swap,12,12.31,2.8362158949937295,7.0,19.0,-0.10930056507587758,0.6069651741293532
motif_f6d6c91aa2b5d534,degree_preserving_edge_swap,12,8.855,2.3304786317978405,4.0,13.0,1.3495081899008012,0.14427860696517414
motif_f7f792ca3e0c89df,degree_preserving_edge_swap,12,7.24,2.56423017334824,3.0,12.025000000000006,1.8563076160142973,0.04975124378109453
motif_5949382023fb3815,degree_preserving_edge_swap,12,11.405,2.8107787865527016,7.0,17.0,0.21168510408808883,0.47761194029850745
motif_6c209fd68b7f3d1b,degree_preserving_edge_swap,12,2.975,1.5018832399130306,0.0,6.0,6.0091222540858835,0.004975124378109453
motif_b3d1490119eed083,degree_preserving_edge_swap,12,12.215,2.9888864500103183,7.0,19.0,-0.07193314419798638,0.582089552238806
motif_d01370274886edbe,degree_preserving_edge_swap,12,9.015,2.4174356195924576,5.0,14.025000000000006,1.2347795224855769,0.12935323383084577
motif_d314ff3c65aefeb4,degree_preserving_edge_swap,12,2.82,1.4759717010537698,0.0,6.0,6.219631442422601,0.004975124378109453
motif_075a62250a611f95,degree_preserving_edge_swap,12,1.09,1.0034613462245752,0.0,3.0250000000000057,10.872366973623652,0.004975124378109453
motif_07ea21b8d2ae766c,degree_preserving_edge_swap,12,4.595,2.0742438229836733,1.0,10.0,3.569975678822733,0.004975124378109453
motif_07edead3c08dfaa1,degree_preserving_edge_swap,12,7.23,2.0805633176120732,3.9750000000000005,12.0,2.2926483225104035,0.03980099502487562
motif_0a0816f8dfe570fc,degree_preserving_edge_swap,12,5.35,2.1958160305911343,1.0,10.0,3.028486861993515,0.004975124378109453
motif_1265d32ef65996bc,degree_preserving_edge_swap,12,3.225,1.4611811151449652,1.0,6.0,6.005415693542839,0.004975124378109453
motif_16669a869ee67143,degree_preserving_edge_swap,12,6.695,1.8381701082145994,3.0,10.0,2.8860223416170694,0.004975124378109453
motif_185605e36a84f308,degree_preserving_edge_swap,12,3.965,1.8331879034750467,1.0,8.0,4.383074961802121,0.004975124378109453
motif_24567fd6741ebd9f,degree_preserving_edge_swap,12,11.275,2.8389563869200534,6.0,17.0,0.25537553283322634,0.4925373134328358
motif_346fc16ff129ec68,degree_preserving_edge_swap,12,0.72,0.7445615214987161,0.0,2.0,15.149856223156235,0.004975124378109453
motif_36405468b2fb3ecd,degree_preserving_edge_swap,12,3.72,1.8516867225837537,0.0,7.0,4.471598731585918,0.004975124378109453
motif_3b9272125fc3266c,degree_preserving_edge_swap,12,3.575,1.7084992974087616,1.0,7.0,4.931228249714816,0.004975124378109453
motif_449409cef3e46d92,degree_preserving_edge_swap,12,2.74,1.524473712630859,0.0,6.0,6.074227402727439,0.004975124378109453
motif_4bedbd6ce315a0c5,degree_preserving_edge_swap,12,6.235,2.380780455625728,2.0,11.0,2.4214748513990196,0.024875621890547265
motif_5175263f411cae4d,degree_preserving_edge_swap,12,7.855,2.12758267529161,4.0,12.0,1.948220413776343,0.04975124378109453
motif_53c2683415d02e5d,degree_preserving_edge_swap,12,2.145,1.4156252946575827,0.0,6.0,6.961587954942391,0.004975124378109453
motif_7308934d28594d69,degree_preserving_edge_swap,12,8.26,2.1577021091799953,4.9750000000000005,13.0,1.7333254595655632,0.06965174129353234
motif_7a78bd7f676cdabe,degree_preserving_edge_swap,12,5.285,1.9629162491061678,1.9750000000000005,9.0,3.420930466624716,0.004975124378109453
motif_89ef67de7813ade4,degree_preserving_edge_swap,12,8.865,2.2721329053773447,4.9750000000000005,13.0,1.3797608373086583,0.13432835820895522
motif_8edabf9e56c8ca96,degree_preserving_edge_swap,12,10.315,2.78830562191558,5.0,15.0,0.6043096519822662,0.3482587064676617
motif_95e573bcad752592,degree_preserving_edge_swap,12,0.63,0.7589333959561192,0.0,2.0250000000000057,14.981551820731054,0.004975124378109453
motif_a9687a8848fb0f2e,degree_preserving_edge_swap,12,1.565,1.1801435054548817,0.0,4.0,8.842145003355224,0.004975124378109453
motif_b53e30fbc74e37c1,degree_preserving_edge_swap,12,5.485,2.0980428783983394,2.0,10.0,3.1052749527090677,0.01990049751243781
motif_d330b84d6906863b,degree_preserving_edge_swap,12,1.635,1.161256900061179,0.0,4.0,8.925673552039981,0.004975124378109453
motif_db4c71d411ebe224,degree_preserving_edge_swap,12,3.78,1.8435273159961922,1.0,8.0,4.4588436139109415,0.004975124378109453
motif_dc2cb89797a97a1c,degree_preserving_edge_swap,12,1.8,1.2237186920146017,0.0,4.0,8.335248996816247,0.004975124378109453
motif_e7323604ddaa339b,degree_preserving_edge_swap,12,1.59,1.108169752792876,0.0,4.0,9.393867657697832,0.004975124378109453
motif_f2e7e98c27bd0e78,degree_preserving_edge_swap,12,0.62,0.6985987410559978,0.0,2.0,16.28975165743651,0.004975124378109453
motif_01162d9e7d5b62cc,degree_preserving_edge_swap,12,6.65,1.9918174322505275,3.0,11.0,2.685989144072862,0.014925373134328358
motif_05445f0f3eb6558e,degree_preserving_edge_swap,12,2.49,1.4733478098684718,0.0,5.025000000000006,6.454687709380023,0.004975124378109453
motif_10aad42987f5da45,degree_preserving_edge_swap,12,3.415,1.6843276994085734,0.0,7.0,5.096989144698205,0.004975124378109453
motif_146ddcf21ba7a801,degree_preserving_edge_swap,12,2.425,1.3761701279658436,0.0,6.0,6.957715332880449,0.004975124378109453
motif_14d4d9eb49f2161d,degree_preserving_edge_swap,12,2.3,1.4142135623730947,0.0,5.0,6.8589357775095126,0.004975124378109453
motif_449d3644c6ea8d4c,degree_preserving_edge_swap,12,2.28,1.3530534981456632,0.0,5.0,7.183751428395917,0.004975124378109453
motif_478d0b437679e4ca,degree_preserving_edge_swap,12,1.26,1.0333144213971546,0.0,4.0,10.393738611988343,0.004975124378109453
motif_7439cbf2d860187d,degree_preserving_edge_swap,12,2.71,1.4923254255957028,0.0,6.0,6.225183757283797,0.004975124378109453
motif_74d706ac8443e6f1,degree_preserving_edge_swap,12,1.61,1.189527164200909,0.0,4.0,8.734563037053222,0.004975124378109453
motif_8ab1aa5b4c450ae7,degree_preserving_edge_swap,12,8.42,2.5069952384534226,4.0,13.025000000000006,1.4280043077419322,0.11442786069651742
motif_9673b0cc1bfdf98f,degree_preserving_edge_swap,12,3.465,1.809737758286775,0.9750000000000005,7.0,4.716152912718045,0.004975124378109453
motif_98e069eddd5e23cc,degree_preserving_edge_swap,12,3.125,1.588075856067057,0.0,6.025000000000006,5.588523977676575,0.004975124378109453
motif_9ea66bab216b3d0d,degree_preserving_edge_swap,12,8.775,2.552833680245341,4.0,14.0,1.263302041553314,0.13930348258706468
motif_b7b0fe66e3f224e7,degree_preserving_edge_swap,12,2.95,1.628113561409099,0.0,6.025000000000006,5.558580319279087,0.004975124378109453
motif_d9c145ebf5872fb1,degree_preserving_edge_swap,12,7.985,2.415356024195624,4.0,13.0,1.66228082310851,0.05970149253731343
motif_e12342bc4456bfde,degree_preserving_edge_swap,12,1.49,1.160445244649288,0.0,4.0,9.056868515305391,0.004975124378109453
motif_e1e71a8d16d9a721,degree_preserving_edge_swap,12,7.345,2.2023228942762376,3.0,12.0,2.1136773413645145,0.03482587064676617
motif_ee30235ccc60a79e,degree_preserving_edge_swap,12,1.305,1.0427905160201199,0.0,3.0250000000000057,10.25613470365859,0.004975124378109453
motif_f1e9c47cc481f02b,degree_preserving_edge_swap,12,1.14,1.0027098960708376,0.0,3.0,10.830650063947092,0.004975124378109453
motif_fb2d519fff8d4721,degree_preserving_edge_swap,12,2.36,1.432010218654762,0.0,5.0,6.73179553778315,0.004975124378109453
motif_0d31b4b8652ee24c,degree_preserving_edge_swap,12,1.305,1.023333306052521,0.0,3.0,10.451140343761171,0.004975124378109453
motif_419ef6f60f638a05,degree_preserving_edge_swap,12,2.355,1.363182427871741,0.0,5.0,7.075355288329375,0.004975124378109453
motif_588c079ffa6afa37,degree_preserving_edge_swap,12,5.58,1.9654298697395234,2.0,9.0,3.266460990974375,0.009950248756218905
motif_5e93be19197be591,degree_preserving_edge_swap,12,1.66,1.2336977142927896,0.0,4.0,8.38130757657061,0.004975124378109453
motif_6d0d0e92cb2b1d79,degree_preserving_edge_swap,12,0.12,0.34085320083961806,0.0,1.0,34.85371406440131,0.004975124378109453
motif_8946f37ee00f3412,degree_preserving_edge_swap,12,2.005,1.35801177458058,0.0,5.0,7.360024549924792,0.004975124378109453
motif_5c241169cdbab3ed,degree_preserving_edge_swap,12,1.445,1.1678158972411887,0.0,4.0,9.038239695944196,0.004975124378109453
motif_e904d61f68b798c3,degree_preserving_edge_swap,11,2.4,1.3782225826901793,0.0,5.025000000000006,6.239920973587222,0.004975124378109453
motif_1cb44da1d64a0ec8,degree_preserving_edge_swap,11,4.26,1.6265386994177302,1.0,7.0,4.143768606558695,0.004975124378109453
motif_383219635c986f5d,degree_preserving_edge_swap,11,4.45,1.8587022002856544,1.0,9.0,3.5239641933997627,0.004975124378109453
motif_48c30222d1474b19,degree_preserving_edge_swap,11,1.93,1.258179269967871,0.0,5.0,7.208829629049294,0.004975124378109453
motif_57557d986a68649a,degree_preserving_edge_swap,11,5.21,2.13510970850134,2.0,10.0,2.711804445900849,0.014925373134328358
motif_713517eddbbfdda7,degree_preserving_edge_swap,11,15.9,3.320410460792566,9.975000000000001,22.025000000000006,-1.475721166963916,0.9601990049751243
motif_974102830e33eed6,degree_preserving_edge_swap,11,2.115,1.2648216749197225,0.0,5.0,7.024705676840908,0.004975124378109453
motif_9bfe8d5673b65ee4,degree_preserving_edge_swap,11,0.435,0.6914953572842898,0.0,2.0250000000000057,15.278482912006714,0.004975124378109453
motif_c86f394a4bbff182,degree_preserving_edge_swap,11,15.815,3.143274706320941,10.0,21.025000000000006,-1.5318419323380539,0.9502487562189055
motif_d1708ef46a53a02b,degree_preserving_edge_swap,11,5.055,1.9184308391031741,2.0,9.0,3.09888679790988,0.004975124378109453
motif_e37026d7320d596e,degree_preserving_edge_swap,11,18.73,3.5198075552692747,13.0,26.025000000000006,-2.196142794349061,0.9950248756218906
motif_f255d0e523f35e42,degree_preserving_edge_swap,11,13.695,2.874594137836929,7.9750000000000005,19.025000000000006,-0.9375236540445777,0.8855721393034826
motif_01ba827205e5178f,degree_preserving_edge_swap,11,12.99,2.97559588221777,6.9750000000000005,19.0,-0.6687736099825539,0.8208955223880597
motif_04b081bcdc62dd7b,degree_preserving_edge_swap,11,0.37,0.6597547892282002,0.0,2.0,16.11204673850913,0.004975124378109453
motif_391d4ef242087c7d,degree_preserving_edge_swap,11,3.605,1.6742132330586637,1.0,7.0,4.417000089343388,0.004975124378109453
motif_7386c7374da5bdb1,degree_preserving_edge_swap,11,3.545,1.7271043533140031,0.0,7.0,4.316473399939728,0.004975124378109453
motif_0396ab78436dd2df,degree_preserving_edge_swap,11,2.195,1.3880230690449653,0.0,5.0,6.343554510270722,0.004975124378109453
motif_dc55fac2bad792a0,degree_preserving_edge_swap,11,2.885,1.540663239024155,0.0,6.0,5.267212064552136,0.004975124378109453
motif_086a285fec8c7090,degree_preserving_edge_swap,11,4.19,1.8304789718354224,1.0,8.0,3.7203377393467725,0.004975124378109453
motif_0ccd7b9a7e46fc3f,degree_preserving_edge_swap,11,6.64,1.9697205372780358,3.0,11.0,2.213511976691425,0.03482587064676617
motif_13715a4789e5cf7e,degree_preserving_edge_swap,11,9.185,2.355529152428323,5.0,13.025000000000006,0.7705275046708336,0.2885572139303483
motif_1cc96bc8c3693daa,degree_preserving_edge_swap,11,0.365,0.6029867036876693,0.0,2.0,17.637204825512438,0.004975124378109453
motif_1cf60642104da99a,degree_preserving_edge_swap,11,1.12,1.0201980298454323,0.0,3.0,9.684394314598798,0.004975124378109453
motif_238130c460c1cf98,degree_preserving_edge_swap,11,13.5,3.053953694119992,8.0,19.025000000000006,-0.8186109713495129,0.8407960199004975
motif_26e6fa3660fc6f83,degree_preserving_edge_swap,11,0.35,0.6159520962904694,0.0,2.0,17.290305632757672,0.004975124378109453
motif_2ac08db1abf3558b,degree_preserving_edge_swap,11,1.215,1.0556262282021702,0.0,3.0250000000000057,9.269379386930131,0.004975124378109453
motif_3a3efc2970aab002,degree_preserving_edge_swap,11,1.355,1.0413438360717482,0.0,3.0,9.26207047653323,0.004975124378109453
motif_3b72f021fcb54ab6,degree_preserving_edge_swap,11,3.35,1.6032316609878845,1.0,7.0,4.771612354066286,0.004975124378109453
motif_3be56544eea8bb23,degree_preserving_edge_swap,11,1.37,1.122228579623876,0.0,4.0,8.581139506558968,0.004975124378109453
motif_3eac306332293401,degree_preserving_edge_swap,11,1.235,1.0320370645052266,0.0,3.0,9.461869477218322,0.004975124378109453
motif_44365a63c08941bf,degree_preserving_edge_swap,11,3.82,1.6887448879219182,1.0,7.0,4.251678303426479,0.004975124378109453
motif_465b02bcea219ec8,degree_preserving_edge_swap,11,4.645,1.875248727221198,1.0,9.0,3.38888378258869,0.004975124378109453
motif_4948b149496acf53,degree_preserving_edge_swap,11,3.96,1.8508180997037382,0.0,8.0,3.803723337872532,0.004975124378109453
motif_4b6da921a66d5da8,degree_preserving_edge_swap,11,1.565,1.1758777326793184,0.0,4.0,8.023793407926608,0.004975124378109453
motif_528fe4e14394b194,degree_preserving_edge_swap,11,3.645,1.8070145288673487,0.0,8.0,4.070249509620807,0.004975124378109453
motif_52f25d4969f48446,degree_preserving_edge_swap,11,4.54,1.8937612463801916,1.0,8.025000000000006,3.4112008640729625,0.004975124378109453
motif_65e4d6f33c59976b,degree_preserving_edge_swap,11,3.345,1.6152461423889914,1.0,7.0,4.739215775917628,0.004975124378109453
motif_675a6962f846b2b9,degree_preserving_edge_swap,11,5.15,1.971531048035215,1.9750000000000005,9.0,2.967237064731992,0.009950248756218905
motif_781faaa9d26840a4,degree_preserving_edge_swap,11,1.24,0.9986926127059143,0.0,3.0,9.772776804221776,0.004975124378109453
motif_792fb14c94c60a57,degree_preserving_edge_swap,11,1.735,1.20916724531211,0.0,4.0,7.66229819400088,0.004975124378109453
motif_7e22a990019e8169,degree_preserving_edge_swap,11,4.035,1.7374893803225588,1.0,7.025000000000006,4.0086575946190655,0.004975124378109453
motif_828a4dac4ecb11ae,degree_preserving_edge_swap,11,6.13,1.910852371042722,2.9750000000000005,10.0,2.5486008620030223,0.01990049751243781
motif_8789603bc887eea4,degree_preserving_edge_swap,11,5.24,2.0673095666157746,2.0,9.0,2.7862300320262294,0.004975124378109453
motif_88ef18e67577cc31,degree_preserving_edge_swap,11,0.275,0.5203159071334269,0.0,2.0,20.61247763707086,0.004975124378109453
motif_8ad6da11b01aa1cb,degree_preserving_edge_swap,11,0.76,0.8753463062005197,0.0,2.0,11.698227235855011,0.004975124378109453
motif_9204202833a6e8a9,degree_preserving_edge_swap,11,3.77,1.8092725987764848,1.0,7.025000000000006,3.9960810797053283,0.004975124378109453
motif_9286df1009ead148,degree_preserving_edge_swap,11,1.55,1.159405496591955,0.0,4.0,8.150728996695333,0.004975124378109453
motif_9c95ca232e0ed508,degree_preserving_edge_swap,11,6.825,2.317591671494118,3.0,12.0,1.8014389900307322,0.05970149253731343
motif_aed83699155ea9a3,degree_preserving_edge_swap,11,6.88,2.1420884000357794,3.0,11.0,1.9233566644267266,0.04477611940298507
motif_c2aeaaaa4e535b14,degree_preserving_edge_swap,11,3.94,1.8772373585944098,1.0,7.0,3.760845674457602,0.009950248756218905
motif_cf5b20d210461d0a,degree_preserving_edge_swap,11,1.41,1.1569757840266666,0.0,4.0,8.288851099911149,0.004975124378109453
motif_cf7d404f41fb2fcf,degree_preserving_edge_swap,11,6.555,2.2633134868370517,2.0,11.0,1.9639347469323944,0.06467661691542288
motif_d51d57345847cb5c,degree_preserving_edge_swap,11,11.585,2.823586051629165,7.0,17.0,-0.20718334391206705,0.6417910447761194
motif_dcfe92958680857c,degree_preserving_edge_swap,11,10.575,2.6227407123505584,5.0,15.0,0.16204423029644677,0.5124378109452736
motif_df02def0a1a2c2f5,degree_preserving_edge_swap,11,3.54,1.6830219291709634,1.0,7.0,4.432503148473358,0.004975124378109453
motif_df228b3d1f8167e9,degree_preserving_edge_swap,11,1.685,1.127889922994242,0.0,4.0,8.258784665148173,0.004975124378109453
motif_e4a3a2522f1ab03b,degree_preserving_edge_swap,11,0.395,0.6566054014903707,0.0,2.0,16.151253059948402,0.004975124378109453
motif_e8f2d878acc1e510,degree_preserving_edge_swap,11,4.625,1.9164390659416586,1.0,8.0,3.3264819702825195,0.004975124378109453
motif_ed40349308a78736,degree_preserving_edge_swap,11,1.93,1.2740549754237491,0.0,5.0,7.119002064242424,0.004975124378109453
motif_f710a584d4d94bf0,degree_preserving_edge_swap,11,3.19,1.4950168483613873,1.0,6.0,5.224021393845928,0.004975124378109453
motif_f903807597d477fc,degree_preserving_edge_swap,11,2.75,1.358945793010784,0.0,5.025000000000006,6.070882328368584,0.004975124378109453
motif_f914706286314a87,degree_preserving_edge_swap,11,3.63,1.8109382892404637,1.0,8.0,4.069713498128694,0.004975124378109453
motif_011bf603d0e66851,degree_preserving_edge_swap,11,4.745,1.6350356902963041,2.0,8.0,3.825604564550183,0.004975124378109453
motif_26db60bae6f1656c,degree_preserving_edge_swap,11,3.595,1.6688018149221402,1.0,7.0,4.437315404253373,0.004975124378109453
motif_26f938cdb39b421a,degree_preserving_edge_swap,11,2.78,1.3896964709630082,1.0,5.0,5.91496069231855,0.004975124378109453
motif_3331e96ab66a56e7,degree_preserving_edge_swap,11,3.215,1.703904767669376,0.0,7.0,4.568917317279667,0.004975124378109453
motif_3550065e5b336c9a,degree_preserving_edge_swap,11,2.56,1.3436618382905703,0.9750000000000005,5.0,6.281342343351444,0.004975124378109453
motif_3965e682480be767,degree_preserving_edge_swap,11,3.47,1.7505490883013708,0.9750000000000005,7.0,4.301507481464953,0.004975124378109453
motif_4972e8524d133c5f,degree_preserving_edge_swap,11,0.24,0.4935768333828701,0.0,1.0,21.80005071602178,0.004975124378109453
motif_4f930e5fe36b66f6,degree_preserving_edge_swap,11,1.245,1.0538157515386424,0.0,4.0,9.25683639265881,0.004975124378109453
motif_529d39007846e050,degree_preserving_edge_swap,11,5.3,2.0642932283625113,2.0,10.0,2.7612356237400886,0.014925373134328358
motif_56928b4fa02e40e8,degree_preserving_edge_swap,11,1.665,1.1616895510700465,0.0,4.0,8.035709705231849,0.004975124378109453
motif_7fde4663ce59098b,degree_preserving_edge_swap,11,1.15,1.0211334720981367,0.0,3.0,9.646143495581505,0.004975124378109453
motif_80f101ad270e968a,degree_preserving_edge_swap,11,9.39,2.529802264503579,4.0,15.0,0.6364133760928261,0.32338308457711445
motif_817583bc3733a6ca,degree_preserving_edge_swap,11,2.905,1.5024184858196696,0.0,6.0,5.387979498657218,0.004975124378109453
motif_87cdc3b1cfb8e17c,degree_preserving_edge_swap,11,4.84,1.7861555807918774,2.0,8.0,3.4487477273782696,0.004975124378109453
motif_9555fa915e69beda,degree_preserving_edge_swap,11,0.33,0.6188821175126038,0.0,2.0,17.240763140619748,0.004975124378109453
motif_999cbebf16d6ddd5,degree_preserving_edge_swap,11,2.97,1.6037330822162945,0.0,6.025000000000006,5.007067628051211,0.004975124378109453
motif_a7adbc838441c01a,degree_preserving_edge_swap,11,0.285,0.5704401897221592,0.0,2.0,18.7837396331049,0.004975124378109453
motif_b05fd544b500f493,degree_preserving_edge_swap,11,5.445,2.0853581450112646,2.0,10.0,2.663811016486088,0.01990049751243781
motif_b5e55c73f0168340,degree_preserving_edge_swap,11,3.3,1.6624737879068607,0.9750000000000005,7.0,4.631651973108516,0.004975124378109453
motif_b7fbc5c74aa30d60,degree_preserving_edge_swap,11,0.32,0.582491615744005,0.0,2.0,18.33502785505101,0.004975124378109453
motif_c2054a016827a502,degree_preserving_edge_swap,11,1.14,1.0027098960708374,0.0,3.0,9.833352636327657,0.004975124378109453
motif_c3997addbb13cdff,degree_preserving_edge_swap,11,5.235,1.8539039346727146,2.0,9.0,3.1096541153939263,0.014925373134328358
motif_d19ecba045c34324,degree_preserving_edge_swap,11,4.39,1.8883137036033182,1.9750000000000005,9.0,3.500477694668352,0.004975124378109453
motif_e7b0d5f663bba92b,degree_preserving_edge_swap,11,4.125,1.8264871410392982,1.0,8.0,3.76405606452177,0.004975124378109453
motif_e8033b67f6bac96c,degree_preserving_edge_swap,11,2.89,1.6435957639200327,0.0,6.025000000000006,4.934303298919054,0.004975124378109453
motif_08967352afdcc614,degree_preserving_edge_swap,11,0.255,0.5304544368253867,0.0,2.0,20.256216658881492,0.004975124378109453
motif_344caf12a230c027,degree_preserving_edge_swap,11,3.36,1.683618978368208,0.0,7.0,4.537843834122621,0.004975124378109453
motif_477e409bfa6820ad,degree_preserving_edge_swap,11,0.96,0.923397702283753,0.0,3.0,10.8728882205024,0.004975124378109453
motif_6d7e592e0d6b8f25,degree_preserving_edge_swap,11,3.765,1.5465230901417888,1.0,7.0,4.678236003147343,0.004975124378109453
motif_727e32d39b1c1ac9,degree_preserving_edge_swap,11,2.37,1.4434394992308135,0.0,5.0,5.978775005532821,0.004975124378109453
motif_8eaca5acb0c1cdcc,degree_preserving_edge_swap,11,0.2,0.4594075275633923,0.0,1.0,23.50853948188679,0.004975124378109453
motif_da6c09a8cd413654,degree_preserving_edge_swap,11,1.8,1.307112356902741,0.0,4.025000000000006,7.038415597110409,0.004975124378109453
motif_e99c24f0afb6f644,degree_preserving_edge_swap,11,2.245,1.3013232538671071,0.0,5.0,6.727767273798422,0.004975124378109453
motif_67871168bdb28fdf,degree_preserving_edge_swap,10,0.825,0.8878719406054979,0.0,3.0,10.333697440357186,0.004975124378109453
motif_7c0d7f3473832fb5,degree_preserving_edge_swap,10,22.085,3.436103759380111,15.975000000000001,29.0,-3.5170649218637657,1.0
motif_ada61f84caa7276b,degree_preserving_edge_swap,10,1.615,1.2387280719273719,0.0,4.025000000000006,6.769040106561517,0.004975124378109453
motif_dd3936eec73d7a76,degree_preserving_edge_swap,10,21.26,3.504827969455474,15.975000000000001,28.0,-3.2127111795873415,1.0
motif_46aa50e42c549b4d,degree_preserving_edge_swap,10,0.205,0.4403915571603188,0.0,1.0,22.241570803852305,0.004975124378109453
motif_087394640f3e289e,degree_preserving_edge_swap,10,6.24,2.0403960596908646,2.9750000000000005,10.0,1.8427794849641437,0.06965174129353234
motif_12c08351d352a5b1,degree_preserving_edge_swap,10,17.46,3.1300777841250795,11.0,23.025000000000006,-2.3833273530246224,1.0
motif_1b9c7a3e87c9fd49,degree_preserving_edge_swap,10,0.605,0.7427877680345222,0.0,2.0,12.648296598717486,0.004975124378109453
motif_22d7de62ee5a7c05,degree_preserving_edge_swap,10,1.465,1.17715908762917,0.0,4.0,7.250506825878326,0.004975124378109453
motif_39af596b8873f1bb,degree_preserving_edge_swap,10,0.735,0.8295878979360838,0.0,3.0,11.168195706627618,0.004975124378109453
motif_5aa867fd91f7ce8f,degree_preserving_edge_swap,10,15.195,3.171318543844603,10.0,22.0,-1.6381198949828861,0.9800995024875622
motif_5da5dec1c123320f,degree_preserving_edge_swap,10,1.505,1.1776712392423845,0.0,4.0,7.213388352308727,0.004975124378109453
motif_652c454448653045,degree_preserving_edge_swap,10,1.75,1.2828595570895829,0.0,5.0,6.430945581226938,0.004975124378109453
motif_88d496504b318b31,degree_preserving_edge_swap,10,1.415,1.2041698906832632,0.0,4.0,7.129392676583825,0.004975124378109453
motif_ac28564ee77450ea,degree_preserving_edge_swap,10,1.23,1.0922752980055728,0.0,4.0,8.029111356828702,0.004975124378109453
motif_c15d98bfd6670e61,degree_preserving_edge_swap,10,14.56,3.190185955733741,8.0,21.025000000000006,-1.429383761095269,0.9402985074626866
motif_de6811501041edf5,degree_preserving_edge_swap,10,4.97,2.166232400752596,1.0,9.0,2.322003861752077,0.024875621890547265
motif_e4c0bc232dde1175,degree_preserving_edge_swap,10,5.135,1.9065544179864684,2.0,9.0,2.551723650845475,0.014925373134328358
motif_f21861d0ed107cfd,degree_preserving_edge_swap,10,15.005,2.8821012365440013,9.0,21.0,-1.736580220201293,0.9701492537313433
motif_fcd8591ecdcd7847,degree_preserving_edge_swap,10,17.455,3.195155723983185,12.0,24.025000000000006,-2.3332196124407836,0.9950248756218906
motif_0b04334a40d8ba5c,degree_preserving_edge_swap,10,3.61,1.8233273466564717,1.0,7.0,3.5045818907491677,0.004975124378109453
motif_1d4d6e2effa25135,degree_preserving_edge_swap,10,0.525,0.7294074141927798,0.0,2.0,12.989996832546305,0.004975124378109453
motif_6cae25e61f560264,degree_preserving_edge_swap,10,3.36,1.5072354805967942,1.0,6.0,4.405416463106929,0.004975124378109453
motif_c8c7e0422afca15a,degree_preserving_edge_swap,10,3.845,1.671810320803086,1.0,7.0,3.681637757232727,0.004975124378109453
motif_d3eff25aa86d3d8b,degree_preserving_edge_swap,10,0.175,0.3938918046479825,0.0,1.0,24.943397867291278,0.004975124378109453
motif_0740f78f6f8b675b,degree_preserving_edge_swap,10,0.36,0.6422322878505784,0.0,2.0,15.01014536697171,0.004975124378109453
motif_09d3041f42a81567,degree_preserving_edge_swap,10,0.57,0.7264562570914618,0.0,2.0,12.980822875358276,0.004975124378109453
motif_09e57b340114c015,degree_preserving_edge_swap,10,3.975,1.8057348620325733,1.0,8.0,3.336591725995772,0.004975124378109453
motif_180ed8b10d314230,degree_preserving_edge_swap,10,1.12,1.0541137409665382,0.0,4.0,8.424138358976089,0.004975124378109453
motif_1d36499c4a9df732,degree_preserving_edge_swap,10,3.195,1.7413028680823897,0.0,7.0,3.9079933334595656,0.004975124378109453
motif_1ebb7f13b57fbbc1,degree_preserving_edge_swap,10,4.025,1.7143717075823426,1.0,7.025000000000006,3.485241837329502,0.009950248756218905
motif_1f505fbaf7f4c1e8,degree_preserving_edge_swap,10,3.34,1.6425253262084507,1.0,7.0,4.054731999398582,0.004975124378109453
motif_203df0c1bc255235,degree_preserving_edge_swap,10,10.055,2.5484205375449522,6.0,15.0,-0.021581995274996702,0.5771144278606966
motif_251aadf5e36db90e,degree_preserving_edge_swap,10,5.475,2.189370162522252,2.0,10.0,2.066804452467279,0.05970149253731343
motif_2c7a714de2a8d5ba,degree_preserving_edge_swap,10,1.045,1.023824242925519,0.0,4.0,8.746618437566589,0.004975124378109453
motif_2e6b19c361fb3b61,degree_preserving_edge_swap,10,3.56,1.6184861715310357,0.0,7.0,3.9790268914735103,0.004975124378109453
motif_3533fdf8e126a819,degree_preserving_edge_swap,10,2.505,1.5465880748818774,0.0,6.0,4.846151423075236,0.004975124378109453
motif_36db185e49991427,degree_preserving_edge_swap,10,3.825,1.6848049855089995,1.0,7.025000000000006,3.6651126113177184,0.004975124378109453
motif_3b98559278ce1fa8,degree_preserving_edge_swap,10,9.545,2.5436836739590536,5.0,15.025000000000006,0.17887444286334023,0.472636815920398
motif_4812f24418976639,degree_preserving_edge_swap,10,4.46,1.8262188743095449,1.0,8.0,3.0335903751375684,0.004975124378109453
motif_5139a11c6fa25d1c,degree_preserving_edge_swap,10,6.13,2.0007787428622477,3.0,10.025000000000006,1.9342468595321571,0.06965174129353234
motif_53be75c89e34bb1f,degree_preserving_edge_swap,10,1.08,1.0435732969612894,0.0,4.0,8.547554854051503,0.004975124378109453
motif_541c4c301a255708,degree_preserving_edge_swap,10,1.18,1.050293091422317,0.0,3.0250000000000057,8.397655922934685,0.004975124378109453
motif_543fefb4434ef21c,degree_preserving_edge_swap,10,0.615,0.7547338044488859,0.0,2.0250000000000057,12.434847816115802,0.004975124378109453
motif_55287619332e2e6d,degree_preserving_edge_swap,10,11.725,2.854842487448423,6.950000000000001,17.0,-0.6042364885572918,0.7910447761194029
motif_5610581d43484035,degree_preserving_edge_swap,10,11.425,2.6513246902379444,6.9750000000000005,17.0,-0.5374671782927173,0.7761194029850746
motif_5f13290666a23cee,degree_preserving_edge_swap,10,1.285,1.1269985040543322,0.0,4.0,7.73292951911483,0.004975124378109453
motif_646d1b0fd44f33a6,degree_preserving_edge_swap,10,8.745,2.382932402350275,4.0,13.0,0.5266620231283943,0.3582089552238806
motif_665e7cb8512f89ef,degree_preserving_edge_swap,10,5.385,1.8773377386407122,2.0,9.0,2.4582683792110283,0.01990049751243781
motif_6ed9352e60276e6a,degree_preserving_edge_swap,10,1.16,1.039133771453355,0.0,3.0250000000000057,8.507085654271618,0.004975124378109453
motif_70a153d6aa882dca,degree_preserving_edge_swap,10,9.925,2.5498792955962744,5.0,16.0,0.029413156979440854,0.5572139303482587
motif_718f4d796f3469f1,degree_preserving_edge_swap,10,4.255,1.9721617860999032,1.0,8.025000000000006,2.9130470129234,0.009950248756218905
motif_8275d3f3f06eae6a,degree_preserving_edge_swap,10,1.535,1.219100500430852,0.0,4.025000000000006,6.943644102359336,0.004975124378109453
motif_82d3c8c8b210b8bd,degree_preserving_edge_swap,10,0.36,0.5585336149194382,0.0,2.0,17.259480436804964,0.004975124378109453
motif_88e876e35d492c3f,degree_preserving_edge_swap,10,0.36,0.5934313810543735,0.0,2.0,16.244506623280053,0.004975124378109453
motif_8e483057f04d2fef,degree_preserving_edge_swap,10,1.025,0.9793726840541128,0.0,3.0,9.164029328292056,0.004975124378109453
motif_925ab4362cf40f5c,degree_preserving_edge_swap,10,10.655,2.8045144869545036,6.0,16.0,-0.2335520116037201,0.6666666666666666
motif_95bcbd3f327e006a,degree_preserving_edge_swap,10,2.325,1.3297428625121508,0.0,5.0,5.7717925896593165,0.004975124378109453
motif_966fe9270c5de3bb,degree_preserving_edge_swap,10,4.47,1.8291607763476234,1.9750000000000005,8.0,3.0232443596576717,0.009950248756218905
motif_9ab1765a28411628,degree_preserving_edge_swap,10,12.005,2.742733661823275,7.9750000000000005,18.0,-0.7310224933277502,0.8159203980099502
motif_9cd5325c6717ee11,degree_preserving_edge_swap,10,1.47,1.1204360242432905,0.0,4.0,7.61310758975365,0.004975124378109453
motif_9cf631b628e60026,degree_preserving_edge_swap,10,12.36,2.614301601636966,7.0,17.0,-0.9027267544503154,0.8606965174129353
motif_a1b0fc812dc0b591,degree_preserving_edge_swap,10,3.575,1.7606460098098364,1.0,7.0,3.649228728660766,0.004975124378109453
motif_a3f0efa895fffa7d,degree_preserving_edge_swap,10,3.395,1.5430098499312708,1.0,7.0,4.280594838907997,0.004975124378109453
motif_a5e57e6b359561b2,degree_preserving_edge_swap,10,0.465,0.6936720439246575,0.0,2.0,13.745688735058256,0.004975124378109453
motif_a745a4c164b19b56,degree_preserving_edge_swap,10,5.45,2.1797376634372863,2.0,10.0,2.0874071574397552,0.03980099502487562
motif_b04d4caabeafe92b,degree_preserving_edge_swap,10,3.77,1.6856175523123023,1.0,7.0,3.69597480250119,0.009950248756218905
motif_b68f83d7cafbd49b,degree_preserving_edge_swap,10,4.88,2.01890561926443,1.0,9.0,2.5360274156180838,0.014925373134328358
motif_b7206e69c07c085a,degree_preserving_edge_swap,10,1.405,1.1478513902375842,0.0,4.0,7.487903114549518,0.004975124378109453
motif_ba7ba43df163a8e6,degree_preserving_edge_swap,10,1.985,1.205004222349199,0.0,5.0,6.651428975389373,0.004975124378109453
motif_c0faf0f683e314db,degree_preserving_edge_swap,10,4.5,1.9645092217681392,1.0,9.0,2.799681436491183,0.009950248756218905
motif_c1698b4e5454a5a8,degree_preserving_edge_swap,10,10.02,2.6542087560331455,5.0,15.0,-0.007535202328957208,0.5422885572139303
motif_c2125ab27a9a73b4,degree_preserving_edge_swap,10,0.265,0.5624560284320885,0.0,2.0,17.308019663576978,0.004975124378109453
motif_c8fd365a5b4c96d2,degree_preserving_edge_swap,10,7.545,2.1706065196890427,4.0,12.0,1.1310202829169145,0.21890547263681592
motif_c9e5c94ef37c7f60,degree_preserving_edge_swap,10,4.585,1.8438475721563143,1.0,8.0,2.9367937359742537,0.01990049751243781
motif_ca7031ab053d3d24,degree_preserving_edge_swap,10,11.175,2.7844462112810855,5.0,17.0,-0.4219869628795592,0.7213930348258707
motif_d1907273ee859220,degree_preserving_edge_swap,10,11.08,2.8661251484947705,6.0,17.0,-0.3768153671053735,0.7114427860696517
motif_dc631d3d5270c577,degree_preserving_edge_swap,10,10.92,2.6416836416027483,5.9750000000000005,16.0,-0.34826274634529003,0.7313432835820896
motif_dee294f38b4a9bbe,degree_preserving_edge_swap,10,11.325,2.8087041666002124,6.9750000000000005,17.0,-0.4717477959253507,0.7164179104477612
motif_e1f5247c359d8731,degree_preserving_edge_swap,10,9.82,2.7026136614423972,5.0,15.025000000000006,0.06660219422702573,0.5373134328358209
motif_e951a01bcbd3ee08,degree_preserving_edge_swap,10,1.29,1.000452159082615,0.0,4.0,8.706063474326262,0.004975124378109453
motif_ec1db3cb95c06b2e,degree_preserving_edge_swap,10,1.62,1.2382513200712906,0.0,4.025000000000006,6.767608371713694,0.004975124378109453
motif_f314c248ee7e3f6f,degree_preserving_edge_swap,10,5.07,1.8444811066432258,1.0,9.0,2.672838437999571,0.014925373134328358
motif_f84bb4f122e012b3,degree_preserving_edge_swap,10,3.93,1.7835372228035018,1.0,8.0,3.403349210990228,0.004975124378109453
motif_f9a0d4387c99e7b1,degree_preserving_edge_swap,10,0.495,0.6724850785738836,0.0,2.0,14.134142604557015,0.004975124378109453
motif_0de8303cce382a80,degree_preserving_edge_swap,10,8.06,2.3927024732774744,4.0,13.0,0.8107986770886008,0.263681592039801
motif_11b37f722cf31f41,degree_preserving_edge_swap,10,1.125,0.9819348144859197,0.0,3.0,9.038278171903295,0.004975124378109453
motif_1f10dcfeea4dfe48,degree_preserving_edge_swap,10,1.855,1.3239103796961997,0.0,4.0,6.152229127374202,0.004975124378109453
motif_1fe7588dae073b1d,degree_preserving_edge_swap,10,7.86,2.4019255257305105,4.0,13.0,0.890951853866972,0.25870646766169153
motif_321b8e708c7a5260,degree_preserving_edge_swap,10,2.935,1.5106905472823502,1.0,6.0,4.6766692309749,0.004975124378109453
motif_5c9acfa22cf0eada,degree_preserving_edge_swap,10,0.145,0.35298440468347747,0.0,1.0,27.91908047279601,0.004975124378109453
motif_66861aabd56c7f23,degree_preserving_edge_swap,10,0.3,0.6015056485405037,0.0,2.0,16.126199352468472,0.004975124378109453
motif_68992352faf11e7c,degree_preserving_edge_swap,10,2.79,1.485575536069046,0.0,6.0,4.853337864648908,0.004975124378109453
motif_6922283c67c5d574,degree_preserving_edge_swap,10,3.075,1.7158366697873468,0.0,7.0,4.03593192868308,0.004975124378109453
motif_7737e7d123e708ff,degree_preserving_edge_swap,10,4.115,1.632513553546359,1.0,8.0,3.6048705306095834,0.004975124378109453
motif_819743fa220d2e18,degree_preserving_edge_swap,10,1.945,1.3193477145770933,0.0,4.0,6.105289690505863,0.004975124378109453
motif_81a3388ed7ffec5a,degree_preserving_edge_swap,10,2.525,1.449094328144064,0.0,5.025000000000006,5.158394353508822,0.004975124378109453
motif_87e74184cc64b636,degree_preserving_edge_swap,10,3.25,1.5522717992328106,1.0,6.0,4.348465264482739,0.004975124378109453
motif_8d96322e33e3aea2,degree_preserving_edge_swap,10,2.25,1.4827314194794545,0.0,5.025000000000006,5.226840072439288,0.004975124378109453
motif_900c1f7b3f9af601,degree_preserving_edge_swap,10,1.895,1.2775506559005634,0.0,5.0,6.3441711391762174,0.004975124378109453
motif_959a94cfb539270b,degree_preserving_edge_swap,10,1.905,1.167385516752552,0.0,4.0,6.93429881031827,0.004975124378109453
motif_96c9206f12d38442,degree_preserving_edge_swap,10,8.285,2.398444847905036,4.0,13.0,0.715046669302401,0.3383084577114428
motif_9a92522ed511dd94,degree_preserving_edge_swap,10,0.83,0.8860164364322695,0.0,3.0,10.349695133111664,0.004975124378109453
motif_9c8693fa7e4bea34,degree_preserving_edge_swap,10,2.905,1.5452878608415739,0.9750000000000005,6.025000000000006,4.591377554817532,0.004975124378109453
motif_9d259e4620ffdf53,degree_preserving_edge_swap,10,2.595,1.4461784678261587,0.0,5.025000000000006,5.120391545540654,0.004975124378109453
motif_ad56782d83285014,degree_preserving_edge_swap,10,0.43,0.6458993185073356,0.0,2.0,14.816550700372526,0.004975124378109453
motif_b2436410dcd38e35,degree_preserving_edge_swap,10,0.49,0.7088103133430737,0.0,2.0,13.416847668520072,0.004975124378109453
motif_bd1dbc5a620e5dc8,degree_preserving_edge_swap,10,7.57,2.2695493542456364,3.0,12.0,1.070697138819303,0.17412935323383086
motif_d5245003374421ea,degree_preserving_edge_swap,10,3.115,1.5729417435630646,0.0,6.0,4.377148758480995,0.004975124378109453
motif_d88453a4ef944f25,degree_preserving_edge_swap,10,0.255,0.5012296437551294,0.0,2.0,19.442186074614572,0.004975124378109453
motif_dfbf33db7fa5e4ce,degree_preserving_edge_swap,10,0.93,0.9537548118914164,0.0,3.0,9.509781640852792,0.004975124378109453
motif_e1a5a6a241f98754,degree_preserving_edge_swap,10,7.285,2.1857866585243206,3.0,12.0,1.242115734127943,0.14925373134328357
motif_e3a9e67bb90f6047,degree_preserving_edge_swap,10,3.355,1.6068243283291912,0.0,6.025000000000006,4.135486302295165,0.004975124378109453
motif_e6e5af1f0f12a765,degree_preserving_edge_swap,10,0.28,0.48245602814710187,0.0,1.0,20.146913776433014,0.004975124378109453
motif_ea18241d8395dcf8,degree_preserving_edge_swap,10,7.125,2.2235322074094035,4.0,12.0,1.2929877923151873,0.14925373134328357
motif_eac06574eed16a88,degree_preserving_edge_swap,10,3.135,1.6855206612490654,0.0,7.0,4.0729254513632895,0.004975124378109453
motif_ef3589435fa3d420,degree_preserving_edge_swap,10,2.775,1.5833223132826413,0.0,6.0,4.563189654682934,0.004975124378109453
motif_f01bf05e1a536a50,degree_preserving_edge_swap,10,0.95,0.8952695335419621,0.0,3.0,10.108687563839474,0.004975124378109453
motif_f205695701009af7,degree_preserving_edge_swap,10,1.74,1.216469890698029,0.0,4.0,6.790139290056975,0.004975124378109453
motif_3868d21d1efc6810,degree_preserving_edge_swap,10,1.555,1.1284244363459657,0.0,4.0,7.483886140702852,0.004975124378109453
motif_4a4ec6c355aeecb3,degree_preserving_edge_swap,10,1.405,1.0519066202322547,0.0,4.0,8.170877371322444,0.004975124378109453
motif_662028c6c73754c0,degree_preserving_edge_swap,10,2.285,1.4155542977396696,0.0,5.0,5.450161828704958,0.004975124378109453
motif_8a00835776f980e6,degree_preserving_edge_swap,10,1.41,1.1394700346209177,0.0,4.0,7.538592274484644,0.004975124378109453
motif_ae40213626e63afb,degree_preserving_edge_swap,10,1.99,1.3781861212929922,0.0,5.0,5.811987130218047,0.004975124378109453
motif_d57fa831d1729624,degree_preserving_edge_swap,10,1.605,1.198397170763713,0.0,4.0,7.005190102918921,0.004975124378109453
motif_d58cd5a27e05c0f1,degree_preserving_edge_swap,10,0.655,0.8057425801877649,0.0,3.0,11.59799696551013,0.004975124378109453
motif_e5f62aeb23c52e7c,degree_preserving_edge_swap,10,5.63,2.052844576257868,2.9750000000000005,10.0,2.1287534626542826,0.06467661691542288
motif_f6d2bff6f269d8da,degree_preserving_edge_swap,10,1.085,0.9708179217473943,0.0,3.0250000000000057,9.18297839408827,0.004975124378109453
motif_28abb1de8d93f5d6,degree_preserving_edge_swap,10,1.13,0.9889337438619157,0.0,3.0,8.969256085206974,0.004975124378109453
motif_acce998414cf3c12,degree_preserving_edge_swap,10,0.865,0.8546503002271701,0.0,3.0,10.688582216108593,0.004975124378109453
