graph_id,condition,n_valid,n_cases,unweighted_prevalence,weighted_prevalence,weighted_population_denominator,kish_effective_n,ses_definition,ses_category
2023_01_education_binary_lower,ISCHEMIC_HEART_DISEASE,1563,208,0.13307741522712732,0.11225901111254273,1758012.8740012627,878.2466307700417,education_binary,lower
2023_01_education_binary_lower,STROKE,1579,128,0.08106396453451552,0.06441646973106697,1776005.255899936,887.1952791151282,education_binary,lower
2023_01_education_binary_lower,CURRENT_ASTHMA,1567,156,0.09955328653477984,0.09703331054098796,1754385.9195446537,878.2781502807426,education_binary,lower
2023_01_education_binary_lower,SKIN_CANCER,1574,134,0.08513341804320203,0.0624666253444524,1769786.2179748514,884.6730676788145,education_binary,lower
2023_01_education_binary_lower,OTHER_CANCER,1577,181,0.11477488902980343,0.07996691251294215,1774222.1427138897,885.999245273646,education_binary,lower
2023_01_education_binary_lower,COPD,1575,219,0.13904761904761906,0.12598174535237375,1772134.7852584545,884.6871124761566,education_binary,lower
2023_01_education_binary_lower,DEPRESSIVE_DISORDER,1579,349,0.22102596580113995,0.24305007219321711,1774120.5896081058,887.2551220583363,education_binary,lower
2023_01_education_binary_lower,KIDNEY_DISEASE,1569,90,0.05736137667304015,0.04744736726095763,1770677.4421503984,882.7296825167456,education_binary,lower
2023_01_education_binary_lower,ARTHRITIS,1572,664,0.4223918575063613,0.32239221457815986,1765643.5161370658,884.1150531740373,education_binary,lower
2023_01_education_binary_lower,DIABETES,1581,345,0.21821631878557876,0.16971138386410964,1778328.5322696262,888.6493889058435,education_binary,lower
2023_01_education_binary_higher,ISCHEMIC_HEART_DISEASE,2747,253,0.0921004732435384,0.07006117890627729,2223394.844149296,1575.3694718104562,education_binary,higher
2023_01_education_binary_higher,STROKE,2765,148,0.05352622061482821,0.03870879563008225,2234452.4963912694,1584.736669749054,education_binary,higher
2023_01_education_binary_higher,CURRENT_ASTHMA,2742,225,0.08205689277899343,0.07953029576640552,2214510.1963887447,1570.1013851603047,education_binary,higher
2023_01_education_binary_higher,SKIN_CANCER,2759,301,0.10909749909387459,0.0806399236460464,2231294.784158616,1581.4887859681014,education_binary,higher
2023_01_education_binary_higher,OTHER_CANCER,2761,345,0.12495472654835205,0.08746530708751876,2231246.2318361164,1581.8833589148605,education_binary,higher
2023_01_education_binary_higher,COPD,2759,209,0.07575208408843784,0.06103184472997916,2230224.216522878,1580.6842501689796,education_binary,higher
2023_01_education_binary_higher,DEPRESSIVE_DISORDER,2761,578,0.20934444042013764,0.2113384887563585,2226650.647308807,1579.7605015178692,education_binary,higher
2023_01_education_binary_higher,KIDNEY_DISEASE,2765,149,0.0538878842676311,0.04177218056068131,2234602.3780200267,1584.9859617238528,education_binary,higher
2023_01_education_binary_higher,ARTHRITIS,2759,1047,0.37948532076839436,0.2986565429715177,2228668.5680138296,1580.7869504910004,education_binary,higher
2023_01_education_binary_higher,DIABETES,2766,506,0.1829356471438901,0.1468936159652744,2234234.782258599,1584.9659301194733,education_binary,higher
2023_02_education_binary_lower,ISCHEMIC_HEART_DISEASE,1618,131,0.08096415327564895,0.05271694619691595,205764.99051440062,884.7476879186672,education_binary,lower
2023_02_education_binary_lower,STROKE,1636,65,0.03973105134474328,0.03488957382521069,208195.91610484762,899.8753069064276,education_binary,lower
2023_02_education_binary_lower,CURRENT_ASTHMA,1627,173,0.10633066994468347,0.12565145170347564,205475.43341742436,901.205756410428,education_binary,lower
2023_02_education_binary_lower,SKIN_CANCER,1639,40,0.024405125076266018,0.015428980059770189,208710.2609964724,899.0438403758028,education_binary,lower
2023_02_education_binary_lower,OTHER_CANCER,1639,119,0.0726052471018914,0.0559878063253672,208218.12365221055,897.0908490420251,education_binary,lower
2023_02_education_binary_lower,COPD,1634,156,0.09547123623011015,0.07643397190777523,207958.95665463986,896.2057712953069,education_binary,lower
2023_02_education_binary_lower,DEPRESSIVE_DISORDER,1630,272,0.1668711656441718,0.1788613459647318,207020.6100696598,896.5904320104726,education_binary,lower
2023_02_education_binary_lower,KIDNEY_DISEASE,1634,42,0.025703794369645042,0.01981093276099959,208571.654364824,896.3612962172127,education_binary,lower
2023_02_education_binary_lower,ARTHRITIS,1635,422,0.2581039755351682,0.2118484640556642,208399.2753458038,895.5199128262684,education_binary,lower
2023_02_education_binary_lower,DIABETES,1647,180,0.1092896174863388,0.08935013083062807,209605.92293182272,901.6296885615577,education_binary,lower
2023_02_education_binary_higher,ISCHEMIC_HEART_DISEASE,3794,281,0.07406431207169215,0.06053982002635799,343758.8929562876,1912.5918896514975,education_binary,higher
2023_02_education_binary_higher,STROKE,3828,146,0.03814002089864159,0.02932782416069653,346223.1555271956,1931.7564165862273,education_binary,higher
2023_02_education_binary_higher,CURRENT_ASTHMA,3809,372,0.0976634287214492,0.09904600078124025,343477.1090583553,1920.121235463343,education_binary,higher
2023_02_education_binary_higher,SKIN_CANCER,3811,232,0.060876410390973495,0.04445665285771344,344737.692071924,1922.484736019944,education_binary,higher
2023_02_education_binary_higher,OTHER_CANCER,3823,428,0.1119539628563955,0.08269984736711927,345700.85628520424,1928.2216348408442,education_binary,higher
2023_02_education_binary_higher,COPD,3828,220,0.05747126436781609,0.04879719469792602,345652.88349849597,1929.0856668328747,education_binary,higher
2023_02_education_binary_higher,DEPRESSIVE_DISORDER,3818,742,0.19434258774227345,0.2058064700878402,344588.5618354455,1924.8093211021658,education_binary,higher
2023_02_education_binary_higher,KIDNEY_DISEASE,3833,147,0.038351160970519174,0.02867269796235243,346001.81740556814,1932.9200776289074,education_binary,higher
2023_02_education_binary_higher,ARTHRITIS,3820,1222,0.31989528795811517,0.26058832139131355,344283.80879869027,1925.6406924174364,education_binary,higher
2023_02_education_binary_higher,DIABETES,3831,384,0.10023492560689115,0.08591050320161409,345918.7571585599,1930.384753012521,education_binary,higher
2023_04_education_binary_lower,ISCHEMIC_HEART_DISEASE,3302,285,0.08631132646880678,0.05449477369125427,2150817.574101984,1424.3043091164295,education_binary,lower
2023_04_education_binary_lower,STROKE,3337,172,0.05154330236739586,0.032197800386245395,2164429.171851862,1437.0592989683541,education_binary,lower
2023_04_education_binary_lower,CURRENT_ASTHMA,3318,330,0.09945750452079566,0.09120732644664227,2157536.0637783394,1430.283581173507,education_binary,lower
2023_04_education_binary_lower,SKIN_CANCER,3324,281,0.0845367027677497,0.045146838585279264,2164950.5359619507,1433.7692408103246,education_binary,lower
2023_04_education_binary_lower,OTHER_CANCER,3328,358,0.10757211538461539,0.06596028259493467,2166742.7777325697,1435.463183510609,education_binary,lower
2023_04_education_binary_lower,COPD,3327,306,0.09197475202885483,0.05812211194470588,2156173.36788055,1432.9760127029824,education_binary,lower
2023_04_education_binary_lower,DEPRESSIVE_DISORDER,3319,607,0.1828864115697499,0.18187179598265868,2148326.016151825,1438.1889821301327,education_binary,lower
2023_04_education_binary_lower,KIDNEY_DISEASE,3337,206,0.06173209469583458,0.046620413977025765,2164772.0144843766,1436.7037924542558,education_binary,lower
2023_04_education_binary_lower,ARTHRITIS,3323,1094,0.3292205838098104,0.21803145010152777,2156553.850280883,1429.6944212861729,education_binary,lower
2023_04_education_binary_lower,DIABETES,3338,546,0.1635710005991612,0.129640801256299,2165434.047976657,1442.4983998910925,education_binary,lower
2023_04_education_binary_higher,ISCHEMIC_HEART_DISEASE,8542,777,0.09096230391009132,0.06663590601576011,3649504.3094114796,3561.593610914488,education_binary,higher
2023_04_education_binary_higher,STROKE,8581,369,0.04300198112108146,0.03234568076796224,3664164.0893375967,3577.4891728138327,education_binary,higher
2023_04_education_binary_higher,CURRENT_ASTHMA,8549,925,0.10819978944905836,0.10943241439629983,3643976.495726198,3565.735889800462,education_binary,higher
2023_04_education_binary_higher,SKIN_CANCER,8550,1266,0.1480701754385965,0.0951750691768985,3656644.2154618376,3566.9374458673537,education_binary,higher
2023_04_education_binary_higher,OTHER_CANCER,8557,1363,0.15928479607339022,0.11039515105561161,3655415.3555358974,3565.6020612016164,education_binary,higher
2023_04_education_binary_higher,COPD,8583,736,0.0857509029476873,0.05827607789067685,3661535.388307323,3581.0450514556683,education_binary,higher
2023_04_education_binary_higher,DEPRESSIVE_DISORDER,8580,1546,0.18018648018648017,0.17974192980364087,3661028.2068524486,3574.6364727005093,education_binary,higher
2023_04_education_binary_higher,KIDNEY_DISEASE,8593,509,0.05923426044454789,0.04439187709408958,3668358.9404288884,3581.584489119992,education_binary,higher
2023_04_education_binary_higher,ARTHRITIS,8568,3112,0.36321195144724555,0.27797589932661093,3653969.327800928,3565.7223855886614,education_binary,higher
2023_04_education_binary_higher,DIABETES,8599,1135,0.131992092103733,0.10495923808888123,3665887.362827641,3583.6384440028105,education_binary,higher
2023_05_education_binary_lower,ISCHEMIC_HEART_DISEASE,2042,300,0.14691478942213515,0.09882510835222778,1099761.6333209588,1140.292777191638,education_binary,lower
2023_05_education_binary_lower,STROKE,2088,146,0.06992337164750957,0.05973972123283404,1115586.5367458514,1180.6782328272661,education_binary,lower
2023_05_education_binary_lower,CURRENT_ASTHMA,2068,197,0.09526112185686654,0.10435552367160487,1099556.7960875765,1174.6862648165163,education_binary,lower
2023_05_education_binary_lower,SKIN_CANCER,2070,180,0.08695652173913043,0.048691017365875895,1113376.7457770028,1154.192472946323,education_binary,lower
2023_05_education_binary_lower,OTHER_CANCER,2081,237,0.11388755406054782,0.06934393738377395,1117143.066948252,1164.6550843838334,education_binary,lower
2023_05_education_binary_lower,COPD,2082,297,0.14265129682997119,0.11334339758361643,1110574.458965398,1179.7969996874963,education_binary,lower
2023_05_education_binary_lower,DEPRESSIVE_DISORDER,2073,457,0.22045344910757356,0.23350374712072378,1106649.742374465,1161.3588947434353,education_binary,lower
2023_05_education_binary_lower,KIDNEY_DISEASE,2079,115,0.05531505531505532,0.04037122572269557,1117296.5763247565,1159.8037013651963,education_binary,lower
2023_05_education_binary_lower,ARTHRITIS,2087,904,0.43315764254911354,0.3250359264303002,1117952.6916785068,1166.5263231996603,education_binary,lower
2023_05_education_binary_lower,DIABETES,2091,431,0.20612147297943567,0.17089204454036422,1122121.1359901207,1166.9551959180135,education_binary,lower
2023_05_education_binary_higher,ISCHEMIC_HEART_DISEASE,3197,345,0.1079136690647482,0.07885468967916255,1233767.9201568079,1900.4473747362663,education_binary,higher
2023_05_education_binary_higher,STROKE,3222,167,0.05183116076970826,0.041145412434557806,1238952.9932457288,1912.2710209446557,education_binary,higher
2023_05_education_binary_higher,CURRENT_ASTHMA,3207,301,0.09385718740255691,0.09400418736327823,1232984.6036117286,1902.2460108733062,education_binary,higher
2023_05_education_binary_higher,SKIN_CANCER,3212,311,0.09682440846824408,0.06558261913723143,1237600.2381746024,1906.7457453212837,education_binary,higher
2023_05_education_binary_higher,OTHER_CANCER,3209,428,0.13337488314116547,0.09732249546459151,1234159.6438725782,1904.7072585658104,education_binary,higher
2023_05_education_binary_higher,COPD,3217,287,0.08921355299968915,0.06894038035396055,1237893.3167054113,1909.5363807641525,education_binary,higher
2023_05_education_binary_higher,DEPRESSIVE_DISORDER,3213,721,0.22440087145969498,0.250741950677178,1233439.2124495902,1911.170208126391,education_binary,higher
2023_05_education_binary_higher,KIDNEY_DISEASE,3218,182,0.05655686761963953,0.04441798989347585,1238996.6074337957,1909.6624570577685,education_binary,higher
2023_05_education_binary_higher,ARTHRITIS,3218,1170,0.36357986326911124,0.2821446410505126,1238884.1531240216,1909.6312643708552,education_binary,higher
2023_05_education_binary_higher,DIABETES,3226,505,0.15654060756354618,0.123302511206714,1241780.6745218216,1915.5953697700918,education_binary,higher
2023_06_education_binary_lower,ISCHEMIC_HEART_DISEASE,3389,259,0.07642372381233402,0.05980155398360294,11486042.761555277,1840.8599991037268,education_binary,lower
2023_06_education_binary_lower,STROKE,3425,148,0.04321167883211679,0.029291422737154037,11622323.406084776,1860.149660673858,education_binary,lower
2023_06_education_binary_lower,CURRENT_ASTHMA,3406,263,0.07721667645331767,0.0750329378458985,11537409.211569969,1848.8808965143721,education_binary,lower
2023_06_education_binary_lower,SKIN_CANCER,3416,129,0.03776346604215457,0.021260594245610262,11579294.575087257,1856.6028773425942,education_binary,lower
2023_06_education_binary_lower,OTHER_CANCER,3418,220,0.06436512580456408,0.042135225777678816,11603529.452804059,1855.705101901639,education_binary,lower
2023_06_education_binary_lower,COPD,3412,228,0.0668229777256741,0.04893765535333507,11566350.904844742,1852.885360697476,education_binary,lower
2023_06_education_binary_lower,DEPRESSIVE_DISORDER,3409,589,0.17277794074508654,0.1531392259167796,11564597.718630463,1851.696909814008,education_binary,lower
2023_06_education_binary_lower,KIDNEY_DISEASE,3426,135,0.03940455341506129,0.031725890325478866,11624139.075344801,1861.301473923138,education_binary,lower
2023_06_education_binary_lower,ARTHRITIS,3411,802,0.23512166520082087,0.18971811433951122,11550331.800080072,1854.938597407866,education_binary,lower
2023_06_education_binary_lower,DIABETES,3424,548,0.16004672897196262,0.13883582433807987,11586301.646590097,1864.0880567275751,education_binary,lower
2023_06_education_binary_higher,ISCHEMIC_HEART_DISEASE,8357,589,0.07047983726217542,0.046890505328884814,18955136.385179184,3257.2863987419287,education_binary,higher
2023_06_education_binary_higher,STROKE,8415,320,0.038027332144979206,0.02900424274566298,19066277.17621699,3272.030734490886,education_binary,higher
2023_06_education_binary_higher,CURRENT_ASTHMA,8367,820,0.09800406358312418,0.09603896049172493,18933285.31984371,3247.160170392598,education_binary,higher
2023_06_education_binary_higher,SKIN_CANCER,8378,814,0.09715922654571497,0.0557498776719378,19029599.513787728,3263.2905350235587,education_binary,higher
2023_06_education_binary_higher,OTHER_CANCER,8383,962,0.11475605391864488,0.08010429369171516,19021448.166516468,3261.3445127811096,education_binary,higher
2023_06_education_binary_higher,COPD,8397,437,0.05204239609384304,0.038061979241634396,19039714.813764762,3264.3716676137883,education_binary,higher
2023_06_education_binary_higher,DEPRESSIVE_DISORDER,8372,1673,0.19983277591973245,0.18043811261866152,18947874.875547547,3257.436582325197,education_binary,higher
2023_06_education_binary_higher,KIDNEY_DISEASE,8412,395,0.04695672848311935,0.033457479413401825,19039827.272911806,3274.9578463441762,education_binary,higher
2023_06_education_binary_higher,ARTHRITIS,8386,2372,0.28285237300262345,0.22350424798850602,19010363.947182912,3258.433678497566,education_binary,higher
2023_06_education_binary_higher,DIABETES,8419,929,0.11034564675139566,0.10090789309534322,19029621.08493759,3279.031145123357,education_binary,higher
2023_08_education_binary_lower,ISCHEMIC_HEART_DISEASE,2135,139,0.06510538641686182,0.04535132817633074,1397430.2825721554,1359.8604815394026,education_binary,lower
2023_08_education_binary_lower,STROKE,2157,81,0.037552155771905425,0.03492692697707904,1415693.6337483919,1371.422133292118,education_binary,lower
2023_08_education_binary_lower,CURRENT_ASTHMA,2144,217,0.10121268656716417,0.10443343029665139,1408761.5591223615,1359.2394813377316,education_binary,lower
2023_08_education_binary_lower,SKIN_CANCER,2142,73,0.034080298786181136,0.027348420372936763,1403894.2018860239,1361.4562093962384,education_binary,lower
2023_08_education_binary_lower,OTHER_CANCER,2142,147,0.06862745098039216,0.04940679376647922,1404467.2296567967,1362.8944190446296,education_binary,lower
2023_08_education_binary_lower,COPD,2153,157,0.07292150487691593,0.055432394340546774,1412451.9797291607,1365.2593996381793,education_binary,lower
2023_08_education_binary_lower,DEPRESSIVE_DISORDER,2147,430,0.20027945971122496,0.20954353715005258,1408282.0002818361,1360.7314497435334,education_binary,lower
2023_08_education_binary_lower,KIDNEY_DISEASE,2151,93,0.043235704323570434,0.04039605627628427,1410398.6660226253,1365.8440125825177,education_binary,lower
2023_08_education_binary_lower,ARTHRITIS,2149,529,0.24616100511865985,0.19593147280031162,1408665.9557135124,1364.602413358841,education_binary,lower
2023_08_education_binary_lower,DIABETES,2160,249,0.11527777777777778,0.10120083729927058,1417114.783515173,1369.543295501344,education_binary,lower
2023_08_education_binary_higher,ISCHEMIC_HEART_DISEASE,6523,374,0.05733558178752108,0.048169193886306506,3230861.293353592,4031.5608785786985,education_binary,higher
2023_08_education_binary_higher,STROKE,6541,182,0.027824491667940682,0.021084130906369,3231989.3525787196,4053.758420978926,education_binary,higher
2023_08_education_binary_higher,CURRENT_ASTHMA,6511,735,0.11288588542466595,0.1170439112144674,3216374.151327664,4023.763404931208,education_binary,higher
2023_08_education_binary_higher,SKIN_CANCER,6516,683,0.10481890730509515,0.07979344280505322,3227565.203212828,4030.1463821226575,education_binary,higher
2023_08_education_binary_higher,OTHER_CANCER,6529,787,0.12053913309848369,0.09376884986840558,3229831.922772767,4036.485617719345,education_binary,higher
2023_08_education_binary_higher,COPD,6545,333,0.050878533231474406,0.042379796262827604,3234451.58780651,4046.925630827823,education_binary,higher
2023_08_education_binary_higher,DEPRESSIVE_DISORDER,6522,1418,0.21741796994786874,0.2177031714736827,3223898.9968965505,4034.6004771873995,education_binary,higher
2023_08_education_binary_higher,KIDNEY_DISEASE,6541,242,0.03699740100902003,0.03111355932312715,3232263.0325954156,4042.551643072744,education_binary,higher
2023_08_education_binary_higher,ARTHRITIS,6538,1861,0.2846436219027225,0.23858383670352867,3234305.702440112,4039.287915220111,education_binary,higher
2023_08_education_binary_higher,DIABETES,6554,565,0.08620689655172414,0.0799911009943442,3241838.821682791,4049.594123910912,education_binary,higher
2023_09_education_binary_lower,ISCHEMIC_HEART_DISEASE,2447,199,0.0813240702901512,0.07383076219695583,1036457.7202877749,1044.973297449183,education_binary,lower
2023_09_education_binary_lower,STROKE,2473,114,0.046097856854023456,0.03127446170308855,1050139.9531143492,1060.9073004734407,education_binary,lower
2023_09_education_binary_lower,CURRENT_ASTHMA,2468,262,0.10615883306320907,0.09350631326057461,1051763.1150131398,1058.016672399776,education_binary,lower
2023_09_education_binary_lower,SKIN_CANCER,2473,99,0.04003234937323089,0.024009988436899936,1053115.0049979738,1060.3169306658422,education_binary,lower
2023_09_education_binary_lower,OTHER_CANCER,2476,242,0.09773828756058159,0.0712812417407668,1053543.740895153,1061.1696102676524,education_binary,lower
2023_09_education_binary_lower,COPD,2472,202,0.08171521035598706,0.061257135513887305,1050024.815412905,1058.4489294209793,education_binary,lower
2023_09_education_binary_lower,DEPRESSIVE_DISORDER,2472,459,0.18567961165048544,0.17433664427328077,1051782.7472997624,1058.8880675894343,education_binary,lower
2023_09_education_binary_lower,KIDNEY_DISEASE,2473,122,0.04933279417711282,0.0479534581582897,1048793.759817848,1059.6580499591182,education_binary,lower
2023_09_education_binary_lower,ARTHRITIS,2470,768,0.31093117408906884,0.23837206920885118,1050342.379987611,1059.4016572037058,education_binary,lower
2023_09_education_binary_lower,DIABETES,2480,362,0.14596774193548387,0.11905771157869836,1054110.9499449923,1062.0378630564817,education_binary,lower
2023_09_education_binary_higher,ISCHEMIC_HEART_DISEASE,6895,458,0.06642494561276287,0.05141709171317805,1843203.5672816471,2753.1883615315005,education_binary,higher
2023_09_education_binary_higher,STROKE,6923,201,0.02903365592951033,0.02345076943895151,1851431.2837677537,2767.7421260202564,education_binary,higher
2023_09_education_binary_higher,CURRENT_ASTHMA,6898,748,0.10843722818208176,0.11701015459282867,1845214.638816413,2756.3141981029225,education_binary,higher
2023_09_education_binary_higher,SKIN_CANCER,6901,589,0.08534994928271265,0.060848857123253705,1845567.9249299895,2755.342746487113,education_binary,higher
2023_09_education_binary_higher,OTHER_CANCER,6912,852,0.1232638888888889,0.0855355393877846,1849890.3130110586,2763.193655137292,education_binary,higher
2023_09_education_binary_higher,COPD,6921,334,0.048258922121080766,0.0425627182072884,1850597.9252486709,2765.4906119785737,education_binary,higher
2023_09_education_binary_higher,DEPRESSIVE_DISORDER,6917,1331,0.1924244614717363,0.1970296648895054,1849379.5974756402,2765.090857452609,education_binary,higher
2023_09_education_binary_higher,KIDNEY_DISEASE,6922,237,0.03423865934700954,0.02712089477898028,1851765.9953963486,2767.2895911100695,education_binary,higher
2023_09_education_binary_higher,ARTHRITIS,6917,2054,0.29694954460026024,0.24394759309026226,1848393.3036478288,2761.105969252059,education_binary,higher
2023_09_education_binary_higher,DIABETES,6931,691,0.09969701341797721,0.08670377523742712,1851882.053209797,2772.598676752489,education_binary,higher
2023_10_education_binary_lower,ISCHEMIC_HEART_DISEASE,1334,146,0.10944527736131934,0.0729081977854378,329064.12825675454,653.455593516274,education_binary,lower
2023_10_education_binary_lower,STROKE,1347,80,0.05939123979213066,0.045265712428088044,332084.58274453785,661.2764160729116,education_binary,lower
2023_10_education_binary_lower,CURRENT_ASTHMA,1338,132,0.09865470852017937,0.09113610191545411,329291.8979776446,655.3755170984954,education_binary,lower
2023_10_education_binary_lower,SKIN_CANCER,1337,97,0.07255048616305161,0.04726146152482472,329942.5136251856,655.3716371988396,education_binary,lower
2023_10_education_binary_lower,OTHER_CANCER,1347,165,0.12249443207126949,0.10084616375273532,331352.53229154483,659.6394903095364,education_binary,lower
2023_10_education_binary_lower,COPD,1348,176,0.13056379821958458,0.09143324270072181,332206.1124466087,661.6953940549053,education_binary,lower
2023_10_education_binary_lower,DEPRESSIVE_DISORDER,1343,270,0.20104244229337304,0.19951148207733221,331366.2049616368,659.0546003084128,education_binary,lower
2023_10_education_binary_lower,KIDNEY_DISEASE,1345,87,0.06468401486988848,0.04891165840464423,330931.45864788815,659.2331539736098,education_binary,lower
2023_10_education_binary_lower,ARTHRITIS,1343,506,0.37676842889054357,0.3002927037564806,331509.17898373655,659.2934134701575,education_binary,lower
2023_10_education_binary_lower,DIABETES,1348,222,0.16468842729970326,0.12953990836350351,330410.9546369269,663.3702762346443,education_binary,lower
2023_10_education_binary_higher,ISCHEMIC_HEART_DISEASE,2889,258,0.0893042575285566,0.05860521974445565,492163.05140296236,1254.068076417241,education_binary,higher
2023_10_education_binary_higher,STROKE,2907,127,0.04368765049879601,0.03294649787629853,493936.6041846577,1261.2233975056506,education_binary,higher
2023_10_education_binary_higher,CURRENT_ASTHMA,2901,331,0.11409858669424336,0.12258932764868778,493523.28059993824,1260.6857406061458,education_binary,higher
2023_10_education_binary_higher,SKIN_CANCER,2898,344,0.11870255348516218,0.0779762070101266,492244.2589533177,1256.443144995656,education_binary,higher
2023_10_education_binary_higher,OTHER_CANCER,2903,440,0.15156734412676542,0.10223764860385741,492511.1388529254,1258.3881183663775,education_binary,higher
2023_10_education_binary_higher,COPD,2902,201,0.06926257753273604,0.052408902150887365,492205.7289275171,1260.651784371812,education_binary,higher
2023_10_education_binary_higher,DEPRESSIVE_DISORDER,2909,566,0.19456858026813337,0.2021033011008148,494164.3476466303,1262.2003096139488,education_binary,higher
2023_10_education_binary_higher,KIDNEY_DISEASE,2905,172,0.059208261617900174,0.043711881469105054,493542.2822979586,1261.015922734456,education_binary,higher
2023_10_education_binary_higher,ARTHRITIS,2907,1062,0.3653250773993808,0.28156503084892165,494036.0428260255,1263.2187285351145,education_binary,higher
2023_10_education_binary_higher,DIABETES,2913,442,0.15173360796429797,0.1357200340027261,495020.6306188556,1265.3702038445003,education_binary,higher
2023_12_education_binary_lower,ISCHEMIC_HEART_DISEASE,4374,531,0.12139917695473251,0.08997513211973511,7081296.518858735,1002.5566477188688,education_binary,lower
2023_12_education_binary_lower,STROKE,4426,268,0.0605512878445549,0.0398385861079636,7202243.865563145,999.8952189884455,education_binary,lower
2023_12_education_binary_lower,CURRENT_ASTHMA,4409,449,0.10183715128146972,0.09107802468903865,7195718.815105264,998.8757476526944,education_binary,lower
2023_12_education_binary_lower,SKIN_CANCER,4387,518,0.11807613403236836,0.06454515938696948,7143070.634560061,996.6622954162934,education_binary,lower
2023_12_education_binary_lower,OTHER_CANCER,4419,598,0.13532473410273818,0.0912160967468857,7191722.507641461,999.9317396445546,education_binary,lower
2023_12_education_binary_lower,COPD,4420,609,0.13778280542986426,0.08813422992190892,7200426.283400925,1000.6807163180033,education_binary,lower
2023_12_education_binary_lower,DEPRESSIVE_DISORDER,4416,773,0.17504528985507245,0.1746865236714817,7153386.668108401,997.6657764842976,education_binary,lower
2023_12_education_binary_lower,KIDNEY_DISEASE,4424,308,0.06962025316455696,0.057738736716017945,7185213.092117315,1003.3572148907234,education_binary,lower
2023_12_education_binary_lower,ARTHRITIS,4410,1710,0.3877551020408163,0.274599741787685,7192488.778889158,997.3020646201073,education_binary,lower
2023_12_education_binary_lower,DIABETES,4435,846,0.1907553551296505,0.1508217020894837,7218235.64296508,1002.7759754895313,education_binary,lower
2023_12_education_binary_higher,ISCHEMIC_HEART_DISEASE,8650,904,0.10450867052023122,0.08180117800418031,11009829.348886041,2031.0186752656598,education_binary,higher
2023_12_education_binary_higher,STROKE,8688,405,0.04661602209944751,0.034266574923827044,11050409.703018196,2041.531173563353,education_binary,higher
2023_12_education_binary_higher,CURRENT_ASTHMA,8653,749,0.08655957471397203,0.0819170765889099,10976353.840737492,2042.323406739021,education_binary,higher
2023_12_education_binary_higher,SKIN_CANCER,8664,1374,0.15858725761772854,0.09878517113697925,11030330.070497598,2035.7675229952313,education_binary,higher
2023_12_education_binary_higher,OTHER_CANCER,8671,1360,0.15684465459577904,0.10456811062876915,11039056.381094908,2040.8387366332558,education_binary,higher
2023_12_education_binary_higher,COPD,8690,703,0.080897583429229,0.05491361571447272,11041710.226566225,2039.776602828653,education_binary,higher
2023_12_education_binary_higher,DEPRESSIVE_DISORDER,8673,1407,0.162227602905569,0.15728362231448806,11032132.249847567,2036.6035823580194,education_binary,higher
2023_12_education_binary_higher,KIDNEY_DISEASE,8688,506,0.05824125230202578,0.044002604487661114,11041694.533937441,2039.9666811632244,education_binary,higher
2023_12_education_binary_higher,ARTHRITIS,8689,3116,0.35861433997007713,0.2588271565017157,11042421.892712897,2040.6871513889234,education_binary,higher
2023_12_education_binary_higher,DIABETES,8695,1264,0.14537090281771134,0.11031811032402689,11054250.85838849,2043.3611360927648,education_binary,higher
2023_13_education_binary_lower,ISCHEMIC_HEART_DISEASE,2639,308,0.11671087533156499,0.0768813688555452,3454064.396395553,1167.0098599376472,education_binary,lower
2023_13_education_binary_lower,STROKE,2680,170,0.06343283582089553,0.03964031142685448,3488311.4037042535,1184.0827795551418,education_binary,lower
2023_13_education_binary_lower,CURRENT_ASTHMA,2668,258,0.0967016491754123,0.08739389811119581,3474492.340263089,1177.99042297747,education_binary,lower
2023_13_education_binary_lower,SKIN_CANCER,2667,222,0.08323959505061868,0.042392542261334897,3462980.4013183084,1179.518268620497,education_binary,lower
2023_13_education_binary_lower,OTHER_CANCER,2672,270,0.10104790419161677,0.05907016641996991,3478754.087301041,1179.5082044212659,education_binary,lower
2023_13_education_binary_lower,COPD,2676,326,0.1218236173393124,0.08116926348458506,3474617.180829508,1182.8477015654291,education_binary,lower
2023_13_education_binary_lower,DEPRESSIVE_DISORDER,2677,479,0.1789316398954053,0.17524775206892237,3482042.1000947068,1181.8058071682426,education_binary,lower
2023_13_education_binary_lower,KIDNEY_DISEASE,2678,214,0.07991038088125467,0.05081820742357267,3483878.605247995,1187.7772758855924,education_binary,lower
2023_13_education_binary_lower,ARTHRITIS,2672,1025,0.38360778443113774,0.2383804908332543,3458010.288580633,1181.7124197040937,education_binary,lower
2023_13_education_binary_lower,DIABETES,2682,594,0.2214765100671141,0.14862762959674314,3483026.2484209044,1187.5307332598616,education_binary,lower
2023_13_education_binary_higher,ISCHEMIC_HEART_DISEASE,5452,441,0.08088774761555392,0.05292990683939035,5059377.10795293,2478.3065388281893,education_binary,higher
2023_13_education_binary_higher,STROKE,5472,229,0.041849415204678365,0.02799777666225676,5072206.545757188,2485.915630322738,education_binary,higher
2023_13_education_binary_higher,CURRENT_ASTHMA,5461,497,0.09100897271561985,0.098296837383112,5052175.783946781,2493.9759703522705,education_binary,higher
2023_13_education_binary_higher,SKIN_CANCER,5455,577,0.10577451879010083,0.059729795653179825,5070167.092923803,2477.4897765487476,education_binary,higher
2023_13_education_binary_higher,OTHER_CANCER,5464,695,0.1271961932650073,0.07875418514720284,5074417.092976619,2481.4894463332744,education_binary,higher
2023_13_education_binary_higher,COPD,5477,349,0.06372101515428154,0.048598425508555115,5081646.360022706,2486.1511424724463,education_binary,higher
2023_13_education_binary_higher,DEPRESSIVE_DISORDER,5469,938,0.1715121594441397,0.17762475257086474,5070540.377009554,2479.7739831146705,education_binary,higher
2023_13_education_binary_higher,KIDNEY_DISEASE,5472,281,0.05135233918128655,0.03074028528695205,5071013.521688455,2483.0413300866653,education_binary,higher
2023_13_education_binary_higher,ARTHRITIS,5465,1804,0.33010064043915827,0.23978676382229092,5074189.878550375,2480.753313453782,education_binary,higher
2023_13_education_binary_higher,DIABETES,5484,819,0.14934354485776805,0.11291166995129528,5083075.848764484,2488.215105485523,education_binary,higher
2023_15_education_binary_lower,ISCHEMIC_HEART_DISEASE,2107,171,0.08115804461319412,0.05526978229823522,408086.4532388868,942.8871897829943,education_binary,lower
2023_15_education_binary_lower,STROKE,2127,101,0.04748472026328162,0.03978080822023961,411304.00596006884,953.7403447683267,education_binary,lower
2023_15_education_binary_lower,CURRENT_ASTHMA,2118,247,0.1166194523135033,0.10710890918898917,409472.1864683733,948.9439222176042,education_binary,lower
2023_15_education_binary_lower,SKIN_CANCER,2124,89,0.04190207156308851,0.028927568764426762,411270.1882552317,952.6184712923894,education_binary,lower
2023_15_education_binary_lower,OTHER_CANCER,2125,129,0.06070588235294118,0.03426681860804253,411407.0327035894,953.1915583573222,education_binary,lower
2023_15_education_binary_lower,COPD,2122,122,0.057492931196983975,0.04235822105685291,410255.81345969596,951.4048595672998,education_binary,lower
2023_15_education_binary_lower,DEPRESSIVE_DISORDER,2127,326,0.153267512929008,0.13094154476217212,411826.8448446917,954.340136144695,education_binary,lower
2023_15_education_binary_lower,KIDNEY_DISEASE,2123,99,0.046632124352331605,0.04553667849045038,410152.0278817059,951.8033805728514,education_binary,lower
2023_15_education_binary_lower,ARTHRITIS,2125,564,0.26541176470588235,0.21684915625442544,410776.4872401895,952.9106908530578,education_binary,lower
2023_15_education_binary_lower,DIABETES,2127,308,0.14480488951574988,0.125745872571976,410830.86355113547,953.9623655571562,education_binary,lower
2023_15_education_binary_higher,ISCHEMIC_HEART_DISEASE,5642,372,0.06593406593406594,0.054797434723752474,736787.603711747,2636.3583859382766,education_binary,higher
2023_15_education_binary_higher,STROKE,5673,237,0.04177683765203596,0.034808351852906864,740592.3543159014,2651.5558793015266,education_binary,higher
2023_15_education_binary_higher,CURRENT_ASTHMA,5663,535,0.09447289422567544,0.09396792880877662,739344.6206785869,2645.4496555472183,education_binary,higher
2023_15_education_binary_higher,SKIN_CANCER,5658,518,0.09155178508306822,0.05591974545403437,738652.1700575929,2642.406756381607,education_binary,higher
2023_15_education_binary_higher,OTHER_CANCER,5660,661,0.11678445229681979,0.08362955917087968,738899.510075564,2645.30783210582,education_binary,higher
2023_15_education_binary_higher,COPD,5659,302,0.05336631913765683,0.04299184957164771,737668.9792282124,2642.270607662311,education_binary,higher
2023_15_education_binary_higher,DEPRESSIVE_DISORDER,5674,897,0.15808953119492422,0.14327115197684964,740612.2092939508,2651.6211507140647,education_binary,higher
2023_15_education_binary_higher,KIDNEY_DISEASE,5669,250,0.044099488445934025,0.03410792901893836,739324.8758537646,2653.4509815707806,education_binary,higher
2023_15_education_binary_higher,ARTHRITIS,5661,1691,0.2987104751810634,0.24706858517953315,739050.5290649054,2644.577091578486,education_binary,higher
2023_15_education_binary_higher,DIABETES,5674,676,0.11913993655269652,0.1060433619522837,740591.0365506551,2651.3262364435755,education_binary,higher
2023_16_education_binary_lower,ISCHEMIC_HEART_DISEASE,2510,190,0.07569721115537849,0.05668153945584694,556405.5409406475,1367.8232614981819,education_binary,lower
2023_16_education_binary_lower,STROKE,2535,99,0.03905325443786982,0.027679904562298425,562976.3965788452,1380.381586348065,education_binary,lower
2023_16_education_binary_lower,CURRENT_ASTHMA,2518,265,0.10524225575853852,0.10460943306064648,558767.6596527922,1374.6003667350997,education_binary,lower
2023_16_education_binary_lower,SKIN_CANCER,2527,138,0.054610209734863475,0.041204695819189244,562247.7659230768,1377.1897811395204,education_binary,lower
2023_16_education_binary_lower,OTHER_CANCER,2530,211,0.08339920948616601,0.06847752550928084,561626.5412165542,1378.0506622137327,education_binary,lower
2023_16_education_binary_lower,COPD,2530,212,0.08379446640316206,0.06891425758952709,561344.4980037587,1377.174334077242,education_binary,lower
2023_16_education_binary_lower,DEPRESSIVE_DISORDER,2521,568,0.22530741769139231,0.23055032931880598,560260.0367276873,1371.148104615957,education_binary,lower
2023_16_education_binary_lower,KIDNEY_DISEASE,2532,88,0.03475513428120063,0.030937707975432924,561288.2490301309,1380.3666951419696,education_binary,lower
2023_16_education_binary_lower,ARTHRITIS,2514,734,0.29196499602227527,0.23986525554689303,558283.4102809866,1371.3758854814735,education_binary,lower
2023_16_education_binary_lower,DIABETES,2541,298,0.11727666273120818,0.098177068854254,563742.8907843172,1383.1920539174143,education_binary,lower
2023_16_education_binary_higher,ISCHEMIC_HEART_DISEASE,4274,310,0.07253158633598503,0.05789621479634916,931101.3515772717,2222.6904135601894,education_binary,higher
2023_16_education_binary_higher,STROKE,4295,178,0.041443538998835856,0.031617608992000515,934811.5516382023,2233.020079773703,education_binary,higher
2023_16_education_binary_higher,CURRENT_ASTHMA,4272,460,0.10767790262172285,0.10600801347721694,930556.3510518821,2219.789156149481,education_binary,higher
2023_16_education_binary_higher,SKIN_CANCER,4273,391,0.09150479756611281,0.07785390841107302,930659.5802806811,2221.6970752585694,education_binary,higher
2023_16_education_binary_higher,OTHER_CANCER,4281,471,0.11002102312543798,0.09767569450843994,931867.8800401434,2223.9889327766,education_binary,higher
2023_16_education_binary_higher,COPD,4294,278,0.0647414997671169,0.05812590936090828,932765.2724787155,2230.9842540758787,education_binary,higher
2023_16_education_binary_higher,DEPRESSIVE_DISORDER,4278,905,0.2115474520804114,0.22922119165251875,929537.0327712172,2221.62032742036,education_binary,higher
2023_16_education_binary_higher,KIDNEY_DISEASE,4292,194,0.045200372786579686,0.0414515653814064,933912.0655611693,2230.843156687401,education_binary,higher
2023_16_education_binary_higher,ARTHRITIS,4273,1366,0.31968172244324833,0.2855362236041332,930538.6796840183,2220.905839998102,education_binary,higher
2023_16_education_binary_higher,DIABETES,4299,456,0.1060711793440335,0.09755239237696194,933709.5126140765,2231.6473293250524,education_binary,higher
2023_17_education_binary_lower,ISCHEMIC_HEART_DISEASE,1554,116,0.07464607464607464,0.07773290224340955,3591277.2766792607,924.3390103901343,education_binary,lower
2023_17_education_binary_lower,STROKE,1576,60,0.03807106598984772,0.03758556809931191,3656237.827960288,931.5768912460849,education_binary,lower
2023_17_education_binary_lower,CURRENT_ASTHMA,1568,141,0.0899234693877551,0.09911710217677697,3624513.0386100505,925.5333673370894,education_binary,lower
2023_17_education_binary_lower,SKIN_CANCER,1572,49,0.031170483460559797,0.0320224976035373,3651457.0183306667,929.5027497526826,education_binary,lower
2023_17_education_binary_lower,OTHER_CANCER,1574,99,0.06289707750952986,0.05767045550002623,3649809.9605468903,929.9105469064334,education_binary,lower
2023_17_education_binary_lower,COPD,1571,154,0.098026734563972,0.0850367002455104,3644529.1409423896,927.8490801384443,education_binary,lower
2023_17_education_binary_lower,DEPRESSIVE_DISORDER,1574,274,0.17407878017789072,0.19504345318036875,3650872.3931688317,929.672908929539,education_binary,lower
2023_17_education_binary_lower,KIDNEY_DISEASE,1573,63,0.040050858232676415,0.042765369373476435,3652064.770956617,929.6830558912743,education_binary,lower
2023_17_education_binary_lower,ARTHRITIS,1573,416,0.2644628099173554,0.258759295153888,3648501.833837488,928.814789754164,education_binary,lower
2023_17_education_binary_lower,DIABETES,1577,256,0.16233354470513633,0.1440928761893522,3656905.404600492,932.0704267733797,education_binary,lower
2023_17_education_binary_higher,ISCHEMIC_HEART_DISEASE,3664,205,0.055949781659388645,0.04592837520877571,6177573.921109742,1861.5387121254078,education_binary,higher
2023_17_education_binary_higher,STROKE,3678,97,0.026373028820010875,0.024747393576973538,6208061.325566534,1867.187039153398,education_binary,higher
2023_17_education_binary_higher,CURRENT_ASTHMA,3662,342,0.09339158929546695,0.09356975431015609,6179525.730524715,1858.4681084788726,education_binary,higher
2023_17_education_binary_higher,SKIN_CANCER,3672,235,0.06399782135076253,0.05310617175903273,6203664.923699155,1864.933469510897,education_binary,higher
2023_17_education_binary_higher,OTHER_CANCER,3673,344,0.09365641165260005,0.0850675352679697,6206936.867865218,1865.7517945883124,education_binary,higher
2023_17_education_binary_higher,COPD,3673,180,0.049006261911244214,0.050323513557475864,6200300.641427642,1866.1319521172447,education_binary,higher
2023_17_education_binary_higher,DEPRESSIVE_DISORDER,3672,680,0.18518518518518517,0.17416603266413871,6195382.329014555,1863.4471048894557,education_binary,higher
2023_17_education_binary_higher,KIDNEY_DISEASE,3675,144,0.03918367346938775,0.031259904729225726,6198798.64347223,1865.3133784830281,education_binary,higher
2023_17_education_binary_higher,ARTHRITIS,3670,954,0.25994550408719347,0.23778449697889995,6195989.680256588,1861.9104392041463,education_binary,higher
2023_17_education_binary_higher,DIABETES,3677,402,0.10932825673103073,0.10989110112782033,6208963.166657899,1867.0923876768707,education_binary,higher
2023_18_education_binary_lower,ISCHEMIC_HEART_DISEASE,3955,452,0.11428571428571428,0.08930182823580052,2324744.757588458,2436.9388235754054,education_binary,lower
2023_18_education_binary_lower,STROKE,4017,259,0.06447597709733632,0.049420981376113476,2359234.5450127423,2477.899286057084,education_binary,lower
2023_18_education_binary_lower,CURRENT_ASTHMA,4002,448,0.111944027986007,0.11663602754320819,2349177.1436220827,2467.8428100576066,education_binary,lower
2023_18_education_binary_lower,SKIN_CANCER,3997,269,0.06730047535651738,0.047800257911809634,2351751.8113398,2465.992934579083,education_binary,lower
2023_18_education_binary_lower,OTHER_CANCER,4007,440,0.10980783628649862,0.08356795030197349,2356775.030182028,2473.5252991690613,education_binary,lower
2023_18_education_binary_lower,COPD,4009,558,0.13918682963332502,0.11159378636135729,2355106.3235951173,2474.3138884279942,education_binary,lower
2023_18_education_binary_lower,DEPRESSIVE_DISORDER,4005,959,0.23945068664169789,0.2499741636441461,2347789.593506447,2468.4324802491806,education_binary,lower
2023_18_education_binary_lower,KIDNEY_DISEASE,4015,272,0.06774595267745953,0.050054343972436396,2359226.2732396866,2477.801456217455,education_binary,lower
2023_18_education_binary_lower,ARTHRITIS,4018,1570,0.390741662518666,0.30713694643002104,2355218.3531172248,2479.450826706685,education_binary,lower
2023_18_education_binary_lower,DIABETES,4023,749,0.1861794680586627,0.14494604372675596,2360332.2227935097,2480.885925224625,education_binary,lower
2023_18_education_binary_higher,ISCHEMIC_HEART_DISEASE,6853,567,0.08273748723186926,0.06747950522099362,2913884.5767084328,4356.747628042884,education_binary,higher
2023_18_education_binary_higher,STROKE,6884,248,0.03602556653108658,0.02956742151674499,2922977.504341676,4373.965754550705,education_binary,higher
2023_18_education_binary_higher,CURRENT_ASTHMA,6833,758,0.1109322405971023,0.11309717584349538,2897575.3437886797,4336.803916589591,education_binary,higher
2023_18_education_binary_higher,SKIN_CANCER,6854,562,0.08199591479428071,0.05593640525546012,2907620.7157806703,4364.348617928523,education_binary,higher
2023_18_education_binary_higher,OTHER_CANCER,6874,818,0.11899912714576666,0.09085766117431726,2919970.472940205,4370.9928024525,education_binary,higher
2023_18_education_binary_higher,COPD,6879,518,0.07530164268062219,0.06219154618387645,2921761.1270393035,4372.74107732831,education_binary,higher
2023_18_education_binary_higher,DEPRESSIVE_DISORDER,6871,1510,0.2197642264590307,0.23451125104761555,2913427.5072977277,4368.125945223392,education_binary,higher
2023_18_education_binary_higher,KIDNEY_DISEASE,6887,365,0.052998402787861186,0.04049682801324875,2924665.038548516,4378.073657971593,education_binary,higher
2023_18_education_binary_higher,ARTHRITIS,6870,2339,0.3404657933042213,0.2803773042955099,2917695.6535462127,4361.937931459651,education_binary,higher
2023_18_education_binary_higher,DIABETES,6891,1020,0.14801915542011318,0.12082824490989467,2927407.400902169,4377.190802014861,education_binary,higher
2023_19_education_binary_lower,ISCHEMIC_HEART_DISEASE,3351,314,0.09370337212772306,0.07398211443471919,946732.07188418,1894.414348103335,education_binary,lower
2023_19_education_binary_lower,STROKE,3383,144,0.042565770026603604,0.034709366801637664,954362.5785142465,1913.9197001053008,education_binary,lower
2023_19_education_binary_lower,CURRENT_ASTHMA,3378,332,0.09828300769686205,0.09402511537323384,953928.5140585159,1912.0047900576767,education_binary,lower
2023_19_education_binary_lower,SKIN_CANCER,3369,202,0.0599584446423271,0.05147900711513967,950777.6149213671,1907.447371674036,education_binary,lower
2023_19_education_binary_lower,OTHER_CANCER,3374,336,0.0995850622406639,0.0832425192355292,953326.8865282816,1910.8041574611068,education_binary,lower
2023_19_education_binary_lower,COPD,3382,332,0.09816676522767594,0.08313933932927532,952306.1148573058,1915.3928096192935,education_binary,lower
2023_19_education_binary_lower,DEPRESSIVE_DISORDER,3375,634,0.18785185185185185,0.19588270323089046,953611.0914542208,1911.041125505496,education_binary,lower
2023_19_education_binary_lower,KIDNEY_DISEASE,3379,175,0.05179047055341817,0.04358098381302187,953227.4042812472,1911.2445247455366,education_binary,lower
2023_19_education_binary_lower,ARTHRITIS,3380,1091,0.3227810650887574,0.273208088956635,952715.732245866,1911.749865699404,education_binary,lower
2023_19_education_binary_lower,DIABETES,3387,496,0.14644227930321818,0.12424182922729372,954959.9079951739,1915.5772134707386,education_binary,lower
2023_19_education_binary_higher,ISCHEMIC_HEART_DISEASE,5408,399,0.07377958579881656,0.05794741239585821,1521476.9280722209,3251.827978684372,education_binary,higher
2023_19_education_binary_higher,STROKE,5441,178,0.03271457452674141,0.02314578504624135,1529646.349830443,3274.440810133349,education_binary,higher
2023_19_education_binary_higher,CURRENT_ASTHMA,5420,492,0.0907749077490775,0.08616873487348344,1524835.5466178814,3262.0347034853057,education_binary,higher
2023_19_education_binary_higher,SKIN_CANCER,5431,456,0.0839624378567483,0.06465346527522503,1527021.5454421695,3268.9646643403344,education_binary,higher
2023_19_education_binary_higher,OTHER_CANCER,5435,598,0.11002759889604416,0.0921607797031646,1526948.1455299496,3270.366377017399,education_binary,higher
2023_19_education_binary_higher,COPD,5433,338,0.06221240566905945,0.046408977101828286,1527633.6399471636,3268.9972132936505,education_binary,higher
2023_19_education_binary_higher,DEPRESSIVE_DISORDER,5434,1020,0.18770702981229298,0.19007048875312188,1527916.5650338277,3270.8377727093907,education_binary,higher
2023_19_education_binary_higher,KIDNEY_DISEASE,5433,236,0.04343824774526044,0.033891696681696594,1528126.1860062168,3272.3520321516835,education_binary,higher
2023_19_education_binary_higher,ARTHRITIS,5443,1707,0.31361381591034354,0.269237613686459,1530144.7918678175,3275.249549322708,education_binary,higher
2023_19_education_binary_higher,DIABETES,5446,701,0.12871832537642305,0.10684002613660926,1530743.2954150585,3277.6976446023823,education_binary,higher
2023_20_education_binary_lower,ISCHEMIC_HEART_DISEASE,2759,280,0.10148604566872055,0.0673873759613351,798382.2548905439,1424.8247206896297,education_binary,lower
2023_20_education_binary_lower,STROKE,2811,140,0.04980434009249377,0.03296111868960492,817903.6961210824,1446.1592756351567,education_binary,lower
2023_20_education_binary_lower,CURRENT_ASTHMA,2783,282,0.1013295005389867,0.10018631816004836,807295.894590644,1424.3413833625175,education_binary,lower
2023_20_education_binary_lower,SKIN_CANCER,2790,193,0.06917562724014337,0.049013219133266804,813716.4986637668,1435.300867428866,education_binary,lower
2023_20_education_binary_lower,OTHER_CANCER,2792,285,0.10207736389684814,0.07482161519691627,812952.7681635797,1434.004529897702,education_binary,lower
2023_20_education_binary_lower,COPD,2800,313,0.11178571428571428,0.08049145727774054,813686.4246296021,1437.065724846366,education_binary,lower
2023_20_education_binary_lower,DEPRESSIVE_DISORDER,2796,570,0.20386266094420602,0.2285149218112952,812277.3485078032,1434.9979497689612,education_binary,lower
2023_20_education_binary_lower,KIDNEY_DISEASE,2801,126,0.04498393430917529,0.02956690030878256,813838.8586189054,1440.0364588994307,education_binary,lower
2023_20_education_binary_lower,ARTHRITIS,2795,951,0.3402504472271914,0.26111678106856423,811952.0073862256,1432.9702035486125,education_binary,lower
2023_20_education_binary_lower,DIABETES,2813,428,0.15215072875933167,0.12371571763398286,815755.9802545604,1448.8273571434795,education_binary,lower
2023_20_education_binary_higher,ISCHEMIC_HEART_DISEASE,6976,567,0.08127866972477064,0.06235587497418357,1430853.9348293971,4026.188328089858,education_binary,higher
2023_20_education_binary_higher,STROKE,7011,230,0.03280559121380688,0.02803251250455134,1436937.8026010753,4049.1753819890328,education_binary,higher
2023_20_education_binary_higher,CURRENT_ASTHMA,6968,650,0.09328358208955224,0.0988046862565576,1424147.2720254986,4030.691049134976,education_binary,higher
2023_20_education_binary_higher,SKIN_CANCER,6988,571,0.08171150543789353,0.062479231145997995,1431910.790568537,4036.0989618717845,education_binary,higher
2023_20_education_binary_higher,OTHER_CANCER,7003,776,0.11080965300585463,0.09201294160044592,1435316.3324697185,4049.6739004429105,education_binary,higher
2023_20_education_binary_higher,COPD,7014,473,0.06743655546050756,0.054657460251219425,1437413.4464836894,4053.4551479270094,education_binary,higher
2023_20_education_binary_higher,DEPRESSIVE_DISORDER,7004,1322,0.18874928612221586,0.2017423776231627,1434910.1128635977,4044.7073205321603,education_binary,higher
2023_20_education_binary_higher,KIDNEY_DISEASE,7015,295,0.042052744119743406,0.03174394471163042,1436691.6937106103,4053.503533183393,education_binary,higher
2023_20_education_binary_higher,ARTHRITIS,6999,2230,0.31861694527789686,0.26145282275556486,1433920.6152204366,4040.379058147769,education_binary,higher
2023_20_education_binary_higher,DIABETES,7025,905,0.1288256227758007,0.10892773551619309,1439056.085461412,4056.2504184802087,education_binary,higher
2023_22_education_binary_lower,ISCHEMIC_HEART_DISEASE,2022,275,0.13600395647873392,0.10609502195509919,1655500.4373946649,1196.423085041921,education_binary,lower
2023_22_education_binary_lower,STROKE,2061,189,0.09170305676855896,0.07060014591017148,1683453.1985610046,1220.4891048479506,education_binary,lower
2023_22_education_binary_lower,CURRENT_ASTHMA,2048,216,0.10546875,0.11954039688414979,1669904.9786836766,1209.7179487601281,education_binary,lower
2023_22_education_binary_lower,SKIN_CANCER,2046,116,0.056695992179863146,0.04671810191038232,1668997.2823376337,1209.4425310500208,education_binary,lower
2023_22_education_binary_lower,OTHER_CANCER,2053,184,0.08962493911349245,0.07443942823593658,1676717.7559298794,1214.6506675264698,education_binary,lower
2023_22_education_binary_lower,COPD,2054,300,0.1460564751703992,0.11354391184965326,1671219.1494332547,1217.4180999523755,education_binary,lower
2023_22_education_binary_lower,DEPRESSIVE_DISORDER,2048,507,0.24755859375,0.24629280035853732,1667299.6168560598,1210.9784360120107,education_binary,lower
2023_22_education_binary_lower,KIDNEY_DISEASE,2055,132,0.06423357664233577,0.04403747199107024,1679273.4731569747,1216.4678126311267,education_binary,lower
2023_22_education_binary_lower,ARTHRITIS,2050,828,0.40390243902439027,0.32817452171453315,1676227.231971772,1213.2337797691075,education_binary,lower
2023_22_education_binary_lower,DIABETES,2058,461,0.2240038872691934,0.1913018108430451,1680024.1589757712,1217.5870045082745,education_binary,lower
2023_22_education_binary_higher,ISCHEMIC_HEART_DISEASE,3271,270,0.08254356465912564,0.06636107788362781,1842468.0219744784,1916.7337694636444,education_binary,higher
2023_22_education_binary_higher,STROKE,3289,138,0.04195804195804196,0.030250866711673312,1852246.6684587884,1926.2448286386552,education_binary,higher
2023_22_education_binary_higher,CURRENT_ASTHMA,3261,268,0.0821833793314934,0.09392667845425981,1838499.1694596568,1907.3250716814196,education_binary,higher
2023_22_education_binary_higher,SKIN_CANCER,3279,220,0.06709362610551997,0.0495610940541496,1847604.4840861843,1919.9365684509455,education_binary,higher
2023_22_education_binary_higher,OTHER_CANCER,3284,353,0.10749086479902557,0.07868275028873842,1851192.8983279087,1924.1751920301676,education_binary,higher
2023_22_education_binary_higher,COPD,3282,233,0.07099329677026203,0.06310209421156203,1847583.5038195853,1920.5853929419552,education_binary,higher
2023_22_education_binary_higher,DEPRESSIVE_DISORDER,3278,850,0.2593044539353264,0.2671820496204606,1845458.7865698165,1917.7598488784902,education_binary,higher
2023_22_education_binary_higher,KIDNEY_DISEASE,3287,157,0.04776391846668695,0.03940537669860722,1851684.6100131255,1924.4783940144964,education_binary,higher
2023_22_education_binary_higher,ARTHRITIS,3283,1105,0.3365823941516905,0.2872135600643626,1847519.0266899595,1923.168183231901,education_binary,higher
2023_22_education_binary_higher,DIABETES,3293,510,0.1548739750986942,0.13218685045511555,1853948.6254445824,1928.4733874882595,education_binary,higher
2023_23_education_binary_lower,ISCHEMIC_HEART_DISEASE,3519,480,0.13640238704177324,0.09849708802640122,435626.50605499337,1673.7263670140285,education_binary,lower
2023_23_education_binary_lower,STROKE,3564,227,0.06369248035914703,0.05786860709353385,440221.37320770783,1695.3088769638457,education_binary,lower
2023_23_education_binary_lower,CURRENT_ASTHMA,3538,471,0.13312605992085924,0.1370929789112052,436025.9078409666,1681.627173216784,education_binary,lower
2023_23_education_binary_lower,SKIN_CANCER,3535,236,0.06676096181046676,0.04799495265891097,436672.9812898465,1681.136981506624,education_binary,lower
2023_23_education_binary_lower,OTHER_CANCER,3538,454,0.12832108535895986,0.09637646820910872,438210.8556929418,1683.4473861405952,education_binary,lower
2023_23_education_binary_lower,COPD,3554,571,0.1606640405177265,0.11707976302936951,439212.7122249296,1688.5777706628494,education_binary,lower
2023_23_education_binary_lower,DEPRESSIVE_DISORDER,3546,908,0.25606316976875354,0.2685596261371062,436915.5481456051,1686.4983651325933,education_binary,lower
2023_23_education_binary_lower,KIDNEY_DISEASE,3555,215,0.06047819971870605,0.04268296861983253,439386.4336019355,1694.5366030299122,education_binary,lower
2023_23_education_binary_lower,ARTHRITIS,3537,1569,0.44359626802374896,0.34155704827047517,437941.0382598204,1682.36519682341,education_binary,lower
2023_23_education_binary_lower,DIABETES,3558,650,0.18268690275435637,0.13180227646326922,439705.7989252701,1693.067093786042,education_binary,lower
2023_23_education_binary_higher,ISCHEMIC_HEART_DISEASE,8553,849,0.09926341634514206,0.06763636478402917,697738.6740785462,3926.931275327584,education_binary,higher
2023_23_education_binary_higher,STROKE,8598,369,0.042916957431960924,0.03075309394459938,700149.1869025325,3950.3602266158855,education_binary,higher
2023_23_education_binary_higher,CURRENT_ASTHMA,8550,1074,0.1256140350877193,0.12337046782220693,695149.4213051985,3917.739698333888,education_binary,higher
2023_23_education_binary_higher,SKIN_CANCER,8555,1005,0.11747516072472239,0.07880056703791104,698760.0887972612,3931.737978245031,education_binary,higher
2023_23_education_binary_higher,OTHER_CANCER,8572,1278,0.14909006066262248,0.1084863559772167,699337.9014891555,3939.7018484772025,education_binary,higher
2023_23_education_binary_higher,COPD,8591,702,0.08171342102199977,0.06687323302455869,699941.8291395787,3953.411924259527,education_binary,higher
2023_23_education_binary_higher,DEPRESSIVE_DISORDER,8585,1983,0.23098427489807805,0.2520150680475175,698364.364635679,3941.696592847635,education_binary,higher
2023_23_education_binary_higher,KIDNEY_DISEASE,8593,453,0.0527173280577214,0.035676699816651544,700462.6468557758,3946.8795536514776,education_binary,higher
2023_23_education_binary_higher,ARTHRITIS,8570,3540,0.4130688448074679,0.3174308973162376,697929.9418686749,3938.4700800001156,education_binary,higher
2023_23_education_binary_higher,DIABETES,8615,1091,0.12663958212420198,0.102777900357507,700902.3690514832,3976.4020430637543,education_binary,higher
2023_24_education_binary_lower,ISCHEMIC_HEART_DISEASE,5081,535,0.10529423341861838,0.06366776768629671,1676018.1887090956,1764.3627522479078,education_binary,lower
2023_24_education_binary_lower,STROKE,5139,331,0.06440941817474216,0.04511928931024686,1687813.9494454677,1780.5656691225306,education_binary,lower
2023_24_education_binary_lower,CURRENT_ASTHMA,5116,523,0.10222830336200156,0.1097814403856304,1685170.3380500935,1767.916292326617,education_binary,lower
2023_24_education_binary_lower,SKIN_CANCER,5117,365,0.07133085792456517,0.03699080352788575,1685376.2469760787,1770.6151182598649,education_binary,lower
2023_24_education_binary_lower,OTHER_CANCER,5135,602,0.1172346640701071,0.06222937014683961,1693627.6624019695,1779.9207178782412,education_binary,lower
2023_24_education_binary_lower,COPD,5122,589,0.11499414291292463,0.07480524245617236,1686689.0515636653,1768.9713193976595,education_binary,lower
2023_24_education_binary_lower,DEPRESSIVE_DISORDER,5120,920,0.1796875,0.17634350958777115,1678137.1193248415,1774.4767622180855,education_binary,lower
2023_24_education_binary_lower,KIDNEY_DISEASE,5130,299,0.05828460038986355,0.041536426694650505,1686591.387112872,1779.9745021614517,education_binary,lower
2023_24_education_binary_lower,ARTHRITIS,5130,1896,0.3695906432748538,0.239603871346673,1692686.44132732,1777.7321687314575,education_binary,lower
2023_24_education_binary_lower,DIABETES,5140,984,0.19143968871595332,0.1472438488694689,1688756.30074659,1782.5348715063917,education_binary,lower
2023_24_education_binary_higher,ISCHEMIC_HEART_DISEASE,11919,930,0.07802668009061163,0.051240485371738545,3137872.2786586382,4366.2483438911795,education_binary,higher
2023_24_education_binary_higher,STROKE,11962,445,0.03720113693362314,0.023807840035048124,3147084.974672797,4381.7125971619325,education_binary,higher
2023_24_education_binary_higher,CURRENT_ASTHMA,11912,1201,0.1008226997985225,0.10614347171030102,3134004.5794650167,4371.032781991596,education_binary,higher
2023_24_education_binary_higher,SKIN_CANCER,11931,1209,0.1013326628111642,0.053132187853236985,3140511.9534795657,4372.972480819612,education_binary,higher
2023_24_education_binary_higher,OTHER_CANCER,11936,1598,0.13388069705093833,0.08439202798530802,3141138.6898794724,4373.041659781254,education_binary,higher
2023_24_education_binary_higher,COPD,11946,729,0.06102461074836765,0.0454804911843512,3143623.5118879657,4376.044744237445,education_binary,higher
2023_24_education_binary_higher,DEPRESSIVE_DISORDER,11945,2187,0.183089158643784,0.17345029741711662,3140235.886826284,4377.621312320075,education_binary,higher
2023_24_education_binary_higher,KIDNEY_DISEASE,11954,527,0.04408566170319558,0.029650291099780745,3145640.5389720295,4378.490705161689,education_binary,higher
2023_24_education_binary_higher,ARTHRITIS,11932,4227,0.3542574589339591,0.2517476633739009,3138493.1834517275,4365.638076769764,education_binary,higher
2023_24_education_binary_higher,DIABETES,11971,1610,0.13449168824659594,0.10875432774546033,3147584.2097166553,4383.42829653418,education_binary,higher
2023_25_education_binary_lower,ISCHEMIC_HEART_DISEASE,2043,188,0.09202153695545766,0.0714752557407567,1883343.610068671,951.3688743749242,education_binary,lower
2023_25_education_binary_lower,STROKE,2064,69,0.03343023255813953,0.025203080514113647,1903636.5024867584,962.8511480261571,education_binary,lower
2023_25_education_binary_lower,CURRENT_ASTHMA,2054,276,0.13437195715676728,0.12699714144251162,1889945.121330042,961.5639231800569,education_binary,lower
2023_25_education_binary_lower,SKIN_CANCER,2059,110,0.053423992229237494,0.04526117148451551,1895897.623048142,958.4101788588399,education_binary,lower
2023_25_education_binary_lower,OTHER_CANCER,2064,186,0.09011627906976744,0.07012234504221676,1898036.394003248,959.550300544567,education_binary,lower
2023_25_education_binary_lower,COPD,2060,213,0.10339805825242719,0.08442024189534468,1894497.8149104794,956.9979680237481,education_binary,lower
2023_25_education_binary_lower,DEPRESSIVE_DISORDER,2047,469,0.22911577918905715,0.22497827931794612,1887189.6469256345,954.703656028917,education_binary,lower
2023_25_education_binary_lower,KIDNEY_DISEASE,2065,84,0.04067796610169491,0.029591101666238028,1897893.2929660778,960.5440888250856,education_binary,lower
2023_25_education_binary_lower,ARTHRITIS,2054,652,0.317429406037001,0.27531296986542164,1896843.8844805895,957.0506546895253,education_binary,lower
2023_25_education_binary_lower,DIABETES,2066,309,0.14956437560503388,0.1310606209842962,1903209.9739387226,962.5457777655993,education_binary,lower
2023_25_education_binary_higher,ISCHEMIC_HEART_DISEASE,7344,454,0.06181917211328976,0.04924518365269057,3752403.847155177,3508.756039382909,education_binary,higher
2023_25_education_binary_higher,STROKE,7363,218,0.029607496944180363,0.022957683417419304,3759259.622365024,3513.4472975935923,education_binary,higher
2023_25_education_binary_higher,CURRENT_ASTHMA,7318,841,0.11492210986608363,0.11347890071625612,3737023.774399138,3490.598524159538,education_binary,higher
2023_25_education_binary_higher,SKIN_CANCER,7353,689,0.093703250373997,0.0783733262264697,3758620.890814382,3515.688400092485,education_binary,higher
2023_25_education_binary_higher,OTHER_CANCER,7353,858,0.11668706650346797,0.09615557292822664,3756068.9129928537,3513.5738422406635,education_binary,higher
2023_25_education_binary_higher,COPD,7364,375,0.05092341118957089,0.04658459106216975,3760229.2136403117,3515.3806495606905,education_binary,higher
2023_25_education_binary_higher,DEPRESSIVE_DISORDER,7346,1642,0.22352300571739722,0.22374010194852634,3745938.2965888763,3504.097339201678,education_binary,higher
2023_25_education_binary_higher,KIDNEY_DISEASE,7355,273,0.037117607070020396,0.03396118523523936,3754035.772106098,3519.302857839723,education_binary,higher
2023_25_education_binary_higher,ARTHRITIS,7342,2088,0.2843911740670117,0.25499116168376124,3749067.4691424733,3507.6516709867824,education_binary,higher
2023_25_education_binary_higher,DIABETES,7381,659,0.08928329494648421,0.0809708304178698,3765155.7601312865,3526.93579402362,education_binary,higher
2023_26_education_binary_lower,ISCHEMIC_HEART_DISEASE,2804,334,0.11911554921540657,0.08052134160260484,2991021.3810786903,1497.662452765915,education_binary,lower
2023_26_education_binary_lower,STROKE,2853,180,0.06309148264984227,0.04434171234975193,3031908.2393706017,1516.7933882059065,education_binary,lower
2023_26_education_binary_lower,CURRENT_ASTHMA,2828,314,0.11103253182461104,0.10867311500984983,3006169.6093433457,1504.0163440539977,education_binary,lower
2023_26_education_binary_lower,SKIN_CANCER,2845,178,0.06256590509666081,0.035813897897300793,3028572.676320419,1512.677576318167,education_binary,lower
2023_26_education_binary_lower,OTHER_CANCER,2845,338,0.118804920913884,0.0828540034818298,3029916.9554303675,1513.2823385432557,education_binary,lower
2023_26_education_binary_lower,COPD,2850,434,0.15228070175438596,0.12063799226064313,3031560.131626725,1516.0505999230152,education_binary,lower
2023_26_education_binary_lower,DEPRESSIVE_DISORDER,2845,716,0.2516695957820738,0.2505576835652572,3024762.41334893,1513.059761130284,education_binary,lower
2023_26_education_binary_lower,KIDNEY_DISEASE,2849,186,0.06528606528606529,0.04883985824539525,3034240.718566743,1516.4600452966329,education_binary,lower
2023_26_education_binary_lower,ARTHRITIS,2845,1153,0.40527240773286466,0.30172734543401003,3022588.167328327,1514.7082476216517,education_binary,lower
2023_26_education_binary_lower,DIABETES,2855,474,0.1660245183887916,0.1404011223446998,3035697.685104048,1518.906016368342,education_binary,lower
2023_26_education_binary_higher,ISCHEMIC_HEART_DISEASE,6999,604,0.08629804257751107,0.0650074442641091,4861359.733297831,3712.1036372605004,education_binary,higher
2023_26_education_binary_higher,STROKE,7033,297,0.04222948954926774,0.0350108466917565,4877931.10163339,3732.5224823943745,education_binary,higher
2023_26_education_binary_higher,CURRENT_ASTHMA,6987,793,0.11349649348790611,0.11150884688160298,4836385.761995502,3704.1951033558216,education_binary,higher
2023_26_education_binary_higher,SKIN_CANCER,7015,661,0.09422665716322166,0.06309023853112185,4876555.178032147,3724.5530810456094,education_binary,higher
2023_26_education_binary_higher,OTHER_CANCER,7025,996,0.141779359430605,0.09939514097522378,4877144.605212623,3727.3923195391603,education_binary,higher
2023_26_education_binary_higher,COPD,7031,530,0.075380457971839,0.06545928359043181,4878768.728831671,3728.2054498936463,education_binary,higher
2023_26_education_binary_higher,DEPRESSIVE_DISORDER,7011,1596,0.22764227642276422,0.23689419323818825,4860599.452658812,3716.8370250501625,education_binary,higher
2023_26_education_binary_higher,KIDNEY_DISEASE,7031,361,0.05134404778836581,0.03805553950334098,4880604.434607061,3729.7550816386024,education_binary,higher
2023_26_education_binary_higher,ARTHRITIS,7023,2510,0.357397123736295,0.2930864721258675,4876923.902073939,3725.5909871553768,education_binary,higher
2023_26_education_binary_higher,DIABETES,7034,942,0.13392095535968154,0.11362184339757357,4877921.954903837,3729.461716547139,education_binary,higher
2023_27_education_binary_lower,ISCHEMIC_HEART_DISEASE,4091,417,0.10193106819848448,0.07099746780600134,1421761.7112077605,1904.773060248316,education_binary,lower
2023_27_education_binary_lower,STROKE,4140,213,0.05144927536231884,0.03574834547032705,1435216.2897297316,1930.7493932921084,education_binary,lower
2023_27_education_binary_lower,CURRENT_ASTHMA,4123,367,0.08901285471743876,0.08868455262229606,1430852.4341895685,1920.0454175459624,education_binary,lower
2023_27_education_binary_lower,SKIN_CANCER,4124,229,0.05552861299709021,0.04155512316494928,1431056.9208271704,1923.2453402624828,education_binary,lower
2023_27_education_binary_lower,OTHER_CANCER,4133,439,0.10621824340672635,0.07756796690954787,1434280.861324489,1926.5803301837668,education_binary,lower
2023_27_education_binary_lower,COPD,4133,362,0.08758770868618437,0.059965725159207436,1432186.5804756146,1930.6205047628387,education_binary,lower
2023_27_education_binary_lower,DEPRESSIVE_DISORDER,4115,891,0.21652490886998785,0.2353208595330844,1423353.015716671,1915.738574243154,education_binary,lower
2023_27_education_binary_lower,KIDNEY_DISEASE,4137,209,0.05051970026589316,0.03441951302515581,1436242.3642196036,1929.7278588869876,education_binary,lower
2023_27_education_binary_lower,ARTHRITIS,4119,1179,0.28623452294246177,0.21247392498175188,1427873.6805381486,1919.3985309904938,education_binary,lower
2023_27_education_binary_lower,DIABETES,4145,621,0.14981905910735827,0.11833205719970877,1433894.9846781038,1934.5824056341019,education_binary,lower
2023_27_education_binary_higher,ISCHEMIC_HEART_DISEASE,11838,825,0.06969082615306639,0.054283451826688395,2987916.46162159,5415.765996656481,education_binary,higher
2023_27_education_binary_higher,STROKE,11894,400,0.033630401883302505,0.02939180343447169,3002065.240477531,5388.552262521328,education_binary,higher
2023_27_education_binary_higher,CURRENT_ASTHMA,11842,1135,0.09584529640263469,0.10316468879242283,2992103.4179677265,5345.958276946682,education_binary,higher
2023_27_education_binary_higher,SKIN_CANCER,11862,948,0.07991906929691452,0.058571006082168885,2996564.3566342844,5359.656809983208,education_binary,higher
2023_27_education_binary_higher,OTHER_CANCER,11877,1399,0.11779068788414583,0.08616777777560015,3001281.536105449,5367.648217887156,education_binary,higher
2023_27_education_binary_higher,COPD,11886,559,0.04703011946828201,0.037712366356930434,3000961.53056071,5374.334830071982,education_binary,higher
2023_27_education_binary_higher,DEPRESSIVE_DISORDER,11864,2693,0.22698921105866487,0.2304781249319014,2994358.494521533,5375.581379522279,education_binary,higher
2023_27_education_binary_higher,KIDNEY_DISEASE,11885,513,0.04316365166175852,0.03506217250562237,3003049.0407586005,5373.474364676945,education_binary,higher
2023_27_education_binary_higher,ARTHRITIS,11865,3296,0.27779182469447955,0.2258948353190954,2997760.416887615,5362.727332155631,education_binary,higher
2023_27_education_binary_higher,DIABETES,11913,1334,0.11197851087047762,0.0987893905387589,3008227.1323842723,5386.907021653328,education_binary,higher
2023_28_education_binary_lower,ISCHEMIC_HEART_DISEASE,1332,136,0.1021021021021021,0.08522129018243088,1003535.4167332076,760.022904946239,education_binary,lower
2023_28_education_binary_lower,STROKE,1356,91,0.06710914454277286,0.060249742482005014,1018367.4059985854,773.6483066469809,education_binary,lower
2023_28_education_binary_lower,CURRENT_ASTHMA,1353,129,0.09534368070953436,0.07743915120368786,1015653.6538885653,771.2013413349582,education_binary,lower
2023_28_education_binary_lower,SKIN_CANCER,1349,43,0.03187546330615271,0.030197218853686324,1014516.4931993656,770.1174098992186,education_binary,lower
2023_28_education_binary_lower,OTHER_CANCER,1350,116,0.08592592592592592,0.09158232954847409,1013177.0177739728,769.1640921399609,education_binary,lower
2023_28_education_binary_lower,COPD,1352,151,0.11168639053254438,0.08871259928606387,1014735.0058677,769.6298088436458,education_binary,lower
2023_28_education_binary_lower,DEPRESSIVE_DISORDER,1355,242,0.17859778597785977,0.1636378927609646,1018860.5845211622,773.3592396987784,education_binary,lower
2023_28_education_binary_lower,KIDNEY_DISEASE,1352,59,0.04363905325443787,0.03761849560888441,1016968.56485203,771.3904880366633,education_binary,lower
2023_28_education_binary_lower,ARTHRITIS,1351,522,0.38638045891931905,0.3530764124896603,1016168.2695525875,770.3519329423314,education_binary,lower
2023_28_education_binary_lower,DIABETES,1354,280,0.206794682422452,0.19120050589527848,1017904.0973925793,772.6446527053788,education_binary,lower
2023_28_education_binary_higher,ISCHEMIC_HEART_DISEASE,2671,190,0.0711344065892924,0.06387955638148964,1247707.4046324927,1549.1405815626565,education_binary,higher
2023_28_education_binary_higher,STROKE,2686,126,0.04690990320178704,0.047276281869486826,1256944.968042543,1558.950191373313,education_binary,higher
2023_28_education_binary_higher,CURRENT_ASTHMA,2677,194,0.07246918192005977,0.06612132048979733,1252230.072512643,1552.1614746879222,education_binary,higher
2023_28_education_binary_higher,SKIN_CANCER,2680,188,0.07014925373134329,0.06679547640116604,1253482.1437528753,1554.3229960242224,education_binary,higher
2023_28_education_binary_higher,OTHER_CANCER,2683,241,0.08982482295937383,0.08400389104270692,1253961.416297458,1554.660521131696,education_binary,higher
2023_28_education_binary_higher,COPD,2683,190,0.07081625046589639,0.06582922946040187,1255316.6474615596,1555.4246266846758,education_binary,higher
2023_28_education_binary_higher,DEPRESSIVE_DISORDER,2681,511,0.1906005221932115,0.19400309529599513,1254257.9649655342,1554.9806908238345,education_binary,higher
2023_28_education_binary_higher,KIDNEY_DISEASE,2681,90,0.03356956359567326,0.03560007670454433,1251833.9655803824,1556.6769460854766,education_binary,higher
2023_28_education_binary_higher,ARTHRITIS,2676,810,0.30269058295964124,0.27777433560054837,1250612.1604892584,1551.5899418154113,education_binary,higher
2023_28_education_binary_higher,DIABETES,2687,398,0.14812058057312988,0.15143367627744814,1256238.5313076153,1557.4763186915986,education_binary,higher
2023_29_education_binary_lower,ISCHEMIC_HEART_DISEASE,2639,290,0.10989010989010989,0.08831154049252869,1933753.022027227,1286.336814472196,education_binary,lower
2023_29_education_binary_lower,STROKE,2671,190,0.0711344065892924,0.05319292023667829,1948354.7136087276,1296.88161811527,education_binary,lower
2023_29_education_binary_lower,CURRENT_ASTHMA,2653,298,0.11232566905390125,0.10199368399218815,1933357.3093645778,1288.2568560064128,education_binary,lower
2023_29_education_binary_lower,SKIN_CANCER,2663,187,0.07022155463762673,0.04956384291575375,1943546.4332560576,1294.698993191265,education_binary,lower
2023_29_education_binary_lower,OTHER_CANCER,2668,311,0.11656671664167916,0.07940806582539817,1947265.9531828472,1296.679047747391,education_binary,lower
2023_29_education_binary_lower,COPD,2664,395,0.14827327327327328,0.12190331740111401,1948906.4563503421,1296.4618197143152,education_binary,lower
2023_29_education_binary_lower,DEPRESSIVE_DISORDER,2665,636,0.23864915572232645,0.2426564907062226,1942163.155849508,1296.026190642551,education_binary,lower
2023_29_education_binary_lower,KIDNEY_DISEASE,2665,131,0.049155722326454036,0.038606238323531286,1943381.8063166626,1293.6467716785173,education_binary,lower
2023_29_education_binary_lower,ARTHRITIS,2666,1047,0.3927231807951988,0.3120598159903562,1947141.032898427,1294.8832875583764,education_binary,lower
2023_29_education_binary_lower,DIABETES,2672,455,0.17028443113772454,0.13953227397814802,1950267.7834351996,1298.6489680027187,education_binary,lower
2023_29_education_binary_higher,ISCHEMIC_HEART_DISEASE,4457,368,0.08256674893426072,0.0705092009498799,2860969.063059639,2324.830778098854,education_binary,higher
2023_29_education_binary_higher,STROKE,4497,203,0.04514120524794307,0.03900939475289325,2879664.950997728,2344.7499354544525,education_binary,higher
2023_29_education_binary_higher,CURRENT_ASTHMA,4470,431,0.09642058165548098,0.09703703876756894,2865603.727868054,2331.9342876768405,education_binary,higher
2023_29_education_binary_higher,SKIN_CANCER,4468,353,0.07900626678603402,0.06274600576828428,2867530.1746941623,2330.396599653538,education_binary,higher
2023_29_education_binary_higher,OTHER_CANCER,4479,496,0.11073900424201831,0.09022427442760347,2872743.4734236477,2337.543666245284,education_binary,higher
2023_29_education_binary_higher,COPD,4485,329,0.073355629877369,0.0602843824577901,2876289.6683851257,2341.1744455474036,education_binary,higher
2023_29_education_binary_higher,DEPRESSIVE_DISORDER,4480,982,0.21919642857142857,0.22433365995564566,2873199.661992327,2336.112772092336,education_binary,higher
2023_29_education_binary_higher,KIDNEY_DISEASE,4487,200,0.04457321149988857,0.03708148640569516,2878003.468368113,2342.8630936696377,education_binary,higher
2023_29_education_binary_higher,ARTHRITIS,4482,1470,0.3279785809906292,0.2767251562567428,2870074.524134974,2336.229399892742,education_binary,higher
2023_29_education_binary_higher,DIABETES,4499,607,0.13491887086019116,0.11303306759494576,2884280.441919797,2348.3802212479354,education_binary,higher
2023_30_education_binary_lower,ISCHEMIC_HEART_DISEASE,2058,206,0.1000971817298348,0.07289056021598515,317763.6656087702,1262.650372405999,education_binary,lower
2023_30_education_binary_lower,STROKE,2077,116,0.05584978334135773,0.04326485859531397,320733.6430971629,1277.3478907076526,education_binary,lower
2023_30_education_binary_lower,CURRENT_ASTHMA,2068,240,0.11605415860735009,0.12439488254407226,319252.897771187,1269.5606996381987,education_binary,lower
2023_30_education_binary_lower,SKIN_CANCER,2064,155,0.0750968992248062,0.04650342107870787,319940.3979609178,1271.645612263487,education_binary,lower
2023_30_education_binary_lower,OTHER_CANCER,2076,255,0.12283236994219653,0.09604955624858222,321054.9319826939,1279.2304379845737,education_binary,lower
2023_30_education_binary_lower,COPD,2067,221,0.1069182389937107,0.09160530553877202,319106.28889686987,1274.7344014367188,education_binary,lower
2023_30_education_binary_lower,DEPRESSIVE_DISORDER,2079,464,0.22318422318422318,0.25214739950828274,320650.02861718764,1279.533095892986,education_binary,lower
2023_30_education_binary_lower,KIDNEY_DISEASE,2081,92,0.044209514656415184,0.030283248236989305,321654.9246447538,1280.1144085148785,education_binary,lower
2023_30_education_binary_lower,ARTHRITIS,2076,779,0.37524084778420036,0.29302843296249104,320137.16711044713,1275.4254402133643,education_binary,lower
2023_30_education_binary_lower,DIABETES,2084,294,0.14107485604606526,0.09901869973466862,321890.23446664534,1281.948636703823,education_binary,lower
2023_30_education_binary_higher,ISCHEMIC_HEART_DISEASE,4995,399,0.07987987987987988,0.0546145597124373,576636.9642462885,2992.2714798019592,education_binary,higher
2023_30_education_binary_higher,STROKE,5016,200,0.03987240829346093,0.029158223273241943,577835.9004573519,3005.461769886655,education_binary,higher
2023_30_education_binary_higher,CURRENT_ASTHMA,4992,531,0.1063701923076923,0.112207400135219,574351.6004564642,2991.38211727655,education_binary,higher
2023_30_education_binary_higher,SKIN_CANCER,4996,515,0.10308246597277822,0.08315587031528283,576883.4556989382,2993.711295620723,education_binary,higher
2023_30_education_binary_higher,OTHER_CANCER,5005,668,0.13346653346653348,0.10955792983761599,576403.7577104943,2996.107348976466,education_binary,higher
2023_30_education_binary_higher,COPD,5007,351,0.0701018573996405,0.06240242099426062,577063.5744418661,2998.051902446995,education_binary,higher
2023_30_education_binary_higher,DEPRESSIVE_DISORDER,5015,1072,0.21375872382851446,0.24077404864083293,577263.1173567,3009.6605875039872,education_binary,higher
2023_30_education_binary_higher,KIDNEY_DISEASE,5018,203,0.04045436428856118,0.03243894115568411,578291.7773828539,3004.2212801985343,education_binary,higher
2023_30_education_binary_higher,ARTHRITIS,5002,1802,0.3602558976409436,0.29026011167023247,576554.7997694555,2997.145789304015,education_binary,higher
2023_30_education_binary_higher,DIABETES,5028,586,0.11654733492442323,0.092131477988727,578813.5467068215,3013.2926911555437,education_binary,higher
2023_31_education_binary_lower,ISCHEMIC_HEART_DISEASE,4498,413,0.09181858603823921,0.06988658197975925,522790.97071757313,2330.3595796897275,education_binary,lower
2023_31_education_binary_lower,STROKE,4541,181,0.03985906188064303,0.029826420850658023,526478.4513000271,2354.293107122247,education_binary,lower
2023_31_education_binary_lower,CURRENT_ASTHMA,4529,376,0.08302053433429013,0.07733166142889451,525217.8952417052,2345.944168002054,education_binary,lower
2023_31_education_binary_lower,SKIN_CANCER,4535,242,0.053362734288864386,0.03785932070310363,525174.550052206,2360.3999690728083,education_binary,lower
2023_31_education_binary_lower,OTHER_CANCER,4538,407,0.08968708682238871,0.061275077045832155,526478.4390918921,2353.029723300097,education_binary,lower
2023_31_education_binary_lower,COPD,4544,411,0.09044894366197183,0.07025657689317172,527033.9894411026,2356.407948614548,education_binary,lower
2023_31_education_binary_lower,DEPRESSIVE_DISORDER,4540,712,0.1568281938325991,0.17471410790957276,525703.2689984199,2353.219273678917,education_binary,lower
2023_31_education_binary_lower,KIDNEY_DISEASE,4497,169,0.03758060929508561,0.028497744126977316,521776.43982202164,2333.2381603426124,education_binary,lower
2023_31_education_binary_lower,ARTHRITIS,4531,1361,0.3003751931141028,0.23522699966893096,524627.4751433572,2345.942127131206,education_binary,lower
2023_31_education_binary_lower,DIABETES,4547,657,0.14449087310314493,0.11336599796718329,526455.0854039651,2362.754375244185,education_binary,lower
2023_31_education_binary_higher,ISCHEMIC_HEART_DISEASE,8246,594,0.07203492602473927,0.05143396148205039,972429.3938077445,4437.645103865129,education_binary,higher
2023_31_education_binary_higher,STROKE,8281,279,0.033691583142132595,0.026911581032274357,975482.0100712574,4453.32325937383,education_binary,higher
2023_31_education_binary_higher,CURRENT_ASTHMA,8258,706,0.08549285541293292,0.08882906840617665,973120.3008915202,4444.539269202811,education_binary,higher
2023_31_education_binary_higher,SKIN_CANCER,8256,608,0.07364341085271318,0.0574991705081706,973719.8733702415,4440.931590131615,education_binary,higher
2023_31_education_binary_higher,OTHER_CANCER,8272,978,0.11823017408123791,0.09179151192415998,974961.5455971227,4449.0940420865445,education_binary,higher
2023_31_education_binary_higher,COPD,8269,488,0.059015600435360985,0.046887204588442075,973735.1015612108,4447.737353049637,education_binary,higher
2023_31_education_binary_higher,DEPRESSIVE_DISORDER,8268,1379,0.16678761490082245,0.1821393410505434,972817.0585835974,4445.12857511462,education_binary,higher
2023_31_education_binary_higher,KIDNEY_DISEASE,8218,316,0.03845217814553419,0.03238912850755037,968841.3382171404,4426.120429798831,education_binary,higher
2023_31_education_binary_higher,ARTHRITIS,8263,2466,0.2984388236717899,0.24237033401626262,973016.0509263158,4443.601392101256,education_binary,higher
2023_31_education_binary_higher,DIABETES,8291,1005,0.12121577614280545,0.10169806210552818,976245.9822380767,4458.335169158908,education_binary,higher
2023_33_education_binary_lower,ISCHEMIC_HEART_DISEASE,1806,226,0.12513842746400886,0.07161474259159116,394798.3769362429,786.6715796634628,education_binary,lower
2023_33_education_binary_lower,STROKE,1819,119,0.06542056074766354,0.03558589414041422,398190.1393174942,790.6234624696434,education_binary,lower
2023_33_education_binary_lower,CURRENT_ASTHMA,1806,178,0.09856035437430787,0.12816744585706727,393943.4802716223,781.3597549317049,education_binary,lower
2023_33_education_binary_lower,SKIN_CANCER,1804,155,0.08592017738359202,0.044819460350457814,395992.3368197401,784.9004257772079,education_binary,lower
2023_33_education_binary_lower,OTHER_CANCER,1812,281,0.15507726269315672,0.09184886908328695,395677.9828720453,785.5441525440334,education_binary,lower
2023_33_education_binary_lower,COPD,1822,239,0.13117453347969266,0.10254163419123757,398292.2573416562,791.0008026251227,education_binary,lower
2023_33_education_binary_lower,DEPRESSIVE_DISORDER,1812,387,0.21357615894039736,0.23933622768790416,394711.97790373326,788.0076698733453,education_binary,lower
2023_33_education_binary_lower,KIDNEY_DISEASE,1824,103,0.05646929824561404,0.03237930439396229,398151.0275204732,791.2688688282229,education_binary,lower
2023_33_education_binary_lower,ARTHRITIS,1821,831,0.45634266886326197,0.32158003923967243,396295.31927411,794.4650443571721,education_binary,lower
2023_33_education_binary_lower,DIABETES,1827,346,0.1893814997263273,0.1437215365632453,398864.0891216858,792.8433761460683,education_binary,lower
2023_33_education_binary_higher,ISCHEMIC_HEART_DISEASE,5049,410,0.08120419885125768,0.04802226500922081,748546.8661784092,2182.772895035979,education_binary,higher
2023_33_education_binary_higher,STROKE,5079,193,0.03799960622169719,0.023103487094294054,751061.0691234317,2197.8646753316607,education_binary,higher
2023_33_education_binary_higher,CURRENT_ASTHMA,5054,520,0.10288880094974277,0.11215576131336509,746762.223422897,2193.652072504358,education_binary,higher
2023_33_education_binary_higher,SKIN_CANCER,5062,674,0.13314895298301066,0.07605848989816885,749569.7821275793,2187.042923926001,education_binary,higher
2023_33_education_binary_higher,OTHER_CANCER,5052,899,0.17794932699920823,0.10828909481903361,749389.4015569247,2184.459261929867,education_binary,higher
2023_33_education_binary_higher,COPD,5072,335,0.06604889589905363,0.05574704940379796,749533.6847708763,2192.529951788751,education_binary,higher
2023_33_education_binary_higher,DEPRESSIVE_DISORDER,5074,929,0.1830902640914466,0.21047889019149102,750205.0068583223,2192.4251146955767,education_binary,higher
2023_33_education_binary_higher,KIDNEY_DISEASE,5082,221,0.04348681621408894,0.027134152218603956,751489.1353760632,2198.7884660871323,education_binary,higher
2023_33_education_binary_higher,ARTHRITIS,5064,1997,0.3943522906793049,0.2666436347893249,748825.6480980214,2185.769916312324,education_binary,higher
2023_33_education_binary_higher,DIABETES,5085,532,0.10462143559488692,0.07329114239391812,751741.0992704765,2196.9303209063664,education_binary,higher
2023_34_education_binary_lower,ISCHEMIC_HEART_DISEASE,2437,205,0.08411981945014362,0.06097687076200272,2672051.2986104153,1320.866551977512,education_binary,lower
2023_34_education_binary_lower,STROKE,2468,101,0.04092382495948136,0.032179985458088,2699607.600998725,1340.0674724570663,education_binary,lower
2023_34_education_binary_lower,CURRENT_ASTHMA,2449,226,0.09228256431196406,0.09391385160273351,2670015.7775891,1340.3595020526911,education_binary,lower
2023_34_education_binary_lower,SKIN_CANCER,2461,109,0.04429093864282812,0.027879289832175327,2696055.390822138,1337.2382447727741,education_binary,lower
2023_34_education_binary_lower,OTHER_CANCER,2461,207,0.08411214953271028,0.057677756802984724,2694897.2269921857,1336.6853597188021,education_binary,lower
2023_34_education_binary_lower,COPD,2457,196,0.07977207977207977,0.05878234852839559,2685417.4083225178,1334.2061570432577,education_binary,lower
2023_34_education_binary_lower,DEPRESSIVE_DISORDER,2465,340,0.13793103448275862,0.13254047878588412,2695197.1276020007,1337.4425286575922,education_binary,lower
2023_34_education_binary_lower,KIDNEY_DISEASE,2461,128,0.05201137748882568,0.04638372655122279,2690244.6913226624,1334.3157085385997,education_binary,lower
2023_34_education_binary_lower,ARTHRITIS,2460,733,0.29796747967479675,0.23342665266023382,2690247.2320861565,1333.4317032557346,education_binary,lower
2023_34_education_binary_lower,DIABETES,2465,380,0.15415821501014199,0.13204107439488993,2690785.7233464145,1338.209529985381,education_binary,lower
2023_34_education_binary_higher,ISCHEMIC_HEART_DISEASE,6737,417,0.061896986789372124,0.043321549437590465,4608528.378938507,3072.3283849202985,education_binary,higher
2023_34_education_binary_higher,STROKE,6765,181,0.026755358462675537,0.019497519762112236,4626893.068823709,3082.072895833495,education_binary,higher
2023_34_education_binary_higher,CURRENT_ASTHMA,6741,537,0.0796617712505563,0.08141188349506766,4604043.447025714,3073.4469408109476,education_binary,higher
2023_34_education_binary_higher,SKIN_CANCER,6753,575,0.0851473419221087,0.050783302598404786,4621931.146229828,3077.2206565629976,education_binary,higher
2023_34_education_binary_higher,OTHER_CANCER,6751,744,0.11020589542290031,0.07625346839904515,4620157.871438695,3076.4705692044977,education_binary,higher
2023_34_education_binary_higher,COPD,6752,287,0.04250592417061611,0.03549175553320412,4620140.338115783,3075.8391266151366,education_binary,higher
2023_34_education_binary_higher,DEPRESSIVE_DISORDER,6750,943,0.1397037037037037,0.14256956601525603,4602896.727663456,3095.5812632590173,education_binary,higher
2023_34_education_binary_higher,KIDNEY_DISEASE,6759,245,0.03624796567539577,0.028883097840277986,4624558.833650246,3079.84490039998,education_binary,higher
2023_34_education_binary_higher,ARTHRITIS,6748,1823,0.27015411973918196,0.21321277164615832,4615426.6393832825,3078.3530090952527,education_binary,higher
2023_34_education_binary_higher,DIABETES,6768,716,0.1057919621749409,0.0889965567644335,4629822.065243963,3084.3741313009536,education_binary,higher
2023_35_education_binary_lower,ISCHEMIC_HEART_DISEASE,1114,101,0.09066427289048475,0.06062911656228643,678883.6966304348,497.1504052332741,education_binary,lower
2023_35_education_binary_lower,STROKE,1126,54,0.047957371225577264,0.0322463716943192,683908.2267393167,502.7369378970478,education_binary,lower
2023_35_education_binary_lower,CURRENT_ASTHMA,1122,88,0.0784313725490196,0.07899224095200126,680395.3081731305,499.56962471064014,education_binary,lower
2023_35_education_binary_lower,SKIN_CANCER,1124,43,0.03825622775800712,0.022735449853246322,682557.4194693052,501.23977234024517,education_binary,lower
2023_35_education_binary_lower,OTHER_CANCER,1127,87,0.0771960958296362,0.05607646884955611,682361.311242418,501.87131352142245,education_binary,lower
2023_35_education_binary_lower,COPD,1120,89,0.07946428571428571,0.04916942125738546,679225.9097488924,497.73036381861306,education_binary,lower
2023_35_education_binary_lower,DEPRESSIVE_DISORDER,1124,243,0.21619217081850534,0.23019308579167508,678903.3263298867,499.11298345281966,education_binary,lower
2023_35_education_binary_lower,KIDNEY_DISEASE,1125,52,0.04622222222222222,0.03434865190378938,683749.7814008073,502.53020808800704,education_binary,lower
2023_35_education_binary_lower,ARTHRITIS,1124,356,0.3167259786476868,0.2446532242512595,681955.9657642666,500.53110537999663,education_binary,lower
2023_35_education_binary_lower,DIABETES,1127,208,0.18456078083407276,0.15511245382211905,681986.1623395311,500.9491191150434,education_binary,lower
2023_35_education_binary_higher,ISCHEMIC_HEART_DISEASE,2060,188,0.0912621359223301,0.06471366310662911,970995.4294255702,850.6141245208844,education_binary,higher
2023_35_education_binary_higher,STROKE,2070,82,0.03961352657004831,0.04040315945069487,970794.9189281212,850.9458715569571,education_binary,higher
2023_35_education_binary_higher,CURRENT_ASTHMA,2062,227,0.11008729388942774,0.11068124046048577,967359.902552759,847.2337794798361,education_binary,higher
2023_35_education_binary_higher,SKIN_CANCER,2067,202,0.09772617319787132,0.06450096856760064,971118.0835701186,851.0528709453696,education_binary,higher
2023_35_education_binary_higher,OTHER_CANCER,2068,241,0.1165377176015474,0.09278216422100269,970508.8070911434,851.2658136749507,education_binary,higher
2023_35_education_binary_higher,COPD,2074,145,0.0699132111861138,0.04965245462973592,973339.6383549474,854.0534197529794,education_binary,higher
2023_35_education_binary_higher,DEPRESSIVE_DISORDER,2061,439,0.21300339640950994,0.23095945971538867,961678.9556917754,845.2101175756859,education_binary,higher
2023_35_education_binary_higher,KIDNEY_DISEASE,2069,104,0.05026582890285162,0.04259508319590156,973542.5016427597,854.2695781125494,education_binary,higher
2023_35_education_binary_higher,ARTHRITIS,2066,729,0.3528557599225557,0.27335746595507077,969542.6944887295,849.8042021043651,education_binary,higher
2023_35_education_binary_higher,DIABETES,2077,283,0.1362542128069331,0.10433606491612489,974031.9093815759,855.095482805874,education_binary,higher
2023_36_education_binary_lower,ISCHEMIC_HEART_DISEASE,5112,449,0.08783255086071988,0.08209260799307876,5871376.149992244,2292.4704569466808,education_binary,lower
2023_36_education_binary_lower,STROKE,5179,205,0.0395829310677737,0.037728826242622894,5934006.4111865945,2324.2908361973787,education_binary,lower
2023_36_education_binary_lower,CURRENT_ASTHMA,5150,585,0.11359223300970873,0.10822266654803507,5892625.444843939,2309.6899404919714,education_binary,lower
2023_36_education_binary_lower,SKIN_CANCER,5166,166,0.03213317847464189,0.024948478184914382,5938124.767411816,2320.089779204898,education_binary,lower
2023_36_education_binary_lower,OTHER_CANCER,5162,405,0.07845796203022085,0.0607331470333963,5934548.687712923,2317.90981918086,education_binary,lower
2023_36_education_binary_lower,COPD,5155,469,0.09097963142580019,0.07155856498097443,5907205.057500761,2317.742624159592,education_binary,lower
2023_36_education_binary_lower,DEPRESSIVE_DISORDER,5151,834,0.1619103086779266,0.15599136430372512,5907290.775680643,2317.270179363561,education_binary,lower
2023_36_education_binary_lower,KIDNEY_DISEASE,5175,237,0.04579710144927536,0.0381723294063305,5943608.468977977,2323.212210366939,education_binary,lower
2023_36_education_binary_lower,ARTHRITIS,5157,1511,0.2929998060888113,0.23805256884662615,5923646.7882286655,2312.4887039893088,education_binary,lower
2023_36_education_binary_lower,DIABETES,5180,819,0.1581081081081081,0.13743098552293695,5938924.371485159,2334.2617097971315,education_binary,lower
2023_36_education_binary_higher,ISCHEMIC_HEART_DISEASE,11903,690,0.05796857934974376,0.04788739753307341,9617270.083028978,4918.517244677477,education_binary,higher
2023_36_education_binary_higher,STROKE,11976,302,0.025217100868403473,0.023750309181064466,9691619.51342109,4945.362410353516,education_binary,higher
2023_36_education_binary_higher,CURRENT_ASTHMA,11903,1172,0.0984625724607242,0.0941877836129638,9633158.35883258,4911.431917770193,education_binary,higher
2023_36_education_binary_higher,SKIN_CANCER,11947,793,0.06637649619151251,0.046573197006021465,9665521.843209406,4933.2411227815965,education_binary,higher
2023_36_education_binary_higher,OTHER_CANCER,11958,1250,0.10453253052349891,0.08692980026417906,9673309.479246806,4935.925751071955,education_binary,higher
2023_36_education_binary_higher,COPD,11953,581,0.048607044256671963,0.03889502406046452,9669281.87514853,4932.65749158208,education_binary,higher
2023_36_education_binary_higher,DEPRESSIVE_DISORDER,11928,2078,0.17421193829644535,0.16992949631667986,9640100.37769286,4950.023239698637,education_binary,higher
2023_36_education_binary_higher,KIDNEY_DISEASE,11972,359,0.029986635482793185,0.024810843821798535,9689765.354966022,4943.776283089186,education_binary,higher
2023_36_education_binary_higher,ARTHRITIS,11940,3184,0.26666666666666666,0.2304034065202223,9662145.377781395,4926.010820438879,education_binary,higher
2023_36_education_binary_higher,DIABETES,11978,1200,0.10018367006177993,0.08676290703823339,9683793.071717817,4947.2226928776345,education_binary,higher
2023_37_education_binary_lower,ISCHEMIC_HEART_DISEASE,1199,128,0.1067556296914095,0.09980986767077954,3221029.171156612,602.6705058040658,education_binary,lower
2023_37_education_binary_lower,STROKE,1210,72,0.05950413223140496,0.05232349636294494,3245297.138442821,608.1658766367984,education_binary,lower
2023_37_education_binary_lower,CURRENT_ASTHMA,1206,138,0.11442786069651742,0.10326990881700675,3225445.598670031,604.9940163042082,education_binary,lower
2023_37_education_binary_lower,SKIN_CANCER,1207,56,0.0463960231980116,0.04175338612351384,3239194.057437771,606.2260600456876,education_binary,lower
2023_37_education_binary_lower,OTHER_CANCER,1210,97,0.08016528925619834,0.06069261147641178,3234887.438253709,608.8535052113755,education_binary,lower
2023_37_education_binary_lower,COPD,1204,124,0.10299003322259136,0.08274787863718445,3226679.4188544764,604.1930916638465,education_binary,lower
2023_37_education_binary_lower,DEPRESSIVE_DISORDER,1208,268,0.22185430463576158,0.23284862081440355,3224560.9350470123,607.3722370877523,education_binary,lower
2023_37_education_binary_lower,KIDNEY_DISEASE,1211,55,0.04541701073492981,0.040402753028190165,3247101.934670261,608.6383317066201,education_binary,lower
2023_37_education_binary_lower,ARTHRITIS,1208,410,0.3394039735099338,0.27380602703790413,3236718.816705255,607.3248247481021,education_binary,lower
2023_37_education_binary_lower,DIABETES,1212,202,0.16666666666666666,0.1379693200726727,3245193.444244746,608.402775441546,education_binary,lower
2023_37_education_binary_higher,ISCHEMIC_HEART_DISEASE,2840,197,0.0693661971830986,0.059275535501507444,5276155.825204916,1476.663843437396,education_binary,higher
2023_37_education_binary_higher,STROKE,2846,95,0.03338018271257906,0.03056890791749151,5284775.900111398,1479.8567502403123,education_binary,higher
2023_37_education_binary_higher,CURRENT_ASTHMA,2841,299,0.1052446321717705,0.09851736122614596,5272661.949323325,1476.16084963145,education_binary,higher
2023_37_education_binary_higher,SKIN_CANCER,2839,225,0.07925325818950335,0.0681738018776097,5268438.696992343,1474.390942352819,education_binary,higher
2023_37_education_binary_higher,OTHER_CANCER,2843,300,0.10552233556102708,0.09155589145077446,5280482.660111545,1478.1576902571999,education_binary,higher
2023_37_education_binary_higher,COPD,2847,196,0.0688443976115209,0.061813166948857814,5278168.224030694,1479.1418457528787,education_binary,higher
2023_37_education_binary_higher,DEPRESSIVE_DISORDER,2836,660,0.23272214386459802,0.22930432591358033,5267243.1475899555,1473.1408307078555,education_binary,higher
2023_37_education_binary_higher,KIDNEY_DISEASE,2840,128,0.04507042253521127,0.03656554745970311,5275265.509577382,1476.1974024208173,education_binary,higher
2023_37_education_binary_higher,ARTHRITIS,2838,887,0.31254404510218464,0.27132297527488924,5271452.184016475,1475.3476992321741,education_binary,higher
2023_37_education_binary_higher,DIABETES,2847,371,0.13031260976466455,0.11520704527408254,5281949.593603309,1479.3165147271254,education_binary,higher
2023_38_education_binary_lower,ISCHEMIC_HEART_DISEASE,1595,161,0.10094043887147336,0.07270433348202014,200833.66339747506,905.4236161124995,education_binary,lower
2023_38_education_binary_lower,STROKE,1608,75,0.04664179104477612,0.032039112941447005,202645.97323047207,914.4790587883286,education_binary,lower
2023_38_education_binary_lower,CURRENT_ASTHMA,1605,159,0.09906542056074766,0.12186723388949437,202157.4683650093,911.4625248741175,education_binary,lower
2023_38_education_binary_lower,SKIN_CANCER,1609,103,0.06401491609695463,0.03892457278824667,202932.74838504515,915.2771392801795,education_binary,lower
2023_38_education_binary_lower,OTHER_CANCER,1609,188,0.11684275947793661,0.07633656618521611,202662.02253185114,914.1459632733782,education_binary,lower
2023_38_education_binary_lower,COPD,1612,156,0.0967741935483871,0.06817380997301999,202821.21774863073,916.5960557550003,education_binary,lower
2023_38_education_binary_lower,DEPRESSIVE_DISORDER,1612,303,0.1879652605459057,0.24415751584288192,202575.3060381055,916.0720424910409,education_binary,lower
2023_38_education_binary_lower,KIDNEY_DISEASE,1611,83,0.051520794537554315,0.0388947240113166,202938.04902589123,916.1495475117961,education_binary,lower
2023_38_education_binary_lower,ARTHRITIS,1611,599,0.3718187461204221,0.2733890295795422,202339.14385937774,914.5811278175717,education_binary,lower
2023_38_education_binary_lower,DIABETES,1618,242,0.14956736711990112,0.09608411908085063,203581.37331757814,919.887739749558,education_binary,lower
2023_38_education_binary_higher,ISCHEMIC_HEART_DISEASE,4081,334,0.08184268561627052,0.057700340172372876,399999.5797211879,2544.734347392004,education_binary,higher
2023_38_education_binary_higher,STROKE,4098,133,0.032454856027330406,0.02232181490697531,400762.45372381195,2554.6033910323354,education_binary,higher
2023_38_education_binary_higher,CURRENT_ASTHMA,4078,367,0.08999509563511525,0.09142252702975626,398257.47602444893,2540.2259206860385,education_binary,higher
2023_38_education_binary_higher,SKIN_CANCER,4090,308,0.07530562347188265,0.05138548063404875,400213.0017976729,2550.829075151842,education_binary,higher
2023_38_education_binary_higher,OTHER_CANCER,4090,473,0.1156479217603912,0.08082973056916225,400100.3334450616,2550.138969655255,education_binary,higher
2023_38_education_binary_higher,COPD,4094,215,0.052515876893014166,0.04339060149962086,400778.1120877013,2552.4145612409993,education_binary,higher
2023_38_education_binary_higher,DEPRESSIVE_DISORDER,4093,745,0.18201807964817981,0.21197429999157172,400190.8960820519,2552.400642077732,education_binary,higher
2023_38_education_binary_higher,KIDNEY_DISEASE,4097,177,0.043202343177935074,0.035210865208689233,401143.99591466726,2555.76753142296,education_binary,higher
2023_38_education_binary_higher,ARTHRITIS,4086,1342,0.32843857072931965,0.25317921938631754,399931.19077979657,2545.9281969817075,education_binary,higher
2023_38_education_binary_higher,DIABETES,4101,482,0.11753230919287978,0.09534297053258547,401267.3789776792,2556.955944450324,education_binary,higher
2023_39_education_binary_lower,ISCHEMIC_HEART_DISEASE,4824,644,0.13349917081260365,0.09418338020735585,3916011.046681894,2129.3337711279296,education_binary,lower
2023_39_education_binary_lower,STROKE,4875,340,0.06974358974358974,0.05227888650734061,3944145.0894782348,2150.43917861787,education_binary,lower
2023_39_education_binary_lower,CURRENT_ASTHMA,4842,561,0.11586121437422553,0.12101956576437078,3918272.3008424533,2133.393573685111,education_binary,lower
2023_39_education_binary_lower,SKIN_CANCER,4856,355,0.07310543657331137,0.0446971512425645,3933097.4811847294,2141.287373004837,education_binary,lower
2023_39_education_binary_lower,OTHER_CANCER,4858,609,0.12536023054755044,0.0791529464369731,3932011.110612729,2143.256982957759,education_binary,lower
2023_39_education_binary_lower,COPD,4870,762,0.1564681724845996,0.11480743169669563,3937753.9925349024,2146.4246944230676,education_binary,lower
2023_39_education_binary_lower,DEPRESSIVE_DISORDER,4844,1205,0.24876135425268373,0.26851791842335226,3914694.9696177477,2131.854588798955,education_binary,lower
2023_39_education_binary_lower,KIDNEY_DISEASE,4868,351,0.07210353327855382,0.051933641428515795,3939519.295155397,2146.7537422108176,education_binary,lower
2023_39_education_binary_lower,ARTHRITIS,4855,2048,0.42183316168898044,0.3147949804166796,3924309.723850672,2139.701819338893,education_binary,lower
2023_39_education_binary_lower,DIABETES,4880,937,0.19200819672131147,0.14483195501827173,3942079.7497791946,2153.2663195571363,education_binary,lower
2023_39_education_binary_higher,ISCHEMIC_HEART_DISEASE,8370,736,0.08793309438470728,0.05956538047403584,5232424.099487788,4284.728020102481,education_binary,higher
2023_39_education_binary_higher,STROKE,8400,327,0.03892857142857143,0.028419756368978182,5262885.891780263,4276.205274460632,education_binary,higher
2023_39_education_binary_higher,CURRENT_ASTHMA,8364,861,0.10294117647058823,0.10129872652229295,5226170.434805536,4282.791356720988,education_binary,higher
2023_39_education_binary_higher,SKIN_CANCER,8384,750,0.08945610687022901,0.05699163201149476,5247971.116106804,4263.791642478834,education_binary,higher
2023_39_education_binary_higher,OTHER_CANCER,8392,1094,0.1303622497616778,0.09236329698993963,5256866.28484962,4269.879764721192,education_binary,higher
2023_39_education_binary_higher,COPD,8407,610,0.07255858213393601,0.052399959707603416,5263944.469405682,4277.66358553378,education_binary,higher
2023_39_education_binary_higher,DEPRESSIVE_DISORDER,8391,1915,0.22822071266833513,0.2372254851790899,5251119.802523381,4268.0833887719355,education_binary,higher
2023_39_education_binary_higher,KIDNEY_DISEASE,8402,447,0.05320161866222328,0.04274420162201896,5264398.768154527,4276.254252178978,education_binary,higher
2023_39_education_binary_higher,ARTHRITIS,8394,3090,0.36812008577555394,0.29318115154185237,5254180.349312366,4270.269981617281,education_binary,higher
2023_39_education_binary_higher,DIABETES,8414,1297,0.15414784882338958,0.12196609225474477,5268180.546240327,4280.362497392926,education_binary,higher
2023_40_education_binary_lower,ISCHEMIC_HEART_DISEASE,2128,215,0.10103383458646617,0.08284372246002847,1338139.766921086,1462.3515424086384,education_binary,lower
2023_40_education_binary_lower,STROKE,2158,117,0.05421686746987952,0.04592008464250379,1354888.183032739,1487.36686268817,education_binary,lower
2023_40_education_binary_lower,CURRENT_ASTHMA,2153,250,0.1161170459823502,0.11878091464927525,1354661.767464222,1476.4631001723637,education_binary,lower
2023_40_education_binary_lower,SKIN_CANCER,2154,133,0.061745589600742806,0.03975343953528209,1356731.9402170633,1481.5273988235447,education_binary,lower
2023_40_education_binary_lower,OTHER_CANCER,2158,193,0.08943466172381835,0.06426721900241245,1360227.3409411064,1481.6389179662674,education_binary,lower
2023_40_education_binary_lower,COPD,2154,248,0.11513463324048283,0.09662919367777605,1357088.3240323607,1478.5011972779978,education_binary,lower
2023_40_education_binary_lower,DEPRESSIVE_DISORDER,2152,503,0.2337360594795539,0.2438744546359998,1353679.2322029625,1476.0499632170556,education_binary,lower
2023_40_education_binary_lower,KIDNEY_DISEASE,2153,100,0.046446818392940084,0.040924826220207225,1358240.9665780093,1479.0969651056314,education_binary,lower
2023_40_education_binary_lower,ARTHRITIS,2144,734,0.3423507462686567,0.28390535319055293,1349866.293383431,1469.269695397774,education_binary,lower
2023_40_education_binary_lower,DIABETES,2162,329,0.15217391304347827,0.12448039312547259,1354853.693993781,1489.0643335469103,education_binary,lower
2023_40_education_binary_higher,ISCHEMIC_HEART_DISEASE,4456,437,0.09807001795332136,0.07449208321546381,1718223.2875662306,3129.9419386162444,education_binary,higher
2023_40_education_binary_higher,STROKE,4506,186,0.041278295605858856,0.03311279735881618,1731976.3754425533,3163.470935458446,education_binary,higher
2023_40_education_binary_higher,CURRENT_ASTHMA,4460,506,0.11345291479820628,0.10928226680200517,1714295.1036263825,3131.7123324174,education_binary,higher
2023_40_education_binary_higher,SKIN_CANCER,4484,403,0.08987511150758251,0.06778399718119159,1724579.1889373474,3147.635149190597,education_binary,higher
2023_40_education_binary_higher,OTHER_CANCER,4503,511,0.11347990228736397,0.08767092850204355,1730517.2615878365,3160.6258590165435,education_binary,higher
2023_40_education_binary_higher,COPD,4499,352,0.07823960880195599,0.06479605997791342,1729809.962330257,3158.7301077882667,education_binary,higher
2023_40_education_binary_higher,DEPRESSIVE_DISORDER,4487,1091,0.24314686873189215,0.25639917975414867,1726293.0958630797,3150.259481972056,education_binary,higher
2023_40_education_binary_higher,KIDNEY_DISEASE,4497,222,0.049366244162775186,0.041568454674449196,1730624.0252340082,3159.6811377157287,education_binary,higher
2023_40_education_binary_higher,ARTHRITIS,4484,1567,0.3494647636039251,0.29661018741499,1719565.002875657,3152.9512696112242,education_binary,higher
2023_40_education_binary_higher,DIABETES,4514,665,0.1473194505981391,0.12367214337025595,1733566.0385034434,3167.515879198728,education_binary,higher
2023_41_education_binary_lower,ISCHEMIC_HEART_DISEASE,1625,127,0.07815384615384616,0.06467608744723746,1122335.3697476184,921.9779533631346,education_binary,lower
2023_41_education_binary_lower,STROKE,1648,74,0.044902912621359224,0.0344888635735166,1137647.9437538637,933.5843810398565,education_binary,lower
2023_41_education_binary_lower,CURRENT_ASTHMA,1626,210,0.12915129151291513,0.11485764028211105,1119770.9514463716,935.5694143638235,education_binary,lower
2023_41_education_binary_lower,SKIN_CANCER,1640,77,0.04695121951219512,0.03441717365563146,1133948.8234167052,929.1434581562478,education_binary,lower
2023_41_education_binary_lower,OTHER_CANCER,1642,161,0.09805115712545676,0.08113246804693827,1134004.4921743548,930.8179043408131,education_binary,lower
2023_41_education_binary_lower,COPD,1639,171,0.10433190970103721,0.07966661259148074,1133928.684487658,929.4530516601982,education_binary,lower
2023_41_education_binary_lower,DEPRESSIVE_DISORDER,1637,420,0.2565668906536347,0.24636460544877714,1131012.801179491,927.4766130504759,education_binary,lower
2023_41_education_binary_lower,KIDNEY_DISEASE,1641,80,0.04875076173065204,0.040133985151317685,1134118.0761032393,929.8297961544259,education_binary,lower
2023_41_education_binary_lower,ARTHRITIS,1641,509,0.3101767215112736,0.2512150867800528,1133838.0132773605,928.8854188391958,education_binary,lower
2023_41_education_binary_lower,DIABETES,1647,233,0.14146933819064966,0.1230202871534751,1137448.6160348146,933.122758924786,education_binary,lower
2023_41_education_binary_higher,ISCHEMIC_HEART_DISEASE,4519,336,0.07435273290551007,0.06105649077039842,2256147.3098321054,2547.092416820348,education_binary,higher
2023_41_education_binary_higher,STROKE,4536,165,0.036375661375661374,0.03151600218938895,2272194.7353341356,2534.536147289452,education_binary,higher
2023_41_education_binary_higher,CURRENT_ASTHMA,4510,582,0.12904656319290467,0.11926804359122273,2258008.500887327,2515.779167233474,education_binary,higher
2023_41_education_binary_higher,SKIN_CANCER,4515,490,0.10852713178294573,0.08473663251234226,2263444.549028255,2522.351975111338,education_binary,higher
2023_41_education_binary_higher,OTHER_CANCER,4511,575,0.1274661937486145,0.10943435378352497,2262252.5570655754,2521.695568990832,education_binary,higher
2023_41_education_binary_higher,COPD,4534,279,0.06153506837229819,0.05937384382950095,2268440.4519337974,2533.038303040131,education_binary,higher
2023_41_education_binary_higher,DEPRESSIVE_DISORDER,4521,1190,0.26321610263216105,0.26446679250155025,2264289.5831240853,2524.6163292574415,education_binary,higher
2023_41_education_binary_higher,KIDNEY_DISEASE,4537,178,0.039232973330394535,0.03598114277212971,2273787.2950643753,2537.9215342260077,education_binary,higher
2023_41_education_binary_higher,ARTHRITIS,4516,1482,0.3281665190434012,0.28879760808972416,2255203.85880678,2533.28826643242,education_binary,higher
2023_41_education_binary_higher,DIABETES,4548,525,0.11543535620052771,0.10094748277910383,2275966.0943250377,2540.6804680031128,education_binary,higher
2023_44_education_binary_lower,ISCHEMIC_HEART_DISEASE,1605,169,0.10529595015576323,0.08160292981817226,341232.2635869562,815.4770020037639,education_binary,lower
2023_44_education_binary_lower,STROKE,1625,88,0.05415384615384616,0.036630324703587555,347723.37721411005,819.1335895409944,education_binary,lower
2023_44_education_binary_lower,CURRENT_ASTHMA,1615,215,0.13312693498452013,0.12224399075919372,344634.82681642915,818.2020285257012,education_binary,lower
2023_44_education_binary_lower,SKIN_CANCER,1621,85,0.05243676742751388,0.04052552071818998,346752.1167740838,815.8981468457597,education_binary,lower
2023_44_education_binary_lower,OTHER_CANCER,1622,154,0.09494451294697903,0.072583154497068,346759.63805011014,816.080385105028,education_binary,lower
2023_44_education_binary_lower,COPD,1622,177,0.1091245376078915,0.0839705480132438,346955.16964940366,816.588715574445,education_binary,lower
2023_44_education_binary_lower,DEPRESSIVE_DISORDER,1620,381,0.2351851851851852,0.22987084371088723,342114.1892514984,824.9120800983169,education_binary,lower
2023_44_education_binary_lower,KIDNEY_DISEASE,1620,85,0.05246913580246913,0.05056147597784729,346503.8797214562,815.0352424083309,education_binary,lower
2023_44_education_binary_lower,ARTHRITIS,1618,533,0.32941903584672433,0.2553290724853087,346497.1232684696,815.0072925253821,education_binary,lower
2023_44_education_binary_lower,DIABETES,1626,300,0.18450184501845018,0.1429197832860289,347597.86409717926,818.9264919321455,education_binary,lower
2023_44_education_binary_higher,ISCHEMIC_HEART_DISEASE,4079,299,0.07330227997058103,0.06138818967799923,539944.911318186,1812.9019839011414,education_binary,higher
2023_44_education_binary_higher,STROKE,4098,119,0.029038555392874574,0.023442426869438353,541268.2750058479,1820.3221467585233,education_binary,higher
2023_44_education_binary_higher,CURRENT_ASTHMA,4088,473,0.11570450097847358,0.12172616118334338,540453.7688955325,1815.6258552799509,education_binary,higher
2023_44_education_binary_higher,SKIN_CANCER,4082,460,0.11268985791278785,0.07514997258701246,539704.8437416296,1813.6106528516489,education_binary,higher
2023_44_education_binary_higher,OTHER_CANCER,4086,524,0.1282427802251591,0.08914907979513752,539590.2298856262,1813.4509964915906,education_binary,higher
2023_44_education_binary_higher,COPD,4093,262,0.06401172733935988,0.05512256368358186,540527.4479936935,1817.264974492078,education_binary,higher
2023_44_education_binary_higher,DEPRESSIVE_DISORDER,4087,828,0.2025935894298997,0.2092296369821011,539015.6445932504,1820.5813761729903,education_binary,higher
2023_44_education_binary_higher,KIDNEY_DISEASE,4096,143,0.034912109375,0.027208255421546354,540899.5105881055,1818.7015337535693,education_binary,higher
2023_44_education_binary_higher,ARTHRITIS,4090,1310,0.3202933985330073,0.26776479557760036,539619.7822860955,1827.581808046779,education_binary,higher
2023_44_education_binary_higher,DIABETES,4102,462,0.11262798634812286,0.10085865728327939,541769.1330585307,1822.3679534060204,education_binary,higher
2023_45_education_binary_lower,ISCHEMIC_HEART_DISEASE,3211,385,0.11990034257240735,0.0915059815484469,1705116.27007332,1575.923402092826,education_binary,lower
2023_45_education_binary_lower,STROKE,3266,243,0.07440293937538273,0.06143119234376784,1725673.972429018,1603.0906524053848,education_binary,lower
2023_45_education_binary_lower,CURRENT_ASTHMA,3247,329,0.10132429935324916,0.11506758071094313,1712296.5119362762,1592.383468215035,education_binary,lower
2023_45_education_binary_lower,SKIN_CANCER,3250,249,0.07661538461538461,0.05470817897427704,1719230.5941616807,1594.9739178295638,education_binary,lower
2023_45_education_binary_lower,OTHER_CANCER,3256,376,0.11547911547911548,0.08569003866186647,1718953.6059442135,1599.5491417133726,education_binary,lower
2023_45_education_binary_lower,COPD,3250,421,0.12953846153846155,0.10464494694474501,1715504.1343643505,1595.430135463764,education_binary,lower
2023_45_education_binary_lower,DEPRESSIVE_DISORDER,3253,659,0.20258223178604365,0.22066679248401586,1718727.067135903,1596.6733662805218,education_binary,lower
2023_45_education_binary_lower,KIDNEY_DISEASE,3258,221,0.0678330263965623,0.054523624056761213,1723083.9034089197,1599.8158147762497,education_binary,lower
2023_45_education_binary_lower,ARTHRITIS,3251,1343,0.4131036604121809,0.31087091597486705,1719611.4177696044,1597.0291769278556,education_binary,lower
2023_45_education_binary_lower,DIABETES,3266,757,0.23178199632578078,0.1809511733766008,1725099.036634286,1602.7896599723144,education_binary,lower
2023_45_education_binary_higher,ISCHEMIC_HEART_DISEASE,6638,547,0.08240433865622175,0.06361196343059806,2485438.9636224154,3433.171101365736,education_binary,higher
2023_45_education_binary_higher,STROKE,6678,284,0.042527702905061394,0.03365502864021413,2501379.3472404154,3436.649623707377,education_binary,higher
2023_45_education_binary_higher,CURRENT_ASTHMA,6644,518,0.07796508127633955,0.06915254402448191,2485674.7661350807,3424.347316446814,education_binary,higher
2023_45_education_binary_higher,SKIN_CANCER,6660,839,0.12597597597597598,0.08485054938218191,2494232.922303941,3432.762323078407,education_binary,higher
2023_45_education_binary_higher,OTHER_CANCER,6671,967,0.14495577874381652,0.10366879525416575,2497662.908937861,3434.674500672509,education_binary,higher
2023_45_education_binary_higher,COPD,6669,482,0.07227470385365123,0.05869283033299273,2492676.1163983988,3428.129378503175,education_binary,higher
2023_45_education_binary_higher,DEPRESSIVE_DISORDER,6660,1299,0.19504504504504505,0.21629206559802053,2490874.8785536718,3421.229651836172,education_binary,higher
2023_45_education_binary_higher,KIDNEY_DISEASE,6663,337,0.050577817799789884,0.03952684025542731,2497226.4327582736,3428.3874382124877,education_binary,higher
2023_45_education_binary_higher,ARTHRITIS,6669,2405,0.36062378167641324,0.28570706578189353,2495470.780761998,3434.1854789092395,education_binary,higher
2023_45_education_binary_higher,DIABETES,6685,1024,0.15317875841436052,0.1266657883851132,2501823.640297255,3440.518672013856,education_binary,higher
2023_46_education_binary_lower,ISCHEMIC_HEART_DISEASE,1785,204,0.11428571428571428,0.07454406502146702,271549.9572164557,337.27028543331437,education_binary,lower
2023_46_education_binary_lower,STROKE,1806,107,0.0592469545957918,0.04181514175442052,273218.1107961235,341.0519439256523,education_binary,lower
2023_46_education_binary_lower,CURRENT_ASTHMA,1794,191,0.1064659977703456,0.11291898850426073,270607.2559913323,337.75287570454543,education_binary,lower
2023_46_education_binary_lower,SKIN_CANCER,1794,130,0.07246376811594203,0.04393486952882619,271015.5092418995,336.7197293734991,education_binary,lower
2023_46_education_binary_lower,OTHER_CANCER,1793,219,0.12214166201896264,0.07154887736788143,271724.748272324,337.8538846923402,education_binary,lower
2023_46_education_binary_lower,COPD,1788,180,0.10067114093959731,0.07207928294833026,268919.8857537374,335.42499035582233,education_binary,lower
2023_46_education_binary_lower,DEPRESSIVE_DISORDER,1787,325,0.18186905428091774,0.25254435086645927,270112.357036025,335.163761818329,education_binary,lower
2023_46_education_binary_lower,KIDNEY_DISEASE,1800,91,0.050555555555555555,0.04973819963692763,270883.1169269396,339.86790390160553,education_binary,lower
2023_46_education_binary_lower,ARTHRITIS,1786,629,0.35218365061590146,0.2903339435014129,270898.46978920704,335.94663183880624,education_binary,lower
2023_46_education_binary_lower,DIABETES,1806,317,0.17552602436323367,0.13957461608603405,273108.71386449214,340.7962811019816,education_binary,lower
2023_46_education_binary_higher,ISCHEMIC_HEART_DISEASE,4011,365,0.09099975068561456,0.0599847604734252,424989.90510277863,710.2147405530736,education_binary,higher
2023_46_education_binary_higher,STROKE,4038,201,0.04977711738484398,0.028349114462490308,427330.21993685904,710.5618570016651,education_binary,higher
2023_46_education_binary_higher,CURRENT_ASTHMA,4021,363,0.09027605073364835,0.08761850825697547,425951.087052226,706.8640771017992,education_binary,higher
2023_46_education_binary_higher,SKIN_CANCER,4024,377,0.09368787276341949,0.057404521376656484,424815.6866683896,709.9961111417538,education_binary,higher
2023_46_education_binary_higher,OTHER_CANCER,4023,564,0.1401938851603281,0.09678999339998262,426860.9777140341,709.2275153171141,education_binary,higher
2023_46_education_binary_higher,COPD,4039,272,0.06734340183213666,0.05802238620489911,426988.2161794916,709.9232267435427,education_binary,higher
2023_46_education_binary_higher,DEPRESSIVE_DISORDER,4022,750,0.18647439085032322,0.21753359409929027,424695.90475679305,706.7368315892435,education_binary,higher
2023_46_education_binary_higher,KIDNEY_DISEASE,4038,192,0.0475482912332838,0.024545172011606105,427472.2454745007,710.9739764082357,education_binary,higher
2023_46_education_binary_higher,ARTHRITIS,4031,1330,0.32994294219796577,0.2442956518853929,427251.606988223,710.2690579655132,education_binary,higher
2023_46_education_binary_higher,DIABETES,4044,597,0.1476261127596439,0.10419412732499687,426918.1627242265,710.1429134441856,education_binary,higher
2023_47_education_binary_lower,ISCHEMIC_HEART_DISEASE,2043,282,0.13803230543318648,0.11407898479701954,2406027.250004362,1061.9939250054815,education_binary,lower
2023_47_education_binary_lower,STROKE,2077,181,0.08714492055849783,0.06489249285837073,2436045.5196725526,1079.6962309070875,education_binary,lower
2023_47_education_binary_lower,CURRENT_ASTHMA,2065,255,0.1234866828087167,0.11512916697940065,2432634.2809172813,1070.1899800496572,education_binary,lower
2023_47_education_binary_lower,SKIN_CANCER,2071,167,0.08063737324963785,0.06069040621921833,2439811.1307213865,1078.664866973227,education_binary,lower
2023_47_education_binary_lower,OTHER_CANCER,2077,225,0.10832932113625421,0.08895894113530504,2445034.4734160462,1076.8372677128739,education_binary,lower
2023_47_education_binary_lower,COPD,2072,354,0.17084942084942084,0.14834330459367018,2438993.719016585,1075.9217643017705,education_binary,lower
2023_47_education_binary_lower,DEPRESSIVE_DISORDER,2073,612,0.2952243125904486,0.2930139259247688,2430457.904831467,1073.3909158737176,education_binary,lower
2023_47_education_binary_lower,KIDNEY_DISEASE,2072,152,0.07335907335907337,0.05808158806882034,2438429.409037058,1074.274518093333,education_binary,lower
2023_47_education_binary_lower,ARTHRITIS,2078,881,0.4239653512993263,0.362208919776419,2444438.263987286,1077.0638129779425,education_binary,lower
2023_47_education_binary_lower,DIABETES,2085,429,0.20575539568345325,0.16262672493246602,2452448.680062885,1082.2609944626665,education_binary,lower
2023_47_education_binary_higher,ISCHEMIC_HEART_DISEASE,3490,277,0.07936962750716332,0.06602287072798534,3117721.1064946144,1906.5864788075571,education_binary,higher
2023_47_education_binary_higher,STROKE,3518,146,0.041500852757248435,0.037345219254184873,3137647.1607637084,1920.9386377417134,education_binary,higher
2023_47_education_binary_higher,CURRENT_ASTHMA,3488,342,0.09805045871559633,0.10710259488059859,3116467.136916632,1904.3651366836873,education_binary,higher
2023_47_education_binary_higher,SKIN_CANCER,3511,336,0.09569923098832242,0.06452302601190406,3132078.7511546775,1916.8525858162607,education_binary,higher
2023_47_education_binary_higher,OTHER_CANCER,3513,399,0.11357813834329633,0.08712490058921918,3131972.2600775184,1918.0824278808125,education_binary,higher
2023_47_education_binary_higher,COPD,3509,275,0.07836990595611286,0.06722283099780069,3128033.1522970563,1915.7339410705965,education_binary,higher
2023_47_education_binary_higher,DEPRESSIVE_DISORDER,3498,908,0.259576901086335,0.2578421615202027,3118253.0882621165,1907.7661941158494,education_binary,higher
2023_47_education_binary_higher,KIDNEY_DISEASE,3514,158,0.04496300512236767,0.042408635504743566,3131374.532528578,1917.737936061882,education_binary,higher
2023_47_education_binary_higher,ARTHRITIS,3508,1215,0.34635119726339797,0.308129722464091,3128885.702025368,1914.1292016620273,education_binary,higher
2023_47_education_binary_higher,DIABETES,3524,519,0.14727582292849034,0.1303841306167406,3141041.1184395654,1923.8724375298568,education_binary,higher
2023_48_education_binary_lower,ISCHEMIC_HEART_DISEASE,3151,294,0.09330371310695018,0.06297377738217803,9527123.447983883,1031.710230136334,education_binary,lower
2023_48_education_binary_lower,STROKE,3187,159,0.04989017885158456,0.03464553062027094,9598091.868142309,1039.4233474011364,education_binary,lower
2023_48_education_binary_lower,CURRENT_ASTHMA,3176,314,0.09886649874055416,0.0843867759059096,9551477.346487068,1037.5274580735522,education_binary,lower
2023_48_education_binary_lower,SKIN_CANCER,3190,128,0.04012539184952978,0.03149327181162231,9600002.836779578,1040.4736992489723,education_binary,lower
2023_48_education_binary_lower,OTHER_CANCER,3189,206,0.06459705236751333,0.0462142524150753,9600698.498688929,1040.2489553977505,education_binary,lower
2023_48_education_binary_lower,COPD,3186,284,0.08913998744507219,0.06479872847017612,9606887.201278213,1040.4805888020776,education_binary,lower
2023_48_education_binary_lower,DEPRESSIVE_DISORDER,3178,676,0.21271239773442416,0.2022781156235482,9531619.87136119,1036.942113885333,education_binary,lower
2023_48_education_binary_lower,KIDNEY_DISEASE,3185,218,0.0684458398744113,0.04279730998968666,9610282.523996424,1040.0838798110083,education_binary,lower
2023_48_education_binary_lower,ARTHRITIS,3191,950,0.2977123158884362,0.20392322794699755,9607922.855277548,1040.8726762906601,education_binary,lower
2023_48_education_binary_lower,DIABETES,3196,639,0.1999374217772215,0.15028253508041853,9620108.097720852,1043.753645749039,education_binary,lower
2023_48_education_binary_higher,ISCHEMIC_HEART_DISEASE,6739,464,0.06885294554088144,0.046442689191259726,13525048.247063033,1977.9993313558798,education_binary,higher
2023_48_education_binary_higher,STROKE,6767,255,0.03768287276488843,0.03096913347366955,13567289.077039374,1985.897266513728,education_binary,higher
2023_48_education_binary_higher,CURRENT_ASTHMA,6748,610,0.09039715471250741,0.08319265579554772,13581853.946063207,1982.1199844626472,education_binary,higher
2023_48_education_binary_higher,SKIN_CANCER,6746,547,0.08108508745923511,0.04704190781555387,13553956.25273423,1980.901910105629,education_binary,higher
2023_48_education_binary_higher,OTHER_CANCER,6758,687,0.10165729505770939,0.06341741250452887,13596947.752937775,1986.086767421319,education_binary,higher
2023_48_education_binary_higher,COPD,6756,398,0.05891059798697454,0.04102586959146262,13557167.306408593,1982.270380368113,education_binary,higher
2023_48_education_binary_higher,DEPRESSIVE_DISORDER,6750,1338,0.19822222222222222,0.19359467213017484,13559353.522655291,1979.86735130971,education_binary,higher
2023_48_education_binary_higher,KIDNEY_DISEASE,6762,314,0.046435965690624074,0.028817358124530963,13553211.384772385,2004.0673159023893,education_binary,higher
2023_48_education_binary_higher,ARTHRITIS,6753,1875,0.27765437583296315,0.21431087354208936,13565697.910650054,1983.0072490276948,education_binary,higher
2023_48_education_binary_higher,DIABETES,6768,880,0.13002364066193853,0.11010738815877905,13581087.12295049,1986.9012544191057,education_binary,higher
2023_49_education_binary_lower,ISCHEMIC_HEART_DISEASE,3325,219,0.06586466165413533,0.04695152488607397,796292.5153352857,1853.5118900787513,education_binary,lower
2023_49_education_binary_lower,STROKE,3358,118,0.03513996426444312,0.028240006030214176,803611.168626007,1869.2887018599201,education_binary,lower
2023_49_education_binary_lower,CURRENT_ASTHMA,3341,344,0.10296318467524693,0.10223141462879358,796825.8527143181,1863.6765869689975,education_binary,lower
2023_49_education_binary_lower,SKIN_CANCER,3347,210,0.0627427547057066,0.03970687223755493,799976.202460394,1865.1638653850691,education_binary,lower
2023_49_education_binary_lower,OTHER_CANCER,3358,305,0.0908278737343657,0.06165705088610134,803237.4924259316,1870.06915169531,education_binary,lower
2023_49_education_binary_lower,COPD,3342,229,0.06852184320766008,0.04419559982206013,801030.0862014862,1862.107627568637,education_binary,lower
2023_49_education_binary_lower,DEPRESSIVE_DISORDER,3349,844,0.25201552702299196,0.2665801266241951,801255.4644533688,1864.4578447077856,education_binary,lower
2023_49_education_binary_lower,KIDNEY_DISEASE,3356,136,0.04052443384982122,0.03124359228783391,804452.706646401,1871.5927566329392,education_binary,lower
2023_49_education_binary_lower,ARTHRITIS,3349,902,0.2693341295909227,0.19343443471734767,802078.6445461749,1864.2790697745743,education_binary,lower
2023_49_education_binary_lower,DIABETES,3360,407,0.12113095238095238,0.09391740570720875,803242.7262076007,1871.0792668347026,education_binary,lower
2023_49_education_binary_higher,ISCHEMIC_HEART_DISEASE,7655,468,0.06113651208360549,0.042807697921913045,1663735.0086205602,4133.506935415645,education_binary,higher
2023_49_education_binary_higher,STROKE,7693,243,0.03158715715585597,0.02131527581639756,1669029.3138764645,4166.749290479803,education_binary,higher
2023_49_education_binary_higher,CURRENT_ASTHMA,7650,805,0.10522875816993464,0.11420290827736465,1661019.8821530493,4115.108652900061,education_binary,higher
2023_49_education_binary_higher,SKIN_CANCER,7658,810,0.10577174196918256,0.07176556121267659,1664604.036838936,4130.201841528278,education_binary,higher
2023_49_education_binary_higher,OTHER_CANCER,7678,899,0.11708778327689502,0.08930247120822303,1669763.3748357587,4142.603877575046,education_binary,higher
2023_49_education_binary_higher,COPD,7696,316,0.04106029106029106,0.03392708246777659,1671339.4046867397,4148.192372576509,education_binary,higher
2023_49_education_binary_higher,DEPRESSIVE_DISORDER,7688,1851,0.24076482830385015,0.2582148238360678,1669173.391909098,4142.160805556922,education_binary,higher
2023_49_education_binary_higher,KIDNEY_DISEASE,7692,361,0.046931877275091,0.031185144919941767,1671247.5207075272,4145.130728302309,education_binary,higher
2023_49_education_binary_higher,ARTHRITIS,7684,2208,0.28735033836543467,0.23409304476602286,1667265.9162885263,4137.779960347696,education_binary,higher
2023_49_education_binary_higher,DIABETES,7709,758,0.09832663121027371,0.07052618445256124,1673468.428629573,4152.032123866447,education_binary,higher
2023_50_education_binary_lower,ISCHEMIC_HEART_DISEASE,1751,196,0.11193603655054254,0.08273801892876186,182210.42067073495,766.1380823966794,education_binary,lower
2023_50_education_binary_lower,STROKE,1773,109,0.06147772137619854,0.04650846380430941,184810.21992470938,778.0751829649394,education_binary,lower
2023_50_education_binary_lower,CURRENT_ASTHMA,1758,231,0.13139931740614336,0.12433178545719485,182752.16878147033,769.8809187853976,education_binary,lower
2023_50_education_binary_lower,SKIN_CANCER,1764,120,0.06802721088435375,0.06102730215654141,184558.97016012424,775.4281529620986,education_binary,lower
2023_50_education_binary_lower,OTHER_CANCER,1767,217,0.12280701754385964,0.10143067349492708,184298.01323909604,775.93297405206,education_binary,lower
2023_50_education_binary_lower,COPD,1769,240,0.13566986998304126,0.10249103711158132,184648.1308271253,776.4464539820186,education_binary,lower
2023_50_education_binary_lower,DEPRESSIVE_DISORDER,1770,448,0.25310734463276835,0.26379016959603185,184898.76901985344,777.860293444022,education_binary,lower
2023_50_education_binary_lower,KIDNEY_DISEASE,1769,73,0.041266252119841716,0.038290338407667844,184737.8048650022,777.0024410103567,education_binary,lower
2023_50_education_binary_lower,ARTHRITIS,1766,685,0.38788221970554926,0.31906122883741406,184468.83711043117,775.0808981314258,education_binary,lower
2023_50_education_binary_lower,DIABETES,1773,260,0.14664410603496897,0.12411697510776569,184922.61240309078,778.3496102542922,education_binary,lower
2023_50_education_binary_higher,ISCHEMIC_HEART_DISEASE,5801,347,0.05981727288398552,0.047928540177420646,346492.1374885179,2893.9130736941074,education_binary,higher
2023_50_education_binary_higher,STROKE,5829,171,0.029336078229541946,0.020367536179563755,348941.27638755087,2900.175922921637,education_binary,higher
2023_50_education_binary_higher,CURRENT_ASTHMA,5790,606,0.10466321243523316,0.10521928512124677,346507.4571546065,2874.157016302301,education_binary,higher
2023_50_education_binary_higher,SKIN_CANCER,5804,620,0.10682288077188146,0.0759442603453395,347838.3850118605,2888.366533101507,education_binary,higher
2023_50_education_binary_higher,OTHER_CANCER,5807,799,0.13759256070260031,0.1040876586910435,347980.50556186045,2889.0163570598625,education_binary,higher
2023_50_education_binary_higher,COPD,5819,275,0.04725897920604915,0.04436373707058417,348292.5268034103,2895.108258125177,education_binary,higher
2023_50_education_binary_higher,DEPRESSIVE_DISORDER,5811,1379,0.23730855274479434,0.2554304814495605,347014.473899335,2893.104997065126,education_binary,higher
2023_50_education_binary_higher,KIDNEY_DISEASE,5825,185,0.03175965665236052,0.027074331089368436,348596.4170702201,2896.973438261824,education_binary,higher
2023_50_education_binary_higher,ARTHRITIS,5813,1933,0.33253053500774127,0.2669220826035121,347970.198763929,2889.716841283034,education_binary,higher
2023_50_education_binary_higher,DIABETES,5832,487,0.0835048010973937,0.07721155932683542,349021.34669727297,2901.383325525213,education_binary,higher
2023_51_education_binary_lower,ISCHEMIC_HEART_DISEASE,1844,259,0.14045553145336226,0.0837239206656143,2384976.0384983914,831.6704843283028,education_binary,lower
2023_51_education_binary_lower,STROKE,1865,143,0.07667560321715818,0.04912792106684029,2391853.118540871,837.4308157980805,education_binary,lower
2023_51_education_binary_lower,CURRENT_ASTHMA,1857,204,0.1098546042003231,0.09196648681481749,2378924.341907755,831.3741444690512,education_binary,lower
2023_51_education_binary_lower,SKIN_CANCER,1863,149,0.07997852925389157,0.041693248733594604,2395882.1863973644,837.5269724591369,education_binary,lower
2023_51_education_binary_lower,OTHER_CANCER,1865,216,0.11581769436997319,0.06994796720632632,2400362.41537997,839.4299614814136,education_binary,lower
2023_51_education_binary_lower,COPD,1861,273,0.14669532509403546,0.10779506894203986,2391029.6891572564,836.3902451406673,education_binary,lower
2023_51_education_binary_lower,DEPRESSIVE_DISORDER,1861,402,0.21601289629231596,0.2088670634946819,2389686.5031926604,835.0468652522272,education_binary,lower
2023_51_education_binary_lower,KIDNEY_DISEASE,1868,144,0.07708779443254818,0.04532125123921457,2402757.6400053,840.9962885496477,education_binary,lower
2023_51_education_binary_lower,ARTHRITIS,1862,803,0.4312567132116004,0.2786539502193944,2385382.127087539,841.6515831613061,education_binary,lower
2023_51_education_binary_lower,DIABETES,1873,432,0.23064602242391885,0.15224512638762963,2403970.6755406563,841.9371233159892,education_binary,lower
2023_51_education_binary_higher,ISCHEMIC_HEART_DISEASE,5036,434,0.08617950754567116,0.06316950961704511,4476145.980039481,2216.5245960926827,education_binary,higher
2023_51_education_binary_higher,STROKE,5059,248,0.04902154576003163,0.030623981104566586,4483280.058615193,2224.246555784525,education_binary,higher
2023_51_education_binary_higher,CURRENT_ASTHMA,5033,520,0.10331810053645937,0.10742697799447862,4454151.076403957,2212.697333569925,education_binary,higher
2023_51_education_binary_higher,SKIN_CANCER,5027,572,0.1137855579868709,0.06432283847016963,4461730.600058656,2209.8916202528662,education_binary,higher
2023_51_education_binary_higher,OTHER_CANCER,5044,666,0.13203806502775575,0.08735966465275494,4466921.460633468,2217.4564966447906,education_binary,higher
2023_51_education_binary_higher,COPD,5053,328,0.0649119335048486,0.04850750206423654,4472190.896530248,2218.427331110532,education_binary,higher
2023_51_education_binary_higher,DEPRESSIVE_DISORDER,5040,1003,0.1990079365079365,0.2023139424248427,4462525.338992983,2211.0436583425503,education_binary,higher
2023_51_education_binary_higher,KIDNEY_DISEASE,5051,274,0.054246683824985154,0.04076837859770899,4473943.169890715,2220.411345552514,education_binary,higher
2023_51_education_binary_higher,ARTHRITIS,5046,1803,0.3573127229488704,0.2665183670241881,4470262.666278224,2216.013802526683,education_binary,higher
2023_51_education_binary_higher,DIABETES,5058,722,0.14274416765519968,0.10053342410548727,4483037.490685431,2222.6717133641027,education_binary,higher
2023_53_education_binary_lower,ISCHEMIC_HEART_DISEASE,6577,540,0.0821043028736506,0.05732768980873352,1976399.01611176,3820.070781024934,education_binary,lower
2023_53_education_binary_lower,STROKE,6635,295,0.044461190655614165,0.03139068736781045,1996058.4779000957,3850.9178230255343,education_binary,lower
2023_53_education_binary_lower,CURRENT_ASTHMA,6610,707,0.10695915279878972,0.10211612333746348,1984375.9907091556,3830.593544801316,education_binary,lower
2023_53_education_binary_lower,SKIN_CANCER,6628,380,0.057332528666264336,0.03394555803635118,1994043.3162472318,3847.1957205647964,education_binary,lower
2023_53_education_binary_lower,OTHER_CANCER,6635,608,0.09163526752072344,0.06122689817889204,1997123.6343030012,3854.3942715504254,education_binary,lower
2023_53_education_binary_lower,COPD,6634,559,0.08426288815194453,0.05451874476036842,1993231.13680093,3848.2996995317776,education_binary,lower
2023_53_education_binary_lower,DEPRESSIVE_DISORDER,6620,1485,0.2243202416918429,0.22854920446858973,1988139.7133394259,3844.6867057470563,education_binary,lower
2023_53_education_binary_lower,KIDNEY_DISEASE,6642,279,0.04200542005420054,0.034194105014187993,1996762.1502510207,3854.2979503636993,education_binary,lower
2023_53_education_binary_lower,ARTHRITIS,6624,1968,0.2971014492753623,0.21228151034959833,1993868.5746502308,3845.7556352620754,education_binary,lower
2023_53_education_binary_lower,DIABETES,6652,917,0.1378532772098617,0.10633249108539095,1998955.7357903095,3859.503747255666,education_binary,lower
2023_53_education_binary_higher,ISCHEMIC_HEART_DISEASE,19475,1277,0.06557124518613607,0.04955469245122281,4155107.4981053565,11063.31065583577,education_binary,higher
2023_53_education_binary_higher,STROKE,19536,616,0.03153153153153153,0.024616370447476173,4170083.7778192167,11107.73574104075,education_binary,higher
2023_53_education_binary_higher,CURRENT_ASTHMA,19439,2087,0.10736148978856937,0.10978684646596878,4144172.2027109237,11045.40549652636,education_binary,higher
2023_53_education_binary_higher,SKIN_CANCER,19490,1873,0.0961005643919959,0.06397170628735936,4164628.749368665,11087.719723824948,education_binary,higher
2023_53_education_binary_higher,OTHER_CANCER,19506,2438,0.12498718343073927,0.09261375471960646,4165623.567673037,11092.43820869936,education_binary,higher
2023_53_education_binary_higher,COPD,19511,942,0.048280457178002154,0.0403970279575837,4161239.778399082,11089.131768285713,education_binary,higher
2023_53_education_binary_higher,DEPRESSIVE_DISORDER,19497,4678,0.23993434887418577,0.244199207510473,4157593.8665789915,11083.613278001601,education_binary,higher
2023_53_education_binary_higher,KIDNEY_DISEASE,19535,851,0.04356283593550039,0.03255742459703597,4167264.2220424633,11103.7857689035,education_binary,higher
2023_53_education_binary_higher,ARTHRITIS,19496,6293,0.3227841608535084,0.25959011141408717,4155661.2826083507,11078.482170675048,education_binary,higher
2023_53_education_binary_higher,DIABETES,19565,2013,0.10288780986455405,0.09110908923419377,4173171.375506878,11126.563473538637,education_binary,higher
2023_54_education_binary_lower,ISCHEMIC_HEART_DISEASE,1640,267,0.1628048780487805,0.12647457773719314,715222.8611799278,1174.644373690873,education_binary,lower
2023_54_education_binary_lower,STROKE,1666,132,0.07923169267707082,0.0646598521651278,724662.8731460511,1195.6932041624689,education_binary,lower
2023_54_education_binary_lower,CURRENT_ASTHMA,1655,237,0.143202416918429,0.1509491738019548,719666.668637607,1184.244090211421,education_binary,lower
2023_54_education_binary_lower,SKIN_CANCER,1655,151,0.09123867069486405,0.06691825433515539,721500.6426942049,1185.4862285529496,education_binary,lower
2023_54_education_binary_lower,OTHER_CANCER,1662,237,0.14259927797833935,0.11311095885548658,724144.895046755,1189.920055373349,education_binary,lower
2023_54_education_binary_lower,COPD,1668,328,0.19664268585131894,0.16203813327323452,724275.6791264443,1196.9866615926933,education_binary,lower
2023_54_education_binary_lower,DEPRESSIVE_DISORDER,1662,518,0.31167268351383876,0.3322892665645078,721571.6762735251,1191.9432543372982,education_binary,lower
2023_54_education_binary_lower,KIDNEY_DISEASE,1668,131,0.07853717026378897,0.059197385140596026,726181.2399320578,1194.6393201489543,education_binary,lower
2023_54_education_binary_lower,ARTHRITIS,1664,876,0.5264423076923077,0.4374908107766598,724372.1713638501,1192.6662752183265,education_binary,lower
2023_54_education_binary_lower,DIABETES,1672,428,0.25598086124401914,0.2168611038263496,727586.9866438191,1198.2961195964633,education_binary,lower
2023_54_education_binary_higher,ISCHEMIC_HEART_DISEASE,2625,294,0.112,0.09041068251215442,686520.1568489742,1850.2975410036331,education_binary,higher
2023_54_education_binary_higher,STROKE,2649,124,0.046810117025292565,0.038159154922820696,691909.3993693271,1865.3040622394121,education_binary,higher
2023_54_education_binary_higher,CURRENT_ASTHMA,2632,321,0.12196048632218845,0.1274469653536116,688077.4211097667,1852.5385256232976,education_binary,higher
2023_54_education_binary_higher,SKIN_CANCER,2640,264,0.1,0.0693230833582551,690326.4178443507,1858.0175522638608,education_binary,higher
2023_54_education_binary_higher,OTHER_CANCER,2643,330,0.12485811577752554,0.09093018354730874,691398.6609855355,1861.269273610212,education_binary,higher
2023_54_education_binary_higher,COPD,2646,263,0.09939531368102797,0.08891345751796369,692021.3225599222,1863.3440644581399,education_binary,higher
2023_54_education_binary_higher,DEPRESSIVE_DISORDER,2643,716,0.2709042754445706,0.28993569778188766,688174.419329288,1863.2938177105682,education_binary,higher
2023_54_education_binary_higher,KIDNEY_DISEASE,2649,156,0.05889014722536806,0.04540991273170835,692088.5585336647,1863.8516818061837,education_binary,higher
2023_54_education_binary_higher,ARTHRITIS,2645,1150,0.43478260869565216,0.3539521523369382,691174.5600064902,1860.9805177557926,education_binary,higher
2023_54_education_binary_higher,DIABETES,2652,457,0.17232277526395173,0.1445799799892894,693126.6927566207,1867.3629564415562,education_binary,higher
2023_55_education_binary_lower,ISCHEMIC_HEART_DISEASE,3946,484,0.12265585402939685,0.08419971494175216,1780099.608152577,1957.236204523278,education_binary,lower
2023_55_education_binary_lower,STROKE,4000,233,0.05825,0.04189633290779586,1797447.7940105256,1982.4217517381305,education_binary,lower
2023_55_education_binary_lower,CURRENT_ASTHMA,3971,432,0.10878871820700076,0.10743111491401965,1784873.4934389922,1966.413878371638,education_binary,lower
2023_55_education_binary_lower,SKIN_CANCER,3990,260,0.06516290726817042,0.042051917567957904,1797457.304940735,1981.6195910370666,education_binary,lower
2023_55_education_binary_lower,OTHER_CANCER,3990,511,0.1280701754385965,0.08148173266770029,1795115.3524152383,1980.0458193135944,education_binary,lower
2023_55_education_binary_lower,COPD,3992,466,0.11673346693386774,0.08032696516907425,1794328.5615809436,1980.673179167708,education_binary,lower
2023_55_education_binary_lower,DEPRESSIVE_DISORDER,3987,797,0.199899673940306,0.2237593685672547,1787269.8219607463,1976.6232871248874,education_binary,lower
2023_55_education_binary_lower,KIDNEY_DISEASE,3986,245,0.06146512794781736,0.04416203322591162,1795532.058357161,1978.059145963062,education_binary,lower
2023_55_education_binary_lower,ARTHRITIS,3984,1572,0.39457831325301207,0.2730141760245241,1791285.859599119,1972.880767938353,education_binary,lower
2023_55_education_binary_lower,DIABETES,4004,688,0.17182817182817184,0.11848837448892446,1797690.9923352553,1984.701133635182,education_binary,lower
2023_55_education_binary_higher,ISCHEMIC_HEART_DISEASE,8668,793,0.09148592524227042,0.060221480499279334,2844000.7752450937,4397.269770042527,education_binary,higher
2023_55_education_binary_higher,STROKE,8726,398,0.0456108182443273,0.030572709748231498,2857921.401871419,4426.159656819469,education_binary,higher
2023_55_education_binary_higher,CURRENT_ASTHMA,8676,908,0.10465652374366068,0.11000122733837132,2841310.9797003395,4402.5046228537085,education_binary,higher
2023_55_education_binary_higher,SKIN_CANCER,8706,796,0.0914311968757179,0.0607684675774387,2851582.8520609685,4416.586801051268,education_binary,higher
2023_55_education_binary_higher,OTHER_CANCER,8720,1121,0.12855504587155964,0.0914270008077393,2858189.165184135,4425.449941469702,education_binary,higher
2023_55_education_binary_higher,COPD,8725,571,0.06544412607449857,0.04761955858958505,2858622.9669579756,4428.405257554186,education_binary,higher
2023_55_education_binary_higher,DEPRESSIVE_DISORDER,8712,1774,0.20362718089990817,0.22789410139062405,2853358.064019093,4422.889247676238,education_binary,higher
2023_55_education_binary_higher,KIDNEY_DISEASE,8710,442,0.050746268656716415,0.035118865357928644,2855368.11554408,4419.512624471446,education_binary,higher
2023_55_education_binary_higher,ARTHRITIS,8713,3118,0.3578560771261334,0.26422003425505314,2856693.86910443,4423.609752781121,education_binary,higher
2023_55_education_binary_higher,DIABETES,8740,1269,0.14519450800915332,0.10837246381328623,2861861.434231123,4434.782796134993,education_binary,higher
2023_56_education_binary_lower,ISCHEMIC_HEART_DISEASE,1269,130,0.1024428684003152,0.07033051803485169,161152.7324802395,811.3319725276153,education_binary,lower
2023_56_education_binary_lower,STROKE,1282,84,0.0655226209048362,0.04446112684843225,161923.21540321084,816.5714137351562,education_binary,lower
2023_56_education_binary_lower,CURRENT_ASTHMA,1276,104,0.08150470219435736,0.0840773658846187,160673.60542272855,814.7728816713417,education_binary,lower
2023_56_education_binary_lower,SKIN_CANCER,1277,92,0.07204385277995301,0.038129396106774516,161839.71595811762,814.2277861343634,education_binary,lower
2023_56_education_binary_lower,OTHER_CANCER,1282,142,0.11076443057722309,0.07341463478466775,161879.88705250065,817.1996196977896,education_binary,lower
2023_56_education_binary_lower,COPD,1278,139,0.10876369327073553,0.09272496688061474,161432.54567377962,813.5606762029402,education_binary,lower
2023_56_education_binary_lower,DEPRESSIVE_DISORDER,1279,233,0.1821735731039875,0.21265524549897583,161751.14315160306,813.6370194407183,education_binary,lower
2023_56_education_binary_lower,KIDNEY_DISEASE,1279,60,0.04691164972634871,0.032239279176944545,161913.10232556082,814.3190490925663,education_binary,lower
2023_56_education_binary_lower,ARTHRITIS,1280,433,0.33828125,0.25666146438167486,161936.41456858627,815.0815932990839,education_binary,lower
2023_56_education_binary_lower,DIABETES,1283,209,0.16289945440374123,0.11925932616545201,162377.63301395875,817.6714511810477,education_binary,lower
2023_56_education_binary_higher,ISCHEMIC_HEART_DISEASE,3150,303,0.09619047619047619,0.06482859761271544,285308.7408906169,1849.0552453281834,education_binary,higher
2023_56_education_binary_higher,STROKE,3172,131,0.04129886506935687,0.02724574516058015,286588.5335205089,1859.047295584858,education_binary,higher
2023_56_education_binary_higher,CURRENT_ASTHMA,3154,311,0.09860494610019023,0.1091148825903484,285112.9975282074,1848.1101853187656,education_binary,higher
2023_56_education_binary_higher,SKIN_CANCER,3150,402,0.12761904761904763,0.0774097089349275,285229.1749653559,1846.302721394187,education_binary,higher
2023_56_education_binary_higher,OTHER_CANCER,3162,489,0.15464895635673626,0.09724262411053934,286021.94847275724,1853.4847753512345,education_binary,higher
2023_56_education_binary_higher,COPD,3167,257,0.08114935269971582,0.06422543431751256,286047.0464228313,1855.202295339258,education_binary,higher
2023_56_education_binary_higher,DEPRESSIVE_DISORDER,3160,579,0.18322784810126583,0.2108394060408038,284687.8046745969,1852.9448692605638,education_binary,higher
2023_56_education_binary_higher,KIDNEY_DISEASE,3163,130,0.04110022130888397,0.02950564640287619,285544.448586549,1851.427551529395,education_binary,higher
2023_56_education_binary_higher,ARTHRITIS,3164,1132,0.3577749683944374,0.27135616610679714,286217.49498774414,1854.7515353388837,education_binary,higher
2023_56_education_binary_higher,DIABETES,3175,430,0.13543307086614173,0.1014696846206482,286828.36371476966,1860.660176229247,education_binary,higher
