motif_id,canonical_sha256,canonical_payload,node_count,edge_count,node_labels,canonical_edges,occurrence_class_id,robust_occurrence_representative,is_closed,is_maximal,discovery_support_count,discovery_support_fraction,discovery_distinct_state_support_count,discovery_paired_state_count,discovery_p_boot_support_20pct,discovery_bootstrap_support_mean,discovery_bootstrap_support_025,discovery_bootstrap_support_975,replication_paired_state_count,replication_evaluable_graph_count,replication_support_count,replication_support_fraction,replication_distinct_state_support_count,replication_graph_ids,replicated_at_20pct,support_fraction_difference_2023_minus_2024
motif_010b3c71bdbcf2a6,010b3c71bdbcf2a60ce2c1b648d65751d204bbcf5b3f9c78128b0f82d166a734,"{""edges"":[[""ARTHRITIS"",""COPD""],[""ARTHRITIS"",""ISCHEMIC_HEART_DISEASE""],[""COPD"",""ISCHEMIC_HEART_DISEASE""],[""DIABETES"",""ISCHEMIC_HEART_DISEASE""],[""ISCHEMIC_HEART_DISEASE"",""KIDNEY_DISEASE""]],""nodes"":[""ARTHRITIS"",""COPD"",""DIABETES"",""ISCHEMIC_HEART_DISEASE"",""KIDNEY_DISEASE""]}",5,5,"[""ARTHRITIS"",""COPD"",""DIABETES"",""ISCHEMIC_HEART_DISEASE"",""KIDNEY_DISEASE""]","[[""ARTHRITIS"",""COPD""],[""ARTHRITIS"",""ISCHEMIC_HEART_DISEASE""],[""COPD"",""ISCHEMIC_HEART_DISEASE""],[""DIABETES"",""ISCHEMIC_HEART_DISEASE""],[""ISCHEMIC_HEART_DISEASE"",""KIDNEY_DISEASE""]]",occ_22d749dacfbef109,True,True,False,32,0.3404255319148936,24,47,1.0,30.336,27.0,32.0,46,92,27,0.29347826086956524,22,"[""2023_01_education_binary_lower"",""2023_05_education_binary_higher"",""2023_05_education_binary_lower"",""2023_12_education_binary_higher"",""2023_18_education_binary_higher"",""2023_18_education_binary_lower"",""2023_20_education_binary_lower"",""2023_22_education_binary_lower"",""2023_23_education_binary_higher"",""2023_26_education_binary_higher"",""2023_28_education_binary_lower"",""2023_31_education_binary_higher"",""2023_36_education_binary_lower"",""2023_37_education_binary_lower"",""2023_38_education_binary_higher"",""2023_39_education_binary_higher"",""2023_39_education_binary_lower"",""2023_40_education_binary_higher"",""2023_45_education_binary_lower"",""2023_47_education_binary_higher"",""2023_47_education_binary_lower"",""2023_48_education_binary_lower"",""2023_49_education_binary_lower"",""2023_51_education_binary_lower"",""2023_53_education_binary_lower"",""2023_54_education_binary_higher"",""2023_54_education_binary_lower""]",True,-0.046947271045328365
motif_0145829533663255,014582953366325539b7f4c997b84ccd5dffeaa11c519ab4017f6363b3019c99,"{""edges"":[[""ARTHRITIS"",""DIABETES""],[""ARTHRITIS"",""ISCHEMIC_HEART_DISEASE""],[""ARTHRITIS"",""OTHER_CANCER""],[""DIABETES"",""KIDNEY_DISEASE""]],""nodes"":[""ARTHRITIS"",""DIABETES"",""ISCHEMIC_HEART_DISEASE"",""KIDNEY_DISEASE"",""OTHER_CANCER""]}",5,4,"[""ARTHRITIS"",""DIABETES"",""ISCHEMIC_HEART_DISEASE"",""KIDNEY_DISEASE"",""OTHER_CANCER""]","[[""ARTHRITIS"",""DIABETES""],[""ARTHRITIS"",""ISCHEMIC_HEART_DISEASE""],[""ARTHRITIS"",""OTHER_CANCER""],[""DIABETES"",""KIDNEY_DISEASE""]]",occ_45cb7dfadbc7ce1e,True,True,False,45,0.4787234042553192,30,47,1.0,42.684,40.0,45.0,47,94,35,0.3723404255319149,27,"[""2023_01_education_binary_lower"",""2023_02_education_binary_higher"",""2023_04_education_binary_higher"",""2023_05_education_binary_lower"",""2023_10_education_binary_lower"",""2023_12_education_binary_lower"",""2023_13_education_binary_lower"",""2023_16_education_binary_lower"",""2023_18_education_binary_higher"",""2023_18_education_binary_lower"",""2023_19_education_binary_lower"",""2023_20_education_binary_higher"",""2023_23_education_binary_higher"",""2023_23_education_binary_lower"",""2023_24_education_binary_higher"",""2023_24_education_binary_lower"",""2023_25_education_binary_higher"",""2023_26_education_binary_higher"",""2023_26_education_binary_lower"",""2023_31_education_binary_higher"",""2023_33_education_binary_lower"",""2023_37_education_binary_lower"",""2023_38_education_binary_higher"",""2023_38_education_binary_lower"",""2023_39_education_binary_higher"",""2023_39_education_binary_lower"",""2023_41_education_binary_higher"",""2023_45_education_binary_higher"",""2023_47_education_binary_higher"",""2023_47_education_binary_lower"",""2023_51_education_binary_lower"",""2023_53_education_binary_higher"",""2023_53_education_binary_lower"",""2023_54_education_binary_lower"",""2023_55_education_binary_higher""]",True,-0.1063829787234043
motif_018c4efb7ab2990c,018c4efb7ab2990c29f1a1ef2e99897519b10a7026a9227ccef2066baf17b7de,"{""edges"":[[""ARTHRITIS"",""COPD""],[""ARTHRITIS"",""ISCHEMIC_HEART_DISEASE""],[""COPD"",""ISCHEMIC_HEART_DISEASE""],[""DIABETES"",""ISCHEMIC_HEART_DISEASE""],[""DIABETES"",""KIDNEY_DISEASE""],[""ISCHEMIC_HEART_DISEASE"",""KIDNEY_DISEASE""]],""nodes"":[""ARTHRITIS"",""COPD"",""DIABETES"",""ISCHEMIC_HEART_DISEASE"",""KIDNEY_DISEASE""]}",5,6,"[""ARTHRITIS"",""COPD"",""DIABETES"",""ISCHEMIC_HEART_DISEASE"",""KIDNEY_DISEASE""]","[[""ARTHRITIS"",""COPD""],[""ARTHRITIS"",""ISCHEMIC_HEART_DISEASE""],[""COPD"",""ISCHEMIC_HEART_DISEASE""],[""DIABETES"",""ISCHEMIC_HEART_DISEASE""],[""DIABETES"",""KIDNEY_DISEASE""],[""ISCHEMIC_HEART_DISEASE"",""KIDNEY_DISEASE""]]",occ_8570c94f65c1fa7f,True,True,False,28,0.2978723404255319,22,47,1.0,26.074,23.0,28.0,46,92,20,0.21739130434782608,17,"[""2023_01_education_binary_lower"",""2023_05_education_binary_lower"",""2023_12_education_binary_higher"",""2023_18_education_binary_higher"",""2023_18_education_binary_lower"",""2023_22_education_binary_lower"",""2023_23_education_binary_higher"",""2023_26_education_binary_higher"",""2023_31_education_binary_higher"",""2023_37_education_binary_lower"",""2023_38_education_binary_higher"",""2023_39_education_binary_higher"",""2023_39_education_binary_lower"",""2023_40_education_binary_higher"",""2023_47_education_binary_higher"",""2023_47_education_binary_lower"",""2023_48_education_binary_lower"",""2023_51_education_binary_lower"",""2023_53_education_binary_lower"",""2023_54_education_binary_lower""]",True,-0.08048103607770582
motif_022aef1c1df514fd,022aef1c1df514fddaee8136fc29ee9e1c46759f6fd1091c97ceb87f8d42e870,"{""edges"":[[""ARTHRITIS"",""ISCHEMIC_HEART_DISEASE""],[""DIABETES"",""ISCHEMIC_HEART_DISEASE""],[""DIABETES"",""KIDNEY_DISEASE""]],""nodes"":[""ARTHRITIS"",""DIABETES"",""ISCHEMIC_HEART_DISEASE"",""KIDNEY_DISEASE""]}",4,3,"[""ARTHRITIS"",""DIABETES"",""ISCHEMIC_HEART_DISEASE"",""KIDNEY_DISEASE""]","[[""ARTHRITIS"",""ISCHEMIC_HEART_DISEASE""],[""DIABETES"",""ISCHEMIC_HEART_DISEASE""],[""DIABETES"",""KIDNEY_DISEASE""]]",occ_56cd1446b0633939,True,True,False,55,0.5851063829787234,37,47,1.0,53.038,50.0,55.0,47,94,41,0.43617021276595747,32,"[""2023_01_education_binary_higher"",""2023_01_education_binary_lower"",""2023_04_education_binary_higher"",""2023_04_education_binary_lower"",""2023_05_education_binary_lower"",""2023_06_education_binary_higher"",""2023_08_education_binary_lower"",""2023_09_education_binary_lower"",""2023_12_education_binary_higher"",""2023_13_education_binary_lower"",""2023_16_education_binary_lower"",""2023_18_education_binary_higher"",""2023_18_education_binary_lower"",""2023_19_education_binary_higher"",""2023_19_education_binary_lower"",""2023_20_education_binary_higher"",""2023_22_education_binary_lower"",""2023_23_education_binary_higher"",""2023_23_education_binary_lower"",""2023_24_education_binary_higher"",""2023_24_education_binary_lower"",""2023_25_education_binary_higher"",""2023_26_education_binary_higher"",""2023_31_education_binary_higher"",""2023_33_education_binary_lower"",""2023_37_education_binary_lower"",""2023_38_education_binary_higher"",""2023_39_education_binary_higher"",""2023_39_education_binary_lower"",""2023_40_education_binary_higher"",""2023_41_education_binary_higher"",""2023_45_education_binary_higher"",""2023_47_education_binary_higher"",""2023_47_education_binary_lower"",""2023_48_education_binary_lower"",""2023_50_education_binary_higher"",""2023_51_education_binary_lower"",""2023_53_education_binary_higher"",""2023_53_education_binary_lower"",""2023_54_education_binary_lower"",""2023_55_education_binary_higher""]",True,-0.14893617021276595
motif_027ba7efe2fe2e56,027ba7efe2fe2e560359c4aa66d1d72e33c92d9ac6160c3885eec7bc9bc2946f,"{""edges"":[[""ARTHRITIS"",""COPD""],[""ARTHRITIS"",""ISCHEMIC_HEART_DISEASE""],[""COPD"",""ISCHEMIC_HEART_DISEASE""],[""ISCHEMIC_HEART_DISEASE"",""KIDNEY_DISEASE""],[""ISCHEMIC_HEART_DISEASE"",""STROKE""]],""nodes"":[""ARTHRITIS"",""COPD"",""ISCHEMIC_HEART_DISEASE"",""KIDNEY_DISEASE"",""STROKE""]}",5,5,"[""ARTHRITIS"",""COPD"",""ISCHEMIC_HEART_DISEASE"",""KIDNEY_DISEASE"",""STROKE""]","[[""ARTHRITIS"",""COPD""],[""ARTHRITIS"",""ISCHEMIC_HEART_DISEASE""],[""COPD"",""ISCHEMIC_HEART_DISEASE""],[""ISCHEMIC_HEART_DISEASE"",""KIDNEY_DISEASE""],[""ISCHEMIC_HEART_DISEASE"",""STROKE""]]",occ_7037578bc5ccb24e,True,True,False,34,0.3617021276595745,25,47,1.0,31.876,29.0,34.0,46,92,29,0.31521739130434784,21,"[""2023_01_education_binary_lower"",""2023_05_education_binary_higher"",""2023_05_education_binary_lower"",""2023_12_education_binary_higher"",""2023_12_education_binary_lower"",""2023_18_education_binary_higher"",""2023_18_education_binary_lower"",""2023_20_education_binary_lower"",""2023_22_education_binary_lower"",""2023_23_education_binary_higher"",""2023_26_education_binary_higher"",""2023_31_education_binary_higher"",""2023_31_education_binary_lower"",""2023_36_education_binary_lower"",""2023_37_education_binary_lower"",""2023_38_education_binary_higher"",""2023_39_education_binary_higher"",""2023_39_education_binary_lower"",""2023_40_education_binary_higher"",""2023_40_education_binary_lower"",""2023_45_education_binary_lower"",""2023_47_education_binary_higher"",""2023_47_education_binary_lower"",""2023_48_education_binary_lower"",""2023_49_education_binary_lower"",""2023_51_education_binary_lower"",""2023_53_education_binary_lower"",""2023_54_education_binary_higher"",""2023_54_education_binary_lower""]",True,-0.04648473635522665
motif_029c13843bbf61d1,029c13843bbf61d1bd6e338ad1b77386d7ca618fe1911c3df8a7924da8ca12a6,"{""edges"":[[""ARTHRITIS"",""COPD""],[""COPD"",""ISCHEMIC_HEART_DISEASE""],[""ISCHEMIC_HEART_DISEASE"",""KIDNEY_DISEASE""]],""nodes"":[""ARTHRITIS"",""COPD"",""ISCHEMIC_HEART_DISEASE"",""KIDNEY_DISEASE""]}",4,3,"[""ARTHRITIS"",""COPD"",""ISCHEMIC_HEART_DISEASE"",""KIDNEY_DISEASE""]","[[""ARTHRITIS"",""COPD""],[""COPD"",""ISCHEMIC_HEART_DISEASE""],[""ISCHEMIC_HEART_DISEASE"",""KIDNEY_DISEASE""]]",occ_1b89bcda5c98ef5a,True,True,False,37,0.3936170212765957,28,47,1.0,35.214,32.0,37.0,46,92,31,0.33695652173913043,23,"[""2023_01_education_binary_lower"",""2023_05_education_binary_higher"",""2023_05_education_binary_lower"",""2023_10_education_binary_higher"",""2023_12_education_binary_higher"",""2023_12_education_binary_lower"",""2023_18_education_binary_higher"",""2023_18_education_binary_lower"",""2023_20_education_binary_lower"",""2023_22_education_binary_lower"",""2023_23_education_binary_higher"",""2023_26_education_binary_higher"",""2023_28_education_binary_lower"",""2023_31_education_binary_higher"",""2023_31_education_binary_lower"",""2023_36_education_binary_lower"",""2023_37_education_binary_lower"",""2023_38_education_binary_higher"",""2023_39_education_binary_higher"",""2023_39_education_binary_lower"",""2023_40_education_binary_higher"",""2023_40_education_binary_lower"",""2023_45_education_binary_lower"",""2023_47_education_binary_higher"",""2023_47_education_binary_lower"",""2023_48_education_binary_lower"",""2023_49_education_binary_lower"",""2023_51_education_binary_lower"",""2023_53_education_binary_lower"",""2023_54_education_binary_higher"",""2023_54_education_binary_lower""]",True,-0.05666049953746527
motif_0340aaab0dccc1f1,0340aaab0dccc1f13fc23c45cd010b529e238369f81ccc3490405f7f9356baee,"{""edges"":[[""ARTHRITIS"",""COPD""],[""ARTHRITIS"",""DIABETES""],[""ARTHRITIS"",""KIDNEY_DISEASE""],[""ISCHEMIC_HEART_DISEASE"",""KIDNEY_DISEASE""]],""nodes"":[""ARTHRITIS"",""COPD"",""DIABETES"",""ISCHEMIC_HEART_DISEASE"",""KIDNEY_DISEASE""]}",5,4,"[""ARTHRITIS"",""COPD"",""DIABETES"",""ISCHEMIC_HEART_DISEASE"",""KIDNEY_DISEASE""]","[[""ARTHRITIS"",""COPD""],[""ARTHRITIS"",""DIABETES""],[""ARTHRITIS"",""KIDNEY_DISEASE""],[""ISCHEMIC_HEART_DISEASE"",""KIDNEY_DISEASE""]]",occ_ec045d416653f3d2,True,True,False,23,0.2446808510638297,17,47,0.998,21.762,19.0,23.0,46,92,19,0.20652173913043478,15,"[""2023_01_education_binary_lower"",""2023_05_education_binary_lower"",""2023_10_education_binary_higher"",""2023_18_education_binary_higher"",""2023_18_education_binary_lower"",""2023_22_education_binary_lower"",""2023_37_education_binary_lower"",""2023_39_education_binary_higher"",""2023_39_education_binary_lower"",""2023_40_education_binary_higher"",""2023_40_education_binary_lower"",""2023_41_education_binary_lower"",""2023_45_education_binary_lower"",""2023_47_education_binary_higher"",""2023_47_education_binary_lower"",""2023_48_education_binary_lower"",""2023_49_education_binary_lower"",""2023_51_education_binary_lower"",""2023_53_education_binary_lower""]",True,-0.03815911193339491
motif_03815a9e83d32c65,03815a9e83d32c655185e5d69abc353a870ee5ba746d160341ca58b8e10cd69a,"{""edges"":[[""ARTHRITIS"",""COPD""],[""ARTHRITIS"",""ISCHEMIC_HEART_DISEASE""],[""ARTHRITIS"",""KIDNEY_DISEASE""],[""COPD"",""CURRENT_ASTHMA""],[""COPD"",""ISCHEMIC_HEART_DISEASE""]],""nodes"":[""ARTHRITIS"",""COPD"",""CURRENT_ASTHMA"",""ISCHEMIC_HEART_DISEASE"",""KIDNEY_DISEASE""]}",5,5,"[""ARTHRITIS"",""COPD"",""CURRENT_ASTHMA"",""ISCHEMIC_HEART_DISEASE"",""KIDNEY_DISEASE""]","[[""ARTHRITIS"",""COPD""],[""ARTHRITIS"",""ISCHEMIC_HEART_DISEASE""],[""ARTHRITIS"",""KIDNEY_DISEASE""],[""COPD"",""CURRENT_ASTHMA""],[""COPD"",""ISCHEMIC_HEART_DISEASE""]]",occ_080b040d19c3f981,True,True,False,30,0.3191489361702128,21,47,1.0,28.89,26.0,30.0,47,94,25,0.26595744680851063,19,"[""2023_01_education_binary_lower"",""2023_05_education_binary_lower"",""2023_13_education_binary_higher"",""2023_13_education_binary_lower"",""2023_18_education_binary_higher"",""2023_18_education_binary_lower"",""2023_19_education_binary_lower"",""2023_22_education_binary_lower"",""2023_23_education_binary_lower"",""2023_25_education_binary_higher"",""2023_26_education_binary_lower"",""2023_27_education_binary_lower"",""2023_39_education_binary_higher"",""2023_39_education_binary_lower"",""2023_40_education_binary_higher"",""2023_40_education_binary_lower"",""2023_45_education_binary_higher"",""2023_45_education_binary_lower"",""2023_46_education_binary_lower"",""2023_47_education_binary_higher"",""2023_47_education_binary_lower"",""2023_48_education_binary_lower"",""2023_49_education_binary_lower"",""2023_51_education_binary_lower"",""2023_53_education_binary_lower""]",True,-0.05319148936170215
motif_038ad01f2250792b,038ad01f2250792b2149afd1279a72c172152d0355ceb98f095db80fd85674d2,"{""edges"":[[""ARTHRITIS"",""COPD""],[""ARTHRITIS"",""KIDNEY_DISEASE""],[""COPD"",""CURRENT_ASTHMA""],[""COPD"",""ISCHEMIC_HEART_DISEASE""]],""nodes"":[""ARTHRITIS"",""COPD"",""CURRENT_ASTHMA"",""ISCHEMIC_HEART_DISEASE"",""KIDNEY_DISEASE""]}",5,4,"[""ARTHRITIS"",""COPD"",""CURRENT_ASTHMA"",""ISCHEMIC_HEART_DISEASE"",""KIDNEY_DISEASE""]","[[""ARTHRITIS"",""COPD""],[""ARTHRITIS"",""KIDNEY_DISEASE""],[""COPD"",""CURRENT_ASTHMA""],[""COPD"",""ISCHEMIC_HEART_DISEASE""]]",occ_a823e7fc3f0094cf,True,True,False,31,0.3297872340425531,22,47,1.0,29.89,28.0,31.0,47,94,26,0.2765957446808511,20,"[""2023_01_education_binary_lower"",""2023_05_education_binary_lower"",""2023_13_education_binary_higher"",""2023_13_education_binary_lower"",""2023_18_education_binary_higher"",""2023_18_education_binary_lower"",""2023_19_education_binary_lower"",""2023_22_education_binary_lower"",""2023_23_education_binary_lower"",""2023_25_education_binary_higher"",""2023_26_education_binary_lower"",""2023_27_education_binary_lower"",""2023_29_education_binary_higher"",""2023_39_education_binary_higher"",""2023_39_education_binary_lower"",""2023_40_education_binary_higher"",""2023_40_education_binary_lower"",""2023_45_education_binary_higher"",""2023_45_education_binary_lower"",""2023_46_education_binary_lower"",""2023_47_education_binary_higher"",""2023_47_education_binary_lower"",""2023_48_education_binary_lower"",""2023_49_education_binary_lower"",""2023_51_education_binary_lower"",""2023_53_education_binary_lower""]",True,-0.05319148936170204
motif_03a86f20681e50ea,03a86f20681e50ea21c9bf7fdcdfcee44212289fe50476af58348bfcdf065f0c,"{""edges"":[[""ARTHRITIS"",""DIABETES""],[""ARTHRITIS"",""ISCHEMIC_HEART_DISEASE""],[""ARTHRITIS"",""KIDNEY_DISEASE""],[""DIABETES"",""ISCHEMIC_HEART_DISEASE""],[""ISCHEMIC_HEART_DISEASE"",""STROKE""]],""nodes"":[""ARTHRITIS"",""DIABETES"",""ISCHEMIC_HEART_DISEASE"",""KIDNEY_DISEASE"",""STROKE""]}",5,5,"[""ARTHRITIS"",""DIABETES"",""ISCHEMIC_HEART_DISEASE"",""KIDNEY_DISEASE"",""STROKE""]","[[""ARTHRITIS"",""DIABETES""],[""ARTHRITIS"",""ISCHEMIC_HEART_DISEASE""],[""ARTHRITIS"",""KIDNEY_DISEASE""],[""DIABETES"",""ISCHEMIC_HEART_DISEASE""],[""ISCHEMIC_HEART_DISEASE"",""STROKE""]]",occ_ab8e4f4003bc2981,True,True,False,31,0.3297872340425531,20,47,1.0,29.988,28.0,31.0,47,94,24,0.2553191489361702,19,"[""2023_01_education_binary_lower"",""2023_04_education_binary_higher"",""2023_05_education_binary_lower"",""2023_13_education_binary_lower"",""2023_18_education_binary_higher"",""2023_18_education_binary_lower"",""2023_19_education_binary_lower"",""2023_22_education_binary_lower"",""2023_23_education_binary_lower"",""2023_25_education_binary_higher"",""2023_27_education_binary_lower"",""2023_37_education_binary_lower"",""2023_39_education_binary_higher"",""2023_39_education_binary_lower"",""2023_40_education_binary_higher"",""2023_45_education_binary_higher"",""2023_45_education_binary_lower"",""2023_47_education_binary_higher"",""2023_47_education_binary_lower"",""2023_48_education_binary_lower"",""2023_49_education_binary_lower"",""2023_51_education_binary_lower"",""2023_53_education_binary_higher"",""2023_53_education_binary_lower""]",True,-0.07446808510638292
motif_041663865fdf67e1,041663865fdf67e1d7422e7e46f3f04023eb444434950c4288809bd65d132e89,"{""edges"":[[""ARTHRITIS"",""ISCHEMIC_HEART_DISEASE""],[""ARTHRITIS"",""KIDNEY_DISEASE""],[""ARTHRITIS"",""OTHER_CANCER""]],""nodes"":[""ARTHRITIS"",""ISCHEMIC_HEART_DISEASE"",""KIDNEY_DISEASE"",""OTHER_CANCER""]}",4,3,"[""ARTHRITIS"",""ISCHEMIC_HEART_DISEASE"",""KIDNEY_DISEASE"",""OTHER_CANCER""]","[[""ARTHRITIS"",""ISCHEMIC_HEART_DISEASE""],[""ARTHRITIS"",""KIDNEY_DISEASE""],[""ARTHRITIS"",""OTHER_CANCER""]]",occ_6b4def48a337e970,False,False,False,31,0.3297872340425531,25,47,1.0,29.798,28.0,31.0,47,94,28,0.2978723404255319,22,"[""2023_01_education_binary_lower"",""2023_02_education_binary_higher"",""2023_04_education_binary_higher"",""2023_05_education_binary_lower"",""2023_10_education_binary_higher"",""2023_13_education_binary_higher"",""2023_13_education_binary_lower"",""2023_18_education_binary_higher"",""2023_18_education_binary_lower"",""2023_19_education_binary_lower"",""2023_23_education_binary_lower"",""2023_25_education_binary_higher"",""2023_26_education_binary_lower"",""2023_27_education_binary_lower"",""2023_37_education_binary_lower"",""2023_38_education_binary_lower"",""2023_39_education_binary_higher"",""2023_39_education_binary_lower"",""2023_41_education_binary_lower"",""2023_45_education_binary_higher"",""2023_45_education_binary_lower"",""2023_47_education_binary_higher"",""2023_47_education_binary_lower"",""2023_48_education_binary_higher"",""2023_49_education_binary_lower"",""2023_51_education_binary_lower"",""2023_53_education_binary_higher"",""2023_53_education_binary_lower""]",True,-0.03191489361702121
motif_042d5c92b6ddeb0e,042d5c92b6ddeb0e1dbefc4a03c80f1b67e5f6a01eefb4e3de6121091e97ac8e,"{""edges"":[[""ARTHRITIS"",""COPD""],[""ARTHRITIS"",""DIABETES""],[""ARTHRITIS"",""OTHER_CANCER""],[""DIABETES"",""ISCHEMIC_HEART_DISEASE""]],""nodes"":[""ARTHRITIS"",""COPD"",""DIABETES"",""ISCHEMIC_HEART_DISEASE"",""OTHER_CANCER""]}",5,4,"[""ARTHRITIS"",""COPD"",""DIABETES"",""ISCHEMIC_HEART_DISEASE"",""OTHER_CANCER""]","[[""ARTHRITIS"",""COPD""],[""ARTHRITIS"",""DIABETES""],[""ARTHRITIS"",""OTHER_CANCER""],[""DIABETES"",""ISCHEMIC_HEART_DISEASE""]]",occ_93da809190ed521b,True,True,False,48,0.5106382978723404,32,47,1.0,45.852,43.0,48.0,47,94,44,0.46808510638297873,34,"[""2023_01_education_binary_lower"",""2023_02_education_binary_lower"",""2023_04_education_binary_higher"",""2023_05_education_binary_higher"",""2023_05_education_binary_lower"",""2023_09_education_binary_higher"",""2023_13_education_binary_higher"",""2023_13_education_binary_lower"",""2023_16_education_binary_lower"",""2023_17_education_binary_higher"",""2023_18_education_binary_higher"",""2023_18_education_binary_lower"",""2023_19_education_binary_lower"",""2023_20_education_binary_higher"",""2023_23_education_binary_higher"",""2023_23_education_binary_lower"",""2023_24_education_binary_higher"",""2023_24_education_binary_lower"",""2023_25_education_binary_higher"",""2023_26_education_binary_higher"",""2023_27_education_binary_lower"",""2023_29_education_binary_higher"",""2023_30_education_binary_lower"",""2023_31_education_binary_higher"",""2023_33_education_binary_lower"",""2023_34_education_binary_lower"",""2023_36_education_binary_lower"",""2023_37_education_binary_lower"",""2023_38_education_binary_higher"",""2023_39_education_binary_higher"",""2023_39_education_binary_lower"",""2023_41_education_binary_higher"",""2023_44_education_binary_higher"",""2023_45_education_binary_higher"",""2023_45_education_binary_lower"",""2023_47_education_binary_higher"",""2023_47_education_binary_lower"",""2023_49_education_binary_lower"",""2023_51_education_binary_lower"",""2023_53_education_binary_lower"",""2023_54_education_binary_higher"",""2023_54_education_binary_lower"",""2023_55_education_binary_higher"",""2023_55_education_binary_lower""]",True,-0.04255319148936165
motif_05b3bb80d20cacfe,05b3bb80d20cacfec724f66ae626b7fab2bd9e80d8a485b78c3f45e259befa32,"{""edges"":[[""ARTHRITIS"",""ISCHEMIC_HEART_DISEASE""],[""ISCHEMIC_HEART_DISEASE"",""STROKE""]],""nodes"":[""ARTHRITIS"",""ISCHEMIC_HEART_DISEASE"",""STROKE""]}",3,2,"[""ARTHRITIS"",""ISCHEMIC_HEART_DISEASE"",""STROKE""]","[[""ARTHRITIS"",""ISCHEMIC_HEART_DISEASE""],[""ISCHEMIC_HEART_DISEASE"",""STROKE""]]",occ_4c63568700728d6d,True,True,False,73,0.776595744680851,43,47,1.0,71.414,69.0,73.0,47,94,66,0.7021276595744681,45,"[""2023_01_education_binary_lower"",""2023_02_education_binary_higher"",""2023_04_education_binary_higher"",""2023_04_education_binary_lower"",""2023_05_education_binary_higher"",""2023_05_education_binary_lower"",""2023_06_education_binary_higher"",""2023_08_education_binary_higher"",""2023_08_education_binary_lower"",""2023_09_education_binary_lower"",""2023_10_education_binary_lower"",""2023_12_education_binary_higher"",""2023_12_education_binary_lower"",""2023_13_education_binary_lower"",""2023_16_education_binary_higher"",""2023_16_education_binary_lower"",""2023_17_education_binary_lower"",""2023_18_education_binary_higher"",""2023_18_education_binary_lower"",""2023_19_education_binary_higher"",""2023_19_education_binary_lower"",""2023_20_education_binary_higher"",""2023_20_education_binary_lower"",""2023_22_education_binary_higher"",""2023_22_education_binary_lower"",""2023_23_education_binary_higher"",""2023_23_education_binary_lower"",""2023_24_education_binary_lower"",""2023_25_education_binary_higher"",""2023_26_education_binary_higher"",""2023_26_education_binary_lower"",""2023_27_education_binary_lower"",""2023_28_education_binary_higher"",""2023_29_education_binary_lower"",""2023_30_education_binary_lower"",""2023_31_education_binary_higher"",""2023_31_education_binary_lower"",""2023_33_education_binary_lower"",""2023_34_education_binary_higher"",""2023_35_education_binary_lower"",""2023_36_education_binary_lower"",""2023_37_education_binary_lower"",""2023_38_education_binary_higher"",""2023_39_education_binary_higher"",""2023_39_education_binary_lower"",""2023_40_education_binary_higher"",""2023_40_education_binary_lower"",""2023_41_education_binary_higher"",""2023_44_education_binary_higher"",""2023_45_education_binary_higher"",""2023_45_education_binary_lower"",""2023_47_education_binary_higher"",""2023_47_education_binary_lower"",""2023_48_education_binary_lower"",""2023_49_education_binary_lower"",""2023_50_education_binary_higher"",""2023_50_education_binary_lower"",""2023_51_education_binary_lower"",""2023_53_education_binary_higher"",""2023_53_education_binary_lower"",""2023_54_education_binary_higher"",""2023_54_education_binary_lower"",""2023_55_education_binary_higher"",""2023_55_education_binary_lower"",""2023_56_education_binary_higher"",""2023_56_education_binary_lower""]",True,-0.07446808510638292
motif_0627f8d8deb4fba4,0627f8d8deb4fba43b9e3e63467ce8b1a39e9b14350f5583c375088d0ae24fd4,"{""edges"":[[""ARTHRITIS"",""OTHER_CANCER""],[""OTHER_CANCER"",""SKIN_CANCER""]],""nodes"":[""ARTHRITIS"",""OTHER_CANCER"",""SKIN_CANCER""]}",3,2,"[""ARTHRITIS"",""OTHER_CANCER"",""SKIN_CANCER""]","[[""ARTHRITIS"",""OTHER_CANCER""],[""OTHER_CANCER"",""SKIN_CANCER""]]",occ_11c04db9275af2da,True,True,False,67,0.7127659574468085,41,47,1.0,65.872,64.0,67.0,47,94,64,0.6808510638297872,39,"[""2023_01_education_binary_lower"",""2023_02_education_binary_higher"",""2023_02_education_binary_lower"",""2023_04_education_binary_higher"",""2023_05_education_binary_higher"",""2023_05_education_binary_lower"",""2023_06_education_binary_higher"",""2023_08_education_binary_higher"",""2023_09_education_binary_higher"",""2023_09_education_binary_lower"",""2023_10_education_binary_higher"",""2023_10_education_binary_lower"",""2023_12_education_binary_higher"",""2023_12_education_binary_lower"",""2023_13_education_binary_higher"",""2023_13_education_binary_lower"",""2023_16_education_binary_lower"",""2023_17_education_binary_higher"",""2023_18_education_binary_higher"",""2023_18_education_binary_lower"",""2023_19_education_binary_lower"",""2023_20_education_binary_higher"",""2023_20_education_binary_lower"",""2023_23_education_binary_higher"",""2023_23_education_binary_lower"",""2023_24_education_binary_higher"",""2023_24_education_binary_lower"",""2023_25_education_binary_higher"",""2023_26_education_binary_higher"",""2023_26_education_binary_lower"",""2023_27_education_binary_lower"",""2023_29_education_binary_higher"",""2023_30_education_binary_higher"",""2023_30_education_binary_lower"",""2023_31_education_binary_higher"",""2023_31_education_binary_lower"",""2023_33_education_binary_higher"",""2023_33_education_binary_lower"",""2023_34_education_binary_lower"",""2023_36_education_binary_lower"",""2023_37_education_binary_higher"",""2023_38_education_binary_higher"",""2023_38_education_binary_lower"",""2023_39_education_binary_higher"",""2023_39_education_binary_lower"",""2023_41_education_binary_higher"",""2023_41_education_binary_lower"",""2023_44_education_binary_higher"",""2023_44_education_binary_lower"",""2023_45_education_binary_higher"",""2023_45_education_binary_lower"",""2023_47_education_binary_higher"",""2023_47_education_binary_lower"",""2023_48_education_binary_higher"",""2023_49_education_binary_higher"",""2023_49_education_binary_lower"",""2023_50_education_binary_higher"",""2023_50_education_binary_lower"",""2023_53_education_binary_higher"",""2023_53_education_binary_lower"",""2023_54_education_binary_higher"",""2023_54_education_binary_lower"",""2023_55_education_binary_higher"",""2023_55_education_binary_lower""]",True,-0.03191489361702127
motif_06f133d1c67fa8e4,06f133d1c67fa8e497957b15469ed00d3506b5223208a4e788dd5cef31b665ea,"{""edges"":[[""ARTHRITIS"",""COPD""],[""ARTHRITIS"",""ISCHEMIC_HEART_DISEASE""],[""ISCHEMIC_HEART_DISEASE"",""STROKE""]],""nodes"":[""ARTHRITIS"",""COPD"",""ISCHEMIC_HEART_DISEASE"",""STROKE""]}",4,3,"[""ARTHRITIS"",""COPD"",""ISCHEMIC_HEART_DISEASE"",""STROKE""]","[[""ARTHRITIS"",""COPD""],[""ARTHRITIS"",""ISCHEMIC_HEART_DISEASE""],[""ISCHEMIC_HEART_DISEASE"",""STROKE""]]",occ_e8b0a74d23f59c5d,True,True,False,69,0.7340425531914894,40,47,1.0,67.222,65.0,69.0,47,94,60,0.6382978723404256,43,"[""2023_01_education_binary_lower"",""2023_02_education_binary_higher"",""2023_04_education_binary_higher"",""2023_05_education_binary_higher"",""2023_05_education_binary_lower"",""2023_06_education_binary_higher"",""2023_08_education_binary_higher"",""2023_08_education_binary_lower"",""2023_09_education_binary_lower"",""2023_10_education_binary_lower"",""2023_12_education_binary_higher"",""2023_12_education_binary_lower"",""2023_13_education_binary_lower"",""2023_16_education_binary_higher"",""2023_16_education_binary_lower"",""2023_17_education_binary_lower"",""2023_18_education_binary_higher"",""2023_18_education_binary_lower"",""2023_19_education_binary_higher"",""2023_19_education_binary_lower"",""2023_20_education_binary_higher"",""2023_20_education_binary_lower"",""2023_22_education_binary_lower"",""2023_23_education_binary_higher"",""2023_23_education_binary_lower"",""2023_24_education_binary_lower"",""2023_25_education_binary_higher"",""2023_26_education_binary_higher"",""2023_26_education_binary_lower"",""2023_27_education_binary_lower"",""2023_28_education_binary_higher"",""2023_29_education_binary_lower"",""2023_30_education_binary_lower"",""2023_31_education_binary_higher"",""2023_31_education_binary_lower"",""2023_33_education_binary_lower"",""2023_36_education_binary_lower"",""2023_37_education_binary_lower"",""2023_38_education_binary_higher"",""2023_39_education_binary_higher"",""2023_39_education_binary_lower"",""2023_40_education_binary_higher"",""2023_40_education_binary_lower"",""2023_41_education_binary_higher"",""2023_44_education_binary_higher"",""2023_45_education_binary_higher"",""2023_45_education_binary_lower"",""2023_47_education_binary_higher"",""2023_47_education_binary_lower"",""2023_48_education_binary_lower"",""2023_49_education_binary_lower"",""2023_50_education_binary_higher"",""2023_51_education_binary_lower"",""2023_53_education_binary_lower"",""2023_54_education_binary_higher"",""2023_54_education_binary_lower"",""2023_55_education_binary_higher"",""2023_55_education_binary_lower"",""2023_56_education_binary_higher"",""2023_56_education_binary_lower""]",True,-0.0957446808510638
motif_07019d963bc595b3,07019d963bc595b3d18177a086ca8bdfbd9ed11b639bcb1a9c01f07dbbd59f51,"{""edges"":[[""ARTHRITIS"",""COPD""],[""ARTHRITIS"",""DIABETES""],[""COPD"",""CURRENT_ASTHMA""],[""CURRENT_ASTHMA"",""DEPRESSIVE_DISORDER""]],""nodes"":[""ARTHRITIS"",""COPD"",""CURRENT_ASTHMA"",""DEPRESSIVE_DISORDER"",""DIABETES""]}",5,4,"[""ARTHRITIS"",""COPD"",""CURRENT_ASTHMA"",""DEPRESSIVE_DISORDER"",""DIABETES""]","[[""ARTHRITIS"",""COPD""],[""ARTHRITIS"",""DIABETES""],[""COPD"",""CURRENT_ASTHMA""],[""CURRENT_ASTHMA"",""DEPRESSIVE_DISORDER""]]",occ_a9e03a0454753783,True,True,False,37,0.3936170212765957,28,47,1.0,36.086,34.0,37.0,47,94,27,0.2872340425531915,22,"[""2023_01_education_binary_lower"",""2023_08_education_binary_lower"",""2023_12_education_binary_lower"",""2023_16_education_binary_lower"",""2023_18_education_binary_higher"",""2023_18_education_binary_lower"",""2023_19_education_binary_higher"",""2023_19_education_binary_lower"",""2023_22_education_binary_lower"",""2023_23_education_binary_higher"",""2023_23_education_binary_lower"",""2023_25_education_binary_lower"",""2023_27_education_binary_lower"",""2023_28_education_binary_lower"",""2023_30_education_binary_higher"",""2023_30_education_binary_lower"",""2023_33_education_binary_lower"",""2023_34_education_binary_lower"",""2023_36_education_binary_lower"",""2023_40_education_binary_higher"",""2023_47_education_binary_lower"",""2023_49_education_binary_lower"",""2023_51_education_binary_higher"",""2023_53_education_binary_lower"",""2023_54_education_binary_higher"",""2023_54_education_binary_lower"",""2023_55_education_binary_lower""]",True,-0.10638297872340419
motif_070e91bcc54960a5,070e91bcc54960a5f374fc2d259b8046d46cd3e719d80dd48527bb9cc06cf060,"{""edges"":[[""COPD"",""ISCHEMIC_HEART_DISEASE""],[""DIABETES"",""ISCHEMIC_HEART_DISEASE""],[""ISCHEMIC_HEART_DISEASE"",""KIDNEY_DISEASE""]],""nodes"":[""COPD"",""DIABETES"",""ISCHEMIC_HEART_DISEASE"",""KIDNEY_DISEASE""]}",4,3,"[""COPD"",""DIABETES"",""ISCHEMIC_HEART_DISEASE"",""KIDNEY_DISEASE""]","[[""COPD"",""ISCHEMIC_HEART_DISEASE""],[""DIABETES"",""ISCHEMIC_HEART_DISEASE""],[""ISCHEMIC_HEART_DISEASE"",""KIDNEY_DISEASE""]]",occ_eeee51c9c3be8b41,False,False,False,33,0.351063829787234,25,47,1.0,31.494,29.0,33.0,46,92,27,0.29347826086956524,22,"[""2023_01_education_binary_lower"",""2023_05_education_binary_higher"",""2023_05_education_binary_lower"",""2023_12_education_binary_higher"",""2023_18_education_binary_higher"",""2023_18_education_binary_lower"",""2023_20_education_binary_lower"",""2023_22_education_binary_lower"",""2023_23_education_binary_higher"",""2023_26_education_binary_higher"",""2023_28_education_binary_lower"",""2023_31_education_binary_higher"",""2023_36_education_binary_lower"",""2023_37_education_binary_lower"",""2023_38_education_binary_higher"",""2023_39_education_binary_higher"",""2023_39_education_binary_lower"",""2023_40_education_binary_higher"",""2023_45_education_binary_lower"",""2023_47_education_binary_higher"",""2023_47_education_binary_lower"",""2023_48_education_binary_lower"",""2023_49_education_binary_lower"",""2023_51_education_binary_lower"",""2023_53_education_binary_lower"",""2023_54_education_binary_higher"",""2023_54_education_binary_lower""]",True,-0.05758556891766875
motif_080cca411daac145,080cca411daac1457c1f30c6795cdb619ef0e551f2cfec48684132543aad3020,"{""edges"":[[""COPD"",""CURRENT_ASTHMA""],[""COPD"",""ISCHEMIC_HEART_DISEASE""],[""DIABETES"",""ISCHEMIC_HEART_DISEASE""],[""ISCHEMIC_HEART_DISEASE"",""KIDNEY_DISEASE""]],""nodes"":[""COPD"",""CURRENT_ASTHMA"",""DIABETES"",""ISCHEMIC_HEART_DISEASE"",""KIDNEY_DISEASE""]}",5,4,"[""COPD"",""CURRENT_ASTHMA"",""DIABETES"",""ISCHEMIC_HEART_DISEASE"",""KIDNEY_DISEASE""]","[[""COPD"",""CURRENT_ASTHMA""],[""COPD"",""ISCHEMIC_HEART_DISEASE""],[""DIABETES"",""ISCHEMIC_HEART_DISEASE""],[""ISCHEMIC_HEART_DISEASE"",""KIDNEY_DISEASE""]]",occ_b3bdc11cdf7cf18b,True,True,False,31,0.3297872340425531,23,47,1.0,29.51,27.0,31.0,46,92,24,0.2608695652173913,19,"[""2023_01_education_binary_lower"",""2023_05_education_binary_higher"",""2023_05_education_binary_lower"",""2023_12_education_binary_higher"",""2023_18_education_binary_higher"",""2023_18_education_binary_lower"",""2023_20_education_binary_lower"",""2023_22_education_binary_lower"",""2023_23_education_binary_higher"",""2023_26_education_binary_higher"",""2023_28_education_binary_lower"",""2023_36_education_binary_lower"",""2023_39_education_binary_higher"",""2023_39_education_binary_lower"",""2023_40_education_binary_higher"",""2023_45_education_binary_lower"",""2023_47_education_binary_higher"",""2023_47_education_binary_lower"",""2023_48_education_binary_lower"",""2023_49_education_binary_lower"",""2023_51_education_binary_lower"",""2023_53_education_binary_lower"",""2023_54_education_binary_higher"",""2023_54_education_binary_lower""]",True,-0.06891766882516182
motif_082f79e52f52ff53,082f79e52f52ff53b7af392c59ae2998e36fe4e1f8546e7c49544fd25e69640e,"{""edges"":[[""ARTHRITIS"",""KIDNEY_DISEASE""],[""ARTHRITIS"",""OTHER_CANCER""],[""OTHER_CANCER"",""SKIN_CANCER""]],""nodes"":[""ARTHRITIS"",""KIDNEY_DISEASE"",""OTHER_CANCER"",""SKIN_CANCER""]}",4,3,"[""ARTHRITIS"",""KIDNEY_DISEASE"",""OTHER_CANCER"",""SKIN_CANCER""]","[[""ARTHRITIS"",""KIDNEY_DISEASE""],[""ARTHRITIS"",""OTHER_CANCER""],[""OTHER_CANCER"",""SKIN_CANCER""]]",occ_6b4def48a337e970,False,False,False,31,0.3297872340425531,25,47,1.0,29.954,28.0,31.0,47,94,27,0.2872340425531915,21,"[""2023_01_education_binary_lower"",""2023_02_education_binary_higher"",""2023_04_education_binary_higher"",""2023_05_education_binary_lower"",""2023_10_education_binary_higher"",""2023_13_education_binary_higher"",""2023_13_education_binary_lower"",""2023_18_education_binary_higher"",""2023_18_education_binary_lower"",""2023_19_education_binary_lower"",""2023_23_education_binary_lower"",""2023_25_education_binary_higher"",""2023_26_education_binary_lower"",""2023_27_education_binary_lower"",""2023_29_education_binary_higher"",""2023_38_education_binary_lower"",""2023_39_education_binary_higher"",""2023_39_education_binary_lower"",""2023_41_education_binary_lower"",""2023_45_education_binary_higher"",""2023_45_education_binary_lower"",""2023_47_education_binary_higher"",""2023_47_education_binary_lower"",""2023_48_education_binary_higher"",""2023_49_education_binary_lower"",""2023_53_education_binary_higher"",""2023_53_education_binary_lower""]",True,-0.0425531914893616
motif_089bbb6e336a32e3,089bbb6e336a32e323f0b18053c61cfb4dd94ec2adbbbab6bf3b84a0f184e653,"{""edges"":[[""ARTHRITIS"",""COPD""],[""ARTHRITIS"",""ISCHEMIC_HEART_DISEASE""],[""ARTHRITIS"",""OTHER_CANCER""],[""ISCHEMIC_HEART_DISEASE"",""KIDNEY_DISEASE""]],""nodes"":[""ARTHRITIS"",""COPD"",""ISCHEMIC_HEART_DISEASE"",""KIDNEY_DISEASE"",""OTHER_CANCER""]}",5,4,"[""ARTHRITIS"",""COPD"",""ISCHEMIC_HEART_DISEASE"",""KIDNEY_DISEASE"",""OTHER_CANCER""]","[[""ARTHRITIS"",""COPD""],[""ARTHRITIS"",""ISCHEMIC_HEART_DISEASE""],[""ARTHRITIS"",""OTHER_CANCER""],[""ISCHEMIC_HEART_DISEASE"",""KIDNEY_DISEASE""]]",occ_a7267f9dbd22a1e1,True,True,False,33,0.351063829787234,24,47,1.0,31.418,29.0,33.0,46,92,30,0.32608695652173914,23,"[""2023_01_education_binary_lower"",""2023_05_education_binary_higher"",""2023_05_education_binary_lower"",""2023_10_education_binary_higher"",""2023_12_education_binary_higher"",""2023_12_education_binary_lower"",""2023_18_education_binary_higher"",""2023_18_education_binary_lower"",""2023_20_education_binary_lower"",""2023_23_education_binary_higher"",""2023_24_education_binary_higher"",""2023_26_education_binary_higher"",""2023_31_education_binary_higher"",""2023_31_education_binary_lower"",""2023_33_education_binary_lower"",""2023_36_education_binary_lower"",""2023_37_education_binary_lower"",""2023_38_education_binary_higher"",""2023_39_education_binary_higher"",""2023_39_education_binary_lower"",""2023_41_education_binary_lower"",""2023_45_education_binary_lower"",""2023_47_education_binary_higher"",""2023_47_education_binary_lower"",""2023_49_education_binary_lower"",""2023_50_education_binary_higher"",""2023_51_education_binary_lower"",""2023_53_education_binary_lower"",""2023_54_education_binary_higher"",""2023_54_education_binary_lower""]",True,-0.02497687326549486
motif_08f3fda7af28ee0d,08f3fda7af28ee0df5f7d03520e73e0aad5da6227c248cd2706d39e36273a117,"{""edges"":[[""ARTHRITIS"",""DIABETES""],[""ARTHRITIS"",""ISCHEMIC_HEART_DISEASE""],[""ISCHEMIC_HEART_DISEASE"",""KIDNEY_DISEASE""]],""nodes"":[""ARTHRITIS"",""DIABETES"",""ISCHEMIC_HEART_DISEASE"",""KIDNEY_DISEASE""]}",4,3,"[""ARTHRITIS"",""DIABETES"",""ISCHEMIC_HEART_DISEASE"",""KIDNEY_DISEASE""]","[[""ARTHRITIS"",""DIABETES""],[""ARTHRITIS"",""ISCHEMIC_HEART_DISEASE""],[""ISCHEMIC_HEART_DISEASE"",""KIDNEY_DISEASE""]]",occ_a0170a1c34818807,True,True,False,41,0.4361702127659574,29,47,1.0,39.374,36.475,41.0,46,92,34,0.3695652173913043,27,"[""2023_01_education_binary_lower"",""2023_04_education_binary_lower"",""2023_05_education_binary_higher"",""2023_05_education_binary_lower"",""2023_10_education_binary_higher"",""2023_12_education_binary_lower"",""2023_18_education_binary_higher"",""2023_18_education_binary_lower"",""2023_22_education_binary_lower"",""2023_23_education_binary_higher"",""2023_24_education_binary_higher"",""2023_25_education_binary_lower"",""2023_26_education_binary_higher"",""2023_28_education_binary_lower"",""2023_31_education_binary_higher"",""2023_31_education_binary_lower"",""2023_33_education_binary_lower"",""2023_36_education_binary_lower"",""2023_37_education_binary_lower"",""2023_38_education_binary_higher"",""2023_39_education_binary_higher"",""2023_39_education_binary_lower"",""2023_40_education_binary_higher"",""2023_40_education_binary_lower"",""2023_41_education_binary_lower"",""2023_45_education_binary_lower"",""2023_47_education_binary_higher"",""2023_47_education_binary_lower"",""2023_48_education_binary_lower"",""2023_49_education_binary_lower"",""2023_51_education_binary_lower"",""2023_53_education_binary_lower"",""2023_54_education_binary_higher"",""2023_54_education_binary_lower""]",True,-0.06660499537465309
motif_09058bc7eec93ac2,09058bc7eec93ac2127c67238f2ed699b0403711210982d78d1ae982a390b3a8,"{""edges"":[[""ARTHRITIS"",""COPD""],[""ARTHRITIS"",""DIABETES""],[""ARTHRITIS"",""ISCHEMIC_HEART_DISEASE""],[""ARTHRITIS"",""OTHER_CANCER""]],""nodes"":[""ARTHRITIS"",""COPD"",""DIABETES"",""ISCHEMIC_HEART_DISEASE"",""OTHER_CANCER""]}",5,4,"[""ARTHRITIS"",""COPD"",""DIABETES"",""ISCHEMIC_HEART_DISEASE"",""OTHER_CANCER""]","[[""ARTHRITIS"",""COPD""],[""ARTHRITIS"",""DIABETES""],[""ARTHRITIS"",""ISCHEMIC_HEART_DISEASE""],[""ARTHRITIS"",""OTHER_CANCER""]]",occ_4ffff6818a6491ac,True,True,False,54,0.574468085106383,36,47,1.0,52.13,49.0,54.0,47,94,49,0.5212765957446809,33,"[""2023_01_education_binary_lower"",""2023_02_education_binary_higher"",""2023_04_education_binary_higher"",""2023_05_education_binary_higher"",""2023_05_education_binary_lower"",""2023_10_education_binary_higher"",""2023_10_education_binary_lower"",""2023_12_education_binary_lower"",""2023_13_education_binary_higher"",""2023_13_education_binary_lower"",""2023_16_education_binary_lower"",""2023_18_education_binary_higher"",""2023_18_education_binary_lower"",""2023_19_education_binary_lower"",""2023_20_education_binary_higher"",""2023_23_education_binary_higher"",""2023_23_education_binary_lower"",""2023_24_education_binary_higher"",""2023_24_education_binary_lower"",""2023_25_education_binary_higher"",""2023_26_education_binary_higher"",""2023_26_education_binary_lower"",""2023_27_education_binary_lower"",""2023_30_education_binary_lower"",""2023_31_education_binary_higher"",""2023_31_education_binary_lower"",""2023_33_education_binary_lower"",""2023_36_education_binary_lower"",""2023_37_education_binary_higher"",""2023_37_education_binary_lower"",""2023_38_education_binary_higher"",""2023_38_education_binary_lower"",""2023_39_education_binary_higher"",""2023_39_education_binary_lower"",""2023_41_education_binary_higher"",""2023_41_education_binary_lower"",""2023_44_education_binary_higher"",""2023_45_education_binary_higher"",""2023_45_education_binary_lower"",""2023_47_education_binary_higher"",""2023_47_education_binary_lower"",""2023_48_education_binary_higher"",""2023_49_education_binary_lower"",""2023_51_education_binary_lower"",""2023_53_education_binary_lower"",""2023_54_education_binary_higher"",""2023_54_education_binary_lower"",""2023_55_education_binary_higher"",""2023_55_education_binary_lower""]",True,-0.05319148936170215
motif_0993068cca98bb75,0993068cca98bb7539cb1ab269c4cfb4703a743ec01be75e528ca1a280f763f1,"{""edges"":[[""ARTHRITIS"",""COPD""],[""ARTHRITIS"",""DIABETES""],[""ARTHRITIS"",""ISCHEMIC_HEART_DISEASE""],[""COPD"",""ISCHEMIC_HEART_DISEASE""],[""DIABETES"",""ISCHEMIC_HEART_DISEASE""],[""DIABETES"",""KIDNEY_DISEASE""]],""nodes"":[""ARTHRITIS"",""COPD"",""DIABETES"",""ISCHEMIC_HEART_DISEASE"",""KIDNEY_DISEASE""]}",5,6,"[""ARTHRITIS"",""COPD"",""DIABETES"",""ISCHEMIC_HEART_DISEASE"",""KIDNEY_DISEASE""]","[[""ARTHRITIS"",""COPD""],[""ARTHRITIS"",""DIABETES""],[""ARTHRITIS"",""ISCHEMIC_HEART_DISEASE""],[""COPD"",""ISCHEMIC_HEART_DISEASE""],[""DIABETES"",""ISCHEMIC_HEART_DISEASE""],[""DIABETES"",""KIDNEY_DISEASE""]]",occ_d4e7da5f9a3cd0c9,True,True,False,39,0.4148936170212766,28,47,1.0,36.932,34.0,39.0,47,94,28,0.2978723404255319,24,"[""2023_01_education_binary_lower"",""2023_05_education_binary_lower"",""2023_13_education_binary_lower"",""2023_16_education_binary_lower"",""2023_18_education_binary_higher"",""2023_18_education_binary_lower"",""2023_19_education_binary_lower"",""2023_22_education_binary_lower"",""2023_23_education_binary_higher"",""2023_23_education_binary_lower"",""2023_24_education_binary_lower"",""2023_25_education_binary_higher"",""2023_26_education_binary_higher"",""2023_31_education_binary_higher"",""2023_37_education_binary_lower"",""2023_38_education_binary_higher"",""2023_39_education_binary_higher"",""2023_39_education_binary_lower"",""2023_40_education_binary_higher"",""2023_41_education_binary_higher"",""2023_45_education_binary_higher"",""2023_47_education_binary_higher"",""2023_47_education_binary_lower"",""2023_48_education_binary_lower"",""2023_51_education_binary_lower"",""2023_53_education_binary_lower"",""2023_54_education_binary_lower"",""2023_55_education_binary_higher""]",True,-0.11702127659574468
motif_0b0d398a14e5f2a3,0b0d398a14e5f2a30199e6825be58e760338691c71dca3fd08a377af0e23fcb1,"{""edges"":[[""ARTHRITIS"",""DIABETES""],[""ARTHRITIS"",""ISCHEMIC_HEART_DISEASE""],[""DIABETES"",""ISCHEMIC_HEART_DISEASE""],[""ISCHEMIC_HEART_DISEASE"",""STROKE""]],""nodes"":[""ARTHRITIS"",""DIABETES"",""ISCHEMIC_HEART_DISEASE"",""STROKE""]}",4,4,"[""ARTHRITIS"",""DIABETES"",""ISCHEMIC_HEART_DISEASE"",""STROKE""]","[[""ARTHRITIS"",""DIABETES""],[""ARTHRITIS"",""ISCHEMIC_HEART_DISEASE""],[""DIABETES"",""ISCHEMIC_HEART_DISEASE""],[""ISCHEMIC_HEART_DISEASE"",""STROKE""]]",occ_691d11aa5f3714e7,True,True,False,53,0.5638297872340425,32,47,1.0,51.424,49.0,53.0,47,94,45,0.4787234042553192,34,"[""2023_01_education_binary_lower"",""2023_04_education_binary_higher"",""2023_04_education_binary_lower"",""2023_05_education_binary_higher"",""2023_05_education_binary_lower"",""2023_08_education_binary_lower"",""2023_13_education_binary_lower"",""2023_16_education_binary_lower"",""2023_18_education_binary_higher"",""2023_18_education_binary_lower"",""2023_19_education_binary_higher"",""2023_19_education_binary_lower"",""2023_20_education_binary_higher"",""2023_22_education_binary_lower"",""2023_23_education_binary_higher"",""2023_23_education_binary_lower"",""2023_24_education_binary_lower"",""2023_25_education_binary_higher"",""2023_26_education_binary_higher"",""2023_27_education_binary_lower"",""2023_30_education_binary_lower"",""2023_31_education_binary_higher"",""2023_33_education_binary_lower"",""2023_36_education_binary_lower"",""2023_37_education_binary_lower"",""2023_38_education_binary_higher"",""2023_39_education_binary_higher"",""2023_39_education_binary_lower"",""2023_40_education_binary_higher"",""2023_41_education_binary_higher"",""2023_44_education_binary_higher"",""2023_45_education_binary_higher"",""2023_45_education_binary_lower"",""2023_47_education_binary_higher"",""2023_47_education_binary_lower"",""2023_48_education_binary_lower"",""2023_49_education_binary_lower"",""2023_51_education_binary_lower"",""2023_53_education_binary_higher"",""2023_53_education_binary_lower"",""2023_54_education_binary_higher"",""2023_54_education_binary_lower"",""2023_55_education_binary_higher"",""2023_55_education_binary_lower"",""2023_56_education_binary_higher""]",True,-0.08510638297872336
motif_0bae3f446a0ef73b,0bae3f446a0ef73b77ae225db83b19591e14bccd9bda4d3f12634323a1e94d31,"{""edges"":[[""ARTHRITIS"",""DIABETES""],[""ARTHRITIS"",""ISCHEMIC_HEART_DISEASE""],[""ARTHRITIS"",""KIDNEY_DISEASE""],[""ARTHRITIS"",""OTHER_CANCER""],[""DIABETES"",""ISCHEMIC_HEART_DISEASE""]],""nodes"":[""ARTHRITIS"",""DIABETES"",""ISCHEMIC_HEART_DISEASE"",""KIDNEY_DISEASE"",""OTHER_CANCER""]}",5,5,"[""ARTHRITIS"",""DIABETES"",""ISCHEMIC_HEART_DISEASE"",""KIDNEY_DISEASE"",""OTHER_CANCER""]","[[""ARTHRITIS"",""DIABETES""],[""ARTHRITIS"",""ISCHEMIC_HEART_DISEASE""],[""ARTHRITIS"",""KIDNEY_DISEASE""],[""ARTHRITIS"",""OTHER_CANCER""],[""DIABETES"",""ISCHEMIC_HEART_DISEASE""]]",occ_c17cd9402f1eab65,True,True,False,24,0.2553191489361702,19,47,1.0,23.14,21.0,24.0,47,94,22,0.23404255319148937,16,"[""2023_01_education_binary_lower"",""2023_04_education_binary_higher"",""2023_05_education_binary_lower"",""2023_13_education_binary_higher"",""2023_13_education_binary_lower"",""2023_18_education_binary_higher"",""2023_18_education_binary_lower"",""2023_19_education_binary_lower"",""2023_23_education_binary_lower"",""2023_25_education_binary_higher"",""2023_27_education_binary_lower"",""2023_37_education_binary_lower"",""2023_39_education_binary_higher"",""2023_39_education_binary_lower"",""2023_45_education_binary_higher"",""2023_45_education_binary_lower"",""2023_47_education_binary_higher"",""2023_47_education_binary_lower"",""2023_49_education_binary_lower"",""2023_51_education_binary_lower"",""2023_53_education_binary_higher"",""2023_53_education_binary_lower""]",True,-0.021276595744680826
motif_0c0cba279f8eaafe,0c0cba279f8eaafe8d4075d6ff68d933bc59dd86d9dba1e4d4aa221526806e63,"{""edges"":[[""ARTHRITIS"",""COPD""],[""ARTHRITIS"",""DIABETES""],[""COPD"",""ISCHEMIC_HEART_DISEASE""],[""DIABETES"",""ISCHEMIC_HEART_DISEASE""],[""ISCHEMIC_HEART_DISEASE"",""STROKE""]],""nodes"":[""ARTHRITIS"",""COPD"",""DIABETES"",""ISCHEMIC_HEART_DISEASE"",""STROKE""]}",5,5,"[""ARTHRITIS"",""COPD"",""DIABETES"",""ISCHEMIC_HEART_DISEASE"",""STROKE""]","[[""ARTHRITIS"",""COPD""],[""ARTHRITIS"",""DIABETES""],[""COPD"",""ISCHEMIC_HEART_DISEASE""],[""DIABETES"",""ISCHEMIC_HEART_DISEASE""],[""ISCHEMIC_HEART_DISEASE"",""STROKE""]]",occ_3f937bdfe7aff15a,True,True,False,44,0.4680851063829787,29,47,1.0,42.338,40.0,44.0,47,94,39,0.4148936170212766,31,"[""2023_01_education_binary_lower"",""2023_05_education_binary_higher"",""2023_05_education_binary_lower"",""2023_13_education_binary_lower"",""2023_16_education_binary_lower"",""2023_18_education_binary_higher"",""2023_18_education_binary_lower"",""2023_19_education_binary_lower"",""2023_22_education_binary_lower"",""2023_23_education_binary_higher"",""2023_23_education_binary_lower"",""2023_24_education_binary_lower"",""2023_25_education_binary_higher"",""2023_26_education_binary_higher"",""2023_27_education_binary_lower"",""2023_29_education_binary_higher"",""2023_30_education_binary_lower"",""2023_31_education_binary_higher"",""2023_36_education_binary_lower"",""2023_37_education_binary_lower"",""2023_38_education_binary_higher"",""2023_39_education_binary_higher"",""2023_39_education_binary_lower"",""2023_40_education_binary_higher"",""2023_41_education_binary_higher"",""2023_44_education_binary_higher"",""2023_45_education_binary_higher"",""2023_45_education_binary_lower"",""2023_47_education_binary_higher"",""2023_47_education_binary_lower"",""2023_48_education_binary_lower"",""2023_49_education_binary_lower"",""2023_51_education_binary_lower"",""2023_53_education_binary_lower"",""2023_54_education_binary_higher"",""2023_54_education_binary_lower"",""2023_55_education_binary_higher"",""2023_55_education_binary_lower"",""2023_56_education_binary_higher""]",True,-0.05319148936170209
motif_0dd4e2d3dd505b69,0dd4e2d3dd505b6997a1cb4cbef904e8da6f679ad06b4514b670fdf170081753,"{""edges"":[[""ARTHRITIS"",""DIABETES""],[""ARTHRITIS"",""ISCHEMIC_HEART_DISEASE""],[""ARTHRITIS"",""KIDNEY_DISEASE""],[""DIABETES"",""ISCHEMIC_HEART_DISEASE""],[""ISCHEMIC_HEART_DISEASE"",""KIDNEY_DISEASE""]],""nodes"":[""ARTHRITIS"",""DIABETES"",""ISCHEMIC_HEART_DISEASE"",""KIDNEY_DISEASE""]}",4,5,"[""ARTHRITIS"",""DIABETES"",""ISCHEMIC_HEART_DISEASE"",""KIDNEY_DISEASE""]","[[""ARTHRITIS"",""DIABETES""],[""ARTHRITIS"",""ISCHEMIC_HEART_DISEASE""],[""ARTHRITIS"",""KIDNEY_DISEASE""],[""DIABETES"",""ISCHEMIC_HEART_DISEASE""],[""ISCHEMIC_HEART_DISEASE"",""KIDNEY_DISEASE""]]",occ_a81e0506b1aaf663,False,False,False,22,0.2340425531914893,16,47,0.966,20.742,18.0,22.0,46,92,16,0.17391304347826086,13,"[""2023_01_education_binary_lower"",""2023_05_education_binary_lower"",""2023_18_education_binary_higher"",""2023_18_education_binary_lower"",""2023_22_education_binary_lower"",""2023_37_education_binary_lower"",""2023_39_education_binary_higher"",""2023_39_education_binary_lower"",""2023_40_education_binary_higher"",""2023_45_education_binary_lower"",""2023_47_education_binary_higher"",""2023_47_education_binary_lower"",""2023_48_education_binary_lower"",""2023_49_education_binary_lower"",""2023_51_education_binary_lower"",""2023_53_education_binary_lower""]",False,-0.060129509713228446
motif_0dede2e6fa5a899a,0dede2e6fa5a899a4fcd5c55e5bfc7fa5841fcaf0a9a9631c95449349ac30fd7,"{""edges"":[[""ARTHRITIS"",""DIABETES""],[""ARTHRITIS"",""OTHER_CANCER""],[""COPD"",""ISCHEMIC_HEART_DISEASE""],[""DIABETES"",""ISCHEMIC_HEART_DISEASE""]],""nodes"":[""ARTHRITIS"",""COPD"",""DIABETES"",""ISCHEMIC_HEART_DISEASE"",""OTHER_CANCER""]}",5,4,"[""ARTHRITIS"",""COPD"",""DIABETES"",""ISCHEMIC_HEART_DISEASE"",""OTHER_CANCER""]","[[""ARTHRITIS"",""DIABETES""],[""ARTHRITIS"",""OTHER_CANCER""],[""COPD"",""ISCHEMIC_HEART_DISEASE""],[""DIABETES"",""ISCHEMIC_HEART_DISEASE""]]",occ_25e42dbd8419243e,False,False,False,35,0.3723404255319149,24,47,1.0,33.524,31.0,35.0,47,94,37,0.39361702127659576,27,"[""2023_01_education_binary_lower"",""2023_05_education_binary_higher"",""2023_05_education_binary_lower"",""2023_13_education_binary_higher"",""2023_13_education_binary_lower"",""2023_16_education_binary_lower"",""2023_18_education_binary_higher"",""2023_18_education_binary_lower"",""2023_19_education_binary_lower"",""2023_23_education_binary_higher"",""2023_23_education_binary_lower"",""2023_24_education_binary_lower"",""2023_25_education_binary_higher"",""2023_26_education_binary_higher"",""2023_27_education_binary_lower"",""2023_29_education_binary_higher"",""2023_30_education_binary_lower"",""2023_31_education_binary_higher"",""2023_36_education_binary_lower"",""2023_37_education_binary_lower"",""2023_38_education_binary_higher"",""2023_39_education_binary_higher"",""2023_39_education_binary_lower"",""2023_41_education_binary_higher"",""2023_44_education_binary_higher"",""2023_45_education_binary_higher"",""2023_45_education_binary_lower"",""2023_47_education_binary_higher"",""2023_47_education_binary_lower"",""2023_49_education_binary_lower"",""2023_51_education_binary_lower"",""2023_53_education_binary_higher"",""2023_53_education_binary_lower"",""2023_54_education_binary_higher"",""2023_54_education_binary_lower"",""2023_55_education_binary_higher"",""2023_55_education_binary_lower""]",True,0.021276595744680882
motif_0e5e85a7dddbb60d,0e5e85a7dddbb60d4ace42c24e079971029541ad597b40f07653e26bb9f2394f,"{""edges"":[[""ARTHRITIS"",""DIABETES""],[""ARTHRITIS"",""ISCHEMIC_HEART_DISEASE""],[""DIABETES"",""ISCHEMIC_HEART_DISEASE""],[""DIABETES"",""KIDNEY_DISEASE""],[""ISCHEMIC_HEART_DISEASE"",""KIDNEY_DISEASE""],[""ISCHEMIC_HEART_DISEASE"",""STROKE""]],""nodes"":[""ARTHRITIS"",""DIABETES"",""ISCHEMIC_HEART_DISEASE"",""KIDNEY_DISEASE"",""STROKE""]}",5,6,"[""ARTHRITIS"",""DIABETES"",""ISCHEMIC_HEART_DISEASE"",""KIDNEY_DISEASE"",""STROKE""]","[[""ARTHRITIS"",""DIABETES""],[""ARTHRITIS"",""ISCHEMIC_HEART_DISEASE""],[""DIABETES"",""ISCHEMIC_HEART_DISEASE""],[""DIABETES"",""KIDNEY_DISEASE""],[""ISCHEMIC_HEART_DISEASE"",""KIDNEY_DISEASE""],[""ISCHEMIC_HEART_DISEASE"",""STROKE""]]",occ_50bdc04d7bdb72f9,True,True,False,30,0.3191489361702128,21,47,1.0,28.066,25.0,30.0,46,92,21,0.22826086956521738,18,"[""2023_01_education_binary_lower"",""2023_04_education_binary_lower"",""2023_05_education_binary_lower"",""2023_18_education_binary_higher"",""2023_18_education_binary_lower"",""2023_22_education_binary_lower"",""2023_23_education_binary_higher"",""2023_26_education_binary_higher"",""2023_31_education_binary_higher"",""2023_33_education_binary_lower"",""2023_37_education_binary_lower"",""2023_38_education_binary_higher"",""2023_39_education_binary_higher"",""2023_39_education_binary_lower"",""2023_40_education_binary_higher"",""2023_47_education_binary_higher"",""2023_47_education_binary_lower"",""2023_48_education_binary_lower"",""2023_51_education_binary_lower"",""2023_53_education_binary_lower"",""2023_54_education_binary_lower""]",True,-0.0908880666049954
motif_0e63e1f3da53f70b,0e63e1f3da53f70be60b027f4d85408ab98dd386c7fb3ca9553689aac4cfefc7,"{""edges"":[[""ARTHRITIS"",""DIABETES""],[""ARTHRITIS"",""OTHER_CANCER""],[""DIABETES"",""ISCHEMIC_HEART_DISEASE""],[""DIABETES"",""KIDNEY_DISEASE""]],""nodes"":[""ARTHRITIS"",""DIABETES"",""ISCHEMIC_HEART_DISEASE"",""KIDNEY_DISEASE"",""OTHER_CANCER""]}",5,4,"[""ARTHRITIS"",""DIABETES"",""ISCHEMIC_HEART_DISEASE"",""KIDNEY_DISEASE"",""OTHER_CANCER""]","[[""ARTHRITIS"",""DIABETES""],[""ARTHRITIS"",""OTHER_CANCER""],[""DIABETES"",""ISCHEMIC_HEART_DISEASE""],[""DIABETES"",""KIDNEY_DISEASE""]]",occ_020686f31f7797e8,False,False,False,36,0.3829787234042553,25,47,1.0,34.37,32.0,36.0,47,94,33,0.35106382978723405,27,"[""2023_01_education_binary_lower"",""2023_04_education_binary_higher"",""2023_05_education_binary_lower"",""2023_09_education_binary_higher"",""2023_13_education_binary_lower"",""2023_16_education_binary_lower"",""2023_17_education_binary_higher"",""2023_18_education_binary_higher"",""2023_18_education_binary_lower"",""2023_19_education_binary_lower"",""2023_20_education_binary_higher"",""2023_23_education_binary_higher"",""2023_23_education_binary_lower"",""2023_24_education_binary_higher"",""2023_24_education_binary_lower"",""2023_25_education_binary_higher"",""2023_26_education_binary_higher"",""2023_29_education_binary_higher"",""2023_31_education_binary_higher"",""2023_33_education_binary_lower"",""2023_37_education_binary_lower"",""2023_38_education_binary_higher"",""2023_39_education_binary_higher"",""2023_39_education_binary_lower"",""2023_41_education_binary_higher"",""2023_45_education_binary_higher"",""2023_47_education_binary_higher"",""2023_47_education_binary_lower"",""2023_51_education_binary_lower"",""2023_53_education_binary_higher"",""2023_53_education_binary_lower"",""2023_54_education_binary_lower"",""2023_55_education_binary_higher""]",True,-0.03191489361702127
motif_0ef225c16706d8fe,0ef225c16706d8fe759cf6da6610a0f9e44aaba48cc80346faa53ad273528c4a,"{""edges"":[[""ARTHRITIS"",""ISCHEMIC_HEART_DISEASE""],[""ARTHRITIS"",""SKIN_CANCER""]],""nodes"":[""ARTHRITIS"",""ISCHEMIC_HEART_DISEASE"",""SKIN_CANCER""]}",3,2,"[""ARTHRITIS"",""ISCHEMIC_HEART_DISEASE"",""SKIN_CANCER""]","[[""ARTHRITIS"",""ISCHEMIC_HEART_DISEASE""],[""ARTHRITIS"",""SKIN_CANCER""]]",occ_581c5704df278e5a,False,False,False,32,0.3404255319148936,26,47,1.0,30.864,29.0,32.0,47,94,30,0.3191489361702128,25,"[""2023_01_education_binary_higher"",""2023_04_education_binary_higher"",""2023_06_education_binary_higher"",""2023_08_education_binary_higher"",""2023_09_education_binary_lower"",""2023_10_education_binary_higher"",""2023_10_education_binary_lower"",""2023_12_education_binary_higher"",""2023_13_education_binary_lower"",""2023_16_education_binary_lower"",""2023_18_education_binary_higher"",""2023_18_education_binary_lower"",""2023_22_education_binary_higher"",""2023_25_education_binary_higher"",""2023_30_education_binary_lower"",""2023_31_education_binary_lower"",""2023_38_education_binary_lower"",""2023_39_education_binary_lower"",""2023_41_education_binary_higher"",""2023_45_education_binary_lower"",""2023_47_education_binary_lower"",""2023_49_education_binary_higher"",""2023_49_education_binary_lower"",""2023_50_education_binary_higher"",""2023_50_education_binary_lower"",""2023_53_education_binary_higher"",""2023_54_education_binary_higher"",""2023_54_education_binary_lower"",""2023_55_education_binary_lower"",""2023_56_education_binary_higher""]",True,-0.021276595744680826
motif_0f0ac668f0dc386c,0f0ac668f0dc386c4e443cc4c606a7c5b13cc2d5bd9f7a103e04d0acd512f91d,"{""edges"":[[""ARTHRITIS"",""DIABETES""],[""ARTHRITIS"",""ISCHEMIC_HEART_DISEASE""],[""DIABETES"",""KIDNEY_DISEASE""],[""ISCHEMIC_HEART_DISEASE"",""KIDNEY_DISEASE""],[""ISCHEMIC_HEART_DISEASE"",""STROKE""]],""nodes"":[""ARTHRITIS"",""DIABETES"",""ISCHEMIC_HEART_DISEASE"",""KIDNEY_DISEASE"",""STROKE""]}",5,5,"[""ARTHRITIS"",""DIABETES"",""ISCHEMIC_HEART_DISEASE"",""KIDNEY_DISEASE"",""STROKE""]","[[""ARTHRITIS"",""DIABETES""],[""ARTHRITIS"",""ISCHEMIC_HEART_DISEASE""],[""DIABETES"",""KIDNEY_DISEASE""],[""ISCHEMIC_HEART_DISEASE"",""KIDNEY_DISEASE""],[""ISCHEMIC_HEART_DISEASE"",""STROKE""]]",occ_d9eaa8cd7bb1e48f,True,True,False,32,0.3404255319148936,23,47,1.0,29.942,27.0,32.0,46,92,22,0.2391304347826087,19,"[""2023_01_education_binary_lower"",""2023_04_education_binary_lower"",""2023_05_education_binary_lower"",""2023_12_education_binary_lower"",""2023_18_education_binary_higher"",""2023_18_education_binary_lower"",""2023_22_education_binary_lower"",""2023_23_education_binary_higher"",""2023_26_education_binary_higher"",""2023_31_education_binary_higher"",""2023_33_education_binary_lower"",""2023_37_education_binary_lower"",""2023_38_education_binary_higher"",""2023_39_education_binary_higher"",""2023_39_education_binary_lower"",""2023_40_education_binary_higher"",""2023_47_education_binary_higher"",""2023_47_education_binary_lower"",""2023_48_education_binary_lower"",""2023_51_education_binary_lower"",""2023_53_education_binary_lower"",""2023_54_education_binary_lower""]",True,-0.1012950971322849
motif_0f1eaadb5b328872,0f1eaadb5b3288720a4c78d7fa19a05a9aadc7622fcf7bf36e535322e00ae8b5,"{""edges"":[[""ARTHRITIS"",""ISCHEMIC_HEART_DISEASE""],[""ARTHRITIS"",""KIDNEY_DISEASE""],[""COPD"",""ISCHEMIC_HEART_DISEASE""],[""DIABETES"",""ISCHEMIC_HEART_DISEASE""],[""DIABETES"",""KIDNEY_DISEASE""]],""nodes"":[""ARTHRITIS"",""COPD"",""DIABETES"",""ISCHEMIC_HEART_DISEASE"",""KIDNEY_DISEASE""]}",5,5,"[""ARTHRITIS"",""COPD"",""DIABETES"",""ISCHEMIC_HEART_DISEASE"",""KIDNEY_DISEASE""]","[[""ARTHRITIS"",""ISCHEMIC_HEART_DISEASE""],[""ARTHRITIS"",""KIDNEY_DISEASE""],[""COPD"",""ISCHEMIC_HEART_DISEASE""],[""DIABETES"",""ISCHEMIC_HEART_DISEASE""],[""DIABETES"",""KIDNEY_DISEASE""]]",occ_921e08655930c482,False,False,False,27,0.2872340425531915,19,47,1.0,25.706,23.0,27.0,47,94,20,0.2127659574468085,16,"[""2023_01_education_binary_lower"",""2023_05_education_binary_lower"",""2023_13_education_binary_lower"",""2023_18_education_binary_higher"",""2023_18_education_binary_lower"",""2023_19_education_binary_lower"",""2023_22_education_binary_lower"",""2023_23_education_binary_lower"",""2023_25_education_binary_higher"",""2023_37_education_binary_lower"",""2023_39_education_binary_higher"",""2023_39_education_binary_lower"",""2023_40_education_binary_higher"",""2023_45_education_binary_higher"",""2023_47_education_binary_higher"",""2023_47_education_binary_lower"",""2023_48_education_binary_lower"",""2023_51_education_binary_lower"",""2023_53_education_binary_higher"",""2023_53_education_binary_lower""]",True,-0.074468085106383
motif_0f41a99567ec9bba,0f41a99567ec9bbab9e04d59366e79e78b3bfc7e19729d33cde2ab3f53aba25e,"{""edges"":[[""ARTHRITIS"",""COPD""],[""ARTHRITIS"",""DIABETES""],[""ARTHRITIS"",""ISCHEMIC_HEART_DISEASE""],[""DIABETES"",""KIDNEY_DISEASE""],[""ISCHEMIC_HEART_DISEASE"",""KIDNEY_DISEASE""]],""nodes"":[""ARTHRITIS"",""COPD"",""DIABETES"",""ISCHEMIC_HEART_DISEASE"",""KIDNEY_DISEASE""]}",5,5,"[""ARTHRITIS"",""COPD"",""DIABETES"",""ISCHEMIC_HEART_DISEASE"",""KIDNEY_DISEASE""]","[[""ARTHRITIS"",""COPD""],[""ARTHRITIS"",""DIABETES""],[""ARTHRITIS"",""ISCHEMIC_HEART_DISEASE""],[""DIABETES"",""KIDNEY_DISEASE""],[""ISCHEMIC_HEART_DISEASE"",""KIDNEY_DISEASE""]]",occ_4d80023dd2a9ef78,True,True,False,35,0.3723404255319149,26,47,1.0,32.918,30.0,35.0,46,92,22,0.2391304347826087,19,"[""2023_01_education_binary_lower"",""2023_05_education_binary_lower"",""2023_12_education_binary_lower"",""2023_18_education_binary_higher"",""2023_18_education_binary_lower"",""2023_22_education_binary_lower"",""2023_23_education_binary_higher"",""2023_24_education_binary_higher"",""2023_26_education_binary_higher"",""2023_31_education_binary_higher"",""2023_33_education_binary_lower"",""2023_37_education_binary_lower"",""2023_38_education_binary_higher"",""2023_39_education_binary_higher"",""2023_39_education_binary_lower"",""2023_40_education_binary_higher"",""2023_47_education_binary_higher"",""2023_47_education_binary_lower"",""2023_48_education_binary_lower"",""2023_51_education_binary_lower"",""2023_53_education_binary_lower"",""2023_54_education_binary_lower""]",True,-0.13320999074930617
motif_117ce0c6871a8986,117ce0c6871a8986bd6a3f93d8a989d677af79418c014f6f59d38eb935d82af1,"{""edges"":[[""ARTHRITIS"",""COPD""],[""ARTHRITIS"",""KIDNEY_DISEASE""],[""DIABETES"",""ISCHEMIC_HEART_DISEASE""],[""DIABETES"",""KIDNEY_DISEASE""],[""ISCHEMIC_HEART_DISEASE"",""KIDNEY_DISEASE""]],""nodes"":[""ARTHRITIS"",""COPD"",""DIABETES"",""ISCHEMIC_HEART_DISEASE"",""KIDNEY_DISEASE""]}",5,5,"[""ARTHRITIS"",""COPD"",""DIABETES"",""ISCHEMIC_HEART_DISEASE"",""KIDNEY_DISEASE""]","[[""ARTHRITIS"",""COPD""],[""ARTHRITIS"",""KIDNEY_DISEASE""],[""DIABETES"",""ISCHEMIC_HEART_DISEASE""],[""DIABETES"",""KIDNEY_DISEASE""],[""ISCHEMIC_HEART_DISEASE"",""KIDNEY_DISEASE""]]",occ_7066f4fd4527e206,True,True,False,22,0.2340425531914893,16,47,0.956,20.582,18.0,22.0,46,92,14,0.15217391304347827,11,"[""2023_01_education_binary_lower"",""2023_05_education_binary_lower"",""2023_18_education_binary_higher"",""2023_18_education_binary_lower"",""2023_22_education_binary_lower"",""2023_37_education_binary_lower"",""2023_39_education_binary_higher"",""2023_39_education_binary_lower"",""2023_40_education_binary_higher"",""2023_47_education_binary_higher"",""2023_47_education_binary_lower"",""2023_48_education_binary_lower"",""2023_51_education_binary_lower"",""2023_53_education_binary_lower""]",False,-0.08186864014801104
motif_130e8d015ee1c8e6,130e8d015ee1c8e6f864de7508fd6761ccd18342029e6cf4004840d871ad6352,"{""edges"":[[""ARTHRITIS"",""DIABETES""],[""ARTHRITIS"",""OTHER_CANCER""],[""DIABETES"",""KIDNEY_DISEASE""]],""nodes"":[""ARTHRITIS"",""DIABETES"",""KIDNEY_DISEASE"",""OTHER_CANCER""]}",4,3,"[""ARTHRITIS"",""DIABETES"",""KIDNEY_DISEASE"",""OTHER_CANCER""]","[[""ARTHRITIS"",""DIABETES""],[""ARTHRITIS"",""OTHER_CANCER""],[""DIABETES"",""KIDNEY_DISEASE""]]",occ_45cb7dfadbc7ce1e,False,False,False,45,0.4787234042553192,30,47,1.0,42.928,40.0,45.0,47,94,39,0.4148936170212766,31,"[""2023_01_education_binary_lower"",""2023_02_education_binary_higher"",""2023_04_education_binary_higher"",""2023_05_education_binary_lower"",""2023_09_education_binary_higher"",""2023_10_education_binary_lower"",""2023_12_education_binary_lower"",""2023_13_education_binary_lower"",""2023_16_education_binary_lower"",""2023_17_education_binary_higher"",""2023_18_education_binary_higher"",""2023_18_education_binary_lower"",""2023_19_education_binary_lower"",""2023_20_education_binary_higher"",""2023_23_education_binary_higher"",""2023_23_education_binary_lower"",""2023_24_education_binary_higher"",""2023_24_education_binary_lower"",""2023_25_education_binary_higher"",""2023_26_education_binary_higher"",""2023_26_education_binary_lower"",""2023_29_education_binary_higher"",""2023_30_education_binary_higher"",""2023_31_education_binary_higher"",""2023_33_education_binary_lower"",""2023_37_education_binary_lower"",""2023_38_education_binary_higher"",""2023_38_education_binary_lower"",""2023_39_education_binary_higher"",""2023_39_education_binary_lower"",""2023_41_education_binary_higher"",""2023_45_education_binary_higher"",""2023_47_education_binary_higher"",""2023_47_education_binary_lower"",""2023_51_education_binary_lower"",""2023_53_education_binary_higher"",""2023_53_education_binary_lower"",""2023_54_education_binary_lower"",""2023_55_education_binary_higher""]",True,-0.06382978723404259
motif_138711240361b16d,138711240361b16d976fcc460f97dd5abff89530d08745a91c2d43f09e93b763,"{""edges"":[[""ARTHRITIS"",""COPD""],[""ARTHRITIS"",""KIDNEY_DISEASE""],[""DIABETES"",""ISCHEMIC_HEART_DISEASE""],[""DIABETES"",""KIDNEY_DISEASE""]],""nodes"":[""ARTHRITIS"",""COPD"",""DIABETES"",""ISCHEMIC_HEART_DISEASE"",""KIDNEY_DISEASE""]}",5,4,"[""ARTHRITIS"",""COPD"",""DIABETES"",""ISCHEMIC_HEART_DISEASE"",""KIDNEY_DISEASE""]","[[""ARTHRITIS"",""COPD""],[""ARTHRITIS"",""KIDNEY_DISEASE""],[""DIABETES"",""ISCHEMIC_HEART_DISEASE""],[""DIABETES"",""KIDNEY_DISEASE""]]",occ_2b966897c32a25eb,True,True,False,35,0.3723404255319149,25,47,1.0,33.332,30.0,35.0,47,94,21,0.22340425531914893,18,"[""2023_01_education_binary_lower"",""2023_04_education_binary_higher"",""2023_05_education_binary_lower"",""2023_13_education_binary_lower"",""2023_18_education_binary_higher"",""2023_18_education_binary_lower"",""2023_19_education_binary_lower"",""2023_22_education_binary_lower"",""2023_23_education_binary_lower"",""2023_25_education_binary_higher"",""2023_29_education_binary_higher"",""2023_37_education_binary_lower"",""2023_39_education_binary_higher"",""2023_39_education_binary_lower"",""2023_40_education_binary_higher"",""2023_45_education_binary_higher"",""2023_47_education_binary_higher"",""2023_47_education_binary_lower"",""2023_48_education_binary_lower"",""2023_51_education_binary_lower"",""2023_53_education_binary_lower""]",True,-0.14893617021276595
motif_13987350646e3e50,13987350646e3e50babdaecdcf0d7b8fc02b021d12482eab2b2d083ef7e53199,"{""edges"":[[""ARTHRITIS"",""ISCHEMIC_HEART_DISEASE""],[""ARTHRITIS"",""KIDNEY_DISEASE""],[""DIABETES"",""KIDNEY_DISEASE""],[""ISCHEMIC_HEART_DISEASE"",""KIDNEY_DISEASE""]],""nodes"":[""ARTHRITIS"",""DIABETES"",""ISCHEMIC_HEART_DISEASE"",""KIDNEY_DISEASE""]}",4,4,"[""ARTHRITIS"",""DIABETES"",""ISCHEMIC_HEART_DISEASE"",""KIDNEY_DISEASE""]","[[""ARTHRITIS"",""ISCHEMIC_HEART_DISEASE""],[""ARTHRITIS"",""KIDNEY_DISEASE""],[""DIABETES"",""KIDNEY_DISEASE""],[""ISCHEMIC_HEART_DISEASE"",""KIDNEY_DISEASE""]]",occ_584aa993e41d94b9,False,False,False,23,0.2446808510638297,18,47,0.994,21.676,19.0,23.0,46,92,14,0.15217391304347827,11,"[""2023_01_education_binary_lower"",""2023_05_education_binary_lower"",""2023_18_education_binary_higher"",""2023_18_education_binary_lower"",""2023_22_education_binary_lower"",""2023_37_education_binary_lower"",""2023_39_education_binary_higher"",""2023_39_education_binary_lower"",""2023_40_education_binary_higher"",""2023_47_education_binary_higher"",""2023_47_education_binary_lower"",""2023_48_education_binary_lower"",""2023_51_education_binary_lower"",""2023_53_education_binary_lower""]",False,-0.09250693802035143
motif_144357e970631bdc,144357e970631bdc6e516c394fdf62cf99fa607041f339b2fe49fa9d87967d51,"{""edges"":[[""ARTHRITIS"",""COPD""],[""ARTHRITIS"",""ISCHEMIC_HEART_DISEASE""],[""ARTHRITIS"",""KIDNEY_DISEASE""],[""COPD"",""ISCHEMIC_HEART_DISEASE""]],""nodes"":[""ARTHRITIS"",""COPD"",""ISCHEMIC_HEART_DISEASE"",""KIDNEY_DISEASE""]}",4,4,"[""ARTHRITIS"",""COPD"",""ISCHEMIC_HEART_DISEASE"",""KIDNEY_DISEASE""]","[[""ARTHRITIS"",""COPD""],[""ARTHRITIS"",""ISCHEMIC_HEART_DISEASE""],[""ARTHRITIS"",""KIDNEY_DISEASE""],[""COPD"",""ISCHEMIC_HEART_DISEASE""]]",occ_080b040d19c3f981,False,False,False,30,0.3191489361702128,21,47,1.0,28.902,26.0,30.0,47,94,27,0.2872340425531915,21,"[""2023_01_education_binary_lower"",""2023_05_education_binary_lower"",""2023_10_education_binary_higher"",""2023_13_education_binary_higher"",""2023_13_education_binary_lower"",""2023_18_education_binary_higher"",""2023_18_education_binary_lower"",""2023_19_education_binary_lower"",""2023_22_education_binary_lower"",""2023_23_education_binary_lower"",""2023_25_education_binary_higher"",""2023_26_education_binary_lower"",""2023_27_education_binary_lower"",""2023_37_education_binary_lower"",""2023_39_education_binary_higher"",""2023_39_education_binary_lower"",""2023_40_education_binary_higher"",""2023_40_education_binary_lower"",""2023_45_education_binary_higher"",""2023_45_education_binary_lower"",""2023_46_education_binary_lower"",""2023_47_education_binary_higher"",""2023_47_education_binary_lower"",""2023_48_education_binary_lower"",""2023_49_education_binary_lower"",""2023_51_education_binary_lower"",""2023_53_education_binary_lower""]",True,-0.03191489361702127
motif_144e36faf313d657,144e36faf313d6573b27fe7012c9873ef7b050200e78d067ab39f34f12f36b73,"{""edges"":[[""ARTHRITIS"",""COPD""],[""ARTHRITIS"",""DIABETES""],[""COPD"",""CURRENT_ASTHMA""]],""nodes"":[""ARTHRITIS"",""COPD"",""CURRENT_ASTHMA"",""DIABETES""]}",4,3,"[""ARTHRITIS"",""COPD"",""CURRENT_ASTHMA"",""DIABETES""]","[[""ARTHRITIS"",""COPD""],[""ARTHRITIS"",""DIABETES""],[""COPD"",""CURRENT_ASTHMA""]]",occ_b7f8b211e5df9f20,True,True,False,68,0.723404255319149,41,47,1.0,66.606,64.0,68.0,47,94,60,0.6382978723404256,39,"[""2023_01_education_binary_higher"",""2023_01_education_binary_lower"",""2023_02_education_binary_higher"",""2023_04_education_binary_higher"",""2023_05_education_binary_higher"",""2023_05_education_binary_lower"",""2023_06_education_binary_lower"",""2023_08_education_binary_lower"",""2023_12_education_binary_lower"",""2023_13_education_binary_higher"",""2023_13_education_binary_lower"",""2023_16_education_binary_lower"",""2023_18_education_binary_higher"",""2023_18_education_binary_lower"",""2023_19_education_binary_higher"",""2023_19_education_binary_lower"",""2023_20_education_binary_higher"",""2023_22_education_binary_lower"",""2023_23_education_binary_higher"",""2023_23_education_binary_lower"",""2023_24_education_binary_higher"",""2023_24_education_binary_lower"",""2023_25_education_binary_higher"",""2023_25_education_binary_lower"",""2023_26_education_binary_higher"",""2023_26_education_binary_lower"",""2023_27_education_binary_lower"",""2023_28_education_binary_higher"",""2023_28_education_binary_lower"",""2023_29_education_binary_higher"",""2023_29_education_binary_lower"",""2023_30_education_binary_higher"",""2023_30_education_binary_lower"",""2023_31_education_binary_lower"",""2023_33_education_binary_lower"",""2023_34_education_binary_lower"",""2023_36_education_binary_lower"",""2023_37_education_binary_higher"",""2023_39_education_binary_higher"",""2023_39_education_binary_lower"",""2023_40_education_binary_higher"",""2023_40_education_binary_lower"",""2023_41_education_binary_higher"",""2023_41_education_binary_lower"",""2023_44_education_binary_higher"",""2023_45_education_binary_higher"",""2023_45_education_binary_lower"",""2023_47_education_binary_higher"",""2023_47_education_binary_lower"",""2023_48_education_binary_higher"",""2023_48_education_binary_lower"",""2023_49_education_binary_lower"",""2023_51_education_binary_higher"",""2023_51_education_binary_lower"",""2023_53_education_binary_lower"",""2023_54_education_binary_higher"",""2023_54_education_binary_lower"",""2023_55_education_binary_higher"",""2023_55_education_binary_lower"",""2023_56_education_binary_higher""]",True,-0.08510638297872342
motif_15072348c6870401,15072348c6870401c327776e77c34bd0e506e717b6fb9f1063cc18d193058888,"{""edges"":[[""COPD"",""ISCHEMIC_HEART_DISEASE""],[""ISCHEMIC_HEART_DISEASE"",""KIDNEY_DISEASE""]],""nodes"":[""COPD"",""ISCHEMIC_HEART_DISEASE"",""KIDNEY_DISEASE""]}",3,2,"[""COPD"",""ISCHEMIC_HEART_DISEASE"",""KIDNEY_DISEASE""]","[[""COPD"",""ISCHEMIC_HEART_DISEASE""],[""ISCHEMIC_HEART_DISEASE"",""KIDNEY_DISEASE""]]",occ_1b89bcda5c98ef5a,False,False,False,37,0.3936170212765957,28,47,1.0,35.398,33.0,37.0,46,92,31,0.33695652173913043,23,"[""2023_01_education_binary_lower"",""2023_05_education_binary_higher"",""2023_05_education_binary_lower"",""2023_10_education_binary_higher"",""2023_12_education_binary_higher"",""2023_12_education_binary_lower"",""2023_18_education_binary_higher"",""2023_18_education_binary_lower"",""2023_20_education_binary_lower"",""2023_22_education_binary_lower"",""2023_23_education_binary_higher"",""2023_26_education_binary_higher"",""2023_28_education_binary_lower"",""2023_31_education_binary_higher"",""2023_31_education_binary_lower"",""2023_36_education_binary_lower"",""2023_37_education_binary_lower"",""2023_38_education_binary_higher"",""2023_39_education_binary_higher"",""2023_39_education_binary_lower"",""2023_40_education_binary_higher"",""2023_40_education_binary_lower"",""2023_45_education_binary_lower"",""2023_47_education_binary_higher"",""2023_47_education_binary_lower"",""2023_48_education_binary_lower"",""2023_49_education_binary_lower"",""2023_51_education_binary_lower"",""2023_53_education_binary_lower"",""2023_54_education_binary_higher"",""2023_54_education_binary_lower""]",True,-0.05666049953746527
motif_165c840f51ada343,165c840f51ada3434ee1a229623687e7ce5eb15212c4a6d0ca6eac379e48f69d,"{""edges"":[[""ARTHRITIS"",""DIABETES""],[""ARTHRITIS"",""ISCHEMIC_HEART_DISEASE""],[""ARTHRITIS"",""OTHER_CANCER""],[""DIABETES"",""ISCHEMIC_HEART_DISEASE""]],""nodes"":[""ARTHRITIS"",""DIABETES"",""ISCHEMIC_HEART_DISEASE"",""OTHER_CANCER""]}",4,4,"[""ARTHRITIS"",""DIABETES"",""ISCHEMIC_HEART_DISEASE"",""OTHER_CANCER""]","[[""ARTHRITIS"",""DIABETES""],[""ARTHRITIS"",""ISCHEMIC_HEART_DISEASE""],[""ARTHRITIS"",""OTHER_CANCER""],[""DIABETES"",""ISCHEMIC_HEART_DISEASE""]]",occ_2a5435ef0123333d,False,False,False,45,0.4787234042553192,31,47,1.0,43.294,41.0,45.0,47,94,41,0.43617021276595747,29,"[""2023_01_education_binary_lower"",""2023_04_education_binary_higher"",""2023_05_education_binary_higher"",""2023_05_education_binary_lower"",""2023_13_education_binary_higher"",""2023_13_education_binary_lower"",""2023_16_education_binary_lower"",""2023_18_education_binary_higher"",""2023_18_education_binary_lower"",""2023_19_education_binary_lower"",""2023_20_education_binary_higher"",""2023_23_education_binary_higher"",""2023_23_education_binary_lower"",""2023_24_education_binary_higher"",""2023_24_education_binary_lower"",""2023_25_education_binary_higher"",""2023_26_education_binary_higher"",""2023_27_education_binary_lower"",""2023_30_education_binary_lower"",""2023_31_education_binary_higher"",""2023_33_education_binary_lower"",""2023_36_education_binary_lower"",""2023_37_education_binary_lower"",""2023_38_education_binary_higher"",""2023_39_education_binary_higher"",""2023_39_education_binary_lower"",""2023_41_education_binary_higher"",""2023_44_education_binary_higher"",""2023_45_education_binary_higher"",""2023_45_education_binary_lower"",""2023_47_education_binary_higher"",""2023_47_education_binary_lower"",""2023_49_education_binary_higher"",""2023_49_education_binary_lower"",""2023_51_education_binary_lower"",""2023_53_education_binary_higher"",""2023_53_education_binary_lower"",""2023_54_education_binary_higher"",""2023_54_education_binary_lower"",""2023_55_education_binary_higher"",""2023_55_education_binary_lower""]",True,-0.04255319148936171
motif_1681ae0e2b76586f,1681ae0e2b76586f177203f6601cf700a488183065ea164839b52497e62472c2,"{""edges"":[[""ARTHRITIS"",""COPD""],[""ARTHRITIS"",""DIABETES""],[""ARTHRITIS"",""OTHER_CANCER""],[""ARTHRITIS"",""SKIN_CANCER""],[""OTHER_CANCER"",""SKIN_CANCER""]],""nodes"":[""ARTHRITIS"",""COPD"",""DIABETES"",""OTHER_CANCER"",""SKIN_CANCER""]}",5,5,"[""ARTHRITIS"",""COPD"",""DIABETES"",""OTHER_CANCER"",""SKIN_CANCER""]","[[""ARTHRITIS"",""COPD""],[""ARTHRITIS"",""DIABETES""],[""ARTHRITIS"",""OTHER_CANCER""],[""ARTHRITIS"",""SKIN_CANCER""],[""OTHER_CANCER"",""SKIN_CANCER""]]",occ_9149ef649ed6c945,True,True,True,23,0.2446808510638297,19,47,1.0,21.968,20.0,23.0,47,94,19,0.20212765957446807,16,"[""2023_04_education_binary_higher"",""2023_10_education_binary_higher"",""2023_10_education_binary_lower"",""2023_13_education_binary_lower"",""2023_16_education_binary_lower"",""2023_18_education_binary_higher"",""2023_18_education_binary_lower"",""2023_25_education_binary_higher"",""2023_30_education_binary_lower"",""2023_31_education_binary_lower"",""2023_38_education_binary_lower"",""2023_39_education_binary_lower"",""2023_41_education_binary_higher"",""2023_45_education_binary_lower"",""2023_47_education_binary_lower"",""2023_49_education_binary_lower"",""2023_54_education_binary_higher"",""2023_54_education_binary_lower"",""2023_55_education_binary_lower""]",True,-0.042553191489361625
motif_1705651ede59320a,1705651ede59320a02d1f7763554b79bcc6f926d31fbeabf0cacc3bfc1418616,"{""edges"":[[""ARTHRITIS"",""DIABETES""],[""ARTHRITIS"",""SKIN_CANCER""],[""DIABETES"",""ISCHEMIC_HEART_DISEASE""],[""OTHER_CANCER"",""SKIN_CANCER""]],""nodes"":[""ARTHRITIS"",""DIABETES"",""ISCHEMIC_HEART_DISEASE"",""OTHER_CANCER"",""SKIN_CANCER""]}",5,4,"[""ARTHRITIS"",""DIABETES"",""ISCHEMIC_HEART_DISEASE"",""OTHER_CANCER"",""SKIN_CANCER""]","[[""ARTHRITIS"",""DIABETES""],[""ARTHRITIS"",""SKIN_CANCER""],[""DIABETES"",""ISCHEMIC_HEART_DISEASE""],[""OTHER_CANCER"",""SKIN_CANCER""]]",occ_27b5339e6b5cee63,True,True,False,24,0.2553191489361702,20,47,0.998,22.832,21.0,24.0,47,94,19,0.20212765957446807,16,"[""2023_01_education_binary_higher"",""2023_04_education_binary_higher"",""2023_13_education_binary_lower"",""2023_16_education_binary_lower"",""2023_18_education_binary_higher"",""2023_18_education_binary_lower"",""2023_25_education_binary_higher"",""2023_30_education_binary_lower"",""2023_39_education_binary_lower"",""2023_41_education_binary_higher"",""2023_45_education_binary_lower"",""2023_47_education_binary_lower"",""2023_49_education_binary_higher"",""2023_49_education_binary_lower"",""2023_53_education_binary_higher"",""2023_54_education_binary_higher"",""2023_54_education_binary_lower"",""2023_55_education_binary_lower"",""2023_56_education_binary_higher""]",True,-0.05319148936170212
motif_181b8ce161b66b8b,181b8ce161b66b8b40886ed001b6da734244be93a6ac4b29dc857cdc3a68e9d6,"{""edges"":[[""ARTHRITIS"",""DIABETES""],[""ARTHRITIS"",""KIDNEY_DISEASE""],[""COPD"",""ISCHEMIC_HEART_DISEASE""],[""DIABETES"",""ISCHEMIC_HEART_DISEASE""],[""DIABETES"",""KIDNEY_DISEASE""]],""nodes"":[""ARTHRITIS"",""COPD"",""DIABETES"",""ISCHEMIC_HEART_DISEASE"",""KIDNEY_DISEASE""]}",5,5,"[""ARTHRITIS"",""COPD"",""DIABETES"",""ISCHEMIC_HEART_DISEASE"",""KIDNEY_DISEASE""]","[[""ARTHRITIS"",""DIABETES""],[""ARTHRITIS"",""KIDNEY_DISEASE""],[""COPD"",""ISCHEMIC_HEART_DISEASE""],[""DIABETES"",""ISCHEMIC_HEART_DISEASE""],[""DIABETES"",""KIDNEY_DISEASE""]]",occ_f743565059e93d59,False,False,False,26,0.2765957446808511,18,47,1.0,24.834,23.0,26.0,47,94,21,0.22340425531914893,17,"[""2023_01_education_binary_lower"",""2023_05_education_binary_lower"",""2023_13_education_binary_lower"",""2023_18_education_binary_higher"",""2023_18_education_binary_lower"",""2023_19_education_binary_lower"",""2023_22_education_binary_lower"",""2023_23_education_binary_lower"",""2023_25_education_binary_higher"",""2023_29_education_binary_higher"",""2023_37_education_binary_lower"",""2023_39_education_binary_higher"",""2023_39_education_binary_lower"",""2023_40_education_binary_higher"",""2023_45_education_binary_higher"",""2023_47_education_binary_higher"",""2023_47_education_binary_lower"",""2023_48_education_binary_lower"",""2023_51_education_binary_lower"",""2023_53_education_binary_higher"",""2023_53_education_binary_lower""]",True,-0.05319148936170215
motif_1890479618ebbd5a,1890479618ebbd5a62504a50934c8f4638d231906f7926fb9baf4cc8a71eff16,"{""edges"":[[""ARTHRITIS"",""COPD""],[""ARTHRITIS"",""DIABETES""],[""ARTHRITIS"",""ISCHEMIC_HEART_DISEASE""],[""ISCHEMIC_HEART_DISEASE"",""KIDNEY_DISEASE""]],""nodes"":[""ARTHRITIS"",""COPD"",""DIABETES"",""ISCHEMIC_HEART_DISEASE"",""KIDNEY_DISEASE""]}",5,4,"[""ARTHRITIS"",""COPD"",""DIABETES"",""ISCHEMIC_HEART_DISEASE"",""KIDNEY_DISEASE""]","[[""ARTHRITIS"",""COPD""],[""ARTHRITIS"",""DIABETES""],[""ARTHRITIS"",""ISCHEMIC_HEART_DISEASE""],[""ISCHEMIC_HEART_DISEASE"",""KIDNEY_DISEASE""]]",occ_e617427ab7a7a325,True,True,False,40,0.425531914893617,28,47,1.0,38.282,35.0,40.0,46,92,33,0.358695652173913,26,"[""2023_01_education_binary_lower"",""2023_05_education_binary_higher"",""2023_05_education_binary_lower"",""2023_10_education_binary_higher"",""2023_12_education_binary_lower"",""2023_18_education_binary_higher"",""2023_18_education_binary_lower"",""2023_22_education_binary_lower"",""2023_23_education_binary_higher"",""2023_24_education_binary_higher"",""2023_25_education_binary_lower"",""2023_26_education_binary_higher"",""2023_28_education_binary_lower"",""2023_31_education_binary_higher"",""2023_31_education_binary_lower"",""2023_33_education_binary_lower"",""2023_36_education_binary_lower"",""2023_37_education_binary_lower"",""2023_38_education_binary_higher"",""2023_39_education_binary_higher"",""2023_39_education_binary_lower"",""2023_40_education_binary_higher"",""2023_40_education_binary_lower"",""2023_41_education_binary_lower"",""2023_45_education_binary_lower"",""2023_47_education_binary_higher"",""2023_47_education_binary_lower"",""2023_48_education_binary_lower"",""2023_49_education_binary_lower"",""2023_51_education_binary_lower"",""2023_53_education_binary_lower"",""2023_54_education_binary_higher"",""2023_54_education_binary_lower""]",True,-0.066836262719704
motif_1ad6eca41bc12d2a,1ad6eca41bc12d2abbd64f697ff1031562cf5bfb6ba139931c13ad6d8058e6c2,"{""edges"":[[""ARTHRITIS"",""ISCHEMIC_HEART_DISEASE""],[""ARTHRITIS"",""OTHER_CANCER""],[""COPD"",""ISCHEMIC_HEART_DISEASE""],[""ISCHEMIC_HEART_DISEASE"",""STROKE""]],""nodes"":[""ARTHRITIS"",""COPD"",""ISCHEMIC_HEART_DISEASE"",""OTHER_CANCER"",""STROKE""]}",5,4,"[""ARTHRITIS"",""COPD"",""ISCHEMIC_HEART_DISEASE"",""OTHER_CANCER"",""STROKE""]","[[""ARTHRITIS"",""ISCHEMIC_HEART_DISEASE""],[""ARTHRITIS"",""OTHER_CANCER""],[""COPD"",""ISCHEMIC_HEART_DISEASE""],[""ISCHEMIC_HEART_DISEASE"",""STROKE""]]",occ_e82ca3cf3f71b65c,False,False,False,39,0.4148936170212766,28,47,1.0,37.342,35.0,39.0,47,94,41,0.43617021276595747,29,"[""2023_01_education_binary_lower"",""2023_05_education_binary_higher"",""2023_05_education_binary_lower"",""2023_12_education_binary_higher"",""2023_12_education_binary_lower"",""2023_13_education_binary_lower"",""2023_16_education_binary_lower"",""2023_18_education_binary_higher"",""2023_18_education_binary_lower"",""2023_19_education_binary_lower"",""2023_20_education_binary_lower"",""2023_23_education_binary_higher"",""2023_23_education_binary_lower"",""2023_24_education_binary_lower"",""2023_25_education_binary_higher"",""2023_26_education_binary_higher"",""2023_26_education_binary_lower"",""2023_27_education_binary_lower"",""2023_30_education_binary_lower"",""2023_31_education_binary_higher"",""2023_31_education_binary_lower"",""2023_36_education_binary_lower"",""2023_37_education_binary_lower"",""2023_38_education_binary_higher"",""2023_39_education_binary_higher"",""2023_39_education_binary_lower"",""2023_41_education_binary_higher"",""2023_44_education_binary_higher"",""2023_45_education_binary_higher"",""2023_45_education_binary_lower"",""2023_47_education_binary_higher"",""2023_47_education_binary_lower"",""2023_49_education_binary_lower"",""2023_50_education_binary_lower"",""2023_51_education_binary_lower"",""2023_53_education_binary_higher"",""2023_53_education_binary_lower"",""2023_54_education_binary_higher"",""2023_54_education_binary_lower"",""2023_55_education_binary_higher"",""2023_55_education_binary_lower""]",True,0.021276595744680882
motif_1b5f56b34ecdaa6c,1b5f56b34ecdaa6c043713e109b8f6ce3ccc904236b06e4ab389aa358ef8d71c,"{""edges"":[[""ARTHRITIS"",""COPD""],[""ARTHRITIS"",""ISCHEMIC_HEART_DISEASE""],[""ARTHRITIS"",""SKIN_CANCER""],[""DIABETES"",""ISCHEMIC_HEART_DISEASE""]],""nodes"":[""ARTHRITIS"",""COPD"",""DIABETES"",""ISCHEMIC_HEART_DISEASE"",""SKIN_CANCER""]}",5,4,"[""ARTHRITIS"",""COPD"",""DIABETES"",""ISCHEMIC_HEART_DISEASE"",""SKIN_CANCER""]","[[""ARTHRITIS"",""COPD""],[""ARTHRITIS"",""ISCHEMIC_HEART_DISEASE""],[""ARTHRITIS"",""SKIN_CANCER""],[""DIABETES"",""ISCHEMIC_HEART_DISEASE""]]",occ_151f1eac8eba56b2,True,True,False,26,0.2765957446808511,23,47,1.0,24.502,22.0,26.0,47,94,21,0.22340425531914893,19,"[""2023_01_education_binary_higher"",""2023_04_education_binary_higher"",""2023_06_education_binary_higher"",""2023_09_education_binary_lower"",""2023_12_education_binary_higher"",""2023_13_education_binary_lower"",""2023_16_education_binary_lower"",""2023_18_education_binary_higher"",""2023_18_education_binary_lower"",""2023_25_education_binary_higher"",""2023_30_education_binary_lower"",""2023_39_education_binary_lower"",""2023_41_education_binary_higher"",""2023_45_education_binary_lower"",""2023_47_education_binary_lower"",""2023_49_education_binary_lower"",""2023_50_education_binary_higher"",""2023_54_education_binary_higher"",""2023_54_education_binary_lower"",""2023_55_education_binary_lower"",""2023_56_education_binary_higher""]",True,-0.05319148936170215
motif_1ba4c51f0f8fad83,1ba4c51f0f8fad83eae7156bcb68dff93834caa559bf7a1bafe99462be7ae615,"{""edges"":[[""ARTHRITIS"",""COPD""],[""ARTHRITIS"",""DIABETES""],[""ARTHRITIS"",""ISCHEMIC_HEART_DISEASE""],[""COPD"",""ISCHEMIC_HEART_DISEASE""],[""DIABETES"",""ISCHEMIC_HEART_DISEASE""],[""ISCHEMIC_HEART_DISEASE"",""KIDNEY_DISEASE""]],""nodes"":[""ARTHRITIS"",""COPD"",""DIABETES"",""ISCHEMIC_HEART_DISEASE"",""KIDNEY_DISEASE""]}",5,6,"[""ARTHRITIS"",""COPD"",""DIABETES"",""ISCHEMIC_HEART_DISEASE"",""KIDNEY_DISEASE""]","[[""ARTHRITIS"",""COPD""],[""ARTHRITIS"",""DIABETES""],[""ARTHRITIS"",""ISCHEMIC_HEART_DISEASE""],[""COPD"",""ISCHEMIC_HEART_DISEASE""],[""DIABETES"",""ISCHEMIC_HEART_DISEASE""],[""ISCHEMIC_HEART_DISEASE"",""KIDNEY_DISEASE""]]",occ_a18aa0572ccf5aa8,True,True,False,30,0.3191489361702128,22,47,1.0,28.512,26.0,30.0,46,92,25,0.2717391304347826,20,"[""2023_01_education_binary_lower"",""2023_05_education_binary_higher"",""2023_05_education_binary_lower"",""2023_18_education_binary_higher"",""2023_18_education_binary_lower"",""2023_22_education_binary_lower"",""2023_23_education_binary_higher"",""2023_26_education_binary_higher"",""2023_28_education_binary_lower"",""2023_31_education_binary_higher"",""2023_36_education_binary_lower"",""2023_37_education_binary_lower"",""2023_38_education_binary_higher"",""2023_39_education_binary_higher"",""2023_39_education_binary_lower"",""2023_40_education_binary_higher"",""2023_45_education_binary_lower"",""2023_47_education_binary_higher"",""2023_47_education_binary_lower"",""2023_48_education_binary_lower"",""2023_49_education_binary_lower"",""2023_51_education_binary_lower"",""2023_53_education_binary_lower"",""2023_54_education_binary_higher"",""2023_54_education_binary_lower""]",True,-0.04740980573543019
motif_1bd7b111855e755d,1bd7b111855e755d6066e5991142a72598a4bde150733c0464aae506ee1b6335,"{""edges"":[[""ARTHRITIS"",""DIABETES""],[""ARTHRITIS"",""OTHER_CANCER""],[""DIABETES"",""ISCHEMIC_HEART_DISEASE""]],""nodes"":[""ARTHRITIS"",""DIABETES"",""ISCHEMIC_HEART_DISEASE"",""OTHER_CANCER""]}",4,3,"[""ARTHRITIS"",""DIABETES"",""ISCHEMIC_HEART_DISEASE"",""OTHER_CANCER""]","[[""ARTHRITIS"",""DIABETES""],[""ARTHRITIS"",""OTHER_CANCER""],[""DIABETES"",""ISCHEMIC_HEART_DISEASE""]]",occ_e68006430d3a79a4,False,False,False,49,0.5212765957446809,32,47,1.0,47.046,44.0,49.0,47,94,46,0.48936170212765956,34,"[""2023_01_education_binary_lower"",""2023_02_education_binary_lower"",""2023_04_education_binary_higher"",""2023_05_education_binary_higher"",""2023_05_education_binary_lower"",""2023_09_education_binary_higher"",""2023_13_education_binary_higher"",""2023_13_education_binary_lower"",""2023_16_education_binary_lower"",""2023_17_education_binary_higher"",""2023_18_education_binary_higher"",""2023_18_education_binary_lower"",""2023_19_education_binary_lower"",""2023_20_education_binary_higher"",""2023_23_education_binary_higher"",""2023_23_education_binary_lower"",""2023_24_education_binary_higher"",""2023_24_education_binary_lower"",""2023_25_education_binary_higher"",""2023_26_education_binary_higher"",""2023_27_education_binary_lower"",""2023_29_education_binary_higher"",""2023_30_education_binary_lower"",""2023_31_education_binary_higher"",""2023_33_education_binary_lower"",""2023_34_education_binary_lower"",""2023_36_education_binary_lower"",""2023_37_education_binary_lower"",""2023_38_education_binary_higher"",""2023_39_education_binary_higher"",""2023_39_education_binary_lower"",""2023_41_education_binary_higher"",""2023_44_education_binary_higher"",""2023_45_education_binary_higher"",""2023_45_education_binary_lower"",""2023_47_education_binary_higher"",""2023_47_education_binary_lower"",""2023_49_education_binary_higher"",""2023_49_education_binary_lower"",""2023_51_education_binary_lower"",""2023_53_education_binary_higher"",""2023_53_education_binary_lower"",""2023_54_education_binary_higher"",""2023_54_education_binary_lower"",""2023_55_education_binary_higher"",""2023_55_education_binary_lower""]",True,-0.03191489361702132
motif_1c19ace04bcdb92f,1c19ace04bcdb92fe8cb50e90a635905ada279a0f25b14d907afd17ba9c271cc,"{""edges"":[[""ARTHRITIS"",""ISCHEMIC_HEART_DISEASE""],[""ARTHRITIS"",""OTHER_CANCER""],[""COPD"",""ISCHEMIC_HEART_DISEASE""],[""ISCHEMIC_HEART_DISEASE"",""KIDNEY_DISEASE""]],""nodes"":[""ARTHRITIS"",""COPD"",""ISCHEMIC_HEART_DISEASE"",""KIDNEY_DISEASE"",""OTHER_CANCER""]}",5,4,"[""ARTHRITIS"",""COPD"",""ISCHEMIC_HEART_DISEASE"",""KIDNEY_DISEASE"",""OTHER_CANCER""]","[[""ARTHRITIS"",""ISCHEMIC_HEART_DISEASE""],[""ARTHRITIS"",""OTHER_CANCER""],[""COPD"",""ISCHEMIC_HEART_DISEASE""],[""ISCHEMIC_HEART_DISEASE"",""KIDNEY_DISEASE""]]",occ_bead61d7f9019163,False,False,False,27,0.2872340425531915,20,47,1.0,25.49,23.0,27.0,46,92,26,0.2826086956521739,19,"[""2023_01_education_binary_lower"",""2023_05_education_binary_higher"",""2023_05_education_binary_lower"",""2023_10_education_binary_higher"",""2023_12_education_binary_higher"",""2023_12_education_binary_lower"",""2023_18_education_binary_higher"",""2023_18_education_binary_lower"",""2023_20_education_binary_lower"",""2023_23_education_binary_higher"",""2023_26_education_binary_higher"",""2023_31_education_binary_higher"",""2023_31_education_binary_lower"",""2023_36_education_binary_lower"",""2023_37_education_binary_lower"",""2023_38_education_binary_higher"",""2023_39_education_binary_higher"",""2023_39_education_binary_lower"",""2023_45_education_binary_lower"",""2023_47_education_binary_higher"",""2023_47_education_binary_lower"",""2023_49_education_binary_lower"",""2023_51_education_binary_lower"",""2023_53_education_binary_lower"",""2023_54_education_binary_higher"",""2023_54_education_binary_lower""]",True,-0.004625346901017624
motif_1c7c35aa2acba71b,1c7c35aa2acba71b353e7d6303599f0af8fb8a3c1c24de3fedab3e17461cf7f2,"{""edges"":[[""ARTHRITIS"",""DIABETES""],[""ARTHRITIS"",""ISCHEMIC_HEART_DISEASE""]],""nodes"":[""ARTHRITIS"",""DIABETES"",""ISCHEMIC_HEART_DISEASE""]}",3,2,"[""ARTHRITIS"",""DIABETES"",""ISCHEMIC_HEART_DISEASE""]","[[""ARTHRITIS"",""DIABETES""],[""ARTHRITIS"",""ISCHEMIC_HEART_DISEASE""]]",occ_99ef11a201487f8a,True,True,False,72,0.7659574468085106,43,47,1.0,70.734,69.0,72.0,47,94,69,0.7340425531914894,42,"[""2023_01_education_binary_higher"",""2023_01_education_binary_lower"",""2023_02_education_binary_higher"",""2023_04_education_binary_higher"",""2023_04_education_binary_lower"",""2023_05_education_binary_higher"",""2023_05_education_binary_lower"",""2023_08_education_binary_lower"",""2023_10_education_binary_higher"",""2023_10_education_binary_lower"",""2023_12_education_binary_lower"",""2023_13_education_binary_higher"",""2023_13_education_binary_lower"",""2023_16_education_binary_higher"",""2023_16_education_binary_lower"",""2023_17_education_binary_lower"",""2023_18_education_binary_higher"",""2023_18_education_binary_lower"",""2023_19_education_binary_higher"",""2023_19_education_binary_lower"",""2023_20_education_binary_higher"",""2023_22_education_binary_higher"",""2023_22_education_binary_lower"",""2023_23_education_binary_higher"",""2023_23_education_binary_lower"",""2023_24_education_binary_higher"",""2023_24_education_binary_lower"",""2023_25_education_binary_higher"",""2023_25_education_binary_lower"",""2023_26_education_binary_higher"",""2023_26_education_binary_lower"",""2023_27_education_binary_lower"",""2023_28_education_binary_higher"",""2023_28_education_binary_lower"",""2023_29_education_binary_lower"",""2023_30_education_binary_lower"",""2023_31_education_binary_higher"",""2023_31_education_binary_lower"",""2023_33_education_binary_lower"",""2023_36_education_binary_lower"",""2023_37_education_binary_higher"",""2023_37_education_binary_lower"",""2023_38_education_binary_higher"",""2023_38_education_binary_lower"",""2023_39_education_binary_higher"",""2023_39_education_binary_lower"",""2023_40_education_binary_higher"",""2023_40_education_binary_lower"",""2023_41_education_binary_higher"",""2023_41_education_binary_lower"",""2023_44_education_binary_higher"",""2023_45_education_binary_higher"",""2023_45_education_binary_lower"",""2023_46_education_binary_higher"",""2023_47_education_binary_higher"",""2023_47_education_binary_lower"",""2023_48_education_binary_higher"",""2023_48_education_binary_lower"",""2023_49_education_binary_higher"",""2023_49_education_binary_lower"",""2023_50_education_binary_lower"",""2023_51_education_binary_lower"",""2023_53_education_binary_higher"",""2023_53_education_binary_lower"",""2023_54_education_binary_higher"",""2023_54_education_binary_lower"",""2023_55_education_binary_higher"",""2023_55_education_binary_lower"",""2023_56_education_binary_higher""]",True,-0.03191489361702127
motif_1cc5c04e6b29c149,1cc5c04e6b29c14911b8c69a2a2de04c740a336a183a7f7ad744f60e936fd44d,"{""edges"":[[""ARTHRITIS"",""ISCHEMIC_HEART_DISEASE""],[""COPD"",""ISCHEMIC_HEART_DISEASE""],[""ISCHEMIC_HEART_DISEASE"",""STROKE""]],""nodes"":[""ARTHRITIS"",""COPD"",""ISCHEMIC_HEART_DISEASE"",""STROKE""]}",4,3,"[""ARTHRITIS"",""COPD"",""ISCHEMIC_HEART_DISEASE"",""STROKE""]","[[""ARTHRITIS"",""ISCHEMIC_HEART_DISEASE""],[""COPD"",""ISCHEMIC_HEART_DISEASE""],[""ISCHEMIC_HEART_DISEASE"",""STROKE""]]",occ_236005e4cce35829,False,False,False,54,0.574468085106383,35,47,1.0,52.3,50.0,54.0,47,94,48,0.5106382978723404,34,"[""2023_01_education_binary_lower"",""2023_05_education_binary_higher"",""2023_05_education_binary_lower"",""2023_12_education_binary_higher"",""2023_12_education_binary_lower"",""2023_13_education_binary_lower"",""2023_16_education_binary_lower"",""2023_18_education_binary_higher"",""2023_18_education_binary_lower"",""2023_19_education_binary_lower"",""2023_20_education_binary_lower"",""2023_22_education_binary_lower"",""2023_23_education_binary_higher"",""2023_23_education_binary_lower"",""2023_24_education_binary_lower"",""2023_25_education_binary_higher"",""2023_26_education_binary_higher"",""2023_26_education_binary_lower"",""2023_27_education_binary_lower"",""2023_29_education_binary_lower"",""2023_30_education_binary_lower"",""2023_31_education_binary_higher"",""2023_31_education_binary_lower"",""2023_36_education_binary_lower"",""2023_37_education_binary_lower"",""2023_38_education_binary_higher"",""2023_39_education_binary_higher"",""2023_39_education_binary_lower"",""2023_40_education_binary_higher"",""2023_40_education_binary_lower"",""2023_41_education_binary_higher"",""2023_44_education_binary_higher"",""2023_45_education_binary_higher"",""2023_45_education_binary_lower"",""2023_47_education_binary_higher"",""2023_47_education_binary_lower"",""2023_48_education_binary_lower"",""2023_49_education_binary_lower"",""2023_50_education_binary_lower"",""2023_51_education_binary_lower"",""2023_53_education_binary_higher"",""2023_53_education_binary_lower"",""2023_54_education_binary_higher"",""2023_54_education_binary_lower"",""2023_55_education_binary_higher"",""2023_55_education_binary_lower"",""2023_56_education_binary_higher"",""2023_56_education_binary_lower""]",True,-0.06382978723404265
motif_1ccba954f9a8e8c0,1ccba954f9a8e8c02f4c5c43e307b95b38f623f33e6c878854928ee37abd3bfd,"{""edges"":[[""ARTHRITIS"",""ISCHEMIC_HEART_DISEASE""],[""COPD"",""CURRENT_ASTHMA""],[""COPD"",""ISCHEMIC_HEART_DISEASE""],[""CURRENT_ASTHMA"",""DEPRESSIVE_DISORDER""]],""nodes"":[""ARTHRITIS"",""COPD"",""CURRENT_ASTHMA"",""DEPRESSIVE_DISORDER"",""ISCHEMIC_HEART_DISEASE""]}",5,4,"[""ARTHRITIS"",""COPD"",""CURRENT_ASTHMA"",""DEPRESSIVE_DISORDER"",""ISCHEMIC_HEART_DISEASE""]","[[""ARTHRITIS"",""ISCHEMIC_HEART_DISEASE""],[""COPD"",""CURRENT_ASTHMA""],[""COPD"",""ISCHEMIC_HEART_DISEASE""],[""CURRENT_ASTHMA"",""DEPRESSIVE_DISORDER""]]",occ_c70db5d5a3e2a20d,False,False,False,34,0.3617021276595745,27,47,1.0,32.938,31.0,34.0,47,94,22,0.23404255319148937,18,"[""2023_01_education_binary_lower"",""2023_12_education_binary_lower"",""2023_16_education_binary_lower"",""2023_18_education_binary_higher"",""2023_18_education_binary_lower"",""2023_19_education_binary_lower"",""2023_22_education_binary_lower"",""2023_23_education_binary_higher"",""2023_23_education_binary_lower"",""2023_27_education_binary_lower"",""2023_28_education_binary_lower"",""2023_30_education_binary_lower"",""2023_36_education_binary_lower"",""2023_40_education_binary_higher"",""2023_47_education_binary_lower"",""2023_49_education_binary_lower"",""2023_50_education_binary_lower"",""2023_53_education_binary_higher"",""2023_53_education_binary_lower"",""2023_54_education_binary_higher"",""2023_54_education_binary_lower"",""2023_55_education_binary_lower""]",True,-0.12765957446808512
motif_1d705ca0de2416ea,1d705ca0de2416ea1d838e23446f3e597d95420022ee055047e7831b32e08aa2,"{""edges"":[[""ARTHRITIS"",""ISCHEMIC_HEART_DISEASE""],[""ARTHRITIS"",""OTHER_CANCER""],[""ARTHRITIS"",""SKIN_CANCER""],[""ISCHEMIC_HEART_DISEASE"",""STROKE""],[""OTHER_CANCER"",""SKIN_CANCER""]],""nodes"":[""ARTHRITIS"",""ISCHEMIC_HEART_DISEASE"",""OTHER_CANCER"",""SKIN_CANCER"",""STROKE""]}",5,5,"[""ARTHRITIS"",""ISCHEMIC_HEART_DISEASE"",""OTHER_CANCER"",""SKIN_CANCER"",""STROKE""]","[[""ARTHRITIS"",""ISCHEMIC_HEART_DISEASE""],[""ARTHRITIS"",""OTHER_CANCER""],[""ARTHRITIS"",""SKIN_CANCER""],[""ISCHEMIC_HEART_DISEASE"",""STROKE""],[""OTHER_CANCER"",""SKIN_CANCER""]]",occ_0cc372c244ad9b6d,True,True,True,24,0.2553191489361702,19,47,1.0,22.872,21.0,24.0,47,94,24,0.2553191489361702,21,"[""2023_04_education_binary_higher"",""2023_06_education_binary_higher"",""2023_08_education_binary_higher"",""2023_09_education_binary_lower"",""2023_10_education_binary_lower"",""2023_12_education_binary_higher"",""2023_13_education_binary_lower"",""2023_16_education_binary_lower"",""2023_18_education_binary_higher"",""2023_18_education_binary_lower"",""2023_25_education_binary_higher"",""2023_30_education_binary_lower"",""2023_31_education_binary_lower"",""2023_39_education_binary_lower"",""2023_41_education_binary_higher"",""2023_45_education_binary_lower"",""2023_47_education_binary_lower"",""2023_49_education_binary_lower"",""2023_50_education_binary_higher"",""2023_50_education_binary_lower"",""2023_53_education_binary_higher"",""2023_54_education_binary_higher"",""2023_54_education_binary_lower"",""2023_55_education_binary_lower""]",True,0.0
motif_1e95a6dab5da9df2,1e95a6dab5da9df231329f10f29f25d5937ede3a637a483a79947cdfe6f111a7,"{""edges"":[[""ARTHRITIS"",""DIABETES""],[""ARTHRITIS"",""ISCHEMIC_HEART_DISEASE""],[""COPD"",""CURRENT_ASTHMA""],[""COPD"",""ISCHEMIC_HEART_DISEASE""]],""nodes"":[""ARTHRITIS"",""COPD"",""CURRENT_ASTHMA"",""DIABETES"",""ISCHEMIC_HEART_DISEASE""]}",5,4,"[""ARTHRITIS"",""COPD"",""CURRENT_ASTHMA"",""DIABETES"",""ISCHEMIC_HEART_DISEASE""]","[[""ARTHRITIS"",""DIABETES""],[""ARTHRITIS"",""ISCHEMIC_HEART_DISEASE""],[""COPD"",""CURRENT_ASTHMA""],[""COPD"",""ISCHEMIC_HEART_DISEASE""]]",occ_b2a170aa33e14016,False,False,False,50,0.5319148936170213,31,47,1.0,48.762,46.0,50.0,47,94,44,0.46808510638297873,32,"[""2023_01_education_binary_lower"",""2023_05_education_binary_higher"",""2023_05_education_binary_lower"",""2023_12_education_binary_lower"",""2023_13_education_binary_higher"",""2023_13_education_binary_lower"",""2023_16_education_binary_lower"",""2023_18_education_binary_higher"",""2023_18_education_binary_lower"",""2023_19_education_binary_lower"",""2023_22_education_binary_lower"",""2023_23_education_binary_higher"",""2023_23_education_binary_lower"",""2023_24_education_binary_lower"",""2023_25_education_binary_higher"",""2023_26_education_binary_higher"",""2023_26_education_binary_lower"",""2023_27_education_binary_lower"",""2023_28_education_binary_lower"",""2023_29_education_binary_lower"",""2023_30_education_binary_lower"",""2023_31_education_binary_lower"",""2023_36_education_binary_lower"",""2023_39_education_binary_higher"",""2023_39_education_binary_lower"",""2023_40_education_binary_higher"",""2023_40_education_binary_lower"",""2023_41_education_binary_higher"",""2023_44_education_binary_higher"",""2023_45_education_binary_higher"",""2023_45_education_binary_lower"",""2023_47_education_binary_higher"",""2023_47_education_binary_lower"",""2023_48_education_binary_lower"",""2023_49_education_binary_lower"",""2023_50_education_binary_lower"",""2023_51_education_binary_lower"",""2023_53_education_binary_higher"",""2023_53_education_binary_lower"",""2023_54_education_binary_higher"",""2023_54_education_binary_lower"",""2023_55_education_binary_higher"",""2023_55_education_binary_lower"",""2023_56_education_binary_higher""]",True,-0.06382978723404253
motif_1edae9dffc70a727,1edae9dffc70a7278222b62f28c09a5d7cc591f8834c14a3e2af2aabd6a8191f,"{""edges"":[[""ARTHRITIS"",""COPD""],[""ARTHRITIS"",""DIABETES""]],""nodes"":[""ARTHRITIS"",""COPD"",""DIABETES""]}",3,2,"[""ARTHRITIS"",""COPD"",""DIABETES""]","[[""ARTHRITIS"",""COPD""],[""ARTHRITIS"",""DIABETES""]]",occ_82d46be63c225826,True,True,False,74,0.7872340425531915,43,47,1.0,72.838,71.0,74.0,47,94,72,0.7659574468085106,44,"[""2023_01_education_binary_higher"",""2023_01_education_binary_lower"",""2023_02_education_binary_higher"",""2023_02_education_binary_lower"",""2023_04_education_binary_higher"",""2023_05_education_binary_higher"",""2023_05_education_binary_lower"",""2023_06_education_binary_lower"",""2023_08_education_binary_lower"",""2023_09_education_binary_higher"",""2023_10_education_binary_higher"",""2023_10_education_binary_lower"",""2023_12_education_binary_lower"",""2023_13_education_binary_higher"",""2023_13_education_binary_lower"",""2023_16_education_binary_higher"",""2023_16_education_binary_lower"",""2023_17_education_binary_higher"",""2023_17_education_binary_lower"",""2023_18_education_binary_higher"",""2023_18_education_binary_lower"",""2023_19_education_binary_higher"",""2023_19_education_binary_lower"",""2023_20_education_binary_higher"",""2023_22_education_binary_lower"",""2023_23_education_binary_higher"",""2023_23_education_binary_lower"",""2023_24_education_binary_higher"",""2023_24_education_binary_lower"",""2023_25_education_binary_higher"",""2023_25_education_binary_lower"",""2023_26_education_binary_higher"",""2023_26_education_binary_lower"",""2023_27_education_binary_lower"",""2023_28_education_binary_higher"",""2023_28_education_binary_lower"",""2023_29_education_binary_higher"",""2023_29_education_binary_lower"",""2023_30_education_binary_higher"",""2023_30_education_binary_lower"",""2023_31_education_binary_higher"",""2023_31_education_binary_lower"",""2023_33_education_binary_lower"",""2023_34_education_binary_lower"",""2023_36_education_binary_lower"",""2023_37_education_binary_higher"",""2023_37_education_binary_lower"",""2023_38_education_binary_higher"",""2023_38_education_binary_lower"",""2023_39_education_binary_higher"",""2023_39_education_binary_lower"",""2023_40_education_binary_higher"",""2023_40_education_binary_lower"",""2023_41_education_binary_higher"",""2023_41_education_binary_lower"",""2023_44_education_binary_higher"",""2023_45_education_binary_higher"",""2023_45_education_binary_lower"",""2023_46_education_binary_higher"",""2023_47_education_binary_higher"",""2023_47_education_binary_lower"",""2023_48_education_binary_higher"",""2023_48_education_binary_lower"",""2023_49_education_binary_lower"",""2023_51_education_binary_higher"",""2023_51_education_binary_lower"",""2023_53_education_binary_lower"",""2023_54_education_binary_higher"",""2023_54_education_binary_lower"",""2023_55_education_binary_higher"",""2023_55_education_binary_lower"",""2023_56_education_binary_higher""]",True,-0.021276595744680882
motif_1ef5e2e1bdccc5eb,1ef5e2e1bdccc5eb9db629e741346095d95802f0a723587f6792fe3554c03717,"{""edges"":[[""ARTHRITIS"",""DIABETES""],[""ARTHRITIS"",""OTHER_CANCER""],[""ARTHRITIS"",""SKIN_CANCER""],[""OTHER_CANCER"",""SKIN_CANCER""]],""nodes"":[""ARTHRITIS"",""DIABETES"",""OTHER_CANCER"",""SKIN_CANCER""]}",4,4,"[""ARTHRITIS"",""DIABETES"",""OTHER_CANCER"",""SKIN_CANCER""]","[[""ARTHRITIS"",""DIABETES""],[""ARTHRITIS"",""OTHER_CANCER""],[""ARTHRITIS"",""SKIN_CANCER""],[""OTHER_CANCER"",""SKIN_CANCER""]]",occ_0aaa6ce3573aeca5,True,True,False,24,0.2553191489361702,19,47,1.0,22.956,21.0,24.0,47,94,22,0.23404255319148937,18,"[""2023_04_education_binary_higher"",""2023_10_education_binary_higher"",""2023_10_education_binary_lower"",""2023_13_education_binary_lower"",""2023_16_education_binary_lower"",""2023_18_education_binary_higher"",""2023_18_education_binary_lower"",""2023_25_education_binary_higher"",""2023_30_education_binary_lower"",""2023_31_education_binary_lower"",""2023_38_education_binary_lower"",""2023_39_education_binary_lower"",""2023_41_education_binary_higher"",""2023_45_education_binary_lower"",""2023_47_education_binary_lower"",""2023_49_education_binary_higher"",""2023_49_education_binary_lower"",""2023_50_education_binary_lower"",""2023_53_education_binary_higher"",""2023_54_education_binary_higher"",""2023_54_education_binary_lower"",""2023_55_education_binary_lower""]",True,-0.021276595744680826
motif_1f4787323fa6b30a,1f4787323fa6b30a30d8a688d51d2aca548af7eeaf4734604525c8025101e411,"{""edges"":[[""ARTHRITIS"",""COPD""],[""ARTHRITIS"",""ISCHEMIC_HEART_DISEASE""],[""COPD"",""CURRENT_ASTHMA""],[""COPD"",""ISCHEMIC_HEART_DISEASE""],[""DIABETES"",""ISCHEMIC_HEART_DISEASE""]],""nodes"":[""ARTHRITIS"",""COPD"",""CURRENT_ASTHMA"",""DIABETES"",""ISCHEMIC_HEART_DISEASE""]}",5,5,"[""ARTHRITIS"",""COPD"",""CURRENT_ASTHMA"",""DIABETES"",""ISCHEMIC_HEART_DISEASE""]","[[""ARTHRITIS"",""COPD""],[""ARTHRITIS"",""ISCHEMIC_HEART_DISEASE""],[""COPD"",""CURRENT_ASTHMA""],[""COPD"",""ISCHEMIC_HEART_DISEASE""],[""DIABETES"",""ISCHEMIC_HEART_DISEASE""]]",occ_446aef9a0d06185a,True,True,False,47,0.5,31,47,1.0,45.534,43.0,47.0,47,94,39,0.4148936170212766,30,"[""2023_01_education_binary_lower"",""2023_05_education_binary_higher"",""2023_05_education_binary_lower"",""2023_12_education_binary_higher"",""2023_13_education_binary_higher"",""2023_13_education_binary_lower"",""2023_16_education_binary_lower"",""2023_18_education_binary_higher"",""2023_18_education_binary_lower"",""2023_19_education_binary_lower"",""2023_20_education_binary_lower"",""2023_22_education_binary_lower"",""2023_23_education_binary_higher"",""2023_23_education_binary_lower"",""2023_24_education_binary_lower"",""2023_25_education_binary_higher"",""2023_26_education_binary_higher"",""2023_27_education_binary_lower"",""2023_28_education_binary_lower"",""2023_30_education_binary_lower"",""2023_36_education_binary_lower"",""2023_39_education_binary_higher"",""2023_39_education_binary_lower"",""2023_40_education_binary_higher"",""2023_41_education_binary_higher"",""2023_44_education_binary_higher"",""2023_45_education_binary_higher"",""2023_45_education_binary_lower"",""2023_47_education_binary_higher"",""2023_47_education_binary_lower"",""2023_48_education_binary_lower"",""2023_49_education_binary_lower"",""2023_51_education_binary_lower"",""2023_53_education_binary_lower"",""2023_54_education_binary_higher"",""2023_54_education_binary_lower"",""2023_55_education_binary_higher"",""2023_55_education_binary_lower"",""2023_56_education_binary_higher""]",True,-0.08510638297872342
motif_1f7ac044c9f83b05,1f7ac044c9f83b05792d6cf7f6c212e27edcd4f5e2d8cf39049fc12d056fc3d6,"{""edges"":[[""ARTHRITIS"",""DIABETES""],[""ARTHRITIS"",""ISCHEMIC_HEART_DISEASE""],[""ARTHRITIS"",""KIDNEY_DISEASE""],[""COPD"",""ISCHEMIC_HEART_DISEASE""],[""DIABETES"",""ISCHEMIC_HEART_DISEASE""],[""DIABETES"",""KIDNEY_DISEASE""]],""nodes"":[""ARTHRITIS"",""COPD"",""DIABETES"",""ISCHEMIC_HEART_DISEASE"",""KIDNEY_DISEASE""]}",5,6,"[""ARTHRITIS"",""COPD"",""DIABETES"",""ISCHEMIC_HEART_DISEASE"",""KIDNEY_DISEASE""]","[[""ARTHRITIS"",""DIABETES""],[""ARTHRITIS"",""ISCHEMIC_HEART_DISEASE""],[""ARTHRITIS"",""KIDNEY_DISEASE""],[""COPD"",""ISCHEMIC_HEART_DISEASE""],[""DIABETES"",""ISCHEMIC_HEART_DISEASE""],[""DIABETES"",""KIDNEY_DISEASE""]]",occ_f743565059e93d59,False,False,False,26,0.2765957446808511,18,47,1.0,24.792,22.475,26.0,47,94,20,0.2127659574468085,16,"[""2023_01_education_binary_lower"",""2023_05_education_binary_lower"",""2023_13_education_binary_lower"",""2023_18_education_binary_higher"",""2023_18_education_binary_lower"",""2023_19_education_binary_lower"",""2023_22_education_binary_lower"",""2023_23_education_binary_lower"",""2023_25_education_binary_higher"",""2023_37_education_binary_lower"",""2023_39_education_binary_higher"",""2023_39_education_binary_lower"",""2023_40_education_binary_higher"",""2023_45_education_binary_higher"",""2023_47_education_binary_higher"",""2023_47_education_binary_lower"",""2023_48_education_binary_lower"",""2023_51_education_binary_lower"",""2023_53_education_binary_higher"",""2023_53_education_binary_lower""]",True,-0.06382978723404256
motif_1fe91a45ad633b8a,1fe91a45ad633b8a18a987f54e1bf349539d28da084fe797e3a37a1f12c80627,"{""edges"":[[""ARTHRITIS"",""COPD""],[""ARTHRITIS"",""ISCHEMIC_HEART_DISEASE""],[""ARTHRITIS"",""KIDNEY_DISEASE""],[""ISCHEMIC_HEART_DISEASE"",""KIDNEY_DISEASE""]],""nodes"":[""ARTHRITIS"",""COPD"",""ISCHEMIC_HEART_DISEASE"",""KIDNEY_DISEASE""]}",4,4,"[""ARTHRITIS"",""COPD"",""ISCHEMIC_HEART_DISEASE"",""KIDNEY_DISEASE""]","[[""ARTHRITIS"",""COPD""],[""ARTHRITIS"",""ISCHEMIC_HEART_DISEASE""],[""ARTHRITIS"",""KIDNEY_DISEASE""],[""ISCHEMIC_HEART_DISEASE"",""KIDNEY_DISEASE""]]",occ_a81e0506b1aaf663,False,False,False,22,0.2340425531914893,16,47,0.974,20.846,18.475,22.0,46,92,19,0.20652173913043478,15,"[""2023_01_education_binary_lower"",""2023_05_education_binary_lower"",""2023_10_education_binary_higher"",""2023_18_education_binary_higher"",""2023_18_education_binary_lower"",""2023_22_education_binary_lower"",""2023_37_education_binary_lower"",""2023_39_education_binary_higher"",""2023_39_education_binary_lower"",""2023_40_education_binary_higher"",""2023_40_education_binary_lower"",""2023_41_education_binary_lower"",""2023_45_education_binary_lower"",""2023_47_education_binary_higher"",""2023_47_education_binary_lower"",""2023_48_education_binary_lower"",""2023_49_education_binary_lower"",""2023_51_education_binary_lower"",""2023_53_education_binary_lower""]",True,-0.027520814061054527
motif_204392044e79cf6a,204392044e79cf6a0e507e5df2573d7dd81fb2a2672bc2b38ea33bcdd2cdbd53,"{""edges"":[[""DIABETES"",""ISCHEMIC_HEART_DISEASE""],[""DIABETES"",""KIDNEY_DISEASE""],[""ISCHEMIC_HEART_DISEASE"",""KIDNEY_DISEASE""],[""ISCHEMIC_HEART_DISEASE"",""STROKE""]],""nodes"":[""DIABETES"",""ISCHEMIC_HEART_DISEASE"",""KIDNEY_DISEASE"",""STROKE""]}",4,4,"[""DIABETES"",""ISCHEMIC_HEART_DISEASE"",""KIDNEY_DISEASE"",""STROKE""]","[[""DIABETES"",""ISCHEMIC_HEART_DISEASE""],[""DIABETES"",""KIDNEY_DISEASE""],[""ISCHEMIC_HEART_DISEASE"",""KIDNEY_DISEASE""],[""ISCHEMIC_HEART_DISEASE"",""STROKE""]]",occ_99205b3807f3cc25,True,True,False,34,0.3617021276595745,25,47,1.0,31.774,29.0,34.0,46,92,24,0.2608695652173913,21,"[""2023_01_education_binary_lower"",""2023_04_education_binary_lower"",""2023_05_education_binary_lower"",""2023_12_education_binary_higher"",""2023_18_education_binary_higher"",""2023_18_education_binary_lower"",""2023_22_education_binary_lower"",""2023_23_education_binary_higher"",""2023_26_education_binary_higher"",""2023_31_education_binary_higher"",""2023_33_education_binary_lower"",""2023_35_education_binary_higher"",""2023_37_education_binary_lower"",""2023_38_education_binary_higher"",""2023_39_education_binary_higher"",""2023_39_education_binary_lower"",""2023_40_education_binary_higher"",""2023_47_education_binary_higher"",""2023_47_education_binary_lower"",""2023_48_education_binary_lower"",""2023_50_education_binary_higher"",""2023_51_education_binary_lower"",""2023_53_education_binary_lower"",""2023_54_education_binary_lower""]",True,-0.1008325624421832
motif_212edb45a5b61006,212edb45a5b610067b6d462d9371140a1cd18b8e19fb670eac7ac37f06f060c0,"{""edges"":[[""ARTHRITIS"",""DIABETES""],[""ARTHRITIS"",""OTHER_CANCER""]],""nodes"":[""ARTHRITIS"",""DIABETES"",""OTHER_CANCER""]}",3,2,"[""ARTHRITIS"",""DIABETES"",""OTHER_CANCER""]","[[""ARTHRITIS"",""DIABETES""],[""ARTHRITIS"",""OTHER_CANCER""]]",occ_6213745c3a825d59,False,False,False,61,0.648936170212766,38,47,1.0,59.394,57.0,61.0,47,94,58,0.6170212765957447,38,"[""2023_01_education_binary_lower"",""2023_02_education_binary_higher"",""2023_02_education_binary_lower"",""2023_04_education_binary_higher"",""2023_05_education_binary_higher"",""2023_05_education_binary_lower"",""2023_09_education_binary_higher"",""2023_10_education_binary_higher"",""2023_10_education_binary_lower"",""2023_12_education_binary_lower"",""2023_13_education_binary_higher"",""2023_13_education_binary_lower"",""2023_16_education_binary_lower"",""2023_17_education_binary_higher"",""2023_18_education_binary_higher"",""2023_18_education_binary_lower"",""2023_19_education_binary_lower"",""2023_20_education_binary_higher"",""2023_23_education_binary_higher"",""2023_23_education_binary_lower"",""2023_24_education_binary_higher"",""2023_24_education_binary_lower"",""2023_25_education_binary_higher"",""2023_26_education_binary_higher"",""2023_26_education_binary_lower"",""2023_27_education_binary_lower"",""2023_29_education_binary_higher"",""2023_30_education_binary_higher"",""2023_30_education_binary_lower"",""2023_31_education_binary_higher"",""2023_31_education_binary_lower"",""2023_33_education_binary_lower"",""2023_34_education_binary_lower"",""2023_36_education_binary_lower"",""2023_37_education_binary_higher"",""2023_37_education_binary_lower"",""2023_38_education_binary_higher"",""2023_38_education_binary_lower"",""2023_39_education_binary_higher"",""2023_39_education_binary_lower"",""2023_41_education_binary_higher"",""2023_41_education_binary_lower"",""2023_44_education_binary_higher"",""2023_45_education_binary_higher"",""2023_45_education_binary_lower"",""2023_47_education_binary_higher"",""2023_47_education_binary_lower"",""2023_48_education_binary_higher"",""2023_49_education_binary_higher"",""2023_49_education_binary_lower"",""2023_50_education_binary_lower"",""2023_51_education_binary_lower"",""2023_53_education_binary_higher"",""2023_53_education_binary_lower"",""2023_54_education_binary_higher"",""2023_54_education_binary_lower"",""2023_55_education_binary_higher"",""2023_55_education_binary_lower""]",True,-0.03191489361702127
motif_2239e63c934728ab,2239e63c934728ab73d640097ff555a180194bcbbfdd1eb1c4895de72d5cd279,"{""edges"":[[""ARTHRITIS"",""COPD""],[""ARTHRITIS"",""DIABETES""],[""COPD"",""ISCHEMIC_HEART_DISEASE""],[""DIABETES"",""ISCHEMIC_HEART_DISEASE""],[""ISCHEMIC_HEART_DISEASE"",""KIDNEY_DISEASE""]],""nodes"":[""ARTHRITIS"",""COPD"",""DIABETES"",""ISCHEMIC_HEART_DISEASE"",""KIDNEY_DISEASE""]}",5,5,"[""ARTHRITIS"",""COPD"",""DIABETES"",""ISCHEMIC_HEART_DISEASE"",""KIDNEY_DISEASE""]","[[""ARTHRITIS"",""COPD""],[""ARTHRITIS"",""DIABETES""],[""COPD"",""ISCHEMIC_HEART_DISEASE""],[""DIABETES"",""ISCHEMIC_HEART_DISEASE""],[""ISCHEMIC_HEART_DISEASE"",""KIDNEY_DISEASE""]]",occ_a18aa0572ccf5aa8,False,False,False,30,0.3191489361702128,22,47,1.0,28.618,26.0,30.0,46,92,25,0.2717391304347826,20,"[""2023_01_education_binary_lower"",""2023_05_education_binary_higher"",""2023_05_education_binary_lower"",""2023_18_education_binary_higher"",""2023_18_education_binary_lower"",""2023_22_education_binary_lower"",""2023_23_education_binary_higher"",""2023_26_education_binary_higher"",""2023_28_education_binary_lower"",""2023_31_education_binary_higher"",""2023_36_education_binary_lower"",""2023_37_education_binary_lower"",""2023_38_education_binary_higher"",""2023_39_education_binary_higher"",""2023_39_education_binary_lower"",""2023_40_education_binary_higher"",""2023_45_education_binary_lower"",""2023_47_education_binary_higher"",""2023_47_education_binary_lower"",""2023_48_education_binary_lower"",""2023_49_education_binary_lower"",""2023_51_education_binary_lower"",""2023_53_education_binary_lower"",""2023_54_education_binary_higher"",""2023_54_education_binary_lower""]",True,-0.04740980573543019
motif_2268a823202931ea,2268a823202931ea7f28e61ab7ff9398ef83644ae165e084c65e162cb2b46884,"{""edges"":[[""ARTHRITIS"",""DIABETES""],[""ARTHRITIS"",""OTHER_CANCER""],[""DIABETES"",""ISCHEMIC_HEART_DISEASE""],[""ISCHEMIC_HEART_DISEASE"",""KIDNEY_DISEASE""]],""nodes"":[""ARTHRITIS"",""DIABETES"",""ISCHEMIC_HEART_DISEASE"",""KIDNEY_DISEASE"",""OTHER_CANCER""]}",5,4,"[""ARTHRITIS"",""DIABETES"",""ISCHEMIC_HEART_DISEASE"",""KIDNEY_DISEASE"",""OTHER_CANCER""]","[[""ARTHRITIS"",""DIABETES""],[""ARTHRITIS"",""OTHER_CANCER""],[""DIABETES"",""ISCHEMIC_HEART_DISEASE""],[""ISCHEMIC_HEART_DISEASE"",""KIDNEY_DISEASE""]]",occ_f4d41ecbc074bc16,False,False,False,29,0.3085106382978723,21,47,1.0,27.554,25.0,29.0,46,92,23,0.25,18,"[""2023_01_education_binary_lower"",""2023_05_education_binary_higher"",""2023_05_education_binary_lower"",""2023_18_education_binary_higher"",""2023_18_education_binary_lower"",""2023_23_education_binary_higher"",""2023_24_education_binary_higher"",""2023_26_education_binary_higher"",""2023_31_education_binary_higher"",""2023_33_education_binary_lower"",""2023_36_education_binary_lower"",""2023_37_education_binary_lower"",""2023_38_education_binary_higher"",""2023_39_education_binary_higher"",""2023_39_education_binary_lower"",""2023_45_education_binary_lower"",""2023_47_education_binary_higher"",""2023_47_education_binary_lower"",""2023_49_education_binary_lower"",""2023_51_education_binary_lower"",""2023_53_education_binary_lower"",""2023_54_education_binary_higher"",""2023_54_education_binary_lower""]",True,-0.058510638297872286
motif_22c34d8dbb9b8983,22c34d8dbb9b89830fd538a637eb10ceff21ea204dd839b9e5c27069416737bd,"{""edges"":[[""ARTHRITIS"",""ISCHEMIC_HEART_DISEASE""],[""ARTHRITIS"",""OTHER_CANCER""],[""ARTHRITIS"",""SKIN_CANCER""],[""DIABETES"",""ISCHEMIC_HEART_DISEASE""],[""OTHER_CANCER"",""SKIN_CANCER""]],""nodes"":[""ARTHRITIS"",""DIABETES"",""ISCHEMIC_HEART_DISEASE"",""OTHER_CANCER"",""SKIN_CANCER""]}",5,5,"[""ARTHRITIS"",""DIABETES"",""ISCHEMIC_HEART_DISEASE"",""OTHER_CANCER"",""SKIN_CANCER""]","[[""ARTHRITIS"",""ISCHEMIC_HEART_DISEASE""],[""ARTHRITIS"",""OTHER_CANCER""],[""ARTHRITIS"",""SKIN_CANCER""],[""DIABETES"",""ISCHEMIC_HEART_DISEASE""],[""OTHER_CANCER"",""SKIN_CANCER""]]",occ_2ac3f220a2ada2f3,True,True,False,23,0.2446808510638297,20,47,1.0,21.87,20.0,23.0,47,94,21,0.22340425531914893,18,"[""2023_04_education_binary_higher"",""2023_06_education_binary_higher"",""2023_09_education_binary_lower"",""2023_12_education_binary_higher"",""2023_13_education_binary_lower"",""2023_16_education_binary_lower"",""2023_18_education_binary_higher"",""2023_18_education_binary_lower"",""2023_25_education_binary_higher"",""2023_30_education_binary_lower"",""2023_39_education_binary_lower"",""2023_41_education_binary_higher"",""2023_45_education_binary_lower"",""2023_47_education_binary_lower"",""2023_49_education_binary_higher"",""2023_49_education_binary_lower"",""2023_50_education_binary_higher"",""2023_53_education_binary_higher"",""2023_54_education_binary_higher"",""2023_54_education_binary_lower"",""2023_55_education_binary_lower""]",True,-0.02127659574468077
motif_2365c8970a548362,2365c8970a54836255391bd2c115a731d7db536e9d075c4a1092f16c18720fc9,"{""edges"":[[""ARTHRITIS"",""COPD""],[""ARTHRITIS"",""ISCHEMIC_HEART_DISEASE""],[""DIABETES"",""ISCHEMIC_HEART_DISEASE""],[""DIABETES"",""KIDNEY_DISEASE""],[""ISCHEMIC_HEART_DISEASE"",""KIDNEY_DISEASE""]],""nodes"":[""ARTHRITIS"",""COPD"",""DIABETES"",""ISCHEMIC_HEART_DISEASE"",""KIDNEY_DISEASE""]}",5,5,"[""ARTHRITIS"",""COPD"",""DIABETES"",""ISCHEMIC_HEART_DISEASE"",""KIDNEY_DISEASE""]","[[""ARTHRITIS"",""COPD""],[""ARTHRITIS"",""ISCHEMIC_HEART_DISEASE""],[""DIABETES"",""ISCHEMIC_HEART_DISEASE""],[""DIABETES"",""KIDNEY_DISEASE""],[""ISCHEMIC_HEART_DISEASE"",""KIDNEY_DISEASE""]]",occ_dc448e21b9c27fce,True,True,False,35,0.3723404255319149,26,47,1.0,32.836,30.0,35.0,46,92,23,0.25,20,"[""2023_01_education_binary_lower"",""2023_05_education_binary_lower"",""2023_12_education_binary_higher"",""2023_18_education_binary_higher"",""2023_18_education_binary_lower"",""2023_22_education_binary_lower"",""2023_23_education_binary_higher"",""2023_24_education_binary_higher"",""2023_26_education_binary_higher"",""2023_31_education_binary_higher"",""2023_33_education_binary_lower"",""2023_37_education_binary_lower"",""2023_38_education_binary_higher"",""2023_39_education_binary_higher"",""2023_39_education_binary_lower"",""2023_40_education_binary_higher"",""2023_47_education_binary_higher"",""2023_47_education_binary_lower"",""2023_48_education_binary_lower"",""2023_50_education_binary_higher"",""2023_51_education_binary_lower"",""2023_53_education_binary_lower"",""2023_54_education_binary_lower""]",True,-0.12234042553191488
motif_23a242d75055148a,23a242d75055148a922c7d9e111a635411b776479bd711eeeb01b324944ee995,"{""edges"":[[""ARTHRITIS"",""COPD""],[""ARTHRITIS"",""ISCHEMIC_HEART_DISEASE""],[""COPD"",""CURRENT_ASTHMA""],[""COPD"",""ISCHEMIC_HEART_DISEASE""],[""ISCHEMIC_HEART_DISEASE"",""KIDNEY_DISEASE""]],""nodes"":[""ARTHRITIS"",""COPD"",""CURRENT_ASTHMA"",""ISCHEMIC_HEART_DISEASE"",""KIDNEY_DISEASE""]}",5,5,"[""ARTHRITIS"",""COPD"",""CURRENT_ASTHMA"",""ISCHEMIC_HEART_DISEASE"",""KIDNEY_DISEASE""]","[[""ARTHRITIS"",""COPD""],[""ARTHRITIS"",""ISCHEMIC_HEART_DISEASE""],[""COPD"",""CURRENT_ASTHMA""],[""COPD"",""ISCHEMIC_HEART_DISEASE""],[""ISCHEMIC_HEART_DISEASE"",""KIDNEY_DISEASE""]]",occ_65df897378bc242f,True,True,False,33,0.351063829787234,24,47,1.0,31.278,29.0,33.0,46,92,27,0.29347826086956524,20,"[""2023_01_education_binary_lower"",""2023_05_education_binary_higher"",""2023_05_education_binary_lower"",""2023_12_education_binary_higher"",""2023_12_education_binary_lower"",""2023_18_education_binary_higher"",""2023_18_education_binary_lower"",""2023_20_education_binary_lower"",""2023_22_education_binary_lower"",""2023_23_education_binary_higher"",""2023_26_education_binary_higher"",""2023_28_education_binary_lower"",""2023_31_education_binary_lower"",""2023_36_education_binary_lower"",""2023_39_education_binary_higher"",""2023_39_education_binary_lower"",""2023_40_education_binary_higher"",""2023_40_education_binary_lower"",""2023_45_education_binary_lower"",""2023_47_education_binary_higher"",""2023_47_education_binary_lower"",""2023_48_education_binary_lower"",""2023_49_education_binary_lower"",""2023_51_education_binary_lower"",""2023_53_education_binary_lower"",""2023_54_education_binary_higher"",""2023_54_education_binary_lower""]",True,-0.05758556891766875
motif_2411af643dc47294,2411af643dc472948f3e62d16b6f31e67d96f5ed50199669797824602a8cf31d,"{""edges"":[[""ARTHRITIS"",""COPD""],[""ARTHRITIS"",""DIABETES""],[""ARTHRITIS"",""ISCHEMIC_HEART_DISEASE""],[""DIABETES"",""ISCHEMIC_HEART_DISEASE""]],""nodes"":[""ARTHRITIS"",""COPD"",""DIABETES"",""ISCHEMIC_HEART_DISEASE""]}",4,4,"[""ARTHRITIS"",""COPD"",""DIABETES"",""ISCHEMIC_HEART_DISEASE""]","[[""ARTHRITIS"",""COPD""],[""ARTHRITIS"",""DIABETES""],[""ARTHRITIS"",""ISCHEMIC_HEART_DISEASE""],[""DIABETES"",""ISCHEMIC_HEART_DISEASE""]]",occ_9888ceb05e531919,True,True,False,59,0.6276595744680851,38,47,1.0,57.178,55.0,59.0,47,94,47,0.5,35,"[""2023_01_education_binary_higher"",""2023_01_education_binary_lower"",""2023_04_education_binary_higher"",""2023_05_education_binary_higher"",""2023_05_education_binary_lower"",""2023_08_education_binary_lower"",""2023_13_education_binary_higher"",""2023_13_education_binary_lower"",""2023_16_education_binary_lower"",""2023_18_education_binary_higher"",""2023_18_education_binary_lower"",""2023_19_education_binary_higher"",""2023_19_education_binary_lower"",""2023_20_education_binary_higher"",""2023_22_education_binary_lower"",""2023_23_education_binary_higher"",""2023_23_education_binary_lower"",""2023_24_education_binary_higher"",""2023_24_education_binary_lower"",""2023_25_education_binary_higher"",""2023_26_education_binary_higher"",""2023_27_education_binary_lower"",""2023_28_education_binary_lower"",""2023_30_education_binary_lower"",""2023_31_education_binary_higher"",""2023_33_education_binary_lower"",""2023_36_education_binary_lower"",""2023_37_education_binary_lower"",""2023_38_education_binary_higher"",""2023_39_education_binary_higher"",""2023_39_education_binary_lower"",""2023_40_education_binary_higher"",""2023_41_education_binary_higher"",""2023_44_education_binary_higher"",""2023_45_education_binary_higher"",""2023_45_education_binary_lower"",""2023_47_education_binary_higher"",""2023_47_education_binary_lower"",""2023_48_education_binary_lower"",""2023_49_education_binary_lower"",""2023_51_education_binary_lower"",""2023_53_education_binary_lower"",""2023_54_education_binary_higher"",""2023_54_education_binary_lower"",""2023_55_education_binary_higher"",""2023_55_education_binary_lower"",""2023_56_education_binary_higher""]",True,-0.12765957446808507
motif_2432ee146ee06e9b,2432ee146ee06e9b78236aecda42c56faf7878f9c5cd058190fd26d56cdd0ccb,"{""edges"":[[""ARTHRITIS"",""COPD""],[""ARTHRITIS"",""KIDNEY_DISEASE""],[""ARTHRITIS"",""OTHER_CANCER""],[""OTHER_CANCER"",""SKIN_CANCER""]],""nodes"":[""ARTHRITIS"",""COPD"",""KIDNEY_DISEASE"",""OTHER_CANCER"",""SKIN_CANCER""]}",5,4,"[""ARTHRITIS"",""COPD"",""KIDNEY_DISEASE"",""OTHER_CANCER"",""SKIN_CANCER""]","[[""ARTHRITIS"",""COPD""],[""ARTHRITIS"",""KIDNEY_DISEASE""],[""ARTHRITIS"",""OTHER_CANCER""],[""OTHER_CANCER"",""SKIN_CANCER""]]",occ_1c746b69edfa407c,True,True,False,27,0.2872340425531915,22,47,1.0,26.14,24.0,27.0,47,94,26,0.2765957446808511,21,"[""2023_01_education_binary_lower"",""2023_02_education_binary_higher"",""2023_04_education_binary_higher"",""2023_05_education_binary_lower"",""2023_10_education_binary_higher"",""2023_13_education_binary_higher"",""2023_13_education_binary_lower"",""2023_18_education_binary_higher"",""2023_18_education_binary_lower"",""2023_19_education_binary_lower"",""2023_23_education_binary_lower"",""2023_25_education_binary_higher"",""2023_26_education_binary_lower"",""2023_27_education_binary_lower"",""2023_29_education_binary_higher"",""2023_38_education_binary_lower"",""2023_39_education_binary_higher"",""2023_39_education_binary_lower"",""2023_41_education_binary_lower"",""2023_45_education_binary_higher"",""2023_45_education_binary_lower"",""2023_47_education_binary_higher"",""2023_47_education_binary_lower"",""2023_48_education_binary_higher"",""2023_49_education_binary_lower"",""2023_53_education_binary_lower""]",True,-0.010638297872340441
motif_24eb9a87cdb74628,24eb9a87cdb74628f25ec7030248dbedb72896a92f10232b061fde36a4c377e5,"{""edges"":[[""ARTHRITIS"",""ISCHEMIC_HEART_DISEASE""],[""ARTHRITIS"",""KIDNEY_DISEASE""],[""DIABETES"",""ISCHEMIC_HEART_DISEASE""],[""ISCHEMIC_HEART_DISEASE"",""KIDNEY_DISEASE""]],""nodes"":[""ARTHRITIS"",""DIABETES"",""ISCHEMIC_HEART_DISEASE"",""KIDNEY_DISEASE""]}",4,4,"[""ARTHRITIS"",""DIABETES"",""ISCHEMIC_HEART_DISEASE"",""KIDNEY_DISEASE""]","[[""ARTHRITIS"",""ISCHEMIC_HEART_DISEASE""],[""ARTHRITIS"",""KIDNEY_DISEASE""],[""DIABETES"",""ISCHEMIC_HEART_DISEASE""],[""ISCHEMIC_HEART_DISEASE"",""KIDNEY_DISEASE""]]",occ_6cfdd019d814ae33,True,True,False,24,0.2553191489361702,18,47,1.0,22.538,20.0,24.0,46,92,16,0.17391304347826086,13,"[""2023_01_education_binary_lower"",""2023_05_education_binary_lower"",""2023_18_education_binary_higher"",""2023_18_education_binary_lower"",""2023_22_education_binary_lower"",""2023_37_education_binary_lower"",""2023_39_education_binary_higher"",""2023_39_education_binary_lower"",""2023_40_education_binary_higher"",""2023_45_education_binary_lower"",""2023_47_education_binary_higher"",""2023_47_education_binary_lower"",""2023_48_education_binary_lower"",""2023_49_education_binary_lower"",""2023_51_education_binary_lower"",""2023_53_education_binary_lower""]",False,-0.08140610545790933
motif_24fa1a057d5acded,24fa1a057d5acded5ee70d4c559f742f386be38193263d37349cac4723f2fca1,"{""edges"":[[""ARTHRITIS"",""ISCHEMIC_HEART_DISEASE""],[""ARTHRITIS"",""OTHER_CANCER""],[""COPD"",""ISCHEMIC_HEART_DISEASE""]],""nodes"":[""ARTHRITIS"",""COPD"",""ISCHEMIC_HEART_DISEASE"",""OTHER_CANCER""]}",4,3,"[""ARTHRITIS"",""COPD"",""ISCHEMIC_HEART_DISEASE"",""OTHER_CANCER""]","[[""ARTHRITIS"",""ISCHEMIC_HEART_DISEASE""],[""ARTHRITIS"",""OTHER_CANCER""],[""COPD"",""ISCHEMIC_HEART_DISEASE""]]",occ_1cb800cbe42e976a,False,False,False,42,0.4468085106382978,29,47,1.0,40.558,38.0,42.0,47,94,43,0.4574468085106383,30,"[""2023_01_education_binary_lower"",""2023_05_education_binary_higher"",""2023_05_education_binary_lower"",""2023_10_education_binary_higher"",""2023_12_education_binary_higher"",""2023_12_education_binary_lower"",""2023_13_education_binary_higher"",""2023_13_education_binary_lower"",""2023_16_education_binary_lower"",""2023_18_education_binary_higher"",""2023_18_education_binary_lower"",""2023_19_education_binary_lower"",""2023_20_education_binary_lower"",""2023_23_education_binary_higher"",""2023_23_education_binary_lower"",""2023_24_education_binary_lower"",""2023_25_education_binary_higher"",""2023_26_education_binary_higher"",""2023_26_education_binary_lower"",""2023_27_education_binary_lower"",""2023_30_education_binary_lower"",""2023_31_education_binary_higher"",""2023_31_education_binary_lower"",""2023_36_education_binary_lower"",""2023_37_education_binary_lower"",""2023_38_education_binary_higher"",""2023_39_education_binary_higher"",""2023_39_education_binary_lower"",""2023_41_education_binary_higher"",""2023_44_education_binary_higher"",""2023_45_education_binary_higher"",""2023_45_education_binary_lower"",""2023_47_education_binary_higher"",""2023_47_education_binary_lower"",""2023_49_education_binary_lower"",""2023_50_education_binary_lower"",""2023_51_education_binary_lower"",""2023_53_education_binary_higher"",""2023_53_education_binary_lower"",""2023_54_education_binary_higher"",""2023_54_education_binary_lower"",""2023_55_education_binary_higher"",""2023_55_education_binary_lower""]",True,0.010638297872340496
motif_260b9ee8cedf65ab,260b9ee8cedf65abf71b1c9990fe72d46eb66c8237994f486ae57aa1cfb4f65f,"{""edges"":[[""ARTHRITIS"",""DIABETES""],[""ARTHRITIS"",""ISCHEMIC_HEART_DISEASE""],[""ARTHRITIS"",""SKIN_CANCER""]],""nodes"":[""ARTHRITIS"",""DIABETES"",""ISCHEMIC_HEART_DISEASE"",""SKIN_CANCER""]}",4,3,"[""ARTHRITIS"",""DIABETES"",""ISCHEMIC_HEART_DISEASE"",""SKIN_CANCER""]","[[""ARTHRITIS"",""DIABETES""],[""ARTHRITIS"",""ISCHEMIC_HEART_DISEASE""],[""ARTHRITIS"",""SKIN_CANCER""]]",occ_0408c835608f2652,False,False,False,25,0.2659574468085106,20,47,1.0,24.028,22.0,25.0,47,94,25,0.26595744680851063,21,"[""2023_01_education_binary_higher"",""2023_04_education_binary_higher"",""2023_10_education_binary_higher"",""2023_10_education_binary_lower"",""2023_13_education_binary_lower"",""2023_16_education_binary_lower"",""2023_18_education_binary_higher"",""2023_18_education_binary_lower"",""2023_22_education_binary_higher"",""2023_25_education_binary_higher"",""2023_30_education_binary_lower"",""2023_31_education_binary_lower"",""2023_38_education_binary_lower"",""2023_39_education_binary_lower"",""2023_41_education_binary_higher"",""2023_45_education_binary_lower"",""2023_47_education_binary_lower"",""2023_49_education_binary_higher"",""2023_49_education_binary_lower"",""2023_50_education_binary_lower"",""2023_53_education_binary_higher"",""2023_54_education_binary_higher"",""2023_54_education_binary_lower"",""2023_55_education_binary_lower"",""2023_56_education_binary_higher""]",True,5.551115123125783e-17
motif_2611ff976d3ff14b,2611ff976d3ff14b75571f148a83c1e8c9c35d9e600b8d62bd9ddea33bf1198b,"{""edges"":[[""ARTHRITIS"",""COPD""],[""ARTHRITIS"",""KIDNEY_DISEASE""],[""DIABETES"",""ISCHEMIC_HEART_DISEASE""],[""ISCHEMIC_HEART_DISEASE"",""KIDNEY_DISEASE""]],""nodes"":[""ARTHRITIS"",""COPD"",""DIABETES"",""ISCHEMIC_HEART_DISEASE"",""KIDNEY_DISEASE""]}",5,4,"[""ARTHRITIS"",""COPD"",""DIABETES"",""ISCHEMIC_HEART_DISEASE"",""KIDNEY_DISEASE""]","[[""ARTHRITIS"",""COPD""],[""ARTHRITIS"",""KIDNEY_DISEASE""],[""DIABETES"",""ISCHEMIC_HEART_DISEASE""],[""ISCHEMIC_HEART_DISEASE"",""KIDNEY_DISEASE""]]",occ_17182b87b88d4216,True,True,False,23,0.2446808510638297,16,47,0.99,21.626,19.0,23.0,46,92,16,0.17391304347826086,13,"[""2023_01_education_binary_lower"",""2023_05_education_binary_lower"",""2023_18_education_binary_higher"",""2023_18_education_binary_lower"",""2023_22_education_binary_lower"",""2023_37_education_binary_lower"",""2023_39_education_binary_higher"",""2023_39_education_binary_lower"",""2023_40_education_binary_higher"",""2023_45_education_binary_lower"",""2023_47_education_binary_higher"",""2023_47_education_binary_lower"",""2023_48_education_binary_lower"",""2023_49_education_binary_lower"",""2023_51_education_binary_lower"",""2023_53_education_binary_lower""]",False,-0.07076780758556883
motif_2640c36f9d12e013,2640c36f9d12e013d46c5a18b88f65c0e20b8fcd4b636e500e4a9b699fca536e,"{""edges"":[[""ARTHRITIS"",""COPD""],[""ARTHRITIS"",""DIABETES""],[""DIABETES"",""KIDNEY_DISEASE""],[""ISCHEMIC_HEART_DISEASE"",""KIDNEY_DISEASE""]],""nodes"":[""ARTHRITIS"",""COPD"",""DIABETES"",""ISCHEMIC_HEART_DISEASE"",""KIDNEY_DISEASE""]}",5,4,"[""ARTHRITIS"",""COPD"",""DIABETES"",""ISCHEMIC_HEART_DISEASE"",""KIDNEY_DISEASE""]","[[""ARTHRITIS"",""COPD""],[""ARTHRITIS"",""DIABETES""],[""DIABETES"",""KIDNEY_DISEASE""],[""ISCHEMIC_HEART_DISEASE"",""KIDNEY_DISEASE""]]",occ_4d80023dd2a9ef78,False,False,False,35,0.3723404255319149,26,47,1.0,33.024,30.0,35.0,46,92,23,0.25,19,"[""2023_01_education_binary_lower"",""2023_05_education_binary_lower"",""2023_12_education_binary_lower"",""2023_18_education_binary_higher"",""2023_18_education_binary_lower"",""2023_22_education_binary_lower"",""2023_23_education_binary_higher"",""2023_24_education_binary_higher"",""2023_26_education_binary_higher"",""2023_31_education_binary_higher"",""2023_33_education_binary_lower"",""2023_37_education_binary_lower"",""2023_38_education_binary_higher"",""2023_39_education_binary_higher"",""2023_39_education_binary_lower"",""2023_40_education_binary_higher"",""2023_47_education_binary_higher"",""2023_47_education_binary_lower"",""2023_48_education_binary_lower"",""2023_51_education_binary_higher"",""2023_51_education_binary_lower"",""2023_53_education_binary_lower"",""2023_54_education_binary_lower""]",True,-0.12234042553191488
motif_26507b4dbd33a9b0,26507b4dbd33a9b091927229e3498c33bc552dd5bbcf1eb494857cef2adced4e,"{""edges"":[[""ARTHRITIS"",""KIDNEY_DISEASE""],[""ARTHRITIS"",""OTHER_CANCER""],[""DIABETES"",""ISCHEMIC_HEART_DISEASE""],[""DIABETES"",""KIDNEY_DISEASE""]],""nodes"":[""ARTHRITIS"",""DIABETES"",""ISCHEMIC_HEART_DISEASE"",""KIDNEY_DISEASE"",""OTHER_CANCER""]}",5,4,"[""ARTHRITIS"",""DIABETES"",""ISCHEMIC_HEART_DISEASE"",""KIDNEY_DISEASE"",""OTHER_CANCER""]","[[""ARTHRITIS"",""KIDNEY_DISEASE""],[""ARTHRITIS"",""OTHER_CANCER""],[""DIABETES"",""ISCHEMIC_HEART_DISEASE""],[""DIABETES"",""KIDNEY_DISEASE""]]",occ_bdc0877cc35b46c1,False,False,False,26,0.2765957446808511,21,47,1.0,24.934,23.0,26.0,47,94,19,0.20212765957446807,15,"[""2023_01_education_binary_lower"",""2023_04_education_binary_higher"",""2023_05_education_binary_lower"",""2023_13_education_binary_lower"",""2023_18_education_binary_higher"",""2023_18_education_binary_lower"",""2023_19_education_binary_lower"",""2023_23_education_binary_lower"",""2023_25_education_binary_higher"",""2023_29_education_binary_higher"",""2023_37_education_binary_lower"",""2023_39_education_binary_higher"",""2023_39_education_binary_lower"",""2023_45_education_binary_higher"",""2023_47_education_binary_higher"",""2023_47_education_binary_lower"",""2023_51_education_binary_lower"",""2023_53_education_binary_higher"",""2023_53_education_binary_lower""]",True,-0.074468085106383
motif_26c1177b7e91b833,26c1177b7e91b833c11678e6ecb15438b765fe854a1ae990bb68cd3bbfc68e02,"{""edges"":[[""ARTHRITIS"",""DIABETES""],[""ARTHRITIS"",""KIDNEY_DISEASE""],[""DIABETES"",""KIDNEY_DISEASE""]],""nodes"":[""ARTHRITIS"",""DIABETES"",""KIDNEY_DISEASE""]}",3,3,"[""ARTHRITIS"",""DIABETES"",""KIDNEY_DISEASE""]","[[""ARTHRITIS"",""DIABETES""],[""ARTHRITIS"",""KIDNEY_DISEASE""],[""DIABETES"",""KIDNEY_DISEASE""]]",occ_4a2ef8ba813e108a,False,False,False,34,0.3617021276595745,24,47,1.0,32.518,30.0,34.0,47,94,26,0.2765957446808511,21,"[""2023_01_education_binary_lower"",""2023_02_education_binary_higher"",""2023_04_education_binary_higher"",""2023_05_education_binary_lower"",""2023_13_education_binary_lower"",""2023_18_education_binary_higher"",""2023_18_education_binary_lower"",""2023_19_education_binary_lower"",""2023_22_education_binary_higher"",""2023_22_education_binary_lower"",""2023_23_education_binary_lower"",""2023_25_education_binary_higher"",""2023_26_education_binary_lower"",""2023_29_education_binary_higher"",""2023_37_education_binary_lower"",""2023_38_education_binary_lower"",""2023_39_education_binary_higher"",""2023_39_education_binary_lower"",""2023_40_education_binary_higher"",""2023_45_education_binary_higher"",""2023_47_education_binary_higher"",""2023_47_education_binary_lower"",""2023_48_education_binary_lower"",""2023_51_education_binary_lower"",""2023_53_education_binary_higher"",""2023_53_education_binary_lower""]",True,-0.08510638297872342
motif_2768109c9ad0c060,2768109c9ad0c06095022cf99c054ef6541e53b8c2dbeee7286467a201ecabce,"{""edges"":[[""ARTHRITIS"",""COPD""],[""ARTHRITIS"",""KIDNEY_DISEASE""],[""COPD"",""CURRENT_ASTHMA""]],""nodes"":[""ARTHRITIS"",""COPD"",""CURRENT_ASTHMA"",""KIDNEY_DISEASE""]}",4,3,"[""ARTHRITIS"",""COPD"",""CURRENT_ASTHMA"",""KIDNEY_DISEASE""]","[[""ARTHRITIS"",""COPD""],[""ARTHRITIS"",""KIDNEY_DISEASE""],[""COPD"",""CURRENT_ASTHMA""]]",occ_2779cd788bc2fcc8,True,True,False,39,0.4148936170212766,27,47,1.0,37.732,35.0,39.0,47,94,31,0.32978723404255317,24,"[""2023_01_education_binary_lower"",""2023_02_education_binary_higher"",""2023_04_education_binary_higher"",""2023_05_education_binary_lower"",""2023_13_education_binary_higher"",""2023_13_education_binary_lower"",""2023_18_education_binary_higher"",""2023_18_education_binary_lower"",""2023_19_education_binary_lower"",""2023_22_education_binary_lower"",""2023_23_education_binary_lower"",""2023_25_education_binary_higher"",""2023_26_education_binary_lower"",""2023_27_education_binary_lower"",""2023_28_education_binary_higher"",""2023_29_education_binary_higher"",""2023_39_education_binary_higher"",""2023_39_education_binary_lower"",""2023_40_education_binary_higher"",""2023_40_education_binary_lower"",""2023_41_education_binary_lower"",""2023_45_education_binary_higher"",""2023_45_education_binary_lower"",""2023_46_education_binary_lower"",""2023_47_education_binary_higher"",""2023_47_education_binary_lower"",""2023_48_education_binary_higher"",""2023_48_education_binary_lower"",""2023_49_education_binary_lower"",""2023_51_education_binary_lower"",""2023_53_education_binary_lower""]",True,-0.08510638297872342
motif_280c39cdcfcace26,280c39cdcfcace262cd3b7309e92e667d0dde9ddcbcd43c7f07b68791ce198db,"{""edges"":[[""ARTHRITIS"",""COPD""],[""ARTHRITIS"",""ISCHEMIC_HEART_DISEASE""],[""COPD"",""CURRENT_ASTHMA""],[""ISCHEMIC_HEART_DISEASE"",""KIDNEY_DISEASE""]],""nodes"":[""ARTHRITIS"",""COPD"",""CURRENT_ASTHMA"",""ISCHEMIC_HEART_DISEASE"",""KIDNEY_DISEASE""]}",5,4,"[""ARTHRITIS"",""COPD"",""CURRENT_ASTHMA"",""ISCHEMIC_HEART_DISEASE"",""KIDNEY_DISEASE""]","[[""ARTHRITIS"",""COPD""],[""ARTHRITIS"",""ISCHEMIC_HEART_DISEASE""],[""COPD"",""CURRENT_ASTHMA""],[""ISCHEMIC_HEART_DISEASE"",""KIDNEY_DISEASE""]]",occ_d33d1e7236d802e8,True,True,False,39,0.4148936170212766,27,47,1.0,37.178,34.0,39.0,46,92,32,0.34782608695652173,25,"[""2023_01_education_binary_lower"",""2023_05_education_binary_higher"",""2023_05_education_binary_lower"",""2023_12_education_binary_higher"",""2023_12_education_binary_lower"",""2023_18_education_binary_higher"",""2023_18_education_binary_lower"",""2023_20_education_binary_lower"",""2023_22_education_binary_lower"",""2023_23_education_binary_higher"",""2023_24_education_binary_higher"",""2023_25_education_binary_lower"",""2023_26_education_binary_higher"",""2023_28_education_binary_lower"",""2023_31_education_binary_lower"",""2023_33_education_binary_lower"",""2023_36_education_binary_lower"",""2023_39_education_binary_higher"",""2023_39_education_binary_lower"",""2023_40_education_binary_higher"",""2023_40_education_binary_lower"",""2023_41_education_binary_lower"",""2023_45_education_binary_lower"",""2023_47_education_binary_higher"",""2023_47_education_binary_lower"",""2023_48_education_binary_lower"",""2023_49_education_binary_lower"",""2023_50_education_binary_higher"",""2023_51_education_binary_lower"",""2023_53_education_binary_lower"",""2023_54_education_binary_higher"",""2023_54_education_binary_lower""]",True,-0.06706753006475485
motif_287b8ec85d70fbac,287b8ec85d70fbac4f02541d278d9daaacdb122dd2ec24ecb9fb6ab986e870d4,"{""edges"":[[""ARTHRITIS"",""ISCHEMIC_HEART_DISEASE""],[""ARTHRITIS"",""SKIN_CANCER""],[""DIABETES"",""ISCHEMIC_HEART_DISEASE""],[""DIABETES"",""KIDNEY_DISEASE""]],""nodes"":[""ARTHRITIS"",""DIABETES"",""ISCHEMIC_HEART_DISEASE"",""KIDNEY_DISEASE"",""SKIN_CANCER""]}",5,4,"[""ARTHRITIS"",""DIABETES"",""ISCHEMIC_HEART_DISEASE"",""KIDNEY_DISEASE"",""SKIN_CANCER""]","[[""ARTHRITIS"",""ISCHEMIC_HEART_DISEASE""],[""ARTHRITIS"",""SKIN_CANCER""],[""DIABETES"",""ISCHEMIC_HEART_DISEASE""],[""DIABETES"",""KIDNEY_DISEASE""]]",occ_4e974591c6bf41f6,True,True,False,23,0.2446808510638297,20,47,0.988,21.368,19.0,23.0,47,94,16,0.1702127659574468,15,"[""2023_01_education_binary_higher"",""2023_04_education_binary_higher"",""2023_06_education_binary_higher"",""2023_09_education_binary_lower"",""2023_12_education_binary_higher"",""2023_13_education_binary_lower"",""2023_16_education_binary_lower"",""2023_18_education_binary_higher"",""2023_18_education_binary_lower"",""2023_25_education_binary_higher"",""2023_39_education_binary_lower"",""2023_41_education_binary_higher"",""2023_47_education_binary_lower"",""2023_50_education_binary_higher"",""2023_53_education_binary_higher"",""2023_54_education_binary_lower""]",False,-0.07446808510638289
motif_290c1bbabab0f535,290c1bbabab0f535630f449647c8c38dd606037d3b3d7499de95a694fff9a0fe,"{""edges"":[[""ARTHRITIS"",""DIABETES""],[""ARTHRITIS"",""ISCHEMIC_HEART_DISEASE""],[""DIABETES"",""ISCHEMIC_HEART_DISEASE""],[""DIABETES"",""KIDNEY_DISEASE""],[""ISCHEMIC_HEART_DISEASE"",""STROKE""]],""nodes"":[""ARTHRITIS"",""DIABETES"",""ISCHEMIC_HEART_DISEASE"",""KIDNEY_DISEASE"",""STROKE""]}",5,5,"[""ARTHRITIS"",""DIABETES"",""ISCHEMIC_HEART_DISEASE"",""KIDNEY_DISEASE"",""STROKE""]","[[""ARTHRITIS"",""DIABETES""],[""ARTHRITIS"",""ISCHEMIC_HEART_DISEASE""],[""DIABETES"",""ISCHEMIC_HEART_DISEASE""],[""DIABETES"",""KIDNEY_DISEASE""],[""ISCHEMIC_HEART_DISEASE"",""STROKE""]]",occ_49985f3a3d10bcb5,True,True,False,45,0.4787234042553192,29,47,1.0,42.886,40.0,45.0,47,94,35,0.3723404255319149,28,"[""2023_01_education_binary_lower"",""2023_04_education_binary_higher"",""2023_04_education_binary_lower"",""2023_05_education_binary_lower"",""2023_08_education_binary_lower"",""2023_13_education_binary_lower"",""2023_16_education_binary_lower"",""2023_18_education_binary_higher"",""2023_18_education_binary_lower"",""2023_19_education_binary_higher"",""2023_19_education_binary_lower"",""2023_20_education_binary_higher"",""2023_22_education_binary_lower"",""2023_23_education_binary_higher"",""2023_23_education_binary_lower"",""2023_24_education_binary_lower"",""2023_25_education_binary_higher"",""2023_26_education_binary_higher"",""2023_31_education_binary_higher"",""2023_33_education_binary_lower"",""2023_37_education_binary_lower"",""2023_38_education_binary_higher"",""2023_39_education_binary_higher"",""2023_39_education_binary_lower"",""2023_40_education_binary_higher"",""2023_41_education_binary_higher"",""2023_45_education_binary_higher"",""2023_47_education_binary_higher"",""2023_47_education_binary_lower"",""2023_48_education_binary_lower"",""2023_51_education_binary_lower"",""2023_53_education_binary_higher"",""2023_53_education_binary_lower"",""2023_54_education_binary_lower"",""2023_55_education_binary_higher""]",True,-0.1063829787234043
motif_292d9b9a4fb005aa,292d9b9a4fb005aa08137b47a08e5abd76002baa429988def56cee5c6b53d4be,"{""edges"":[[""ARTHRITIS"",""COPD""],[""ARTHRITIS"",""ISCHEMIC_HEART_DISEASE""],[""DIABETES"",""ISCHEMIC_HEART_DISEASE""],[""ISCHEMIC_HEART_DISEASE"",""STROKE""]],""nodes"":[""ARTHRITIS"",""COPD"",""DIABETES"",""ISCHEMIC_HEART_DISEASE"",""STROKE""]}",5,4,"[""ARTHRITIS"",""COPD"",""DIABETES"",""ISCHEMIC_HEART_DISEASE"",""STROKE""]","[[""ARTHRITIS"",""COPD""],[""ARTHRITIS"",""ISCHEMIC_HEART_DISEASE""],[""DIABETES"",""ISCHEMIC_HEART_DISEASE""],[""ISCHEMIC_HEART_DISEASE"",""STROKE""]]",occ_cabf8d309cd0bb61,True,True,False,58,0.6170212765957447,35,47,1.0,56.082,53.0,58.0,47,94,48,0.5106382978723404,38,"[""2023_01_education_binary_lower"",""2023_04_education_binary_higher"",""2023_05_education_binary_higher"",""2023_05_education_binary_lower"",""2023_06_education_binary_higher"",""2023_08_education_binary_lower"",""2023_09_education_binary_lower"",""2023_12_education_binary_higher"",""2023_13_education_binary_lower"",""2023_16_education_binary_lower"",""2023_18_education_binary_higher"",""2023_18_education_binary_lower"",""2023_19_education_binary_higher"",""2023_19_education_binary_lower"",""2023_20_education_binary_higher"",""2023_20_education_binary_lower"",""2023_22_education_binary_lower"",""2023_23_education_binary_higher"",""2023_23_education_binary_lower"",""2023_24_education_binary_lower"",""2023_25_education_binary_higher"",""2023_26_education_binary_higher"",""2023_27_education_binary_lower"",""2023_30_education_binary_lower"",""2023_31_education_binary_higher"",""2023_33_education_binary_lower"",""2023_36_education_binary_lower"",""2023_37_education_binary_lower"",""2023_38_education_binary_higher"",""2023_39_education_binary_higher"",""2023_39_education_binary_lower"",""2023_40_education_binary_higher"",""2023_41_education_binary_higher"",""2023_44_education_binary_higher"",""2023_45_education_binary_higher"",""2023_45_education_binary_lower"",""2023_47_education_binary_higher"",""2023_47_education_binary_lower"",""2023_48_education_binary_lower"",""2023_49_education_binary_lower"",""2023_50_education_binary_higher"",""2023_51_education_binary_lower"",""2023_53_education_binary_lower"",""2023_54_education_binary_higher"",""2023_54_education_binary_lower"",""2023_55_education_binary_higher"",""2023_55_education_binary_lower"",""2023_56_education_binary_higher""]",True,-0.1063829787234043
motif_294c7240155eb509,294c7240155eb5094a690e3760279f3a9026f0a37af6b21d3b1a2441c1f0d212,"{""edges"":[[""ARTHRITIS"",""ISCHEMIC_HEART_DISEASE""],[""ARTHRITIS"",""OTHER_CANCER""],[""ISCHEMIC_HEART_DISEASE"",""STROKE""]],""nodes"":[""ARTHRITIS"",""ISCHEMIC_HEART_DISEASE"",""OTHER_CANCER"",""STROKE""]}",4,3,"[""ARTHRITIS"",""ISCHEMIC_HEART_DISEASE"",""OTHER_CANCER"",""STROKE""]","[[""ARTHRITIS"",""ISCHEMIC_HEART_DISEASE""],[""ARTHRITIS"",""OTHER_CANCER""],[""ISCHEMIC_HEART_DISEASE"",""STROKE""]]",occ_523675374206a384,False,False,False,54,0.574468085106383,36,47,1.0,52.398,50.0,54.0,47,94,50,0.5319148936170213,36,"[""2023_01_education_binary_lower"",""2023_02_education_binary_higher"",""2023_04_education_binary_higher"",""2023_05_education_binary_higher"",""2023_05_education_binary_lower"",""2023_06_education_binary_higher"",""2023_08_education_binary_higher"",""2023_09_education_binary_lower"",""2023_10_education_binary_lower"",""2023_12_education_binary_higher"",""2023_12_education_binary_lower"",""2023_13_education_binary_lower"",""2023_16_education_binary_lower"",""2023_18_education_binary_higher"",""2023_18_education_binary_lower"",""2023_19_education_binary_lower"",""2023_20_education_binary_higher"",""2023_20_education_binary_lower"",""2023_23_education_binary_higher"",""2023_23_education_binary_lower"",""2023_24_education_binary_lower"",""2023_25_education_binary_higher"",""2023_26_education_binary_higher"",""2023_26_education_binary_lower"",""2023_27_education_binary_lower"",""2023_30_education_binary_lower"",""2023_31_education_binary_higher"",""2023_31_education_binary_lower"",""2023_33_education_binary_lower"",""2023_36_education_binary_lower"",""2023_37_education_binary_lower"",""2023_38_education_binary_higher"",""2023_39_education_binary_higher"",""2023_39_education_binary_lower"",""2023_41_education_binary_higher"",""2023_44_education_binary_higher"",""2023_45_education_binary_higher"",""2023_45_education_binary_lower"",""2023_47_education_binary_higher"",""2023_47_education_binary_lower"",""2023_49_education_binary_lower"",""2023_50_education_binary_higher"",""2023_50_education_binary_lower"",""2023_51_education_binary_lower"",""2023_53_education_binary_higher"",""2023_53_education_binary_lower"",""2023_54_education_binary_higher"",""2023_54_education_binary_lower"",""2023_55_education_binary_higher"",""2023_55_education_binary_lower""]",True,-0.042553191489361764
motif_29d0f405b61cb8e4,29d0f405b61cb8e440aaffdd349ce41cb16703a2cf6984ad4330b8a9481ced1e,"{""edges"":[[""ARTHRITIS"",""DIABETES""],[""ARTHRITIS"",""ISCHEMIC_HEART_DISEASE""],[""DIABETES"",""KIDNEY_DISEASE""],[""ISCHEMIC_HEART_DISEASE"",""STROKE""]],""nodes"":[""ARTHRITIS"",""DIABETES"",""ISCHEMIC_HEART_DISEASE"",""KIDNEY_DISEASE"",""STROKE""]}",5,4,"[""ARTHRITIS"",""DIABETES"",""ISCHEMIC_HEART_DISEASE"",""KIDNEY_DISEASE"",""STROKE""]","[[""ARTHRITIS"",""DIABETES""],[""ARTHRITIS"",""ISCHEMIC_HEART_DISEASE""],[""DIABETES"",""KIDNEY_DISEASE""],[""ISCHEMIC_HEART_DISEASE"",""STROKE""]]",occ_e15148f1ff4f01e4,True,True,False,54,0.574468085106383,35,47,1.0,51.326,48.0,54.0,47,94,43,0.4574468085106383,33,"[""2023_01_education_binary_lower"",""2023_02_education_binary_higher"",""2023_04_education_binary_higher"",""2023_04_education_binary_lower"",""2023_05_education_binary_lower"",""2023_08_education_binary_lower"",""2023_10_education_binary_lower"",""2023_12_education_binary_lower"",""2023_13_education_binary_lower"",""2023_16_education_binary_higher"",""2023_16_education_binary_lower"",""2023_17_education_binary_lower"",""2023_18_education_binary_higher"",""2023_18_education_binary_lower"",""2023_19_education_binary_higher"",""2023_19_education_binary_lower"",""2023_20_education_binary_higher"",""2023_22_education_binary_higher"",""2023_22_education_binary_lower"",""2023_23_education_binary_higher"",""2023_23_education_binary_lower"",""2023_24_education_binary_lower"",""2023_25_education_binary_higher"",""2023_26_education_binary_higher"",""2023_26_education_binary_lower"",""2023_29_education_binary_lower"",""2023_31_education_binary_higher"",""2023_33_education_binary_lower"",""2023_37_education_binary_lower"",""2023_38_education_binary_higher"",""2023_39_education_binary_higher"",""2023_39_education_binary_lower"",""2023_40_education_binary_higher"",""2023_41_education_binary_higher"",""2023_45_education_binary_higher"",""2023_47_education_binary_higher"",""2023_47_education_binary_lower"",""2023_48_education_binary_lower"",""2023_51_education_binary_lower"",""2023_53_education_binary_higher"",""2023_53_education_binary_lower"",""2023_54_education_binary_lower"",""2023_55_education_binary_higher""]",True,-0.11702127659574474
motif_29d831cab5ba7ad5,29d831cab5ba7ad525667f50072970f2feedf25e20cbaa3783b98ab380981dff,"{""edges"":[[""ARTHRITIS"",""ISCHEMIC_HEART_DISEASE""],[""ARTHRITIS"",""OTHER_CANCER""],[""ARTHRITIS"",""SKIN_CANCER""],[""DIABETES"",""ISCHEMIC_HEART_DISEASE""]],""nodes"":[""ARTHRITIS"",""DIABETES"",""ISCHEMIC_HEART_DISEASE"",""OTHER_CANCER"",""SKIN_CANCER""]}",5,4,"[""ARTHRITIS"",""DIABETES"",""ISCHEMIC_HEART_DISEASE"",""OTHER_CANCER"",""SKIN_CANCER""]","[[""ARTHRITIS"",""ISCHEMIC_HEART_DISEASE""],[""ARTHRITIS"",""OTHER_CANCER""],[""ARTHRITIS"",""SKIN_CANCER""],[""DIABETES"",""ISCHEMIC_HEART_DISEASE""]]",occ_2ac3f220a2ada2f3,False,False,False,23,0.2446808510638297,20,47,1.0,21.872,20.0,23.0,47,94,21,0.22340425531914893,18,"[""2023_04_education_binary_higher"",""2023_06_education_binary_higher"",""2023_09_education_binary_lower"",""2023_12_education_binary_higher"",""2023_13_education_binary_lower"",""2023_16_education_binary_lower"",""2023_18_education_binary_higher"",""2023_18_education_binary_lower"",""2023_25_education_binary_higher"",""2023_30_education_binary_lower"",""2023_39_education_binary_lower"",""2023_41_education_binary_higher"",""2023_45_education_binary_lower"",""2023_47_education_binary_lower"",""2023_49_education_binary_higher"",""2023_49_education_binary_lower"",""2023_50_education_binary_higher"",""2023_53_education_binary_higher"",""2023_54_education_binary_higher"",""2023_54_education_binary_lower"",""2023_55_education_binary_lower""]",True,-0.02127659574468077
motif_2aa95981fc3e8f36,2aa95981fc3e8f36b170610ad75e1e90cd85f434a9f359f7267ff18370ec6cbb,"{""edges"":[[""ARTHRITIS"",""ISCHEMIC_HEART_DISEASE""],[""ARTHRITIS"",""KIDNEY_DISEASE""]],""nodes"":[""ARTHRITIS"",""ISCHEMIC_HEART_DISEASE"",""KIDNEY_DISEASE""]}",3,2,"[""ARTHRITIS"",""ISCHEMIC_HEART_DISEASE"",""KIDNEY_DISEASE""]","[[""ARTHRITIS"",""ISCHEMIC_HEART_DISEASE""],[""ARTHRITIS"",""KIDNEY_DISEASE""]]",occ_851dd455a872f120,True,True,False,42,0.4468085106382978,30,47,1.0,40.728,38.0,42.0,47,94,36,0.3829787234042553,27,"[""2023_01_education_binary_lower"",""2023_02_education_binary_higher"",""2023_04_education_binary_higher"",""2023_05_education_binary_lower"",""2023_10_education_binary_higher"",""2023_13_education_binary_higher"",""2023_13_education_binary_lower"",""2023_18_education_binary_higher"",""2023_18_education_binary_lower"",""2023_19_education_binary_lower"",""2023_22_education_binary_higher"",""2023_22_education_binary_lower"",""2023_23_education_binary_lower"",""2023_25_education_binary_higher"",""2023_26_education_binary_lower"",""2023_27_education_binary_lower"",""2023_28_education_binary_higher"",""2023_34_education_binary_higher"",""2023_37_education_binary_lower"",""2023_38_education_binary_lower"",""2023_39_education_binary_higher"",""2023_39_education_binary_lower"",""2023_40_education_binary_higher"",""2023_40_education_binary_lower"",""2023_41_education_binary_lower"",""2023_45_education_binary_higher"",""2023_45_education_binary_lower"",""2023_46_education_binary_lower"",""2023_47_education_binary_higher"",""2023_47_education_binary_lower"",""2023_48_education_binary_higher"",""2023_48_education_binary_lower"",""2023_49_education_binary_lower"",""2023_51_education_binary_lower"",""2023_53_education_binary_higher"",""2023_53_education_binary_lower""]",True,-0.06382978723404248
motif_2ac06cbfd625bf4e,2ac06cbfd625bf4e9c43d96f7c56429ff4a21b01613ab9fe168bb1e5ef1966cf,"{""edges"":[[""ARTHRITIS"",""COPD""],[""ARTHRITIS"",""DIABETES""],[""ARTHRITIS"",""ISCHEMIC_HEART_DISEASE""],[""DIABETES"",""ISCHEMIC_HEART_DISEASE""],[""ISCHEMIC_HEART_DISEASE"",""STROKE""]],""nodes"":[""ARTHRITIS"",""COPD"",""DIABETES"",""ISCHEMIC_HEART_DISEASE"",""STROKE""]}",5,5,"[""ARTHRITIS"",""COPD"",""DIABETES"",""ISCHEMIC_HEART_DISEASE"",""STROKE""]","[[""ARTHRITIS"",""COPD""],[""ARTHRITIS"",""DIABETES""],[""ARTHRITIS"",""ISCHEMIC_HEART_DISEASE""],[""DIABETES"",""ISCHEMIC_HEART_DISEASE""],[""ISCHEMIC_HEART_DISEASE"",""STROKE""]]",occ_40e06239fcec8049,True,True,False,52,0.5531914893617021,32,47,1.0,50.328,48.0,52.0,47,94,43,0.4574468085106383,34,"[""2023_01_education_binary_lower"",""2023_04_education_binary_higher"",""2023_05_education_binary_higher"",""2023_05_education_binary_lower"",""2023_08_education_binary_lower"",""2023_13_education_binary_lower"",""2023_16_education_binary_lower"",""2023_18_education_binary_higher"",""2023_18_education_binary_lower"",""2023_19_education_binary_higher"",""2023_19_education_binary_lower"",""2023_20_education_binary_higher"",""2023_22_education_binary_lower"",""2023_23_education_binary_higher"",""2023_23_education_binary_lower"",""2023_24_education_binary_lower"",""2023_25_education_binary_higher"",""2023_26_education_binary_higher"",""2023_27_education_binary_lower"",""2023_30_education_binary_lower"",""2023_31_education_binary_higher"",""2023_33_education_binary_lower"",""2023_36_education_binary_lower"",""2023_37_education_binary_lower"",""2023_38_education_binary_higher"",""2023_39_education_binary_higher"",""2023_39_education_binary_lower"",""2023_40_education_binary_higher"",""2023_41_education_binary_higher"",""2023_44_education_binary_higher"",""2023_45_education_binary_higher"",""2023_45_education_binary_lower"",""2023_47_education_binary_higher"",""2023_47_education_binary_lower"",""2023_48_education_binary_lower"",""2023_49_education_binary_lower"",""2023_51_education_binary_lower"",""2023_53_education_binary_lower"",""2023_54_education_binary_higher"",""2023_54_education_binary_lower"",""2023_55_education_binary_higher"",""2023_55_education_binary_lower"",""2023_56_education_binary_higher""]",True,-0.09574468085106386
motif_2ad1cf6160fe23c7,2ad1cf6160fe23c7ebb6dbb70bc6bf14706d3eb25aff2369125f4a749611b791,"{""edges"":[[""ARTHRITIS"",""DIABETES""],[""ARTHRITIS"",""ISCHEMIC_HEART_DISEASE""],[""ARTHRITIS"",""OTHER_CANCER""],[""ISCHEMIC_HEART_DISEASE"",""STROKE""]],""nodes"":[""ARTHRITIS"",""DIABETES"",""ISCHEMIC_HEART_DISEASE"",""OTHER_CANCER"",""STROKE""]}",5,4,"[""ARTHRITIS"",""DIABETES"",""ISCHEMIC_HEART_DISEASE"",""OTHER_CANCER"",""STROKE""]","[[""ARTHRITIS"",""DIABETES""],[""ARTHRITIS"",""ISCHEMIC_HEART_DISEASE""],[""ARTHRITIS"",""OTHER_CANCER""],[""ISCHEMIC_HEART_DISEASE"",""STROKE""]]",occ_a50cd60e28894d60,True,True,False,50,0.5319148936170213,33,47,1.0,48.134,45.0,50.0,47,94,44,0.46808510638297873,33,"[""2023_01_education_binary_lower"",""2023_02_education_binary_higher"",""2023_04_education_binary_higher"",""2023_05_education_binary_higher"",""2023_05_education_binary_lower"",""2023_10_education_binary_lower"",""2023_12_education_binary_lower"",""2023_13_education_binary_lower"",""2023_16_education_binary_lower"",""2023_18_education_binary_higher"",""2023_18_education_binary_lower"",""2023_19_education_binary_lower"",""2023_20_education_binary_higher"",""2023_23_education_binary_higher"",""2023_23_education_binary_lower"",""2023_24_education_binary_lower"",""2023_25_education_binary_higher"",""2023_26_education_binary_higher"",""2023_26_education_binary_lower"",""2023_27_education_binary_lower"",""2023_30_education_binary_lower"",""2023_31_education_binary_higher"",""2023_31_education_binary_lower"",""2023_33_education_binary_lower"",""2023_36_education_binary_lower"",""2023_37_education_binary_lower"",""2023_38_education_binary_higher"",""2023_39_education_binary_higher"",""2023_39_education_binary_lower"",""2023_41_education_binary_higher"",""2023_44_education_binary_higher"",""2023_45_education_binary_higher"",""2023_45_education_binary_lower"",""2023_47_education_binary_higher"",""2023_47_education_binary_lower"",""2023_49_education_binary_lower"",""2023_50_education_binary_lower"",""2023_51_education_binary_lower"",""2023_53_education_binary_higher"",""2023_53_education_binary_lower"",""2023_54_education_binary_higher"",""2023_54_education_binary_lower"",""2023_55_education_binary_higher"",""2023_55_education_binary_lower""]",True,-0.06382978723404253
motif_2af20ff912ea7195,2af20ff912ea7195a7f7d4bd070717ffad7265933b219e39aabb98a15ae28b32,"{""edges"":[[""ARTHRITIS"",""DIABETES""],[""ARTHRITIS"",""ISCHEMIC_HEART_DISEASE""],[""COPD"",""ISCHEMIC_HEART_DISEASE""],[""DIABETES"",""ISCHEMIC_HEART_DISEASE""],[""DIABETES"",""KIDNEY_DISEASE""],[""ISCHEMIC_HEART_DISEASE"",""KIDNEY_DISEASE""]],""nodes"":[""ARTHRITIS"",""COPD"",""DIABETES"",""ISCHEMIC_HEART_DISEASE"",""KIDNEY_DISEASE""]}",5,6,"[""ARTHRITIS"",""COPD"",""DIABETES"",""ISCHEMIC_HEART_DISEASE"",""KIDNEY_DISEASE""]","[[""ARTHRITIS"",""DIABETES""],[""ARTHRITIS"",""ISCHEMIC_HEART_DISEASE""],[""COPD"",""ISCHEMIC_HEART_DISEASE""],[""DIABETES"",""ISCHEMIC_HEART_DISEASE""],[""DIABETES"",""KIDNEY_DISEASE""],[""ISCHEMIC_HEART_DISEASE"",""KIDNEY_DISEASE""]]",occ_458603a1dae03110,False,False,False,26,0.2765957446808511,20,47,1.0,24.34,22.0,26.0,46,92,19,0.20652173913043478,16,"[""2023_01_education_binary_lower"",""2023_05_education_binary_lower"",""2023_18_education_binary_higher"",""2023_18_education_binary_lower"",""2023_22_education_binary_lower"",""2023_23_education_binary_higher"",""2023_26_education_binary_higher"",""2023_31_education_binary_higher"",""2023_37_education_binary_lower"",""2023_38_education_binary_higher"",""2023_39_education_binary_higher"",""2023_39_education_binary_lower"",""2023_40_education_binary_higher"",""2023_47_education_binary_higher"",""2023_47_education_binary_lower"",""2023_48_education_binary_lower"",""2023_51_education_binary_lower"",""2023_53_education_binary_lower"",""2023_54_education_binary_lower""]",True,-0.07007400555041629
motif_2c556de84cb4e746,2c556de84cb4e7469c2eca6128ff7f5890740eba9f07fea9383bb54854a06816,"{""edges"":[[""ARTHRITIS"",""COPD""],[""ARTHRITIS"",""DIABETES""],[""DIABETES"",""ISCHEMIC_HEART_DISEASE""]],""nodes"":[""ARTHRITIS"",""COPD"",""DIABETES"",""ISCHEMIC_HEART_DISEASE""]}",4,3,"[""ARTHRITIS"",""COPD"",""DIABETES"",""ISCHEMIC_HEART_DISEASE""]","[[""ARTHRITIS"",""COPD""],[""ARTHRITIS"",""DIABETES""],[""DIABETES"",""ISCHEMIC_HEART_DISEASE""]]",occ_bb269fe173797438,True,True,False,63,0.6702127659574468,38,47,1.0,61.232,58.0,63.0,47,94,53,0.5638297872340425,41,"[""2023_01_education_binary_higher"",""2023_01_education_binary_lower"",""2023_02_education_binary_lower"",""2023_04_education_binary_higher"",""2023_05_education_binary_higher"",""2023_05_education_binary_lower"",""2023_06_education_binary_lower"",""2023_08_education_binary_lower"",""2023_09_education_binary_higher"",""2023_13_education_binary_higher"",""2023_13_education_binary_lower"",""2023_16_education_binary_lower"",""2023_17_education_binary_higher"",""2023_18_education_binary_higher"",""2023_18_education_binary_lower"",""2023_19_education_binary_higher"",""2023_19_education_binary_lower"",""2023_20_education_binary_higher"",""2023_22_education_binary_lower"",""2023_23_education_binary_higher"",""2023_23_education_binary_lower"",""2023_24_education_binary_higher"",""2023_24_education_binary_lower"",""2023_25_education_binary_higher"",""2023_26_education_binary_higher"",""2023_27_education_binary_lower"",""2023_28_education_binary_lower"",""2023_29_education_binary_higher"",""2023_30_education_binary_lower"",""2023_31_education_binary_higher"",""2023_33_education_binary_lower"",""2023_34_education_binary_lower"",""2023_36_education_binary_lower"",""2023_37_education_binary_lower"",""2023_38_education_binary_higher"",""2023_39_education_binary_higher"",""2023_39_education_binary_lower"",""2023_40_education_binary_higher"",""2023_41_education_binary_higher"",""2023_44_education_binary_higher"",""2023_45_education_binary_higher"",""2023_45_education_binary_lower"",""2023_47_education_binary_higher"",""2023_47_education_binary_lower"",""2023_48_education_binary_lower"",""2023_49_education_binary_lower"",""2023_51_education_binary_lower"",""2023_53_education_binary_lower"",""2023_54_education_binary_higher"",""2023_54_education_binary_lower"",""2023_55_education_binary_higher"",""2023_55_education_binary_lower"",""2023_56_education_binary_higher""]",True,-0.1063829787234043
motif_2cdb329eb88af463,2cdb329eb88af463db4775d30641142a4cc0913f2a0aa63d0787427b7df5ab05,"{""edges"":[[""ARTHRITIS"",""ISCHEMIC_HEART_DISEASE""],[""COPD"",""CURRENT_ASTHMA""],[""COPD"",""ISCHEMIC_HEART_DISEASE""],[""DIABETES"",""ISCHEMIC_HEART_DISEASE""]],""nodes"":[""ARTHRITIS"",""COPD"",""CURRENT_ASTHMA"",""DIABETES"",""ISCHEMIC_HEART_DISEASE""]}",5,4,"[""ARTHRITIS"",""COPD"",""CURRENT_ASTHMA"",""DIABETES"",""ISCHEMIC_HEART_DISEASE""]","[[""ARTHRITIS"",""ISCHEMIC_HEART_DISEASE""],[""COPD"",""CURRENT_ASTHMA""],[""COPD"",""ISCHEMIC_HEART_DISEASE""],[""DIABETES"",""ISCHEMIC_HEART_DISEASE""]]",occ_446aef9a0d06185a,False,False,False,47,0.5,31,47,1.0,45.79,43.0,47.0,47,94,40,0.425531914893617,30,"[""2023_01_education_binary_lower"",""2023_05_education_binary_higher"",""2023_05_education_binary_lower"",""2023_12_education_binary_higher"",""2023_13_education_binary_higher"",""2023_13_education_binary_lower"",""2023_16_education_binary_lower"",""2023_18_education_binary_higher"",""2023_18_education_binary_lower"",""2023_19_education_binary_lower"",""2023_20_education_binary_lower"",""2023_22_education_binary_lower"",""2023_23_education_binary_higher"",""2023_23_education_binary_lower"",""2023_24_education_binary_lower"",""2023_25_education_binary_higher"",""2023_26_education_binary_higher"",""2023_27_education_binary_lower"",""2023_28_education_binary_lower"",""2023_30_education_binary_lower"",""2023_36_education_binary_lower"",""2023_39_education_binary_higher"",""2023_39_education_binary_lower"",""2023_40_education_binary_higher"",""2023_41_education_binary_higher"",""2023_44_education_binary_higher"",""2023_45_education_binary_higher"",""2023_45_education_binary_lower"",""2023_47_education_binary_higher"",""2023_47_education_binary_lower"",""2023_48_education_binary_lower"",""2023_49_education_binary_lower"",""2023_51_education_binary_lower"",""2023_53_education_binary_higher"",""2023_53_education_binary_lower"",""2023_54_education_binary_higher"",""2023_54_education_binary_lower"",""2023_55_education_binary_higher"",""2023_55_education_binary_lower"",""2023_56_education_binary_higher""]",True,-0.07446808510638298
motif_2d48a4fd368d5657,2d48a4fd368d5657f19e2d08ead5a4b2208299b87be7118907d22c88cb131754,"{""edges"":[[""ARTHRITIS"",""COPD""],[""COPD"",""CURRENT_ASTHMA""],[""COPD"",""ISCHEMIC_HEART_DISEASE""],[""ISCHEMIC_HEART_DISEASE"",""KIDNEY_DISEASE""]],""nodes"":[""ARTHRITIS"",""COPD"",""CURRENT_ASTHMA"",""ISCHEMIC_HEART_DISEASE"",""KIDNEY_DISEASE""]}",5,4,"[""ARTHRITIS"",""COPD"",""CURRENT_ASTHMA"",""ISCHEMIC_HEART_DISEASE"",""KIDNEY_DISEASE""]","[[""ARTHRITIS"",""COPD""],[""COPD"",""CURRENT_ASTHMA""],[""COPD"",""ISCHEMIC_HEART_DISEASE""],[""ISCHEMIC_HEART_DISEASE"",""KIDNEY_DISEASE""]]",occ_aa03079f8836392f,True,True,False,34,0.3617021276595745,25,47,1.0,32.334,30.0,34.0,46,92,27,0.29347826086956524,20,"[""2023_01_education_binary_lower"",""2023_05_education_binary_higher"",""2023_05_education_binary_lower"",""2023_12_education_binary_higher"",""2023_12_education_binary_lower"",""2023_18_education_binary_higher"",""2023_18_education_binary_lower"",""2023_20_education_binary_lower"",""2023_22_education_binary_lower"",""2023_23_education_binary_higher"",""2023_26_education_binary_higher"",""2023_28_education_binary_lower"",""2023_31_education_binary_lower"",""2023_36_education_binary_lower"",""2023_39_education_binary_higher"",""2023_39_education_binary_lower"",""2023_40_education_binary_higher"",""2023_40_education_binary_lower"",""2023_45_education_binary_lower"",""2023_47_education_binary_higher"",""2023_47_education_binary_lower"",""2023_48_education_binary_lower"",""2023_49_education_binary_lower"",""2023_51_education_binary_lower"",""2023_53_education_binary_lower"",""2023_54_education_binary_higher"",""2023_54_education_binary_lower""]",True,-0.06822386679000925
motif_2d9dea63090b7772,2d9dea63090b777207d5e4167a5633a37b2fa3db74120a8b63d31bf470328ad2,"{""edges"":[[""ARTHRITIS"",""ISCHEMIC_HEART_DISEASE""],[""COPD"",""ISCHEMIC_HEART_DISEASE""],[""DIABETES"",""ISCHEMIC_HEART_DISEASE""],[""DIABETES"",""KIDNEY_DISEASE""]],""nodes"":[""ARTHRITIS"",""COPD"",""DIABETES"",""ISCHEMIC_HEART_DISEASE"",""KIDNEY_DISEASE""]}",5,4,"[""ARTHRITIS"",""COPD"",""DIABETES"",""ISCHEMIC_HEART_DISEASE"",""KIDNEY_DISEASE""]","[[""ARTHRITIS"",""ISCHEMIC_HEART_DISEASE""],[""COPD"",""ISCHEMIC_HEART_DISEASE""],[""DIABETES"",""ISCHEMIC_HEART_DISEASE""],[""DIABETES"",""KIDNEY_DISEASE""]]",occ_8f566e2005a04ea9,False,False,False,42,0.4468085106382978,30,47,1.0,39.986,37.0,42.0,47,94,30,0.3191489361702128,25,"[""2023_01_education_binary_lower"",""2023_05_education_binary_lower"",""2023_12_education_binary_higher"",""2023_13_education_binary_lower"",""2023_16_education_binary_lower"",""2023_18_education_binary_higher"",""2023_18_education_binary_lower"",""2023_19_education_binary_lower"",""2023_22_education_binary_lower"",""2023_23_education_binary_higher"",""2023_23_education_binary_lower"",""2023_24_education_binary_lower"",""2023_25_education_binary_higher"",""2023_26_education_binary_higher"",""2023_31_education_binary_higher"",""2023_37_education_binary_lower"",""2023_38_education_binary_higher"",""2023_39_education_binary_higher"",""2023_39_education_binary_lower"",""2023_40_education_binary_higher"",""2023_41_education_binary_higher"",""2023_45_education_binary_higher"",""2023_47_education_binary_higher"",""2023_47_education_binary_lower"",""2023_48_education_binary_lower"",""2023_51_education_binary_lower"",""2023_53_education_binary_higher"",""2023_53_education_binary_lower"",""2023_54_education_binary_lower"",""2023_55_education_binary_higher""]",True,-0.127659574468085
motif_2de10e214c2ecf82,2de10e214c2ecf826dfcbc87647bf76a15ac7f88449fa1d91a00cced815c3769,"{""edges"":[[""ARTHRITIS"",""DIABETES""],[""DIABETES"",""ISCHEMIC_HEART_DISEASE""],[""DIABETES"",""KIDNEY_DISEASE""]],""nodes"":[""ARTHRITIS"",""DIABETES"",""ISCHEMIC_HEART_DISEASE"",""KIDNEY_DISEASE""]}",4,3,"[""ARTHRITIS"",""DIABETES"",""ISCHEMIC_HEART_DISEASE"",""KIDNEY_DISEASE""]","[[""ARTHRITIS"",""DIABETES""],[""DIABETES"",""ISCHEMIC_HEART_DISEASE""],[""DIABETES"",""KIDNEY_DISEASE""]]",occ_1006c73248b8a7f9,False,False,False,49,0.5212765957446809,32,47,1.0,47.164,44.475,49.0,47,94,40,0.425531914893617,31,"[""2023_01_education_binary_higher"",""2023_01_education_binary_lower"",""2023_04_education_binary_higher"",""2023_04_education_binary_lower"",""2023_05_education_binary_lower"",""2023_08_education_binary_lower"",""2023_09_education_binary_higher"",""2023_13_education_binary_lower"",""2023_16_education_binary_lower"",""2023_17_education_binary_higher"",""2023_18_education_binary_higher"",""2023_18_education_binary_lower"",""2023_19_education_binary_higher"",""2023_19_education_binary_lower"",""2023_20_education_binary_higher"",""2023_22_education_binary_lower"",""2023_23_education_binary_higher"",""2023_23_education_binary_lower"",""2023_24_education_binary_higher"",""2023_24_education_binary_lower"",""2023_25_education_binary_higher"",""2023_26_education_binary_higher"",""2023_29_education_binary_higher"",""2023_31_education_binary_higher"",""2023_33_education_binary_lower"",""2023_37_education_binary_lower"",""2023_38_education_binary_higher"",""2023_39_education_binary_higher"",""2023_39_education_binary_lower"",""2023_40_education_binary_higher"",""2023_41_education_binary_higher"",""2023_45_education_binary_higher"",""2023_47_education_binary_higher"",""2023_47_education_binary_lower"",""2023_48_education_binary_lower"",""2023_51_education_binary_lower"",""2023_53_education_binary_higher"",""2023_53_education_binary_lower"",""2023_54_education_binary_lower"",""2023_55_education_binary_higher""]",True,-0.09574468085106386
motif_2e153101d0a11288,2e153101d0a1128882d8fafaad4bf9b77bf7c0cc9ff42e1d3c765b336fe2bf1e,"{""edges"":[[""ARTHRITIS"",""COPD""],[""ARTHRITIS"",""DIABETES""],[""ARTHRITIS"",""ISCHEMIC_HEART_DISEASE""],[""ARTHRITIS"",""KIDNEY_DISEASE""],[""COPD"",""ISCHEMIC_HEART_DISEASE""],[""DIABETES"",""ISCHEMIC_HEART_DISEASE""]],""nodes"":[""ARTHRITIS"",""COPD"",""DIABETES"",""ISCHEMIC_HEART_DISEASE"",""KIDNEY_DISEASE""]}",5,6,"[""ARTHRITIS"",""COPD"",""DIABETES"",""ISCHEMIC_HEART_DISEASE"",""KIDNEY_DISEASE""]","[[""ARTHRITIS"",""COPD""],[""ARTHRITIS"",""DIABETES""],[""ARTHRITIS"",""ISCHEMIC_HEART_DISEASE""],[""ARTHRITIS"",""KIDNEY_DISEASE""],[""COPD"",""ISCHEMIC_HEART_DISEASE""],[""DIABETES"",""ISCHEMIC_HEART_DISEASE""]]",occ_7884ae23ad0f5f48,True,True,False,28,0.2978723404255319,19,47,1.0,27.056,25.0,28.0,47,94,23,0.24468085106382978,18,"[""2023_01_education_binary_lower"",""2023_05_education_binary_lower"",""2023_13_education_binary_higher"",""2023_13_education_binary_lower"",""2023_18_education_binary_higher"",""2023_18_education_binary_lower"",""2023_19_education_binary_lower"",""2023_22_education_binary_lower"",""2023_23_education_binary_lower"",""2023_25_education_binary_higher"",""2023_27_education_binary_lower"",""2023_37_education_binary_lower"",""2023_39_education_binary_higher"",""2023_39_education_binary_lower"",""2023_40_education_binary_higher"",""2023_45_education_binary_higher"",""2023_45_education_binary_lower"",""2023_47_education_binary_higher"",""2023_47_education_binary_lower"",""2023_48_education_binary_lower"",""2023_49_education_binary_lower"",""2023_51_education_binary_lower"",""2023_53_education_binary_lower""]",True,-0.05319148936170212
motif_2ec7c5deb3b9bc46,2ec7c5deb3b9bc46368cbdbfed58b37c192487de06b92127986df97a46645fca,"{""edges"":[[""ARTHRITIS"",""ISCHEMIC_HEART_DISEASE""],[""ARTHRITIS"",""KIDNEY_DISEASE""],[""DIABETES"",""ISCHEMIC_HEART_DISEASE""],[""DIABETES"",""KIDNEY_DISEASE""],[""ISCHEMIC_HEART_DISEASE"",""KIDNEY_DISEASE""]],""nodes"":[""ARTHRITIS"",""DIABETES"",""ISCHEMIC_HEART_DISEASE"",""KIDNEY_DISEASE""]}",4,5,"[""ARTHRITIS"",""DIABETES"",""ISCHEMIC_HEART_DISEASE"",""KIDNEY_DISEASE""]","[[""ARTHRITIS"",""ISCHEMIC_HEART_DISEASE""],[""ARTHRITIS"",""KIDNEY_DISEASE""],[""DIABETES"",""ISCHEMIC_HEART_DISEASE""],[""DIABETES"",""KIDNEY_DISEASE""],[""ISCHEMIC_HEART_DISEASE"",""KIDNEY_DISEASE""]]",occ_584aa993e41d94b9,True,True,False,23,0.2446808510638297,18,47,0.992,21.502,19.0,23.0,46,92,14,0.15217391304347827,11,"[""2023_01_education_binary_lower"",""2023_05_education_binary_lower"",""2023_18_education_binary_higher"",""2023_18_education_binary_lower"",""2023_22_education_binary_lower"",""2023_37_education_binary_lower"",""2023_39_education_binary_higher"",""2023_39_education_binary_lower"",""2023_40_education_binary_higher"",""2023_47_education_binary_higher"",""2023_47_education_binary_lower"",""2023_48_education_binary_lower"",""2023_51_education_binary_lower"",""2023_53_education_binary_lower""]",False,-0.09250693802035143
motif_2f11035ec8a07441,2f11035ec8a074414b9dcf2a37f04f113380559acd6eb86c4a23d32f84ba327e,"{""edges"":[[""ARTHRITIS"",""ISCHEMIC_HEART_DISEASE""],[""ARTHRITIS"",""OTHER_CANCER""],[""OTHER_CANCER"",""SKIN_CANCER""]],""nodes"":[""ARTHRITIS"",""ISCHEMIC_HEART_DISEASE"",""OTHER_CANCER"",""SKIN_CANCER""]}",4,3,"[""ARTHRITIS"",""ISCHEMIC_HEART_DISEASE"",""OTHER_CANCER"",""SKIN_CANCER""]","[[""ARTHRITIS"",""ISCHEMIC_HEART_DISEASE""],[""ARTHRITIS"",""OTHER_CANCER""],[""OTHER_CANCER"",""SKIN_CANCER""]]",occ_ce00d3286e78d239,True,True,False,62,0.6595744680851063,39,47,1.0,60.714,58.0,62.0,47,94,56,0.5957446808510638,36,"[""2023_01_education_binary_lower"",""2023_02_education_binary_higher"",""2023_04_education_binary_higher"",""2023_05_education_binary_higher"",""2023_05_education_binary_lower"",""2023_06_education_binary_higher"",""2023_08_education_binary_higher"",""2023_09_education_binary_lower"",""2023_10_education_binary_higher"",""2023_10_education_binary_lower"",""2023_12_education_binary_higher"",""2023_12_education_binary_lower"",""2023_13_education_binary_higher"",""2023_13_education_binary_lower"",""2023_16_education_binary_lower"",""2023_18_education_binary_higher"",""2023_18_education_binary_lower"",""2023_19_education_binary_lower"",""2023_20_education_binary_higher"",""2023_20_education_binary_lower"",""2023_23_education_binary_higher"",""2023_23_education_binary_lower"",""2023_24_education_binary_higher"",""2023_24_education_binary_lower"",""2023_25_education_binary_higher"",""2023_26_education_binary_higher"",""2023_26_education_binary_lower"",""2023_27_education_binary_lower"",""2023_30_education_binary_lower"",""2023_31_education_binary_higher"",""2023_31_education_binary_lower"",""2023_33_education_binary_lower"",""2023_36_education_binary_lower"",""2023_37_education_binary_higher"",""2023_38_education_binary_higher"",""2023_38_education_binary_lower"",""2023_39_education_binary_higher"",""2023_39_education_binary_lower"",""2023_41_education_binary_higher"",""2023_41_education_binary_lower"",""2023_44_education_binary_higher"",""2023_45_education_binary_higher"",""2023_45_education_binary_lower"",""2023_47_education_binary_higher"",""2023_47_education_binary_lower"",""2023_48_education_binary_higher"",""2023_49_education_binary_higher"",""2023_49_education_binary_lower"",""2023_50_education_binary_higher"",""2023_50_education_binary_lower"",""2023_53_education_binary_higher"",""2023_53_education_binary_lower"",""2023_54_education_binary_higher"",""2023_54_education_binary_lower"",""2023_55_education_binary_higher"",""2023_55_education_binary_lower""]",True,-0.06382978723404253
motif_2f1cad9346e74372,2f1cad9346e743721565db101b3cebb2b63b099f3762b95b6b411e50020daf5d,"{""edges"":[[""ARTHRITIS"",""ISCHEMIC_HEART_DISEASE""],[""ISCHEMIC_HEART_DISEASE"",""KIDNEY_DISEASE""],[""ISCHEMIC_HEART_DISEASE"",""STROKE""]],""nodes"":[""ARTHRITIS"",""ISCHEMIC_HEART_DISEASE"",""KIDNEY_DISEASE"",""STROKE""]}",4,3,"[""ARTHRITIS"",""ISCHEMIC_HEART_DISEASE"",""KIDNEY_DISEASE"",""STROKE""]","[[""ARTHRITIS"",""ISCHEMIC_HEART_DISEASE""],[""ISCHEMIC_HEART_DISEASE"",""KIDNEY_DISEASE""],[""ISCHEMIC_HEART_DISEASE"",""STROKE""]]",occ_699feccffe53d585,True,True,False,40,0.425531914893617,28,47,1.0,38.032,35.0,40.0,46,92,32,0.34782608695652173,24,"[""2023_01_education_binary_lower"",""2023_04_education_binary_lower"",""2023_05_education_binary_higher"",""2023_05_education_binary_lower"",""2023_12_education_binary_higher"",""2023_12_education_binary_lower"",""2023_18_education_binary_higher"",""2023_18_education_binary_lower"",""2023_20_education_binary_lower"",""2023_22_education_binary_lower"",""2023_23_education_binary_higher"",""2023_26_education_binary_higher"",""2023_31_education_binary_higher"",""2023_31_education_binary_lower"",""2023_33_education_binary_lower"",""2023_36_education_binary_lower"",""2023_37_education_binary_lower"",""2023_38_education_binary_higher"",""2023_39_education_binary_higher"",""2023_39_education_binary_lower"",""2023_40_education_binary_higher"",""2023_40_education_binary_lower"",""2023_45_education_binary_lower"",""2023_47_education_binary_higher"",""2023_47_education_binary_lower"",""2023_48_education_binary_lower"",""2023_49_education_binary_lower"",""2023_50_education_binary_higher"",""2023_51_education_binary_lower"",""2023_53_education_binary_lower"",""2023_54_education_binary_higher"",""2023_54_education_binary_lower""]",True,-0.0777058279370953
motif_2f35404608f3f2ef,2f35404608f3f2ef35289d1bfa74cd49a2ca1164d98d120a9edac6611f1f1007,"{""edges"":[[""ARTHRITIS"",""COPD""],[""ARTHRITIS"",""DIABETES""],[""ARTHRITIS"",""ISCHEMIC_HEART_DISEASE""],[""COPD"",""ISCHEMIC_HEART_DISEASE""],[""DIABETES"",""ISCHEMIC_HEART_DISEASE""],[""ISCHEMIC_HEART_DISEASE"",""STROKE""]],""nodes"":[""ARTHRITIS"",""COPD"",""DIABETES"",""ISCHEMIC_HEART_DISEASE"",""STROKE""]}",5,6,"[""ARTHRITIS"",""COPD"",""DIABETES"",""ISCHEMIC_HEART_DISEASE"",""STROKE""]","[[""ARTHRITIS"",""COPD""],[""ARTHRITIS"",""DIABETES""],[""ARTHRITIS"",""ISCHEMIC_HEART_DISEASE""],[""COPD"",""ISCHEMIC_HEART_DISEASE""],[""DIABETES"",""ISCHEMIC_HEART_DISEASE""],[""ISCHEMIC_HEART_DISEASE"",""STROKE""]]",occ_8e030cbb1c8e24f7,True,True,False,43,0.4574468085106383,29,47,1.0,41.322,39.0,43.0,47,94,38,0.40425531914893614,30,"[""2023_01_education_binary_lower"",""2023_05_education_binary_higher"",""2023_05_education_binary_lower"",""2023_13_education_binary_lower"",""2023_16_education_binary_lower"",""2023_18_education_binary_higher"",""2023_18_education_binary_lower"",""2023_19_education_binary_lower"",""2023_22_education_binary_lower"",""2023_23_education_binary_higher"",""2023_23_education_binary_lower"",""2023_24_education_binary_lower"",""2023_25_education_binary_higher"",""2023_26_education_binary_higher"",""2023_27_education_binary_lower"",""2023_30_education_binary_lower"",""2023_31_education_binary_higher"",""2023_36_education_binary_lower"",""2023_37_education_binary_lower"",""2023_38_education_binary_higher"",""2023_39_education_binary_higher"",""2023_39_education_binary_lower"",""2023_40_education_binary_higher"",""2023_41_education_binary_higher"",""2023_44_education_binary_higher"",""2023_45_education_binary_higher"",""2023_45_education_binary_lower"",""2023_47_education_binary_higher"",""2023_47_education_binary_lower"",""2023_48_education_binary_lower"",""2023_49_education_binary_lower"",""2023_51_education_binary_lower"",""2023_53_education_binary_lower"",""2023_54_education_binary_higher"",""2023_54_education_binary_lower"",""2023_55_education_binary_higher"",""2023_55_education_binary_lower"",""2023_56_education_binary_higher""]",True,-0.05319148936170215
motif_2f435833caec9e2b,2f435833caec9e2bd5d3f2ebaf37c2739faf68908d0315f07296f4f146d85b39,"{""edges"":[[""ARTHRITIS"",""ISCHEMIC_HEART_DISEASE""],[""DIABETES"",""ISCHEMIC_HEART_DISEASE""]],""nodes"":[""ARTHRITIS"",""DIABETES"",""ISCHEMIC_HEART_DISEASE""]}",3,2,"[""ARTHRITIS"",""DIABETES"",""ISCHEMIC_HEART_DISEASE""]","[[""ARTHRITIS"",""ISCHEMIC_HEART_DISEASE""],[""DIABETES"",""ISCHEMIC_HEART_DISEASE""]]",occ_16d2b30ca96861c2,True,True,False,69,0.7340425531914894,44,47,1.0,67.48,65.0,69.0,47,94,55,0.5851063829787234,39,"[""2023_01_education_binary_higher"",""2023_01_education_binary_lower"",""2023_04_education_binary_higher"",""2023_04_education_binary_lower"",""2023_05_education_binary_higher"",""2023_05_education_binary_lower"",""2023_06_education_binary_higher"",""2023_08_education_binary_lower"",""2023_09_education_binary_lower"",""2023_12_education_binary_higher"",""2023_13_education_binary_higher"",""2023_13_education_binary_lower"",""2023_16_education_binary_lower"",""2023_18_education_binary_higher"",""2023_18_education_binary_lower"",""2023_19_education_binary_higher"",""2023_19_education_binary_lower"",""2023_20_education_binary_higher"",""2023_20_education_binary_lower"",""2023_22_education_binary_lower"",""2023_23_education_binary_higher"",""2023_23_education_binary_lower"",""2023_24_education_binary_higher"",""2023_24_education_binary_lower"",""2023_25_education_binary_higher"",""2023_26_education_binary_higher"",""2023_27_education_binary_lower"",""2023_28_education_binary_lower"",""2023_30_education_binary_lower"",""2023_31_education_binary_higher"",""2023_33_education_binary_lower"",""2023_36_education_binary_lower"",""2023_37_education_binary_lower"",""2023_38_education_binary_higher"",""2023_39_education_binary_higher"",""2023_39_education_binary_lower"",""2023_40_education_binary_higher"",""2023_41_education_binary_higher"",""2023_44_education_binary_higher"",""2023_45_education_binary_higher"",""2023_45_education_binary_lower"",""2023_47_education_binary_higher"",""2023_47_education_binary_lower"",""2023_48_education_binary_lower"",""2023_49_education_binary_higher"",""2023_49_education_binary_lower"",""2023_50_education_binary_higher"",""2023_51_education_binary_lower"",""2023_53_education_binary_higher"",""2023_53_education_binary_lower"",""2023_54_education_binary_higher"",""2023_54_education_binary_lower"",""2023_55_education_binary_higher"",""2023_55_education_binary_lower"",""2023_56_education_binary_higher""]",True,-0.14893617021276595
motif_2f49498d56eb193d,2f49498d56eb193d1ba852018865abff683db07741775164bc86ca6b7f816a4a,"{""edges"":[[""ARTHRITIS"",""COPD""],[""ARTHRITIS"",""DIABETES""],[""COPD"",""ISCHEMIC_HEART_DISEASE""],[""ISCHEMIC_HEART_DISEASE"",""STROKE""]],""nodes"":[""ARTHRITIS"",""COPD"",""DIABETES"",""ISCHEMIC_HEART_DISEASE"",""STROKE""]}",5,4,"[""ARTHRITIS"",""COPD"",""DIABETES"",""ISCHEMIC_HEART_DISEASE"",""STROKE""]","[[""ARTHRITIS"",""COPD""],[""ARTHRITIS"",""DIABETES""],[""COPD"",""ISCHEMIC_HEART_DISEASE""],[""ISCHEMIC_HEART_DISEASE"",""STROKE""]]",occ_734b731382759083,True,True,False,51,0.5425531914893617,33,47,1.0,49.26,47.0,51.0,47,94,44,0.46808510638297873,32,"[""2023_01_education_binary_lower"",""2023_05_education_binary_higher"",""2023_05_education_binary_lower"",""2023_12_education_binary_lower"",""2023_13_education_binary_lower"",""2023_16_education_binary_lower"",""2023_18_education_binary_higher"",""2023_18_education_binary_lower"",""2023_19_education_binary_lower"",""2023_22_education_binary_lower"",""2023_23_education_binary_higher"",""2023_23_education_binary_lower"",""2023_24_education_binary_lower"",""2023_25_education_binary_higher"",""2023_26_education_binary_higher"",""2023_26_education_binary_lower"",""2023_27_education_binary_lower"",""2023_29_education_binary_higher"",""2023_29_education_binary_lower"",""2023_30_education_binary_lower"",""2023_31_education_binary_higher"",""2023_31_education_binary_lower"",""2023_36_education_binary_lower"",""2023_37_education_binary_lower"",""2023_38_education_binary_higher"",""2023_39_education_binary_higher"",""2023_39_education_binary_lower"",""2023_40_education_binary_higher"",""2023_40_education_binary_lower"",""2023_41_education_binary_higher"",""2023_44_education_binary_higher"",""2023_45_education_binary_higher"",""2023_45_education_binary_lower"",""2023_47_education_binary_higher"",""2023_47_education_binary_lower"",""2023_48_education_binary_lower"",""2023_49_education_binary_lower"",""2023_51_education_binary_lower"",""2023_53_education_binary_lower"",""2023_54_education_binary_higher"",""2023_54_education_binary_lower"",""2023_55_education_binary_higher"",""2023_55_education_binary_lower"",""2023_56_education_binary_higher""]",True,-0.07446808510638292
motif_309e1fd1b1c35d59,309e1fd1b1c35d59ca12217e7910aeecdfc7040d22429d17b20441c9907cbb11,"{""edges"":[[""ARTHRITIS"",""DIABETES""],[""COPD"",""ISCHEMIC_HEART_DISEASE""],[""DIABETES"",""ISCHEMIC_HEART_DISEASE""],[""ISCHEMIC_HEART_DISEASE"",""KIDNEY_DISEASE""]],""nodes"":[""ARTHRITIS"",""COPD"",""DIABETES"",""ISCHEMIC_HEART_DISEASE"",""KIDNEY_DISEASE""]}",5,4,"[""ARTHRITIS"",""COPD"",""DIABETES"",""ISCHEMIC_HEART_DISEASE"",""KIDNEY_DISEASE""]","[[""ARTHRITIS"",""DIABETES""],[""COPD"",""ISCHEMIC_HEART_DISEASE""],[""DIABETES"",""ISCHEMIC_HEART_DISEASE""],[""ISCHEMIC_HEART_DISEASE"",""KIDNEY_DISEASE""]]",occ_a18aa0572ccf5aa8,False,False,False,30,0.3191489361702128,22,47,1.0,28.686,26.0,30.0,46,92,25,0.2717391304347826,20,"[""2023_01_education_binary_lower"",""2023_05_education_binary_higher"",""2023_05_education_binary_lower"",""2023_18_education_binary_higher"",""2023_18_education_binary_lower"",""2023_22_education_binary_lower"",""2023_23_education_binary_higher"",""2023_26_education_binary_higher"",""2023_28_education_binary_lower"",""2023_31_education_binary_higher"",""2023_36_education_binary_lower"",""2023_37_education_binary_lower"",""2023_38_education_binary_higher"",""2023_39_education_binary_higher"",""2023_39_education_binary_lower"",""2023_40_education_binary_higher"",""2023_45_education_binary_lower"",""2023_47_education_binary_higher"",""2023_47_education_binary_lower"",""2023_48_education_binary_lower"",""2023_49_education_binary_lower"",""2023_51_education_binary_lower"",""2023_53_education_binary_lower"",""2023_54_education_binary_higher"",""2023_54_education_binary_lower""]",True,-0.04740980573543019
motif_30a6e62e9c0d1251,30a6e62e9c0d125135eea9d92f8716816793e57d9ced296f2ca291ce1f3c6654,"{""edges"":[[""ARTHRITIS"",""COPD""],[""ARTHRITIS"",""ISCHEMIC_HEART_DISEASE""],[""ARTHRITIS"",""KIDNEY_DISEASE""],[""DIABETES"",""KIDNEY_DISEASE""]],""nodes"":[""ARTHRITIS"",""COPD"",""DIABETES"",""ISCHEMIC_HEART_DISEASE"",""KIDNEY_DISEASE""]}",5,4,"[""ARTHRITIS"",""COPD"",""DIABETES"",""ISCHEMIC_HEART_DISEASE"",""KIDNEY_DISEASE""]","[[""ARTHRITIS"",""COPD""],[""ARTHRITIS"",""ISCHEMIC_HEART_DISEASE""],[""ARTHRITIS"",""KIDNEY_DISEASE""],[""DIABETES"",""KIDNEY_DISEASE""]]",occ_c0ec8c8b39dc0930,True,True,False,35,0.3723404255319149,26,47,1.0,33.452,31.0,35.0,47,94,23,0.24468085106382978,20,"[""2023_01_education_binary_lower"",""2023_02_education_binary_higher"",""2023_04_education_binary_higher"",""2023_05_education_binary_lower"",""2023_13_education_binary_lower"",""2023_18_education_binary_higher"",""2023_18_education_binary_lower"",""2023_19_education_binary_lower"",""2023_22_education_binary_lower"",""2023_23_education_binary_lower"",""2023_25_education_binary_higher"",""2023_26_education_binary_lower"",""2023_37_education_binary_lower"",""2023_38_education_binary_lower"",""2023_39_education_binary_higher"",""2023_39_education_binary_lower"",""2023_40_education_binary_higher"",""2023_45_education_binary_higher"",""2023_47_education_binary_higher"",""2023_47_education_binary_lower"",""2023_48_education_binary_lower"",""2023_51_education_binary_lower"",""2023_53_education_binary_lower""]",True,-0.1276595744680851
motif_3194408fb9452179,3194408fb94521791af453ecb8bde9a261538e6eb5ac7c35f36df5e0d3158cfa,"{""edges"":[[""ARTHRITIS"",""COPD""],[""ARTHRITIS"",""SKIN_CANCER""]],""nodes"":[""ARTHRITIS"",""COPD"",""SKIN_CANCER""]}",3,2,"[""ARTHRITIS"",""COPD"",""SKIN_CANCER""]","[[""ARTHRITIS"",""COPD""],[""ARTHRITIS"",""SKIN_CANCER""]]",occ_25b03ff6028c3042,False,False,False,31,0.3297872340425531,25,47,1.0,30.024,28.0,31.0,47,94,27,0.2872340425531915,24,"[""2023_01_education_binary_higher"",""2023_04_education_binary_higher"",""2023_06_education_binary_higher"",""2023_08_education_binary_higher"",""2023_09_education_binary_lower"",""2023_10_education_binary_higher"",""2023_10_education_binary_lower"",""2023_12_education_binary_higher"",""2023_13_education_binary_lower"",""2023_16_education_binary_lower"",""2023_18_education_binary_higher"",""2023_18_education_binary_lower"",""2023_25_education_binary_higher"",""2023_30_education_binary_lower"",""2023_31_education_binary_lower"",""2023_33_education_binary_higher"",""2023_38_education_binary_lower"",""2023_39_education_binary_lower"",""2023_41_education_binary_higher"",""2023_45_education_binary_lower"",""2023_47_education_binary_lower"",""2023_49_education_binary_lower"",""2023_50_education_binary_higher"",""2023_54_education_binary_higher"",""2023_54_education_binary_lower"",""2023_55_education_binary_lower"",""2023_56_education_binary_higher""]",True,-0.0425531914893616
motif_329c5520ea9f137f,329c5520ea9f137f6e82a6d40a2c2e918b1f3b52a7aa0e51e360988f586bac61,"{""edges"":[[""ARTHRITIS"",""ISCHEMIC_HEART_DISEASE""],[""COPD"",""ISCHEMIC_HEART_DISEASE""]],""nodes"":[""ARTHRITIS"",""COPD"",""ISCHEMIC_HEART_DISEASE""]}",3,2,"[""ARTHRITIS"",""COPD"",""ISCHEMIC_HEART_DISEASE""]","[[""ARTHRITIS"",""ISCHEMIC_HEART_DISEASE""],[""COPD"",""ISCHEMIC_HEART_DISEASE""]]",occ_d4f00a971fbc8d2f,False,False,False,58,0.6170212765957447,36,47,1.0,56.774,54.0,58.0,47,94,53,0.5638297872340425,37,"[""2023_01_education_binary_lower"",""2023_05_education_binary_higher"",""2023_05_education_binary_lower"",""2023_10_education_binary_higher"",""2023_12_education_binary_higher"",""2023_12_education_binary_lower"",""2023_13_education_binary_higher"",""2023_13_education_binary_lower"",""2023_16_education_binary_lower"",""2023_18_education_binary_higher"",""2023_18_education_binary_lower"",""2023_19_education_binary_lower"",""2023_20_education_binary_lower"",""2023_22_education_binary_lower"",""2023_23_education_binary_higher"",""2023_23_education_binary_lower"",""2023_24_education_binary_lower"",""2023_25_education_binary_higher"",""2023_26_education_binary_higher"",""2023_26_education_binary_lower"",""2023_27_education_binary_lower"",""2023_28_education_binary_lower"",""2023_29_education_binary_lower"",""2023_30_education_binary_lower"",""2023_31_education_binary_higher"",""2023_31_education_binary_lower"",""2023_36_education_binary_lower"",""2023_37_education_binary_lower"",""2023_38_education_binary_higher"",""2023_39_education_binary_higher"",""2023_39_education_binary_lower"",""2023_40_education_binary_higher"",""2023_40_education_binary_lower"",""2023_41_education_binary_higher"",""2023_44_education_binary_higher"",""2023_45_education_binary_higher"",""2023_45_education_binary_lower"",""2023_46_education_binary_higher"",""2023_46_education_binary_lower"",""2023_47_education_binary_higher"",""2023_47_education_binary_lower"",""2023_48_education_binary_lower"",""2023_49_education_binary_lower"",""2023_50_education_binary_lower"",""2023_51_education_binary_lower"",""2023_53_education_binary_higher"",""2023_53_education_binary_lower"",""2023_54_education_binary_higher"",""2023_54_education_binary_lower"",""2023_55_education_binary_higher"",""2023_55_education_binary_lower"",""2023_56_education_binary_higher"",""2023_56_education_binary_lower""]",True,-0.05319148936170215
motif_34710843320b2fac,34710843320b2face1700a92b1832bf44685b79ff27c922dfced018f4ad9f3e1,"{""edges"":[[""ARTHRITIS"",""COPD""],[""COPD"",""CURRENT_ASTHMA""],[""COPD"",""ISCHEMIC_HEART_DISEASE""]],""nodes"":[""ARTHRITIS"",""COPD"",""CURRENT_ASTHMA"",""ISCHEMIC_HEART_DISEASE""]}",4,3,"[""ARTHRITIS"",""COPD"",""CURRENT_ASTHMA"",""ISCHEMIC_HEART_DISEASE""]","[[""ARTHRITIS"",""COPD""],[""COPD"",""CURRENT_ASTHMA""],[""COPD"",""ISCHEMIC_HEART_DISEASE""]]",occ_f65d4a07a6db2a46,True,True,False,54,0.574468085106383,34,47,1.0,52.768,50.0,54.0,47,94,47,0.5,33,"[""2023_01_education_binary_lower"",""2023_05_education_binary_higher"",""2023_05_education_binary_lower"",""2023_12_education_binary_higher"",""2023_12_education_binary_lower"",""2023_13_education_binary_higher"",""2023_13_education_binary_lower"",""2023_16_education_binary_lower"",""2023_18_education_binary_higher"",""2023_18_education_binary_lower"",""2023_19_education_binary_lower"",""2023_20_education_binary_lower"",""2023_22_education_binary_lower"",""2023_23_education_binary_higher"",""2023_23_education_binary_lower"",""2023_24_education_binary_lower"",""2023_25_education_binary_higher"",""2023_26_education_binary_higher"",""2023_26_education_binary_lower"",""2023_27_education_binary_lower"",""2023_28_education_binary_lower"",""2023_29_education_binary_higher"",""2023_29_education_binary_lower"",""2023_30_education_binary_lower"",""2023_31_education_binary_lower"",""2023_36_education_binary_lower"",""2023_39_education_binary_higher"",""2023_39_education_binary_lower"",""2023_40_education_binary_higher"",""2023_40_education_binary_lower"",""2023_41_education_binary_higher"",""2023_44_education_binary_higher"",""2023_45_education_binary_higher"",""2023_45_education_binary_lower"",""2023_46_education_binary_lower"",""2023_47_education_binary_higher"",""2023_47_education_binary_lower"",""2023_48_education_binary_lower"",""2023_49_education_binary_lower"",""2023_51_education_binary_lower"",""2023_53_education_binary_lower"",""2023_54_education_binary_higher"",""2023_54_education_binary_lower"",""2023_55_education_binary_higher"",""2023_55_education_binary_lower"",""2023_56_education_binary_higher"",""2023_56_education_binary_lower""]",True,-0.07446808510638303
motif_34712bfa3ca77994,34712bfa3ca7799452f128ad0967d8dd42bac908f0dc3054a26e1823e603e893,"{""edges"":[[""ARTHRITIS"",""ISCHEMIC_HEART_DISEASE""],[""ISCHEMIC_HEART_DISEASE"",""KIDNEY_DISEASE""]],""nodes"":[""ARTHRITIS"",""ISCHEMIC_HEART_DISEASE"",""KIDNEY_DISEASE""]}",3,2,"[""ARTHRITIS"",""ISCHEMIC_HEART_DISEASE"",""KIDNEY_DISEASE""]","[[""ARTHRITIS"",""ISCHEMIC_HEART_DISEASE""],[""ISCHEMIC_HEART_DISEASE"",""KIDNEY_DISEASE""]]",occ_da29d11952455f3e,True,True,False,45,0.4787234042553192,33,47,1.0,43.26,40.0,45.0,46,92,37,0.40217391304347827,29,"[""2023_01_education_binary_lower"",""2023_04_education_binary_lower"",""2023_05_education_binary_higher"",""2023_05_education_binary_lower"",""2023_10_education_binary_higher"",""2023_12_education_binary_higher"",""2023_12_education_binary_lower"",""2023_18_education_binary_higher"",""2023_18_education_binary_lower"",""2023_20_education_binary_lower"",""2023_22_education_binary_lower"",""2023_23_education_binary_higher"",""2023_24_education_binary_higher"",""2023_25_education_binary_lower"",""2023_26_education_binary_higher"",""2023_28_education_binary_lower"",""2023_31_education_binary_higher"",""2023_31_education_binary_lower"",""2023_33_education_binary_lower"",""2023_36_education_binary_lower"",""2023_37_education_binary_lower"",""2023_38_education_binary_higher"",""2023_39_education_binary_higher"",""2023_39_education_binary_lower"",""2023_40_education_binary_higher"",""2023_40_education_binary_lower"",""2023_41_education_binary_lower"",""2023_45_education_binary_lower"",""2023_47_education_binary_higher"",""2023_47_education_binary_lower"",""2023_48_education_binary_lower"",""2023_49_education_binary_lower"",""2023_50_education_binary_higher"",""2023_51_education_binary_lower"",""2023_53_education_binary_lower"",""2023_54_education_binary_higher"",""2023_54_education_binary_lower""]",True,-0.0765494912118409
motif_3584f99186f55098,3584f99186f550981f02027e5b802fa2d4bdaaca41be4804ea747860954d3378,"{""edges"":[[""ARTHRITIS"",""COPD""],[""ARTHRITIS"",""ISCHEMIC_HEART_DISEASE""],[""ARTHRITIS"",""SKIN_CANCER""],[""ISCHEMIC_HEART_DISEASE"",""STROKE""]],""nodes"":[""ARTHRITIS"",""COPD"",""ISCHEMIC_HEART_DISEASE"",""SKIN_CANCER"",""STROKE""]}",5,4,"[""ARTHRITIS"",""COPD"",""ISCHEMIC_HEART_DISEASE"",""SKIN_CANCER"",""STROKE""]","[[""ARTHRITIS"",""COPD""],[""ARTHRITIS"",""ISCHEMIC_HEART_DISEASE""],[""ARTHRITIS"",""SKIN_CANCER""],[""ISCHEMIC_HEART_DISEASE"",""STROKE""]]",occ_644a6799f8faf043,True,True,False,26,0.2765957446808511,21,47,0.998,24.694,22.0,26.0,47,94,23,0.24468085106382978,21,"[""2023_04_education_binary_higher"",""2023_06_education_binary_higher"",""2023_08_education_binary_higher"",""2023_09_education_binary_lower"",""2023_10_education_binary_lower"",""2023_12_education_binary_higher"",""2023_13_education_binary_lower"",""2023_16_education_binary_lower"",""2023_18_education_binary_higher"",""2023_18_education_binary_lower"",""2023_25_education_binary_higher"",""2023_30_education_binary_lower"",""2023_31_education_binary_lower"",""2023_39_education_binary_lower"",""2023_41_education_binary_higher"",""2023_45_education_binary_lower"",""2023_47_education_binary_lower"",""2023_49_education_binary_lower"",""2023_50_education_binary_higher"",""2023_54_education_binary_higher"",""2023_54_education_binary_lower"",""2023_55_education_binary_lower"",""2023_56_education_binary_higher""]",True,-0.031914893617021295
motif_36015bab6274bff0,36015bab6274bff0de30460309575ad5c54cc0874e1758dbd0c809d198e2b2b9,"{""edges"":[[""ARTHRITIS"",""DIABETES""],[""ARTHRITIS"",""ISCHEMIC_HEART_DISEASE""],[""ARTHRITIS"",""KIDNEY_DISEASE""],[""ISCHEMIC_HEART_DISEASE"",""KIDNEY_DISEASE""]],""nodes"":[""ARTHRITIS"",""DIABETES"",""ISCHEMIC_HEART_DISEASE"",""KIDNEY_DISEASE""]}",4,4,"[""ARTHRITIS"",""DIABETES"",""ISCHEMIC_HEART_DISEASE"",""KIDNEY_DISEASE""]","[[""ARTHRITIS"",""DIABETES""],[""ARTHRITIS"",""ISCHEMIC_HEART_DISEASE""],[""ARTHRITIS"",""KIDNEY_DISEASE""],[""ISCHEMIC_HEART_DISEASE"",""KIDNEY_DISEASE""]]",occ_15b437aa9ec394e6,True,True,False,23,0.2446808510638297,17,47,0.994,21.742,19.0,23.0,46,92,19,0.20652173913043478,15,"[""2023_01_education_binary_lower"",""2023_05_education_binary_lower"",""2023_10_education_binary_higher"",""2023_18_education_binary_higher"",""2023_18_education_binary_lower"",""2023_22_education_binary_lower"",""2023_37_education_binary_lower"",""2023_39_education_binary_higher"",""2023_39_education_binary_lower"",""2023_40_education_binary_higher"",""2023_40_education_binary_lower"",""2023_41_education_binary_lower"",""2023_45_education_binary_lower"",""2023_47_education_binary_higher"",""2023_47_education_binary_lower"",""2023_48_education_binary_lower"",""2023_49_education_binary_lower"",""2023_51_education_binary_lower"",""2023_53_education_binary_lower""]",True,-0.03815911193339491
motif_367019b89a849370,367019b89a84937013f36c71b26b2b64eee1141512fb1189f7bdad60c95effa5,"{""edges"":[[""ARTHRITIS"",""DIABETES""],[""ARTHRITIS"",""ISCHEMIC_HEART_DISEASE""],[""COPD"",""ISCHEMIC_HEART_DISEASE""],[""ISCHEMIC_HEART_DISEASE"",""KIDNEY_DISEASE""]],""nodes"":[""ARTHRITIS"",""COPD"",""DIABETES"",""ISCHEMIC_HEART_DISEASE"",""KIDNEY_DISEASE""]}",5,4,"[""ARTHRITIS"",""COPD"",""DIABETES"",""ISCHEMIC_HEART_DISEASE"",""KIDNEY_DISEASE""]","[[""ARTHRITIS"",""DIABETES""],[""ARTHRITIS"",""ISCHEMIC_HEART_DISEASE""],[""COPD"",""ISCHEMIC_HEART_DISEASE""],[""ISCHEMIC_HEART_DISEASE"",""KIDNEY_DISEASE""]]",occ_a6e95b60da24be97,False,False,False,33,0.351063829787234,24,47,1.0,31.444,29.0,33.0,46,92,29,0.31521739130434784,22,"[""2023_01_education_binary_lower"",""2023_05_education_binary_higher"",""2023_05_education_binary_lower"",""2023_10_education_binary_higher"",""2023_12_education_binary_lower"",""2023_18_education_binary_higher"",""2023_18_education_binary_lower"",""2023_22_education_binary_lower"",""2023_23_education_binary_higher"",""2023_26_education_binary_higher"",""2023_28_education_binary_lower"",""2023_31_education_binary_higher"",""2023_31_education_binary_lower"",""2023_36_education_binary_lower"",""2023_37_education_binary_lower"",""2023_38_education_binary_higher"",""2023_39_education_binary_higher"",""2023_39_education_binary_lower"",""2023_40_education_binary_higher"",""2023_40_education_binary_lower"",""2023_45_education_binary_lower"",""2023_47_education_binary_higher"",""2023_47_education_binary_lower"",""2023_48_education_binary_lower"",""2023_49_education_binary_lower"",""2023_51_education_binary_lower"",""2023_53_education_binary_lower"",""2023_54_education_binary_higher"",""2023_54_education_binary_lower""]",True,-0.035846438482886156
motif_37475eace4a84e41,37475eace4a84e414993864d56ddf7079ffd75f17c762bba64ea76524fb7408a,"{""edges"":[[""DIABETES"",""KIDNEY_DISEASE""],[""ISCHEMIC_HEART_DISEASE"",""KIDNEY_DISEASE""],[""ISCHEMIC_HEART_DISEASE"",""STROKE""]],""nodes"":[""DIABETES"",""ISCHEMIC_HEART_DISEASE"",""KIDNEY_DISEASE"",""STROKE""]}",4,3,"[""DIABETES"",""ISCHEMIC_HEART_DISEASE"",""KIDNEY_DISEASE"",""STROKE""]","[[""DIABETES"",""KIDNEY_DISEASE""],[""ISCHEMIC_HEART_DISEASE"",""KIDNEY_DISEASE""],[""ISCHEMIC_HEART_DISEASE"",""STROKE""]]",occ_25e559c2a57794f4,True,True,False,37,0.3936170212765957,27,47,1.0,34.68,31.0,37.0,46,92,26,0.2826086956521739,21,"[""2023_01_education_binary_lower"",""2023_04_education_binary_lower"",""2023_05_education_binary_lower"",""2023_12_education_binary_higher"",""2023_12_education_binary_lower"",""2023_18_education_binary_higher"",""2023_18_education_binary_lower"",""2023_22_education_binary_lower"",""2023_23_education_binary_higher"",""2023_26_education_binary_higher"",""2023_31_education_binary_higher"",""2023_33_education_binary_lower"",""2023_35_education_binary_higher"",""2023_37_education_binary_lower"",""2023_38_education_binary_higher"",""2023_39_education_binary_higher"",""2023_39_education_binary_lower"",""2023_40_education_binary_higher"",""2023_47_education_binary_higher"",""2023_47_education_binary_lower"",""2023_48_education_binary_lower"",""2023_50_education_binary_higher"",""2023_51_education_binary_higher"",""2023_51_education_binary_lower"",""2023_53_education_binary_lower"",""2023_54_education_binary_lower""]",True,-0.11100832562442181
motif_37830cccbe20e8cf,37830cccbe20e8cf37c6cf051ad08b6e43f6e84c74d57f1e3ca4d6a3dff1187b,"{""edges"":[[""ARTHRITIS"",""COPD""],[""COPD"",""ISCHEMIC_HEART_DISEASE""],[""DIABETES"",""ISCHEMIC_HEART_DISEASE""]],""nodes"":[""ARTHRITIS"",""COPD"",""DIABETES"",""ISCHEMIC_HEART_DISEASE""]}",4,3,"[""ARTHRITIS"",""COPD"",""DIABETES"",""ISCHEMIC_HEART_DISEASE""]","[[""ARTHRITIS"",""COPD""],[""COPD"",""ISCHEMIC_HEART_DISEASE""],[""DIABETES"",""ISCHEMIC_HEART_DISEASE""]]",occ_3a456f2a03f2e046,True,True,False,53,0.5638297872340425,35,47,1.0,51.278,48.0,53.0,47,94,43,0.4574468085106383,34,"[""2023_01_education_binary_lower"",""2023_05_education_binary_higher"",""2023_05_education_binary_lower"",""2023_12_education_binary_higher"",""2023_13_education_binary_higher"",""2023_13_education_binary_lower"",""2023_16_education_binary_lower"",""2023_18_education_binary_higher"",""2023_18_education_binary_lower"",""2023_19_education_binary_lower"",""2023_20_education_binary_lower"",""2023_22_education_binary_lower"",""2023_23_education_binary_higher"",""2023_23_education_binary_lower"",""2023_24_education_binary_lower"",""2023_25_education_binary_higher"",""2023_26_education_binary_higher"",""2023_27_education_binary_lower"",""2023_28_education_binary_lower"",""2023_29_education_binary_higher"",""2023_30_education_binary_lower"",""2023_31_education_binary_higher"",""2023_36_education_binary_lower"",""2023_37_education_binary_lower"",""2023_38_education_binary_higher"",""2023_39_education_binary_higher"",""2023_39_education_binary_lower"",""2023_40_education_binary_higher"",""2023_41_education_binary_higher"",""2023_44_education_binary_higher"",""2023_45_education_binary_higher"",""2023_45_education_binary_lower"",""2023_47_education_binary_higher"",""2023_47_education_binary_lower"",""2023_48_education_binary_lower"",""2023_49_education_binary_lower"",""2023_51_education_binary_lower"",""2023_53_education_binary_lower"",""2023_54_education_binary_higher"",""2023_54_education_binary_lower"",""2023_55_education_binary_higher"",""2023_55_education_binary_lower"",""2023_56_education_binary_higher""]",True,-0.10638297872340424
motif_37d31d57d3f9c5b8,37d31d57d3f9c5b81430dc4a35c2945e300ef60b645df3fec87b8e50f092b310,"{""edges"":[[""COPD"",""ISCHEMIC_HEART_DISEASE""],[""DIABETES"",""ISCHEMIC_HEART_DISEASE""],[""DIABETES"",""KIDNEY_DISEASE""],[""ISCHEMIC_HEART_DISEASE"",""KIDNEY_DISEASE""],[""ISCHEMIC_HEART_DISEASE"",""STROKE""]],""nodes"":[""COPD"",""DIABETES"",""ISCHEMIC_HEART_DISEASE"",""KIDNEY_DISEASE"",""STROKE""]}",5,5,"[""COPD"",""DIABETES"",""ISCHEMIC_HEART_DISEASE"",""KIDNEY_DISEASE"",""STROKE""]","[[""COPD"",""ISCHEMIC_HEART_DISEASE""],[""DIABETES"",""ISCHEMIC_HEART_DISEASE""],[""DIABETES"",""KIDNEY_DISEASE""],[""ISCHEMIC_HEART_DISEASE"",""KIDNEY_DISEASE""],[""ISCHEMIC_HEART_DISEASE"",""STROKE""]]",occ_78710c7e81284d35,True,True,True,28,0.2978723404255319,22,47,1.0,25.878,23.0,28.0,46,92,20,0.21739130434782608,17,"[""2023_01_education_binary_lower"",""2023_05_education_binary_lower"",""2023_12_education_binary_higher"",""2023_18_education_binary_higher"",""2023_18_education_binary_lower"",""2023_22_education_binary_lower"",""2023_23_education_binary_higher"",""2023_26_education_binary_higher"",""2023_31_education_binary_higher"",""2023_37_education_binary_lower"",""2023_38_education_binary_higher"",""2023_39_education_binary_higher"",""2023_39_education_binary_lower"",""2023_40_education_binary_higher"",""2023_47_education_binary_higher"",""2023_47_education_binary_lower"",""2023_48_education_binary_lower"",""2023_51_education_binary_lower"",""2023_53_education_binary_lower"",""2023_54_education_binary_lower""]",True,-0.08048103607770582
motif_38423b6b2977d305,38423b6b2977d3055b04f7a7762d68e9721d8d343a8213a6aab0cebfd2274624,"{""edges"":[[""ARTHRITIS"",""COPD""],[""ARTHRITIS"",""KIDNEY_DISEASE""],[""ARTHRITIS"",""OTHER_CANCER""]],""nodes"":[""ARTHRITIS"",""COPD"",""KIDNEY_DISEASE"",""OTHER_CANCER""]}",4,3,"[""ARTHRITIS"",""COPD"",""KIDNEY_DISEASE"",""OTHER_CANCER""]","[[""ARTHRITIS"",""COPD""],[""ARTHRITIS"",""KIDNEY_DISEASE""],[""ARTHRITIS"",""OTHER_CANCER""]]",occ_1c746b69edfa407c,False,False,False,27,0.2872340425531915,22,47,1.0,26.152,24.0,27.0,47,94,28,0.2978723404255319,23,"[""2023_01_education_binary_lower"",""2023_02_education_binary_higher"",""2023_04_education_binary_higher"",""2023_05_education_binary_lower"",""2023_10_education_binary_higher"",""2023_13_education_binary_higher"",""2023_13_education_binary_lower"",""2023_18_education_binary_higher"",""2023_18_education_binary_lower"",""2023_19_education_binary_lower"",""2023_23_education_binary_lower"",""2023_25_education_binary_higher"",""2023_26_education_binary_lower"",""2023_27_education_binary_lower"",""2023_29_education_binary_higher"",""2023_37_education_binary_lower"",""2023_38_education_binary_lower"",""2023_39_education_binary_higher"",""2023_39_education_binary_lower"",""2023_41_education_binary_lower"",""2023_45_education_binary_higher"",""2023_45_education_binary_lower"",""2023_47_education_binary_higher"",""2023_47_education_binary_lower"",""2023_48_education_binary_higher"",""2023_49_education_binary_lower"",""2023_51_education_binary_lower"",""2023_53_education_binary_lower""]",True,0.010638297872340385
motif_394a686a6740f667,394a686a6740f667a6dafa6b5bec774d37e39056a050f888da6bbf12644cbbf4,"{""edges"":[[""ARTHRITIS"",""COPD""],[""ARTHRITIS"",""ISCHEMIC_HEART_DISEASE""],[""ARTHRITIS"",""OTHER_CANCER""],[""OTHER_CANCER"",""SKIN_CANCER""]],""nodes"":[""ARTHRITIS"",""COPD"",""ISCHEMIC_HEART_DISEASE"",""OTHER_CANCER"",""SKIN_CANCER""]}",5,4,"[""ARTHRITIS"",""COPD"",""ISCHEMIC_HEART_DISEASE"",""OTHER_CANCER"",""SKIN_CANCER""]","[[""ARTHRITIS"",""COPD""],[""ARTHRITIS"",""ISCHEMIC_HEART_DISEASE""],[""ARTHRITIS"",""OTHER_CANCER""],[""OTHER_CANCER"",""SKIN_CANCER""]]",occ_49916b00da806cab,True,True,False,57,0.6063829787234043,37,47,1.0,55.486,53.0,57.0,47,94,53,0.5638297872340425,36,"[""2023_01_education_binary_lower"",""2023_02_education_binary_higher"",""2023_04_education_binary_higher"",""2023_05_education_binary_higher"",""2023_05_education_binary_lower"",""2023_06_education_binary_higher"",""2023_08_education_binary_higher"",""2023_09_education_binary_lower"",""2023_10_education_binary_higher"",""2023_10_education_binary_lower"",""2023_12_education_binary_higher"",""2023_12_education_binary_lower"",""2023_13_education_binary_higher"",""2023_13_education_binary_lower"",""2023_16_education_binary_lower"",""2023_18_education_binary_higher"",""2023_18_education_binary_lower"",""2023_19_education_binary_lower"",""2023_20_education_binary_higher"",""2023_20_education_binary_lower"",""2023_23_education_binary_higher"",""2023_23_education_binary_lower"",""2023_24_education_binary_higher"",""2023_24_education_binary_lower"",""2023_25_education_binary_higher"",""2023_26_education_binary_higher"",""2023_26_education_binary_lower"",""2023_27_education_binary_lower"",""2023_30_education_binary_lower"",""2023_31_education_binary_higher"",""2023_31_education_binary_lower"",""2023_33_education_binary_lower"",""2023_36_education_binary_lower"",""2023_37_education_binary_higher"",""2023_38_education_binary_higher"",""2023_38_education_binary_lower"",""2023_39_education_binary_higher"",""2023_39_education_binary_lower"",""2023_41_education_binary_higher"",""2023_41_education_binary_lower"",""2023_44_education_binary_higher"",""2023_45_education_binary_higher"",""2023_45_education_binary_lower"",""2023_47_education_binary_higher"",""2023_47_education_binary_lower"",""2023_48_education_binary_higher"",""2023_49_education_binary_lower"",""2023_50_education_binary_higher"",""2023_53_education_binary_lower"",""2023_54_education_binary_higher"",""2023_54_education_binary_lower"",""2023_55_education_binary_higher"",""2023_55_education_binary_lower""]",True,-0.042553191489361764
motif_396f8c618dc38f26,396f8c618dc38f2645151037729df9aec93247176f7124620b1a5e2914f58951,"{""edges"":[[""ARTHRITIS"",""COPD""],[""ARTHRITIS"",""DIABETES""],[""ARTHRITIS"",""ISCHEMIC_HEART_DISEASE""],[""COPD"",""CURRENT_ASTHMA""],[""COPD"",""ISCHEMIC_HEART_DISEASE""],[""DIABETES"",""ISCHEMIC_HEART_DISEASE""]],""nodes"":[""ARTHRITIS"",""COPD"",""CURRENT_ASTHMA"",""DIABETES"",""ISCHEMIC_HEART_DISEASE""]}",5,6,"[""ARTHRITIS"",""COPD"",""CURRENT_ASTHMA"",""DIABETES"",""ISCHEMIC_HEART_DISEASE""]","[[""ARTHRITIS"",""COPD""],[""ARTHRITIS"",""DIABETES""],[""ARTHRITIS"",""ISCHEMIC_HEART_DISEASE""],[""COPD"",""CURRENT_ASTHMA""],[""COPD"",""ISCHEMIC_HEART_DISEASE""],[""DIABETES"",""ISCHEMIC_HEART_DISEASE""]]",occ_aaffcd7c1d082905,True,True,False,44,0.4680851063829787,29,47,1.0,42.638,40.0,44.0,47,94,37,0.39361702127659576,28,"[""2023_01_education_binary_lower"",""2023_05_education_binary_higher"",""2023_05_education_binary_lower"",""2023_13_education_binary_higher"",""2023_13_education_binary_lower"",""2023_16_education_binary_lower"",""2023_18_education_binary_higher"",""2023_18_education_binary_lower"",""2023_19_education_binary_lower"",""2023_22_education_binary_lower"",""2023_23_education_binary_higher"",""2023_23_education_binary_lower"",""2023_24_education_binary_lower"",""2023_25_education_binary_higher"",""2023_26_education_binary_higher"",""2023_27_education_binary_lower"",""2023_28_education_binary_lower"",""2023_30_education_binary_lower"",""2023_36_education_binary_lower"",""2023_39_education_binary_higher"",""2023_39_education_binary_lower"",""2023_40_education_binary_higher"",""2023_41_education_binary_higher"",""2023_44_education_binary_higher"",""2023_45_education_binary_higher"",""2023_45_education_binary_lower"",""2023_47_education_binary_higher"",""2023_47_education_binary_lower"",""2023_48_education_binary_lower"",""2023_49_education_binary_lower"",""2023_51_education_binary_lower"",""2023_53_education_binary_lower"",""2023_54_education_binary_higher"",""2023_54_education_binary_lower"",""2023_55_education_binary_higher"",""2023_55_education_binary_lower"",""2023_56_education_binary_higher""]",True,-0.07446808510638292
motif_39ec7fe0f96a2be6,39ec7fe0f96a2be6437566e189c7f56b5d8eb0efde336d00ad1d7f3a232ff435,"{""edges"":[[""ARTHRITIS"",""ISCHEMIC_HEART_DISEASE""],[""ARTHRITIS"",""KIDNEY_DISEASE""],[""ISCHEMIC_HEART_DISEASE"",""STROKE""]],""nodes"":[""ARTHRITIS"",""ISCHEMIC_HEART_DISEASE"",""KIDNEY_DISEASE"",""STROKE""]}",4,3,"[""ARTHRITIS"",""ISCHEMIC_HEART_DISEASE"",""KIDNEY_DISEASE"",""STROKE""]","[[""ARTHRITIS"",""ISCHEMIC_HEART_DISEASE""],[""ARTHRITIS"",""KIDNEY_DISEASE""],[""ISCHEMIC_HEART_DISEASE"",""STROKE""]]",occ_026459d48491f0f8,True,True,False,37,0.3936170212765957,26,47,1.0,35.608,33.0,37.0,47,94,30,0.3191489361702128,23,"[""2023_01_education_binary_lower"",""2023_02_education_binary_higher"",""2023_04_education_binary_higher"",""2023_05_education_binary_lower"",""2023_13_education_binary_lower"",""2023_18_education_binary_higher"",""2023_18_education_binary_lower"",""2023_19_education_binary_lower"",""2023_22_education_binary_higher"",""2023_22_education_binary_lower"",""2023_23_education_binary_lower"",""2023_25_education_binary_higher"",""2023_26_education_binary_lower"",""2023_27_education_binary_lower"",""2023_28_education_binary_higher"",""2023_34_education_binary_higher"",""2023_37_education_binary_lower"",""2023_39_education_binary_higher"",""2023_39_education_binary_lower"",""2023_40_education_binary_higher"",""2023_40_education_binary_lower"",""2023_45_education_binary_higher"",""2023_45_education_binary_lower"",""2023_47_education_binary_higher"",""2023_47_education_binary_lower"",""2023_48_education_binary_lower"",""2023_49_education_binary_lower"",""2023_51_education_binary_lower"",""2023_53_education_binary_higher"",""2023_53_education_binary_lower""]",True,-0.07446808510638292
motif_3a17b4ce682ce2b1,3a17b4ce682ce2b1b6f92ac960b63932ee0b993c6f7693567b7f6ede058f3ba3,"{""edges"":[[""ARTHRITIS"",""DIABETES""],[""ARTHRITIS"",""KIDNEY_DISEASE""],[""ARTHRITIS"",""OTHER_CANCER""],[""DIABETES"",""ISCHEMIC_HEART_DISEASE""],[""DIABETES"",""KIDNEY_DISEASE""]],""nodes"":[""ARTHRITIS"",""DIABETES"",""ISCHEMIC_HEART_DISEASE"",""KIDNEY_DISEASE"",""OTHER_CANCER""]}",5,5,"[""ARTHRITIS"",""DIABETES"",""ISCHEMIC_HEART_DISEASE"",""KIDNEY_DISEASE"",""OTHER_CANCER""]","[[""ARTHRITIS"",""DIABETES""],[""ARTHRITIS"",""KIDNEY_DISEASE""],[""ARTHRITIS"",""OTHER_CANCER""],[""DIABETES"",""ISCHEMIC_HEART_DISEASE""],[""DIABETES"",""KIDNEY_DISEASE""]]",occ_22d7c46b7bd2a944,False,False,False,23,0.2446808510638297,18,47,0.996,22.046,20.0,23.0,47,94,19,0.20212765957446807,15,"[""2023_01_education_binary_lower"",""2023_04_education_binary_higher"",""2023_05_education_binary_lower"",""2023_13_education_binary_lower"",""2023_18_education_binary_higher"",""2023_18_education_binary_lower"",""2023_19_education_binary_lower"",""2023_23_education_binary_lower"",""2023_25_education_binary_higher"",""2023_29_education_binary_higher"",""2023_37_education_binary_lower"",""2023_39_education_binary_higher"",""2023_39_education_binary_lower"",""2023_45_education_binary_higher"",""2023_47_education_binary_higher"",""2023_47_education_binary_lower"",""2023_51_education_binary_lower"",""2023_53_education_binary_higher"",""2023_53_education_binary_lower""]",True,-0.042553191489361625
motif_3a44a0047355a92b,3a44a0047355a92b360d6a8ae81ba7f3b4218a2f3996cea31522fdf16d21fbe5,"{""edges"":[[""ARTHRITIS"",""COPD""],[""ARTHRITIS"",""DIABETES""],[""COPD"",""CURRENT_ASTHMA""],[""COPD"",""ISCHEMIC_HEART_DISEASE""],[""DIABETES"",""ISCHEMIC_HEART_DISEASE""]],""nodes"":[""ARTHRITIS"",""COPD"",""CURRENT_ASTHMA"",""DIABETES"",""ISCHEMIC_HEART_DISEASE""]}",5,5,"[""ARTHRITIS"",""COPD"",""CURRENT_ASTHMA"",""DIABETES"",""ISCHEMIC_HEART_DISEASE""]","[[""ARTHRITIS"",""COPD""],[""ARTHRITIS"",""DIABETES""],[""COPD"",""CURRENT_ASTHMA""],[""COPD"",""ISCHEMIC_HEART_DISEASE""],[""DIABETES"",""ISCHEMIC_HEART_DISEASE""]]",occ_aaffcd7c1d082905,False,False,False,44,0.4680851063829787,29,47,1.0,42.724,40.0,44.0,47,94,38,0.40425531914893614,29,"[""2023_01_education_binary_lower"",""2023_05_education_binary_higher"",""2023_05_education_binary_lower"",""2023_13_education_binary_higher"",""2023_13_education_binary_lower"",""2023_16_education_binary_lower"",""2023_18_education_binary_higher"",""2023_18_education_binary_lower"",""2023_19_education_binary_lower"",""2023_22_education_binary_lower"",""2023_23_education_binary_higher"",""2023_23_education_binary_lower"",""2023_24_education_binary_lower"",""2023_25_education_binary_higher"",""2023_26_education_binary_higher"",""2023_27_education_binary_lower"",""2023_28_education_binary_lower"",""2023_29_education_binary_higher"",""2023_30_education_binary_lower"",""2023_36_education_binary_lower"",""2023_39_education_binary_higher"",""2023_39_education_binary_lower"",""2023_40_education_binary_higher"",""2023_41_education_binary_higher"",""2023_44_education_binary_higher"",""2023_45_education_binary_higher"",""2023_45_education_binary_lower"",""2023_47_education_binary_higher"",""2023_47_education_binary_lower"",""2023_48_education_binary_lower"",""2023_49_education_binary_lower"",""2023_51_education_binary_lower"",""2023_53_education_binary_lower"",""2023_54_education_binary_higher"",""2023_54_education_binary_lower"",""2023_55_education_binary_higher"",""2023_55_education_binary_lower"",""2023_56_education_binary_higher""]",True,-0.06382978723404253
motif_3a74636fdbc8b97b,3a74636fdbc8b97bbdd975c5e500c20a327cf24ddc00acc38801e34858897a08,"{""edges"":[[""ARTHRITIS"",""COPD""],[""ARTHRITIS"",""DIABETES""],[""COPD"",""ISCHEMIC_HEART_DISEASE""],[""ISCHEMIC_HEART_DISEASE"",""KIDNEY_DISEASE""]],""nodes"":[""ARTHRITIS"",""COPD"",""DIABETES"",""ISCHEMIC_HEART_DISEASE"",""KIDNEY_DISEASE""]}",5,4,"[""ARTHRITIS"",""COPD"",""DIABETES"",""ISCHEMIC_HEART_DISEASE"",""KIDNEY_DISEASE""]","[[""ARTHRITIS"",""COPD""],[""ARTHRITIS"",""DIABETES""],[""COPD"",""ISCHEMIC_HEART_DISEASE""],[""ISCHEMIC_HEART_DISEASE"",""KIDNEY_DISEASE""]]",occ_a6e95b60da24be97,False,False,False,33,0.351063829787234,24,47,1.0,31.484,29.0,33.0,46,92,29,0.31521739130434784,22,"[""2023_01_education_binary_lower"",""2023_05_education_binary_higher"",""2023_05_education_binary_lower"",""2023_10_education_binary_higher"",""2023_12_education_binary_lower"",""2023_18_education_binary_higher"",""2023_18_education_binary_lower"",""2023_22_education_binary_lower"",""2023_23_education_binary_higher"",""2023_26_education_binary_higher"",""2023_28_education_binary_lower"",""2023_31_education_binary_higher"",""2023_31_education_binary_lower"",""2023_36_education_binary_lower"",""2023_37_education_binary_lower"",""2023_38_education_binary_higher"",""2023_39_education_binary_higher"",""2023_39_education_binary_lower"",""2023_40_education_binary_higher"",""2023_40_education_binary_lower"",""2023_45_education_binary_lower"",""2023_47_education_binary_higher"",""2023_47_education_binary_lower"",""2023_48_education_binary_lower"",""2023_49_education_binary_lower"",""2023_51_education_binary_lower"",""2023_53_education_binary_lower"",""2023_54_education_binary_higher"",""2023_54_education_binary_lower""]",True,-0.035846438482886156
motif_3be567c2d0a1b7d5,3be567c2d0a1b7d5402af0365113e52a670fc198e2308f6a561350fb2e36bc8c,"{""edges"":[[""ARTHRITIS"",""COPD""],[""ARTHRITIS"",""DIABETES""],[""DIABETES"",""ISCHEMIC_HEART_DISEASE""],[""DIABETES"",""KIDNEY_DISEASE""],[""ISCHEMIC_HEART_DISEASE"",""KIDNEY_DISEASE""]],""nodes"":[""ARTHRITIS"",""COPD"",""DIABETES"",""ISCHEMIC_HEART_DISEASE"",""KIDNEY_DISEASE""]}",5,5,"[""ARTHRITIS"",""COPD"",""DIABETES"",""ISCHEMIC_HEART_DISEASE"",""KIDNEY_DISEASE""]","[[""ARTHRITIS"",""COPD""],[""ARTHRITIS"",""DIABETES""],[""DIABETES"",""ISCHEMIC_HEART_DISEASE""],[""DIABETES"",""KIDNEY_DISEASE""],[""ISCHEMIC_HEART_DISEASE"",""KIDNEY_DISEASE""]]",occ_17bd400c926c321a,False,False,False,33,0.351063829787234,24,47,1.0,31.002,28.0,33.0,46,92,21,0.22826086956521738,18,"[""2023_01_education_binary_lower"",""2023_05_education_binary_lower"",""2023_18_education_binary_higher"",""2023_18_education_binary_lower"",""2023_22_education_binary_lower"",""2023_23_education_binary_higher"",""2023_24_education_binary_higher"",""2023_26_education_binary_higher"",""2023_31_education_binary_higher"",""2023_33_education_binary_lower"",""2023_37_education_binary_lower"",""2023_38_education_binary_higher"",""2023_39_education_binary_higher"",""2023_39_education_binary_lower"",""2023_40_education_binary_higher"",""2023_47_education_binary_higher"",""2023_47_education_binary_lower"",""2023_48_education_binary_lower"",""2023_51_education_binary_lower"",""2023_53_education_binary_lower"",""2023_54_education_binary_lower""]",True,-0.12280296022201662
motif_3c069e7c4f04b0c0,3c069e7c4f04b0c0c99f210850d450bb2c6a8469b731284b302cabc61363dfbc,"{""edges"":[[""ARTHRITIS"",""COPD""],[""ARTHRITIS"",""DIABETES""],[""ARTHRITIS"",""ISCHEMIC_HEART_DISEASE""],[""COPD"",""ISCHEMIC_HEART_DISEASE""],[""ISCHEMIC_HEART_DISEASE"",""STROKE""]],""nodes"":[""ARTHRITIS"",""COPD"",""DIABETES"",""ISCHEMIC_HEART_DISEASE"",""STROKE""]}",5,5,"[""ARTHRITIS"",""COPD"",""DIABETES"",""ISCHEMIC_HEART_DISEASE"",""STROKE""]","[[""ARTHRITIS"",""COPD""],[""ARTHRITIS"",""DIABETES""],[""ARTHRITIS"",""ISCHEMIC_HEART_DISEASE""],[""COPD"",""ISCHEMIC_HEART_DISEASE""],[""ISCHEMIC_HEART_DISEASE"",""STROKE""]]",occ_f9416f77541098b0,True,True,False,50,0.5319148936170213,33,47,1.0,48.09,46.0,50.0,47,94,43,0.4574468085106383,32,"[""2023_01_education_binary_lower"",""2023_05_education_binary_higher"",""2023_05_education_binary_lower"",""2023_12_education_binary_lower"",""2023_13_education_binary_lower"",""2023_16_education_binary_lower"",""2023_18_education_binary_higher"",""2023_18_education_binary_lower"",""2023_19_education_binary_lower"",""2023_22_education_binary_lower"",""2023_23_education_binary_higher"",""2023_23_education_binary_lower"",""2023_24_education_binary_lower"",""2023_25_education_binary_higher"",""2023_26_education_binary_higher"",""2023_26_education_binary_lower"",""2023_27_education_binary_lower"",""2023_29_education_binary_lower"",""2023_30_education_binary_lower"",""2023_31_education_binary_higher"",""2023_31_education_binary_lower"",""2023_36_education_binary_lower"",""2023_37_education_binary_lower"",""2023_38_education_binary_higher"",""2023_39_education_binary_higher"",""2023_39_education_binary_lower"",""2023_40_education_binary_higher"",""2023_40_education_binary_lower"",""2023_41_education_binary_higher"",""2023_44_education_binary_higher"",""2023_45_education_binary_higher"",""2023_45_education_binary_lower"",""2023_47_education_binary_higher"",""2023_47_education_binary_lower"",""2023_48_education_binary_lower"",""2023_49_education_binary_lower"",""2023_51_education_binary_lower"",""2023_53_education_binary_lower"",""2023_54_education_binary_higher"",""2023_54_education_binary_lower"",""2023_55_education_binary_higher"",""2023_55_education_binary_lower"",""2023_56_education_binary_higher""]",True,-0.07446808510638298
motif_3ca241df6e5e399b,3ca241df6e5e399b2df302df2f2be3d631f3ac2e6854ddfd5baccb498dd5d7d9,"{""edges"":[[""ARTHRITIS"",""DIABETES""],[""ARTHRITIS"",""ISCHEMIC_HEART_DISEASE""],[""COPD"",""ISCHEMIC_HEART_DISEASE""],[""DIABETES"",""KIDNEY_DISEASE""]],""nodes"":[""ARTHRITIS"",""COPD"",""DIABETES"",""ISCHEMIC_HEART_DISEASE"",""KIDNEY_DISEASE""]}",5,4,"[""ARTHRITIS"",""COPD"",""DIABETES"",""ISCHEMIC_HEART_DISEASE"",""KIDNEY_DISEASE""]","[[""ARTHRITIS"",""DIABETES""],[""ARTHRITIS"",""ISCHEMIC_HEART_DISEASE""],[""COPD"",""ISCHEMIC_HEART_DISEASE""],[""DIABETES"",""KIDNEY_DISEASE""]]",occ_50ccaa50b8d58270,False,False,False,45,0.4787234042553192,31,47,1.0,42.724,39.0,45.0,47,94,32,0.3404255319148936,26,"[""2023_01_education_binary_lower"",""2023_05_education_binary_lower"",""2023_12_education_binary_lower"",""2023_13_education_binary_lower"",""2023_16_education_binary_lower"",""2023_18_education_binary_higher"",""2023_18_education_binary_lower"",""2023_19_education_binary_lower"",""2023_22_education_binary_lower"",""2023_23_education_binary_higher"",""2023_23_education_binary_lower"",""2023_24_education_binary_lower"",""2023_25_education_binary_higher"",""2023_26_education_binary_higher"",""2023_26_education_binary_lower"",""2023_29_education_binary_lower"",""2023_31_education_binary_higher"",""2023_37_education_binary_lower"",""2023_38_education_binary_higher"",""2023_39_education_binary_higher"",""2023_39_education_binary_lower"",""2023_40_education_binary_higher"",""2023_41_education_binary_higher"",""2023_45_education_binary_higher"",""2023_47_education_binary_higher"",""2023_47_education_binary_lower"",""2023_48_education_binary_lower"",""2023_51_education_binary_lower"",""2023_53_education_binary_higher"",""2023_53_education_binary_lower"",""2023_54_education_binary_lower"",""2023_55_education_binary_higher""]",True,-0.13829787234042556
motif_3d50d7469ea2a0a8,3d50d7469ea2a0a867612b09e14b3460a213c6b80002e03635da1c7ed53f94f8,"{""edges"":[[""ARTHRITIS"",""ISCHEMIC_HEART_DISEASE""],[""ARTHRITIS"",""KIDNEY_DISEASE""],[""ARTHRITIS"",""OTHER_CANCER""],[""ISCHEMIC_HEART_DISEASE"",""STROKE""]],""nodes"":[""ARTHRITIS"",""ISCHEMIC_HEART_DISEASE"",""KIDNEY_DISEASE"",""OTHER_CANCER"",""STROKE""]}",5,4,"[""ARTHRITIS"",""ISCHEMIC_HEART_DISEASE"",""KIDNEY_DISEASE"",""OTHER_CANCER"",""STROKE""]","[[""ARTHRITIS"",""ISCHEMIC_HEART_DISEASE""],[""ARTHRITIS"",""KIDNEY_DISEASE""],[""ARTHRITIS"",""OTHER_CANCER""],[""ISCHEMIC_HEART_DISEASE"",""STROKE""]]",occ_43df48f0b9c504e9,True,True,False,27,0.2872340425531915,22,47,1.0,25.736,23.475,27.0,47,94,23,0.24468085106382978,18,"[""2023_01_education_binary_lower"",""2023_02_education_binary_higher"",""2023_04_education_binary_higher"",""2023_05_education_binary_lower"",""2023_13_education_binary_lower"",""2023_18_education_binary_higher"",""2023_18_education_binary_lower"",""2023_19_education_binary_lower"",""2023_23_education_binary_lower"",""2023_25_education_binary_higher"",""2023_26_education_binary_lower"",""2023_27_education_binary_lower"",""2023_37_education_binary_lower"",""2023_39_education_binary_higher"",""2023_39_education_binary_lower"",""2023_45_education_binary_higher"",""2023_45_education_binary_lower"",""2023_47_education_binary_higher"",""2023_47_education_binary_lower"",""2023_49_education_binary_lower"",""2023_51_education_binary_lower"",""2023_53_education_binary_higher"",""2023_53_education_binary_lower""]",True,-0.042553191489361736
motif_3dca7fe7a9c94f2f,3dca7fe7a9c94f2f08301840b52d36c155489adc33438819d31ac9f4aa2bf494,"{""edges"":[[""ARTHRITIS"",""ISCHEMIC_HEART_DISEASE""],[""ARTHRITIS"",""KIDNEY_DISEASE""],[""COPD"",""ISCHEMIC_HEART_DISEASE""],[""DIABETES"",""ISCHEMIC_HEART_DISEASE""]],""nodes"":[""ARTHRITIS"",""COPD"",""DIABETES"",""ISCHEMIC_HEART_DISEASE"",""KIDNEY_DISEASE""]}",5,4,"[""ARTHRITIS"",""COPD"",""DIABETES"",""ISCHEMIC_HEART_DISEASE"",""KIDNEY_DISEASE""]","[[""ARTHRITIS"",""ISCHEMIC_HEART_DISEASE""],[""ARTHRITIS"",""KIDNEY_DISEASE""],[""COPD"",""ISCHEMIC_HEART_DISEASE""],[""DIABETES"",""ISCHEMIC_HEART_DISEASE""]]",occ_8e5dba69c449ca0b,False,False,False,29,0.3085106382978723,20,47,1.0,28.004,26.0,29.0,47,94,24,0.2553191489361702,18,"[""2023_01_education_binary_lower"",""2023_05_education_binary_lower"",""2023_13_education_binary_higher"",""2023_13_education_binary_lower"",""2023_18_education_binary_higher"",""2023_18_education_binary_lower"",""2023_19_education_binary_lower"",""2023_22_education_binary_lower"",""2023_23_education_binary_lower"",""2023_25_education_binary_higher"",""2023_27_education_binary_lower"",""2023_37_education_binary_lower"",""2023_39_education_binary_higher"",""2023_39_education_binary_lower"",""2023_40_education_binary_higher"",""2023_45_education_binary_higher"",""2023_45_education_binary_lower"",""2023_47_education_binary_higher"",""2023_47_education_binary_lower"",""2023_48_education_binary_lower"",""2023_49_education_binary_lower"",""2023_51_education_binary_lower"",""2023_53_education_binary_higher"",""2023_53_education_binary_lower""]",True,-0.05319148936170209
motif_4074b843a40a8667,4074b843a40a8667b8c4d0ab51ca86efeb77499130199566c0ed8f1c25a0fa2e,"{""edges"":[[""ARTHRITIS"",""DIABETES""],[""ARTHRITIS"",""OTHER_CANCER""],[""OTHER_CANCER"",""SKIN_CANCER""]],""nodes"":[""ARTHRITIS"",""DIABETES"",""OTHER_CANCER"",""SKIN_CANCER""]}",4,3,"[""ARTHRITIS"",""DIABETES"",""OTHER_CANCER"",""SKIN_CANCER""]","[[""ARTHRITIS"",""DIABETES""],[""ARTHRITIS"",""OTHER_CANCER""],[""OTHER_CANCER"",""SKIN_CANCER""]]",occ_6213745c3a825d59,True,True,False,61,0.648936170212766,38,47,1.0,59.314,56.0,61.0,47,94,56,0.5957446808510638,37,"[""2023_01_education_binary_lower"",""2023_02_education_binary_higher"",""2023_02_education_binary_lower"",""2023_04_education_binary_higher"",""2023_05_education_binary_higher"",""2023_05_education_binary_lower"",""2023_09_education_binary_higher"",""2023_10_education_binary_higher"",""2023_10_education_binary_lower"",""2023_12_education_binary_lower"",""2023_13_education_binary_higher"",""2023_13_education_binary_lower"",""2023_16_education_binary_lower"",""2023_17_education_binary_higher"",""2023_18_education_binary_higher"",""2023_18_education_binary_lower"",""2023_19_education_binary_lower"",""2023_20_education_binary_higher"",""2023_23_education_binary_higher"",""2023_23_education_binary_lower"",""2023_24_education_binary_higher"",""2023_24_education_binary_lower"",""2023_25_education_binary_higher"",""2023_26_education_binary_higher"",""2023_26_education_binary_lower"",""2023_27_education_binary_lower"",""2023_29_education_binary_higher"",""2023_30_education_binary_higher"",""2023_30_education_binary_lower"",""2023_31_education_binary_higher"",""2023_31_education_binary_lower"",""2023_33_education_binary_lower"",""2023_34_education_binary_lower"",""2023_36_education_binary_lower"",""2023_37_education_binary_higher"",""2023_38_education_binary_higher"",""2023_38_education_binary_lower"",""2023_39_education_binary_higher"",""2023_39_education_binary_lower"",""2023_41_education_binary_higher"",""2023_41_education_binary_lower"",""2023_44_education_binary_higher"",""2023_45_education_binary_higher"",""2023_45_education_binary_lower"",""2023_47_education_binary_higher"",""2023_47_education_binary_lower"",""2023_48_education_binary_higher"",""2023_49_education_binary_higher"",""2023_49_education_binary_lower"",""2023_50_education_binary_lower"",""2023_53_education_binary_higher"",""2023_53_education_binary_lower"",""2023_54_education_binary_higher"",""2023_54_education_binary_lower"",""2023_55_education_binary_higher"",""2023_55_education_binary_lower""]",True,-0.05319148936170215
motif_40a677a453ac6467,40a677a453ac64679ac84d76bd8cc1fc8c06e31124f9121a0e4cfa534d5f087d,"{""edges"":[[""ARTHRITIS"",""DIABETES""],[""ARTHRITIS"",""ISCHEMIC_HEART_DISEASE""],[""COPD"",""ISCHEMIC_HEART_DISEASE""],[""ISCHEMIC_HEART_DISEASE"",""STROKE""]],""nodes"":[""ARTHRITIS"",""COPD"",""DIABETES"",""ISCHEMIC_HEART_DISEASE"",""STROKE""]}",5,4,"[""ARTHRITIS"",""COPD"",""DIABETES"",""ISCHEMIC_HEART_DISEASE"",""STROKE""]","[[""ARTHRITIS"",""DIABETES""],[""ARTHRITIS"",""ISCHEMIC_HEART_DISEASE""],[""COPD"",""ISCHEMIC_HEART_DISEASE""],[""ISCHEMIC_HEART_DISEASE"",""STROKE""]]",occ_f9416f77541098b0,False,False,False,50,0.5319148936170213,33,47,1.0,48.266,46.0,50.0,47,94,45,0.4787234042553192,33,"[""2023_01_education_binary_lower"",""2023_05_education_binary_higher"",""2023_05_education_binary_lower"",""2023_12_education_binary_lower"",""2023_13_education_binary_lower"",""2023_16_education_binary_lower"",""2023_18_education_binary_higher"",""2023_18_education_binary_lower"",""2023_19_education_binary_lower"",""2023_22_education_binary_lower"",""2023_23_education_binary_higher"",""2023_23_education_binary_lower"",""2023_24_education_binary_lower"",""2023_25_education_binary_higher"",""2023_26_education_binary_higher"",""2023_26_education_binary_lower"",""2023_27_education_binary_lower"",""2023_29_education_binary_lower"",""2023_30_education_binary_lower"",""2023_31_education_binary_higher"",""2023_31_education_binary_lower"",""2023_36_education_binary_lower"",""2023_37_education_binary_lower"",""2023_38_education_binary_higher"",""2023_39_education_binary_higher"",""2023_39_education_binary_lower"",""2023_40_education_binary_higher"",""2023_40_education_binary_lower"",""2023_41_education_binary_higher"",""2023_44_education_binary_higher"",""2023_45_education_binary_higher"",""2023_45_education_binary_lower"",""2023_47_education_binary_higher"",""2023_47_education_binary_lower"",""2023_48_education_binary_lower"",""2023_49_education_binary_lower"",""2023_50_education_binary_lower"",""2023_51_education_binary_lower"",""2023_53_education_binary_higher"",""2023_53_education_binary_lower"",""2023_54_education_binary_higher"",""2023_54_education_binary_lower"",""2023_55_education_binary_higher"",""2023_55_education_binary_lower"",""2023_56_education_binary_higher""]",True,-0.05319148936170209
motif_4105c9e59ebee4e9,4105c9e59ebee4e914bc239f6755f39fb0b23f7d35e7f26f3365bc77095d4dbf,"{""edges"":[[""ARTHRITIS"",""COPD""],[""ARTHRITIS"",""DIABETES""],[""ARTHRITIS"",""KIDNEY_DISEASE""],[""DIABETES"",""ISCHEMIC_HEART_DISEASE""],[""ISCHEMIC_HEART_DISEASE"",""KIDNEY_DISEASE""]],""nodes"":[""ARTHRITIS"",""COPD"",""DIABETES"",""ISCHEMIC_HEART_DISEASE"",""KIDNEY_DISEASE""]}",5,5,"[""ARTHRITIS"",""COPD"",""DIABETES"",""ISCHEMIC_HEART_DISEASE"",""KIDNEY_DISEASE""]","[[""ARTHRITIS"",""COPD""],[""ARTHRITIS"",""DIABETES""],[""ARTHRITIS"",""KIDNEY_DISEASE""],[""DIABETES"",""ISCHEMIC_HEART_DISEASE""],[""ISCHEMIC_HEART_DISEASE"",""KIDNEY_DISEASE""]]",occ_a81e0506b1aaf663,False,False,False,22,0.2340425531914893,16,47,0.962,20.716,18.0,22.0,46,92,16,0.17391304347826086,13,"[""2023_01_education_binary_lower"",""2023_05_education_binary_lower"",""2023_18_education_binary_higher"",""2023_18_education_binary_lower"",""2023_22_education_binary_lower"",""2023_37_education_binary_lower"",""2023_39_education_binary_higher"",""2023_39_education_binary_lower"",""2023_40_education_binary_higher"",""2023_45_education_binary_lower"",""2023_47_education_binary_higher"",""2023_47_education_binary_lower"",""2023_48_education_binary_lower"",""2023_49_education_binary_lower"",""2023_51_education_binary_lower"",""2023_53_education_binary_lower""]",False,-0.060129509713228446
motif_4215b9a5488b5aa2,4215b9a5488b5aa22aedd5b5674c091b092e854d8c5e26ea1658992d54fac1f2,"{""edges"":[[""ARTHRITIS"",""ISCHEMIC_HEART_DISEASE""],[""DIABETES"",""ISCHEMIC_HEART_DISEASE""],[""ISCHEMIC_HEART_DISEASE"",""KIDNEY_DISEASE""],[""ISCHEMIC_HEART_DISEASE"",""STROKE""]],""nodes"":[""ARTHRITIS"",""DIABETES"",""ISCHEMIC_HEART_DISEASE"",""KIDNEY_DISEASE"",""STROKE""]}",5,4,"[""ARTHRITIS"",""DIABETES"",""ISCHEMIC_HEART_DISEASE"",""KIDNEY_DISEASE"",""STROKE""]","[[""ARTHRITIS"",""ISCHEMIC_HEART_DISEASE""],[""DIABETES"",""ISCHEMIC_HEART_DISEASE""],[""ISCHEMIC_HEART_DISEASE"",""KIDNEY_DISEASE""],[""ISCHEMIC_HEART_DISEASE"",""STROKE""]]",occ_ec286a1c7301d1d0,True,True,False,37,0.3936170212765957,26,47,1.0,34.964,32.0,37.0,46,92,29,0.31521739130434784,24,"[""2023_01_education_binary_lower"",""2023_04_education_binary_lower"",""2023_05_education_binary_higher"",""2023_05_education_binary_lower"",""2023_12_education_binary_higher"",""2023_18_education_binary_higher"",""2023_18_education_binary_lower"",""2023_20_education_binary_lower"",""2023_22_education_binary_lower"",""2023_23_education_binary_higher"",""2023_26_education_binary_higher"",""2023_31_education_binary_higher"",""2023_33_education_binary_lower"",""2023_36_education_binary_lower"",""2023_37_education_binary_lower"",""2023_38_education_binary_higher"",""2023_39_education_binary_higher"",""2023_39_education_binary_lower"",""2023_40_education_binary_higher"",""2023_45_education_binary_lower"",""2023_47_education_binary_higher"",""2023_47_education_binary_lower"",""2023_48_education_binary_lower"",""2023_49_education_binary_lower"",""2023_50_education_binary_higher"",""2023_51_education_binary_lower"",""2023_53_education_binary_lower"",""2023_54_education_binary_higher"",""2023_54_education_binary_lower""]",True,-0.07839962997224786
motif_4278b35cbcfd2b6b,4278b35cbcfd2b6be2fb4c7751ddb8d147c6871af9d0b7ee4ecd8f0ecd79ddc1,"{""edges"":[[""ARTHRITIS"",""COPD""],[""ARTHRITIS"",""ISCHEMIC_HEART_DISEASE""],[""COPD"",""CURRENT_ASTHMA""],[""COPD"",""ISCHEMIC_HEART_DISEASE""],[""CURRENT_ASTHMA"",""DEPRESSIVE_DISORDER""]],""nodes"":[""ARTHRITIS"",""COPD"",""CURRENT_ASTHMA"",""DEPRESSIVE_DISORDER"",""ISCHEMIC_HEART_DISEASE""]}",5,5,"[""ARTHRITIS"",""COPD"",""CURRENT_ASTHMA"",""DEPRESSIVE_DISORDER"",""ISCHEMIC_HEART_DISEASE""]","[[""ARTHRITIS"",""COPD""],[""ARTHRITIS"",""ISCHEMIC_HEART_DISEASE""],[""COPD"",""CURRENT_ASTHMA""],[""COPD"",""ISCHEMIC_HEART_DISEASE""],[""CURRENT_ASTHMA"",""DEPRESSIVE_DISORDER""]]",occ_c70db5d5a3e2a20d,True,True,False,34,0.3617021276595745,27,47,1.0,32.764,30.0,34.0,47,94,20,0.2127659574468085,17,"[""2023_01_education_binary_lower"",""2023_12_education_binary_lower"",""2023_16_education_binary_lower"",""2023_18_education_binary_higher"",""2023_18_education_binary_lower"",""2023_19_education_binary_lower"",""2023_22_education_binary_lower"",""2023_23_education_binary_higher"",""2023_23_education_binary_lower"",""2023_27_education_binary_lower"",""2023_28_education_binary_lower"",""2023_30_education_binary_lower"",""2023_36_education_binary_lower"",""2023_40_education_binary_higher"",""2023_47_education_binary_lower"",""2023_49_education_binary_lower"",""2023_53_education_binary_lower"",""2023_54_education_binary_higher"",""2023_54_education_binary_lower"",""2023_55_education_binary_lower""]",True,-0.14893617021276598
motif_4351f61c6294e968,4351f61c6294e96845a3670d3acf7106ab3c91dfe8dd98c4add4c7dc2643d154,"{""edges"":[[""ARTHRITIS"",""COPD""],[""ARTHRITIS"",""ISCHEMIC_HEART_DISEASE""],[""ARTHRITIS"",""OTHER_CANCER""],[""COPD"",""CURRENT_ASTHMA""]],""nodes"":[""ARTHRITIS"",""COPD"",""CURRENT_ASTHMA"",""ISCHEMIC_HEART_DISEASE"",""OTHER_CANCER""]}",5,4,"[""ARTHRITIS"",""COPD"",""CURRENT_ASTHMA"",""ISCHEMIC_HEART_DISEASE"",""OTHER_CANCER""]","[[""ARTHRITIS"",""COPD""],[""ARTHRITIS"",""ISCHEMIC_HEART_DISEASE""],[""ARTHRITIS"",""OTHER_CANCER""],[""COPD"",""CURRENT_ASTHMA""]]",occ_b15f8cfc90563398,True,True,False,51,0.5425531914893617,34,47,1.0,49.56,47.0,51.0,47,94,49,0.5212765957446809,35,"[""2023_01_education_binary_lower"",""2023_02_education_binary_higher"",""2023_04_education_binary_higher"",""2023_05_education_binary_higher"",""2023_05_education_binary_lower"",""2023_06_education_binary_higher"",""2023_08_education_binary_higher"",""2023_09_education_binary_lower"",""2023_12_education_binary_higher"",""2023_12_education_binary_lower"",""2023_13_education_binary_higher"",""2023_13_education_binary_lower"",""2023_16_education_binary_lower"",""2023_18_education_binary_higher"",""2023_18_education_binary_lower"",""2023_19_education_binary_lower"",""2023_20_education_binary_higher"",""2023_20_education_binary_lower"",""2023_23_education_binary_higher"",""2023_23_education_binary_lower"",""2023_24_education_binary_higher"",""2023_24_education_binary_lower"",""2023_25_education_binary_higher"",""2023_26_education_binary_higher"",""2023_26_education_binary_lower"",""2023_27_education_binary_lower"",""2023_30_education_binary_lower"",""2023_31_education_binary_lower"",""2023_33_education_binary_lower"",""2023_36_education_binary_lower"",""2023_37_education_binary_higher"",""2023_39_education_binary_higher"",""2023_39_education_binary_lower"",""2023_41_education_binary_higher"",""2023_41_education_binary_lower"",""2023_44_education_binary_higher"",""2023_45_education_binary_higher"",""2023_45_education_binary_lower"",""2023_47_education_binary_higher"",""2023_47_education_binary_lower"",""2023_48_education_binary_higher"",""2023_49_education_binary_lower"",""2023_50_education_binary_higher"",""2023_51_education_binary_lower"",""2023_53_education_binary_lower"",""2023_54_education_binary_higher"",""2023_54_education_binary_lower"",""2023_55_education_binary_higher"",""2023_55_education_binary_lower""]",True,-0.02127659574468077
motif_43cc804437a47f43,43cc804437a47f43d22f40e243112a23c3f003f32960cc7770c6266f9b284121,"{""edges"":[[""ARTHRITIS"",""ISCHEMIC_HEART_DISEASE""],[""ARTHRITIS"",""SKIN_CANCER""],[""DIABETES"",""ISCHEMIC_HEART_DISEASE""]],""nodes"":[""ARTHRITIS"",""DIABETES"",""ISCHEMIC_HEART_DISEASE"",""SKIN_CANCER""]}",4,3,"[""ARTHRITIS"",""DIABETES"",""ISCHEMIC_HEART_DISEASE"",""SKIN_CANCER""]","[[""ARTHRITIS"",""ISCHEMIC_HEART_DISEASE""],[""ARTHRITIS"",""SKIN_CANCER""],[""DIABETES"",""ISCHEMIC_HEART_DISEASE""]]",occ_9526e86030e0ab5a,False,False,False,28,0.2978723404255319,25,47,1.0,26.508,24.0,28.0,47,94,23,0.24468085106382978,20,"[""2023_01_education_binary_higher"",""2023_04_education_binary_higher"",""2023_06_education_binary_higher"",""2023_09_education_binary_lower"",""2023_12_education_binary_higher"",""2023_13_education_binary_lower"",""2023_16_education_binary_lower"",""2023_18_education_binary_higher"",""2023_18_education_binary_lower"",""2023_25_education_binary_higher"",""2023_30_education_binary_lower"",""2023_39_education_binary_lower"",""2023_41_education_binary_higher"",""2023_45_education_binary_lower"",""2023_47_education_binary_lower"",""2023_49_education_binary_higher"",""2023_49_education_binary_lower"",""2023_50_education_binary_higher"",""2023_53_education_binary_higher"",""2023_54_education_binary_higher"",""2023_54_education_binary_lower"",""2023_55_education_binary_lower"",""2023_56_education_binary_higher""]",True,-0.05319148936170212
motif_43d3e6a7657c3f65,43d3e6a7657c3f65af0c0b33e5b7dbf9a8884263a86456342a0b2a768b8dfb3f,"{""edges"":[[""ARTHRITIS"",""COPD""],[""ARTHRITIS"",""DIABETES""],[""ARTHRITIS"",""ISCHEMIC_HEART_DISEASE""],[""ARTHRITIS"",""KIDNEY_DISEASE""],[""ISCHEMIC_HEART_DISEASE"",""KIDNEY_DISEASE""]],""nodes"":[""ARTHRITIS"",""COPD"",""DIABETES"",""ISCHEMIC_HEART_DISEASE"",""KIDNEY_DISEASE""]}",5,5,"[""ARTHRITIS"",""COPD"",""DIABETES"",""ISCHEMIC_HEART_DISEASE"",""KIDNEY_DISEASE""]","[[""ARTHRITIS"",""COPD""],[""ARTHRITIS"",""DIABETES""],[""ARTHRITIS"",""ISCHEMIC_HEART_DISEASE""],[""ARTHRITIS"",""KIDNEY_DISEASE""],[""ISCHEMIC_HEART_DISEASE"",""KIDNEY_DISEASE""]]",occ_a81e0506b1aaf663,False,False,False,22,0.2340425531914893,16,47,0.972,20.802,18.0,22.0,46,92,19,0.20652173913043478,15,"[""2023_01_education_binary_lower"",""2023_05_education_binary_lower"",""2023_10_education_binary_higher"",""2023_18_education_binary_higher"",""2023_18_education_binary_lower"",""2023_22_education_binary_lower"",""2023_37_education_binary_lower"",""2023_39_education_binary_higher"",""2023_39_education_binary_lower"",""2023_40_education_binary_higher"",""2023_40_education_binary_lower"",""2023_41_education_binary_lower"",""2023_45_education_binary_lower"",""2023_47_education_binary_higher"",""2023_47_education_binary_lower"",""2023_48_education_binary_lower"",""2023_49_education_binary_lower"",""2023_51_education_binary_lower"",""2023_53_education_binary_lower""]",True,-0.027520814061054527
motif_44b052f6015177f9,44b052f6015177f94f6d0c3d470f0fbf1e4d184acf795344fb91d265d5ccebaf,"{""edges"":[[""ARTHRITIS"",""COPD""],[""COPD"",""ISCHEMIC_HEART_DISEASE""],[""DIABETES"",""ISCHEMIC_HEART_DISEASE""],[""ISCHEMIC_HEART_DISEASE"",""KIDNEY_DISEASE""]],""nodes"":[""ARTHRITIS"",""COPD"",""DIABETES"",""ISCHEMIC_HEART_DISEASE"",""KIDNEY_DISEASE""]}",5,4,"[""ARTHRITIS"",""COPD"",""DIABETES"",""ISCHEMIC_HEART_DISEASE"",""KIDNEY_DISEASE""]","[[""ARTHRITIS"",""COPD""],[""COPD"",""ISCHEMIC_HEART_DISEASE""],[""DIABETES"",""ISCHEMIC_HEART_DISEASE""],[""ISCHEMIC_HEART_DISEASE"",""KIDNEY_DISEASE""]]",occ_eeee51c9c3be8b41,True,True,False,33,0.351063829787234,25,47,1.0,31.338,28.0,33.0,46,92,27,0.29347826086956524,22,"[""2023_01_education_binary_lower"",""2023_05_education_binary_higher"",""2023_05_education_binary_lower"",""2023_12_education_binary_higher"",""2023_18_education_binary_higher"",""2023_18_education_binary_lower"",""2023_20_education_binary_lower"",""2023_22_education_binary_lower"",""2023_23_education_binary_higher"",""2023_26_education_binary_higher"",""2023_28_education_binary_lower"",""2023_31_education_binary_higher"",""2023_36_education_binary_lower"",""2023_37_education_binary_lower"",""2023_38_education_binary_higher"",""2023_39_education_binary_higher"",""2023_39_education_binary_lower"",""2023_40_education_binary_higher"",""2023_45_education_binary_lower"",""2023_47_education_binary_higher"",""2023_47_education_binary_lower"",""2023_48_education_binary_lower"",""2023_49_education_binary_lower"",""2023_51_education_binary_lower"",""2023_53_education_binary_lower"",""2023_54_education_binary_higher"",""2023_54_education_binary_lower""]",True,-0.05758556891766875
motif_44f14a83080f71ac,44f14a83080f71ac29832869b03e017e49a9bd02084cf69953a0a534314c1bb1,"{""edges"":[[""ARTHRITIS"",""COPD""],[""ARTHRITIS"",""DIABETES""],[""ARTHRITIS"",""ISCHEMIC_HEART_DISEASE""],[""ARTHRITIS"",""KIDNEY_DISEASE""],[""DIABETES"",""ISCHEMIC_HEART_DISEASE""]],""nodes"":[""ARTHRITIS"",""COPD"",""DIABETES"",""ISCHEMIC_HEART_DISEASE"",""KIDNEY_DISEASE""]}",5,5,"[""ARTHRITIS"",""COPD"",""DIABETES"",""ISCHEMIC_HEART_DISEASE"",""KIDNEY_DISEASE""]","[[""ARTHRITIS"",""COPD""],[""ARTHRITIS"",""DIABETES""],[""ARTHRITIS"",""ISCHEMIC_HEART_DISEASE""],[""ARTHRITIS"",""KIDNEY_DISEASE""],[""DIABETES"",""ISCHEMIC_HEART_DISEASE""]]",occ_9a4753e00cd0b4c7,True,True,False,34,0.3617021276595745,23,47,1.0,32.872,31.0,34.0,47,94,24,0.2553191489361702,19,"[""2023_01_education_binary_lower"",""2023_04_education_binary_higher"",""2023_05_education_binary_lower"",""2023_13_education_binary_higher"",""2023_13_education_binary_lower"",""2023_18_education_binary_higher"",""2023_18_education_binary_lower"",""2023_19_education_binary_lower"",""2023_22_education_binary_lower"",""2023_23_education_binary_lower"",""2023_25_education_binary_higher"",""2023_27_education_binary_lower"",""2023_37_education_binary_lower"",""2023_39_education_binary_higher"",""2023_39_education_binary_lower"",""2023_40_education_binary_higher"",""2023_45_education_binary_higher"",""2023_45_education_binary_lower"",""2023_47_education_binary_higher"",""2023_47_education_binary_lower"",""2023_48_education_binary_lower"",""2023_49_education_binary_lower"",""2023_51_education_binary_lower"",""2023_53_education_binary_lower""]",True,-0.1063829787234043
motif_4625a9fb33fe9a18,4625a9fb33fe9a181411f65b5b5579220fcf0fc94000bad80c2e8e9eddc83b81,"{""edges"":[[""ARTHRITIS"",""ISCHEMIC_HEART_DISEASE""],[""ARTHRITIS"",""KIDNEY_DISEASE""],[""ARTHRITIS"",""OTHER_CANCER""],[""DIABETES"",""KIDNEY_DISEASE""]],""nodes"":[""ARTHRITIS"",""DIABETES"",""ISCHEMIC_HEART_DISEASE"",""KIDNEY_DISEASE"",""OTHER_CANCER""]}",5,4,"[""ARTHRITIS"",""DIABETES"",""ISCHEMIC_HEART_DISEASE"",""KIDNEY_DISEASE"",""OTHER_CANCER""]","[[""ARTHRITIS"",""ISCHEMIC_HEART_DISEASE""],[""ARTHRITIS"",""KIDNEY_DISEASE""],[""ARTHRITIS"",""OTHER_CANCER""],[""DIABETES"",""KIDNEY_DISEASE""]]",occ_aea882a389d8745b,True,True,False,28,0.2978723404255319,22,47,1.0,26.684,24.475,28.0,47,94,21,0.22340425531914893,17,"[""2023_01_education_binary_lower"",""2023_02_education_binary_higher"",""2023_04_education_binary_higher"",""2023_05_education_binary_lower"",""2023_13_education_binary_lower"",""2023_18_education_binary_higher"",""2023_18_education_binary_lower"",""2023_19_education_binary_lower"",""2023_23_education_binary_lower"",""2023_25_education_binary_higher"",""2023_26_education_binary_lower"",""2023_37_education_binary_lower"",""2023_38_education_binary_lower"",""2023_39_education_binary_higher"",""2023_39_education_binary_lower"",""2023_45_education_binary_higher"",""2023_47_education_binary_higher"",""2023_47_education_binary_lower"",""2023_51_education_binary_lower"",""2023_53_education_binary_higher"",""2023_53_education_binary_lower""]",True,-0.07446808510638298
motif_462c4df0c1cacf78,462c4df0c1cacf78acffab3a53630c966d1bb1b452ebf8a4f69b7d04e6c22b26,"{""edges"":[[""ARTHRITIS"",""DIABETES""],[""ARTHRITIS"",""ISCHEMIC_HEART_DISEASE""],[""ARTHRITIS"",""KIDNEY_DISEASE""],[""COPD"",""ISCHEMIC_HEART_DISEASE""]],""nodes"":[""ARTHRITIS"",""COPD"",""DIABETES"",""ISCHEMIC_HEART_DISEASE"",""KIDNEY_DISEASE""]}",5,4,"[""ARTHRITIS"",""COPD"",""DIABETES"",""ISCHEMIC_HEART_DISEASE"",""KIDNEY_DISEASE""]","[[""ARTHRITIS"",""DIABETES""],[""ARTHRITIS"",""ISCHEMIC_HEART_DISEASE""],[""ARTHRITIS"",""KIDNEY_DISEASE""],[""COPD"",""ISCHEMIC_HEART_DISEASE""]]",occ_3dd5385b28d1fc67,False,False,False,29,0.3085106382978723,20,47,1.0,27.974,26.0,29.0,47,94,27,0.2872340425531915,20,"[""2023_01_education_binary_lower"",""2023_05_education_binary_lower"",""2023_10_education_binary_higher"",""2023_13_education_binary_higher"",""2023_13_education_binary_lower"",""2023_18_education_binary_higher"",""2023_18_education_binary_lower"",""2023_19_education_binary_lower"",""2023_22_education_binary_lower"",""2023_23_education_binary_lower"",""2023_25_education_binary_higher"",""2023_26_education_binary_lower"",""2023_27_education_binary_lower"",""2023_37_education_binary_lower"",""2023_39_education_binary_higher"",""2023_39_education_binary_lower"",""2023_40_education_binary_higher"",""2023_40_education_binary_lower"",""2023_45_education_binary_higher"",""2023_45_education_binary_lower"",""2023_47_education_binary_higher"",""2023_47_education_binary_lower"",""2023_48_education_binary_lower"",""2023_49_education_binary_lower"",""2023_51_education_binary_lower"",""2023_53_education_binary_higher"",""2023_53_education_binary_lower""]",True,-0.02127659574468077
motif_472d9dc1836bab98,472d9dc1836bab98d52b912e5d063bce689f426d469ede1543b60fa6dcab3f66,"{""edges"":[[""ARTHRITIS"",""DIABETES""],[""DIABETES"",""ISCHEMIC_HEART_DISEASE""],[""DIABETES"",""KIDNEY_DISEASE""],[""ISCHEMIC_HEART_DISEASE"",""STROKE""]],""nodes"":[""ARTHRITIS"",""DIABETES"",""ISCHEMIC_HEART_DISEASE"",""KIDNEY_DISEASE"",""STROKE""]}",5,4,"[""ARTHRITIS"",""DIABETES"",""ISCHEMIC_HEART_DISEASE"",""KIDNEY_DISEASE"",""STROKE""]","[[""ARTHRITIS"",""DIABETES""],[""DIABETES"",""ISCHEMIC_HEART_DISEASE""],[""DIABETES"",""KIDNEY_DISEASE""],[""ISCHEMIC_HEART_DISEASE"",""STROKE""]]",occ_49985f3a3d10bcb5,False,False,False,45,0.4787234042553192,29,47,1.0,43.01,40.0,45.0,47,94,37,0.39361702127659576,30,"[""2023_01_education_binary_lower"",""2023_04_education_binary_higher"",""2023_04_education_binary_lower"",""2023_05_education_binary_lower"",""2023_08_education_binary_lower"",""2023_09_education_binary_higher"",""2023_13_education_binary_lower"",""2023_16_education_binary_lower"",""2023_18_education_binary_higher"",""2023_18_education_binary_lower"",""2023_19_education_binary_higher"",""2023_19_education_binary_lower"",""2023_20_education_binary_higher"",""2023_22_education_binary_lower"",""2023_23_education_binary_higher"",""2023_23_education_binary_lower"",""2023_24_education_binary_lower"",""2023_25_education_binary_higher"",""2023_26_education_binary_higher"",""2023_29_education_binary_higher"",""2023_31_education_binary_higher"",""2023_33_education_binary_lower"",""2023_37_education_binary_lower"",""2023_38_education_binary_higher"",""2023_39_education_binary_higher"",""2023_39_education_binary_lower"",""2023_40_education_binary_higher"",""2023_41_education_binary_higher"",""2023_45_education_binary_higher"",""2023_47_education_binary_higher"",""2023_47_education_binary_lower"",""2023_48_education_binary_lower"",""2023_51_education_binary_lower"",""2023_53_education_binary_higher"",""2023_53_education_binary_lower"",""2023_54_education_binary_lower"",""2023_55_education_binary_higher""]",True,-0.08510638297872342
motif_47ce3e87e8a12011,47ce3e87e8a120110447f82020cf38b4dc771377e335be953c00af491d63622b,"{""edges"":[[""ARTHRITIS"",""COPD""],[""ARTHRITIS"",""OTHER_CANCER""],[""COPD"",""ISCHEMIC_HEART_DISEASE""],[""ISCHEMIC_HEART_DISEASE"",""KIDNEY_DISEASE""]],""nodes"":[""ARTHRITIS"",""COPD"",""ISCHEMIC_HEART_DISEASE"",""KIDNEY_DISEASE"",""OTHER_CANCER""]}",5,4,"[""ARTHRITIS"",""COPD"",""ISCHEMIC_HEART_DISEASE"",""KIDNEY_DISEASE"",""OTHER_CANCER""]","[[""ARTHRITIS"",""COPD""],[""ARTHRITIS"",""OTHER_CANCER""],[""COPD"",""ISCHEMIC_HEART_DISEASE""],[""ISCHEMIC_HEART_DISEASE"",""KIDNEY_DISEASE""]]",occ_724285e8f40d3ac9,True,True,False,28,0.2978723404255319,21,47,1.0,26.428,24.0,28.0,46,92,26,0.2826086956521739,19,"[""2023_01_education_binary_lower"",""2023_05_education_binary_higher"",""2023_05_education_binary_lower"",""2023_10_education_binary_higher"",""2023_12_education_binary_higher"",""2023_12_education_binary_lower"",""2023_18_education_binary_higher"",""2023_18_education_binary_lower"",""2023_20_education_binary_lower"",""2023_23_education_binary_higher"",""2023_26_education_binary_higher"",""2023_31_education_binary_higher"",""2023_31_education_binary_lower"",""2023_36_education_binary_lower"",""2023_37_education_binary_lower"",""2023_38_education_binary_higher"",""2023_39_education_binary_higher"",""2023_39_education_binary_lower"",""2023_45_education_binary_lower"",""2023_47_education_binary_higher"",""2023_47_education_binary_lower"",""2023_49_education_binary_lower"",""2023_51_education_binary_lower"",""2023_53_education_binary_lower"",""2023_54_education_binary_higher"",""2023_54_education_binary_lower""]",True,-0.01526364477335801
motif_47d78b52f7b40f0b,47d78b52f7b40f0bbdb96121a573b649d8a6e2cb80d2b2e8c1d37d7780727bfa,"{""edges"":[[""COPD"",""ISCHEMIC_HEART_DISEASE""],[""DIABETES"",""KIDNEY_DISEASE""],[""ISCHEMIC_HEART_DISEASE"",""KIDNEY_DISEASE""],[""ISCHEMIC_HEART_DISEASE"",""STROKE""]],""nodes"":[""COPD"",""DIABETES"",""ISCHEMIC_HEART_DISEASE"",""KIDNEY_DISEASE"",""STROKE""]}",5,4,"[""COPD"",""DIABETES"",""ISCHEMIC_HEART_DISEASE"",""KIDNEY_DISEASE"",""STROKE""]","[[""COPD"",""ISCHEMIC_HEART_DISEASE""],[""DIABETES"",""KIDNEY_DISEASE""],[""ISCHEMIC_HEART_DISEASE"",""KIDNEY_DISEASE""],[""ISCHEMIC_HEART_DISEASE"",""STROKE""]]",occ_73d2eaea640fd7eb,True,True,False,31,0.3297872340425531,25,47,1.0,28.664,25.475,31.0,46,92,21,0.22826086956521738,17,"[""2023_01_education_binary_lower"",""2023_05_education_binary_lower"",""2023_12_education_binary_higher"",""2023_12_education_binary_lower"",""2023_18_education_binary_higher"",""2023_18_education_binary_lower"",""2023_22_education_binary_lower"",""2023_23_education_binary_higher"",""2023_26_education_binary_higher"",""2023_31_education_binary_higher"",""2023_37_education_binary_lower"",""2023_38_education_binary_higher"",""2023_39_education_binary_higher"",""2023_39_education_binary_lower"",""2023_40_education_binary_higher"",""2023_47_education_binary_higher"",""2023_47_education_binary_lower"",""2023_48_education_binary_lower"",""2023_51_education_binary_lower"",""2023_53_education_binary_lower"",""2023_54_education_binary_lower""]",True,-0.10152636447733573
motif_48c393c748427b13,48c393c748427b1323131d172adadac6025c249e1287ff8fbb5dcb3921090ad0,"{""edges"":[[""ARTHRITIS"",""COPD""],[""ARTHRITIS"",""DIABETES""],[""ARTHRITIS"",""OTHER_CANCER""]],""nodes"":[""ARTHRITIS"",""COPD"",""DIABETES"",""OTHER_CANCER""]}",4,3,"[""ARTHRITIS"",""COPD"",""DIABETES"",""OTHER_CANCER""]","[[""ARTHRITIS"",""COPD""],[""ARTHRITIS"",""DIABETES""],[""ARTHRITIS"",""OTHER_CANCER""]]",occ_09a7531f3b5030e6,False,False,False,58,0.6170212765957447,37,47,1.0,56.174,53.0,58.0,47,94,55,0.5851063829787234,37,"[""2023_01_education_binary_lower"",""2023_02_education_binary_higher"",""2023_02_education_binary_lower"",""2023_04_education_binary_higher"",""2023_05_education_binary_higher"",""2023_05_education_binary_lower"",""2023_09_education_binary_higher"",""2023_10_education_binary_higher"",""2023_10_education_binary_lower"",""2023_12_education_binary_lower"",""2023_13_education_binary_higher"",""2023_13_education_binary_lower"",""2023_16_education_binary_lower"",""2023_17_education_binary_higher"",""2023_18_education_binary_higher"",""2023_18_education_binary_lower"",""2023_19_education_binary_lower"",""2023_20_education_binary_higher"",""2023_23_education_binary_higher"",""2023_23_education_binary_lower"",""2023_24_education_binary_higher"",""2023_24_education_binary_lower"",""2023_25_education_binary_higher"",""2023_26_education_binary_higher"",""2023_26_education_binary_lower"",""2023_27_education_binary_lower"",""2023_29_education_binary_higher"",""2023_30_education_binary_higher"",""2023_30_education_binary_lower"",""2023_31_education_binary_higher"",""2023_31_education_binary_lower"",""2023_33_education_binary_lower"",""2023_34_education_binary_lower"",""2023_36_education_binary_lower"",""2023_37_education_binary_higher"",""2023_37_education_binary_lower"",""2023_38_education_binary_higher"",""2023_38_education_binary_lower"",""2023_39_education_binary_higher"",""2023_39_education_binary_lower"",""2023_41_education_binary_higher"",""2023_41_education_binary_lower"",""2023_44_education_binary_higher"",""2023_45_education_binary_higher"",""2023_45_education_binary_lower"",""2023_47_education_binary_higher"",""2023_47_education_binary_lower"",""2023_48_education_binary_higher"",""2023_49_education_binary_lower"",""2023_51_education_binary_lower"",""2023_53_education_binary_lower"",""2023_54_education_binary_higher"",""2023_54_education_binary_lower"",""2023_55_education_binary_higher"",""2023_55_education_binary_lower""]",True,-0.03191489361702127
motif_49217163f0dffbc8,49217163f0dffbc88ec8aa57b83895a1a766cbb113458464e8816b32fc250b1c,"{""edges"":[[""ARTHRITIS"",""DIABETES""],[""ARTHRITIS"",""ISCHEMIC_HEART_DISEASE""],[""ARTHRITIS"",""KIDNEY_DISEASE""]],""nodes"":[""ARTHRITIS"",""DIABETES"",""ISCHEMIC_HEART_DISEASE"",""KIDNEY_DISEASE""]}",4,3,"[""ARTHRITIS"",""DIABETES"",""ISCHEMIC_HEART_DISEASE"",""KIDNEY_DISEASE""]","[[""ARTHRITIS"",""DIABETES""],[""ARTHRITIS"",""ISCHEMIC_HEART_DISEASE""],[""ARTHRITIS"",""KIDNEY_DISEASE""]]",occ_9d15a4365780937a,True,True,False,38,0.4042553191489361,26,47,1.0,36.688,34.0,38.0,47,94,34,0.3617021276595745,25,"[""2023_01_education_binary_lower"",""2023_02_education_binary_higher"",""2023_04_education_binary_higher"",""2023_05_education_binary_lower"",""2023_10_education_binary_higher"",""2023_13_education_binary_higher"",""2023_13_education_binary_lower"",""2023_18_education_binary_higher"",""2023_18_education_binary_lower"",""2023_19_education_binary_lower"",""2023_22_education_binary_higher"",""2023_22_education_binary_lower"",""2023_23_education_binary_lower"",""2023_25_education_binary_higher"",""2023_26_education_binary_lower"",""2023_27_education_binary_lower"",""2023_28_education_binary_higher"",""2023_37_education_binary_lower"",""2023_38_education_binary_lower"",""2023_39_education_binary_higher"",""2023_39_education_binary_lower"",""2023_40_education_binary_higher"",""2023_40_education_binary_lower"",""2023_41_education_binary_lower"",""2023_45_education_binary_higher"",""2023_45_education_binary_lower"",""2023_47_education_binary_higher"",""2023_47_education_binary_lower"",""2023_48_education_binary_higher"",""2023_48_education_binary_lower"",""2023_49_education_binary_lower"",""2023_51_education_binary_lower"",""2023_53_education_binary_higher"",""2023_53_education_binary_lower""]",True,-0.0425531914893616
motif_496bfc724505030e,496bfc724505030ea74b02c1c16199cc2a9d7ba744bf4ce547fe80de637d4d5d,"{""edges"":[[""ARTHRITIS"",""KIDNEY_DISEASE""],[""ISCHEMIC_HEART_DISEASE"",""KIDNEY_DISEASE""],[""ISCHEMIC_HEART_DISEASE"",""STROKE""]],""nodes"":[""ARTHRITIS"",""ISCHEMIC_HEART_DISEASE"",""KIDNEY_DISEASE"",""STROKE""]}",4,3,"[""ARTHRITIS"",""ISCHEMIC_HEART_DISEASE"",""KIDNEY_DISEASE"",""STROKE""]","[[""ARTHRITIS"",""KIDNEY_DISEASE""],[""ISCHEMIC_HEART_DISEASE"",""KIDNEY_DISEASE""],[""ISCHEMIC_HEART_DISEASE"",""STROKE""]]",occ_99fb6368b33cb88e,True,True,False,23,0.2446808510638297,17,47,0.998,21.594,19.0,23.0,46,92,17,0.18478260869565216,13,"[""2023_01_education_binary_lower"",""2023_05_education_binary_lower"",""2023_18_education_binary_higher"",""2023_18_education_binary_lower"",""2023_22_education_binary_lower"",""2023_37_education_binary_lower"",""2023_39_education_binary_higher"",""2023_39_education_binary_lower"",""2023_40_education_binary_higher"",""2023_40_education_binary_lower"",""2023_45_education_binary_lower"",""2023_47_education_binary_higher"",""2023_47_education_binary_lower"",""2023_48_education_binary_lower"",""2023_49_education_binary_lower"",""2023_51_education_binary_lower"",""2023_53_education_binary_lower""]",False,-0.059898242368177534
motif_4aa6795ac5be2401,4aa6795ac5be2401a5d9fe657cfc5d6786d213ce52a5260eafeafe58309d3b57,"{""edges"":[[""ARTHRITIS"",""COPD""],[""ARTHRITIS"",""DIABETES""],[""COPD"",""ISCHEMIC_HEART_DISEASE""],[""DIABETES"",""KIDNEY_DISEASE""],[""ISCHEMIC_HEART_DISEASE"",""KIDNEY_DISEASE""]],""nodes"":[""ARTHRITIS"",""COPD"",""DIABETES"",""ISCHEMIC_HEART_DISEASE"",""KIDNEY_DISEASE""]}",5,5,"[""ARTHRITIS"",""COPD"",""DIABETES"",""ISCHEMIC_HEART_DISEASE"",""KIDNEY_DISEASE""]","[[""ARTHRITIS"",""COPD""],[""ARTHRITIS"",""DIABETES""],[""COPD"",""ISCHEMIC_HEART_DISEASE""],[""DIABETES"",""KIDNEY_DISEASE""],[""ISCHEMIC_HEART_DISEASE"",""KIDNEY_DISEASE""]]",occ_121fa8b562518447,False,False,False,28,0.2978723404255319,22,47,1.0,26.182,24.0,28.0,46,92,20,0.21739130434782608,17,"[""2023_01_education_binary_lower"",""2023_05_education_binary_lower"",""2023_12_education_binary_lower"",""2023_18_education_binary_higher"",""2023_18_education_binary_lower"",""2023_22_education_binary_lower"",""2023_23_education_binary_higher"",""2023_26_education_binary_higher"",""2023_31_education_binary_higher"",""2023_37_education_binary_lower"",""2023_38_education_binary_higher"",""2023_39_education_binary_higher"",""2023_39_education_binary_lower"",""2023_40_education_binary_higher"",""2023_47_education_binary_higher"",""2023_47_education_binary_lower"",""2023_48_education_binary_lower"",""2023_51_education_binary_lower"",""2023_53_education_binary_lower"",""2023_54_education_binary_lower""]",True,-0.08048103607770582
motif_4abc84179978fc41,4abc84179978fc418dca4fc4c224aecb8fc65e9f9c9635638e795316ea1ee605,"{""edges"":[[""ARTHRITIS"",""COPD""],[""ARTHRITIS"",""KIDNEY_DISEASE""],[""COPD"",""ISCHEMIC_HEART_DISEASE""],[""DIABETES"",""ISCHEMIC_HEART_DISEASE""],[""DIABETES"",""KIDNEY_DISEASE""]],""nodes"":[""ARTHRITIS"",""COPD"",""DIABETES"",""ISCHEMIC_HEART_DISEASE"",""KIDNEY_DISEASE""]}",5,5,"[""ARTHRITIS"",""COPD"",""DIABETES"",""ISCHEMIC_HEART_DISEASE"",""KIDNEY_DISEASE""]","[[""ARTHRITIS"",""COPD""],[""ARTHRITIS"",""KIDNEY_DISEASE""],[""COPD"",""ISCHEMIC_HEART_DISEASE""],[""DIABETES"",""ISCHEMIC_HEART_DISEASE""],[""DIABETES"",""KIDNEY_DISEASE""]]",occ_b4fca7362d0611d6,True,True,False,28,0.2978723404255319,20,47,1.0,26.508,24.0,28.0,47,94,20,0.2127659574468085,17,"[""2023_01_education_binary_lower"",""2023_05_education_binary_lower"",""2023_13_education_binary_lower"",""2023_18_education_binary_higher"",""2023_18_education_binary_lower"",""2023_19_education_binary_lower"",""2023_22_education_binary_lower"",""2023_23_education_binary_lower"",""2023_25_education_binary_higher"",""2023_29_education_binary_higher"",""2023_37_education_binary_lower"",""2023_39_education_binary_higher"",""2023_39_education_binary_lower"",""2023_40_education_binary_higher"",""2023_45_education_binary_higher"",""2023_47_education_binary_higher"",""2023_47_education_binary_lower"",""2023_48_education_binary_lower"",""2023_51_education_binary_lower"",""2023_53_education_binary_lower""]",True,-0.08510638297872339
motif_4b20edf7a84d17a9,4b20edf7a84d17a903f9df6a27a3416ad5fb789127bfd01e88ec0d027231fa64,"{""edges"":[[""ARTHRITIS"",""DIABETES""],[""COPD"",""CURRENT_ASTHMA""],[""COPD"",""ISCHEMIC_HEART_DISEASE""],[""DIABETES"",""ISCHEMIC_HEART_DISEASE""]],""nodes"":[""ARTHRITIS"",""COPD"",""CURRENT_ASTHMA"",""DIABETES"",""ISCHEMIC_HEART_DISEASE""]}",5,4,"[""ARTHRITIS"",""COPD"",""CURRENT_ASTHMA"",""DIABETES"",""ISCHEMIC_HEART_DISEASE""]","[[""ARTHRITIS"",""DIABETES""],[""COPD"",""CURRENT_ASTHMA""],[""COPD"",""ISCHEMIC_HEART_DISEASE""],[""DIABETES"",""ISCHEMIC_HEART_DISEASE""]]",occ_aaffcd7c1d082905,False,False,False,44,0.4680851063829787,29,47,1.0,42.838,40.0,44.0,47,94,39,0.4148936170212766,29,"[""2023_01_education_binary_lower"",""2023_05_education_binary_higher"",""2023_05_education_binary_lower"",""2023_13_education_binary_higher"",""2023_13_education_binary_lower"",""2023_16_education_binary_lower"",""2023_18_education_binary_higher"",""2023_18_education_binary_lower"",""2023_19_education_binary_lower"",""2023_22_education_binary_lower"",""2023_23_education_binary_higher"",""2023_23_education_binary_lower"",""2023_24_education_binary_lower"",""2023_25_education_binary_higher"",""2023_26_education_binary_higher"",""2023_27_education_binary_lower"",""2023_28_education_binary_lower"",""2023_29_education_binary_higher"",""2023_30_education_binary_lower"",""2023_36_education_binary_lower"",""2023_39_education_binary_higher"",""2023_39_education_binary_lower"",""2023_40_education_binary_higher"",""2023_41_education_binary_higher"",""2023_44_education_binary_higher"",""2023_45_education_binary_higher"",""2023_45_education_binary_lower"",""2023_47_education_binary_higher"",""2023_47_education_binary_lower"",""2023_48_education_binary_lower"",""2023_49_education_binary_lower"",""2023_51_education_binary_lower"",""2023_53_education_binary_higher"",""2023_53_education_binary_lower"",""2023_54_education_binary_higher"",""2023_54_education_binary_lower"",""2023_55_education_binary_higher"",""2023_55_education_binary_lower"",""2023_56_education_binary_higher""]",True,-0.05319148936170209
motif_4b3b17f7e5440be0,4b3b17f7e5440be009378f656eac5a447277bc1ba121a3e5d1a8df159543a95e,"{""edges"":[[""ARTHRITIS"",""ISCHEMIC_HEART_DISEASE""],[""ARTHRITIS"",""OTHER_CANCER""]],""nodes"":[""ARTHRITIS"",""ISCHEMIC_HEART_DISEASE"",""OTHER_CANCER""]}",3,2,"[""ARTHRITIS"",""ISCHEMIC_HEART_DISEASE"",""OTHER_CANCER""]","[[""ARTHRITIS"",""ISCHEMIC_HEART_DISEASE""],[""ARTHRITIS"",""OTHER_CANCER""]]",occ_ce00d3286e78d239,False,False,False,62,0.6595744680851063,39,47,1.0,60.784,59.0,62.0,47,94,58,0.6170212765957447,37,"[""2023_01_education_binary_lower"",""2023_02_education_binary_higher"",""2023_04_education_binary_higher"",""2023_05_education_binary_higher"",""2023_05_education_binary_lower"",""2023_06_education_binary_higher"",""2023_08_education_binary_higher"",""2023_09_education_binary_lower"",""2023_10_education_binary_higher"",""2023_10_education_binary_lower"",""2023_12_education_binary_higher"",""2023_12_education_binary_lower"",""2023_13_education_binary_higher"",""2023_13_education_binary_lower"",""2023_16_education_binary_lower"",""2023_18_education_binary_higher"",""2023_18_education_binary_lower"",""2023_19_education_binary_lower"",""2023_20_education_binary_higher"",""2023_20_education_binary_lower"",""2023_23_education_binary_higher"",""2023_23_education_binary_lower"",""2023_24_education_binary_higher"",""2023_24_education_binary_lower"",""2023_25_education_binary_higher"",""2023_26_education_binary_higher"",""2023_26_education_binary_lower"",""2023_27_education_binary_lower"",""2023_30_education_binary_lower"",""2023_31_education_binary_higher"",""2023_31_education_binary_lower"",""2023_33_education_binary_lower"",""2023_36_education_binary_lower"",""2023_37_education_binary_higher"",""2023_37_education_binary_lower"",""2023_38_education_binary_higher"",""2023_38_education_binary_lower"",""2023_39_education_binary_higher"",""2023_39_education_binary_lower"",""2023_41_education_binary_higher"",""2023_41_education_binary_lower"",""2023_44_education_binary_higher"",""2023_45_education_binary_higher"",""2023_45_education_binary_lower"",""2023_47_education_binary_higher"",""2023_47_education_binary_lower"",""2023_48_education_binary_higher"",""2023_49_education_binary_higher"",""2023_49_education_binary_lower"",""2023_50_education_binary_higher"",""2023_50_education_binary_lower"",""2023_51_education_binary_lower"",""2023_53_education_binary_higher"",""2023_53_education_binary_lower"",""2023_54_education_binary_higher"",""2023_54_education_binary_lower"",""2023_55_education_binary_higher"",""2023_55_education_binary_lower""]",True,-0.04255319148936165
motif_4b7f33281feedeaf,4b7f33281feedeaf44204bfd3a022f54f2836eec07f295a22dd7efe9985e5447,"{""edges"":[[""ARTHRITIS"",""DIABETES""],[""COPD"",""ISCHEMIC_HEART_DISEASE""],[""DIABETES"",""ISCHEMIC_HEART_DISEASE""],[""ISCHEMIC_HEART_DISEASE"",""STROKE""]],""nodes"":[""ARTHRITIS"",""COPD"",""DIABETES"",""ISCHEMIC_HEART_DISEASE"",""STROKE""]}",5,4,"[""ARTHRITIS"",""COPD"",""DIABETES"",""ISCHEMIC_HEART_DISEASE"",""STROKE""]","[[""ARTHRITIS"",""DIABETES""],[""COPD"",""ISCHEMIC_HEART_DISEASE""],[""DIABETES"",""ISCHEMIC_HEART_DISEASE""],[""ISCHEMIC_HEART_DISEASE"",""STROKE""]]",occ_3f937bdfe7aff15a,False,False,False,44,0.4680851063829787,29,47,1.0,42.448,40.0,44.0,47,94,40,0.425531914893617,31,"[""2023_01_education_binary_lower"",""2023_05_education_binary_higher"",""2023_05_education_binary_lower"",""2023_13_education_binary_lower"",""2023_16_education_binary_lower"",""2023_18_education_binary_higher"",""2023_18_education_binary_lower"",""2023_19_education_binary_lower"",""2023_22_education_binary_lower"",""2023_23_education_binary_higher"",""2023_23_education_binary_lower"",""2023_24_education_binary_lower"",""2023_25_education_binary_higher"",""2023_26_education_binary_higher"",""2023_27_education_binary_lower"",""2023_29_education_binary_higher"",""2023_30_education_binary_lower"",""2023_31_education_binary_higher"",""2023_36_education_binary_lower"",""2023_37_education_binary_lower"",""2023_38_education_binary_higher"",""2023_39_education_binary_higher"",""2023_39_education_binary_lower"",""2023_40_education_binary_higher"",""2023_41_education_binary_higher"",""2023_44_education_binary_higher"",""2023_45_education_binary_higher"",""2023_45_education_binary_lower"",""2023_47_education_binary_higher"",""2023_47_education_binary_lower"",""2023_48_education_binary_lower"",""2023_49_education_binary_lower"",""2023_51_education_binary_lower"",""2023_53_education_binary_higher"",""2023_53_education_binary_lower"",""2023_54_education_binary_higher"",""2023_54_education_binary_lower"",""2023_55_education_binary_higher"",""2023_55_education_binary_lower"",""2023_56_education_binary_higher""]",True,-0.04255319148936165
motif_4cddcff2e83d0e6e,4cddcff2e83d0e6e0d6f9d5d11bfba17fc809106c5ace2483e7908368d1aa84a,"{""edges"":[[""ARTHRITIS"",""COPD""],[""ARTHRITIS"",""DIABETES""],[""ARTHRITIS"",""KIDNEY_DISEASE""],[""DIABETES"",""KIDNEY_DISEASE""],[""ISCHEMIC_HEART_DISEASE"",""KIDNEY_DISEASE""]],""nodes"":[""ARTHRITIS"",""COPD"",""DIABETES"",""ISCHEMIC_HEART_DISEASE"",""KIDNEY_DISEASE""]}",5,5,"[""ARTHRITIS"",""COPD"",""DIABETES"",""ISCHEMIC_HEART_DISEASE"",""KIDNEY_DISEASE""]","[[""ARTHRITIS"",""COPD""],[""ARTHRITIS"",""DIABETES""],[""ARTHRITIS"",""KIDNEY_DISEASE""],[""DIABETES"",""KIDNEY_DISEASE""],[""ISCHEMIC_HEART_DISEASE"",""KIDNEY_DISEASE""]]",occ_2cb186bfa6cc1423,True,False,False,21,0.2234042553191489,16,47,0.9,19.83,18.0,21.0,46,92,14,0.15217391304347827,11,"[""2023_01_education_binary_lower"",""2023_05_education_binary_lower"",""2023_18_education_binary_higher"",""2023_18_education_binary_lower"",""2023_22_education_binary_lower"",""2023_37_education_binary_lower"",""2023_39_education_binary_higher"",""2023_39_education_binary_lower"",""2023_40_education_binary_higher"",""2023_47_education_binary_higher"",""2023_47_education_binary_lower"",""2023_48_education_binary_lower"",""2023_51_education_binary_lower"",""2023_53_education_binary_lower""]",False,-0.07123034227567063
motif_4d469c53f6e01433,4d469c53f6e01433b62767cfff95a473342dee3edf0a317a1661a78416a44488,"{""edges"":[[""ARTHRITIS"",""COPD""],[""ARTHRITIS"",""OTHER_CANCER""],[""COPD"",""CURRENT_ASTHMA""]],""nodes"":[""ARTHRITIS"",""COPD"",""CURRENT_ASTHMA"",""OTHER_CANCER""]}",4,3,"[""ARTHRITIS"",""COPD"",""CURRENT_ASTHMA"",""OTHER_CANCER""]","[[""ARTHRITIS"",""COPD""],[""ARTHRITIS"",""OTHER_CANCER""],[""COPD"",""CURRENT_ASTHMA""]]",occ_9903e798c1781a1c,False,False,False,54,0.574468085106383,35,47,1.0,52.644,50.0,54.0,47,94,54,0.574468085106383,37,"[""2023_01_education_binary_lower"",""2023_02_education_binary_higher"",""2023_04_education_binary_higher"",""2023_05_education_binary_higher"",""2023_05_education_binary_lower"",""2023_06_education_binary_higher"",""2023_08_education_binary_higher"",""2023_09_education_binary_lower"",""2023_12_education_binary_higher"",""2023_12_education_binary_lower"",""2023_13_education_binary_higher"",""2023_13_education_binary_lower"",""2023_16_education_binary_lower"",""2023_18_education_binary_higher"",""2023_18_education_binary_lower"",""2023_19_education_binary_lower"",""2023_20_education_binary_higher"",""2023_20_education_binary_lower"",""2023_23_education_binary_higher"",""2023_23_education_binary_lower"",""2023_24_education_binary_higher"",""2023_24_education_binary_lower"",""2023_25_education_binary_higher"",""2023_26_education_binary_higher"",""2023_26_education_binary_lower"",""2023_27_education_binary_lower"",""2023_29_education_binary_higher"",""2023_30_education_binary_higher"",""2023_30_education_binary_lower"",""2023_31_education_binary_lower"",""2023_33_education_binary_higher"",""2023_33_education_binary_lower"",""2023_34_education_binary_lower"",""2023_36_education_binary_lower"",""2023_37_education_binary_higher"",""2023_39_education_binary_higher"",""2023_39_education_binary_lower"",""2023_41_education_binary_higher"",""2023_41_education_binary_lower"",""2023_44_education_binary_higher"",""2023_44_education_binary_lower"",""2023_45_education_binary_higher"",""2023_45_education_binary_lower"",""2023_47_education_binary_higher"",""2023_47_education_binary_lower"",""2023_48_education_binary_higher"",""2023_49_education_binary_lower"",""2023_50_education_binary_higher"",""2023_51_education_binary_lower"",""2023_53_education_binary_lower"",""2023_54_education_binary_higher"",""2023_54_education_binary_lower"",""2023_55_education_binary_higher"",""2023_55_education_binary_lower""]",True,0.0
motif_4d94dac0da31b256,4d94dac0da31b25677b8d5cfc8853fd0c03ee18e71693c25349da66ed4529564,"{""edges"":[[""COPD"",""CURRENT_ASTHMA""],[""COPD"",""ISCHEMIC_HEART_DISEASE""],[""DIABETES"",""KIDNEY_DISEASE""],[""ISCHEMIC_HEART_DISEASE"",""KIDNEY_DISEASE""]],""nodes"":[""COPD"",""CURRENT_ASTHMA"",""DIABETES"",""ISCHEMIC_HEART_DISEASE"",""KIDNEY_DISEASE""]}",5,4,"[""COPD"",""CURRENT_ASTHMA"",""DIABETES"",""ISCHEMIC_HEART_DISEASE"",""KIDNEY_DISEASE""]","[[""COPD"",""CURRENT_ASTHMA""],[""COPD"",""ISCHEMIC_HEART_DISEASE""],[""DIABETES"",""KIDNEY_DISEASE""],[""ISCHEMIC_HEART_DISEASE"",""KIDNEY_DISEASE""]]",occ_b27c6f74e03b12be,True,True,False,30,0.3191489361702128,24,47,1.0,28.11,25.0,30.0,46,92,18,0.1956521739130435,14,"[""2023_01_education_binary_lower"",""2023_05_education_binary_lower"",""2023_12_education_binary_higher"",""2023_12_education_binary_lower"",""2023_18_education_binary_higher"",""2023_18_education_binary_lower"",""2023_22_education_binary_lower"",""2023_23_education_binary_higher"",""2023_26_education_binary_higher"",""2023_39_education_binary_higher"",""2023_39_education_binary_lower"",""2023_40_education_binary_higher"",""2023_47_education_binary_higher"",""2023_47_education_binary_lower"",""2023_48_education_binary_lower"",""2023_51_education_binary_lower"",""2023_53_education_binary_lower"",""2023_54_education_binary_lower""]",False,-0.1234967622571693
motif_4f19d2064be25086,4f19d2064be2508675c404f7496205179de7beaf39ec7da23ba0ec146b63c07b,"{""edges"":[[""ARTHRITIS"",""ISCHEMIC_HEART_DISEASE""],[""ARTHRITIS"",""OTHER_CANCER""],[""COPD"",""ISCHEMIC_HEART_DISEASE""],[""DIABETES"",""ISCHEMIC_HEART_DISEASE""]],""nodes"":[""ARTHRITIS"",""COPD"",""DIABETES"",""ISCHEMIC_HEART_DISEASE"",""OTHER_CANCER""]}",5,4,"[""ARTHRITIS"",""COPD"",""DIABETES"",""ISCHEMIC_HEART_DISEASE"",""OTHER_CANCER""]","[[""ARTHRITIS"",""ISCHEMIC_HEART_DISEASE""],[""ARTHRITIS"",""OTHER_CANCER""],[""COPD"",""ISCHEMIC_HEART_DISEASE""],[""DIABETES"",""ISCHEMIC_HEART_DISEASE""]]",occ_210049c2f9c667f6,False,False,False,35,0.3723404255319149,25,47,1.0,33.628,31.0,35.0,47,94,38,0.40425531914893614,28,"[""2023_01_education_binary_lower"",""2023_05_education_binary_higher"",""2023_05_education_binary_lower"",""2023_12_education_binary_higher"",""2023_13_education_binary_higher"",""2023_13_education_binary_lower"",""2023_16_education_binary_lower"",""2023_18_education_binary_higher"",""2023_18_education_binary_lower"",""2023_19_education_binary_lower"",""2023_20_education_binary_lower"",""2023_23_education_binary_higher"",""2023_23_education_binary_lower"",""2023_24_education_binary_lower"",""2023_25_education_binary_higher"",""2023_26_education_binary_higher"",""2023_27_education_binary_lower"",""2023_30_education_binary_lower"",""2023_31_education_binary_higher"",""2023_36_education_binary_lower"",""2023_37_education_binary_lower"",""2023_38_education_binary_higher"",""2023_39_education_binary_higher"",""2023_39_education_binary_lower"",""2023_41_education_binary_higher"",""2023_44_education_binary_higher"",""2023_45_education_binary_higher"",""2023_45_education_binary_lower"",""2023_47_education_binary_higher"",""2023_47_education_binary_lower"",""2023_49_education_binary_lower"",""2023_51_education_binary_lower"",""2023_53_education_binary_higher"",""2023_53_education_binary_lower"",""2023_54_education_binary_higher"",""2023_54_education_binary_lower"",""2023_55_education_binary_higher"",""2023_55_education_binary_lower""]",True,0.03191489361702127
motif_4fafa389d6f3cf6a,4fafa389d6f3cf6a5717d2fbcc0de2fdcb5bd6426192ee36916fd72972018ad9,"{""edges"":[[""DIABETES"",""ISCHEMIC_HEART_DISEASE""],[""DIABETES"",""KIDNEY_DISEASE""],[""ISCHEMIC_HEART_DISEASE"",""STROKE""]],""nodes"":[""DIABETES"",""ISCHEMIC_HEART_DISEASE"",""KIDNEY_DISEASE"",""STROKE""]}",4,3,"[""DIABETES"",""ISCHEMIC_HEART_DISEASE"",""KIDNEY_DISEASE"",""STROKE""]","[[""DIABETES"",""ISCHEMIC_HEART_DISEASE""],[""DIABETES"",""KIDNEY_DISEASE""],[""ISCHEMIC_HEART_DISEASE"",""STROKE""]]",occ_a4faa28726bc8129,True,True,False,51,0.5425531914893617,34,47,1.0,48.836,46.0,51.0,47,94,43,0.4574468085106383,35,"[""2023_01_education_binary_lower"",""2023_04_education_binary_higher"",""2023_04_education_binary_lower"",""2023_05_education_binary_lower"",""2023_06_education_binary_higher"",""2023_08_education_binary_lower"",""2023_09_education_binary_higher"",""2023_09_education_binary_lower"",""2023_12_education_binary_higher"",""2023_13_education_binary_lower"",""2023_16_education_binary_lower"",""2023_18_education_binary_higher"",""2023_18_education_binary_lower"",""2023_19_education_binary_higher"",""2023_19_education_binary_lower"",""2023_20_education_binary_higher"",""2023_22_education_binary_lower"",""2023_23_education_binary_higher"",""2023_23_education_binary_lower"",""2023_24_education_binary_lower"",""2023_25_education_binary_higher"",""2023_26_education_binary_higher"",""2023_27_education_binary_higher"",""2023_29_education_binary_higher"",""2023_31_education_binary_higher"",""2023_33_education_binary_lower"",""2023_35_education_binary_higher"",""2023_37_education_binary_lower"",""2023_38_education_binary_higher"",""2023_39_education_binary_higher"",""2023_39_education_binary_lower"",""2023_40_education_binary_higher"",""2023_41_education_binary_higher"",""2023_45_education_binary_higher"",""2023_47_education_binary_higher"",""2023_47_education_binary_lower"",""2023_48_education_binary_lower"",""2023_50_education_binary_higher"",""2023_51_education_binary_lower"",""2023_53_education_binary_higher"",""2023_53_education_binary_lower"",""2023_54_education_binary_lower"",""2023_55_education_binary_higher""]",True,-0.08510638297872336
motif_4fb69e3be74bb949,4fb69e3be74bb949e071b5c2b6f89abeee59154e1e79863e09c7ea36ab2d72cf,"{""edges"":[[""ARTHRITIS"",""DIABETES""],[""ARTHRITIS"",""ISCHEMIC_HEART_DISEASE""],[""ARTHRITIS"",""KIDNEY_DISEASE""],[""DIABETES"",""KIDNEY_DISEASE""],[""ISCHEMIC_HEART_DISEASE"",""STROKE""]],""nodes"":[""ARTHRITIS"",""DIABETES"",""ISCHEMIC_HEART_DISEASE"",""KIDNEY_DISEASE"",""STROKE""]}",5,5,"[""ARTHRITIS"",""DIABETES"",""ISCHEMIC_HEART_DISEASE"",""KIDNEY_DISEASE"",""STROKE""]","[[""ARTHRITIS"",""DIABETES""],[""ARTHRITIS"",""ISCHEMIC_HEART_DISEASE""],[""ARTHRITIS"",""KIDNEY_DISEASE""],[""DIABETES"",""KIDNEY_DISEASE""],[""ISCHEMIC_HEART_DISEASE"",""STROKE""]]",occ_1cf07441c767b454,True,True,False,31,0.3297872340425531,22,47,1.0,29.288,26.0,31.0,47,94,24,0.2553191489361702,19,"[""2023_01_education_binary_lower"",""2023_02_education_binary_higher"",""2023_04_education_binary_higher"",""2023_05_education_binary_lower"",""2023_13_education_binary_lower"",""2023_18_education_binary_higher"",""2023_18_education_binary_lower"",""2023_19_education_binary_lower"",""2023_22_education_binary_higher"",""2023_22_education_binary_lower"",""2023_23_education_binary_lower"",""2023_25_education_binary_higher"",""2023_26_education_binary_lower"",""2023_37_education_binary_lower"",""2023_39_education_binary_higher"",""2023_39_education_binary_lower"",""2023_40_education_binary_higher"",""2023_45_education_binary_higher"",""2023_47_education_binary_higher"",""2023_47_education_binary_lower"",""2023_48_education_binary_lower"",""2023_51_education_binary_lower"",""2023_53_education_binary_higher"",""2023_53_education_binary_lower""]",True,-0.07446808510638292
motif_508757ac2e89a6f3,508757ac2e89a6f3036ad053c768100a65a653d33a71d101af13252b69a854c0,"{""edges"":[[""ARTHRITIS"",""ISCHEMIC_HEART_DISEASE""],[""ARTHRITIS"",""OTHER_CANCER""],[""DIABETES"",""ISCHEMIC_HEART_DISEASE""],[""OTHER_CANCER"",""SKIN_CANCER""]],""nodes"":[""ARTHRITIS"",""DIABETES"",""ISCHEMIC_HEART_DISEASE"",""OTHER_CANCER"",""SKIN_CANCER""]}",5,4,"[""ARTHRITIS"",""DIABETES"",""ISCHEMIC_HEART_DISEASE"",""OTHER_CANCER"",""SKIN_CANCER""]","[[""ARTHRITIS"",""ISCHEMIC_HEART_DISEASE""],[""ARTHRITIS"",""OTHER_CANCER""],[""DIABETES"",""ISCHEMIC_HEART_DISEASE""],[""OTHER_CANCER"",""SKIN_CANCER""]]",occ_d1e02ba6f89988f4,True,True,False,49,0.5212765957446809,35,47,1.0,47.496,45.0,49.0,47,94,44,0.46808510638297873,31,"[""2023_01_education_binary_lower"",""2023_04_education_binary_higher"",""2023_05_education_binary_higher"",""2023_05_education_binary_lower"",""2023_06_education_binary_higher"",""2023_09_education_binary_lower"",""2023_12_education_binary_higher"",""2023_13_education_binary_higher"",""2023_13_education_binary_lower"",""2023_16_education_binary_lower"",""2023_18_education_binary_higher"",""2023_18_education_binary_lower"",""2023_19_education_binary_lower"",""2023_20_education_binary_higher"",""2023_20_education_binary_lower"",""2023_23_education_binary_higher"",""2023_23_education_binary_lower"",""2023_24_education_binary_higher"",""2023_24_education_binary_lower"",""2023_25_education_binary_higher"",""2023_26_education_binary_higher"",""2023_27_education_binary_lower"",""2023_30_education_binary_lower"",""2023_31_education_binary_higher"",""2023_33_education_binary_lower"",""2023_36_education_binary_lower"",""2023_38_education_binary_higher"",""2023_39_education_binary_higher"",""2023_39_education_binary_lower"",""2023_41_education_binary_higher"",""2023_44_education_binary_higher"",""2023_45_education_binary_higher"",""2023_45_education_binary_lower"",""2023_47_education_binary_higher"",""2023_47_education_binary_lower"",""2023_49_education_binary_higher"",""2023_49_education_binary_lower"",""2023_50_education_binary_higher"",""2023_53_education_binary_higher"",""2023_53_education_binary_lower"",""2023_54_education_binary_higher"",""2023_54_education_binary_lower"",""2023_55_education_binary_higher"",""2023_55_education_binary_lower""]",True,-0.05319148936170215
motif_50b72c034294f2b7,50b72c034294f2b7ddd14001fe22c5716bdf4948ffa2ed490aace9711440e426,"{""edges"":[[""ARTHRITIS"",""COPD""],[""ARTHRITIS"",""ISCHEMIC_HEART_DISEASE""],[""ARTHRITIS"",""KIDNEY_DISEASE""],[""ARTHRITIS"",""OTHER_CANCER""],[""COPD"",""ISCHEMIC_HEART_DISEASE""]],""nodes"":[""ARTHRITIS"",""COPD"",""ISCHEMIC_HEART_DISEASE"",""KIDNEY_DISEASE"",""OTHER_CANCER""]}",5,5,"[""ARTHRITIS"",""COPD"",""ISCHEMIC_HEART_DISEASE"",""KIDNEY_DISEASE"",""OTHER_CANCER""]","[[""ARTHRITIS"",""COPD""],[""ARTHRITIS"",""ISCHEMIC_HEART_DISEASE""],[""ARTHRITIS"",""KIDNEY_DISEASE""],[""ARTHRITIS"",""OTHER_CANCER""],[""COPD"",""ISCHEMIC_HEART_DISEASE""]]",occ_114b0d464e206051,True,True,False,21,0.2234042553191489,16,47,0.946,20.088,18.0,21.0,47,94,22,0.23404255319148937,17,"[""2023_01_education_binary_lower"",""2023_05_education_binary_lower"",""2023_10_education_binary_higher"",""2023_13_education_binary_higher"",""2023_13_education_binary_lower"",""2023_18_education_binary_higher"",""2023_18_education_binary_lower"",""2023_19_education_binary_lower"",""2023_23_education_binary_lower"",""2023_25_education_binary_higher"",""2023_26_education_binary_lower"",""2023_27_education_binary_lower"",""2023_37_education_binary_lower"",""2023_39_education_binary_higher"",""2023_39_education_binary_lower"",""2023_45_education_binary_higher"",""2023_45_education_binary_lower"",""2023_47_education_binary_higher"",""2023_47_education_binary_lower"",""2023_49_education_binary_lower"",""2023_51_education_binary_lower"",""2023_53_education_binary_lower""]",True,0.010638297872340469
motif_515f2a2b2aaee61d,515f2a2b2aaee61d125d309e03aee0ded8821fa67229812dabcaa5bc345819b4,"{""edges"":[[""ARTHRITIS"",""COPD""],[""ARTHRITIS"",""ISCHEMIC_HEART_DISEASE""],[""ARTHRITIS"",""KIDNEY_DISEASE""],[""COPD"",""ISCHEMIC_HEART_DISEASE""],[""ISCHEMIC_HEART_DISEASE"",""STROKE""]],""nodes"":[""ARTHRITIS"",""COPD"",""ISCHEMIC_HEART_DISEASE"",""KIDNEY_DISEASE"",""STROKE""]}",5,5,"[""ARTHRITIS"",""COPD"",""ISCHEMIC_HEART_DISEASE"",""KIDNEY_DISEASE"",""STROKE""]","[[""ARTHRITIS"",""COPD""],[""ARTHRITIS"",""ISCHEMIC_HEART_DISEASE""],[""ARTHRITIS"",""KIDNEY_DISEASE""],[""COPD"",""ISCHEMIC_HEART_DISEASE""],[""ISCHEMIC_HEART_DISEASE"",""STROKE""]]",occ_0188103b1fa6cc15,True,True,False,29,0.3085106382978723,20,47,1.0,27.778,25.0,29.0,47,94,24,0.2553191489361702,19,"[""2023_01_education_binary_lower"",""2023_05_education_binary_lower"",""2023_13_education_binary_lower"",""2023_18_education_binary_higher"",""2023_18_education_binary_lower"",""2023_19_education_binary_lower"",""2023_22_education_binary_lower"",""2023_23_education_binary_lower"",""2023_25_education_binary_higher"",""2023_26_education_binary_lower"",""2023_27_education_binary_lower"",""2023_37_education_binary_lower"",""2023_39_education_binary_higher"",""2023_39_education_binary_lower"",""2023_40_education_binary_higher"",""2023_40_education_binary_lower"",""2023_45_education_binary_higher"",""2023_45_education_binary_lower"",""2023_47_education_binary_higher"",""2023_47_education_binary_lower"",""2023_48_education_binary_lower"",""2023_49_education_binary_lower"",""2023_51_education_binary_lower"",""2023_53_education_binary_lower""]",True,-0.05319148936170209
motif_52dd6e9ed5d3313a,52dd6e9ed5d3313a41a42180497936d557e34d6e297da0c0f1fed2e7643b9134,"{""edges"":[[""ARTHRITIS"",""DIABETES""],[""ARTHRITIS"",""ISCHEMIC_HEART_DISEASE""],[""DIABETES"",""ISCHEMIC_HEART_DISEASE""]],""nodes"":[""ARTHRITIS"",""DIABETES"",""ISCHEMIC_HEART_DISEASE""]}",3,3,"[""ARTHRITIS"",""DIABETES"",""ISCHEMIC_HEART_DISEASE""]","[[""ARTHRITIS"",""DIABETES""],[""ARTHRITIS"",""ISCHEMIC_HEART_DISEASE""],[""DIABETES"",""ISCHEMIC_HEART_DISEASE""]]",occ_cc187073a57dd3db,True,True,False,60,0.6382978723404256,38,47,1.0,58.398,56.0,60.0,47,94,50,0.5319148936170213,35,"[""2023_01_education_binary_higher"",""2023_01_education_binary_lower"",""2023_04_education_binary_higher"",""2023_04_education_binary_lower"",""2023_05_education_binary_higher"",""2023_05_education_binary_lower"",""2023_08_education_binary_lower"",""2023_13_education_binary_higher"",""2023_13_education_binary_lower"",""2023_16_education_binary_lower"",""2023_18_education_binary_higher"",""2023_18_education_binary_lower"",""2023_19_education_binary_higher"",""2023_19_education_binary_lower"",""2023_20_education_binary_higher"",""2023_22_education_binary_lower"",""2023_23_education_binary_higher"",""2023_23_education_binary_lower"",""2023_24_education_binary_higher"",""2023_24_education_binary_lower"",""2023_25_education_binary_higher"",""2023_26_education_binary_higher"",""2023_27_education_binary_lower"",""2023_28_education_binary_lower"",""2023_30_education_binary_lower"",""2023_31_education_binary_higher"",""2023_33_education_binary_lower"",""2023_36_education_binary_lower"",""2023_37_education_binary_lower"",""2023_38_education_binary_higher"",""2023_39_education_binary_higher"",""2023_39_education_binary_lower"",""2023_40_education_binary_higher"",""2023_41_education_binary_higher"",""2023_44_education_binary_higher"",""2023_45_education_binary_higher"",""2023_45_education_binary_lower"",""2023_47_education_binary_higher"",""2023_47_education_binary_lower"",""2023_48_education_binary_lower"",""2023_49_education_binary_higher"",""2023_49_education_binary_lower"",""2023_51_education_binary_lower"",""2023_53_education_binary_higher"",""2023_53_education_binary_lower"",""2023_54_education_binary_higher"",""2023_54_education_binary_lower"",""2023_55_education_binary_higher"",""2023_55_education_binary_lower"",""2023_56_education_binary_higher""]",True,-0.1063829787234043
motif_53e8134231efd6a0,53e8134231efd6a0b2bb062c5df9f04722b2ce174d20dcc10b2de5f1555df422,"{""edges"":[[""COPD"",""ISCHEMIC_HEART_DISEASE""],[""DIABETES"",""ISCHEMIC_HEART_DISEASE""],[""DIABETES"",""KIDNEY_DISEASE""],[""ISCHEMIC_HEART_DISEASE"",""KIDNEY_DISEASE""]],""nodes"":[""COPD"",""DIABETES"",""ISCHEMIC_HEART_DISEASE"",""KIDNEY_DISEASE""]}",4,4,"[""COPD"",""DIABETES"",""ISCHEMIC_HEART_DISEASE"",""KIDNEY_DISEASE""]","[[""COPD"",""ISCHEMIC_HEART_DISEASE""],[""DIABETES"",""ISCHEMIC_HEART_DISEASE""],[""DIABETES"",""KIDNEY_DISEASE""],[""ISCHEMIC_HEART_DISEASE"",""KIDNEY_DISEASE""]]",occ_699e93a613f0774d,False,False,False,29,0.3085106382978723,23,47,1.0,27.172,24.475,29.0,46,92,20,0.21739130434782608,17,"[""2023_01_education_binary_lower"",""2023_05_education_binary_lower"",""2023_12_education_binary_higher"",""2023_18_education_binary_higher"",""2023_18_education_binary_lower"",""2023_22_education_binary_lower"",""2023_23_education_binary_higher"",""2023_26_education_binary_higher"",""2023_31_education_binary_higher"",""2023_37_education_binary_lower"",""2023_38_education_binary_higher"",""2023_39_education_binary_higher"",""2023_39_education_binary_lower"",""2023_40_education_binary_higher"",""2023_47_education_binary_higher"",""2023_47_education_binary_lower"",""2023_48_education_binary_lower"",""2023_51_education_binary_lower"",""2023_53_education_binary_lower"",""2023_54_education_binary_lower""]",True,-0.0911193339500462
motif_54c504eb0430ba25,54c504eb0430ba254755bdc22f8b92b7fb10c1693847607fffb90f6ccf7bcf6e,"{""edges"":[[""ARTHRITIS"",""DIABETES""],[""DIABETES"",""ISCHEMIC_HEART_DISEASE""],[""ISCHEMIC_HEART_DISEASE"",""KIDNEY_DISEASE""]],""nodes"":[""ARTHRITIS"",""DIABETES"",""ISCHEMIC_HEART_DISEASE"",""KIDNEY_DISEASE""]}",4,3,"[""ARTHRITIS"",""DIABETES"",""ISCHEMIC_HEART_DISEASE"",""KIDNEY_DISEASE""]","[[""ARTHRITIS"",""DIABETES""],[""DIABETES"",""ISCHEMIC_HEART_DISEASE""],[""ISCHEMIC_HEART_DISEASE"",""KIDNEY_DISEASE""]]",occ_ea152d40ac0008da,False,False,False,37,0.3936170212765957,26,47,1.0,35.468,33.0,37.0,46,92,29,0.31521739130434784,24,"[""2023_01_education_binary_lower"",""2023_04_education_binary_lower"",""2023_05_education_binary_higher"",""2023_05_education_binary_lower"",""2023_15_education_binary_lower"",""2023_18_education_binary_higher"",""2023_18_education_binary_lower"",""2023_22_education_binary_lower"",""2023_23_education_binary_higher"",""2023_24_education_binary_higher"",""2023_26_education_binary_higher"",""2023_28_education_binary_lower"",""2023_31_education_binary_higher"",""2023_33_education_binary_lower"",""2023_36_education_binary_lower"",""2023_37_education_binary_lower"",""2023_38_education_binary_higher"",""2023_39_education_binary_higher"",""2023_39_education_binary_lower"",""2023_40_education_binary_higher"",""2023_45_education_binary_lower"",""2023_47_education_binary_higher"",""2023_47_education_binary_lower"",""2023_48_education_binary_lower"",""2023_49_education_binary_lower"",""2023_51_education_binary_lower"",""2023_53_education_binary_lower"",""2023_54_education_binary_higher"",""2023_54_education_binary_lower""]",True,-0.07839962997224786
motif_552be5f9f12c3639,552be5f9f12c3639efadcd4b7d82172ae64509f1d8d80eb72a066d4614534cd5,"{""edges"":[[""ARTHRITIS"",""DIABETES""],[""ARTHRITIS"",""ISCHEMIC_HEART_DISEASE""],[""DIABETES"",""ISCHEMIC_HEART_DISEASE""],[""DIABETES"",""KIDNEY_DISEASE""],[""ISCHEMIC_HEART_DISEASE"",""KIDNEY_DISEASE""]],""nodes"":[""ARTHRITIS"",""DIABETES"",""ISCHEMIC_HEART_DISEASE"",""KIDNEY_DISEASE""]}",4,5,"[""ARTHRITIS"",""DIABETES"",""ISCHEMIC_HEART_DISEASE"",""KIDNEY_DISEASE""]","[[""ARTHRITIS"",""DIABETES""],[""ARTHRITIS"",""ISCHEMIC_HEART_DISEASE""],[""DIABETES"",""ISCHEMIC_HEART_DISEASE""],[""DIABETES"",""KIDNEY_DISEASE""],[""ISCHEMIC_HEART_DISEASE"",""KIDNEY_DISEASE""]]",occ_17bd400c926c321a,False,False,False,33,0.351063829787234,24,47,1.0,31.062,28.0,33.0,46,92,22,0.2391304347826087,19,"[""2023_01_education_binary_lower"",""2023_04_education_binary_lower"",""2023_05_education_binary_lower"",""2023_18_education_binary_higher"",""2023_18_education_binary_lower"",""2023_22_education_binary_lower"",""2023_23_education_binary_higher"",""2023_24_education_binary_higher"",""2023_26_education_binary_higher"",""2023_31_education_binary_higher"",""2023_33_education_binary_lower"",""2023_37_education_binary_lower"",""2023_38_education_binary_higher"",""2023_39_education_binary_higher"",""2023_39_education_binary_lower"",""2023_40_education_binary_higher"",""2023_47_education_binary_higher"",""2023_47_education_binary_lower"",""2023_48_education_binary_lower"",""2023_51_education_binary_lower"",""2023_53_education_binary_lower"",""2023_54_education_binary_lower""]",True,-0.11193339500462529
motif_55909787035f2b7d,55909787035f2b7db3e824c3a5d351671ce160e08210847f6e6e31824832b08c,"{""edges"":[[""ARTHRITIS"",""COPD""],[""ARTHRITIS"",""DIABETES""],[""ARTHRITIS"",""ISCHEMIC_HEART_DISEASE""],[""DIABETES"",""KIDNEY_DISEASE""]],""nodes"":[""ARTHRITIS"",""COPD"",""DIABETES"",""ISCHEMIC_HEART_DISEASE"",""KIDNEY_DISEASE""]}",5,4,"[""ARTHRITIS"",""COPD"",""DIABETES"",""ISCHEMIC_HEART_DISEASE"",""KIDNEY_DISEASE""]","[[""ARTHRITIS"",""COPD""],[""ARTHRITIS"",""DIABETES""],[""ARTHRITIS"",""ISCHEMIC_HEART_DISEASE""],[""DIABETES"",""KIDNEY_DISEASE""]]",occ_b793e0a8fd6feb4c,True,True,False,56,0.5957446808510638,36,47,1.0,53.604,50.475,56.0,47,94,43,0.4574468085106383,33,"[""2023_01_education_binary_higher"",""2023_01_education_binary_lower"",""2023_02_education_binary_higher"",""2023_04_education_binary_higher"",""2023_05_education_binary_lower"",""2023_08_education_binary_lower"",""2023_10_education_binary_lower"",""2023_12_education_binary_lower"",""2023_13_education_binary_lower"",""2023_16_education_binary_higher"",""2023_16_education_binary_lower"",""2023_17_education_binary_lower"",""2023_18_education_binary_higher"",""2023_18_education_binary_lower"",""2023_19_education_binary_higher"",""2023_19_education_binary_lower"",""2023_20_education_binary_higher"",""2023_22_education_binary_lower"",""2023_23_education_binary_higher"",""2023_23_education_binary_lower"",""2023_24_education_binary_higher"",""2023_24_education_binary_lower"",""2023_25_education_binary_higher"",""2023_26_education_binary_higher"",""2023_26_education_binary_lower"",""2023_29_education_binary_lower"",""2023_31_education_binary_higher"",""2023_33_education_binary_lower"",""2023_37_education_binary_lower"",""2023_38_education_binary_higher"",""2023_38_education_binary_lower"",""2023_39_education_binary_higher"",""2023_39_education_binary_lower"",""2023_40_education_binary_higher"",""2023_41_education_binary_higher"",""2023_45_education_binary_higher"",""2023_47_education_binary_higher"",""2023_47_education_binary_lower"",""2023_48_education_binary_lower"",""2023_51_education_binary_lower"",""2023_53_education_binary_lower"",""2023_54_education_binary_lower"",""2023_55_education_binary_higher""]",True,-0.1382978723404255
motif_55f635f51d345c44,55f635f51d345c4413ef72608ca7b355ed5ca690761936142c03213c8a5f9393,"{""edges"":[[""ARTHRITIS"",""ISCHEMIC_HEART_DISEASE""],[""ARTHRITIS"",""OTHER_CANCER""],[""DIABETES"",""ISCHEMIC_HEART_DISEASE""],[""ISCHEMIC_HEART_DISEASE"",""KIDNEY_DISEASE""]],""nodes"":[""ARTHRITIS"",""DIABETES"",""ISCHEMIC_HEART_DISEASE"",""KIDNEY_DISEASE"",""OTHER_CANCER""]}",5,4,"[""ARTHRITIS"",""DIABETES"",""ISCHEMIC_HEART_DISEASE"",""KIDNEY_DISEASE"",""OTHER_CANCER""]","[[""ARTHRITIS"",""ISCHEMIC_HEART_DISEASE""],[""ARTHRITIS"",""OTHER_CANCER""],[""DIABETES"",""ISCHEMIC_HEART_DISEASE""],[""ISCHEMIC_HEART_DISEASE"",""KIDNEY_DISEASE""]]",occ_ada5aaf5f2007fa4,True,True,False,32,0.3404255319148936,24,47,1.0,30.29,28.0,32.0,46,92,26,0.2826086956521739,21,"[""2023_01_education_binary_lower"",""2023_05_education_binary_higher"",""2023_05_education_binary_lower"",""2023_12_education_binary_higher"",""2023_18_education_binary_higher"",""2023_18_education_binary_lower"",""2023_20_education_binary_lower"",""2023_23_education_binary_higher"",""2023_24_education_binary_higher"",""2023_26_education_binary_higher"",""2023_31_education_binary_higher"",""2023_33_education_binary_lower"",""2023_36_education_binary_lower"",""2023_37_education_binary_lower"",""2023_38_education_binary_higher"",""2023_39_education_binary_higher"",""2023_39_education_binary_lower"",""2023_45_education_binary_lower"",""2023_47_education_binary_higher"",""2023_47_education_binary_lower"",""2023_49_education_binary_lower"",""2023_50_education_binary_higher"",""2023_51_education_binary_lower"",""2023_53_education_binary_lower"",""2023_54_education_binary_higher"",""2023_54_education_binary_lower""]",True,-0.05781683626271972
motif_5611ddee26c3f8a2,5611ddee26c3f8a2bd19b67ebf1872cbafa0c84fde1f8fd4763cd066c7222dd4,"{""edges"":[[""ARTHRITIS"",""COPD""],[""ARTHRITIS"",""ISCHEMIC_HEART_DISEASE""],[""DIABETES"",""ISCHEMIC_HEART_DISEASE""]],""nodes"":[""ARTHRITIS"",""COPD"",""DIABETES"",""ISCHEMIC_HEART_DISEASE""]}",4,3,"[""ARTHRITIS"",""COPD"",""DIABETES"",""ISCHEMIC_HEART_DISEASE""]","[[""ARTHRITIS"",""COPD""],[""ARTHRITIS"",""ISCHEMIC_HEART_DISEASE""],[""DIABETES"",""ISCHEMIC_HEART_DISEASE""]]",occ_ca977689db88f532,True,True,False,66,0.7021276595744681,42,47,1.0,64.176,62.0,66.0,47,94,52,0.5531914893617021,39,"[""2023_01_education_binary_higher"",""2023_01_education_binary_lower"",""2023_04_education_binary_higher"",""2023_05_education_binary_higher"",""2023_05_education_binary_lower"",""2023_06_education_binary_higher"",""2023_08_education_binary_lower"",""2023_09_education_binary_lower"",""2023_12_education_binary_higher"",""2023_13_education_binary_higher"",""2023_13_education_binary_lower"",""2023_16_education_binary_lower"",""2023_18_education_binary_higher"",""2023_18_education_binary_lower"",""2023_19_education_binary_higher"",""2023_19_education_binary_lower"",""2023_20_education_binary_higher"",""2023_20_education_binary_lower"",""2023_22_education_binary_lower"",""2023_23_education_binary_higher"",""2023_23_education_binary_lower"",""2023_24_education_binary_higher"",""2023_24_education_binary_lower"",""2023_25_education_binary_higher"",""2023_26_education_binary_higher"",""2023_27_education_binary_lower"",""2023_28_education_binary_lower"",""2023_30_education_binary_lower"",""2023_31_education_binary_higher"",""2023_33_education_binary_lower"",""2023_36_education_binary_lower"",""2023_37_education_binary_lower"",""2023_38_education_binary_higher"",""2023_39_education_binary_higher"",""2023_39_education_binary_lower"",""2023_40_education_binary_higher"",""2023_41_education_binary_higher"",""2023_44_education_binary_higher"",""2023_45_education_binary_higher"",""2023_45_education_binary_lower"",""2023_47_education_binary_higher"",""2023_47_education_binary_lower"",""2023_48_education_binary_lower"",""2023_49_education_binary_lower"",""2023_50_education_binary_higher"",""2023_51_education_binary_lower"",""2023_53_education_binary_lower"",""2023_54_education_binary_higher"",""2023_54_education_binary_lower"",""2023_55_education_binary_higher"",""2023_55_education_binary_lower"",""2023_56_education_binary_higher""]",True,-0.14893617021276595
motif_561aab0d2e3fcfbf,561aab0d2e3fcfbf6f633335c0acc8cf2c9e1a4e1ceacc439c823d54a7944b34,"{""edges"":[[""ARTHRITIS"",""DIABETES""],[""ARTHRITIS"",""KIDNEY_DISEASE""],[""DIABETES"",""ISCHEMIC_HEART_DISEASE""]],""nodes"":[""ARTHRITIS"",""DIABETES"",""ISCHEMIC_HEART_DISEASE"",""KIDNEY_DISEASE""]}",4,3,"[""ARTHRITIS"",""DIABETES"",""ISCHEMIC_HEART_DISEASE"",""KIDNEY_DISEASE""]","[[""ARTHRITIS"",""DIABETES""],[""ARTHRITIS"",""KIDNEY_DISEASE""],[""DIABETES"",""ISCHEMIC_HEART_DISEASE""]]",occ_9a4753e00cd0b4c7,False,False,False,34,0.3617021276595745,23,47,1.0,33.022,31.0,34.0,47,94,26,0.2765957446808511,20,"[""2023_01_education_binary_lower"",""2023_04_education_binary_higher"",""2023_05_education_binary_lower"",""2023_13_education_binary_higher"",""2023_13_education_binary_lower"",""2023_18_education_binary_higher"",""2023_18_education_binary_lower"",""2023_19_education_binary_lower"",""2023_22_education_binary_lower"",""2023_23_education_binary_lower"",""2023_25_education_binary_higher"",""2023_27_education_binary_lower"",""2023_29_education_binary_higher"",""2023_37_education_binary_lower"",""2023_39_education_binary_higher"",""2023_39_education_binary_lower"",""2023_40_education_binary_higher"",""2023_45_education_binary_higher"",""2023_45_education_binary_lower"",""2023_47_education_binary_higher"",""2023_47_education_binary_lower"",""2023_48_education_binary_lower"",""2023_49_education_binary_lower"",""2023_51_education_binary_lower"",""2023_53_education_binary_higher"",""2023_53_education_binary_lower""]",True,-0.08510638297872342
motif_564f9cbbae11e040,564f9cbbae11e04035c262b576bf64884a568a3253b87f57e48dd834bd25148b,"{""edges"":[[""ARTHRITIS"",""COPD""],[""ARTHRITIS"",""ISCHEMIC_HEART_DISEASE""],[""ARTHRITIS"",""OTHER_CANCER""],[""COPD"",""ISCHEMIC_HEART_DISEASE""],[""DIABETES"",""ISCHEMIC_HEART_DISEASE""]],""nodes"":[""ARTHRITIS"",""COPD"",""DIABETES"",""ISCHEMIC_HEART_DISEASE"",""OTHER_CANCER""]}",5,5,"[""ARTHRITIS"",""COPD"",""DIABETES"",""ISCHEMIC_HEART_DISEASE"",""OTHER_CANCER""]","[[""ARTHRITIS"",""COPD""],[""ARTHRITIS"",""ISCHEMIC_HEART_DISEASE""],[""ARTHRITIS"",""OTHER_CANCER""],[""COPD"",""ISCHEMIC_HEART_DISEASE""],[""DIABETES"",""ISCHEMIC_HEART_DISEASE""]]",occ_210049c2f9c667f6,True,True,False,35,0.3723404255319149,25,47,1.0,33.53,31.0,35.0,47,94,37,0.39361702127659576,28,"[""2023_01_education_binary_lower"",""2023_05_education_binary_higher"",""2023_05_education_binary_lower"",""2023_12_education_binary_higher"",""2023_13_education_binary_higher"",""2023_13_education_binary_lower"",""2023_16_education_binary_lower"",""2023_18_education_binary_higher"",""2023_18_education_binary_lower"",""2023_19_education_binary_lower"",""2023_20_education_binary_lower"",""2023_23_education_binary_higher"",""2023_23_education_binary_lower"",""2023_24_education_binary_lower"",""2023_25_education_binary_higher"",""2023_26_education_binary_higher"",""2023_27_education_binary_lower"",""2023_30_education_binary_lower"",""2023_31_education_binary_higher"",""2023_36_education_binary_lower"",""2023_37_education_binary_lower"",""2023_38_education_binary_higher"",""2023_39_education_binary_higher"",""2023_39_education_binary_lower"",""2023_41_education_binary_higher"",""2023_44_education_binary_higher"",""2023_45_education_binary_higher"",""2023_45_education_binary_lower"",""2023_47_education_binary_higher"",""2023_47_education_binary_lower"",""2023_49_education_binary_lower"",""2023_51_education_binary_lower"",""2023_53_education_binary_lower"",""2023_54_education_binary_higher"",""2023_54_education_binary_lower"",""2023_55_education_binary_higher"",""2023_55_education_binary_lower""]",True,0.021276595744680882
motif_5665f6ba7fc7cdc0,5665f6ba7fc7cdc09139490a68f2f371e6a06b2a870f66e94e1cd8a841e9e210,"{""edges"":[[""ARTHRITIS"",""COPD""],[""ARTHRITIS"",""OTHER_CANCER""],[""COPD"",""ISCHEMIC_HEART_DISEASE""]],""nodes"":[""ARTHRITIS"",""COPD"",""ISCHEMIC_HEART_DISEASE"",""OTHER_CANCER""]}",4,3,"[""ARTHRITIS"",""COPD"",""ISCHEMIC_HEART_DISEASE"",""OTHER_CANCER""]","[[""ARTHRITIS"",""COPD""],[""ARTHRITIS"",""OTHER_CANCER""],[""COPD"",""ISCHEMIC_HEART_DISEASE""]]",occ_c5436fcfa0e5a2f8,True,True,False,44,0.4680851063829787,30,47,1.0,42.556,40.0,44.0,47,94,42,0.44680851063829785,30,"[""2023_01_education_binary_lower"",""2023_05_education_binary_higher"",""2023_05_education_binary_lower"",""2023_10_education_binary_higher"",""2023_12_education_binary_higher"",""2023_12_education_binary_lower"",""2023_13_education_binary_higher"",""2023_13_education_binary_lower"",""2023_16_education_binary_lower"",""2023_18_education_binary_higher"",""2023_18_education_binary_lower"",""2023_19_education_binary_lower"",""2023_20_education_binary_lower"",""2023_23_education_binary_higher"",""2023_23_education_binary_lower"",""2023_24_education_binary_lower"",""2023_25_education_binary_higher"",""2023_26_education_binary_higher"",""2023_26_education_binary_lower"",""2023_27_education_binary_lower"",""2023_29_education_binary_higher"",""2023_30_education_binary_lower"",""2023_31_education_binary_higher"",""2023_31_education_binary_lower"",""2023_36_education_binary_lower"",""2023_37_education_binary_lower"",""2023_38_education_binary_higher"",""2023_39_education_binary_higher"",""2023_39_education_binary_lower"",""2023_41_education_binary_higher"",""2023_44_education_binary_higher"",""2023_45_education_binary_higher"",""2023_45_education_binary_lower"",""2023_47_education_binary_higher"",""2023_47_education_binary_lower"",""2023_49_education_binary_lower"",""2023_51_education_binary_lower"",""2023_53_education_binary_lower"",""2023_54_education_binary_higher"",""2023_54_education_binary_lower"",""2023_55_education_binary_higher"",""2023_55_education_binary_lower""]",True,-0.021276595744680826
motif_567b7af85cfa22f3,567b7af85cfa22f37fc00f6fa71f1694a0ef854acf92e2de8f345b783362efb6,"{""edges"":[[""ARTHRITIS"",""COPD""],[""ARTHRITIS"",""DIABETES""],[""ARTHRITIS"",""KIDNEY_DISEASE""],[""DIABETES"",""KIDNEY_DISEASE""]],""nodes"":[""ARTHRITIS"",""COPD"",""DIABETES"",""KIDNEY_DISEASE""]}",4,4,"[""ARTHRITIS"",""COPD"",""DIABETES"",""KIDNEY_DISEASE""]","[[""ARTHRITIS"",""COPD""],[""ARTHRITIS"",""DIABETES""],[""ARTHRITIS"",""KIDNEY_DISEASE""],[""DIABETES"",""KIDNEY_DISEASE""]]",occ_7b38a935afe66518,False,False,False,33,0.351063829787234,24,47,1.0,31.638,29.0,33.0,47,94,24,0.2553191489361702,21,"[""2023_01_education_binary_lower"",""2023_02_education_binary_higher"",""2023_04_education_binary_higher"",""2023_05_education_binary_lower"",""2023_13_education_binary_lower"",""2023_18_education_binary_higher"",""2023_18_education_binary_lower"",""2023_19_education_binary_lower"",""2023_22_education_binary_lower"",""2023_23_education_binary_lower"",""2023_25_education_binary_higher"",""2023_26_education_binary_lower"",""2023_29_education_binary_higher"",""2023_37_education_binary_lower"",""2023_38_education_binary_lower"",""2023_39_education_binary_higher"",""2023_39_education_binary_lower"",""2023_40_education_binary_higher"",""2023_45_education_binary_higher"",""2023_47_education_binary_higher"",""2023_47_education_binary_lower"",""2023_48_education_binary_lower"",""2023_51_education_binary_lower"",""2023_53_education_binary_lower""]",True,-0.0957446808510638
motif_577624a63a62a8a9,577624a63a62a8a992ff36f56b37337335e9408ee0fe2c77805c3a1184c804f0,"{""edges"":[[""ARTHRITIS"",""ISCHEMIC_HEART_DISEASE""],[""ARTHRITIS"",""SKIN_CANCER""],[""DIABETES"",""ISCHEMIC_HEART_DISEASE""],[""ISCHEMIC_HEART_DISEASE"",""STROKE""]],""nodes"":[""ARTHRITIS"",""DIABETES"",""ISCHEMIC_HEART_DISEASE"",""SKIN_CANCER"",""STROKE""]}",5,4,"[""ARTHRITIS"",""DIABETES"",""ISCHEMIC_HEART_DISEASE"",""SKIN_CANCER"",""STROKE""]","[[""ARTHRITIS"",""ISCHEMIC_HEART_DISEASE""],[""ARTHRITIS"",""SKIN_CANCER""],[""DIABETES"",""ISCHEMIC_HEART_DISEASE""],[""ISCHEMIC_HEART_DISEASE"",""STROKE""]]",occ_699baddd6bd9cf08,True,True,False,24,0.2553191489361702,21,47,0.996,22.5,20.0,24.0,47,94,21,0.22340425531914893,19,"[""2023_04_education_binary_higher"",""2023_06_education_binary_higher"",""2023_09_education_binary_lower"",""2023_12_education_binary_higher"",""2023_13_education_binary_lower"",""2023_16_education_binary_lower"",""2023_18_education_binary_higher"",""2023_18_education_binary_lower"",""2023_25_education_binary_higher"",""2023_30_education_binary_lower"",""2023_39_education_binary_lower"",""2023_41_education_binary_higher"",""2023_45_education_binary_lower"",""2023_47_education_binary_lower"",""2023_49_education_binary_lower"",""2023_50_education_binary_higher"",""2023_53_education_binary_higher"",""2023_54_education_binary_higher"",""2023_54_education_binary_lower"",""2023_55_education_binary_lower"",""2023_56_education_binary_higher""]",True,-0.03191489361702127
motif_57abb9a1ba9ef16c,57abb9a1ba9ef16c0aafa3a0548247aa74ff8ea06bd6a98b8e876b64d9485dc1,"{""edges"":[[""COPD"",""CURRENT_ASTHMA""],[""COPD"",""ISCHEMIC_HEART_DISEASE""],[""DIABETES"",""ISCHEMIC_HEART_DISEASE""],[""ISCHEMIC_HEART_DISEASE"",""STROKE""]],""nodes"":[""COPD"",""CURRENT_ASTHMA"",""DIABETES"",""ISCHEMIC_HEART_DISEASE"",""STROKE""]}",5,4,"[""COPD"",""CURRENT_ASTHMA"",""DIABETES"",""ISCHEMIC_HEART_DISEASE"",""STROKE""]","[[""COPD"",""CURRENT_ASTHMA""],[""COPD"",""ISCHEMIC_HEART_DISEASE""],[""DIABETES"",""ISCHEMIC_HEART_DISEASE""],[""ISCHEMIC_HEART_DISEASE"",""STROKE""]]",occ_d8d76801037f55b5,True,True,True,44,0.4680851063829787,29,47,1.0,42.55,40.0,44.0,47,94,39,0.4148936170212766,30,"[""2023_01_education_binary_lower"",""2023_05_education_binary_higher"",""2023_05_education_binary_lower"",""2023_12_education_binary_higher"",""2023_13_education_binary_lower"",""2023_16_education_binary_lower"",""2023_18_education_binary_higher"",""2023_18_education_binary_lower"",""2023_19_education_binary_lower"",""2023_20_education_binary_lower"",""2023_22_education_binary_lower"",""2023_23_education_binary_higher"",""2023_23_education_binary_lower"",""2023_24_education_binary_lower"",""2023_25_education_binary_higher"",""2023_26_education_binary_higher"",""2023_27_education_binary_lower"",""2023_29_education_binary_higher"",""2023_30_education_binary_lower"",""2023_36_education_binary_lower"",""2023_39_education_binary_higher"",""2023_39_education_binary_lower"",""2023_40_education_binary_higher"",""2023_41_education_binary_higher"",""2023_44_education_binary_higher"",""2023_45_education_binary_higher"",""2023_45_education_binary_lower"",""2023_47_education_binary_higher"",""2023_47_education_binary_lower"",""2023_48_education_binary_lower"",""2023_49_education_binary_lower"",""2023_51_education_binary_lower"",""2023_53_education_binary_higher"",""2023_53_education_binary_lower"",""2023_54_education_binary_higher"",""2023_54_education_binary_lower"",""2023_55_education_binary_higher"",""2023_55_education_binary_lower"",""2023_56_education_binary_higher""]",True,-0.05319148936170209
motif_58108fef281175a5,58108fef281175a52f1fd48fbb6bf16df74e10fddf4701dc34b742ad28261ea3,"{""edges"":[[""ARTHRITIS"",""ISCHEMIC_HEART_DISEASE""],[""ARTHRITIS"",""KIDNEY_DISEASE""],[""DIABETES"",""ISCHEMIC_HEART_DISEASE""],[""ISCHEMIC_HEART_DISEASE"",""STROKE""]],""nodes"":[""ARTHRITIS"",""DIABETES"",""ISCHEMIC_HEART_DISEASE"",""KIDNEY_DISEASE"",""STROKE""]}",5,4,"[""ARTHRITIS"",""DIABETES"",""ISCHEMIC_HEART_DISEASE"",""KIDNEY_DISEASE"",""STROKE""]","[[""ARTHRITIS"",""ISCHEMIC_HEART_DISEASE""],[""ARTHRITIS"",""KIDNEY_DISEASE""],[""DIABETES"",""ISCHEMIC_HEART_DISEASE""],[""ISCHEMIC_HEART_DISEASE"",""STROKE""]]",occ_d39f504a1c0ee20f,True,True,False,34,0.3617021276595745,23,47,1.0,32.78,30.0,34.0,47,94,24,0.2553191489361702,19,"[""2023_01_education_binary_lower"",""2023_04_education_binary_higher"",""2023_05_education_binary_lower"",""2023_13_education_binary_lower"",""2023_18_education_binary_higher"",""2023_18_education_binary_lower"",""2023_19_education_binary_lower"",""2023_22_education_binary_lower"",""2023_23_education_binary_lower"",""2023_25_education_binary_higher"",""2023_27_education_binary_lower"",""2023_37_education_binary_lower"",""2023_39_education_binary_higher"",""2023_39_education_binary_lower"",""2023_40_education_binary_higher"",""2023_45_education_binary_higher"",""2023_45_education_binary_lower"",""2023_47_education_binary_higher"",""2023_47_education_binary_lower"",""2023_48_education_binary_lower"",""2023_49_education_binary_lower"",""2023_51_education_binary_lower"",""2023_53_education_binary_higher"",""2023_53_education_binary_lower""]",True,-0.1063829787234043
motif_589b182e5642be3c,589b182e5642be3c6c2cb48a5ae3a7b089da644c3ff718b55fe7bbdb733f2739,"{""edges"":[[""ARTHRITIS"",""ISCHEMIC_HEART_DISEASE""],[""ARTHRITIS"",""KIDNEY_DISEASE""],[""DIABETES"",""ISCHEMIC_HEART_DISEASE""]],""nodes"":[""ARTHRITIS"",""DIABETES"",""ISCHEMIC_HEART_DISEASE"",""KIDNEY_DISEASE""]}",4,3,"[""ARTHRITIS"",""DIABETES"",""ISCHEMIC_HEART_DISEASE"",""KIDNEY_DISEASE""]","[[""ARTHRITIS"",""ISCHEMIC_HEART_DISEASE""],[""ARTHRITIS"",""KIDNEY_DISEASE""],[""DIABETES"",""ISCHEMIC_HEART_DISEASE""]]",occ_dc3323bd037252ad,True,True,False,38,0.4042553191489361,27,47,1.0,36.806,35.0,38.0,47,94,25,0.26595744680851063,19,"[""2023_01_education_binary_lower"",""2023_04_education_binary_higher"",""2023_05_education_binary_lower"",""2023_13_education_binary_higher"",""2023_13_education_binary_lower"",""2023_18_education_binary_higher"",""2023_18_education_binary_lower"",""2023_19_education_binary_lower"",""2023_22_education_binary_lower"",""2023_23_education_binary_lower"",""2023_25_education_binary_higher"",""2023_27_education_binary_lower"",""2023_37_education_binary_lower"",""2023_39_education_binary_higher"",""2023_39_education_binary_lower"",""2023_40_education_binary_higher"",""2023_45_education_binary_higher"",""2023_45_education_binary_lower"",""2023_47_education_binary_higher"",""2023_47_education_binary_lower"",""2023_48_education_binary_lower"",""2023_49_education_binary_lower"",""2023_51_education_binary_lower"",""2023_53_education_binary_higher"",""2023_53_education_binary_lower""]",True,-0.13829787234042545
motif_58b9069656f5bf7c,58b9069656f5bf7c38096bce4854225dddfedeb97d072606baed7aa6a41c48eb,"{""edges"":[[""ARTHRITIS"",""COPD""],[""ARTHRITIS"",""DIABETES""],[""ARTHRITIS"",""ISCHEMIC_HEART_DISEASE""],[""COPD"",""CURRENT_ASTHMA""]],""nodes"":[""ARTHRITIS"",""COPD"",""CURRENT_ASTHMA"",""DIABETES"",""ISCHEMIC_HEART_DISEASE""]}",5,4,"[""ARTHRITIS"",""COPD"",""CURRENT_ASTHMA"",""DIABETES"",""ISCHEMIC_HEART_DISEASE""]","[[""ARTHRITIS"",""COPD""],[""ARTHRITIS"",""DIABETES""],[""ARTHRITIS"",""ISCHEMIC_HEART_DISEASE""],[""COPD"",""CURRENT_ASTHMA""]]",occ_ea550e99906d419a,True,True,False,64,0.6808510638297872,39,47,1.0,62.388,60.0,64.0,47,94,55,0.5851063829787234,37,"[""2023_01_education_binary_higher"",""2023_01_education_binary_lower"",""2023_02_education_binary_higher"",""2023_04_education_binary_higher"",""2023_05_education_binary_higher"",""2023_05_education_binary_lower"",""2023_08_education_binary_lower"",""2023_12_education_binary_lower"",""2023_13_education_binary_higher"",""2023_13_education_binary_lower"",""2023_16_education_binary_lower"",""2023_18_education_binary_higher"",""2023_18_education_binary_lower"",""2023_19_education_binary_higher"",""2023_19_education_binary_lower"",""2023_20_education_binary_higher"",""2023_22_education_binary_lower"",""2023_23_education_binary_higher"",""2023_23_education_binary_lower"",""2023_24_education_binary_higher"",""2023_24_education_binary_lower"",""2023_25_education_binary_higher"",""2023_25_education_binary_lower"",""2023_26_education_binary_higher"",""2023_26_education_binary_lower"",""2023_27_education_binary_lower"",""2023_28_education_binary_higher"",""2023_28_education_binary_lower"",""2023_29_education_binary_lower"",""2023_30_education_binary_lower"",""2023_31_education_binary_lower"",""2023_33_education_binary_lower"",""2023_36_education_binary_lower"",""2023_37_education_binary_higher"",""2023_39_education_binary_higher"",""2023_39_education_binary_lower"",""2023_40_education_binary_higher"",""2023_40_education_binary_lower"",""2023_41_education_binary_higher"",""2023_41_education_binary_lower"",""2023_44_education_binary_higher"",""2023_45_education_binary_higher"",""2023_45_education_binary_lower"",""2023_47_education_binary_higher"",""2023_47_education_binary_lower"",""2023_48_education_binary_higher"",""2023_48_education_binary_lower"",""2023_49_education_binary_lower"",""2023_51_education_binary_lower"",""2023_53_education_binary_lower"",""2023_54_education_binary_higher"",""2023_54_education_binary_lower"",""2023_55_education_binary_higher"",""2023_55_education_binary_lower"",""2023_56_education_binary_higher""]",True,-0.0957446808510638
motif_594088dea3ed99ad,594088dea3ed99ad63a01389bcbe13bd47030ca3b557b33eb6b07fc55cdffd9f,"{""edges"":[[""ARTHRITIS"",""DIABETES""],[""ARTHRITIS"",""ISCHEMIC_HEART_DISEASE""],[""ARTHRITIS"",""KIDNEY_DISEASE""],[""ISCHEMIC_HEART_DISEASE"",""STROKE""]],""nodes"":[""ARTHRITIS"",""DIABETES"",""ISCHEMIC_HEART_DISEASE"",""KIDNEY_DISEASE"",""STROKE""]}",5,4,"[""ARTHRITIS"",""DIABETES"",""ISCHEMIC_HEART_DISEASE"",""KIDNEY_DISEASE"",""STROKE""]","[[""ARTHRITIS"",""DIABETES""],[""ARTHRITIS"",""ISCHEMIC_HEART_DISEASE""],[""ARTHRITIS"",""KIDNEY_DISEASE""],[""ISCHEMIC_HEART_DISEASE"",""STROKE""]]",occ_0266e32c5c1a1fc4,True,True,False,34,0.3617021276595745,23,47,1.0,32.644,30.0,34.0,47,94,29,0.30851063829787234,22,"[""2023_01_education_binary_lower"",""2023_02_education_binary_higher"",""2023_04_education_binary_higher"",""2023_05_education_binary_lower"",""2023_13_education_binary_lower"",""2023_18_education_binary_higher"",""2023_18_education_binary_lower"",""2023_19_education_binary_lower"",""2023_22_education_binary_higher"",""2023_22_education_binary_lower"",""2023_23_education_binary_lower"",""2023_25_education_binary_higher"",""2023_26_education_binary_lower"",""2023_27_education_binary_lower"",""2023_28_education_binary_higher"",""2023_37_education_binary_lower"",""2023_39_education_binary_higher"",""2023_39_education_binary_lower"",""2023_40_education_binary_higher"",""2023_40_education_binary_lower"",""2023_45_education_binary_higher"",""2023_45_education_binary_lower"",""2023_47_education_binary_higher"",""2023_47_education_binary_lower"",""2023_48_education_binary_lower"",""2023_49_education_binary_lower"",""2023_51_education_binary_lower"",""2023_53_education_binary_higher"",""2023_53_education_binary_lower""]",True,-0.05319148936170215
motif_599a47832de48e0b,599a47832de48e0b8334ffd67411203e4ff377cc333de365c3f797968abff07f,"{""edges"":[[""ARTHRITIS"",""COPD""],[""ARTHRITIS"",""DIABETES""],[""ARTHRITIS"",""ISCHEMIC_HEART_DISEASE""],[""DIABETES"",""ISCHEMIC_HEART_DISEASE""],[""DIABETES"",""KIDNEY_DISEASE""],[""ISCHEMIC_HEART_DISEASE"",""KIDNEY_DISEASE""]],""nodes"":[""ARTHRITIS"",""COPD"",""DIABETES"",""ISCHEMIC_HEART_DISEASE"",""KIDNEY_DISEASE""]}",5,6,"[""ARTHRITIS"",""COPD"",""DIABETES"",""ISCHEMIC_HEART_DISEASE"",""KIDNEY_DISEASE""]","[[""ARTHRITIS"",""COPD""],[""ARTHRITIS"",""DIABETES""],[""ARTHRITIS"",""ISCHEMIC_HEART_DISEASE""],[""DIABETES"",""ISCHEMIC_HEART_DISEASE""],[""DIABETES"",""KIDNEY_DISEASE""],[""ISCHEMIC_HEART_DISEASE"",""KIDNEY_DISEASE""]]",occ_17bd400c926c321a,True,True,False,33,0.351063829787234,24,47,1.0,30.916,28.0,33.0,46,92,21,0.22826086956521738,18,"[""2023_01_education_binary_lower"",""2023_05_education_binary_lower"",""2023_18_education_binary_higher"",""2023_18_education_binary_lower"",""2023_22_education_binary_lower"",""2023_23_education_binary_higher"",""2023_24_education_binary_higher"",""2023_26_education_binary_higher"",""2023_31_education_binary_higher"",""2023_33_education_binary_lower"",""2023_37_education_binary_lower"",""2023_38_education_binary_higher"",""2023_39_education_binary_higher"",""2023_39_education_binary_lower"",""2023_40_education_binary_higher"",""2023_47_education_binary_higher"",""2023_47_education_binary_lower"",""2023_48_education_binary_lower"",""2023_51_education_binary_lower"",""2023_53_education_binary_lower"",""2023_54_education_binary_lower""]",True,-0.12280296022201662
motif_5a1d60dbf66e3db1,5a1d60dbf66e3db11f32e484547be4afc92ebdeca55ff8797559770cf508f03f,"{""edges"":[[""ARTHRITIS"",""COPD""],[""COPD"",""ISCHEMIC_HEART_DISEASE""],[""ISCHEMIC_HEART_DISEASE"",""KIDNEY_DISEASE""],[""ISCHEMIC_HEART_DISEASE"",""STROKE""]],""nodes"":[""ARTHRITIS"",""COPD"",""ISCHEMIC_HEART_DISEASE"",""KIDNEY_DISEASE"",""STROKE""]}",5,4,"[""ARTHRITIS"",""COPD"",""ISCHEMIC_HEART_DISEASE"",""KIDNEY_DISEASE"",""STROKE""]","[[""ARTHRITIS"",""COPD""],[""COPD"",""ISCHEMIC_HEART_DISEASE""],[""ISCHEMIC_HEART_DISEASE"",""KIDNEY_DISEASE""],[""ISCHEMIC_HEART_DISEASE"",""STROKE""]]",occ_9aadfe39b8bc2bf6,True,True,False,36,0.3829787234042553,27,47,1.0,33.776,31.0,36.0,46,92,29,0.31521739130434784,21,"[""2023_01_education_binary_lower"",""2023_05_education_binary_higher"",""2023_05_education_binary_lower"",""2023_12_education_binary_higher"",""2023_12_education_binary_lower"",""2023_18_education_binary_higher"",""2023_18_education_binary_lower"",""2023_20_education_binary_lower"",""2023_22_education_binary_lower"",""2023_23_education_binary_higher"",""2023_26_education_binary_higher"",""2023_31_education_binary_higher"",""2023_31_education_binary_lower"",""2023_36_education_binary_lower"",""2023_37_education_binary_lower"",""2023_38_education_binary_higher"",""2023_39_education_binary_higher"",""2023_39_education_binary_lower"",""2023_40_education_binary_higher"",""2023_40_education_binary_lower"",""2023_45_education_binary_lower"",""2023_47_education_binary_higher"",""2023_47_education_binary_lower"",""2023_48_education_binary_lower"",""2023_49_education_binary_lower"",""2023_51_education_binary_lower"",""2023_53_education_binary_lower"",""2023_54_education_binary_higher"",""2023_54_education_binary_lower""]",True,-0.06776133209990748
motif_5ae0b065c6d1e840,5ae0b065c6d1e84090e5b7c44156c397193f6a5f56de69c5a0363aec6ffefb7d,"{""edges"":[[""ARTHRITIS"",""COPD""],[""ARTHRITIS"",""OTHER_CANCER""],[""OTHER_CANCER"",""SKIN_CANCER""]],""nodes"":[""ARTHRITIS"",""COPD"",""OTHER_CANCER"",""SKIN_CANCER""]}",4,3,"[""ARTHRITIS"",""COPD"",""OTHER_CANCER"",""SKIN_CANCER""]","[[""ARTHRITIS"",""COPD""],[""ARTHRITIS"",""OTHER_CANCER""],[""OTHER_CANCER"",""SKIN_CANCER""]]",occ_8294e9f347f4f973,True,True,False,62,0.6595744680851063,39,47,1.0,60.548,58.0,62.0,47,94,61,0.648936170212766,39,"[""2023_01_education_binary_lower"",""2023_02_education_binary_higher"",""2023_02_education_binary_lower"",""2023_04_education_binary_higher"",""2023_05_education_binary_higher"",""2023_05_education_binary_lower"",""2023_06_education_binary_higher"",""2023_08_education_binary_higher"",""2023_09_education_binary_higher"",""2023_09_education_binary_lower"",""2023_10_education_binary_higher"",""2023_10_education_binary_lower"",""2023_12_education_binary_higher"",""2023_12_education_binary_lower"",""2023_13_education_binary_higher"",""2023_13_education_binary_lower"",""2023_16_education_binary_lower"",""2023_17_education_binary_higher"",""2023_18_education_binary_higher"",""2023_18_education_binary_lower"",""2023_19_education_binary_lower"",""2023_20_education_binary_higher"",""2023_20_education_binary_lower"",""2023_23_education_binary_higher"",""2023_23_education_binary_lower"",""2023_24_education_binary_higher"",""2023_24_education_binary_lower"",""2023_25_education_binary_higher"",""2023_26_education_binary_higher"",""2023_26_education_binary_lower"",""2023_27_education_binary_lower"",""2023_29_education_binary_higher"",""2023_30_education_binary_higher"",""2023_30_education_binary_lower"",""2023_31_education_binary_higher"",""2023_31_education_binary_lower"",""2023_33_education_binary_higher"",""2023_33_education_binary_lower"",""2023_34_education_binary_lower"",""2023_36_education_binary_lower"",""2023_37_education_binary_higher"",""2023_38_education_binary_higher"",""2023_38_education_binary_lower"",""2023_39_education_binary_higher"",""2023_39_education_binary_lower"",""2023_41_education_binary_higher"",""2023_41_education_binary_lower"",""2023_44_education_binary_higher"",""2023_44_education_binary_lower"",""2023_45_education_binary_higher"",""2023_45_education_binary_lower"",""2023_47_education_binary_higher"",""2023_47_education_binary_lower"",""2023_48_education_binary_higher"",""2023_49_education_binary_lower"",""2023_50_education_binary_higher"",""2023_53_education_binary_lower"",""2023_54_education_binary_higher"",""2023_54_education_binary_lower"",""2023_55_education_binary_higher"",""2023_55_education_binary_lower""]",True,-0.010638297872340385
motif_5b961f2be4f41e18,5b961f2be4f41e184a7fd885618a76abf22caff6b1044a4f85060e33c172c3dc,"{""edges"":[[""COPD"",""CURRENT_ASTHMA""],[""COPD"",""ISCHEMIC_HEART_DISEASE""],[""DIABETES"",""ISCHEMIC_HEART_DISEASE""]],""nodes"":[""COPD"",""CURRENT_ASTHMA"",""DIABETES"",""ISCHEMIC_HEART_DISEASE""]}",4,3,"[""COPD"",""CURRENT_ASTHMA"",""DIABETES"",""ISCHEMIC_HEART_DISEASE""]","[[""COPD"",""CURRENT_ASTHMA""],[""COPD"",""ISCHEMIC_HEART_DISEASE""],[""DIABETES"",""ISCHEMIC_HEART_DISEASE""]]",occ_6934c36f1b87411f,False,False,False,48,0.5106382978723404,32,47,1.0,46.816,44.0,48.0,47,94,41,0.43617021276595747,31,"[""2023_01_education_binary_lower"",""2023_05_education_binary_higher"",""2023_05_education_binary_lower"",""2023_12_education_binary_higher"",""2023_13_education_binary_higher"",""2023_13_education_binary_lower"",""2023_16_education_binary_lower"",""2023_18_education_binary_higher"",""2023_18_education_binary_lower"",""2023_19_education_binary_lower"",""2023_20_education_binary_lower"",""2023_22_education_binary_lower"",""2023_23_education_binary_higher"",""2023_23_education_binary_lower"",""2023_24_education_binary_lower"",""2023_25_education_binary_higher"",""2023_26_education_binary_higher"",""2023_27_education_binary_lower"",""2023_28_education_binary_lower"",""2023_29_education_binary_higher"",""2023_30_education_binary_lower"",""2023_36_education_binary_lower"",""2023_39_education_binary_higher"",""2023_39_education_binary_lower"",""2023_40_education_binary_higher"",""2023_41_education_binary_higher"",""2023_44_education_binary_higher"",""2023_45_education_binary_higher"",""2023_45_education_binary_lower"",""2023_47_education_binary_higher"",""2023_47_education_binary_lower"",""2023_48_education_binary_lower"",""2023_49_education_binary_lower"",""2023_51_education_binary_lower"",""2023_53_education_binary_higher"",""2023_53_education_binary_lower"",""2023_54_education_binary_higher"",""2023_54_education_binary_lower"",""2023_55_education_binary_higher"",""2023_55_education_binary_lower"",""2023_56_education_binary_higher""]",True,-0.07446808510638292
motif_5bad6588e3c14b16,5bad6588e3c14b16317b563510e306bfe24f7047bc392e7dd36b08deeccb715d,"{""edges"":[[""ARTHRITIS"",""DIABETES""],[""ARTHRITIS"",""OTHER_CANCER""],[""DIABETES"",""KIDNEY_DISEASE""],[""OTHER_CANCER"",""SKIN_CANCER""]],""nodes"":[""ARTHRITIS"",""DIABETES"",""KIDNEY_DISEASE"",""OTHER_CANCER"",""SKIN_CANCER""]}",5,4,"[""ARTHRITIS"",""DIABETES"",""KIDNEY_DISEASE"",""OTHER_CANCER"",""SKIN_CANCER""]","[[""ARTHRITIS"",""DIABETES""],[""ARTHRITIS"",""OTHER_CANCER""],[""DIABETES"",""KIDNEY_DISEASE""],[""OTHER_CANCER"",""SKIN_CANCER""]]",occ_45cb7dfadbc7ce1e,False,True,False,45,0.4787234042553192,30,47,1.0,42.916,40.0,45.0,47,94,37,0.39361702127659576,29,"[""2023_01_education_binary_lower"",""2023_02_education_binary_higher"",""2023_04_education_binary_higher"",""2023_05_education_binary_lower"",""2023_09_education_binary_higher"",""2023_10_education_binary_lower"",""2023_12_education_binary_lower"",""2023_13_education_binary_lower"",""2023_16_education_binary_lower"",""2023_17_education_binary_higher"",""2023_18_education_binary_higher"",""2023_18_education_binary_lower"",""2023_19_education_binary_lower"",""2023_20_education_binary_higher"",""2023_23_education_binary_higher"",""2023_23_education_binary_lower"",""2023_24_education_binary_higher"",""2023_24_education_binary_lower"",""2023_25_education_binary_higher"",""2023_26_education_binary_higher"",""2023_26_education_binary_lower"",""2023_29_education_binary_higher"",""2023_30_education_binary_higher"",""2023_31_education_binary_higher"",""2023_33_education_binary_lower"",""2023_38_education_binary_higher"",""2023_38_education_binary_lower"",""2023_39_education_binary_higher"",""2023_39_education_binary_lower"",""2023_41_education_binary_higher"",""2023_45_education_binary_higher"",""2023_47_education_binary_higher"",""2023_47_education_binary_lower"",""2023_53_education_binary_higher"",""2023_53_education_binary_lower"",""2023_54_education_binary_lower"",""2023_55_education_binary_higher""]",True,-0.08510638297872342
motif_5bf36971a980c4ca,5bf36971a980c4ca2d9a9e681d6e6da39ce4b66dfbd4b8bfb5814dba747d7ce8,"{""edges"":[[""ARTHRITIS"",""COPD""],[""ARTHRITIS"",""OTHER_CANCER""],[""COPD"",""ISCHEMIC_HEART_DISEASE""],[""OTHER_CANCER"",""SKIN_CANCER""]],""nodes"":[""ARTHRITIS"",""COPD"",""ISCHEMIC_HEART_DISEASE"",""OTHER_CANCER"",""SKIN_CANCER""]}",5,4,"[""ARTHRITIS"",""COPD"",""ISCHEMIC_HEART_DISEASE"",""OTHER_CANCER"",""SKIN_CANCER""]","[[""ARTHRITIS"",""COPD""],[""ARTHRITIS"",""OTHER_CANCER""],[""COPD"",""ISCHEMIC_HEART_DISEASE""],[""OTHER_CANCER"",""SKIN_CANCER""]]",occ_62983abf7dccf375,True,True,False,43,0.4574468085106383,29,47,1.0,41.542,39.0,43.0,47,94,40,0.425531914893617,28,"[""2023_01_education_binary_lower"",""2023_05_education_binary_higher"",""2023_05_education_binary_lower"",""2023_10_education_binary_higher"",""2023_12_education_binary_higher"",""2023_12_education_binary_lower"",""2023_13_education_binary_higher"",""2023_13_education_binary_lower"",""2023_16_education_binary_lower"",""2023_18_education_binary_higher"",""2023_18_education_binary_lower"",""2023_19_education_binary_lower"",""2023_20_education_binary_lower"",""2023_23_education_binary_higher"",""2023_23_education_binary_lower"",""2023_24_education_binary_lower"",""2023_25_education_binary_higher"",""2023_26_education_binary_higher"",""2023_26_education_binary_lower"",""2023_27_education_binary_lower"",""2023_29_education_binary_higher"",""2023_30_education_binary_lower"",""2023_31_education_binary_higher"",""2023_31_education_binary_lower"",""2023_36_education_binary_lower"",""2023_38_education_binary_higher"",""2023_39_education_binary_higher"",""2023_39_education_binary_lower"",""2023_41_education_binary_higher"",""2023_44_education_binary_higher"",""2023_45_education_binary_higher"",""2023_45_education_binary_lower"",""2023_47_education_binary_higher"",""2023_47_education_binary_lower"",""2023_49_education_binary_lower"",""2023_53_education_binary_lower"",""2023_54_education_binary_higher"",""2023_54_education_binary_lower"",""2023_55_education_binary_higher"",""2023_55_education_binary_lower""]",True,-0.03191489361702127
motif_5bf76cb491ac43d3,5bf76cb491ac43d3846f0d2b1f7a8eb0bd7b00d5aae39e29e312271e78b2f5c5,"{""edges"":[[""ARTHRITIS"",""COPD""],[""ARTHRITIS"",""DIABETES""],[""ARTHRITIS"",""ISCHEMIC_HEART_DISEASE""],[""ARTHRITIS"",""KIDNEY_DISEASE""]],""nodes"":[""ARTHRITIS"",""COPD"",""DIABETES"",""ISCHEMIC_HEART_DISEASE"",""KIDNEY_DISEASE""]}",5,4,"[""ARTHRITIS"",""COPD"",""DIABETES"",""ISCHEMIC_HEART_DISEASE"",""KIDNEY_DISEASE""]","[[""ARTHRITIS"",""COPD""],[""ARTHRITIS"",""DIABETES""],[""ARTHRITIS"",""ISCHEMIC_HEART_DISEASE""],[""ARTHRITIS"",""KIDNEY_DISEASE""]]",occ_b17afe00b0baf001,True,True,False,36,0.3829787234042553,25,47,1.0,34.85,33.0,36.0,47,94,32,0.3404255319148936,25,"[""2023_01_education_binary_lower"",""2023_02_education_binary_higher"",""2023_04_education_binary_higher"",""2023_05_education_binary_lower"",""2023_10_education_binary_higher"",""2023_13_education_binary_higher"",""2023_13_education_binary_lower"",""2023_18_education_binary_higher"",""2023_18_education_binary_lower"",""2023_19_education_binary_lower"",""2023_22_education_binary_lower"",""2023_23_education_binary_lower"",""2023_25_education_binary_higher"",""2023_26_education_binary_lower"",""2023_27_education_binary_lower"",""2023_28_education_binary_higher"",""2023_37_education_binary_lower"",""2023_38_education_binary_lower"",""2023_39_education_binary_higher"",""2023_39_education_binary_lower"",""2023_40_education_binary_higher"",""2023_40_education_binary_lower"",""2023_41_education_binary_lower"",""2023_45_education_binary_higher"",""2023_45_education_binary_lower"",""2023_47_education_binary_higher"",""2023_47_education_binary_lower"",""2023_48_education_binary_higher"",""2023_48_education_binary_lower"",""2023_49_education_binary_lower"",""2023_51_education_binary_lower"",""2023_53_education_binary_lower""]",True,-0.04255319148936171
motif_5bfc4a225f2f79e3,5bfc4a225f2f79e3a91146252e93353763f8cd0e49e85b061a87def667b2e467,"{""edges"":[[""ARTHRITIS"",""DIABETES""],[""ARTHRITIS"",""ISCHEMIC_HEART_DISEASE""],[""ARTHRITIS"",""OTHER_CANCER""],[""DIABETES"",""ISCHEMIC_HEART_DISEASE""],[""ISCHEMIC_HEART_DISEASE"",""STROKE""]],""nodes"":[""ARTHRITIS"",""DIABETES"",""ISCHEMIC_HEART_DISEASE"",""OTHER_CANCER"",""STROKE""]}",5,5,"[""ARTHRITIS"",""DIABETES"",""ISCHEMIC_HEART_DISEASE"",""OTHER_CANCER"",""STROKE""]","[[""ARTHRITIS"",""DIABETES""],[""ARTHRITIS"",""ISCHEMIC_HEART_DISEASE""],[""ARTHRITIS"",""OTHER_CANCER""],[""DIABETES"",""ISCHEMIC_HEART_DISEASE""],[""ISCHEMIC_HEART_DISEASE"",""STROKE""]]",occ_d69be39e5564c153,True,True,True,39,0.4148936170212766,26,47,1.0,37.478,35.0,39.0,47,94,38,0.40425531914893614,29,"[""2023_01_education_binary_lower"",""2023_04_education_binary_higher"",""2023_05_education_binary_higher"",""2023_05_education_binary_lower"",""2023_13_education_binary_lower"",""2023_16_education_binary_lower"",""2023_18_education_binary_higher"",""2023_18_education_binary_lower"",""2023_19_education_binary_lower"",""2023_20_education_binary_higher"",""2023_23_education_binary_higher"",""2023_23_education_binary_lower"",""2023_24_education_binary_lower"",""2023_25_education_binary_higher"",""2023_26_education_binary_higher"",""2023_27_education_binary_lower"",""2023_30_education_binary_lower"",""2023_31_education_binary_higher"",""2023_33_education_binary_lower"",""2023_36_education_binary_lower"",""2023_37_education_binary_lower"",""2023_38_education_binary_higher"",""2023_39_education_binary_higher"",""2023_39_education_binary_lower"",""2023_41_education_binary_higher"",""2023_44_education_binary_higher"",""2023_45_education_binary_higher"",""2023_45_education_binary_lower"",""2023_47_education_binary_higher"",""2023_47_education_binary_lower"",""2023_49_education_binary_lower"",""2023_51_education_binary_lower"",""2023_53_education_binary_higher"",""2023_53_education_binary_lower"",""2023_54_education_binary_higher"",""2023_54_education_binary_lower"",""2023_55_education_binary_higher"",""2023_55_education_binary_lower""]",True,-0.010638297872340441
motif_5c6c6345350ffc64,5c6c6345350ffc64bec4b5ad6c28e5964adc3e59d38ff3499e7adf1dee695166,"{""edges"":[[""ARTHRITIS"",""COPD""],[""ARTHRITIS"",""KIDNEY_DISEASE""],[""DIABETES"",""KIDNEY_DISEASE""]],""nodes"":[""ARTHRITIS"",""COPD"",""DIABETES"",""KIDNEY_DISEASE""]}",4,3,"[""ARTHRITIS"",""COPD"",""DIABETES"",""KIDNEY_DISEASE""]","[[""ARTHRITIS"",""COPD""],[""ARTHRITIS"",""KIDNEY_DISEASE""],[""DIABETES"",""KIDNEY_DISEASE""]]",occ_847b49d4d8424352,False,False,False,36,0.3829787234042553,26,47,1.0,34.514,32.0,36.0,47,94,24,0.2553191489361702,21,"[""2023_01_education_binary_lower"",""2023_02_education_binary_higher"",""2023_04_education_binary_higher"",""2023_05_education_binary_lower"",""2023_13_education_binary_lower"",""2023_18_education_binary_higher"",""2023_18_education_binary_lower"",""2023_19_education_binary_lower"",""2023_22_education_binary_lower"",""2023_23_education_binary_lower"",""2023_25_education_binary_higher"",""2023_26_education_binary_lower"",""2023_29_education_binary_higher"",""2023_37_education_binary_lower"",""2023_38_education_binary_lower"",""2023_39_education_binary_higher"",""2023_39_education_binary_lower"",""2023_40_education_binary_higher"",""2023_45_education_binary_higher"",""2023_47_education_binary_higher"",""2023_47_education_binary_lower"",""2023_48_education_binary_lower"",""2023_51_education_binary_lower"",""2023_53_education_binary_lower""]",True,-0.12765957446808512
motif_5c79379a0133821d,5c79379a0133821d900ce16585867ca6c541fb933d61b81e995517a6e48f6001,"{""edges"":[[""ARTHRITIS"",""COPD""],[""ARTHRITIS"",""ISCHEMIC_HEART_DISEASE""],[""ARTHRITIS"",""KIDNEY_DISEASE""],[""ARTHRITIS"",""OTHER_CANCER""]],""nodes"":[""ARTHRITIS"",""COPD"",""ISCHEMIC_HEART_DISEASE"",""KIDNEY_DISEASE"",""OTHER_CANCER""]}",5,4,"[""ARTHRITIS"",""COPD"",""ISCHEMIC_HEART_DISEASE"",""KIDNEY_DISEASE"",""OTHER_CANCER""]","[[""ARTHRITIS"",""COPD""],[""ARTHRITIS"",""ISCHEMIC_HEART_DISEASE""],[""ARTHRITIS"",""KIDNEY_DISEASE""],[""ARTHRITIS"",""OTHER_CANCER""]]",occ_1c746b69edfa407c,False,True,False,27,0.2872340425531915,22,47,1.0,26.03,24.0,27.0,47,94,27,0.2872340425531915,22,"[""2023_01_education_binary_lower"",""2023_02_education_binary_higher"",""2023_04_education_binary_higher"",""2023_05_education_binary_lower"",""2023_10_education_binary_higher"",""2023_13_education_binary_higher"",""2023_13_education_binary_lower"",""2023_18_education_binary_higher"",""2023_18_education_binary_lower"",""2023_19_education_binary_lower"",""2023_23_education_binary_lower"",""2023_25_education_binary_higher"",""2023_26_education_binary_lower"",""2023_27_education_binary_lower"",""2023_37_education_binary_lower"",""2023_38_education_binary_lower"",""2023_39_education_binary_higher"",""2023_39_education_binary_lower"",""2023_41_education_binary_lower"",""2023_45_education_binary_higher"",""2023_45_education_binary_lower"",""2023_47_education_binary_higher"",""2023_47_education_binary_lower"",""2023_48_education_binary_higher"",""2023_49_education_binary_lower"",""2023_51_education_binary_lower"",""2023_53_education_binary_lower""]",True,0.0
motif_5cc36c8196edf8e4,5cc36c8196edf8e41d566ac6c8463279d18710c19f9fe95eace1958be1a3782e,"{""edges"":[[""ARTHRITIS"",""DIABETES""],[""ARTHRITIS"",""ISCHEMIC_HEART_DISEASE""],[""COPD"",""ISCHEMIC_HEART_DISEASE""],[""DIABETES"",""ISCHEMIC_HEART_DISEASE""],[""ISCHEMIC_HEART_DISEASE"",""KIDNEY_DISEASE""]],""nodes"":[""ARTHRITIS"",""COPD"",""DIABETES"",""ISCHEMIC_HEART_DISEASE"",""KIDNEY_DISEASE""]}",5,5,"[""ARTHRITIS"",""COPD"",""DIABETES"",""ISCHEMIC_HEART_DISEASE"",""KIDNEY_DISEASE""]","[[""ARTHRITIS"",""DIABETES""],[""ARTHRITIS"",""ISCHEMIC_HEART_DISEASE""],[""COPD"",""ISCHEMIC_HEART_DISEASE""],[""DIABETES"",""ISCHEMIC_HEART_DISEASE""],[""ISCHEMIC_HEART_DISEASE"",""KIDNEY_DISEASE""]]",occ_a18aa0572ccf5aa8,False,False,False,30,0.3191489361702128,22,47,1.0,28.58,26.0,30.0,46,92,25,0.2717391304347826,20,"[""2023_01_education_binary_lower"",""2023_05_education_binary_higher"",""2023_05_education_binary_lower"",""2023_18_education_binary_higher"",""2023_18_education_binary_lower"",""2023_22_education_binary_lower"",""2023_23_education_binary_higher"",""2023_26_education_binary_higher"",""2023_28_education_binary_lower"",""2023_31_education_binary_higher"",""2023_36_education_binary_lower"",""2023_37_education_binary_lower"",""2023_38_education_binary_higher"",""2023_39_education_binary_higher"",""2023_39_education_binary_lower"",""2023_40_education_binary_higher"",""2023_45_education_binary_lower"",""2023_47_education_binary_higher"",""2023_47_education_binary_lower"",""2023_48_education_binary_lower"",""2023_49_education_binary_lower"",""2023_51_education_binary_lower"",""2023_53_education_binary_lower"",""2023_54_education_binary_higher"",""2023_54_education_binary_lower""]",True,-0.04740980573543019
motif_5cefd2032c431627,5cefd2032c4316277e26fcb0b93b8ff53c07906a5a1063cbd336cad914500e1e,"{""edges"":[[""ARTHRITIS"",""DIABETES""],[""ARTHRITIS"",""ISCHEMIC_HEART_DISEASE""],[""ARTHRITIS"",""KIDNEY_DISEASE""],[""COPD"",""ISCHEMIC_HEART_DISEASE""],[""DIABETES"",""ISCHEMIC_HEART_DISEASE""]],""nodes"":[""ARTHRITIS"",""COPD"",""DIABETES"",""ISCHEMIC_HEART_DISEASE"",""KIDNEY_DISEASE""]}",5,5,"[""ARTHRITIS"",""COPD"",""DIABETES"",""ISCHEMIC_HEART_DISEASE"",""KIDNEY_DISEASE""]","[[""ARTHRITIS"",""DIABETES""],[""ARTHRITIS"",""ISCHEMIC_HEART_DISEASE""],[""ARTHRITIS"",""KIDNEY_DISEASE""],[""COPD"",""ISCHEMIC_HEART_DISEASE""],[""DIABETES"",""ISCHEMIC_HEART_DISEASE""]]",occ_7884ae23ad0f5f48,False,False,False,28,0.2978723404255319,19,47,1.0,27.06,25.0,28.0,47,94,24,0.2553191489361702,18,"[""2023_01_education_binary_lower"",""2023_05_education_binary_lower"",""2023_13_education_binary_higher"",""2023_13_education_binary_lower"",""2023_18_education_binary_higher"",""2023_18_education_binary_lower"",""2023_19_education_binary_lower"",""2023_22_education_binary_lower"",""2023_23_education_binary_lower"",""2023_25_education_binary_higher"",""2023_27_education_binary_lower"",""2023_37_education_binary_lower"",""2023_39_education_binary_higher"",""2023_39_education_binary_lower"",""2023_40_education_binary_higher"",""2023_45_education_binary_higher"",""2023_45_education_binary_lower"",""2023_47_education_binary_higher"",""2023_47_education_binary_lower"",""2023_48_education_binary_lower"",""2023_49_education_binary_lower"",""2023_51_education_binary_lower"",""2023_53_education_binary_higher"",""2023_53_education_binary_lower""]",True,-0.04255319148936171
motif_5d4a3de6daa53094,5d4a3de6daa53094959596d946a97a17e14baad1cd335766dc0a470434500ad2,"{""edges"":[[""ARTHRITIS"",""COPD""],[""ARTHRITIS"",""DIABETES""],[""ARTHRITIS"",""ISCHEMIC_HEART_DISEASE""],[""COPD"",""ISCHEMIC_HEART_DISEASE""],[""DIABETES"",""KIDNEY_DISEASE""]],""nodes"":[""ARTHRITIS"",""COPD"",""DIABETES"",""ISCHEMIC_HEART_DISEASE"",""KIDNEY_DISEASE""]}",5,5,"[""ARTHRITIS"",""COPD"",""DIABETES"",""ISCHEMIC_HEART_DISEASE"",""KIDNEY_DISEASE""]","[[""ARTHRITIS"",""COPD""],[""ARTHRITIS"",""DIABETES""],[""ARTHRITIS"",""ISCHEMIC_HEART_DISEASE""],[""COPD"",""ISCHEMIC_HEART_DISEASE""],[""DIABETES"",""KIDNEY_DISEASE""]]",occ_50ccaa50b8d58270,True,True,False,45,0.4787234042553192,31,47,1.0,42.566,39.0,45.0,47,94,31,0.32978723404255317,26,"[""2023_01_education_binary_lower"",""2023_05_education_binary_lower"",""2023_12_education_binary_lower"",""2023_13_education_binary_lower"",""2023_16_education_binary_lower"",""2023_18_education_binary_higher"",""2023_18_education_binary_lower"",""2023_19_education_binary_lower"",""2023_22_education_binary_lower"",""2023_23_education_binary_higher"",""2023_23_education_binary_lower"",""2023_24_education_binary_lower"",""2023_25_education_binary_higher"",""2023_26_education_binary_higher"",""2023_26_education_binary_lower"",""2023_29_education_binary_lower"",""2023_31_education_binary_higher"",""2023_37_education_binary_lower"",""2023_38_education_binary_higher"",""2023_39_education_binary_higher"",""2023_39_education_binary_lower"",""2023_40_education_binary_higher"",""2023_41_education_binary_higher"",""2023_45_education_binary_higher"",""2023_47_education_binary_higher"",""2023_47_education_binary_lower"",""2023_48_education_binary_lower"",""2023_51_education_binary_lower"",""2023_53_education_binary_lower"",""2023_54_education_binary_lower"",""2023_55_education_binary_higher""]",True,-0.148936170212766
motif_5d4f727711085252,5d4f72771108525278972ed42b7ac826677d8397383174d099cf28b4ddb2f7c1,"{""edges"":[[""ARTHRITIS"",""DIABETES""],[""ARTHRITIS"",""ISCHEMIC_HEART_DISEASE""],[""ARTHRITIS"",""KIDNEY_DISEASE""],[""DIABETES"",""ISCHEMIC_HEART_DISEASE""]],""nodes"":[""ARTHRITIS"",""DIABETES"",""ISCHEMIC_HEART_DISEASE"",""KIDNEY_DISEASE""]}",4,4,"[""ARTHRITIS"",""DIABETES"",""ISCHEMIC_HEART_DISEASE"",""KIDNEY_DISEASE""]","[[""ARTHRITIS"",""DIABETES""],[""ARTHRITIS"",""ISCHEMIC_HEART_DISEASE""],[""ARTHRITIS"",""KIDNEY_DISEASE""],[""DIABETES"",""ISCHEMIC_HEART_DISEASE""]]",occ_9a4753e00cd0b4c7,False,False,False,34,0.3617021276595745,23,47,1.0,32.96,31.0,34.0,47,94,25,0.26595744680851063,19,"[""2023_01_education_binary_lower"",""2023_04_education_binary_higher"",""2023_05_education_binary_lower"",""2023_13_education_binary_higher"",""2023_13_education_binary_lower"",""2023_18_education_binary_higher"",""2023_18_education_binary_lower"",""2023_19_education_binary_lower"",""2023_22_education_binary_lower"",""2023_23_education_binary_lower"",""2023_25_education_binary_higher"",""2023_27_education_binary_lower"",""2023_37_education_binary_lower"",""2023_39_education_binary_higher"",""2023_39_education_binary_lower"",""2023_40_education_binary_higher"",""2023_45_education_binary_higher"",""2023_45_education_binary_lower"",""2023_47_education_binary_higher"",""2023_47_education_binary_lower"",""2023_48_education_binary_lower"",""2023_49_education_binary_lower"",""2023_51_education_binary_lower"",""2023_53_education_binary_higher"",""2023_53_education_binary_lower""]",True,-0.09574468085106386
motif_5d8278297502c784,5d8278297502c784b67d6bf8efddb3ff6efe1f306205ccbcceee2d03bca2c0c6,"{""edges"":[[""ARTHRITIS"",""DIABETES""],[""ARTHRITIS"",""ISCHEMIC_HEART_DISEASE""],[""DIABETES"",""ISCHEMIC_HEART_DISEASE""],[""DIABETES"",""KIDNEY_DISEASE""]],""nodes"":[""ARTHRITIS"",""DIABETES"",""ISCHEMIC_HEART_DISEASE"",""KIDNEY_DISEASE""]}",4,4,"[""ARTHRITIS"",""DIABETES"",""ISCHEMIC_HEART_DISEASE"",""KIDNEY_DISEASE""]","[[""ARTHRITIS"",""DIABETES""],[""ARTHRITIS"",""ISCHEMIC_HEART_DISEASE""],[""DIABETES"",""ISCHEMIC_HEART_DISEASE""],[""DIABETES"",""KIDNEY_DISEASE""]]",occ_1006c73248b8a7f9,True,True,False,49,0.5212765957446809,32,47,1.0,47.024,44.0,49.0,47,94,37,0.39361702127659576,28,"[""2023_01_education_binary_higher"",""2023_01_education_binary_lower"",""2023_04_education_binary_higher"",""2023_04_education_binary_lower"",""2023_05_education_binary_lower"",""2023_08_education_binary_lower"",""2023_13_education_binary_lower"",""2023_16_education_binary_lower"",""2023_18_education_binary_higher"",""2023_18_education_binary_lower"",""2023_19_education_binary_higher"",""2023_19_education_binary_lower"",""2023_20_education_binary_higher"",""2023_22_education_binary_lower"",""2023_23_education_binary_higher"",""2023_23_education_binary_lower"",""2023_24_education_binary_higher"",""2023_24_education_binary_lower"",""2023_25_education_binary_higher"",""2023_26_education_binary_higher"",""2023_31_education_binary_higher"",""2023_33_education_binary_lower"",""2023_37_education_binary_lower"",""2023_38_education_binary_higher"",""2023_39_education_binary_higher"",""2023_39_education_binary_lower"",""2023_40_education_binary_higher"",""2023_41_education_binary_higher"",""2023_45_education_binary_higher"",""2023_47_education_binary_higher"",""2023_47_education_binary_lower"",""2023_48_education_binary_lower"",""2023_51_education_binary_lower"",""2023_53_education_binary_higher"",""2023_53_education_binary_lower"",""2023_54_education_binary_lower"",""2023_55_education_binary_higher""]",True,-0.12765957446808512
motif_5dceed5e09274722,5dceed5e092747223296300bad6e4ea419fca1bda231b9a9f7484d0450de9183,"{""edges"":[[""ARTHRITIS"",""COPD""],[""ARTHRITIS"",""KIDNEY_DISEASE""],[""ARTHRITIS"",""OTHER_CANCER""],[""COPD"",""CURRENT_ASTHMA""]],""nodes"":[""ARTHRITIS"",""COPD"",""CURRENT_ASTHMA"",""KIDNEY_DISEASE"",""OTHER_CANCER""]}",5,4,"[""ARTHRITIS"",""COPD"",""CURRENT_ASTHMA"",""KIDNEY_DISEASE"",""OTHER_CANCER""]","[[""ARTHRITIS"",""COPD""],[""ARTHRITIS"",""KIDNEY_DISEASE""],[""ARTHRITIS"",""OTHER_CANCER""],[""COPD"",""CURRENT_ASTHMA""]]",occ_274a4ea9d493c23f,True,True,True,26,0.2765957446808511,21,47,1.0,25.086,23.0,26.0,47,94,25,0.26595744680851063,20,"[""2023_01_education_binary_lower"",""2023_02_education_binary_higher"",""2023_04_education_binary_higher"",""2023_05_education_binary_lower"",""2023_13_education_binary_higher"",""2023_13_education_binary_lower"",""2023_18_education_binary_higher"",""2023_18_education_binary_lower"",""2023_19_education_binary_lower"",""2023_23_education_binary_lower"",""2023_25_education_binary_higher"",""2023_26_education_binary_lower"",""2023_27_education_binary_lower"",""2023_29_education_binary_higher"",""2023_39_education_binary_higher"",""2023_39_education_binary_lower"",""2023_41_education_binary_lower"",""2023_45_education_binary_higher"",""2023_45_education_binary_lower"",""2023_47_education_binary_higher"",""2023_47_education_binary_lower"",""2023_48_education_binary_higher"",""2023_49_education_binary_lower"",""2023_51_education_binary_lower"",""2023_53_education_binary_lower""]",True,-0.010638297872340441
motif_5ded3e44b292b50e,5ded3e44b292b50e43bacea8639e51bc538fa91b5a9c60e16e21bd28555dd619,"{""edges"":[[""ARTHRITIS"",""ISCHEMIC_HEART_DISEASE""],[""ARTHRITIS"",""OTHER_CANCER""],[""COPD"",""ISCHEMIC_HEART_DISEASE""],[""OTHER_CANCER"",""SKIN_CANCER""]],""nodes"":[""ARTHRITIS"",""COPD"",""ISCHEMIC_HEART_DISEASE"",""OTHER_CANCER"",""SKIN_CANCER""]}",5,4,"[""ARTHRITIS"",""COPD"",""ISCHEMIC_HEART_DISEASE"",""OTHER_CANCER"",""SKIN_CANCER""]","[[""ARTHRITIS"",""ISCHEMIC_HEART_DISEASE""],[""ARTHRITIS"",""OTHER_CANCER""],[""COPD"",""ISCHEMIC_HEART_DISEASE""],[""OTHER_CANCER"",""SKIN_CANCER""]]",occ_1cb800cbe42e976a,False,False,False,42,0.4468085106382978,29,47,1.0,40.516,38.0,42.0,47,94,41,0.43617021276595747,28,"[""2023_01_education_binary_lower"",""2023_05_education_binary_higher"",""2023_05_education_binary_lower"",""2023_10_education_binary_higher"",""2023_12_education_binary_higher"",""2023_12_education_binary_lower"",""2023_13_education_binary_higher"",""2023_13_education_binary_lower"",""2023_16_education_binary_lower"",""2023_18_education_binary_higher"",""2023_18_education_binary_lower"",""2023_19_education_binary_lower"",""2023_20_education_binary_lower"",""2023_23_education_binary_higher"",""2023_23_education_binary_lower"",""2023_24_education_binary_lower"",""2023_25_education_binary_higher"",""2023_26_education_binary_higher"",""2023_26_education_binary_lower"",""2023_27_education_binary_lower"",""2023_30_education_binary_lower"",""2023_31_education_binary_higher"",""2023_31_education_binary_lower"",""2023_36_education_binary_lower"",""2023_38_education_binary_higher"",""2023_39_education_binary_higher"",""2023_39_education_binary_lower"",""2023_41_education_binary_higher"",""2023_44_education_binary_higher"",""2023_45_education_binary_higher"",""2023_45_education_binary_lower"",""2023_47_education_binary_higher"",""2023_47_education_binary_lower"",""2023_49_education_binary_lower"",""2023_50_education_binary_lower"",""2023_53_education_binary_higher"",""2023_53_education_binary_lower"",""2023_54_education_binary_higher"",""2023_54_education_binary_lower"",""2023_55_education_binary_higher"",""2023_55_education_binary_lower""]",True,-0.01063829787234033
motif_5e815e962da809ee,5e815e962da809ee4e06bfe41093a257452f9c2c3834ff39bb1798b6fb39b6b8,"{""edges"":[[""ARTHRITIS"",""COPD""],[""ARTHRITIS"",""DIABETES""],[""COPD"",""ISCHEMIC_HEART_DISEASE""],[""DIABETES"",""ISCHEMIC_HEART_DISEASE""],[""DIABETES"",""KIDNEY_DISEASE""],[""ISCHEMIC_HEART_DISEASE"",""KIDNEY_DISEASE""]],""nodes"":[""ARTHRITIS"",""COPD"",""DIABETES"",""ISCHEMIC_HEART_DISEASE"",""KIDNEY_DISEASE""]}",5,6,"[""ARTHRITIS"",""COPD"",""DIABETES"",""ISCHEMIC_HEART_DISEASE"",""KIDNEY_DISEASE""]","[[""ARTHRITIS"",""COPD""],[""ARTHRITIS"",""DIABETES""],[""COPD"",""ISCHEMIC_HEART_DISEASE""],[""DIABETES"",""ISCHEMIC_HEART_DISEASE""],[""DIABETES"",""KIDNEY_DISEASE""],[""ISCHEMIC_HEART_DISEASE"",""KIDNEY_DISEASE""]]",occ_458603a1dae03110,False,False,False,26,0.2765957446808511,20,47,1.0,24.348,22.0,26.0,46,92,19,0.20652173913043478,16,"[""2023_01_education_binary_lower"",""2023_05_education_binary_lower"",""2023_18_education_binary_higher"",""2023_18_education_binary_lower"",""2023_22_education_binary_lower"",""2023_23_education_binary_higher"",""2023_26_education_binary_higher"",""2023_31_education_binary_higher"",""2023_37_education_binary_lower"",""2023_38_education_binary_higher"",""2023_39_education_binary_higher"",""2023_39_education_binary_lower"",""2023_40_education_binary_higher"",""2023_47_education_binary_higher"",""2023_47_education_binary_lower"",""2023_48_education_binary_lower"",""2023_51_education_binary_lower"",""2023_53_education_binary_lower"",""2023_54_education_binary_lower""]",True,-0.07007400555041629
motif_5e83cea79dae2573,5e83cea79dae257317aaff6fc272dcf2bd648ec540cc590d1fb71e10c137cebf,"{""edges"":[[""ARTHRITIS"",""COPD""],[""ARTHRITIS"",""ISCHEMIC_HEART_DISEASE""],[""ARTHRITIS"",""KIDNEY_DISEASE""],[""COPD"",""ISCHEMIC_HEART_DISEASE""],[""DIABETES"",""ISCHEMIC_HEART_DISEASE""],[""DIABETES"",""KIDNEY_DISEASE""]],""nodes"":[""ARTHRITIS"",""COPD"",""DIABETES"",""ISCHEMIC_HEART_DISEASE"",""KIDNEY_DISEASE""]}",5,6,"[""ARTHRITIS"",""COPD"",""DIABETES"",""ISCHEMIC_HEART_DISEASE"",""KIDNEY_DISEASE""]","[[""ARTHRITIS"",""COPD""],[""ARTHRITIS"",""ISCHEMIC_HEART_DISEASE""],[""ARTHRITIS"",""KIDNEY_DISEASE""],[""COPD"",""ISCHEMIC_HEART_DISEASE""],[""DIABETES"",""ISCHEMIC_HEART_DISEASE""],[""DIABETES"",""KIDNEY_DISEASE""]]",occ_921e08655930c482,True,True,False,27,0.2872340425531915,19,47,1.0,25.646,23.0,27.0,47,94,19,0.20212765957446807,16,"[""2023_01_education_binary_lower"",""2023_05_education_binary_lower"",""2023_13_education_binary_lower"",""2023_18_education_binary_higher"",""2023_18_education_binary_lower"",""2023_19_education_binary_lower"",""2023_22_education_binary_lower"",""2023_23_education_binary_lower"",""2023_25_education_binary_higher"",""2023_37_education_binary_lower"",""2023_39_education_binary_higher"",""2023_39_education_binary_lower"",""2023_40_education_binary_higher"",""2023_45_education_binary_higher"",""2023_47_education_binary_higher"",""2023_47_education_binary_lower"",""2023_48_education_binary_lower"",""2023_51_education_binary_lower"",""2023_53_education_binary_lower""]",True,-0.08510638297872344
motif_60b43b9090a793bc,60b43b9090a793bc6df749bc0d49a200e62b910732909c40e479cf9b5645ef61,"{""edges"":[[""ARTHRITIS"",""DIABETES""],[""ARTHRITIS"",""ISCHEMIC_HEART_DISEASE""],[""ARTHRITIS"",""OTHER_CANCER""],[""COPD"",""ISCHEMIC_HEART_DISEASE""]],""nodes"":[""ARTHRITIS"",""COPD"",""DIABETES"",""ISCHEMIC_HEART_DISEASE"",""OTHER_CANCER""]}",5,4,"[""ARTHRITIS"",""COPD"",""DIABETES"",""ISCHEMIC_HEART_DISEASE"",""OTHER_CANCER""]","[[""ARTHRITIS"",""DIABETES""],[""ARTHRITIS"",""ISCHEMIC_HEART_DISEASE""],[""ARTHRITIS"",""OTHER_CANCER""],[""COPD"",""ISCHEMIC_HEART_DISEASE""]]",occ_ba78afe263470a86,False,False,False,41,0.4361702127659574,28,47,1.0,39.352,37.0,41.0,47,94,41,0.43617021276595747,29,"[""2023_01_education_binary_lower"",""2023_05_education_binary_higher"",""2023_05_education_binary_lower"",""2023_10_education_binary_higher"",""2023_12_education_binary_lower"",""2023_13_education_binary_higher"",""2023_13_education_binary_lower"",""2023_16_education_binary_lower"",""2023_18_education_binary_higher"",""2023_18_education_binary_lower"",""2023_19_education_binary_lower"",""2023_23_education_binary_higher"",""2023_23_education_binary_lower"",""2023_24_education_binary_lower"",""2023_25_education_binary_higher"",""2023_26_education_binary_higher"",""2023_26_education_binary_lower"",""2023_27_education_binary_lower"",""2023_30_education_binary_lower"",""2023_31_education_binary_higher"",""2023_31_education_binary_lower"",""2023_36_education_binary_lower"",""2023_37_education_binary_lower"",""2023_38_education_binary_higher"",""2023_39_education_binary_higher"",""2023_39_education_binary_lower"",""2023_41_education_binary_higher"",""2023_44_education_binary_higher"",""2023_45_education_binary_higher"",""2023_45_education_binary_lower"",""2023_47_education_binary_higher"",""2023_47_education_binary_lower"",""2023_49_education_binary_lower"",""2023_50_education_binary_lower"",""2023_51_education_binary_lower"",""2023_53_education_binary_higher"",""2023_53_education_binary_lower"",""2023_54_education_binary_higher"",""2023_54_education_binary_lower"",""2023_55_education_binary_higher"",""2023_55_education_binary_lower""]",True,5.551115123125783e-17
motif_61367486903318cd,61367486903318cd3332c053000e0f430dcb69f12d8b0e879f45da6e8fd15c11,"{""edges"":[[""DIABETES"",""ISCHEMIC_HEART_DISEASE""],[""ISCHEMIC_HEART_DISEASE"",""KIDNEY_DISEASE""]],""nodes"":[""DIABETES"",""ISCHEMIC_HEART_DISEASE"",""KIDNEY_DISEASE""]}",3,2,"[""DIABETES"",""ISCHEMIC_HEART_DISEASE"",""KIDNEY_DISEASE""]","[[""DIABETES"",""ISCHEMIC_HEART_DISEASE""],[""ISCHEMIC_HEART_DISEASE"",""KIDNEY_DISEASE""]]",occ_cc2b90e4d7bd5005,True,True,False,42,0.4468085106382978,30,47,1.0,40.278,37.0,42.0,46,92,33,0.358695652173913,28,"[""2023_01_education_binary_lower"",""2023_04_education_binary_lower"",""2023_05_education_binary_higher"",""2023_05_education_binary_lower"",""2023_12_education_binary_higher"",""2023_15_education_binary_lower"",""2023_18_education_binary_higher"",""2023_18_education_binary_lower"",""2023_20_education_binary_lower"",""2023_22_education_binary_lower"",""2023_23_education_binary_higher"",""2023_24_education_binary_higher"",""2023_26_education_binary_higher"",""2023_28_education_binary_lower"",""2023_31_education_binary_higher"",""2023_33_education_binary_lower"",""2023_35_education_binary_higher"",""2023_36_education_binary_lower"",""2023_37_education_binary_lower"",""2023_38_education_binary_higher"",""2023_39_education_binary_higher"",""2023_39_education_binary_lower"",""2023_40_education_binary_higher"",""2023_45_education_binary_lower"",""2023_47_education_binary_higher"",""2023_47_education_binary_lower"",""2023_48_education_binary_lower"",""2023_49_education_binary_lower"",""2023_50_education_binary_higher"",""2023_51_education_binary_lower"",""2023_53_education_binary_lower"",""2023_54_education_binary_higher"",""2023_54_education_binary_lower""]",True,-0.08811285846438477
motif_6156682426cc8896,6156682426cc8896e4aa0c2488a529a86929990d92bd5261a065269e8d6e3219,"{""edges"":[[""ARTHRITIS"",""COPD""],[""ARTHRITIS"",""ISCHEMIC_HEART_DISEASE""],[""COPD"",""ISCHEMIC_HEART_DISEASE""],[""DIABETES"",""ISCHEMIC_HEART_DISEASE""]],""nodes"":[""ARTHRITIS"",""COPD"",""DIABETES"",""ISCHEMIC_HEART_DISEASE""]}",4,4,"[""ARTHRITIS"",""COPD"",""DIABETES"",""ISCHEMIC_HEART_DISEASE""]","[[""ARTHRITIS"",""COPD""],[""ARTHRITIS"",""ISCHEMIC_HEART_DISEASE""],[""COPD"",""ISCHEMIC_HEART_DISEASE""],[""DIABETES"",""ISCHEMIC_HEART_DISEASE""]]",occ_5c56ad1ac7ed0301,True,True,False,51,0.5425531914893617,34,47,1.0,49.306,46.0,51.0,47,94,42,0.44680851063829785,33,"[""2023_01_education_binary_lower"",""2023_05_education_binary_higher"",""2023_05_education_binary_lower"",""2023_12_education_binary_higher"",""2023_13_education_binary_higher"",""2023_13_education_binary_lower"",""2023_16_education_binary_lower"",""2023_18_education_binary_higher"",""2023_18_education_binary_lower"",""2023_19_education_binary_lower"",""2023_20_education_binary_lower"",""2023_22_education_binary_lower"",""2023_23_education_binary_higher"",""2023_23_education_binary_lower"",""2023_24_education_binary_lower"",""2023_25_education_binary_higher"",""2023_26_education_binary_higher"",""2023_27_education_binary_lower"",""2023_28_education_binary_lower"",""2023_30_education_binary_lower"",""2023_31_education_binary_higher"",""2023_36_education_binary_lower"",""2023_37_education_binary_lower"",""2023_38_education_binary_higher"",""2023_39_education_binary_higher"",""2023_39_education_binary_lower"",""2023_40_education_binary_higher"",""2023_41_education_binary_higher"",""2023_44_education_binary_higher"",""2023_45_education_binary_higher"",""2023_45_education_binary_lower"",""2023_47_education_binary_higher"",""2023_47_education_binary_lower"",""2023_48_education_binary_lower"",""2023_49_education_binary_lower"",""2023_51_education_binary_lower"",""2023_53_education_binary_lower"",""2023_54_education_binary_higher"",""2023_54_education_binary_lower"",""2023_55_education_binary_higher"",""2023_55_education_binary_lower"",""2023_56_education_binary_higher""]",True,-0.0957446808510638
motif_627e0dce19fa9636,627e0dce19fa9636121e282783a82b9086c30b977262c258dc8dcd90d15b5937,"{""edges"":[[""ARTHRITIS"",""ISCHEMIC_HEART_DISEASE""],[""COPD"",""ISCHEMIC_HEART_DISEASE""],[""DIABETES"",""ISCHEMIC_HEART_DISEASE""],[""ISCHEMIC_HEART_DISEASE"",""STROKE""]],""nodes"":[""ARTHRITIS"",""COPD"",""DIABETES"",""ISCHEMIC_HEART_DISEASE"",""STROKE""]}",5,4,"[""ARTHRITIS"",""COPD"",""DIABETES"",""ISCHEMIC_HEART_DISEASE"",""STROKE""]","[[""ARTHRITIS"",""ISCHEMIC_HEART_DISEASE""],[""COPD"",""ISCHEMIC_HEART_DISEASE""],[""DIABETES"",""ISCHEMIC_HEART_DISEASE""],[""ISCHEMIC_HEART_DISEASE"",""STROKE""]]",occ_6e0393be84133e7b,False,False,False,47,0.5,31,47,1.0,45.264,43.0,47.0,47,94,41,0.43617021276595747,32,"[""2023_01_education_binary_lower"",""2023_05_education_binary_higher"",""2023_05_education_binary_lower"",""2023_12_education_binary_higher"",""2023_13_education_binary_lower"",""2023_16_education_binary_lower"",""2023_18_education_binary_higher"",""2023_18_education_binary_lower"",""2023_19_education_binary_lower"",""2023_20_education_binary_lower"",""2023_22_education_binary_lower"",""2023_23_education_binary_higher"",""2023_23_education_binary_lower"",""2023_24_education_binary_lower"",""2023_25_education_binary_higher"",""2023_26_education_binary_higher"",""2023_27_education_binary_lower"",""2023_30_education_binary_lower"",""2023_31_education_binary_higher"",""2023_36_education_binary_lower"",""2023_37_education_binary_lower"",""2023_38_education_binary_higher"",""2023_39_education_binary_higher"",""2023_39_education_binary_lower"",""2023_40_education_binary_higher"",""2023_41_education_binary_higher"",""2023_44_education_binary_higher"",""2023_45_education_binary_higher"",""2023_45_education_binary_lower"",""2023_47_education_binary_higher"",""2023_47_education_binary_lower"",""2023_48_education_binary_lower"",""2023_49_education_binary_lower"",""2023_51_education_binary_lower"",""2023_53_education_binary_higher"",""2023_53_education_binary_lower"",""2023_54_education_binary_higher"",""2023_54_education_binary_lower"",""2023_55_education_binary_higher"",""2023_55_education_binary_lower"",""2023_56_education_binary_higher""]",True,-0.06382978723404253
motif_62be63cfd14a7b5f,62be63cfd14a7b5ffca1a64cebbf11ed2f5522d018da7fe4d0db7be73d74e32b,"{""edges"":[[""ARTHRITIS"",""DIABETES""],[""ARTHRITIS"",""SKIN_CANCER""]],""nodes"":[""ARTHRITIS"",""DIABETES"",""SKIN_CANCER""]}",3,2,"[""ARTHRITIS"",""DIABETES"",""SKIN_CANCER""]","[[""ARTHRITIS"",""DIABETES""],[""ARTHRITIS"",""SKIN_CANCER""]]",occ_ea7e3bff4a3ce893,False,False,False,27,0.2872340425531915,21,47,1.0,26.108,24.0,27.0,47,94,25,0.26595744680851063,21,"[""2023_01_education_binary_higher"",""2023_04_education_binary_higher"",""2023_10_education_binary_higher"",""2023_10_education_binary_lower"",""2023_13_education_binary_lower"",""2023_16_education_binary_lower"",""2023_18_education_binary_higher"",""2023_18_education_binary_lower"",""2023_22_education_binary_higher"",""2023_25_education_binary_higher"",""2023_30_education_binary_lower"",""2023_31_education_binary_lower"",""2023_38_education_binary_lower"",""2023_39_education_binary_lower"",""2023_41_education_binary_higher"",""2023_45_education_binary_lower"",""2023_47_education_binary_lower"",""2023_49_education_binary_higher"",""2023_49_education_binary_lower"",""2023_50_education_binary_lower"",""2023_53_education_binary_higher"",""2023_54_education_binary_higher"",""2023_54_education_binary_lower"",""2023_55_education_binary_lower"",""2023_56_education_binary_higher""]",True,-0.021276595744680882
motif_6315d36b8c285cde,6315d36b8c285cde69bfe3f75551ddf7f78a435256ee325f619a26cc68330af7,"{""edges"":[[""ARTHRITIS"",""COPD""],[""ARTHRITIS"",""DIABETES""],[""ARTHRITIS"",""ISCHEMIC_HEART_DISEASE""],[""ISCHEMIC_HEART_DISEASE"",""STROKE""]],""nodes"":[""ARTHRITIS"",""COPD"",""DIABETES"",""ISCHEMIC_HEART_DISEASE"",""STROKE""]}",5,4,"[""ARTHRITIS"",""COPD"",""DIABETES"",""ISCHEMIC_HEART_DISEASE"",""STROKE""]","[[""ARTHRITIS"",""COPD""],[""ARTHRITIS"",""DIABETES""],[""ARTHRITIS"",""ISCHEMIC_HEART_DISEASE""],[""ISCHEMIC_HEART_DISEASE"",""STROKE""]]",occ_352062eee5970707,True,True,False,62,0.6595744680851063,37,47,1.0,60.206,57.475,62.0,47,94,53,0.5638297872340425,40,"[""2023_01_education_binary_lower"",""2023_02_education_binary_higher"",""2023_04_education_binary_higher"",""2023_05_education_binary_higher"",""2023_05_education_binary_lower"",""2023_08_education_binary_lower"",""2023_10_education_binary_lower"",""2023_12_education_binary_lower"",""2023_13_education_binary_lower"",""2023_16_education_binary_higher"",""2023_16_education_binary_lower"",""2023_17_education_binary_lower"",""2023_18_education_binary_higher"",""2023_18_education_binary_lower"",""2023_19_education_binary_higher"",""2023_19_education_binary_lower"",""2023_20_education_binary_higher"",""2023_22_education_binary_lower"",""2023_23_education_binary_higher"",""2023_23_education_binary_lower"",""2023_24_education_binary_lower"",""2023_25_education_binary_higher"",""2023_26_education_binary_higher"",""2023_26_education_binary_lower"",""2023_27_education_binary_lower"",""2023_28_education_binary_higher"",""2023_29_education_binary_lower"",""2023_30_education_binary_lower"",""2023_31_education_binary_higher"",""2023_31_education_binary_lower"",""2023_33_education_binary_lower"",""2023_36_education_binary_lower"",""2023_37_education_binary_lower"",""2023_38_education_binary_higher"",""2023_39_education_binary_higher"",""2023_39_education_binary_lower"",""2023_40_education_binary_higher"",""2023_40_education_binary_lower"",""2023_41_education_binary_higher"",""2023_44_education_binary_higher"",""2023_45_education_binary_higher"",""2023_45_education_binary_lower"",""2023_47_education_binary_higher"",""2023_47_education_binary_lower"",""2023_48_education_binary_lower"",""2023_49_education_binary_lower"",""2023_51_education_binary_lower"",""2023_53_education_binary_lower"",""2023_54_education_binary_higher"",""2023_54_education_binary_lower"",""2023_55_education_binary_higher"",""2023_55_education_binary_lower"",""2023_56_education_binary_higher""]",True,-0.0957446808510638
motif_632e37d2fe836c60,632e37d2fe836c6038446687244a644308156289359b6e60641d366cf0dc0d60,"{""edges"":[[""ARTHRITIS"",""COPD""],[""ARTHRITIS"",""DIABETES""],[""ARTHRITIS"",""OTHER_CANCER""],[""COPD"",""ISCHEMIC_HEART_DISEASE""],[""DIABETES"",""ISCHEMIC_HEART_DISEASE""]],""nodes"":[""ARTHRITIS"",""COPD"",""DIABETES"",""ISCHEMIC_HEART_DISEASE"",""OTHER_CANCER""]}",5,5,"[""ARTHRITIS"",""COPD"",""DIABETES"",""ISCHEMIC_HEART_DISEASE"",""OTHER_CANCER""]","[[""ARTHRITIS"",""COPD""],[""ARTHRITIS"",""DIABETES""],[""ARTHRITIS"",""OTHER_CANCER""],[""COPD"",""ISCHEMIC_HEART_DISEASE""],[""DIABETES"",""ISCHEMIC_HEART_DISEASE""]]",occ_25e42dbd8419243e,True,True,False,35,0.3723404255319149,24,47,1.0,33.428,31.0,35.0,47,94,36,0.3829787234042553,27,"[""2023_01_education_binary_lower"",""2023_05_education_binary_higher"",""2023_05_education_binary_lower"",""2023_13_education_binary_higher"",""2023_13_education_binary_lower"",""2023_16_education_binary_lower"",""2023_18_education_binary_higher"",""2023_18_education_binary_lower"",""2023_19_education_binary_lower"",""2023_23_education_binary_higher"",""2023_23_education_binary_lower"",""2023_24_education_binary_lower"",""2023_25_education_binary_higher"",""2023_26_education_binary_higher"",""2023_27_education_binary_lower"",""2023_29_education_binary_higher"",""2023_30_education_binary_lower"",""2023_31_education_binary_higher"",""2023_36_education_binary_lower"",""2023_37_education_binary_lower"",""2023_38_education_binary_higher"",""2023_39_education_binary_higher"",""2023_39_education_binary_lower"",""2023_41_education_binary_higher"",""2023_44_education_binary_higher"",""2023_45_education_binary_higher"",""2023_45_education_binary_lower"",""2023_47_education_binary_higher"",""2023_47_education_binary_lower"",""2023_49_education_binary_lower"",""2023_51_education_binary_lower"",""2023_53_education_binary_lower"",""2023_54_education_binary_higher"",""2023_54_education_binary_lower"",""2023_55_education_binary_higher"",""2023_55_education_binary_lower""]",True,0.010638297872340441
motif_632e6b3a31ce3011,632e6b3a31ce3011e36b52ad12eba5cec4de93aa2ba1939236620aa67055f39c,"{""edges"":[[""ARTHRITIS"",""COPD""],[""ARTHRITIS"",""SKIN_CANCER""],[""COPD"",""CURRENT_ASTHMA""]],""nodes"":[""ARTHRITIS"",""COPD"",""CURRENT_ASTHMA"",""SKIN_CANCER""]}",4,3,"[""ARTHRITIS"",""COPD"",""CURRENT_ASTHMA"",""SKIN_CANCER""]","[[""ARTHRITIS"",""COPD""],[""ARTHRITIS"",""SKIN_CANCER""],[""COPD"",""CURRENT_ASTHMA""]]",occ_f4db71679704a808,False,False,False,25,0.2659574468085106,21,47,1.0,23.974,22.0,25.0,47,94,24,0.2553191489361702,22,"[""2023_01_education_binary_higher"",""2023_04_education_binary_higher"",""2023_06_education_binary_higher"",""2023_08_education_binary_higher"",""2023_09_education_binary_lower"",""2023_12_education_binary_higher"",""2023_13_education_binary_lower"",""2023_16_education_binary_lower"",""2023_18_education_binary_higher"",""2023_18_education_binary_lower"",""2023_25_education_binary_higher"",""2023_30_education_binary_lower"",""2023_31_education_binary_lower"",""2023_33_education_binary_higher"",""2023_39_education_binary_lower"",""2023_41_education_binary_higher"",""2023_45_education_binary_lower"",""2023_47_education_binary_lower"",""2023_49_education_binary_lower"",""2023_50_education_binary_higher"",""2023_54_education_binary_higher"",""2023_54_education_binary_lower"",""2023_55_education_binary_lower"",""2023_56_education_binary_higher""]",True,-0.010638297872340385
motif_6448517953121ee6,6448517953121ee6aea8e7221f3f755ceba0982a253229aa99c5876c2cef9575,"{""edges"":[[""ARTHRITIS"",""COPD""],[""COPD"",""ISCHEMIC_HEART_DISEASE""],[""DIABETES"",""ISCHEMIC_HEART_DISEASE""],[""ISCHEMIC_HEART_DISEASE"",""STROKE""]],""nodes"":[""ARTHRITIS"",""COPD"",""DIABETES"",""ISCHEMIC_HEART_DISEASE"",""STROKE""]}",5,4,"[""ARTHRITIS"",""COPD"",""DIABETES"",""ISCHEMIC_HEART_DISEASE"",""STROKE""]","[[""ARTHRITIS"",""COPD""],[""COPD"",""ISCHEMIC_HEART_DISEASE""],[""DIABETES"",""ISCHEMIC_HEART_DISEASE""],[""ISCHEMIC_HEART_DISEASE"",""STROKE""]]",occ_5cec7fdfeb3fc2da,True,True,False,49,0.5212765957446809,32,47,1.0,46.942,44.0,49.0,47,94,41,0.43617021276595747,33,"[""2023_01_education_binary_lower"",""2023_05_education_binary_higher"",""2023_05_education_binary_lower"",""2023_12_education_binary_higher"",""2023_13_education_binary_lower"",""2023_16_education_binary_lower"",""2023_18_education_binary_higher"",""2023_18_education_binary_lower"",""2023_19_education_binary_lower"",""2023_20_education_binary_lower"",""2023_22_education_binary_lower"",""2023_23_education_binary_higher"",""2023_23_education_binary_lower"",""2023_24_education_binary_lower"",""2023_25_education_binary_higher"",""2023_26_education_binary_higher"",""2023_27_education_binary_lower"",""2023_29_education_binary_higher"",""2023_30_education_binary_lower"",""2023_31_education_binary_higher"",""2023_36_education_binary_lower"",""2023_37_education_binary_lower"",""2023_38_education_binary_higher"",""2023_39_education_binary_higher"",""2023_39_education_binary_lower"",""2023_40_education_binary_higher"",""2023_41_education_binary_higher"",""2023_44_education_binary_higher"",""2023_45_education_binary_higher"",""2023_45_education_binary_lower"",""2023_47_education_binary_higher"",""2023_47_education_binary_lower"",""2023_48_education_binary_lower"",""2023_49_education_binary_lower"",""2023_51_education_binary_lower"",""2023_53_education_binary_lower"",""2023_54_education_binary_higher"",""2023_54_education_binary_lower"",""2023_55_education_binary_higher"",""2023_55_education_binary_lower"",""2023_56_education_binary_higher""]",True,-0.08510638297872342
motif_64c46f0bc8a7853d,64c46f0bc8a7853d5dd6efb8715457f17dcb9d41f52bc958dfcca26d12dc7e05,"{""edges"":[[""ARTHRITIS"",""COPD""],[""ARTHRITIS"",""KIDNEY_DISEASE""],[""COPD"",""ISCHEMIC_HEART_DISEASE""],[""DIABETES"",""ISCHEMIC_HEART_DISEASE""]],""nodes"":[""ARTHRITIS"",""COPD"",""DIABETES"",""ISCHEMIC_HEART_DISEASE"",""KIDNEY_DISEASE""]}",5,4,"[""ARTHRITIS"",""COPD"",""DIABETES"",""ISCHEMIC_HEART_DISEASE"",""KIDNEY_DISEASE""]","[[""ARTHRITIS"",""COPD""],[""ARTHRITIS"",""KIDNEY_DISEASE""],[""COPD"",""ISCHEMIC_HEART_DISEASE""],[""DIABETES"",""ISCHEMIC_HEART_DISEASE""]]",occ_18eaf4f5bbe0909a,True,True,False,30,0.3191489361702128,21,47,1.0,28.812,26.475,30.0,47,94,24,0.2553191489361702,19,"[""2023_01_education_binary_lower"",""2023_05_education_binary_lower"",""2023_13_education_binary_higher"",""2023_13_education_binary_lower"",""2023_18_education_binary_higher"",""2023_18_education_binary_lower"",""2023_19_education_binary_lower"",""2023_22_education_binary_lower"",""2023_23_education_binary_lower"",""2023_25_education_binary_higher"",""2023_27_education_binary_lower"",""2023_29_education_binary_higher"",""2023_37_education_binary_lower"",""2023_39_education_binary_higher"",""2023_39_education_binary_lower"",""2023_40_education_binary_higher"",""2023_45_education_binary_higher"",""2023_45_education_binary_lower"",""2023_47_education_binary_higher"",""2023_47_education_binary_lower"",""2023_48_education_binary_lower"",""2023_49_education_binary_lower"",""2023_51_education_binary_lower"",""2023_53_education_binary_lower""]",True,-0.06382978723404259
motif_64f1a25c5b185955,64f1a25c5b185955ea81f1268bd996bf963cf1a97d5ad4ced83f007cc321ffbc,"{""edges"":[[""ARTHRITIS"",""COPD""],[""ARTHRITIS"",""DIABETES""],[""ARTHRITIS"",""ISCHEMIC_HEART_DISEASE""],[""ARTHRITIS"",""SKIN_CANCER""],[""DIABETES"",""ISCHEMIC_HEART_DISEASE""]],""nodes"":[""ARTHRITIS"",""COPD"",""DIABETES"",""ISCHEMIC_HEART_DISEASE"",""SKIN_CANCER""]}",5,5,"[""ARTHRITIS"",""COPD"",""DIABETES"",""ISCHEMIC_HEART_DISEASE"",""SKIN_CANCER""]","[[""ARTHRITIS"",""COPD""],[""ARTHRITIS"",""DIABETES""],[""ARTHRITIS"",""ISCHEMIC_HEART_DISEASE""],[""ARTHRITIS"",""SKIN_CANCER""],[""DIABETES"",""ISCHEMIC_HEART_DISEASE""]]",occ_c292257c8ba54ecd,True,True,False,22,0.2340425531914893,19,47,0.98,20.74,19.0,22.0,47,94,17,0.18085106382978725,15,"[""2023_01_education_binary_higher"",""2023_04_education_binary_higher"",""2023_13_education_binary_lower"",""2023_16_education_binary_lower"",""2023_18_education_binary_higher"",""2023_18_education_binary_lower"",""2023_25_education_binary_higher"",""2023_30_education_binary_lower"",""2023_39_education_binary_lower"",""2023_41_education_binary_higher"",""2023_45_education_binary_lower"",""2023_47_education_binary_lower"",""2023_49_education_binary_lower"",""2023_54_education_binary_higher"",""2023_54_education_binary_lower"",""2023_55_education_binary_lower"",""2023_56_education_binary_higher""]",False,-0.053191489361702066
motif_652e84642f661624,652e84642f661624b89f478f63272f71a4d38eb2d9dc9f19908c6cf8a34fbf3e,"{""edges"":[[""ARTHRITIS"",""COPD""],[""ARTHRITIS"",""ISCHEMIC_HEART_DISEASE""],[""ARTHRITIS"",""SKIN_CANCER""],[""OTHER_CANCER"",""SKIN_CANCER""]],""nodes"":[""ARTHRITIS"",""COPD"",""ISCHEMIC_HEART_DISEASE"",""OTHER_CANCER"",""SKIN_CANCER""]}",5,4,"[""ARTHRITIS"",""COPD"",""ISCHEMIC_HEART_DISEASE"",""OTHER_CANCER"",""SKIN_CANCER""]","[[""ARTHRITIS"",""COPD""],[""ARTHRITIS"",""ISCHEMIC_HEART_DISEASE""],[""ARTHRITIS"",""SKIN_CANCER""],[""OTHER_CANCER"",""SKIN_CANCER""]]",occ_3dd0ed57a0292a16,True,True,False,29,0.3085106382978723,24,47,1.0,27.778,26.0,29.0,47,94,26,0.2765957446808511,23,"[""2023_01_education_binary_higher"",""2023_04_education_binary_higher"",""2023_06_education_binary_higher"",""2023_08_education_binary_higher"",""2023_09_education_binary_lower"",""2023_10_education_binary_higher"",""2023_10_education_binary_lower"",""2023_12_education_binary_higher"",""2023_13_education_binary_lower"",""2023_16_education_binary_lower"",""2023_18_education_binary_higher"",""2023_18_education_binary_lower"",""2023_25_education_binary_higher"",""2023_30_education_binary_lower"",""2023_31_education_binary_lower"",""2023_38_education_binary_lower"",""2023_39_education_binary_lower"",""2023_41_education_binary_higher"",""2023_45_education_binary_lower"",""2023_47_education_binary_lower"",""2023_49_education_binary_lower"",""2023_50_education_binary_higher"",""2023_54_education_binary_higher"",""2023_54_education_binary_lower"",""2023_55_education_binary_lower"",""2023_56_education_binary_higher""]",True,-0.03191489361702121
motif_653dde72c933e69a,653dde72c933e69a2868d50a54b2922ffe205ad4bf6fc62c3d033f7a0c02f32f,"{""edges"":[[""ARTHRITIS"",""COPD""],[""ARTHRITIS"",""DIABETES""],[""ARTHRITIS"",""KIDNEY_DISEASE""],[""COPD"",""ISCHEMIC_HEART_DISEASE""],[""DIABETES"",""ISCHEMIC_HEART_DISEASE""]],""nodes"":[""ARTHRITIS"",""COPD"",""DIABETES"",""ISCHEMIC_HEART_DISEASE"",""KIDNEY_DISEASE""]}",5,5,"[""ARTHRITIS"",""COPD"",""DIABETES"",""ISCHEMIC_HEART_DISEASE"",""KIDNEY_DISEASE""]","[[""ARTHRITIS"",""COPD""],[""ARTHRITIS"",""DIABETES""],[""ARTHRITIS"",""KIDNEY_DISEASE""],[""COPD"",""ISCHEMIC_HEART_DISEASE""],[""DIABETES"",""ISCHEMIC_HEART_DISEASE""]]",occ_7884ae23ad0f5f48,False,False,False,28,0.2978723404255319,19,47,1.0,27.098,25.0,28.0,47,94,24,0.2553191489361702,19,"[""2023_01_education_binary_lower"",""2023_05_education_binary_lower"",""2023_13_education_binary_higher"",""2023_13_education_binary_lower"",""2023_18_education_binary_higher"",""2023_18_education_binary_lower"",""2023_19_education_binary_lower"",""2023_22_education_binary_lower"",""2023_23_education_binary_lower"",""2023_25_education_binary_higher"",""2023_27_education_binary_lower"",""2023_29_education_binary_higher"",""2023_37_education_binary_lower"",""2023_39_education_binary_higher"",""2023_39_education_binary_lower"",""2023_40_education_binary_higher"",""2023_45_education_binary_higher"",""2023_45_education_binary_lower"",""2023_47_education_binary_higher"",""2023_47_education_binary_lower"",""2023_48_education_binary_lower"",""2023_49_education_binary_lower"",""2023_51_education_binary_lower"",""2023_53_education_binary_lower""]",True,-0.04255319148936171
motif_6542648bb13448a0,6542648bb13448a0ee6b237c4d1da0bdcddeaa6aa8af91696f37af4e49dab744,"{""edges"":[[""ARTHRITIS"",""COPD""],[""ARTHRITIS"",""DIABETES""],[""ARTHRITIS"",""ISCHEMIC_HEART_DISEASE""],[""ARTHRITIS"",""KIDNEY_DISEASE""],[""DIABETES"",""KIDNEY_DISEASE""]],""nodes"":[""ARTHRITIS"",""COPD"",""DIABETES"",""ISCHEMIC_HEART_DISEASE"",""KIDNEY_DISEASE""]}",5,5,"[""ARTHRITIS"",""COPD"",""DIABETES"",""ISCHEMIC_HEART_DISEASE"",""KIDNEY_DISEASE""]","[[""ARTHRITIS"",""COPD""],[""ARTHRITIS"",""DIABETES""],[""ARTHRITIS"",""ISCHEMIC_HEART_DISEASE""],[""ARTHRITIS"",""KIDNEY_DISEASE""],[""DIABETES"",""KIDNEY_DISEASE""]]",occ_7b38a935afe66518,True,True,False,33,0.351063829787234,24,47,1.0,31.51,29.0,33.0,47,94,23,0.24468085106382978,20,"[""2023_01_education_binary_lower"",""2023_02_education_binary_higher"",""2023_04_education_binary_higher"",""2023_05_education_binary_lower"",""2023_13_education_binary_lower"",""2023_18_education_binary_higher"",""2023_18_education_binary_lower"",""2023_19_education_binary_lower"",""2023_22_education_binary_lower"",""2023_23_education_binary_lower"",""2023_25_education_binary_higher"",""2023_26_education_binary_lower"",""2023_37_education_binary_lower"",""2023_38_education_binary_lower"",""2023_39_education_binary_higher"",""2023_39_education_binary_lower"",""2023_40_education_binary_higher"",""2023_45_education_binary_higher"",""2023_47_education_binary_higher"",""2023_47_education_binary_lower"",""2023_48_education_binary_lower"",""2023_51_education_binary_lower"",""2023_53_education_binary_lower""]",True,-0.10638297872340421
motif_65b770a6b0dde937,65b770a6b0dde9373c4bbb1fa9b7b29ad4c0fc6424e9f1185af41e92ce93957a,"{""edges"":[[""ARTHRITIS"",""DIABETES""],[""ARTHRITIS"",""KIDNEY_DISEASE""],[""COPD"",""ISCHEMIC_HEART_DISEASE""],[""DIABETES"",""ISCHEMIC_HEART_DISEASE""]],""nodes"":[""ARTHRITIS"",""COPD"",""DIABETES"",""ISCHEMIC_HEART_DISEASE"",""KIDNEY_DISEASE""]}",5,4,"[""ARTHRITIS"",""COPD"",""DIABETES"",""ISCHEMIC_HEART_DISEASE"",""KIDNEY_DISEASE""]","[[""ARTHRITIS"",""DIABETES""],[""ARTHRITIS"",""KIDNEY_DISEASE""],[""COPD"",""ISCHEMIC_HEART_DISEASE""],[""DIABETES"",""ISCHEMIC_HEART_DISEASE""]]",occ_7884ae23ad0f5f48,False,False,False,28,0.2978723404255319,19,47,1.0,27.102,25.0,28.0,47,94,25,0.26595744680851063,19,"[""2023_01_education_binary_lower"",""2023_05_education_binary_lower"",""2023_13_education_binary_higher"",""2023_13_education_binary_lower"",""2023_18_education_binary_higher"",""2023_18_education_binary_lower"",""2023_19_education_binary_lower"",""2023_22_education_binary_lower"",""2023_23_education_binary_lower"",""2023_25_education_binary_higher"",""2023_27_education_binary_lower"",""2023_29_education_binary_higher"",""2023_37_education_binary_lower"",""2023_39_education_binary_higher"",""2023_39_education_binary_lower"",""2023_40_education_binary_higher"",""2023_45_education_binary_higher"",""2023_45_education_binary_lower"",""2023_47_education_binary_higher"",""2023_47_education_binary_lower"",""2023_48_education_binary_lower"",""2023_49_education_binary_lower"",""2023_51_education_binary_lower"",""2023_53_education_binary_higher"",""2023_53_education_binary_lower""]",True,-0.03191489361702127
motif_65bcc7505246fac6,65bcc7505246fac6d654980340752a6f98d4f9ebbe1b9a2c0d094dd8326f0775,"{""edges"":[[""ARTHRITIS"",""ISCHEMIC_HEART_DISEASE""],[""ARTHRITIS"",""OTHER_CANCER""],[""ISCHEMIC_HEART_DISEASE"",""STROKE""],[""OTHER_CANCER"",""SKIN_CANCER""]],""nodes"":[""ARTHRITIS"",""ISCHEMIC_HEART_DISEASE"",""OTHER_CANCER"",""SKIN_CANCER"",""STROKE""]}",5,4,"[""ARTHRITIS"",""ISCHEMIC_HEART_DISEASE"",""OTHER_CANCER"",""SKIN_CANCER"",""STROKE""]","[[""ARTHRITIS"",""ISCHEMIC_HEART_DISEASE""],[""ARTHRITIS"",""OTHER_CANCER""],[""ISCHEMIC_HEART_DISEASE"",""STROKE""],[""OTHER_CANCER"",""SKIN_CANCER""]]",occ_523675374206a384,True,True,False,54,0.574468085106383,36,47,1.0,52.352,49.475,54.0,47,94,48,0.5106382978723404,34,"[""2023_01_education_binary_lower"",""2023_02_education_binary_higher"",""2023_04_education_binary_higher"",""2023_05_education_binary_higher"",""2023_05_education_binary_lower"",""2023_06_education_binary_higher"",""2023_08_education_binary_higher"",""2023_09_education_binary_lower"",""2023_10_education_binary_lower"",""2023_12_education_binary_higher"",""2023_12_education_binary_lower"",""2023_13_education_binary_lower"",""2023_16_education_binary_lower"",""2023_18_education_binary_higher"",""2023_18_education_binary_lower"",""2023_19_education_binary_lower"",""2023_20_education_binary_higher"",""2023_20_education_binary_lower"",""2023_23_education_binary_higher"",""2023_23_education_binary_lower"",""2023_24_education_binary_lower"",""2023_25_education_binary_higher"",""2023_26_education_binary_higher"",""2023_26_education_binary_lower"",""2023_27_education_binary_lower"",""2023_30_education_binary_lower"",""2023_31_education_binary_higher"",""2023_31_education_binary_lower"",""2023_33_education_binary_lower"",""2023_36_education_binary_lower"",""2023_38_education_binary_higher"",""2023_39_education_binary_higher"",""2023_39_education_binary_lower"",""2023_41_education_binary_higher"",""2023_44_education_binary_higher"",""2023_45_education_binary_higher"",""2023_45_education_binary_lower"",""2023_47_education_binary_higher"",""2023_47_education_binary_lower"",""2023_49_education_binary_lower"",""2023_50_education_binary_higher"",""2023_50_education_binary_lower"",""2023_53_education_binary_higher"",""2023_53_education_binary_lower"",""2023_54_education_binary_higher"",""2023_54_education_binary_lower"",""2023_55_education_binary_higher"",""2023_55_education_binary_lower""]",True,-0.06382978723404265
motif_65eb65a7562a1bcb,65eb65a7562a1bcb405f100ee75396f07ad1e3c404efcb76f1ecb710dafec4d1,"{""edges"":[[""ARTHRITIS"",""COPD""],[""ARTHRITIS"",""DIABETES""],[""ARTHRITIS"",""ISCHEMIC_HEART_DISEASE""]],""nodes"":[""ARTHRITIS"",""COPD"",""DIABETES"",""ISCHEMIC_HEART_DISEASE""]}",4,3,"[""ARTHRITIS"",""COPD"",""DIABETES"",""ISCHEMIC_HEART_DISEASE""]","[[""ARTHRITIS"",""COPD""],[""ARTHRITIS"",""DIABETES""],[""ARTHRITIS"",""ISCHEMIC_HEART_DISEASE""]]",occ_177617ab3030a420,True,True,False,69,0.7340425531914894,42,47,1.0,67.458,65.0,69.0,47,94,64,0.6808510638297872,41,"[""2023_01_education_binary_higher"",""2023_01_education_binary_lower"",""2023_02_education_binary_higher"",""2023_04_education_binary_higher"",""2023_05_education_binary_higher"",""2023_05_education_binary_lower"",""2023_08_education_binary_lower"",""2023_10_education_binary_higher"",""2023_10_education_binary_lower"",""2023_12_education_binary_lower"",""2023_13_education_binary_higher"",""2023_13_education_binary_lower"",""2023_16_education_binary_higher"",""2023_16_education_binary_lower"",""2023_17_education_binary_lower"",""2023_18_education_binary_higher"",""2023_18_education_binary_lower"",""2023_19_education_binary_higher"",""2023_19_education_binary_lower"",""2023_20_education_binary_higher"",""2023_22_education_binary_lower"",""2023_23_education_binary_higher"",""2023_23_education_binary_lower"",""2023_24_education_binary_higher"",""2023_24_education_binary_lower"",""2023_25_education_binary_higher"",""2023_25_education_binary_lower"",""2023_26_education_binary_higher"",""2023_26_education_binary_lower"",""2023_27_education_binary_lower"",""2023_28_education_binary_higher"",""2023_28_education_binary_lower"",""2023_29_education_binary_lower"",""2023_30_education_binary_lower"",""2023_31_education_binary_higher"",""2023_31_education_binary_lower"",""2023_33_education_binary_lower"",""2023_36_education_binary_lower"",""2023_37_education_binary_higher"",""2023_37_education_binary_lower"",""2023_38_education_binary_higher"",""2023_38_education_binary_lower"",""2023_39_education_binary_higher"",""2023_39_education_binary_lower"",""2023_40_education_binary_higher"",""2023_40_education_binary_lower"",""2023_41_education_binary_higher"",""2023_41_education_binary_lower"",""2023_44_education_binary_higher"",""2023_45_education_binary_higher"",""2023_45_education_binary_lower"",""2023_46_education_binary_higher"",""2023_47_education_binary_higher"",""2023_47_education_binary_lower"",""2023_48_education_binary_higher"",""2023_48_education_binary_lower"",""2023_49_education_binary_lower"",""2023_51_education_binary_lower"",""2023_53_education_binary_lower"",""2023_54_education_binary_higher"",""2023_54_education_binary_lower"",""2023_55_education_binary_higher"",""2023_55_education_binary_lower"",""2023_56_education_binary_higher""]",True,-0.05319148936170215
motif_66d789541717095f,66d789541717095ff4db28d1d9e7655b0899f0b241fe199035122768aa90ee56,"{""edges"":[[""ARTHRITIS"",""COPD""],[""ARTHRITIS"",""ISCHEMIC_HEART_DISEASE""],[""COPD"",""ISCHEMIC_HEART_DISEASE""],[""ISCHEMIC_HEART_DISEASE"",""KIDNEY_DISEASE""]],""nodes"":[""ARTHRITIS"",""COPD"",""ISCHEMIC_HEART_DISEASE"",""KIDNEY_DISEASE""]}",4,4,"[""ARTHRITIS"",""COPD"",""ISCHEMIC_HEART_DISEASE"",""KIDNEY_DISEASE""]","[[""ARTHRITIS"",""COPD""],[""ARTHRITIS"",""ISCHEMIC_HEART_DISEASE""],[""COPD"",""ISCHEMIC_HEART_DISEASE""],[""ISCHEMIC_HEART_DISEASE"",""KIDNEY_DISEASE""]]",occ_9e2bb6eb15d817e3,True,True,False,35,0.3723404255319149,26,47,1.0,33.24,30.0,35.0,46,92,31,0.33695652173913043,23,"[""2023_01_education_binary_lower"",""2023_05_education_binary_higher"",""2023_05_education_binary_lower"",""2023_10_education_binary_higher"",""2023_12_education_binary_higher"",""2023_12_education_binary_lower"",""2023_18_education_binary_higher"",""2023_18_education_binary_lower"",""2023_20_education_binary_lower"",""2023_22_education_binary_lower"",""2023_23_education_binary_higher"",""2023_26_education_binary_higher"",""2023_28_education_binary_lower"",""2023_31_education_binary_higher"",""2023_31_education_binary_lower"",""2023_36_education_binary_lower"",""2023_37_education_binary_lower"",""2023_38_education_binary_higher"",""2023_39_education_binary_higher"",""2023_39_education_binary_lower"",""2023_40_education_binary_higher"",""2023_40_education_binary_lower"",""2023_45_education_binary_lower"",""2023_47_education_binary_higher"",""2023_47_education_binary_lower"",""2023_48_education_binary_lower"",""2023_49_education_binary_lower"",""2023_51_education_binary_lower"",""2023_53_education_binary_lower"",""2023_54_education_binary_higher"",""2023_54_education_binary_lower""]",True,-0.035383903792784444
motif_677a13f588cdb059,677a13f588cdb0591449096393ae21df2cec326129b370eaf54558c0e176fecd,"{""edges"":[[""ARTHRITIS"",""DIABETES""],[""ARTHRITIS"",""OTHER_CANCER""],[""DIABETES"",""KIDNEY_DISEASE""],[""ISCHEMIC_HEART_DISEASE"",""KIDNEY_DISEASE""]],""nodes"":[""ARTHRITIS"",""DIABETES"",""ISCHEMIC_HEART_DISEASE"",""KIDNEY_DISEASE"",""OTHER_CANCER""]}",5,4,"[""ARTHRITIS"",""DIABETES"",""ISCHEMIC_HEART_DISEASE"",""KIDNEY_DISEASE"",""OTHER_CANCER""]","[[""ARTHRITIS"",""DIABETES""],[""ARTHRITIS"",""OTHER_CANCER""],[""DIABETES"",""KIDNEY_DISEASE""],[""ISCHEMIC_HEART_DISEASE"",""KIDNEY_DISEASE""]]",occ_4b8221d3fc33e617,False,False,False,27,0.2872340425531915,20,47,1.0,25.316,23.0,27.0,46,92,19,0.20652173913043478,16,"[""2023_01_education_binary_lower"",""2023_05_education_binary_lower"",""2023_12_education_binary_lower"",""2023_18_education_binary_higher"",""2023_18_education_binary_lower"",""2023_23_education_binary_higher"",""2023_24_education_binary_higher"",""2023_26_education_binary_higher"",""2023_31_education_binary_higher"",""2023_33_education_binary_lower"",""2023_37_education_binary_lower"",""2023_38_education_binary_higher"",""2023_39_education_binary_higher"",""2023_39_education_binary_lower"",""2023_47_education_binary_higher"",""2023_47_education_binary_lower"",""2023_51_education_binary_lower"",""2023_53_education_binary_lower"",""2023_54_education_binary_lower""]",True,-0.08071230342275673
motif_67b3ff2f437cc158,67b3ff2f437cc15843803076a32387cee1e2b9139c898ff1e9063c6d84d3a0c6,"{""edges"":[[""ARTHRITIS"",""COPD""],[""ARTHRITIS"",""KIDNEY_DISEASE""]],""nodes"":[""ARTHRITIS"",""COPD"",""KIDNEY_DISEASE""]}",3,2,"[""ARTHRITIS"",""COPD"",""KIDNEY_DISEASE""]","[[""ARTHRITIS"",""COPD""],[""ARTHRITIS"",""KIDNEY_DISEASE""]]",occ_cbadd9bbc81e2a8d,True,True,False,40,0.425531914893617,28,47,1.0,38.896,37.0,40.0,47,94,34,0.3617021276595745,27,"[""2023_01_education_binary_lower"",""2023_02_education_binary_higher"",""2023_04_education_binary_higher"",""2023_05_education_binary_lower"",""2023_10_education_binary_higher"",""2023_13_education_binary_higher"",""2023_13_education_binary_lower"",""2023_18_education_binary_higher"",""2023_18_education_binary_lower"",""2023_19_education_binary_lower"",""2023_22_education_binary_lower"",""2023_23_education_binary_lower"",""2023_25_education_binary_higher"",""2023_26_education_binary_lower"",""2023_27_education_binary_lower"",""2023_28_education_binary_higher"",""2023_29_education_binary_higher"",""2023_37_education_binary_lower"",""2023_38_education_binary_lower"",""2023_39_education_binary_higher"",""2023_39_education_binary_lower"",""2023_40_education_binary_higher"",""2023_40_education_binary_lower"",""2023_41_education_binary_lower"",""2023_45_education_binary_higher"",""2023_45_education_binary_lower"",""2023_46_education_binary_lower"",""2023_47_education_binary_higher"",""2023_47_education_binary_lower"",""2023_48_education_binary_higher"",""2023_48_education_binary_lower"",""2023_49_education_binary_lower"",""2023_51_education_binary_lower"",""2023_53_education_binary_lower""]",True,-0.06382978723404253
motif_67cab77b48831591,67cab77b48831591ba9d45d72c9d70a725bef1bae851ea890a12ee8b7c70b50e,"{""edges"":[[""COPD"",""ISCHEMIC_HEART_DISEASE""],[""ISCHEMIC_HEART_DISEASE"",""STROKE""]],""nodes"":[""COPD"",""ISCHEMIC_HEART_DISEASE"",""STROKE""]}",3,2,"[""COPD"",""ISCHEMIC_HEART_DISEASE"",""STROKE""]","[[""COPD"",""ISCHEMIC_HEART_DISEASE""],[""ISCHEMIC_HEART_DISEASE"",""STROKE""]]",occ_70a5ee40fe553b0e,False,False,False,57,0.6063829787234043,37,47,1.0,55.454,53.0,57.0,47,94,49,0.5212765957446809,34,"[""2023_01_education_binary_lower"",""2023_05_education_binary_higher"",""2023_05_education_binary_lower"",""2023_12_education_binary_higher"",""2023_12_education_binary_lower"",""2023_13_education_binary_lower"",""2023_16_education_binary_lower"",""2023_18_education_binary_higher"",""2023_18_education_binary_lower"",""2023_19_education_binary_lower"",""2023_20_education_binary_lower"",""2023_22_education_binary_lower"",""2023_23_education_binary_higher"",""2023_23_education_binary_lower"",""2023_24_education_binary_lower"",""2023_25_education_binary_higher"",""2023_26_education_binary_higher"",""2023_26_education_binary_lower"",""2023_27_education_binary_lower"",""2023_29_education_binary_higher"",""2023_29_education_binary_lower"",""2023_30_education_binary_lower"",""2023_31_education_binary_higher"",""2023_31_education_binary_lower"",""2023_36_education_binary_lower"",""2023_37_education_binary_lower"",""2023_38_education_binary_higher"",""2023_39_education_binary_higher"",""2023_39_education_binary_lower"",""2023_40_education_binary_higher"",""2023_40_education_binary_lower"",""2023_41_education_binary_higher"",""2023_44_education_binary_higher"",""2023_45_education_binary_higher"",""2023_45_education_binary_lower"",""2023_47_education_binary_higher"",""2023_47_education_binary_lower"",""2023_48_education_binary_lower"",""2023_49_education_binary_lower"",""2023_50_education_binary_lower"",""2023_51_education_binary_lower"",""2023_53_education_binary_higher"",""2023_53_education_binary_lower"",""2023_54_education_binary_higher"",""2023_54_education_binary_lower"",""2023_55_education_binary_higher"",""2023_55_education_binary_lower"",""2023_56_education_binary_higher"",""2023_56_education_binary_lower""]",True,-0.08510638297872342
motif_684a163fba0cf367,684a163fba0cf3674e645042ffbe5c504145d2b06f2753fe416fc09bb89641f6,"{""edges"":[[""COPD"",""ISCHEMIC_HEART_DISEASE""],[""DIABETES"",""ISCHEMIC_HEART_DISEASE""]],""nodes"":[""COPD"",""DIABETES"",""ISCHEMIC_HEART_DISEASE""]}",3,2,"[""COPD"",""DIABETES"",""ISCHEMIC_HEART_DISEASE""]","[[""COPD"",""ISCHEMIC_HEART_DISEASE""],[""DIABETES"",""ISCHEMIC_HEART_DISEASE""]]",occ_3a456f2a03f2e046,False,False,False,53,0.5638297872340425,35,47,1.0,51.602,49.0,53.0,47,94,44,0.46808510638297873,34,"[""2023_01_education_binary_lower"",""2023_05_education_binary_higher"",""2023_05_education_binary_lower"",""2023_12_education_binary_higher"",""2023_13_education_binary_higher"",""2023_13_education_binary_lower"",""2023_16_education_binary_lower"",""2023_18_education_binary_higher"",""2023_18_education_binary_lower"",""2023_19_education_binary_lower"",""2023_20_education_binary_lower"",""2023_22_education_binary_lower"",""2023_23_education_binary_higher"",""2023_23_education_binary_lower"",""2023_24_education_binary_lower"",""2023_25_education_binary_higher"",""2023_26_education_binary_higher"",""2023_27_education_binary_lower"",""2023_28_education_binary_lower"",""2023_29_education_binary_higher"",""2023_30_education_binary_lower"",""2023_31_education_binary_higher"",""2023_36_education_binary_lower"",""2023_37_education_binary_lower"",""2023_38_education_binary_higher"",""2023_39_education_binary_higher"",""2023_39_education_binary_lower"",""2023_40_education_binary_higher"",""2023_41_education_binary_higher"",""2023_44_education_binary_higher"",""2023_45_education_binary_higher"",""2023_45_education_binary_lower"",""2023_47_education_binary_higher"",""2023_47_education_binary_lower"",""2023_48_education_binary_lower"",""2023_49_education_binary_lower"",""2023_51_education_binary_lower"",""2023_53_education_binary_higher"",""2023_53_education_binary_lower"",""2023_54_education_binary_higher"",""2023_54_education_binary_lower"",""2023_55_education_binary_higher"",""2023_55_education_binary_lower"",""2023_56_education_binary_higher""]",True,-0.0957446808510638
motif_68738de32e9c0312,68738de32e9c03120ae1fcaebe6a6972dffe40cd28c3a8b7eb402b9225c98c2b,"{""edges"":[[""ARTHRITIS"",""COPD""],[""ARTHRITIS"",""KIDNEY_DISEASE""],[""COPD"",""CURRENT_ASTHMA""],[""DIABETES"",""KIDNEY_DISEASE""]],""nodes"":[""ARTHRITIS"",""COPD"",""CURRENT_ASTHMA"",""DIABETES"",""KIDNEY_DISEASE""]}",5,4,"[""ARTHRITIS"",""COPD"",""CURRENT_ASTHMA"",""DIABETES"",""KIDNEY_DISEASE""]","[[""ARTHRITIS"",""COPD""],[""ARTHRITIS"",""KIDNEY_DISEASE""],[""COPD"",""CURRENT_ASTHMA""],[""DIABETES"",""KIDNEY_DISEASE""]]",occ_847b49d4d8424352,True,True,False,36,0.3829787234042553,26,47,1.0,34.33,31.0,36.0,47,94,22,0.23404255319148937,19,"[""2023_01_education_binary_lower"",""2023_02_education_binary_higher"",""2023_04_education_binary_higher"",""2023_05_education_binary_lower"",""2023_13_education_binary_lower"",""2023_18_education_binary_higher"",""2023_18_education_binary_lower"",""2023_19_education_binary_lower"",""2023_22_education_binary_lower"",""2023_23_education_binary_lower"",""2023_25_education_binary_higher"",""2023_26_education_binary_lower"",""2023_29_education_binary_higher"",""2023_39_education_binary_higher"",""2023_39_education_binary_lower"",""2023_40_education_binary_higher"",""2023_45_education_binary_higher"",""2023_47_education_binary_higher"",""2023_47_education_binary_lower"",""2023_48_education_binary_lower"",""2023_51_education_binary_lower"",""2023_53_education_binary_lower""]",True,-0.14893617021276595
motif_6a6b5b0ababd7fc9,6a6b5b0ababd7fc95b003686f51f7311727947c86608bc1e55e4d198e8078242,"{""edges"":[[""ARTHRITIS"",""ISCHEMIC_HEART_DISEASE""],[""ARTHRITIS"",""OTHER_CANCER""],[""ISCHEMIC_HEART_DISEASE"",""KIDNEY_DISEASE""]],""nodes"":[""ARTHRITIS"",""ISCHEMIC_HEART_DISEASE"",""KIDNEY_DISEASE"",""OTHER_CANCER""]}",4,3,"[""ARTHRITIS"",""ISCHEMIC_HEART_DISEASE"",""KIDNEY_DISEASE"",""OTHER_CANCER""]","[[""ARTHRITIS"",""ISCHEMIC_HEART_DISEASE""],[""ARTHRITIS"",""OTHER_CANCER""],[""ISCHEMIC_HEART_DISEASE"",""KIDNEY_DISEASE""]]",occ_ac72f9495677c4df,False,False,False,36,0.3829787234042553,27,47,1.0,34.32,31.0,36.0,46,92,30,0.32608695652173914,23,"[""2023_01_education_binary_lower"",""2023_05_education_binary_higher"",""2023_05_education_binary_lower"",""2023_10_education_binary_higher"",""2023_12_education_binary_higher"",""2023_12_education_binary_lower"",""2023_18_education_binary_higher"",""2023_18_education_binary_lower"",""2023_20_education_binary_lower"",""2023_23_education_binary_higher"",""2023_24_education_binary_higher"",""2023_26_education_binary_higher"",""2023_31_education_binary_higher"",""2023_31_education_binary_lower"",""2023_33_education_binary_lower"",""2023_36_education_binary_lower"",""2023_37_education_binary_lower"",""2023_38_education_binary_higher"",""2023_39_education_binary_higher"",""2023_39_education_binary_lower"",""2023_41_education_binary_lower"",""2023_45_education_binary_lower"",""2023_47_education_binary_higher"",""2023_47_education_binary_lower"",""2023_49_education_binary_lower"",""2023_50_education_binary_higher"",""2023_51_education_binary_lower"",""2023_53_education_binary_lower"",""2023_54_education_binary_higher"",""2023_54_education_binary_lower""]",True,-0.05689176688251618
motif_6b99f87c7a88300a,6b99f87c7a88300a6f106c17c17856f88b55a45d09ccb2c492447d7daa2f3163,"{""edges"":[[""ARTHRITIS"",""DIABETES""],[""ARTHRITIS"",""SKIN_CANCER""],[""DIABETES"",""ISCHEMIC_HEART_DISEASE""],[""ISCHEMIC_HEART_DISEASE"",""STROKE""]],""nodes"":[""ARTHRITIS"",""DIABETES"",""ISCHEMIC_HEART_DISEASE"",""SKIN_CANCER"",""STROKE""]}",5,4,"[""ARTHRITIS"",""DIABETES"",""ISCHEMIC_HEART_DISEASE"",""SKIN_CANCER"",""STROKE""]","[[""ARTHRITIS"",""DIABETES""],[""ARTHRITIS"",""SKIN_CANCER""],[""DIABETES"",""ISCHEMIC_HEART_DISEASE""],[""ISCHEMIC_HEART_DISEASE"",""STROKE""]]",occ_d16f1f845bb68df3,True,True,False,21,0.2234042553191489,17,47,0.9,19.858,18.0,21.0,47,94,17,0.18085106382978725,15,"[""2023_04_education_binary_higher"",""2023_13_education_binary_lower"",""2023_16_education_binary_lower"",""2023_18_education_binary_higher"",""2023_18_education_binary_lower"",""2023_25_education_binary_higher"",""2023_30_education_binary_lower"",""2023_39_education_binary_lower"",""2023_41_education_binary_higher"",""2023_45_education_binary_lower"",""2023_47_education_binary_lower"",""2023_49_education_binary_lower"",""2023_53_education_binary_higher"",""2023_54_education_binary_higher"",""2023_54_education_binary_lower"",""2023_55_education_binary_lower"",""2023_56_education_binary_higher""]",False,-0.04255319148936165
motif_6ca5865328442749,6ca586532844274935e68907cabd52556a6558749a1c14fc79017cbddb357460,"{""edges"":[[""ARTHRITIS"",""COPD""],[""ARTHRITIS"",""DIABETES""],[""ARTHRITIS"",""ISCHEMIC_HEART_DISEASE""],[""ARTHRITIS"",""KIDNEY_DISEASE""],[""COPD"",""ISCHEMIC_HEART_DISEASE""],[""DIABETES"",""KIDNEY_DISEASE""]],""nodes"":[""ARTHRITIS"",""COPD"",""DIABETES"",""ISCHEMIC_HEART_DISEASE"",""KIDNEY_DISEASE""]}",5,6,"[""ARTHRITIS"",""COPD"",""DIABETES"",""ISCHEMIC_HEART_DISEASE"",""KIDNEY_DISEASE""]","[[""ARTHRITIS"",""COPD""],[""ARTHRITIS"",""DIABETES""],[""ARTHRITIS"",""ISCHEMIC_HEART_DISEASE""],[""ARTHRITIS"",""KIDNEY_DISEASE""],[""COPD"",""ISCHEMIC_HEART_DISEASE""],[""DIABETES"",""KIDNEY_DISEASE""]]",occ_b4507ed6fcb4445d,True,True,False,27,0.2872340425531915,19,47,1.0,25.63,23.0,27.0,47,94,20,0.2127659574468085,17,"[""2023_01_education_binary_lower"",""2023_05_education_binary_lower"",""2023_13_education_binary_lower"",""2023_18_education_binary_higher"",""2023_18_education_binary_lower"",""2023_19_education_binary_lower"",""2023_22_education_binary_lower"",""2023_23_education_binary_lower"",""2023_25_education_binary_higher"",""2023_26_education_binary_lower"",""2023_37_education_binary_lower"",""2023_39_education_binary_higher"",""2023_39_education_binary_lower"",""2023_40_education_binary_higher"",""2023_45_education_binary_higher"",""2023_47_education_binary_higher"",""2023_47_education_binary_lower"",""2023_48_education_binary_lower"",""2023_51_education_binary_lower"",""2023_53_education_binary_lower""]",True,-0.074468085106383
motif_7062164c652c7ad4,7062164c652c7ad44a14f76e03536e9484d4eb9986f41a430f70493e6d471972,"{""edges"":[[""ARTHRITIS"",""DIABETES""],[""ARTHRITIS"",""ISCHEMIC_HEART_DISEASE""],[""ARTHRITIS"",""OTHER_CANCER""],[""DIABETES"",""KIDNEY_DISEASE""],[""ISCHEMIC_HEART_DISEASE"",""KIDNEY_DISEASE""]],""nodes"":[""ARTHRITIS"",""DIABETES"",""ISCHEMIC_HEART_DISEASE"",""KIDNEY_DISEASE"",""OTHER_CANCER""]}",5,5,"[""ARTHRITIS"",""DIABETES"",""ISCHEMIC_HEART_DISEASE"",""KIDNEY_DISEASE"",""OTHER_CANCER""]","[[""ARTHRITIS"",""DIABETES""],[""ARTHRITIS"",""ISCHEMIC_HEART_DISEASE""],[""ARTHRITIS"",""OTHER_CANCER""],[""DIABETES"",""KIDNEY_DISEASE""],[""ISCHEMIC_HEART_DISEASE"",""KIDNEY_DISEASE""]]",occ_4b8221d3fc33e617,True,True,False,27,0.2872340425531915,20,47,1.0,25.234,23.0,27.0,46,92,19,0.20652173913043478,16,"[""2023_01_education_binary_lower"",""2023_05_education_binary_lower"",""2023_12_education_binary_lower"",""2023_18_education_binary_higher"",""2023_18_education_binary_lower"",""2023_23_education_binary_higher"",""2023_24_education_binary_higher"",""2023_26_education_binary_higher"",""2023_31_education_binary_higher"",""2023_33_education_binary_lower"",""2023_37_education_binary_lower"",""2023_38_education_binary_higher"",""2023_39_education_binary_higher"",""2023_39_education_binary_lower"",""2023_47_education_binary_higher"",""2023_47_education_binary_lower"",""2023_51_education_binary_lower"",""2023_53_education_binary_lower"",""2023_54_education_binary_lower""]",True,-0.08071230342275673
motif_7148880977761506,71488809777615063555eda40952d1f622a9e0843269a3e4bfa5a6c1d4aa9cc5,"{""edges"":[[""ARTHRITIS"",""COPD""],[""COPD"",""CURRENT_ASTHMA""],[""COPD"",""ISCHEMIC_HEART_DISEASE""],[""ISCHEMIC_HEART_DISEASE"",""STROKE""]],""nodes"":[""ARTHRITIS"",""COPD"",""CURRENT_ASTHMA"",""ISCHEMIC_HEART_DISEASE"",""STROKE""]}",5,4,"[""ARTHRITIS"",""COPD"",""CURRENT_ASTHMA"",""ISCHEMIC_HEART_DISEASE"",""STROKE""]","[[""ARTHRITIS"",""COPD""],[""COPD"",""CURRENT_ASTHMA""],[""COPD"",""ISCHEMIC_HEART_DISEASE""],[""ISCHEMIC_HEART_DISEASE"",""STROKE""]]",occ_0e3e21e0b4457e3a,True,True,False,50,0.5319148936170213,32,47,1.0,48.436,46.0,50.0,47,94,44,0.46808510638297873,31,"[""2023_01_education_binary_lower"",""2023_05_education_binary_higher"",""2023_05_education_binary_lower"",""2023_12_education_binary_higher"",""2023_12_education_binary_lower"",""2023_13_education_binary_lower"",""2023_16_education_binary_lower"",""2023_18_education_binary_higher"",""2023_18_education_binary_lower"",""2023_19_education_binary_lower"",""2023_20_education_binary_lower"",""2023_22_education_binary_lower"",""2023_23_education_binary_higher"",""2023_23_education_binary_lower"",""2023_24_education_binary_lower"",""2023_25_education_binary_higher"",""2023_26_education_binary_higher"",""2023_26_education_binary_lower"",""2023_27_education_binary_lower"",""2023_29_education_binary_higher"",""2023_29_education_binary_lower"",""2023_30_education_binary_lower"",""2023_31_education_binary_lower"",""2023_36_education_binary_lower"",""2023_39_education_binary_higher"",""2023_39_education_binary_lower"",""2023_40_education_binary_higher"",""2023_40_education_binary_lower"",""2023_41_education_binary_higher"",""2023_44_education_binary_higher"",""2023_45_education_binary_higher"",""2023_45_education_binary_lower"",""2023_47_education_binary_higher"",""2023_47_education_binary_lower"",""2023_48_education_binary_lower"",""2023_49_education_binary_lower"",""2023_51_education_binary_lower"",""2023_53_education_binary_lower"",""2023_54_education_binary_higher"",""2023_54_education_binary_lower"",""2023_55_education_binary_higher"",""2023_55_education_binary_lower"",""2023_56_education_binary_higher"",""2023_56_education_binary_lower""]",True,-0.06382978723404253
motif_72376cc605a69c03,72376cc605a69c036c76b459d4b94635a37b1865249b111b5005417930d4032d,"{""edges"":[[""ARTHRITIS"",""DIABETES""],[""ARTHRITIS"",""ISCHEMIC_HEART_DISEASE""],[""COPD"",""CURRENT_ASTHMA""],[""COPD"",""ISCHEMIC_HEART_DISEASE""],[""DIABETES"",""ISCHEMIC_HEART_DISEASE""]],""nodes"":[""ARTHRITIS"",""COPD"",""CURRENT_ASTHMA"",""DIABETES"",""ISCHEMIC_HEART_DISEASE""]}",5,5,"[""ARTHRITIS"",""COPD"",""CURRENT_ASTHMA"",""DIABETES"",""ISCHEMIC_HEART_DISEASE""]","[[""ARTHRITIS"",""DIABETES""],[""ARTHRITIS"",""ISCHEMIC_HEART_DISEASE""],[""COPD"",""CURRENT_ASTHMA""],[""COPD"",""ISCHEMIC_HEART_DISEASE""],[""DIABETES"",""ISCHEMIC_HEART_DISEASE""]]",occ_aaffcd7c1d082905,False,False,False,44,0.4680851063829787,29,47,1.0,42.752,40.0,44.0,47,94,38,0.40425531914893614,28,"[""2023_01_education_binary_lower"",""2023_05_education_binary_higher"",""2023_05_education_binary_lower"",""2023_13_education_binary_higher"",""2023_13_education_binary_lower"",""2023_16_education_binary_lower"",""2023_18_education_binary_higher"",""2023_18_education_binary_lower"",""2023_19_education_binary_lower"",""2023_22_education_binary_lower"",""2023_23_education_binary_higher"",""2023_23_education_binary_lower"",""2023_24_education_binary_lower"",""2023_25_education_binary_higher"",""2023_26_education_binary_higher"",""2023_27_education_binary_lower"",""2023_28_education_binary_lower"",""2023_30_education_binary_lower"",""2023_36_education_binary_lower"",""2023_39_education_binary_higher"",""2023_39_education_binary_lower"",""2023_40_education_binary_higher"",""2023_41_education_binary_higher"",""2023_44_education_binary_higher"",""2023_45_education_binary_higher"",""2023_45_education_binary_lower"",""2023_47_education_binary_higher"",""2023_47_education_binary_lower"",""2023_48_education_binary_lower"",""2023_49_education_binary_lower"",""2023_51_education_binary_lower"",""2023_53_education_binary_higher"",""2023_53_education_binary_lower"",""2023_54_education_binary_higher"",""2023_54_education_binary_lower"",""2023_55_education_binary_higher"",""2023_55_education_binary_lower"",""2023_56_education_binary_higher""]",True,-0.06382978723404253
motif_726f3861dd21cc38,726f3861dd21cc3877668b5173e4389fdaa5017d934389b4b7121736b4e6cdca,"{""edges"":[[""ARTHRITIS"",""COPD""],[""COPD"",""ISCHEMIC_HEART_DISEASE""]],""nodes"":[""ARTHRITIS"",""COPD"",""ISCHEMIC_HEART_DISEASE""]}",3,2,"[""ARTHRITIS"",""COPD"",""ISCHEMIC_HEART_DISEASE""]","[[""ARTHRITIS"",""COPD""],[""COPD"",""ISCHEMIC_HEART_DISEASE""]]",occ_db6165cd16f35e79,True,True,False,61,0.648936170212766,38,47,1.0,59.632,57.0,61.0,47,94,52,0.5531914893617021,36,"[""2023_01_education_binary_lower"",""2023_05_education_binary_higher"",""2023_05_education_binary_lower"",""2023_10_education_binary_higher"",""2023_12_education_binary_higher"",""2023_12_education_binary_lower"",""2023_13_education_binary_higher"",""2023_13_education_binary_lower"",""2023_16_education_binary_lower"",""2023_18_education_binary_higher"",""2023_18_education_binary_lower"",""2023_19_education_binary_lower"",""2023_20_education_binary_lower"",""2023_22_education_binary_lower"",""2023_23_education_binary_higher"",""2023_23_education_binary_lower"",""2023_24_education_binary_lower"",""2023_25_education_binary_higher"",""2023_26_education_binary_higher"",""2023_26_education_binary_lower"",""2023_27_education_binary_lower"",""2023_28_education_binary_lower"",""2023_29_education_binary_higher"",""2023_29_education_binary_lower"",""2023_30_education_binary_lower"",""2023_31_education_binary_higher"",""2023_31_education_binary_lower"",""2023_36_education_binary_lower"",""2023_37_education_binary_lower"",""2023_38_education_binary_higher"",""2023_39_education_binary_higher"",""2023_39_education_binary_lower"",""2023_40_education_binary_higher"",""2023_40_education_binary_lower"",""2023_41_education_binary_higher"",""2023_44_education_binary_higher"",""2023_45_education_binary_higher"",""2023_45_education_binary_lower"",""2023_46_education_binary_higher"",""2023_46_education_binary_lower"",""2023_47_education_binary_higher"",""2023_47_education_binary_lower"",""2023_48_education_binary_lower"",""2023_49_education_binary_lower"",""2023_51_education_binary_lower"",""2023_53_education_binary_lower"",""2023_54_education_binary_higher"",""2023_54_education_binary_lower"",""2023_55_education_binary_higher"",""2023_55_education_binary_lower"",""2023_56_education_binary_higher"",""2023_56_education_binary_lower""]",True,-0.0957446808510638
motif_72859cdf5403f701,72859cdf5403f70190583ca9df877c07fee1eb5ab2b278f4f1ef9c7c0d981b95,"{""edges"":[[""COPD"",""ISCHEMIC_HEART_DISEASE""],[""DIABETES"",""ISCHEMIC_HEART_DISEASE""],[""ISCHEMIC_HEART_DISEASE"",""KIDNEY_DISEASE""],[""ISCHEMIC_HEART_DISEASE"",""STROKE""]],""nodes"":[""COPD"",""DIABETES"",""ISCHEMIC_HEART_DISEASE"",""KIDNEY_DISEASE"",""STROKE""]}",5,4,"[""COPD"",""DIABETES"",""ISCHEMIC_HEART_DISEASE"",""KIDNEY_DISEASE"",""STROKE""]","[[""COPD"",""ISCHEMIC_HEART_DISEASE""],[""DIABETES"",""ISCHEMIC_HEART_DISEASE""],[""ISCHEMIC_HEART_DISEASE"",""KIDNEY_DISEASE""],[""ISCHEMIC_HEART_DISEASE"",""STROKE""]]",occ_b39df56f51dd5bff,True,True,False,32,0.3404255319148936,24,47,1.0,30.102,27.0,32.0,46,92,26,0.2826086956521739,21,"[""2023_01_education_binary_lower"",""2023_05_education_binary_higher"",""2023_05_education_binary_lower"",""2023_12_education_binary_higher"",""2023_18_education_binary_higher"",""2023_18_education_binary_lower"",""2023_20_education_binary_lower"",""2023_22_education_binary_lower"",""2023_23_education_binary_higher"",""2023_26_education_binary_higher"",""2023_31_education_binary_higher"",""2023_36_education_binary_lower"",""2023_37_education_binary_lower"",""2023_38_education_binary_higher"",""2023_39_education_binary_higher"",""2023_39_education_binary_lower"",""2023_40_education_binary_higher"",""2023_45_education_binary_lower"",""2023_47_education_binary_higher"",""2023_47_education_binary_lower"",""2023_48_education_binary_lower"",""2023_49_education_binary_lower"",""2023_51_education_binary_lower"",""2023_53_education_binary_lower"",""2023_54_education_binary_higher"",""2023_54_education_binary_lower""]",True,-0.05781683626271972
motif_731b0357487deaf3,731b0357487deaf33e6662dbc49b4f3666f7ba9a50b203a99d52ccfff78a99c8,"{""edges"":[[""ARTHRITIS"",""KIDNEY_DISEASE""],[""ISCHEMIC_HEART_DISEASE"",""KIDNEY_DISEASE""]],""nodes"":[""ARTHRITIS"",""ISCHEMIC_HEART_DISEASE"",""KIDNEY_DISEASE""]}",3,2,"[""ARTHRITIS"",""ISCHEMIC_HEART_DISEASE"",""KIDNEY_DISEASE""]","[[""ARTHRITIS"",""KIDNEY_DISEASE""],[""ISCHEMIC_HEART_DISEASE"",""KIDNEY_DISEASE""]]",occ_416877f3dbf19645,True,True,False,27,0.2872340425531915,20,47,1.0,25.592,23.0,27.0,46,92,19,0.20652173913043478,15,"[""2023_01_education_binary_lower"",""2023_05_education_binary_lower"",""2023_10_education_binary_higher"",""2023_18_education_binary_higher"",""2023_18_education_binary_lower"",""2023_22_education_binary_lower"",""2023_37_education_binary_lower"",""2023_39_education_binary_higher"",""2023_39_education_binary_lower"",""2023_40_education_binary_higher"",""2023_40_education_binary_lower"",""2023_41_education_binary_lower"",""2023_45_education_binary_lower"",""2023_47_education_binary_higher"",""2023_47_education_binary_lower"",""2023_48_education_binary_lower"",""2023_49_education_binary_lower"",""2023_51_education_binary_lower"",""2023_53_education_binary_lower""]",True,-0.08071230342275673
motif_7343187d61f58156,7343187d61f58156f5cf034dbca8bf09f1d6d95cd24a79e8296fd327e5a5426b,"{""edges"":[[""ARTHRITIS"",""COPD""],[""ARTHRITIS"",""ISCHEMIC_HEART_DISEASE""]],""nodes"":[""ARTHRITIS"",""COPD"",""ISCHEMIC_HEART_DISEASE""]}",3,2,"[""ARTHRITIS"",""COPD"",""ISCHEMIC_HEART_DISEASE""]","[[""ARTHRITIS"",""COPD""],[""ARTHRITIS"",""ISCHEMIC_HEART_DISEASE""]]",occ_c7e467200db06d94,True,True,False,77,0.8191489361702128,44,47,1.0,75.738,73.0,77.0,47,94,72,0.7659574468085106,44,"[""2023_01_education_binary_higher"",""2023_01_education_binary_lower"",""2023_02_education_binary_higher"",""2023_04_education_binary_higher"",""2023_05_education_binary_higher"",""2023_05_education_binary_lower"",""2023_06_education_binary_higher"",""2023_08_education_binary_higher"",""2023_08_education_binary_lower"",""2023_09_education_binary_lower"",""2023_10_education_binary_higher"",""2023_10_education_binary_lower"",""2023_12_education_binary_higher"",""2023_12_education_binary_lower"",""2023_13_education_binary_higher"",""2023_13_education_binary_lower"",""2023_16_education_binary_higher"",""2023_16_education_binary_lower"",""2023_17_education_binary_lower"",""2023_18_education_binary_higher"",""2023_18_education_binary_lower"",""2023_19_education_binary_higher"",""2023_19_education_binary_lower"",""2023_20_education_binary_higher"",""2023_20_education_binary_lower"",""2023_22_education_binary_lower"",""2023_23_education_binary_higher"",""2023_23_education_binary_lower"",""2023_24_education_binary_higher"",""2023_24_education_binary_lower"",""2023_25_education_binary_higher"",""2023_25_education_binary_lower"",""2023_26_education_binary_higher"",""2023_26_education_binary_lower"",""2023_27_education_binary_lower"",""2023_28_education_binary_higher"",""2023_28_education_binary_lower"",""2023_29_education_binary_lower"",""2023_30_education_binary_lower"",""2023_31_education_binary_higher"",""2023_31_education_binary_lower"",""2023_33_education_binary_lower"",""2023_36_education_binary_lower"",""2023_37_education_binary_higher"",""2023_37_education_binary_lower"",""2023_38_education_binary_higher"",""2023_38_education_binary_lower"",""2023_39_education_binary_higher"",""2023_39_education_binary_lower"",""2023_40_education_binary_higher"",""2023_40_education_binary_lower"",""2023_41_education_binary_higher"",""2023_41_education_binary_lower"",""2023_44_education_binary_higher"",""2023_45_education_binary_higher"",""2023_45_education_binary_lower"",""2023_46_education_binary_higher"",""2023_46_education_binary_lower"",""2023_47_education_binary_higher"",""2023_47_education_binary_lower"",""2023_48_education_binary_higher"",""2023_48_education_binary_lower"",""2023_49_education_binary_lower"",""2023_50_education_binary_higher"",""2023_51_education_binary_lower"",""2023_53_education_binary_lower"",""2023_54_education_binary_higher"",""2023_54_education_binary_lower"",""2023_55_education_binary_higher"",""2023_55_education_binary_lower"",""2023_56_education_binary_higher"",""2023_56_education_binary_lower""]",True,-0.05319148936170215
motif_738262c87e2a834c,738262c87e2a834cca8dc8016a7becba167e5d93abfeee845a151d411e0548f1,"{""edges"":[[""COPD"",""ISCHEMIC_HEART_DISEASE""],[""DIABETES"",""ISCHEMIC_HEART_DISEASE""],[""DIABETES"",""KIDNEY_DISEASE""]],""nodes"":[""COPD"",""DIABETES"",""ISCHEMIC_HEART_DISEASE"",""KIDNEY_DISEASE""]}",4,3,"[""COPD"",""DIABETES"",""ISCHEMIC_HEART_DISEASE"",""KIDNEY_DISEASE""]","[[""COPD"",""ISCHEMIC_HEART_DISEASE""],[""DIABETES"",""ISCHEMIC_HEART_DISEASE""],[""DIABETES"",""KIDNEY_DISEASE""]]",occ_a5b7971ea5c30000,False,False,False,43,0.4574468085106383,31,47,1.0,41.034,38.0,43.0,47,94,31,0.32978723404255317,26,"[""2023_01_education_binary_lower"",""2023_05_education_binary_lower"",""2023_12_education_binary_higher"",""2023_13_education_binary_lower"",""2023_16_education_binary_lower"",""2023_18_education_binary_higher"",""2023_18_education_binary_lower"",""2023_19_education_binary_lower"",""2023_22_education_binary_lower"",""2023_23_education_binary_higher"",""2023_23_education_binary_lower"",""2023_24_education_binary_lower"",""2023_25_education_binary_higher"",""2023_26_education_binary_higher"",""2023_29_education_binary_higher"",""2023_31_education_binary_higher"",""2023_37_education_binary_lower"",""2023_38_education_binary_higher"",""2023_39_education_binary_higher"",""2023_39_education_binary_lower"",""2023_40_education_binary_higher"",""2023_41_education_binary_higher"",""2023_45_education_binary_higher"",""2023_47_education_binary_higher"",""2023_47_education_binary_lower"",""2023_48_education_binary_lower"",""2023_51_education_binary_lower"",""2023_53_education_binary_higher"",""2023_53_education_binary_lower"",""2023_54_education_binary_lower"",""2023_55_education_binary_higher""]",True,-0.12765957446808512
motif_73bf87366dc57d10,73bf87366dc57d1074f1dce4996c623468af3ec096529452371c059b1a29b0fa,"{""edges"":[[""ARTHRITIS"",""DIABETES""],[""ARTHRITIS"",""ISCHEMIC_HEART_DISEASE""],[""ARTHRITIS"",""OTHER_CANCER""],[""DIABETES"",""ISCHEMIC_HEART_DISEASE""],[""ISCHEMIC_HEART_DISEASE"",""KIDNEY_DISEASE""]],""nodes"":[""ARTHRITIS"",""DIABETES"",""ISCHEMIC_HEART_DISEASE"",""KIDNEY_DISEASE"",""OTHER_CANCER""]}",5,5,"[""ARTHRITIS"",""DIABETES"",""ISCHEMIC_HEART_DISEASE"",""KIDNEY_DISEASE"",""OTHER_CANCER""]","[[""ARTHRITIS"",""DIABETES""],[""ARTHRITIS"",""ISCHEMIC_HEART_DISEASE""],[""ARTHRITIS"",""OTHER_CANCER""],[""DIABETES"",""ISCHEMIC_HEART_DISEASE""],[""ISCHEMIC_HEART_DISEASE"",""KIDNEY_DISEASE""]]",occ_f4d41ecbc074bc16,True,True,False,29,0.3085106382978723,21,47,1.0,27.444,25.0,29.0,46,92,23,0.25,18,"[""2023_01_education_binary_lower"",""2023_05_education_binary_higher"",""2023_05_education_binary_lower"",""2023_18_education_binary_higher"",""2023_18_education_binary_lower"",""2023_23_education_binary_higher"",""2023_24_education_binary_higher"",""2023_26_education_binary_higher"",""2023_31_education_binary_higher"",""2023_33_education_binary_lower"",""2023_36_education_binary_lower"",""2023_37_education_binary_lower"",""2023_38_education_binary_higher"",""2023_39_education_binary_higher"",""2023_39_education_binary_lower"",""2023_45_education_binary_lower"",""2023_47_education_binary_higher"",""2023_47_education_binary_lower"",""2023_49_education_binary_lower"",""2023_51_education_binary_lower"",""2023_53_education_binary_lower"",""2023_54_education_binary_higher"",""2023_54_education_binary_lower""]",True,-0.058510638297872286
motif_7434dae0d646da6b,7434dae0d646da6ba95bad4d993714d47876b2ddd3ae607312c62d5471b34fe0,"{""edges"":[[""COPD"",""CURRENT_ASTHMA""],[""COPD"",""ISCHEMIC_HEART_DISEASE""],[""CURRENT_ASTHMA"",""DEPRESSIVE_DISORDER""],[""DIABETES"",""ISCHEMIC_HEART_DISEASE""]],""nodes"":[""COPD"",""CURRENT_ASTHMA"",""DEPRESSIVE_DISORDER"",""DIABETES"",""ISCHEMIC_HEART_DISEASE""]}",5,4,"[""COPD"",""CURRENT_ASTHMA"",""DEPRESSIVE_DISORDER"",""DIABETES"",""ISCHEMIC_HEART_DISEASE""]","[[""COPD"",""CURRENT_ASTHMA""],[""COPD"",""ISCHEMIC_HEART_DISEASE""],[""CURRENT_ASTHMA"",""DEPRESSIVE_DISORDER""],[""DIABETES"",""ISCHEMIC_HEART_DISEASE""]]",occ_e916efa314630f36,True,True,True,29,0.3085106382978723,24,47,1.0,28.064,26.0,29.0,47,94,20,0.2127659574468085,16,"[""2023_01_education_binary_lower"",""2023_16_education_binary_lower"",""2023_18_education_binary_higher"",""2023_18_education_binary_lower"",""2023_19_education_binary_lower"",""2023_22_education_binary_lower"",""2023_23_education_binary_higher"",""2023_23_education_binary_lower"",""2023_27_education_binary_lower"",""2023_28_education_binary_lower"",""2023_30_education_binary_lower"",""2023_36_education_binary_lower"",""2023_40_education_binary_higher"",""2023_47_education_binary_lower"",""2023_49_education_binary_lower"",""2023_53_education_binary_higher"",""2023_53_education_binary_lower"",""2023_54_education_binary_higher"",""2023_54_education_binary_lower"",""2023_55_education_binary_lower""]",True,-0.09574468085106377
motif_747d5d7b30279f2d,747d5d7b30279f2d98e15880bfcd1edc2584dd19f7de74e41505f93de002ac3d,"{""edges"":[[""ARTHRITIS"",""ISCHEMIC_HEART_DISEASE""],[""ARTHRITIS"",""KIDNEY_DISEASE""],[""COPD"",""CURRENT_ASTHMA""],[""COPD"",""ISCHEMIC_HEART_DISEASE""]],""nodes"":[""ARTHRITIS"",""COPD"",""CURRENT_ASTHMA"",""ISCHEMIC_HEART_DISEASE"",""KIDNEY_DISEASE""]}",5,4,"[""ARTHRITIS"",""COPD"",""CURRENT_ASTHMA"",""ISCHEMIC_HEART_DISEASE"",""KIDNEY_DISEASE""]","[[""ARTHRITIS"",""ISCHEMIC_HEART_DISEASE""],[""ARTHRITIS"",""KIDNEY_DISEASE""],[""COPD"",""CURRENT_ASTHMA""],[""COPD"",""ISCHEMIC_HEART_DISEASE""]]",occ_080b040d19c3f981,False,False,False,30,0.3191489361702128,21,47,1.0,28.95,27.0,30.0,47,94,26,0.2765957446808511,19,"[""2023_01_education_binary_lower"",""2023_05_education_binary_lower"",""2023_13_education_binary_higher"",""2023_13_education_binary_lower"",""2023_18_education_binary_higher"",""2023_18_education_binary_lower"",""2023_19_education_binary_lower"",""2023_22_education_binary_lower"",""2023_23_education_binary_lower"",""2023_25_education_binary_higher"",""2023_26_education_binary_lower"",""2023_27_education_binary_lower"",""2023_39_education_binary_higher"",""2023_39_education_binary_lower"",""2023_40_education_binary_higher"",""2023_40_education_binary_lower"",""2023_45_education_binary_higher"",""2023_45_education_binary_lower"",""2023_46_education_binary_lower"",""2023_47_education_binary_higher"",""2023_47_education_binary_lower"",""2023_48_education_binary_lower"",""2023_49_education_binary_lower"",""2023_51_education_binary_lower"",""2023_53_education_binary_higher"",""2023_53_education_binary_lower""]",True,-0.04255319148936171
motif_752a9ee5cce96695,752a9ee5cce966951ae33e287ee57f91cfcaa616819a923f163373e169b83f18,"{""edges"":[[""ARTHRITIS"",""ISCHEMIC_HEART_DISEASE""],[""ARTHRITIS"",""OTHER_CANCER""],[""DIABETES"",""ISCHEMIC_HEART_DISEASE""],[""ISCHEMIC_HEART_DISEASE"",""STROKE""]],""nodes"":[""ARTHRITIS"",""DIABETES"",""ISCHEMIC_HEART_DISEASE"",""OTHER_CANCER"",""STROKE""]}",5,4,"[""ARTHRITIS"",""DIABETES"",""ISCHEMIC_HEART_DISEASE"",""OTHER_CANCER"",""STROKE""]","[[""ARTHRITIS"",""ISCHEMIC_HEART_DISEASE""],[""ARTHRITIS"",""OTHER_CANCER""],[""DIABETES"",""ISCHEMIC_HEART_DISEASE""],[""ISCHEMIC_HEART_DISEASE"",""STROKE""]]",occ_fe946adf57cf61cc,True,True,False,42,0.4468085106382978,29,47,1.0,40.544,38.0,42.0,47,94,43,0.4574468085106383,33,"[""2023_01_education_binary_lower"",""2023_04_education_binary_higher"",""2023_05_education_binary_higher"",""2023_05_education_binary_lower"",""2023_06_education_binary_higher"",""2023_09_education_binary_lower"",""2023_12_education_binary_higher"",""2023_13_education_binary_lower"",""2023_16_education_binary_lower"",""2023_18_education_binary_higher"",""2023_18_education_binary_lower"",""2023_19_education_binary_lower"",""2023_20_education_binary_higher"",""2023_20_education_binary_lower"",""2023_23_education_binary_higher"",""2023_23_education_binary_lower"",""2023_24_education_binary_lower"",""2023_25_education_binary_higher"",""2023_26_education_binary_higher"",""2023_27_education_binary_lower"",""2023_30_education_binary_lower"",""2023_31_education_binary_higher"",""2023_33_education_binary_lower"",""2023_36_education_binary_lower"",""2023_37_education_binary_lower"",""2023_38_education_binary_higher"",""2023_39_education_binary_higher"",""2023_39_education_binary_lower"",""2023_41_education_binary_higher"",""2023_44_education_binary_higher"",""2023_45_education_binary_higher"",""2023_45_education_binary_lower"",""2023_47_education_binary_higher"",""2023_47_education_binary_lower"",""2023_49_education_binary_lower"",""2023_50_education_binary_higher"",""2023_51_education_binary_lower"",""2023_53_education_binary_higher"",""2023_53_education_binary_lower"",""2023_54_education_binary_higher"",""2023_54_education_binary_lower"",""2023_55_education_binary_higher"",""2023_55_education_binary_lower""]",True,0.010638297872340496
motif_755161c6993a890a,755161c6993a890acba9739d7abd165ddcb0bf90bff71a2d2797fc6291a4eda2,"{""edges"":[[""ARTHRITIS"",""COPD""],[""ARTHRITIS"",""OTHER_CANCER""],[""ARTHRITIS"",""SKIN_CANCER""],[""COPD"",""CURRENT_ASTHMA""],[""OTHER_CANCER"",""SKIN_CANCER""]],""nodes"":[""ARTHRITIS"",""COPD"",""CURRENT_ASTHMA"",""OTHER_CANCER"",""SKIN_CANCER""]}",5,5,"[""ARTHRITIS"",""COPD"",""CURRENT_ASTHMA"",""OTHER_CANCER"",""SKIN_CANCER""]","[[""ARTHRITIS"",""COPD""],[""ARTHRITIS"",""OTHER_CANCER""],[""ARTHRITIS"",""SKIN_CANCER""],[""COPD"",""CURRENT_ASTHMA""],[""OTHER_CANCER"",""SKIN_CANCER""]]",occ_ca4e8093cda94a82,True,True,True,22,0.2340425531914893,18,47,0.984,20.924,19.0,22.0,47,94,22,0.23404255319148937,20,"[""2023_04_education_binary_higher"",""2023_06_education_binary_higher"",""2023_08_education_binary_higher"",""2023_09_education_binary_lower"",""2023_12_education_binary_higher"",""2023_13_education_binary_lower"",""2023_16_education_binary_lower"",""2023_18_education_binary_higher"",""2023_18_education_binary_lower"",""2023_25_education_binary_higher"",""2023_30_education_binary_lower"",""2023_31_education_binary_lower"",""2023_33_education_binary_higher"",""2023_39_education_binary_lower"",""2023_41_education_binary_higher"",""2023_45_education_binary_lower"",""2023_47_education_binary_lower"",""2023_49_education_binary_lower"",""2023_50_education_binary_higher"",""2023_54_education_binary_higher"",""2023_54_education_binary_lower"",""2023_55_education_binary_lower""]",True,5.551115123125783e-17
motif_756512b4fa9723fa,756512b4fa9723fa05a60211effd327b950f2008a5fa50bbfb7c5be4a588608d,"{""edges"":[[""ARTHRITIS"",""ISCHEMIC_HEART_DISEASE""],[""ARTHRITIS"",""KIDNEY_DISEASE""],[""ARTHRITIS"",""OTHER_CANCER""],[""COPD"",""ISCHEMIC_HEART_DISEASE""]],""nodes"":[""ARTHRITIS"",""COPD"",""ISCHEMIC_HEART_DISEASE"",""KIDNEY_DISEASE"",""OTHER_CANCER""]}",5,4,"[""ARTHRITIS"",""COPD"",""ISCHEMIC_HEART_DISEASE"",""KIDNEY_DISEASE"",""OTHER_CANCER""]","[[""ARTHRITIS"",""ISCHEMIC_HEART_DISEASE""],[""ARTHRITIS"",""KIDNEY_DISEASE""],[""ARTHRITIS"",""OTHER_CANCER""],[""COPD"",""ISCHEMIC_HEART_DISEASE""]]",occ_114b0d464e206051,False,False,False,21,0.2234042553191489,16,47,0.946,20.092,18.0,21.0,47,94,23,0.24468085106382978,17,"[""2023_01_education_binary_lower"",""2023_05_education_binary_lower"",""2023_10_education_binary_higher"",""2023_13_education_binary_higher"",""2023_13_education_binary_lower"",""2023_18_education_binary_higher"",""2023_18_education_binary_lower"",""2023_19_education_binary_lower"",""2023_23_education_binary_lower"",""2023_25_education_binary_higher"",""2023_26_education_binary_lower"",""2023_27_education_binary_lower"",""2023_37_education_binary_lower"",""2023_39_education_binary_higher"",""2023_39_education_binary_lower"",""2023_45_education_binary_higher"",""2023_45_education_binary_lower"",""2023_47_education_binary_higher"",""2023_47_education_binary_lower"",""2023_49_education_binary_lower"",""2023_51_education_binary_lower"",""2023_53_education_binary_higher"",""2023_53_education_binary_lower""]",True,0.021276595744680882
motif_7611ddb360618444,7611ddb3606184441adfb91f15b00aa5e5034d9a7225f6509b8a95db45f3a6a3,"{""edges"":[[""ARTHRITIS"",""COPD""],[""ARTHRITIS"",""ISCHEMIC_HEART_DISEASE""],[""COPD"",""ISCHEMIC_HEART_DISEASE""],[""DIABETES"",""ISCHEMIC_HEART_DISEASE""],[""ISCHEMIC_HEART_DISEASE"",""STROKE""]],""nodes"":[""ARTHRITIS"",""COPD"",""DIABETES"",""ISCHEMIC_HEART_DISEASE"",""STROKE""]}",5,5,"[""ARTHRITIS"",""COPD"",""DIABETES"",""ISCHEMIC_HEART_DISEASE"",""STROKE""]","[[""ARTHRITIS"",""COPD""],[""ARTHRITIS"",""ISCHEMIC_HEART_DISEASE""],[""COPD"",""ISCHEMIC_HEART_DISEASE""],[""DIABETES"",""ISCHEMIC_HEART_DISEASE""],[""ISCHEMIC_HEART_DISEASE"",""STROKE""]]",occ_6e0393be84133e7b,True,True,False,47,0.5,31,47,1.0,45.052,43.0,47.0,47,94,40,0.425531914893617,32,"[""2023_01_education_binary_lower"",""2023_05_education_binary_higher"",""2023_05_education_binary_lower"",""2023_12_education_binary_higher"",""2023_13_education_binary_lower"",""2023_16_education_binary_lower"",""2023_18_education_binary_higher"",""2023_18_education_binary_lower"",""2023_19_education_binary_lower"",""2023_20_education_binary_lower"",""2023_22_education_binary_lower"",""2023_23_education_binary_higher"",""2023_23_education_binary_lower"",""2023_24_education_binary_lower"",""2023_25_education_binary_higher"",""2023_26_education_binary_higher"",""2023_27_education_binary_lower"",""2023_30_education_binary_lower"",""2023_31_education_binary_higher"",""2023_36_education_binary_lower"",""2023_37_education_binary_lower"",""2023_38_education_binary_higher"",""2023_39_education_binary_higher"",""2023_39_education_binary_lower"",""2023_40_education_binary_higher"",""2023_41_education_binary_higher"",""2023_44_education_binary_higher"",""2023_45_education_binary_higher"",""2023_45_education_binary_lower"",""2023_47_education_binary_higher"",""2023_47_education_binary_lower"",""2023_48_education_binary_lower"",""2023_49_education_binary_lower"",""2023_51_education_binary_lower"",""2023_53_education_binary_lower"",""2023_54_education_binary_higher"",""2023_54_education_binary_lower"",""2023_55_education_binary_higher"",""2023_55_education_binary_lower"",""2023_56_education_binary_higher""]",True,-0.07446808510638298
motif_77a83db3cef85faa,77a83db3cef85faaf622e53cb2ca1807176d3033675346ea9d6003b4905ee525,"{""edges"":[[""ARTHRITIS"",""COPD""],[""ARTHRITIS"",""DIABETES""],[""COPD"",""CURRENT_ASTHMA""],[""COPD"",""ISCHEMIC_HEART_DISEASE""]],""nodes"":[""ARTHRITIS"",""COPD"",""CURRENT_ASTHMA"",""DIABETES"",""ISCHEMIC_HEART_DISEASE""]}",5,4,"[""ARTHRITIS"",""COPD"",""CURRENT_ASTHMA"",""DIABETES"",""ISCHEMIC_HEART_DISEASE""]","[[""ARTHRITIS"",""COPD""],[""ARTHRITIS"",""DIABETES""],[""COPD"",""CURRENT_ASTHMA""],[""COPD"",""ISCHEMIC_HEART_DISEASE""]]",occ_b2a170aa33e14016,False,False,False,50,0.5319148936170213,31,47,1.0,48.804,46.0,50.0,47,94,43,0.4574468085106383,31,"[""2023_01_education_binary_lower"",""2023_05_education_binary_higher"",""2023_05_education_binary_lower"",""2023_12_education_binary_lower"",""2023_13_education_binary_higher"",""2023_13_education_binary_lower"",""2023_16_education_binary_lower"",""2023_18_education_binary_higher"",""2023_18_education_binary_lower"",""2023_19_education_binary_lower"",""2023_22_education_binary_lower"",""2023_23_education_binary_higher"",""2023_23_education_binary_lower"",""2023_24_education_binary_lower"",""2023_25_education_binary_higher"",""2023_26_education_binary_higher"",""2023_26_education_binary_lower"",""2023_27_education_binary_lower"",""2023_28_education_binary_lower"",""2023_29_education_binary_higher"",""2023_29_education_binary_lower"",""2023_30_education_binary_lower"",""2023_31_education_binary_lower"",""2023_36_education_binary_lower"",""2023_39_education_binary_higher"",""2023_39_education_binary_lower"",""2023_40_education_binary_higher"",""2023_40_education_binary_lower"",""2023_41_education_binary_higher"",""2023_44_education_binary_higher"",""2023_45_education_binary_higher"",""2023_45_education_binary_lower"",""2023_47_education_binary_higher"",""2023_47_education_binary_lower"",""2023_48_education_binary_lower"",""2023_49_education_binary_lower"",""2023_51_education_binary_lower"",""2023_53_education_binary_lower"",""2023_54_education_binary_higher"",""2023_54_education_binary_lower"",""2023_55_education_binary_higher"",""2023_55_education_binary_lower"",""2023_56_education_binary_higher""]",True,-0.07446808510638298
motif_7887aeea576de116,7887aeea576de1165c12a25199ba28ad9e303c71ade6328ce548bbdafad36d8c,"{""edges"":[[""ARTHRITIS"",""DIABETES""],[""ARTHRITIS"",""KIDNEY_DISEASE""],[""ARTHRITIS"",""OTHER_CANCER""],[""OTHER_CANCER"",""SKIN_CANCER""]],""nodes"":[""ARTHRITIS"",""DIABETES"",""KIDNEY_DISEASE"",""OTHER_CANCER"",""SKIN_CANCER""]}",5,4,"[""ARTHRITIS"",""DIABETES"",""KIDNEY_DISEASE"",""OTHER_CANCER"",""SKIN_CANCER""]","[[""ARTHRITIS"",""DIABETES""],[""ARTHRITIS"",""KIDNEY_DISEASE""],[""ARTHRITIS"",""OTHER_CANCER""],[""OTHER_CANCER"",""SKIN_CANCER""]]",occ_7083e42028a16192,True,True,False,28,0.2978723404255319,22,47,1.0,26.864,24.475,28.0,47,94,27,0.2872340425531915,21,"[""2023_01_education_binary_lower"",""2023_02_education_binary_higher"",""2023_04_education_binary_higher"",""2023_05_education_binary_lower"",""2023_10_education_binary_higher"",""2023_13_education_binary_higher"",""2023_13_education_binary_lower"",""2023_18_education_binary_higher"",""2023_18_education_binary_lower"",""2023_19_education_binary_lower"",""2023_23_education_binary_lower"",""2023_25_education_binary_higher"",""2023_26_education_binary_lower"",""2023_27_education_binary_lower"",""2023_29_education_binary_higher"",""2023_38_education_binary_lower"",""2023_39_education_binary_higher"",""2023_39_education_binary_lower"",""2023_41_education_binary_lower"",""2023_45_education_binary_higher"",""2023_45_education_binary_lower"",""2023_47_education_binary_higher"",""2023_47_education_binary_lower"",""2023_48_education_binary_higher"",""2023_49_education_binary_lower"",""2023_53_education_binary_higher"",""2023_53_education_binary_lower""]",True,-0.010638297872340385
motif_795694a86aef5c38,795694a86aef5c38bc63830f6927138b3b7f2d71554b18526042a040975dd6f7,"{""edges"":[[""ARTHRITIS"",""COPD""],[""ARTHRITIS"",""ISCHEMIC_HEART_DISEASE""],[""COPD"",""ISCHEMIC_HEART_DISEASE""]],""nodes"":[""ARTHRITIS"",""COPD"",""ISCHEMIC_HEART_DISEASE""]}",3,3,"[""ARTHRITIS"",""COPD"",""ISCHEMIC_HEART_DISEASE""]","[[""ARTHRITIS"",""COPD""],[""ARTHRITIS"",""ISCHEMIC_HEART_DISEASE""],[""COPD"",""ISCHEMIC_HEART_DISEASE""]]",occ_d4f00a971fbc8d2f,True,True,False,58,0.6170212765957447,36,47,1.0,56.434,54.0,58.0,47,94,51,0.5425531914893617,36,"[""2023_01_education_binary_lower"",""2023_05_education_binary_higher"",""2023_05_education_binary_lower"",""2023_10_education_binary_higher"",""2023_12_education_binary_higher"",""2023_12_education_binary_lower"",""2023_13_education_binary_higher"",""2023_13_education_binary_lower"",""2023_16_education_binary_lower"",""2023_18_education_binary_higher"",""2023_18_education_binary_lower"",""2023_19_education_binary_lower"",""2023_20_education_binary_lower"",""2023_22_education_binary_lower"",""2023_23_education_binary_higher"",""2023_23_education_binary_lower"",""2023_24_education_binary_lower"",""2023_25_education_binary_higher"",""2023_26_education_binary_higher"",""2023_26_education_binary_lower"",""2023_27_education_binary_lower"",""2023_28_education_binary_lower"",""2023_29_education_binary_lower"",""2023_30_education_binary_lower"",""2023_31_education_binary_higher"",""2023_31_education_binary_lower"",""2023_36_education_binary_lower"",""2023_37_education_binary_lower"",""2023_38_education_binary_higher"",""2023_39_education_binary_higher"",""2023_39_education_binary_lower"",""2023_40_education_binary_higher"",""2023_40_education_binary_lower"",""2023_41_education_binary_higher"",""2023_44_education_binary_higher"",""2023_45_education_binary_higher"",""2023_45_education_binary_lower"",""2023_46_education_binary_higher"",""2023_46_education_binary_lower"",""2023_47_education_binary_higher"",""2023_47_education_binary_lower"",""2023_48_education_binary_lower"",""2023_49_education_binary_lower"",""2023_51_education_binary_lower"",""2023_53_education_binary_lower"",""2023_54_education_binary_higher"",""2023_54_education_binary_lower"",""2023_55_education_binary_higher"",""2023_55_education_binary_lower"",""2023_56_education_binary_higher"",""2023_56_education_binary_lower""]",True,-0.07446808510638303
motif_7a01626f3ff4e596,7a01626f3ff4e5963837cd643ce786291578b1cb2995c83f4122eeb8ef460a0b,"{""edges"":[[""ARTHRITIS"",""DIABETES""],[""ARTHRITIS"",""ISCHEMIC_HEART_DISEASE""],[""DIABETES"",""KIDNEY_DISEASE""]],""nodes"":[""ARTHRITIS"",""DIABETES"",""ISCHEMIC_HEART_DISEASE"",""KIDNEY_DISEASE""]}",4,3,"[""ARTHRITIS"",""DIABETES"",""ISCHEMIC_HEART_DISEASE"",""KIDNEY_DISEASE""]","[[""ARTHRITIS"",""DIABETES""],[""ARTHRITIS"",""ISCHEMIC_HEART_DISEASE""],[""DIABETES"",""KIDNEY_DISEASE""]]",occ_6b1448a672519ec2,True,True,False,58,0.6170212765957447,36,47,1.0,55.694,52.0,58.0,47,94,46,0.48936170212765956,33,"[""2023_01_education_binary_higher"",""2023_01_education_binary_lower"",""2023_02_education_binary_higher"",""2023_04_education_binary_higher"",""2023_04_education_binary_lower"",""2023_05_education_binary_lower"",""2023_08_education_binary_lower"",""2023_10_education_binary_lower"",""2023_12_education_binary_lower"",""2023_13_education_binary_lower"",""2023_16_education_binary_higher"",""2023_16_education_binary_lower"",""2023_17_education_binary_lower"",""2023_18_education_binary_higher"",""2023_18_education_binary_lower"",""2023_19_education_binary_higher"",""2023_19_education_binary_lower"",""2023_20_education_binary_higher"",""2023_22_education_binary_higher"",""2023_22_education_binary_lower"",""2023_23_education_binary_higher"",""2023_23_education_binary_lower"",""2023_24_education_binary_higher"",""2023_24_education_binary_lower"",""2023_25_education_binary_higher"",""2023_26_education_binary_higher"",""2023_26_education_binary_lower"",""2023_29_education_binary_lower"",""2023_31_education_binary_higher"",""2023_33_education_binary_lower"",""2023_37_education_binary_lower"",""2023_38_education_binary_higher"",""2023_38_education_binary_lower"",""2023_39_education_binary_higher"",""2023_39_education_binary_lower"",""2023_40_education_binary_higher"",""2023_41_education_binary_higher"",""2023_45_education_binary_higher"",""2023_47_education_binary_higher"",""2023_47_education_binary_lower"",""2023_48_education_binary_lower"",""2023_51_education_binary_lower"",""2023_53_education_binary_higher"",""2023_53_education_binary_lower"",""2023_54_education_binary_lower"",""2023_55_education_binary_higher""]",True,-0.12765957446808512
motif_7c9654a7552f1afd,7c9654a7552f1afd14cf49d0116c946e6c800327e923d0228da4b6d668b24e27,"{""edges"":[[""ARTHRITIS"",""DIABETES""],[""ARTHRITIS"",""ISCHEMIC_HEART_DISEASE""],[""ARTHRITIS"",""KIDNEY_DISEASE""],[""DIABETES"",""ISCHEMIC_HEART_DISEASE""],[""DIABETES"",""KIDNEY_DISEASE""],[""ISCHEMIC_HEART_DISEASE"",""STROKE""]],""nodes"":[""ARTHRITIS"",""DIABETES"",""ISCHEMIC_HEART_DISEASE"",""KIDNEY_DISEASE"",""STROKE""]}",5,6,"[""ARTHRITIS"",""DIABETES"",""ISCHEMIC_HEART_DISEASE"",""KIDNEY_DISEASE"",""STROKE""]","[[""ARTHRITIS"",""DIABETES""],[""ARTHRITIS"",""ISCHEMIC_HEART_DISEASE""],[""ARTHRITIS"",""KIDNEY_DISEASE""],[""DIABETES"",""ISCHEMIC_HEART_DISEASE""],[""DIABETES"",""KIDNEY_DISEASE""],[""ISCHEMIC_HEART_DISEASE"",""STROKE""]]",occ_f6f35cb0a93c6217,True,True,False,29,0.3085106382978723,20,47,1.0,27.66,25.0,29.0,47,94,21,0.22340425531914893,17,"[""2023_01_education_binary_lower"",""2023_04_education_binary_higher"",""2023_05_education_binary_lower"",""2023_13_education_binary_lower"",""2023_18_education_binary_higher"",""2023_18_education_binary_lower"",""2023_19_education_binary_lower"",""2023_22_education_binary_lower"",""2023_23_education_binary_lower"",""2023_25_education_binary_higher"",""2023_37_education_binary_lower"",""2023_39_education_binary_higher"",""2023_39_education_binary_lower"",""2023_40_education_binary_higher"",""2023_45_education_binary_higher"",""2023_47_education_binary_higher"",""2023_47_education_binary_lower"",""2023_48_education_binary_lower"",""2023_51_education_binary_lower"",""2023_53_education_binary_higher"",""2023_53_education_binary_lower""]",True,-0.08510638297872336
motif_7d709f8abcdc82e5,7d709f8abcdc82e5d3ee35ed9e83b629816c922a1e7d1b3520aa249b289ce2eb,"{""edges"":[[""ARTHRITIS"",""ISCHEMIC_HEART_DISEASE""],[""ARTHRITIS"",""KIDNEY_DISEASE""],[""DIABETES"",""KIDNEY_DISEASE""],[""ISCHEMIC_HEART_DISEASE"",""STROKE""]],""nodes"":[""ARTHRITIS"",""DIABETES"",""ISCHEMIC_HEART_DISEASE"",""KIDNEY_DISEASE"",""STROKE""]}",5,4,"[""ARTHRITIS"",""DIABETES"",""ISCHEMIC_HEART_DISEASE"",""KIDNEY_DISEASE"",""STROKE""]","[[""ARTHRITIS"",""ISCHEMIC_HEART_DISEASE""],[""ARTHRITIS"",""KIDNEY_DISEASE""],[""DIABETES"",""KIDNEY_DISEASE""],[""ISCHEMIC_HEART_DISEASE"",""STROKE""]]",occ_3242bd3249cf71eb,True,True,False,34,0.3617021276595745,25,47,1.0,32.196,29.0,34.0,47,94,25,0.26595744680851063,20,"[""2023_01_education_binary_lower"",""2023_02_education_binary_higher"",""2023_04_education_binary_higher"",""2023_05_education_binary_lower"",""2023_13_education_binary_lower"",""2023_18_education_binary_higher"",""2023_18_education_binary_lower"",""2023_19_education_binary_lower"",""2023_22_education_binary_higher"",""2023_22_education_binary_lower"",""2023_23_education_binary_lower"",""2023_25_education_binary_higher"",""2023_26_education_binary_lower"",""2023_34_education_binary_higher"",""2023_37_education_binary_lower"",""2023_39_education_binary_higher"",""2023_39_education_binary_lower"",""2023_40_education_binary_higher"",""2023_45_education_binary_higher"",""2023_47_education_binary_higher"",""2023_47_education_binary_lower"",""2023_48_education_binary_lower"",""2023_51_education_binary_lower"",""2023_53_education_binary_higher"",""2023_53_education_binary_lower""]",True,-0.09574468085106386
motif_7e70cbb5d1272c31,7e70cbb5d1272c3180f3f205ef6bfe72cf4ab09037b43ebb2616f8dedfed88f0,"{""edges"":[[""ARTHRITIS"",""COPD""],[""ARTHRITIS"",""OTHER_CANCER""],[""ARTHRITIS"",""SKIN_CANCER""]],""nodes"":[""ARTHRITIS"",""COPD"",""OTHER_CANCER"",""SKIN_CANCER""]}",4,3,"[""ARTHRITIS"",""COPD"",""OTHER_CANCER"",""SKIN_CANCER""]","[[""ARTHRITIS"",""COPD""],[""ARTHRITIS"",""OTHER_CANCER""],[""ARTHRITIS"",""SKIN_CANCER""]]",occ_336ff7781afcaea3,False,False,False,26,0.2765957446808511,21,47,1.0,24.988,23.0,26.0,47,94,25,0.26595744680851063,22,"[""2023_04_education_binary_higher"",""2023_06_education_binary_higher"",""2023_08_education_binary_higher"",""2023_09_education_binary_lower"",""2023_10_education_binary_higher"",""2023_10_education_binary_lower"",""2023_12_education_binary_higher"",""2023_13_education_binary_lower"",""2023_16_education_binary_lower"",""2023_18_education_binary_higher"",""2023_18_education_binary_lower"",""2023_25_education_binary_higher"",""2023_30_education_binary_lower"",""2023_31_education_binary_lower"",""2023_33_education_binary_higher"",""2023_38_education_binary_lower"",""2023_39_education_binary_lower"",""2023_41_education_binary_higher"",""2023_45_education_binary_lower"",""2023_47_education_binary_lower"",""2023_49_education_binary_lower"",""2023_50_education_binary_higher"",""2023_54_education_binary_higher"",""2023_54_education_binary_lower"",""2023_55_education_binary_lower""]",True,-0.010638297872340441
motif_7ed0d1a35df795fc,7ed0d1a35df795fcddc93ba82de0efe58b3f99f8d80713052fb3f3ebf7c34e83,"{""edges"":[[""ARTHRITIS"",""COPD""],[""ARTHRITIS"",""DIABETES""],[""ARTHRITIS"",""ISCHEMIC_HEART_DISEASE""],[""ARTHRITIS"",""OTHER_CANCER""],[""DIABETES"",""ISCHEMIC_HEART_DISEASE""]],""nodes"":[""ARTHRITIS"",""COPD"",""DIABETES"",""ISCHEMIC_HEART_DISEASE"",""OTHER_CANCER""]}",5,5,"[""ARTHRITIS"",""COPD"",""DIABETES"",""ISCHEMIC_HEART_DISEASE"",""OTHER_CANCER""]","[[""ARTHRITIS"",""COPD""],[""ARTHRITIS"",""DIABETES""],[""ARTHRITIS"",""ISCHEMIC_HEART_DISEASE""],[""ARTHRITIS"",""OTHER_CANCER""],[""DIABETES"",""ISCHEMIC_HEART_DISEASE""]]",occ_973d90552c94f5b7,True,True,False,44,0.4680851063829787,31,47,1.0,42.13,39.0,44.0,47,94,39,0.4148936170212766,29,"[""2023_01_education_binary_lower"",""2023_04_education_binary_higher"",""2023_05_education_binary_higher"",""2023_05_education_binary_lower"",""2023_13_education_binary_higher"",""2023_13_education_binary_lower"",""2023_16_education_binary_lower"",""2023_18_education_binary_higher"",""2023_18_education_binary_lower"",""2023_19_education_binary_lower"",""2023_20_education_binary_higher"",""2023_23_education_binary_higher"",""2023_23_education_binary_lower"",""2023_24_education_binary_higher"",""2023_24_education_binary_lower"",""2023_25_education_binary_higher"",""2023_26_education_binary_higher"",""2023_27_education_binary_lower"",""2023_30_education_binary_lower"",""2023_31_education_binary_higher"",""2023_33_education_binary_lower"",""2023_36_education_binary_lower"",""2023_37_education_binary_lower"",""2023_38_education_binary_higher"",""2023_39_education_binary_higher"",""2023_39_education_binary_lower"",""2023_41_education_binary_higher"",""2023_44_education_binary_higher"",""2023_45_education_binary_higher"",""2023_45_education_binary_lower"",""2023_47_education_binary_higher"",""2023_47_education_binary_lower"",""2023_49_education_binary_lower"",""2023_51_education_binary_lower"",""2023_53_education_binary_lower"",""2023_54_education_binary_higher"",""2023_54_education_binary_lower"",""2023_55_education_binary_higher"",""2023_55_education_binary_lower""]",True,-0.05319148936170209
motif_7efc4f61929ef0b8,7efc4f61929ef0b878a93f03f8fffa6a4cccee0a0ac1bce2ed430e90bac91987,"{""edges"":[[""ARTHRITIS"",""COPD""],[""ARTHRITIS"",""ISCHEMIC_HEART_DISEASE""],[""COPD"",""CURRENT_ASTHMA""],[""COPD"",""ISCHEMIC_HEART_DISEASE""]],""nodes"":[""ARTHRITIS"",""COPD"",""CURRENT_ASTHMA"",""ISCHEMIC_HEART_DISEASE""]}",4,4,"[""ARTHRITIS"",""COPD"",""CURRENT_ASTHMA"",""ISCHEMIC_HEART_DISEASE""]","[[""ARTHRITIS"",""COPD""],[""ARTHRITIS"",""ISCHEMIC_HEART_DISEASE""],[""COPD"",""CURRENT_ASTHMA""],[""COPD"",""ISCHEMIC_HEART_DISEASE""]]",occ_678f37b59c503592,True,True,False,53,0.5638297872340425,33,47,1.0,51.626,49.0,53.0,47,94,46,0.48936170212765956,33,"[""2023_01_education_binary_lower"",""2023_05_education_binary_higher"",""2023_05_education_binary_lower"",""2023_12_education_binary_higher"",""2023_12_education_binary_lower"",""2023_13_education_binary_higher"",""2023_13_education_binary_lower"",""2023_16_education_binary_lower"",""2023_18_education_binary_higher"",""2023_18_education_binary_lower"",""2023_19_education_binary_lower"",""2023_20_education_binary_lower"",""2023_22_education_binary_lower"",""2023_23_education_binary_higher"",""2023_23_education_binary_lower"",""2023_24_education_binary_lower"",""2023_25_education_binary_higher"",""2023_26_education_binary_higher"",""2023_26_education_binary_lower"",""2023_27_education_binary_lower"",""2023_28_education_binary_lower"",""2023_29_education_binary_lower"",""2023_30_education_binary_lower"",""2023_31_education_binary_lower"",""2023_36_education_binary_lower"",""2023_39_education_binary_higher"",""2023_39_education_binary_lower"",""2023_40_education_binary_higher"",""2023_40_education_binary_lower"",""2023_41_education_binary_higher"",""2023_44_education_binary_higher"",""2023_45_education_binary_higher"",""2023_45_education_binary_lower"",""2023_46_education_binary_lower"",""2023_47_education_binary_higher"",""2023_47_education_binary_lower"",""2023_48_education_binary_lower"",""2023_49_education_binary_lower"",""2023_51_education_binary_lower"",""2023_53_education_binary_lower"",""2023_54_education_binary_higher"",""2023_54_education_binary_lower"",""2023_55_education_binary_higher"",""2023_55_education_binary_lower"",""2023_56_education_binary_higher"",""2023_56_education_binary_lower""]",True,-0.07446808510638298
motif_7f263166867f6719,7f263166867f67198ea88aaeebeb792b356d0a90bd980dc1e6b1ac5c7314726e,"{""edges"":[[""ARTHRITIS"",""DIABETES""],[""ARTHRITIS"",""KIDNEY_DISEASE""],[""ARTHRITIS"",""OTHER_CANCER""],[""DIABETES"",""ISCHEMIC_HEART_DISEASE""]],""nodes"":[""ARTHRITIS"",""DIABETES"",""ISCHEMIC_HEART_DISEASE"",""KIDNEY_DISEASE"",""OTHER_CANCER""]}",5,4,"[""ARTHRITIS"",""DIABETES"",""ISCHEMIC_HEART_DISEASE"",""KIDNEY_DISEASE"",""OTHER_CANCER""]","[[""ARTHRITIS"",""DIABETES""],[""ARTHRITIS"",""KIDNEY_DISEASE""],[""ARTHRITIS"",""OTHER_CANCER""],[""DIABETES"",""ISCHEMIC_HEART_DISEASE""]]",occ_c17cd9402f1eab65,False,False,False,24,0.2553191489361702,19,47,1.0,23.188,21.0,24.0,47,94,23,0.24468085106382978,17,"[""2023_01_education_binary_lower"",""2023_04_education_binary_higher"",""2023_05_education_binary_lower"",""2023_13_education_binary_higher"",""2023_13_education_binary_lower"",""2023_18_education_binary_higher"",""2023_18_education_binary_lower"",""2023_19_education_binary_lower"",""2023_23_education_binary_lower"",""2023_25_education_binary_higher"",""2023_27_education_binary_lower"",""2023_29_education_binary_higher"",""2023_37_education_binary_lower"",""2023_39_education_binary_higher"",""2023_39_education_binary_lower"",""2023_45_education_binary_higher"",""2023_45_education_binary_lower"",""2023_47_education_binary_higher"",""2023_47_education_binary_lower"",""2023_49_education_binary_lower"",""2023_51_education_binary_lower"",""2023_53_education_binary_higher"",""2023_53_education_binary_lower""]",True,-0.010638297872340413
motif_80fca12529cb792b,80fca12529cb792b9919420effd4ca08744164f258d4f98a792e744f9efed89c,"{""edges"":[[""ARTHRITIS"",""COPD""],[""COPD"",""ISCHEMIC_HEART_DISEASE""],[""DIABETES"",""KIDNEY_DISEASE""],[""ISCHEMIC_HEART_DISEASE"",""KIDNEY_DISEASE""]],""nodes"":[""ARTHRITIS"",""COPD"",""DIABETES"",""ISCHEMIC_HEART_DISEASE"",""KIDNEY_DISEASE""]}",5,4,"[""ARTHRITIS"",""COPD"",""DIABETES"",""ISCHEMIC_HEART_DISEASE"",""KIDNEY_DISEASE""]","[[""ARTHRITIS"",""COPD""],[""COPD"",""ISCHEMIC_HEART_DISEASE""],[""DIABETES"",""KIDNEY_DISEASE""],[""ISCHEMIC_HEART_DISEASE"",""KIDNEY_DISEASE""]]",occ_3a01952fa3773c84,True,True,False,32,0.3404255319148936,26,47,1.0,29.846,27.0,32.0,46,92,21,0.22826086956521738,17,"[""2023_01_education_binary_lower"",""2023_05_education_binary_lower"",""2023_12_education_binary_higher"",""2023_12_education_binary_lower"",""2023_18_education_binary_higher"",""2023_18_education_binary_lower"",""2023_22_education_binary_lower"",""2023_23_education_binary_higher"",""2023_26_education_binary_higher"",""2023_31_education_binary_higher"",""2023_37_education_binary_lower"",""2023_38_education_binary_higher"",""2023_39_education_binary_higher"",""2023_39_education_binary_lower"",""2023_40_education_binary_higher"",""2023_47_education_binary_higher"",""2023_47_education_binary_lower"",""2023_48_education_binary_lower"",""2023_51_education_binary_lower"",""2023_53_education_binary_lower"",""2023_54_education_binary_lower""]",True,-0.11216466234967623
motif_810b92e3ea05e188,810b92e3ea05e18800578c81de7a7c0a87a8a337da43648911dfba979c43325b,"{""edges"":[[""ARTHRITIS"",""ISCHEMIC_HEART_DISEASE""],[""COPD"",""ISCHEMIC_HEART_DISEASE""],[""DIABETES"",""KIDNEY_DISEASE""],[""ISCHEMIC_HEART_DISEASE"",""KIDNEY_DISEASE""]],""nodes"":[""ARTHRITIS"",""COPD"",""DIABETES"",""ISCHEMIC_HEART_DISEASE"",""KIDNEY_DISEASE""]}",5,4,"[""ARTHRITIS"",""COPD"",""DIABETES"",""ISCHEMIC_HEART_DISEASE"",""KIDNEY_DISEASE""]","[[""ARTHRITIS"",""ISCHEMIC_HEART_DISEASE""],[""COPD"",""ISCHEMIC_HEART_DISEASE""],[""DIABETES"",""KIDNEY_DISEASE""],[""ISCHEMIC_HEART_DISEASE"",""KIDNEY_DISEASE""]]",occ_73eef374aa8131e0,False,False,False,30,0.3191489361702128,24,47,1.0,28.032,25.0,30.0,46,92,21,0.22826086956521738,17,"[""2023_01_education_binary_lower"",""2023_05_education_binary_lower"",""2023_12_education_binary_higher"",""2023_12_education_binary_lower"",""2023_18_education_binary_higher"",""2023_18_education_binary_lower"",""2023_22_education_binary_lower"",""2023_23_education_binary_higher"",""2023_26_education_binary_higher"",""2023_31_education_binary_higher"",""2023_37_education_binary_lower"",""2023_38_education_binary_higher"",""2023_39_education_binary_higher"",""2023_39_education_binary_lower"",""2023_40_education_binary_higher"",""2023_47_education_binary_higher"",""2023_47_education_binary_lower"",""2023_48_education_binary_lower"",""2023_51_education_binary_lower"",""2023_53_education_binary_lower"",""2023_54_education_binary_lower""]",True,-0.0908880666049954
motif_8173fff60f0d3407,8173fff60f0d34074407e643aa2c8311a84a1aa57651d420ff7d8b6e1c3d31f9,"{""edges"":[[""ARTHRITIS"",""ISCHEMIC_HEART_DISEASE""],[""ARTHRITIS"",""SKIN_CANCER""],[""OTHER_CANCER"",""SKIN_CANCER""]],""nodes"":[""ARTHRITIS"",""ISCHEMIC_HEART_DISEASE"",""OTHER_CANCER"",""SKIN_CANCER""]}",4,3,"[""ARTHRITIS"",""ISCHEMIC_HEART_DISEASE"",""OTHER_CANCER"",""SKIN_CANCER""]","[[""ARTHRITIS"",""ISCHEMIC_HEART_DISEASE""],[""ARTHRITIS"",""SKIN_CANCER""],[""OTHER_CANCER"",""SKIN_CANCER""]]",occ_581c5704df278e5a,True,True,False,32,0.3404255319148936,26,47,1.0,30.826,29.0,32.0,47,94,30,0.3191489361702128,25,"[""2023_01_education_binary_higher"",""2023_04_education_binary_higher"",""2023_06_education_binary_higher"",""2023_08_education_binary_higher"",""2023_09_education_binary_lower"",""2023_10_education_binary_higher"",""2023_10_education_binary_lower"",""2023_12_education_binary_higher"",""2023_13_education_binary_lower"",""2023_16_education_binary_lower"",""2023_18_education_binary_higher"",""2023_18_education_binary_lower"",""2023_22_education_binary_higher"",""2023_25_education_binary_higher"",""2023_30_education_binary_lower"",""2023_31_education_binary_lower"",""2023_38_education_binary_lower"",""2023_39_education_binary_lower"",""2023_41_education_binary_higher"",""2023_45_education_binary_lower"",""2023_47_education_binary_lower"",""2023_49_education_binary_higher"",""2023_49_education_binary_lower"",""2023_50_education_binary_higher"",""2023_50_education_binary_lower"",""2023_53_education_binary_higher"",""2023_54_education_binary_higher"",""2023_54_education_binary_lower"",""2023_55_education_binary_lower"",""2023_56_education_binary_higher""]",True,-0.021276595744680826
motif_8182686a0f8422e0,8182686a0f8422e0310621c58706107944ff0d59f902d2b68814b452878fa6f6,"{""edges"":[[""ARTHRITIS"",""ISCHEMIC_HEART_DISEASE""],[""COPD"",""ISCHEMIC_HEART_DISEASE""],[""ISCHEMIC_HEART_DISEASE"",""KIDNEY_DISEASE""],[""ISCHEMIC_HEART_DISEASE"",""STROKE""]],""nodes"":[""ARTHRITIS"",""COPD"",""ISCHEMIC_HEART_DISEASE"",""KIDNEY_DISEASE"",""STROKE""]}",5,4,"[""ARTHRITIS"",""COPD"",""ISCHEMIC_HEART_DISEASE"",""KIDNEY_DISEASE"",""STROKE""]","[[""ARTHRITIS"",""ISCHEMIC_HEART_DISEASE""],[""COPD"",""ISCHEMIC_HEART_DISEASE""],[""ISCHEMIC_HEART_DISEASE"",""KIDNEY_DISEASE""],[""ISCHEMIC_HEART_DISEASE"",""STROKE""]]",occ_7037578bc5ccb24e,False,False,False,34,0.3617021276595745,25,47,1.0,31.99,29.0,34.0,46,92,29,0.31521739130434784,21,"[""2023_01_education_binary_lower"",""2023_05_education_binary_higher"",""2023_05_education_binary_lower"",""2023_12_education_binary_higher"",""2023_12_education_binary_lower"",""2023_18_education_binary_higher"",""2023_18_education_binary_lower"",""2023_20_education_binary_lower"",""2023_22_education_binary_lower"",""2023_23_education_binary_higher"",""2023_26_education_binary_higher"",""2023_31_education_binary_higher"",""2023_31_education_binary_lower"",""2023_36_education_binary_lower"",""2023_37_education_binary_lower"",""2023_38_education_binary_higher"",""2023_39_education_binary_higher"",""2023_39_education_binary_lower"",""2023_40_education_binary_higher"",""2023_40_education_binary_lower"",""2023_45_education_binary_lower"",""2023_47_education_binary_higher"",""2023_47_education_binary_lower"",""2023_48_education_binary_lower"",""2023_49_education_binary_lower"",""2023_51_education_binary_lower"",""2023_53_education_binary_lower"",""2023_54_education_binary_higher"",""2023_54_education_binary_lower""]",True,-0.04648473635522665
motif_82337625a556d562,82337625a556d562f908a859f55bcd0a318e662dfbc070da8a80d0a43f11ab83,"{""edges"":[[""ARTHRITIS"",""COPD""],[""ARTHRITIS"",""ISCHEMIC_HEART_DISEASE""],[""ARTHRITIS"",""KIDNEY_DISEASE""],[""DIABETES"",""ISCHEMIC_HEART_DISEASE""]],""nodes"":[""ARTHRITIS"",""COPD"",""DIABETES"",""ISCHEMIC_HEART_DISEASE"",""KIDNEY_DISEASE""]}",5,4,"[""ARTHRITIS"",""COPD"",""DIABETES"",""ISCHEMIC_HEART_DISEASE"",""KIDNEY_DISEASE""]","[[""ARTHRITIS"",""COPD""],[""ARTHRITIS"",""ISCHEMIC_HEART_DISEASE""],[""ARTHRITIS"",""KIDNEY_DISEASE""],[""DIABETES"",""ISCHEMIC_HEART_DISEASE""]]",occ_b239a27949b944bb,True,True,False,36,0.3829787234042553,25,47,1.0,34.794,33.0,36.0,47,94,24,0.2553191489361702,19,"[""2023_01_education_binary_lower"",""2023_04_education_binary_higher"",""2023_05_education_binary_lower"",""2023_13_education_binary_higher"",""2023_13_education_binary_lower"",""2023_18_education_binary_higher"",""2023_18_education_binary_lower"",""2023_19_education_binary_lower"",""2023_22_education_binary_lower"",""2023_23_education_binary_lower"",""2023_25_education_binary_higher"",""2023_27_education_binary_lower"",""2023_37_education_binary_lower"",""2023_39_education_binary_higher"",""2023_39_education_binary_lower"",""2023_40_education_binary_higher"",""2023_45_education_binary_higher"",""2023_45_education_binary_lower"",""2023_47_education_binary_higher"",""2023_47_education_binary_lower"",""2023_48_education_binary_lower"",""2023_49_education_binary_lower"",""2023_51_education_binary_lower"",""2023_53_education_binary_lower""]",True,-0.12765957446808512
motif_825fab86668eb8ff,825fab86668eb8ffeadb91eb4a29128f71ee45936f72a3581d3890f257d38903,"{""edges"":[[""ARTHRITIS"",""COPD""],[""ARTHRITIS"",""ISCHEMIC_HEART_DISEASE""],[""COPD"",""ISCHEMIC_HEART_DISEASE""],[""DIABETES"",""ISCHEMIC_HEART_DISEASE""],[""DIABETES"",""KIDNEY_DISEASE""]],""nodes"":[""ARTHRITIS"",""COPD"",""DIABETES"",""ISCHEMIC_HEART_DISEASE"",""KIDNEY_DISEASE""]}",5,5,"[""ARTHRITIS"",""COPD"",""DIABETES"",""ISCHEMIC_HEART_DISEASE"",""KIDNEY_DISEASE""]","[[""ARTHRITIS"",""COPD""],[""ARTHRITIS"",""ISCHEMIC_HEART_DISEASE""],[""COPD"",""ISCHEMIC_HEART_DISEASE""],[""DIABETES"",""ISCHEMIC_HEART_DISEASE""],[""DIABETES"",""KIDNEY_DISEASE""]]",occ_8f566e2005a04ea9,True,True,False,42,0.4468085106382978,30,47,1.0,39.79,37.0,42.0,47,94,29,0.30851063829787234,25,"[""2023_01_education_binary_lower"",""2023_05_education_binary_lower"",""2023_12_education_binary_higher"",""2023_13_education_binary_lower"",""2023_16_education_binary_lower"",""2023_18_education_binary_higher"",""2023_18_education_binary_lower"",""2023_19_education_binary_lower"",""2023_22_education_binary_lower"",""2023_23_education_binary_higher"",""2023_23_education_binary_lower"",""2023_24_education_binary_lower"",""2023_25_education_binary_higher"",""2023_26_education_binary_higher"",""2023_31_education_binary_higher"",""2023_37_education_binary_lower"",""2023_38_education_binary_higher"",""2023_39_education_binary_higher"",""2023_39_education_binary_lower"",""2023_40_education_binary_higher"",""2023_41_education_binary_higher"",""2023_45_education_binary_higher"",""2023_47_education_binary_higher"",""2023_47_education_binary_lower"",""2023_48_education_binary_lower"",""2023_51_education_binary_lower"",""2023_53_education_binary_lower"",""2023_54_education_binary_lower"",""2023_55_education_binary_higher""]",True,-0.13829787234042545
motif_8288677f41522d3e,8288677f41522d3e096f9c77db4ea83057ec2ffff3aa0543c5fe1d71a31368af,"{""edges"":[[""ARTHRITIS"",""COPD""],[""COPD"",""CURRENT_ASTHMA""],[""COPD"",""ISCHEMIC_HEART_DISEASE""],[""DIABETES"",""ISCHEMIC_HEART_DISEASE""]],""nodes"":[""ARTHRITIS"",""COPD"",""CURRENT_ASTHMA"",""DIABETES"",""ISCHEMIC_HEART_DISEASE""]}",5,4,"[""ARTHRITIS"",""COPD"",""CURRENT_ASTHMA"",""DIABETES"",""ISCHEMIC_HEART_DISEASE""]","[[""ARTHRITIS"",""COPD""],[""COPD"",""CURRENT_ASTHMA""],[""COPD"",""ISCHEMIC_HEART_DISEASE""],[""DIABETES"",""ISCHEMIC_HEART_DISEASE""]]",occ_6934c36f1b87411f,True,True,False,48,0.5106382978723404,32,47,1.0,46.504,44.0,48.0,47,94,40,0.425531914893617,31,"[""2023_01_education_binary_lower"",""2023_05_education_binary_higher"",""2023_05_education_binary_lower"",""2023_12_education_binary_higher"",""2023_13_education_binary_higher"",""2023_13_education_binary_lower"",""2023_16_education_binary_lower"",""2023_18_education_binary_higher"",""2023_18_education_binary_lower"",""2023_19_education_binary_lower"",""2023_20_education_binary_lower"",""2023_22_education_binary_lower"",""2023_23_education_binary_higher"",""2023_23_education_binary_lower"",""2023_24_education_binary_lower"",""2023_25_education_binary_higher"",""2023_26_education_binary_higher"",""2023_27_education_binary_lower"",""2023_28_education_binary_lower"",""2023_29_education_binary_higher"",""2023_30_education_binary_lower"",""2023_36_education_binary_lower"",""2023_39_education_binary_higher"",""2023_39_education_binary_lower"",""2023_40_education_binary_higher"",""2023_41_education_binary_higher"",""2023_44_education_binary_higher"",""2023_45_education_binary_higher"",""2023_45_education_binary_lower"",""2023_47_education_binary_higher"",""2023_47_education_binary_lower"",""2023_48_education_binary_lower"",""2023_49_education_binary_lower"",""2023_51_education_binary_lower"",""2023_53_education_binary_lower"",""2023_54_education_binary_higher"",""2023_54_education_binary_lower"",""2023_55_education_binary_higher"",""2023_55_education_binary_lower"",""2023_56_education_binary_higher""]",True,-0.08510638297872336
motif_82cb78c31a4d45f4,82cb78c31a4d45f406eb3e76caa7b95ade03810deaeff0927a10bd657e6fc9b5,"{""edges"":[[""ARTHRITIS"",""DIABETES""],[""ARTHRITIS"",""KIDNEY_DISEASE""],[""ARTHRITIS"",""OTHER_CANCER""],[""DIABETES"",""KIDNEY_DISEASE""],[""OTHER_CANCER"",""SKIN_CANCER""]],""nodes"":[""ARTHRITIS"",""DIABETES"",""KIDNEY_DISEASE"",""OTHER_CANCER"",""SKIN_CANCER""]}",5,5,"[""ARTHRITIS"",""DIABETES"",""KIDNEY_DISEASE"",""OTHER_CANCER"",""SKIN_CANCER""]","[[""ARTHRITIS"",""DIABETES""],[""ARTHRITIS"",""KIDNEY_DISEASE""],[""ARTHRITIS"",""OTHER_CANCER""],[""DIABETES"",""KIDNEY_DISEASE""],[""OTHER_CANCER"",""SKIN_CANCER""]]",occ_c0fbbcd25f4cbfd0,True,True,False,25,0.2659574468085106,19,47,1.0,23.762,21.0,25.0,47,94,20,0.2127659574468085,16,"[""2023_01_education_binary_lower"",""2023_02_education_binary_higher"",""2023_04_education_binary_higher"",""2023_05_education_binary_lower"",""2023_13_education_binary_lower"",""2023_18_education_binary_higher"",""2023_18_education_binary_lower"",""2023_19_education_binary_lower"",""2023_23_education_binary_lower"",""2023_25_education_binary_higher"",""2023_26_education_binary_lower"",""2023_29_education_binary_higher"",""2023_38_education_binary_lower"",""2023_39_education_binary_higher"",""2023_39_education_binary_lower"",""2023_45_education_binary_higher"",""2023_47_education_binary_higher"",""2023_47_education_binary_lower"",""2023_53_education_binary_higher"",""2023_53_education_binary_lower""]",True,-0.053191489361702066
motif_8543fd62cd4a1170,8543fd62cd4a11704c3dd9d97a56c13e7c49e6578d8ef9bd2eeb8227d2345f38,"{""edges"":[[""ARTHRITIS"",""COPD""],[""ARTHRITIS"",""DIABETES""],[""ARTHRITIS"",""ISCHEMIC_HEART_DISEASE""],[""COPD"",""ISCHEMIC_HEART_DISEASE""]],""nodes"":[""ARTHRITIS"",""COPD"",""DIABETES"",""ISCHEMIC_HEART_DISEASE""]}",4,4,"[""ARTHRITIS"",""COPD"",""DIABETES"",""ISCHEMIC_HEART_DISEASE""]","[[""ARTHRITIS"",""COPD""],[""ARTHRITIS"",""DIABETES""],[""ARTHRITIS"",""ISCHEMIC_HEART_DISEASE""],[""COPD"",""ISCHEMIC_HEART_DISEASE""]]",occ_7ae7f610cc3b8598,True,True,False,53,0.5638297872340425,34,47,1.0,51.47,49.0,53.0,47,94,47,0.5,35,"[""2023_01_education_binary_lower"",""2023_05_education_binary_higher"",""2023_05_education_binary_lower"",""2023_10_education_binary_higher"",""2023_12_education_binary_lower"",""2023_13_education_binary_higher"",""2023_13_education_binary_lower"",""2023_16_education_binary_lower"",""2023_18_education_binary_higher"",""2023_18_education_binary_lower"",""2023_19_education_binary_lower"",""2023_22_education_binary_lower"",""2023_23_education_binary_higher"",""2023_23_education_binary_lower"",""2023_24_education_binary_lower"",""2023_25_education_binary_higher"",""2023_26_education_binary_higher"",""2023_26_education_binary_lower"",""2023_27_education_binary_lower"",""2023_28_education_binary_lower"",""2023_29_education_binary_lower"",""2023_30_education_binary_lower"",""2023_31_education_binary_higher"",""2023_31_education_binary_lower"",""2023_36_education_binary_lower"",""2023_37_education_binary_lower"",""2023_38_education_binary_higher"",""2023_39_education_binary_higher"",""2023_39_education_binary_lower"",""2023_40_education_binary_higher"",""2023_40_education_binary_lower"",""2023_41_education_binary_higher"",""2023_44_education_binary_higher"",""2023_45_education_binary_higher"",""2023_45_education_binary_lower"",""2023_46_education_binary_higher"",""2023_47_education_binary_higher"",""2023_47_education_binary_lower"",""2023_48_education_binary_lower"",""2023_49_education_binary_lower"",""2023_51_education_binary_lower"",""2023_53_education_binary_lower"",""2023_54_education_binary_higher"",""2023_54_education_binary_lower"",""2023_55_education_binary_higher"",""2023_55_education_binary_lower"",""2023_56_education_binary_higher""]",True,-0.06382978723404253
motif_857cf1d41f71c8f6,857cf1d41f71c8f6c0b80cee0a21cbd0d6a9b24aa3f9b7879250c5a2b88dc97d,"{""edges"":[[""ARTHRITIS"",""COPD""],[""ARTHRITIS"",""ISCHEMIC_HEART_DISEASE""],[""ARTHRITIS"",""KIDNEY_DISEASE""],[""DIABETES"",""ISCHEMIC_HEART_DISEASE""],[""DIABETES"",""KIDNEY_DISEASE""]],""nodes"":[""ARTHRITIS"",""COPD"",""DIABETES"",""ISCHEMIC_HEART_DISEASE"",""KIDNEY_DISEASE""]}",5,5,"[""ARTHRITIS"",""COPD"",""DIABETES"",""ISCHEMIC_HEART_DISEASE"",""KIDNEY_DISEASE""]","[[""ARTHRITIS"",""COPD""],[""ARTHRITIS"",""ISCHEMIC_HEART_DISEASE""],[""ARTHRITIS"",""KIDNEY_DISEASE""],[""DIABETES"",""ISCHEMIC_HEART_DISEASE""],[""DIABETES"",""KIDNEY_DISEASE""]]",occ_24ef84aafdb15748,True,True,False,34,0.3617021276595745,25,47,1.0,32.41,30.0,34.0,47,94,20,0.2127659574468085,17,"[""2023_01_education_binary_lower"",""2023_04_education_binary_higher"",""2023_05_education_binary_lower"",""2023_13_education_binary_lower"",""2023_18_education_binary_higher"",""2023_18_education_binary_lower"",""2023_19_education_binary_lower"",""2023_22_education_binary_lower"",""2023_23_education_binary_lower"",""2023_25_education_binary_higher"",""2023_37_education_binary_lower"",""2023_39_education_binary_higher"",""2023_39_education_binary_lower"",""2023_40_education_binary_higher"",""2023_45_education_binary_higher"",""2023_47_education_binary_higher"",""2023_47_education_binary_lower"",""2023_48_education_binary_lower"",""2023_51_education_binary_lower"",""2023_53_education_binary_lower""]",True,-0.14893617021276598
motif_857e39d6361c69c4,857e39d6361c69c40f5e1857429f27c5c911e166b8179c36d979321830695079,"{""edges"":[[""ARTHRITIS"",""DIABETES""],[""DIABETES"",""KIDNEY_DISEASE""]],""nodes"":[""ARTHRITIS"",""DIABETES"",""KIDNEY_DISEASE""]}",3,2,"[""ARTHRITIS"",""DIABETES"",""KIDNEY_DISEASE""]","[[""ARTHRITIS"",""DIABETES""],[""DIABETES"",""KIDNEY_DISEASE""]]",occ_6b1448a672519ec2,False,False,False,58,0.6170212765957447,36,47,1.0,56.028,53.0,58.0,47,94,51,0.5425531914893617,35,"[""2023_01_education_binary_higher"",""2023_01_education_binary_lower"",""2023_02_education_binary_higher"",""2023_04_education_binary_higher"",""2023_04_education_binary_lower"",""2023_05_education_binary_lower"",""2023_08_education_binary_lower"",""2023_09_education_binary_higher"",""2023_10_education_binary_lower"",""2023_12_education_binary_lower"",""2023_13_education_binary_lower"",""2023_16_education_binary_higher"",""2023_16_education_binary_lower"",""2023_17_education_binary_higher"",""2023_17_education_binary_lower"",""2023_18_education_binary_higher"",""2023_18_education_binary_lower"",""2023_19_education_binary_higher"",""2023_19_education_binary_lower"",""2023_20_education_binary_higher"",""2023_22_education_binary_higher"",""2023_22_education_binary_lower"",""2023_23_education_binary_higher"",""2023_23_education_binary_lower"",""2023_24_education_binary_higher"",""2023_24_education_binary_lower"",""2023_25_education_binary_higher"",""2023_26_education_binary_higher"",""2023_26_education_binary_lower"",""2023_29_education_binary_higher"",""2023_29_education_binary_lower"",""2023_30_education_binary_higher"",""2023_31_education_binary_higher"",""2023_33_education_binary_lower"",""2023_37_education_binary_lower"",""2023_38_education_binary_higher"",""2023_38_education_binary_lower"",""2023_39_education_binary_higher"",""2023_39_education_binary_lower"",""2023_40_education_binary_higher"",""2023_41_education_binary_higher"",""2023_45_education_binary_higher"",""2023_47_education_binary_higher"",""2023_47_education_binary_lower"",""2023_48_education_binary_lower"",""2023_51_education_binary_higher"",""2023_51_education_binary_lower"",""2023_53_education_binary_higher"",""2023_53_education_binary_lower"",""2023_54_education_binary_lower"",""2023_55_education_binary_higher""]",True,-0.07446808510638303
motif_85897afcde10ae9d,85897afcde10ae9d6cb16e2923cdc85fbd3614c93dec9f8978c94309c952caaa,"{""edges"":[[""ARTHRITIS"",""ISCHEMIC_HEART_DISEASE""],[""ARTHRITIS"",""SKIN_CANCER""],[""ISCHEMIC_HEART_DISEASE"",""STROKE""],[""OTHER_CANCER"",""SKIN_CANCER""]],""nodes"":[""ARTHRITIS"",""ISCHEMIC_HEART_DISEASE"",""OTHER_CANCER"",""SKIN_CANCER"",""STROKE""]}",5,4,"[""ARTHRITIS"",""ISCHEMIC_HEART_DISEASE"",""OTHER_CANCER"",""SKIN_CANCER"",""STROKE""]","[[""ARTHRITIS"",""ISCHEMIC_HEART_DISEASE""],[""ARTHRITIS"",""SKIN_CANCER""],[""ISCHEMIC_HEART_DISEASE"",""STROKE""],[""OTHER_CANCER"",""SKIN_CANCER""]]",occ_8c1508a8813d6281,True,True,False,28,0.2978723404255319,23,47,1.0,26.634,24.0,28.0,47,94,26,0.2765957446808511,23,"[""2023_04_education_binary_higher"",""2023_06_education_binary_higher"",""2023_08_education_binary_higher"",""2023_09_education_binary_lower"",""2023_10_education_binary_lower"",""2023_12_education_binary_higher"",""2023_13_education_binary_lower"",""2023_16_education_binary_lower"",""2023_18_education_binary_higher"",""2023_18_education_binary_lower"",""2023_22_education_binary_higher"",""2023_25_education_binary_higher"",""2023_30_education_binary_lower"",""2023_31_education_binary_lower"",""2023_39_education_binary_lower"",""2023_41_education_binary_higher"",""2023_45_education_binary_lower"",""2023_47_education_binary_lower"",""2023_49_education_binary_lower"",""2023_50_education_binary_higher"",""2023_50_education_binary_lower"",""2023_53_education_binary_higher"",""2023_54_education_binary_higher"",""2023_54_education_binary_lower"",""2023_55_education_binary_lower"",""2023_56_education_binary_higher""]",True,-0.021276595744680826
motif_865a7e1db6e3d015,865a7e1db6e3d01537d5324cba97be45362811d21f56c55a3c02ee0bca4c3985,"{""edges"":[[""COPD"",""CURRENT_ASTHMA""],[""COPD"",""ISCHEMIC_HEART_DISEASE""],[""CURRENT_ASTHMA"",""DEPRESSIVE_DISORDER""]],""nodes"":[""COPD"",""CURRENT_ASTHMA"",""DEPRESSIVE_DISORDER"",""ISCHEMIC_HEART_DISEASE""]}",4,3,"[""COPD"",""CURRENT_ASTHMA"",""DEPRESSIVE_DISORDER"",""ISCHEMIC_HEART_DISEASE""]","[[""COPD"",""CURRENT_ASTHMA""],[""COPD"",""ISCHEMIC_HEART_DISEASE""],[""CURRENT_ASTHMA"",""DEPRESSIVE_DISORDER""]]",occ_c70db5d5a3e2a20d,False,False,False,34,0.3617021276595745,27,47,1.0,33.132,31.0,34.0,47,94,22,0.23404255319148937,18,"[""2023_01_education_binary_lower"",""2023_12_education_binary_lower"",""2023_16_education_binary_lower"",""2023_18_education_binary_higher"",""2023_18_education_binary_lower"",""2023_19_education_binary_lower"",""2023_22_education_binary_lower"",""2023_23_education_binary_higher"",""2023_23_education_binary_lower"",""2023_27_education_binary_lower"",""2023_28_education_binary_lower"",""2023_30_education_binary_lower"",""2023_36_education_binary_lower"",""2023_40_education_binary_higher"",""2023_47_education_binary_lower"",""2023_49_education_binary_lower"",""2023_50_education_binary_lower"",""2023_53_education_binary_higher"",""2023_53_education_binary_lower"",""2023_54_education_binary_higher"",""2023_54_education_binary_lower"",""2023_55_education_binary_lower""]",True,-0.12765957446808512
motif_8669434201178897,86694342011788978bf916eab6137541a19118d3b46bda52a27fd6c37a867d50,"{""edges"":[[""ARTHRITIS"",""DIABETES""],[""ARTHRITIS"",""ISCHEMIC_HEART_DISEASE""],[""ARTHRITIS"",""KIDNEY_DISEASE""],[""DIABETES"",""ISCHEMIC_HEART_DISEASE""],[""DIABETES"",""KIDNEY_DISEASE""]],""nodes"":[""ARTHRITIS"",""DIABETES"",""ISCHEMIC_HEART_DISEASE"",""KIDNEY_DISEASE""]}",4,5,"[""ARTHRITIS"",""DIABETES"",""ISCHEMIC_HEART_DISEASE"",""KIDNEY_DISEASE""]","[[""ARTHRITIS"",""DIABETES""],[""ARTHRITIS"",""ISCHEMIC_HEART_DISEASE""],[""ARTHRITIS"",""KIDNEY_DISEASE""],[""DIABETES"",""ISCHEMIC_HEART_DISEASE""],[""DIABETES"",""KIDNEY_DISEASE""]]",occ_a3e4450a3c1a2e01,False,False,False,32,0.3404255319148936,23,47,1.0,30.61,28.0,32.0,47,94,21,0.22340425531914893,17,"[""2023_01_education_binary_lower"",""2023_04_education_binary_higher"",""2023_05_education_binary_lower"",""2023_13_education_binary_lower"",""2023_18_education_binary_higher"",""2023_18_education_binary_lower"",""2023_19_education_binary_lower"",""2023_22_education_binary_lower"",""2023_23_education_binary_lower"",""2023_25_education_binary_higher"",""2023_37_education_binary_lower"",""2023_39_education_binary_higher"",""2023_39_education_binary_lower"",""2023_40_education_binary_higher"",""2023_45_education_binary_higher"",""2023_47_education_binary_higher"",""2023_47_education_binary_lower"",""2023_48_education_binary_lower"",""2023_51_education_binary_lower"",""2023_53_education_binary_higher"",""2023_53_education_binary_lower""]",True,-0.11702127659574468
motif_86d8105fe5309952,86d8105fe5309952a491056394dcf8f38dba8390c2503dc594c14e9c801991e3,"{""edges"":[[""ARTHRITIS"",""COPD""],[""ARTHRITIS"",""DIABETES""],[""ARTHRITIS"",""ISCHEMIC_HEART_DISEASE""],[""ARTHRITIS"",""SKIN_CANCER""]],""nodes"":[""ARTHRITIS"",""COPD"",""DIABETES"",""ISCHEMIC_HEART_DISEASE"",""SKIN_CANCER""]}",5,4,"[""ARTHRITIS"",""COPD"",""DIABETES"",""ISCHEMIC_HEART_DISEASE"",""SKIN_CANCER""]","[[""ARTHRITIS"",""COPD""],[""ARTHRITIS"",""DIABETES""],[""ARTHRITIS"",""ISCHEMIC_HEART_DISEASE""],[""ARTHRITIS"",""SKIN_CANCER""]]",occ_9a7c2d57b0d57e54,True,True,False,24,0.2553191489361702,20,47,1.0,23.0,21.0,24.0,47,94,21,0.22340425531914893,18,"[""2023_01_education_binary_higher"",""2023_04_education_binary_higher"",""2023_10_education_binary_higher"",""2023_10_education_binary_lower"",""2023_13_education_binary_lower"",""2023_16_education_binary_lower"",""2023_18_education_binary_higher"",""2023_18_education_binary_lower"",""2023_25_education_binary_higher"",""2023_30_education_binary_lower"",""2023_31_education_binary_lower"",""2023_38_education_binary_lower"",""2023_39_education_binary_lower"",""2023_41_education_binary_higher"",""2023_45_education_binary_lower"",""2023_47_education_binary_lower"",""2023_49_education_binary_lower"",""2023_54_education_binary_higher"",""2023_54_education_binary_lower"",""2023_55_education_binary_lower"",""2023_56_education_binary_higher""]",True,-0.03191489361702127
motif_87672ea659340518,87672ea659340518cb997ebf53eddbfa65b1115c093bb4d1fc111f68a584023d,"{""edges"":[[""ARTHRITIS"",""DIABETES""],[""COPD"",""ISCHEMIC_HEART_DISEASE""],[""DIABETES"",""ISCHEMIC_HEART_DISEASE""],[""DIABETES"",""KIDNEY_DISEASE""],[""ISCHEMIC_HEART_DISEASE"",""KIDNEY_DISEASE""]],""nodes"":[""ARTHRITIS"",""COPD"",""DIABETES"",""ISCHEMIC_HEART_DISEASE"",""KIDNEY_DISEASE""]}",5,5,"[""ARTHRITIS"",""COPD"",""DIABETES"",""ISCHEMIC_HEART_DISEASE"",""KIDNEY_DISEASE""]","[[""ARTHRITIS"",""DIABETES""],[""COPD"",""ISCHEMIC_HEART_DISEASE""],[""DIABETES"",""ISCHEMIC_HEART_DISEASE""],[""DIABETES"",""KIDNEY_DISEASE""],[""ISCHEMIC_HEART_DISEASE"",""KIDNEY_DISEASE""]]",occ_458603a1dae03110,False,False,False,26,0.2765957446808511,20,47,1.0,24.408,22.0,26.0,46,92,19,0.20652173913043478,16,"[""2023_01_education_binary_lower"",""2023_05_education_binary_lower"",""2023_18_education_binary_higher"",""2023_18_education_binary_lower"",""2023_22_education_binary_lower"",""2023_23_education_binary_higher"",""2023_26_education_binary_higher"",""2023_31_education_binary_higher"",""2023_37_education_binary_lower"",""2023_38_education_binary_higher"",""2023_39_education_binary_higher"",""2023_39_education_binary_lower"",""2023_40_education_binary_higher"",""2023_47_education_binary_higher"",""2023_47_education_binary_lower"",""2023_48_education_binary_lower"",""2023_51_education_binary_lower"",""2023_53_education_binary_lower"",""2023_54_education_binary_lower""]",True,-0.07007400555041629
motif_8772d8cec906d3dc,8772d8cec906d3dc8aa114383b322188d0917bdb084e03498618f4889748e8a6,"{""edges"":[[""ARTHRITIS"",""DIABETES""],[""ARTHRITIS"",""KIDNEY_DISEASE""]],""nodes"":[""ARTHRITIS"",""DIABETES"",""KIDNEY_DISEASE""]}",3,2,"[""ARTHRITIS"",""DIABETES"",""KIDNEY_DISEASE""]","[[""ARTHRITIS"",""DIABETES""],[""ARTHRITIS"",""KIDNEY_DISEASE""]]",occ_25f941e31037f2a6,True,True,False,39,0.4148936170212766,27,47,1.0,37.842,35.0,39.0,47,94,35,0.3723404255319149,26,"[""2023_01_education_binary_lower"",""2023_02_education_binary_higher"",""2023_04_education_binary_higher"",""2023_05_education_binary_lower"",""2023_10_education_binary_higher"",""2023_13_education_binary_higher"",""2023_13_education_binary_lower"",""2023_18_education_binary_higher"",""2023_18_education_binary_lower"",""2023_19_education_binary_lower"",""2023_22_education_binary_higher"",""2023_22_education_binary_lower"",""2023_23_education_binary_lower"",""2023_25_education_binary_higher"",""2023_26_education_binary_lower"",""2023_27_education_binary_lower"",""2023_28_education_binary_higher"",""2023_29_education_binary_higher"",""2023_37_education_binary_lower"",""2023_38_education_binary_lower"",""2023_39_education_binary_higher"",""2023_39_education_binary_lower"",""2023_40_education_binary_higher"",""2023_40_education_binary_lower"",""2023_41_education_binary_lower"",""2023_45_education_binary_higher"",""2023_45_education_binary_lower"",""2023_47_education_binary_higher"",""2023_47_education_binary_lower"",""2023_48_education_binary_higher"",""2023_48_education_binary_lower"",""2023_49_education_binary_lower"",""2023_51_education_binary_lower"",""2023_53_education_binary_higher"",""2023_53_education_binary_lower""]",True,-0.04255319148936171
motif_878918d1010ef59c,878918d1010ef59c05c5ad4402f8443b2febf26788efe1b0b22931364c21d392,"{""edges"":[[""ARTHRITIS"",""DIABETES""],[""ARTHRITIS"",""SKIN_CANCER""],[""OTHER_CANCER"",""SKIN_CANCER""]],""nodes"":[""ARTHRITIS"",""DIABETES"",""OTHER_CANCER"",""SKIN_CANCER""]}",4,3,"[""ARTHRITIS"",""DIABETES"",""OTHER_CANCER"",""SKIN_CANCER""]","[[""ARTHRITIS"",""DIABETES""],[""ARTHRITIS"",""SKIN_CANCER""],[""OTHER_CANCER"",""SKIN_CANCER""]]",occ_ea7e3bff4a3ce893,True,True,False,27,0.2872340425531915,21,47,1.0,26.06,24.0,27.0,47,94,25,0.26595744680851063,21,"[""2023_01_education_binary_higher"",""2023_04_education_binary_higher"",""2023_10_education_binary_higher"",""2023_10_education_binary_lower"",""2023_13_education_binary_lower"",""2023_16_education_binary_lower"",""2023_18_education_binary_higher"",""2023_18_education_binary_lower"",""2023_22_education_binary_higher"",""2023_25_education_binary_higher"",""2023_30_education_binary_lower"",""2023_31_education_binary_lower"",""2023_38_education_binary_lower"",""2023_39_education_binary_lower"",""2023_41_education_binary_higher"",""2023_45_education_binary_lower"",""2023_47_education_binary_lower"",""2023_49_education_binary_higher"",""2023_49_education_binary_lower"",""2023_50_education_binary_lower"",""2023_53_education_binary_higher"",""2023_54_education_binary_higher"",""2023_54_education_binary_lower"",""2023_55_education_binary_lower"",""2023_56_education_binary_higher""]",True,-0.021276595744680882
motif_87cc0947b79bd1a4,87cc0947b79bd1a49717a8c43ae8e023131aa0f1709ac2a9911b47e9f9a5aa33,"{""edges"":[[""ARTHRITIS"",""ISCHEMIC_HEART_DISEASE""],[""ARTHRITIS"",""OTHER_CANCER""],[""COPD"",""CURRENT_ASTHMA""],[""COPD"",""ISCHEMIC_HEART_DISEASE""]],""nodes"":[""ARTHRITIS"",""COPD"",""CURRENT_ASTHMA"",""ISCHEMIC_HEART_DISEASE"",""OTHER_CANCER""]}",5,4,"[""ARTHRITIS"",""COPD"",""CURRENT_ASTHMA"",""ISCHEMIC_HEART_DISEASE"",""OTHER_CANCER""]","[[""ARTHRITIS"",""ISCHEMIC_HEART_DISEASE""],[""ARTHRITIS"",""OTHER_CANCER""],[""COPD"",""CURRENT_ASTHMA""],[""COPD"",""ISCHEMIC_HEART_DISEASE""]]",occ_ea825ad6db061ca2,False,False,False,39,0.4148936170212766,26,47,1.0,37.696,35.0,39.0,47,94,39,0.4148936170212766,27,"[""2023_01_education_binary_lower"",""2023_05_education_binary_higher"",""2023_05_education_binary_lower"",""2023_12_education_binary_higher"",""2023_12_education_binary_lower"",""2023_13_education_binary_higher"",""2023_13_education_binary_lower"",""2023_16_education_binary_lower"",""2023_18_education_binary_higher"",""2023_18_education_binary_lower"",""2023_19_education_binary_lower"",""2023_20_education_binary_lower"",""2023_23_education_binary_higher"",""2023_23_education_binary_lower"",""2023_24_education_binary_lower"",""2023_25_education_binary_higher"",""2023_26_education_binary_higher"",""2023_26_education_binary_lower"",""2023_27_education_binary_lower"",""2023_30_education_binary_lower"",""2023_31_education_binary_lower"",""2023_36_education_binary_lower"",""2023_39_education_binary_higher"",""2023_39_education_binary_lower"",""2023_41_education_binary_higher"",""2023_44_education_binary_higher"",""2023_45_education_binary_higher"",""2023_45_education_binary_lower"",""2023_47_education_binary_higher"",""2023_47_education_binary_lower"",""2023_49_education_binary_lower"",""2023_50_education_binary_lower"",""2023_51_education_binary_lower"",""2023_53_education_binary_higher"",""2023_53_education_binary_lower"",""2023_54_education_binary_higher"",""2023_54_education_binary_lower"",""2023_55_education_binary_higher"",""2023_55_education_binary_lower""]",True,0.0
motif_88f193386373d65c,88f193386373d65cc2260185008dcd19e1ec617b2214dbeeeca9546658b71b26,"{""edges"":[[""ARTHRITIS"",""ISCHEMIC_HEART_DISEASE""],[""ARTHRITIS"",""OTHER_CANCER""],[""DIABETES"",""KIDNEY_DISEASE""],[""ISCHEMIC_HEART_DISEASE"",""KIDNEY_DISEASE""]],""nodes"":[""ARTHRITIS"",""DIABETES"",""ISCHEMIC_HEART_DISEASE"",""KIDNEY_DISEASE"",""OTHER_CANCER""]}",5,4,"[""ARTHRITIS"",""DIABETES"",""ISCHEMIC_HEART_DISEASE"",""KIDNEY_DISEASE"",""OTHER_CANCER""]","[[""ARTHRITIS"",""ISCHEMIC_HEART_DISEASE""],[""ARTHRITIS"",""OTHER_CANCER""],[""DIABETES"",""KIDNEY_DISEASE""],[""ISCHEMIC_HEART_DISEASE"",""KIDNEY_DISEASE""]]",occ_758413aa17b69284,True,True,False,30,0.3191489361702128,23,47,1.0,28.142,25.0,30.0,46,92,21,0.22826086956521738,17,"[""2023_01_education_binary_lower"",""2023_05_education_binary_lower"",""2023_12_education_binary_higher"",""2023_12_education_binary_lower"",""2023_18_education_binary_higher"",""2023_18_education_binary_lower"",""2023_23_education_binary_higher"",""2023_24_education_binary_higher"",""2023_26_education_binary_higher"",""2023_31_education_binary_higher"",""2023_33_education_binary_lower"",""2023_37_education_binary_lower"",""2023_38_education_binary_higher"",""2023_39_education_binary_higher"",""2023_39_education_binary_lower"",""2023_47_education_binary_higher"",""2023_47_education_binary_lower"",""2023_50_education_binary_higher"",""2023_51_education_binary_lower"",""2023_53_education_binary_lower"",""2023_54_education_binary_lower""]",True,-0.0908880666049954
motif_8987799e9536733a,8987799e9536733a88ac9ea00241363a959e5be8637b0f92d77e3ec0abbd01d8,"{""edges"":[[""ARTHRITIS"",""DIABETES""],[""ARTHRITIS"",""ISCHEMIC_HEART_DISEASE""],[""ARTHRITIS"",""KIDNEY_DISEASE""],[""ARTHRITIS"",""OTHER_CANCER""]],""nodes"":[""ARTHRITIS"",""DIABETES"",""ISCHEMIC_HEART_DISEASE"",""KIDNEY_DISEASE"",""OTHER_CANCER""]}",5,4,"[""ARTHRITIS"",""DIABETES"",""ISCHEMIC_HEART_DISEASE"",""KIDNEY_DISEASE"",""OTHER_CANCER""]","[[""ARTHRITIS"",""DIABETES""],[""ARTHRITIS"",""ISCHEMIC_HEART_DISEASE""],[""ARTHRITIS"",""KIDNEY_DISEASE""],[""ARTHRITIS"",""OTHER_CANCER""]]",occ_7083e42028a16192,False,True,False,28,0.2978723404255319,22,47,1.0,26.738,24.0,28.0,47,94,28,0.2978723404255319,22,"[""2023_01_education_binary_lower"",""2023_02_education_binary_higher"",""2023_04_education_binary_higher"",""2023_05_education_binary_lower"",""2023_10_education_binary_higher"",""2023_13_education_binary_higher"",""2023_13_education_binary_lower"",""2023_18_education_binary_higher"",""2023_18_education_binary_lower"",""2023_19_education_binary_lower"",""2023_23_education_binary_lower"",""2023_25_education_binary_higher"",""2023_26_education_binary_lower"",""2023_27_education_binary_lower"",""2023_37_education_binary_lower"",""2023_38_education_binary_lower"",""2023_39_education_binary_higher"",""2023_39_education_binary_lower"",""2023_41_education_binary_lower"",""2023_45_education_binary_higher"",""2023_45_education_binary_lower"",""2023_47_education_binary_higher"",""2023_47_education_binary_lower"",""2023_48_education_binary_higher"",""2023_49_education_binary_lower"",""2023_51_education_binary_lower"",""2023_53_education_binary_higher"",""2023_53_education_binary_lower""]",True,0.0
motif_8a3a45dc361aa47b,8a3a45dc361aa47bd2784f3117b6a3e5f06289188af1a4ec9126d7d34864f277,"{""edges"":[[""ARTHRITIS"",""COPD""],[""ARTHRITIS"",""ISCHEMIC_HEART_DISEASE""],[""COPD"",""ISCHEMIC_HEART_DISEASE""],[""DIABETES"",""KIDNEY_DISEASE""],[""ISCHEMIC_HEART_DISEASE"",""KIDNEY_DISEASE""]],""nodes"":[""ARTHRITIS"",""COPD"",""DIABETES"",""ISCHEMIC_HEART_DISEASE"",""KIDNEY_DISEASE""]}",5,5,"[""ARTHRITIS"",""COPD"",""DIABETES"",""ISCHEMIC_HEART_DISEASE"",""KIDNEY_DISEASE""]","[[""ARTHRITIS"",""COPD""],[""ARTHRITIS"",""ISCHEMIC_HEART_DISEASE""],[""COPD"",""ISCHEMIC_HEART_DISEASE""],[""DIABETES"",""KIDNEY_DISEASE""],[""ISCHEMIC_HEART_DISEASE"",""KIDNEY_DISEASE""]]",occ_73eef374aa8131e0,True,True,False,30,0.3191489361702128,24,47,1.0,27.938,25.0,30.0,46,92,21,0.22826086956521738,17,"[""2023_01_education_binary_lower"",""2023_05_education_binary_lower"",""2023_12_education_binary_higher"",""2023_12_education_binary_lower"",""2023_18_education_binary_higher"",""2023_18_education_binary_lower"",""2023_22_education_binary_lower"",""2023_23_education_binary_higher"",""2023_26_education_binary_higher"",""2023_31_education_binary_higher"",""2023_37_education_binary_lower"",""2023_38_education_binary_higher"",""2023_39_education_binary_higher"",""2023_39_education_binary_lower"",""2023_40_education_binary_higher"",""2023_47_education_binary_higher"",""2023_47_education_binary_lower"",""2023_48_education_binary_lower"",""2023_51_education_binary_lower"",""2023_53_education_binary_lower"",""2023_54_education_binary_lower""]",True,-0.0908880666049954
motif_8d08924ed3622983,8d08924ed3622983e98c07c49e31a698ecb866cc957cc3800c97209c9e7f968d,"{""edges"":[[""ARTHRITIS"",""COPD""],[""ARTHRITIS"",""ISCHEMIC_HEART_DISEASE""],[""COPD"",""CURRENT_ASTHMA""],[""COPD"",""ISCHEMIC_HEART_DISEASE""],[""ISCHEMIC_HEART_DISEASE"",""STROKE""]],""nodes"":[""ARTHRITIS"",""COPD"",""CURRENT_ASTHMA"",""ISCHEMIC_HEART_DISEASE"",""STROKE""]}",5,5,"[""ARTHRITIS"",""COPD"",""CURRENT_ASTHMA"",""ISCHEMIC_HEART_DISEASE"",""STROKE""]","[[""ARTHRITIS"",""COPD""],[""ARTHRITIS"",""ISCHEMIC_HEART_DISEASE""],[""COPD"",""CURRENT_ASTHMA""],[""COPD"",""ISCHEMIC_HEART_DISEASE""],[""ISCHEMIC_HEART_DISEASE"",""STROKE""]]",occ_ef93b3fc59d41b76,True,True,False,49,0.5212765957446809,31,47,1.0,47.354,45.0,49.0,47,94,43,0.4574468085106383,31,"[""2023_01_education_binary_lower"",""2023_05_education_binary_higher"",""2023_05_education_binary_lower"",""2023_12_education_binary_higher"",""2023_12_education_binary_lower"",""2023_13_education_binary_lower"",""2023_16_education_binary_lower"",""2023_18_education_binary_higher"",""2023_18_education_binary_lower"",""2023_19_education_binary_lower"",""2023_20_education_binary_lower"",""2023_22_education_binary_lower"",""2023_23_education_binary_higher"",""2023_23_education_binary_lower"",""2023_24_education_binary_lower"",""2023_25_education_binary_higher"",""2023_26_education_binary_higher"",""2023_26_education_binary_lower"",""2023_27_education_binary_lower"",""2023_29_education_binary_lower"",""2023_30_education_binary_lower"",""2023_31_education_binary_lower"",""2023_36_education_binary_lower"",""2023_39_education_binary_higher"",""2023_39_education_binary_lower"",""2023_40_education_binary_higher"",""2023_40_education_binary_lower"",""2023_41_education_binary_higher"",""2023_44_education_binary_higher"",""2023_45_education_binary_higher"",""2023_45_education_binary_lower"",""2023_47_education_binary_higher"",""2023_47_education_binary_lower"",""2023_48_education_binary_lower"",""2023_49_education_binary_lower"",""2023_51_education_binary_lower"",""2023_53_education_binary_lower"",""2023_54_education_binary_higher"",""2023_54_education_binary_lower"",""2023_55_education_binary_higher"",""2023_55_education_binary_lower"",""2023_56_education_binary_higher"",""2023_56_education_binary_lower""]",True,-0.06382978723404259
motif_8d236ec1aa320a9d,8d236ec1aa320a9d923bbf8611906ccf518b95ceff4ac80703daa2b58fecd778,"{""edges"":[[""ARTHRITIS"",""DIABETES""],[""DIABETES"",""ISCHEMIC_HEART_DISEASE""],[""DIABETES"",""KIDNEY_DISEASE""],[""ISCHEMIC_HEART_DISEASE"",""KIDNEY_DISEASE""],[""ISCHEMIC_HEART_DISEASE"",""STROKE""]],""nodes"":[""ARTHRITIS"",""DIABETES"",""ISCHEMIC_HEART_DISEASE"",""KIDNEY_DISEASE"",""STROKE""]}",5,5,"[""ARTHRITIS"",""DIABETES"",""ISCHEMIC_HEART_DISEASE"",""KIDNEY_DISEASE"",""STROKE""]","[[""ARTHRITIS"",""DIABETES""],[""DIABETES"",""ISCHEMIC_HEART_DISEASE""],[""DIABETES"",""KIDNEY_DISEASE""],[""ISCHEMIC_HEART_DISEASE"",""KIDNEY_DISEASE""],[""ISCHEMIC_HEART_DISEASE"",""STROKE""]]",occ_50bdc04d7bdb72f9,False,False,False,30,0.3191489361702128,21,47,1.0,28.14,25.0,30.0,46,92,21,0.22826086956521738,18,"[""2023_01_education_binary_lower"",""2023_04_education_binary_lower"",""2023_05_education_binary_lower"",""2023_18_education_binary_higher"",""2023_18_education_binary_lower"",""2023_22_education_binary_lower"",""2023_23_education_binary_higher"",""2023_26_education_binary_higher"",""2023_31_education_binary_higher"",""2023_33_education_binary_lower"",""2023_37_education_binary_lower"",""2023_38_education_binary_higher"",""2023_39_education_binary_higher"",""2023_39_education_binary_lower"",""2023_40_education_binary_higher"",""2023_47_education_binary_higher"",""2023_47_education_binary_lower"",""2023_48_education_binary_lower"",""2023_51_education_binary_lower"",""2023_53_education_binary_lower"",""2023_54_education_binary_lower""]",True,-0.0908880666049954
motif_8d50e2fb8f9fbd00,8d50e2fb8f9fbd00f94bcb36543bc078ea170f09417815805563ad0997036906,"{""edges"":[[""ARTHRITIS"",""COPD""],[""ARTHRITIS"",""DIABETES""],[""ARTHRITIS"",""KIDNEY_DISEASE""],[""DIABETES"",""ISCHEMIC_HEART_DISEASE""]],""nodes"":[""ARTHRITIS"",""COPD"",""DIABETES"",""ISCHEMIC_HEART_DISEASE"",""KIDNEY_DISEASE""]}",5,4,"[""ARTHRITIS"",""COPD"",""DIABETES"",""ISCHEMIC_HEART_DISEASE"",""KIDNEY_DISEASE""]","[[""ARTHRITIS"",""COPD""],[""ARTHRITIS"",""DIABETES""],[""ARTHRITIS"",""KIDNEY_DISEASE""],[""DIABETES"",""ISCHEMIC_HEART_DISEASE""]]",occ_9a4753e00cd0b4c7,False,False,False,34,0.3617021276595745,23,47,1.0,32.934,31.0,34.0,47,94,25,0.26595744680851063,20,"[""2023_01_education_binary_lower"",""2023_04_education_binary_higher"",""2023_05_education_binary_lower"",""2023_13_education_binary_higher"",""2023_13_education_binary_lower"",""2023_18_education_binary_higher"",""2023_18_education_binary_lower"",""2023_19_education_binary_lower"",""2023_22_education_binary_lower"",""2023_23_education_binary_lower"",""2023_25_education_binary_higher"",""2023_27_education_binary_lower"",""2023_29_education_binary_higher"",""2023_37_education_binary_lower"",""2023_39_education_binary_higher"",""2023_39_education_binary_lower"",""2023_40_education_binary_higher"",""2023_45_education_binary_higher"",""2023_45_education_binary_lower"",""2023_47_education_binary_higher"",""2023_47_education_binary_lower"",""2023_48_education_binary_lower"",""2023_49_education_binary_lower"",""2023_51_education_binary_lower"",""2023_53_education_binary_lower""]",True,-0.09574468085106386
motif_8d6839eb022660a3,8d6839eb022660a394bdc99e055d5dfcd5b671bae94ea66f9e6662928f9e299e,"{""edges"":[[""ARTHRITIS"",""DIABETES""],[""ARTHRITIS"",""ISCHEMIC_HEART_DISEASE""],[""ARTHRITIS"",""KIDNEY_DISEASE""],[""ARTHRITIS"",""OTHER_CANCER""],[""DIABETES"",""ISCHEMIC_HEART_DISEASE""],[""DIABETES"",""KIDNEY_DISEASE""]],""nodes"":[""ARTHRITIS"",""DIABETES"",""ISCHEMIC_HEART_DISEASE"",""KIDNEY_DISEASE"",""OTHER_CANCER""]}",5,6,"[""ARTHRITIS"",""DIABETES"",""ISCHEMIC_HEART_DISEASE"",""KIDNEY_DISEASE"",""OTHER_CANCER""]","[[""ARTHRITIS"",""DIABETES""],[""ARTHRITIS"",""ISCHEMIC_HEART_DISEASE""],[""ARTHRITIS"",""KIDNEY_DISEASE""],[""ARTHRITIS"",""OTHER_CANCER""],[""DIABETES"",""ISCHEMIC_HEART_DISEASE""],[""DIABETES"",""KIDNEY_DISEASE""]]",occ_22d7c46b7bd2a944,True,True,False,23,0.2446808510638297,18,47,0.996,21.998,20.0,23.0,47,94,18,0.19148936170212766,14,"[""2023_01_education_binary_lower"",""2023_04_education_binary_higher"",""2023_05_education_binary_lower"",""2023_13_education_binary_lower"",""2023_18_education_binary_higher"",""2023_18_education_binary_lower"",""2023_19_education_binary_lower"",""2023_23_education_binary_lower"",""2023_25_education_binary_higher"",""2023_37_education_binary_lower"",""2023_39_education_binary_higher"",""2023_39_education_binary_lower"",""2023_45_education_binary_higher"",""2023_47_education_binary_higher"",""2023_47_education_binary_lower"",""2023_51_education_binary_lower"",""2023_53_education_binary_higher"",""2023_53_education_binary_lower""]",False,-0.05319148936170204
motif_8d7eadf530f2600e,8d7eadf530f2600e3a5b3e09c3124575610c6fb2a54ec4f4276a33a2c66f0c8f,"{""edges"":[[""ARTHRITIS"",""COPD""],[""ARTHRITIS"",""DIABETES""],[""ARTHRITIS"",""KIDNEY_DISEASE""],[""COPD"",""ISCHEMIC_HEART_DISEASE""],[""DIABETES"",""KIDNEY_DISEASE""]],""nodes"":[""ARTHRITIS"",""COPD"",""DIABETES"",""ISCHEMIC_HEART_DISEASE"",""KIDNEY_DISEASE""]}",5,5,"[""ARTHRITIS"",""COPD"",""DIABETES"",""ISCHEMIC_HEART_DISEASE"",""KIDNEY_DISEASE""]","[[""ARTHRITIS"",""COPD""],[""ARTHRITIS"",""DIABETES""],[""ARTHRITIS"",""KIDNEY_DISEASE""],[""COPD"",""ISCHEMIC_HEART_DISEASE""],[""DIABETES"",""KIDNEY_DISEASE""]]",occ_b4507ed6fcb4445d,False,False,False,27,0.2872340425531915,19,47,1.0,25.726,23.0,27.0,47,94,21,0.22340425531914893,18,"[""2023_01_education_binary_lower"",""2023_05_education_binary_lower"",""2023_13_education_binary_lower"",""2023_18_education_binary_higher"",""2023_18_education_binary_lower"",""2023_19_education_binary_lower"",""2023_22_education_binary_lower"",""2023_23_education_binary_lower"",""2023_25_education_binary_higher"",""2023_26_education_binary_lower"",""2023_29_education_binary_higher"",""2023_37_education_binary_lower"",""2023_39_education_binary_higher"",""2023_39_education_binary_lower"",""2023_40_education_binary_higher"",""2023_45_education_binary_higher"",""2023_47_education_binary_higher"",""2023_47_education_binary_lower"",""2023_48_education_binary_lower"",""2023_51_education_binary_lower"",""2023_53_education_binary_lower""]",True,-0.06382978723404259
motif_8d85dc8910d4a0d4,8d85dc8910d4a0d4ba93df6c8e04e730310e378af74eabf12960e074abfb8084,"{""edges"":[[""DIABETES"",""ISCHEMIC_HEART_DISEASE""],[""ISCHEMIC_HEART_DISEASE"",""KIDNEY_DISEASE""],[""ISCHEMIC_HEART_DISEASE"",""STROKE""]],""nodes"":[""DIABETES"",""ISCHEMIC_HEART_DISEASE"",""KIDNEY_DISEASE"",""STROKE""]}",4,3,"[""DIABETES"",""ISCHEMIC_HEART_DISEASE"",""KIDNEY_DISEASE"",""STROKE""]","[[""DIABETES"",""ISCHEMIC_HEART_DISEASE""],[""ISCHEMIC_HEART_DISEASE"",""KIDNEY_DISEASE""],[""ISCHEMIC_HEART_DISEASE"",""STROKE""]]",occ_dd98ba2257ade1c8,True,True,False,38,0.4042553191489361,27,47,1.0,36.032,33.0,38.0,46,92,31,0.33695652173913043,26,"[""2023_01_education_binary_lower"",""2023_04_education_binary_lower"",""2023_05_education_binary_higher"",""2023_05_education_binary_lower"",""2023_12_education_binary_higher"",""2023_15_education_binary_lower"",""2023_18_education_binary_higher"",""2023_18_education_binary_lower"",""2023_20_education_binary_lower"",""2023_22_education_binary_lower"",""2023_23_education_binary_higher"",""2023_26_education_binary_higher"",""2023_31_education_binary_higher"",""2023_33_education_binary_lower"",""2023_35_education_binary_higher"",""2023_36_education_binary_lower"",""2023_37_education_binary_lower"",""2023_38_education_binary_higher"",""2023_39_education_binary_higher"",""2023_39_education_binary_lower"",""2023_40_education_binary_higher"",""2023_45_education_binary_lower"",""2023_47_education_binary_higher"",""2023_47_education_binary_lower"",""2023_48_education_binary_lower"",""2023_49_education_binary_lower"",""2023_50_education_binary_higher"",""2023_51_education_binary_lower"",""2023_53_education_binary_lower"",""2023_54_education_binary_higher"",""2023_54_education_binary_lower""]",True,-0.06729879740980566
motif_8da5991d298f106b,8da5991d298f106bd2599b08b0abde7739855c8d43789ee14449d88c044b03ad,"{""edges"":[[""ARTHRITIS"",""COPD""],[""ARTHRITIS"",""DIABETES""],[""ARTHRITIS"",""OTHER_CANCER""],[""COPD"",""CURRENT_ASTHMA""]],""nodes"":[""ARTHRITIS"",""COPD"",""CURRENT_ASTHMA"",""DIABETES"",""OTHER_CANCER""]}",5,4,"[""ARTHRITIS"",""COPD"",""CURRENT_ASTHMA"",""DIABETES"",""OTHER_CANCER""]","[[""ARTHRITIS"",""COPD""],[""ARTHRITIS"",""DIABETES""],[""ARTHRITIS"",""OTHER_CANCER""],[""COPD"",""CURRENT_ASTHMA""]]",occ_3d246828044cf52a,True,True,False,53,0.5638297872340425,35,47,1.0,51.124,48.0,53.0,47,94,46,0.48936170212765956,33,"[""2023_01_education_binary_lower"",""2023_02_education_binary_higher"",""2023_04_education_binary_higher"",""2023_05_education_binary_higher"",""2023_05_education_binary_lower"",""2023_12_education_binary_lower"",""2023_13_education_binary_higher"",""2023_13_education_binary_lower"",""2023_16_education_binary_lower"",""2023_18_education_binary_higher"",""2023_18_education_binary_lower"",""2023_19_education_binary_lower"",""2023_20_education_binary_higher"",""2023_23_education_binary_higher"",""2023_23_education_binary_lower"",""2023_24_education_binary_higher"",""2023_24_education_binary_lower"",""2023_25_education_binary_higher"",""2023_26_education_binary_higher"",""2023_26_education_binary_lower"",""2023_27_education_binary_lower"",""2023_29_education_binary_higher"",""2023_30_education_binary_higher"",""2023_30_education_binary_lower"",""2023_31_education_binary_lower"",""2023_33_education_binary_lower"",""2023_34_education_binary_lower"",""2023_36_education_binary_lower"",""2023_37_education_binary_higher"",""2023_39_education_binary_higher"",""2023_39_education_binary_lower"",""2023_41_education_binary_higher"",""2023_41_education_binary_lower"",""2023_44_education_binary_higher"",""2023_45_education_binary_higher"",""2023_45_education_binary_lower"",""2023_47_education_binary_higher"",""2023_47_education_binary_lower"",""2023_48_education_binary_higher"",""2023_49_education_binary_lower"",""2023_51_education_binary_lower"",""2023_53_education_binary_lower"",""2023_54_education_binary_higher"",""2023_54_education_binary_lower"",""2023_55_education_binary_higher"",""2023_55_education_binary_lower""]",True,-0.07446808510638298
motif_8dcfc98226e1efc7,8dcfc98226e1efc7f49b9b7cb108808f0bc835688ea1ce2eca610e3cfd3ab5e1,"{""edges"":[[""ARTHRITIS"",""ISCHEMIC_HEART_DISEASE""],[""COPD"",""CURRENT_ASTHMA""],[""COPD"",""ISCHEMIC_HEART_DISEASE""],[""ISCHEMIC_HEART_DISEASE"",""KIDNEY_DISEASE""]],""nodes"":[""ARTHRITIS"",""COPD"",""CURRENT_ASTHMA"",""ISCHEMIC_HEART_DISEASE"",""KIDNEY_DISEASE""]}",5,4,"[""ARTHRITIS"",""COPD"",""CURRENT_ASTHMA"",""ISCHEMIC_HEART_DISEASE"",""KIDNEY_DISEASE""]","[[""ARTHRITIS"",""ISCHEMIC_HEART_DISEASE""],[""COPD"",""CURRENT_ASTHMA""],[""COPD"",""ISCHEMIC_HEART_DISEASE""],[""ISCHEMIC_HEART_DISEASE"",""KIDNEY_DISEASE""]]",occ_65df897378bc242f,False,False,False,33,0.351063829787234,24,47,1.0,31.396,29.0,33.0,46,92,27,0.29347826086956524,20,"[""2023_01_education_binary_lower"",""2023_05_education_binary_higher"",""2023_05_education_binary_lower"",""2023_12_education_binary_higher"",""2023_12_education_binary_lower"",""2023_18_education_binary_higher"",""2023_18_education_binary_lower"",""2023_20_education_binary_lower"",""2023_22_education_binary_lower"",""2023_23_education_binary_higher"",""2023_26_education_binary_higher"",""2023_28_education_binary_lower"",""2023_31_education_binary_lower"",""2023_36_education_binary_lower"",""2023_39_education_binary_higher"",""2023_39_education_binary_lower"",""2023_40_education_binary_higher"",""2023_40_education_binary_lower"",""2023_45_education_binary_lower"",""2023_47_education_binary_higher"",""2023_47_education_binary_lower"",""2023_48_education_binary_lower"",""2023_49_education_binary_lower"",""2023_51_education_binary_lower"",""2023_53_education_binary_lower"",""2023_54_education_binary_higher"",""2023_54_education_binary_lower""]",True,-0.05758556891766875
motif_8e4c0f6b5f4dcf4c,8e4c0f6b5f4dcf4c08dbf38b38a892bd67c9362613d2aba63028a19bcb2d33ca,"{""edges"":[[""ARTHRITIS"",""COPD""],[""ARTHRITIS"",""DIABETES""],[""ARTHRITIS"",""ISCHEMIC_HEART_DISEASE""],[""COPD"",""ISCHEMIC_HEART_DISEASE""],[""DIABETES"",""ISCHEMIC_HEART_DISEASE""]],""nodes"":[""ARTHRITIS"",""COPD"",""DIABETES"",""ISCHEMIC_HEART_DISEASE""]}",4,5,"[""ARTHRITIS"",""COPD"",""DIABETES"",""ISCHEMIC_HEART_DISEASE""]","[[""ARTHRITIS"",""COPD""],[""ARTHRITIS"",""DIABETES""],[""ARTHRITIS"",""ISCHEMIC_HEART_DISEASE""],[""COPD"",""ISCHEMIC_HEART_DISEASE""],[""DIABETES"",""ISCHEMIC_HEART_DISEASE""]]",occ_9e595b1ceeb60b77,True,True,False,46,0.4893617021276595,31,47,1.0,44.544,42.0,46.0,47,94,40,0.425531914893617,31,"[""2023_01_education_binary_lower"",""2023_05_education_binary_higher"",""2023_05_education_binary_lower"",""2023_13_education_binary_higher"",""2023_13_education_binary_lower"",""2023_16_education_binary_lower"",""2023_18_education_binary_higher"",""2023_18_education_binary_lower"",""2023_19_education_binary_lower"",""2023_22_education_binary_lower"",""2023_23_education_binary_higher"",""2023_23_education_binary_lower"",""2023_24_education_binary_lower"",""2023_25_education_binary_higher"",""2023_26_education_binary_higher"",""2023_27_education_binary_lower"",""2023_28_education_binary_lower"",""2023_30_education_binary_lower"",""2023_31_education_binary_higher"",""2023_36_education_binary_lower"",""2023_37_education_binary_lower"",""2023_38_education_binary_higher"",""2023_39_education_binary_higher"",""2023_39_education_binary_lower"",""2023_40_education_binary_higher"",""2023_41_education_binary_higher"",""2023_44_education_binary_higher"",""2023_45_education_binary_higher"",""2023_45_education_binary_lower"",""2023_47_education_binary_higher"",""2023_47_education_binary_lower"",""2023_48_education_binary_lower"",""2023_49_education_binary_lower"",""2023_51_education_binary_lower"",""2023_53_education_binary_lower"",""2023_54_education_binary_higher"",""2023_54_education_binary_lower"",""2023_55_education_binary_higher"",""2023_55_education_binary_lower"",""2023_56_education_binary_higher""]",True,-0.06382978723404248
motif_904ccc169bdd8cf0,904ccc169bdd8cf021a422650f585b9d9ff022f8732e389002f0e1e46b81ea17,"{""edges"":[[""ISCHEMIC_HEART_DISEASE"",""KIDNEY_DISEASE""],[""ISCHEMIC_HEART_DISEASE"",""STROKE""]],""nodes"":[""ISCHEMIC_HEART_DISEASE"",""KIDNEY_DISEASE"",""STROKE""]}",3,2,"[""ISCHEMIC_HEART_DISEASE"",""KIDNEY_DISEASE"",""STROKE""]","[[""ISCHEMIC_HEART_DISEASE"",""KIDNEY_DISEASE""],[""ISCHEMIC_HEART_DISEASE"",""STROKE""]]",occ_4f1e97c3ecbf76db,True,True,False,43,0.4574468085106383,30,47,1.0,41.002,38.0,43.0,46,92,36,0.391304347826087,26,"[""2023_01_education_binary_lower"",""2023_04_education_binary_lower"",""2023_05_education_binary_higher"",""2023_05_education_binary_lower"",""2023_12_education_binary_higher"",""2023_12_education_binary_lower"",""2023_15_education_binary_higher"",""2023_15_education_binary_lower"",""2023_18_education_binary_higher"",""2023_18_education_binary_lower"",""2023_20_education_binary_lower"",""2023_22_education_binary_lower"",""2023_23_education_binary_higher"",""2023_26_education_binary_higher"",""2023_31_education_binary_higher"",""2023_31_education_binary_lower"",""2023_33_education_binary_lower"",""2023_35_education_binary_higher"",""2023_36_education_binary_lower"",""2023_37_education_binary_lower"",""2023_38_education_binary_higher"",""2023_39_education_binary_higher"",""2023_39_education_binary_lower"",""2023_40_education_binary_higher"",""2023_40_education_binary_lower"",""2023_45_education_binary_lower"",""2023_47_education_binary_higher"",""2023_47_education_binary_lower"",""2023_48_education_binary_lower"",""2023_49_education_binary_lower"",""2023_50_education_binary_higher"",""2023_51_education_binary_higher"",""2023_51_education_binary_lower"",""2023_53_education_binary_lower"",""2023_54_education_binary_higher"",""2023_54_education_binary_lower""]",True,-0.06614246068455132
motif_907bc8e649cc9e30,907bc8e649cc9e3024f101167ec184f4af0df92a74ad384956e283f4b6f5e8fe,"{""edges"":[[""ARTHRITIS"",""COPD""],[""ARTHRITIS"",""DIABETES""],[""ARTHRITIS"",""SKIN_CANCER""]],""nodes"":[""ARTHRITIS"",""COPD"",""DIABETES"",""SKIN_CANCER""]}",4,3,"[""ARTHRITIS"",""COPD"",""DIABETES"",""SKIN_CANCER""]","[[""ARTHRITIS"",""COPD""],[""ARTHRITIS"",""DIABETES""],[""ARTHRITIS"",""SKIN_CANCER""]]",occ_3de5bf4a3e478d25,False,False,False,26,0.2765957446808511,21,47,1.0,25.06,23.0,26.0,47,94,21,0.22340425531914893,18,"[""2023_01_education_binary_higher"",""2023_04_education_binary_higher"",""2023_10_education_binary_higher"",""2023_10_education_binary_lower"",""2023_13_education_binary_lower"",""2023_16_education_binary_lower"",""2023_18_education_binary_higher"",""2023_18_education_binary_lower"",""2023_25_education_binary_higher"",""2023_30_education_binary_lower"",""2023_31_education_binary_lower"",""2023_38_education_binary_lower"",""2023_39_education_binary_lower"",""2023_41_education_binary_higher"",""2023_45_education_binary_lower"",""2023_47_education_binary_lower"",""2023_49_education_binary_lower"",""2023_54_education_binary_higher"",""2023_54_education_binary_lower"",""2023_55_education_binary_lower"",""2023_56_education_binary_higher""]",True,-0.05319148936170215
motif_90e3cc1dcf4e3b79,90e3cc1dcf4e3b793349f4831a244b401f9e480f67fa6e15b79c191aef7c65f1,"{""edges"":[[""ARTHRITIS"",""ISCHEMIC_HEART_DISEASE""],[""ARTHRITIS"",""KIDNEY_DISEASE""],[""COPD"",""ISCHEMIC_HEART_DISEASE""],[""ISCHEMIC_HEART_DISEASE"",""STROKE""]],""nodes"":[""ARTHRITIS"",""COPD"",""ISCHEMIC_HEART_DISEASE"",""KIDNEY_DISEASE"",""STROKE""]}",5,4,"[""ARTHRITIS"",""COPD"",""ISCHEMIC_HEART_DISEASE"",""KIDNEY_DISEASE"",""STROKE""]","[[""ARTHRITIS"",""ISCHEMIC_HEART_DISEASE""],[""ARTHRITIS"",""KIDNEY_DISEASE""],[""COPD"",""ISCHEMIC_HEART_DISEASE""],[""ISCHEMIC_HEART_DISEASE"",""STROKE""]]",occ_0188103b1fa6cc15,False,False,False,29,0.3085106382978723,20,47,1.0,27.836,25.475,29.0,47,94,25,0.26595744680851063,19,"[""2023_01_education_binary_lower"",""2023_05_education_binary_lower"",""2023_13_education_binary_lower"",""2023_18_education_binary_higher"",""2023_18_education_binary_lower"",""2023_19_education_binary_lower"",""2023_22_education_binary_lower"",""2023_23_education_binary_lower"",""2023_25_education_binary_higher"",""2023_26_education_binary_lower"",""2023_27_education_binary_lower"",""2023_37_education_binary_lower"",""2023_39_education_binary_higher"",""2023_39_education_binary_lower"",""2023_40_education_binary_higher"",""2023_40_education_binary_lower"",""2023_45_education_binary_higher"",""2023_45_education_binary_lower"",""2023_47_education_binary_higher"",""2023_47_education_binary_lower"",""2023_48_education_binary_lower"",""2023_49_education_binary_lower"",""2023_51_education_binary_lower"",""2023_53_education_binary_higher"",""2023_53_education_binary_lower""]",True,-0.04255319148936165
motif_90f0469331adc789,90f0469331adc789e189f7348a058f78e694176e0ca396a78d9853ee90b1c016,"{""edges"":[[""ARTHRITIS"",""ISCHEMIC_HEART_DISEASE""],[""ARTHRITIS"",""KIDNEY_DISEASE""],[""ISCHEMIC_HEART_DISEASE"",""KIDNEY_DISEASE""]],""nodes"":[""ARTHRITIS"",""ISCHEMIC_HEART_DISEASE"",""KIDNEY_DISEASE""]}",3,3,"[""ARTHRITIS"",""ISCHEMIC_HEART_DISEASE"",""KIDNEY_DISEASE""]","[[""ARTHRITIS"",""ISCHEMIC_HEART_DISEASE""],[""ARTHRITIS"",""KIDNEY_DISEASE""],[""ISCHEMIC_HEART_DISEASE"",""KIDNEY_DISEASE""]]",occ_0dc494cd44ca89dc,True,True,False,25,0.2659574468085106,19,47,1.0,23.582,21.0,25.0,46,92,19,0.20652173913043478,15,"[""2023_01_education_binary_lower"",""2023_05_education_binary_lower"",""2023_10_education_binary_higher"",""2023_18_education_binary_higher"",""2023_18_education_binary_lower"",""2023_22_education_binary_lower"",""2023_37_education_binary_lower"",""2023_39_education_binary_higher"",""2023_39_education_binary_lower"",""2023_40_education_binary_higher"",""2023_40_education_binary_lower"",""2023_41_education_binary_lower"",""2023_45_education_binary_lower"",""2023_47_education_binary_higher"",""2023_47_education_binary_lower"",""2023_48_education_binary_lower"",""2023_49_education_binary_lower"",""2023_51_education_binary_lower"",""2023_53_education_binary_lower""]",True,-0.059435707678075794
motif_9136b5cad501c9c7,9136b5cad501c9c70326d1afed76b00c9fc5b8eb9e6afd0115ea95f5183bb2ee,"{""edges"":[[""ARTHRITIS"",""COPD""],[""ARTHRITIS"",""OTHER_CANCER""]],""nodes"":[""ARTHRITIS"",""COPD"",""OTHER_CANCER""]}",3,2,"[""ARTHRITIS"",""COPD"",""OTHER_CANCER""]","[[""ARTHRITIS"",""COPD""],[""ARTHRITIS"",""OTHER_CANCER""]]",occ_031a2a72952c9383,True,True,False,63,0.6702127659574468,40,47,1.0,61.622,59.0,63.0,47,94,63,0.6702127659574468,40,"[""2023_01_education_binary_lower"",""2023_02_education_binary_higher"",""2023_02_education_binary_lower"",""2023_04_education_binary_higher"",""2023_05_education_binary_higher"",""2023_05_education_binary_lower"",""2023_06_education_binary_higher"",""2023_08_education_binary_higher"",""2023_09_education_binary_higher"",""2023_09_education_binary_lower"",""2023_10_education_binary_higher"",""2023_10_education_binary_lower"",""2023_12_education_binary_higher"",""2023_12_education_binary_lower"",""2023_13_education_binary_higher"",""2023_13_education_binary_lower"",""2023_16_education_binary_lower"",""2023_17_education_binary_higher"",""2023_18_education_binary_higher"",""2023_18_education_binary_lower"",""2023_19_education_binary_lower"",""2023_20_education_binary_higher"",""2023_20_education_binary_lower"",""2023_23_education_binary_higher"",""2023_23_education_binary_lower"",""2023_24_education_binary_higher"",""2023_24_education_binary_lower"",""2023_25_education_binary_higher"",""2023_26_education_binary_higher"",""2023_26_education_binary_lower"",""2023_27_education_binary_lower"",""2023_29_education_binary_higher"",""2023_30_education_binary_higher"",""2023_30_education_binary_lower"",""2023_31_education_binary_higher"",""2023_31_education_binary_lower"",""2023_33_education_binary_higher"",""2023_33_education_binary_lower"",""2023_34_education_binary_lower"",""2023_36_education_binary_lower"",""2023_37_education_binary_higher"",""2023_37_education_binary_lower"",""2023_38_education_binary_higher"",""2023_38_education_binary_lower"",""2023_39_education_binary_higher"",""2023_39_education_binary_lower"",""2023_41_education_binary_higher"",""2023_41_education_binary_lower"",""2023_44_education_binary_higher"",""2023_44_education_binary_lower"",""2023_45_education_binary_higher"",""2023_45_education_binary_lower"",""2023_47_education_binary_higher"",""2023_47_education_binary_lower"",""2023_48_education_binary_higher"",""2023_49_education_binary_lower"",""2023_50_education_binary_higher"",""2023_51_education_binary_lower"",""2023_53_education_binary_lower"",""2023_54_education_binary_higher"",""2023_54_education_binary_lower"",""2023_55_education_binary_higher"",""2023_55_education_binary_lower""]",True,0.0
motif_91d7797e53fe79ef,91d7797e53fe79ef30a7123159575a8c1d238210c4fd3fc37d01d8ead66388bf,"{""edges"":[[""ARTHRITIS"",""KIDNEY_DISEASE""],[""DIABETES"",""ISCHEMIC_HEART_DISEASE""],[""DIABETES"",""KIDNEY_DISEASE""],[""ISCHEMIC_HEART_DISEASE"",""STROKE""]],""nodes"":[""ARTHRITIS"",""DIABETES"",""ISCHEMIC_HEART_DISEASE"",""KIDNEY_DISEASE"",""STROKE""]}",5,4,"[""ARTHRITIS"",""DIABETES"",""ISCHEMIC_HEART_DISEASE"",""KIDNEY_DISEASE"",""STROKE""]","[[""ARTHRITIS"",""KIDNEY_DISEASE""],[""DIABETES"",""ISCHEMIC_HEART_DISEASE""],[""DIABETES"",""KIDNEY_DISEASE""],[""ISCHEMIC_HEART_DISEASE"",""STROKE""]]",occ_4114c485f912f6e8,True,True,False,33,0.351063829787234,24,47,1.0,31.34,28.0,33.0,47,94,22,0.23404255319148937,18,"[""2023_01_education_binary_lower"",""2023_04_education_binary_higher"",""2023_05_education_binary_lower"",""2023_13_education_binary_lower"",""2023_18_education_binary_higher"",""2023_18_education_binary_lower"",""2023_19_education_binary_lower"",""2023_22_education_binary_lower"",""2023_23_education_binary_lower"",""2023_25_education_binary_higher"",""2023_29_education_binary_higher"",""2023_37_education_binary_lower"",""2023_39_education_binary_higher"",""2023_39_education_binary_lower"",""2023_40_education_binary_higher"",""2023_45_education_binary_higher"",""2023_47_education_binary_higher"",""2023_47_education_binary_lower"",""2023_48_education_binary_lower"",""2023_51_education_binary_lower"",""2023_53_education_binary_higher"",""2023_53_education_binary_lower""]",True,-0.11702127659574463
motif_91f8b80b46fb6115,91f8b80b46fb6115bce6a81ded4862ea0031d7e95ce26fb19d0a2c631d6cc05e,"{""edges"":[[""ARTHRITIS"",""ISCHEMIC_HEART_DISEASE""],[""ARTHRITIS"",""KIDNEY_DISEASE""],[""DIABETES"",""KIDNEY_DISEASE""]],""nodes"":[""ARTHRITIS"",""DIABETES"",""ISCHEMIC_HEART_DISEASE"",""KIDNEY_DISEASE""]}",4,3,"[""ARTHRITIS"",""DIABETES"",""ISCHEMIC_HEART_DISEASE"",""KIDNEY_DISEASE""]","[[""ARTHRITIS"",""ISCHEMIC_HEART_DISEASE""],[""ARTHRITIS"",""KIDNEY_DISEASE""],[""DIABETES"",""KIDNEY_DISEASE""]]",occ_f5077196338dcd8d,True,True,False,38,0.4042553191489361,28,47,1.0,36.35,33.0,38.0,47,94,26,0.2765957446808511,21,"[""2023_01_education_binary_lower"",""2023_02_education_binary_higher"",""2023_04_education_binary_higher"",""2023_05_education_binary_lower"",""2023_13_education_binary_lower"",""2023_18_education_binary_higher"",""2023_18_education_binary_lower"",""2023_19_education_binary_lower"",""2023_22_education_binary_higher"",""2023_22_education_binary_lower"",""2023_23_education_binary_lower"",""2023_25_education_binary_higher"",""2023_26_education_binary_lower"",""2023_34_education_binary_higher"",""2023_37_education_binary_lower"",""2023_38_education_binary_lower"",""2023_39_education_binary_higher"",""2023_39_education_binary_lower"",""2023_40_education_binary_higher"",""2023_45_education_binary_higher"",""2023_47_education_binary_higher"",""2023_47_education_binary_lower"",""2023_48_education_binary_lower"",""2023_51_education_binary_lower"",""2023_53_education_binary_higher"",""2023_53_education_binary_lower""]",True,-0.127659574468085
motif_9222964e0f293ccf,9222964e0f293ccf07fde93d19337d3f638fbd51c67ebe193f07be8e23cc110c,"{""edges"":[[""ARTHRITIS"",""ISCHEMIC_HEART_DISEASE""],[""ARTHRITIS"",""OTHER_CANCER""],[""ARTHRITIS"",""SKIN_CANCER""],[""OTHER_CANCER"",""SKIN_CANCER""]],""nodes"":[""ARTHRITIS"",""ISCHEMIC_HEART_DISEASE"",""OTHER_CANCER"",""SKIN_CANCER""]}",4,4,"[""ARTHRITIS"",""ISCHEMIC_HEART_DISEASE"",""OTHER_CANCER"",""SKIN_CANCER""]","[[""ARTHRITIS"",""ISCHEMIC_HEART_DISEASE""],[""ARTHRITIS"",""OTHER_CANCER""],[""ARTHRITIS"",""SKIN_CANCER""],[""OTHER_CANCER"",""SKIN_CANCER""]]",occ_eb86825be7aa30af,True,True,False,27,0.2872340425531915,21,47,1.0,25.946,24.0,27.0,47,94,27,0.2872340425531915,22,"[""2023_04_education_binary_higher"",""2023_06_education_binary_higher"",""2023_08_education_binary_higher"",""2023_09_education_binary_lower"",""2023_10_education_binary_higher"",""2023_10_education_binary_lower"",""2023_12_education_binary_higher"",""2023_13_education_binary_lower"",""2023_16_education_binary_lower"",""2023_18_education_binary_higher"",""2023_18_education_binary_lower"",""2023_25_education_binary_higher"",""2023_30_education_binary_lower"",""2023_31_education_binary_lower"",""2023_38_education_binary_lower"",""2023_39_education_binary_lower"",""2023_41_education_binary_higher"",""2023_45_education_binary_lower"",""2023_47_education_binary_lower"",""2023_49_education_binary_higher"",""2023_49_education_binary_lower"",""2023_50_education_binary_higher"",""2023_50_education_binary_lower"",""2023_53_education_binary_higher"",""2023_54_education_binary_higher"",""2023_54_education_binary_lower"",""2023_55_education_binary_lower""]",True,0.0
motif_92462db061392ae7,92462db061392ae73c41a0cc52af86c27ab0c7cd3f7fc226ccb412e7c6788024,"{""edges"":[[""ARTHRITIS"",""ISCHEMIC_HEART_DISEASE""],[""ARTHRITIS"",""KIDNEY_DISEASE""],[""COPD"",""ISCHEMIC_HEART_DISEASE""],[""DIABETES"",""KIDNEY_DISEASE""]],""nodes"":[""ARTHRITIS"",""COPD"",""DIABETES"",""ISCHEMIC_HEART_DISEASE"",""KIDNEY_DISEASE""]}",5,4,"[""ARTHRITIS"",""COPD"",""DIABETES"",""ISCHEMIC_HEART_DISEASE"",""KIDNEY_DISEASE""]","[[""ARTHRITIS"",""ISCHEMIC_HEART_DISEASE""],[""ARTHRITIS"",""KIDNEY_DISEASE""],[""COPD"",""ISCHEMIC_HEART_DISEASE""],[""DIABETES"",""KIDNEY_DISEASE""]]",occ_00affd6fd0057d51,False,False,False,28,0.2978723404255319,20,47,1.0,26.592,24.0,28.0,47,94,21,0.22340425531914893,17,"[""2023_01_education_binary_lower"",""2023_05_education_binary_lower"",""2023_13_education_binary_lower"",""2023_18_education_binary_higher"",""2023_18_education_binary_lower"",""2023_19_education_binary_lower"",""2023_22_education_binary_lower"",""2023_23_education_binary_lower"",""2023_25_education_binary_higher"",""2023_26_education_binary_lower"",""2023_37_education_binary_lower"",""2023_39_education_binary_higher"",""2023_39_education_binary_lower"",""2023_40_education_binary_higher"",""2023_45_education_binary_higher"",""2023_47_education_binary_higher"",""2023_47_education_binary_lower"",""2023_48_education_binary_lower"",""2023_51_education_binary_lower"",""2023_53_education_binary_higher"",""2023_53_education_binary_lower""]",True,-0.07446808510638298
motif_9299e8337472a50e,9299e8337472a50e39126df8affc87360f69e2b96c88b37dd80a57da982cda96,"{""edges"":[[""ARTHRITIS"",""ISCHEMIC_HEART_DISEASE""],[""DIABETES"",""KIDNEY_DISEASE""],[""ISCHEMIC_HEART_DISEASE"",""KIDNEY_DISEASE""],[""ISCHEMIC_HEART_DISEASE"",""STROKE""]],""nodes"":[""ARTHRITIS"",""DIABETES"",""ISCHEMIC_HEART_DISEASE"",""KIDNEY_DISEASE"",""STROKE""]}",5,4,"[""ARTHRITIS"",""DIABETES"",""ISCHEMIC_HEART_DISEASE"",""KIDNEY_DISEASE"",""STROKE""]","[[""ARTHRITIS"",""ISCHEMIC_HEART_DISEASE""],[""DIABETES"",""KIDNEY_DISEASE""],[""ISCHEMIC_HEART_DISEASE"",""KIDNEY_DISEASE""],[""ISCHEMIC_HEART_DISEASE"",""STROKE""]]",occ_f5202ef44220e68a,True,True,False,35,0.3723404255319149,26,47,1.0,32.692,30.0,35.0,46,92,24,0.2608695652173913,20,"[""2023_01_education_binary_lower"",""2023_04_education_binary_lower"",""2023_05_education_binary_lower"",""2023_12_education_binary_higher"",""2023_12_education_binary_lower"",""2023_18_education_binary_higher"",""2023_18_education_binary_lower"",""2023_22_education_binary_lower"",""2023_23_education_binary_higher"",""2023_26_education_binary_higher"",""2023_31_education_binary_higher"",""2023_33_education_binary_lower"",""2023_37_education_binary_lower"",""2023_38_education_binary_higher"",""2023_39_education_binary_higher"",""2023_39_education_binary_lower"",""2023_40_education_binary_higher"",""2023_47_education_binary_higher"",""2023_47_education_binary_lower"",""2023_48_education_binary_lower"",""2023_50_education_binary_higher"",""2023_51_education_binary_lower"",""2023_53_education_binary_lower"",""2023_54_education_binary_lower""]",True,-0.11147086031452358
motif_9346ea0f68c7424e,9346ea0f68c7424e99afee1a298ba443f9dc74a8f6562d6b046029c2b9380a4e,"{""edges"":[[""ARTHRITIS"",""COPD""],[""ARTHRITIS"",""ISCHEMIC_HEART_DISEASE""],[""ARTHRITIS"",""OTHER_CANCER""],[""COPD"",""ISCHEMIC_HEART_DISEASE""],[""OTHER_CANCER"",""SKIN_CANCER""]],""nodes"":[""ARTHRITIS"",""COPD"",""ISCHEMIC_HEART_DISEASE"",""OTHER_CANCER"",""SKIN_CANCER""]}",5,5,"[""ARTHRITIS"",""COPD"",""ISCHEMIC_HEART_DISEASE"",""OTHER_CANCER"",""SKIN_CANCER""]","[[""ARTHRITIS"",""COPD""],[""ARTHRITIS"",""ISCHEMIC_HEART_DISEASE""],[""ARTHRITIS"",""OTHER_CANCER""],[""COPD"",""ISCHEMIC_HEART_DISEASE""],[""OTHER_CANCER"",""SKIN_CANCER""]]",occ_1cb800cbe42e976a,True,True,False,42,0.4468085106382978,29,47,1.0,40.352,38.0,42.0,47,94,39,0.4148936170212766,27,"[""2023_01_education_binary_lower"",""2023_05_education_binary_higher"",""2023_05_education_binary_lower"",""2023_10_education_binary_higher"",""2023_12_education_binary_higher"",""2023_12_education_binary_lower"",""2023_13_education_binary_higher"",""2023_13_education_binary_lower"",""2023_16_education_binary_lower"",""2023_18_education_binary_higher"",""2023_18_education_binary_lower"",""2023_19_education_binary_lower"",""2023_20_education_binary_lower"",""2023_23_education_binary_higher"",""2023_23_education_binary_lower"",""2023_24_education_binary_lower"",""2023_25_education_binary_higher"",""2023_26_education_binary_higher"",""2023_26_education_binary_lower"",""2023_27_education_binary_lower"",""2023_30_education_binary_lower"",""2023_31_education_binary_higher"",""2023_31_education_binary_lower"",""2023_36_education_binary_lower"",""2023_38_education_binary_higher"",""2023_39_education_binary_higher"",""2023_39_education_binary_lower"",""2023_41_education_binary_higher"",""2023_44_education_binary_higher"",""2023_45_education_binary_higher"",""2023_45_education_binary_lower"",""2023_47_education_binary_higher"",""2023_47_education_binary_lower"",""2023_49_education_binary_lower"",""2023_53_education_binary_lower"",""2023_54_education_binary_higher"",""2023_54_education_binary_lower"",""2023_55_education_binary_higher"",""2023_55_education_binary_lower""]",True,-0.03191489361702121
motif_94bb9d085649fe12,94bb9d085649fe12e4b3cb0062e9629aff3860ff9ad91c580769dfd10b393185,"{""edges"":[[""COPD"",""CURRENT_ASTHMA""],[""CURRENT_ASTHMA"",""DEPRESSIVE_DISORDER""]],""nodes"":[""COPD"",""CURRENT_ASTHMA"",""DEPRESSIVE_DISORDER""]}",3,2,"[""COPD"",""CURRENT_ASTHMA"",""DEPRESSIVE_DISORDER""]","[[""COPD"",""CURRENT_ASTHMA""],[""CURRENT_ASTHMA"",""DEPRESSIVE_DISORDER""]]",occ_dc15235a244f2a80,True,True,False,43,0.4574468085106383,33,47,1.0,41.982,40.0,43.0,47,94,33,0.35106382978723405,25,"[""2023_01_education_binary_lower"",""2023_08_education_binary_lower"",""2023_12_education_binary_lower"",""2023_16_education_binary_lower"",""2023_18_education_binary_higher"",""2023_18_education_binary_lower"",""2023_19_education_binary_higher"",""2023_19_education_binary_lower"",""2023_22_education_binary_lower"",""2023_23_education_binary_higher"",""2023_23_education_binary_lower"",""2023_25_education_binary_lower"",""2023_27_education_binary_lower"",""2023_28_education_binary_lower"",""2023_30_education_binary_higher"",""2023_30_education_binary_lower"",""2023_33_education_binary_lower"",""2023_34_education_binary_lower"",""2023_35_education_binary_lower"",""2023_36_education_binary_higher"",""2023_36_education_binary_lower"",""2023_40_education_binary_higher"",""2023_44_education_binary_lower"",""2023_47_education_binary_lower"",""2023_49_education_binary_higher"",""2023_49_education_binary_lower"",""2023_50_education_binary_lower"",""2023_51_education_binary_higher"",""2023_53_education_binary_higher"",""2023_53_education_binary_lower"",""2023_54_education_binary_higher"",""2023_54_education_binary_lower"",""2023_55_education_binary_lower""]",True,-0.10638297872340424
motif_94fda426c64e7b30,94fda426c64e7b304826ace4b80e1bc6fdd8b11705f3a86d18174ebf28839831,"{""edges"":[[""ARTHRITIS"",""KIDNEY_DISEASE""],[""ARTHRITIS"",""OTHER_CANCER""],[""DIABETES"",""KIDNEY_DISEASE""]],""nodes"":[""ARTHRITIS"",""DIABETES"",""KIDNEY_DISEASE"",""OTHER_CANCER""]}",4,3,"[""ARTHRITIS"",""DIABETES"",""KIDNEY_DISEASE"",""OTHER_CANCER""]","[[""ARTHRITIS"",""KIDNEY_DISEASE""],[""ARTHRITIS"",""OTHER_CANCER""],[""DIABETES"",""KIDNEY_DISEASE""]]",occ_aea882a389d8745b,False,False,False,28,0.2978723404255319,22,47,1.0,26.832,25.0,28.0,47,94,22,0.23404255319148937,18,"[""2023_01_education_binary_lower"",""2023_02_education_binary_higher"",""2023_04_education_binary_higher"",""2023_05_education_binary_lower"",""2023_13_education_binary_lower"",""2023_18_education_binary_higher"",""2023_18_education_binary_lower"",""2023_19_education_binary_lower"",""2023_23_education_binary_lower"",""2023_25_education_binary_higher"",""2023_26_education_binary_lower"",""2023_29_education_binary_higher"",""2023_37_education_binary_lower"",""2023_38_education_binary_lower"",""2023_39_education_binary_higher"",""2023_39_education_binary_lower"",""2023_45_education_binary_higher"",""2023_47_education_binary_higher"",""2023_47_education_binary_lower"",""2023_51_education_binary_lower"",""2023_53_education_binary_higher"",""2023_53_education_binary_lower""]",True,-0.06382978723404253
motif_9549cf95a022f9b4,9549cf95a022f9b410f26d54b3a86a2bc6e7f5a6504146eaaf43335bf8dc2549,"{""edges"":[[""ARTHRITIS"",""DIABETES""],[""DIABETES"",""ISCHEMIC_HEART_DISEASE""],[""DIABETES"",""KIDNEY_DISEASE""],[""ISCHEMIC_HEART_DISEASE"",""KIDNEY_DISEASE""]],""nodes"":[""ARTHRITIS"",""DIABETES"",""ISCHEMIC_HEART_DISEASE"",""KIDNEY_DISEASE""]}",4,4,"[""ARTHRITIS"",""DIABETES"",""ISCHEMIC_HEART_DISEASE"",""KIDNEY_DISEASE""]","[[""ARTHRITIS"",""DIABETES""],[""DIABETES"",""ISCHEMIC_HEART_DISEASE""],[""DIABETES"",""KIDNEY_DISEASE""],[""ISCHEMIC_HEART_DISEASE"",""KIDNEY_DISEASE""]]",occ_17bd400c926c321a,False,False,False,33,0.351063829787234,24,47,1.0,31.148,28.0,33.0,46,92,22,0.2391304347826087,19,"[""2023_01_education_binary_lower"",""2023_04_education_binary_lower"",""2023_05_education_binary_lower"",""2023_18_education_binary_higher"",""2023_18_education_binary_lower"",""2023_22_education_binary_lower"",""2023_23_education_binary_higher"",""2023_24_education_binary_higher"",""2023_26_education_binary_higher"",""2023_31_education_binary_higher"",""2023_33_education_binary_lower"",""2023_37_education_binary_lower"",""2023_38_education_binary_higher"",""2023_39_education_binary_higher"",""2023_39_education_binary_lower"",""2023_40_education_binary_higher"",""2023_47_education_binary_higher"",""2023_47_education_binary_lower"",""2023_48_education_binary_lower"",""2023_51_education_binary_lower"",""2023_53_education_binary_lower"",""2023_54_education_binary_lower""]",True,-0.11193339500462529
motif_9583570644293b3f,9583570644293b3f5bbff4bcba59540edc26c2eb87716f2d384229e6b394d31f,"{""edges"":[[""ARTHRITIS"",""DIABETES""],[""ARTHRITIS"",""ISCHEMIC_HEART_DISEASE""],[""COPD"",""ISCHEMIC_HEART_DISEASE""],[""DIABETES"",""KIDNEY_DISEASE""],[""ISCHEMIC_HEART_DISEASE"",""KIDNEY_DISEASE""]],""nodes"":[""ARTHRITIS"",""COPD"",""DIABETES"",""ISCHEMIC_HEART_DISEASE"",""KIDNEY_DISEASE""]}",5,5,"[""ARTHRITIS"",""COPD"",""DIABETES"",""ISCHEMIC_HEART_DISEASE"",""KIDNEY_DISEASE""]","[[""ARTHRITIS"",""DIABETES""],[""ARTHRITIS"",""ISCHEMIC_HEART_DISEASE""],[""COPD"",""ISCHEMIC_HEART_DISEASE""],[""DIABETES"",""KIDNEY_DISEASE""],[""ISCHEMIC_HEART_DISEASE"",""KIDNEY_DISEASE""]]",occ_121fa8b562518447,False,False,False,28,0.2978723404255319,22,47,1.0,26.176,24.0,28.0,46,92,20,0.21739130434782608,17,"[""2023_01_education_binary_lower"",""2023_05_education_binary_lower"",""2023_12_education_binary_lower"",""2023_18_education_binary_higher"",""2023_18_education_binary_lower"",""2023_22_education_binary_lower"",""2023_23_education_binary_higher"",""2023_26_education_binary_higher"",""2023_31_education_binary_higher"",""2023_37_education_binary_lower"",""2023_38_education_binary_higher"",""2023_39_education_binary_higher"",""2023_39_education_binary_lower"",""2023_40_education_binary_higher"",""2023_47_education_binary_higher"",""2023_47_education_binary_lower"",""2023_48_education_binary_lower"",""2023_51_education_binary_lower"",""2023_53_education_binary_lower"",""2023_54_education_binary_lower""]",True,-0.08048103607770582
motif_96ca5d9e76d59355,96ca5d9e76d593559666e4b7856247d124523eb5defd83883cdf48a5bb774489,"{""edges"":[[""ARTHRITIS"",""KIDNEY_DISEASE""],[""DIABETES"",""ISCHEMIC_HEART_DISEASE""],[""ISCHEMIC_HEART_DISEASE"",""KIDNEY_DISEASE""],[""ISCHEMIC_HEART_DISEASE"",""STROKE""]],""nodes"":[""ARTHRITIS"",""DIABETES"",""ISCHEMIC_HEART_DISEASE"",""KIDNEY_DISEASE"",""STROKE""]}",5,4,"[""ARTHRITIS"",""DIABETES"",""ISCHEMIC_HEART_DISEASE"",""KIDNEY_DISEASE"",""STROKE""]","[[""ARTHRITIS"",""KIDNEY_DISEASE""],[""DIABETES"",""ISCHEMIC_HEART_DISEASE""],[""ISCHEMIC_HEART_DISEASE"",""KIDNEY_DISEASE""],[""ISCHEMIC_HEART_DISEASE"",""STROKE""]]",occ_dcb32855d6e97c0d,True,True,False,22,0.2340425531914893,16,47,0.954,20.534,18.0,22.0,46,92,16,0.17391304347826086,13,"[""2023_01_education_binary_lower"",""2023_05_education_binary_lower"",""2023_18_education_binary_higher"",""2023_18_education_binary_lower"",""2023_22_education_binary_lower"",""2023_37_education_binary_lower"",""2023_39_education_binary_higher"",""2023_39_education_binary_lower"",""2023_40_education_binary_higher"",""2023_45_education_binary_lower"",""2023_47_education_binary_higher"",""2023_47_education_binary_lower"",""2023_48_education_binary_lower"",""2023_49_education_binary_lower"",""2023_51_education_binary_lower"",""2023_53_education_binary_lower""]",False,-0.060129509713228446
motif_971292dd18d037f2,971292dd18d037f2afd8972deedc3f4682dfd0db51d5ccc41b966a06bdad7e9a,"{""edges"":[[""ARTHRITIS"",""COPD""],[""COPD"",""ISCHEMIC_HEART_DISEASE""],[""ISCHEMIC_HEART_DISEASE"",""STROKE""]],""nodes"":[""ARTHRITIS"",""COPD"",""ISCHEMIC_HEART_DISEASE"",""STROKE""]}",4,3,"[""ARTHRITIS"",""COPD"",""ISCHEMIC_HEART_DISEASE"",""STROKE""]","[[""ARTHRITIS"",""COPD""],[""COPD"",""ISCHEMIC_HEART_DISEASE""],[""ISCHEMIC_HEART_DISEASE"",""STROKE""]]",occ_70a5ee40fe553b0e,True,True,False,57,0.6063829787234043,37,47,1.0,55.104,53.0,57.0,47,94,47,0.5,33,"[""2023_01_education_binary_lower"",""2023_05_education_binary_higher"",""2023_05_education_binary_lower"",""2023_12_education_binary_higher"",""2023_12_education_binary_lower"",""2023_13_education_binary_lower"",""2023_16_education_binary_lower"",""2023_18_education_binary_higher"",""2023_18_education_binary_lower"",""2023_19_education_binary_lower"",""2023_20_education_binary_lower"",""2023_22_education_binary_lower"",""2023_23_education_binary_higher"",""2023_23_education_binary_lower"",""2023_24_education_binary_lower"",""2023_25_education_binary_higher"",""2023_26_education_binary_higher"",""2023_26_education_binary_lower"",""2023_27_education_binary_lower"",""2023_29_education_binary_higher"",""2023_29_education_binary_lower"",""2023_30_education_binary_lower"",""2023_31_education_binary_higher"",""2023_31_education_binary_lower"",""2023_36_education_binary_lower"",""2023_37_education_binary_lower"",""2023_38_education_binary_higher"",""2023_39_education_binary_higher"",""2023_39_education_binary_lower"",""2023_40_education_binary_higher"",""2023_40_education_binary_lower"",""2023_41_education_binary_higher"",""2023_44_education_binary_higher"",""2023_45_education_binary_higher"",""2023_45_education_binary_lower"",""2023_47_education_binary_higher"",""2023_47_education_binary_lower"",""2023_48_education_binary_lower"",""2023_49_education_binary_lower"",""2023_51_education_binary_lower"",""2023_53_education_binary_lower"",""2023_54_education_binary_higher"",""2023_54_education_binary_lower"",""2023_55_education_binary_higher"",""2023_55_education_binary_lower"",""2023_56_education_binary_higher"",""2023_56_education_binary_lower""]",True,-0.1063829787234043
motif_971e3dbb7f58e1ea,971e3dbb7f58e1ea0f881286d653de2ca03b86bc5d786c0477971463e6776af0,"{""edges"":[[""ARTHRITIS"",""DIABETES""],[""ARTHRITIS"",""ISCHEMIC_HEART_DISEASE""],[""ARTHRITIS"",""OTHER_CANCER""],[""ISCHEMIC_HEART_DISEASE"",""KIDNEY_DISEASE""]],""nodes"":[""ARTHRITIS"",""DIABETES"",""ISCHEMIC_HEART_DISEASE"",""KIDNEY_DISEASE"",""OTHER_CANCER""]}",5,4,"[""ARTHRITIS"",""DIABETES"",""ISCHEMIC_HEART_DISEASE"",""KIDNEY_DISEASE"",""OTHER_CANCER""]","[[""ARTHRITIS"",""DIABETES""],[""ARTHRITIS"",""ISCHEMIC_HEART_DISEASE""],[""ARTHRITIS"",""OTHER_CANCER""],[""ISCHEMIC_HEART_DISEASE"",""KIDNEY_DISEASE""]]",occ_5ed6766806247ac0,True,True,False,33,0.351063829787234,24,47,1.0,31.382,29.0,33.0,46,92,27,0.29347826086956524,21,"[""2023_01_education_binary_lower"",""2023_05_education_binary_higher"",""2023_05_education_binary_lower"",""2023_10_education_binary_higher"",""2023_12_education_binary_lower"",""2023_18_education_binary_higher"",""2023_18_education_binary_lower"",""2023_23_education_binary_higher"",""2023_24_education_binary_higher"",""2023_26_education_binary_higher"",""2023_31_education_binary_higher"",""2023_31_education_binary_lower"",""2023_33_education_binary_lower"",""2023_36_education_binary_lower"",""2023_37_education_binary_lower"",""2023_38_education_binary_higher"",""2023_39_education_binary_higher"",""2023_39_education_binary_lower"",""2023_41_education_binary_lower"",""2023_45_education_binary_lower"",""2023_47_education_binary_higher"",""2023_47_education_binary_lower"",""2023_49_education_binary_lower"",""2023_51_education_binary_lower"",""2023_53_education_binary_lower"",""2023_54_education_binary_higher"",""2023_54_education_binary_lower""]",True,-0.05758556891766875
motif_9737518e452322bd,9737518e452322bdfe97f555118b945226329b71d12f48fa4d92307f74aa7268,"{""edges"":[[""ARTHRITIS"",""COPD""],[""ARTHRITIS"",""DIABETES""],[""ARTHRITIS"",""KIDNEY_DISEASE""],[""COPD"",""CURRENT_ASTHMA""]],""nodes"":[""ARTHRITIS"",""COPD"",""CURRENT_ASTHMA"",""DIABETES"",""KIDNEY_DISEASE""]}",5,4,"[""ARTHRITIS"",""COPD"",""CURRENT_ASTHMA"",""DIABETES"",""KIDNEY_DISEASE""]","[[""ARTHRITIS"",""COPD""],[""ARTHRITIS"",""DIABETES""],[""ARTHRITIS"",""KIDNEY_DISEASE""],[""COPD"",""CURRENT_ASTHMA""]]",occ_76e879295662b436,True,True,False,36,0.3829787234042553,25,47,1.0,34.798,32.0,36.0,47,94,30,0.3191489361702128,23,"[""2023_01_education_binary_lower"",""2023_02_education_binary_higher"",""2023_04_education_binary_higher"",""2023_05_education_binary_lower"",""2023_13_education_binary_higher"",""2023_13_education_binary_lower"",""2023_18_education_binary_higher"",""2023_18_education_binary_lower"",""2023_19_education_binary_lower"",""2023_22_education_binary_lower"",""2023_23_education_binary_lower"",""2023_25_education_binary_higher"",""2023_26_education_binary_lower"",""2023_27_education_binary_lower"",""2023_28_education_binary_higher"",""2023_29_education_binary_higher"",""2023_39_education_binary_higher"",""2023_39_education_binary_lower"",""2023_40_education_binary_higher"",""2023_40_education_binary_lower"",""2023_41_education_binary_lower"",""2023_45_education_binary_higher"",""2023_45_education_binary_lower"",""2023_47_education_binary_higher"",""2023_47_education_binary_lower"",""2023_48_education_binary_higher"",""2023_48_education_binary_lower"",""2023_49_education_binary_lower"",""2023_51_education_binary_lower"",""2023_53_education_binary_lower""]",True,-0.06382978723404253
motif_99e10474d9641594,99e10474d96415944a3ec1a1953f22543703b9d822afc8b42bce27b8e25de34f,"{""edges"":[[""ARTHRITIS"",""COPD""],[""ARTHRITIS"",""ISCHEMIC_HEART_DISEASE""],[""COPD"",""CURRENT_ASTHMA""],[""DIABETES"",""ISCHEMIC_HEART_DISEASE""]],""nodes"":[""ARTHRITIS"",""COPD"",""CURRENT_ASTHMA"",""DIABETES"",""ISCHEMIC_HEART_DISEASE""]}",5,4,"[""ARTHRITIS"",""COPD"",""CURRENT_ASTHMA"",""DIABETES"",""ISCHEMIC_HEART_DISEASE""]","[[""ARTHRITIS"",""COPD""],[""ARTHRITIS"",""ISCHEMIC_HEART_DISEASE""],[""COPD"",""CURRENT_ASTHMA""],[""DIABETES"",""ISCHEMIC_HEART_DISEASE""]]",occ_7ca026144142bd82,True,True,False,60,0.6382978723404256,39,47,1.0,58.238,55.0,60.0,47,94,49,0.5212765957446809,36,"[""2023_01_education_binary_higher"",""2023_01_education_binary_lower"",""2023_04_education_binary_higher"",""2023_05_education_binary_higher"",""2023_05_education_binary_lower"",""2023_06_education_binary_higher"",""2023_08_education_binary_lower"",""2023_09_education_binary_lower"",""2023_12_education_binary_higher"",""2023_13_education_binary_higher"",""2023_13_education_binary_lower"",""2023_16_education_binary_lower"",""2023_18_education_binary_higher"",""2023_18_education_binary_lower"",""2023_19_education_binary_higher"",""2023_19_education_binary_lower"",""2023_20_education_binary_higher"",""2023_20_education_binary_lower"",""2023_22_education_binary_lower"",""2023_23_education_binary_higher"",""2023_23_education_binary_lower"",""2023_24_education_binary_higher"",""2023_24_education_binary_lower"",""2023_25_education_binary_higher"",""2023_26_education_binary_higher"",""2023_27_education_binary_lower"",""2023_28_education_binary_lower"",""2023_30_education_binary_lower"",""2023_33_education_binary_lower"",""2023_36_education_binary_lower"",""2023_39_education_binary_higher"",""2023_39_education_binary_lower"",""2023_40_education_binary_higher"",""2023_41_education_binary_higher"",""2023_44_education_binary_higher"",""2023_45_education_binary_higher"",""2023_45_education_binary_lower"",""2023_47_education_binary_higher"",""2023_47_education_binary_lower"",""2023_48_education_binary_lower"",""2023_49_education_binary_lower"",""2023_50_education_binary_higher"",""2023_51_education_binary_lower"",""2023_53_education_binary_lower"",""2023_54_education_binary_higher"",""2023_54_education_binary_lower"",""2023_55_education_binary_higher"",""2023_55_education_binary_lower"",""2023_56_education_binary_higher""]",True,-0.11702127659574468
motif_99f25f43459111ca,99f25f43459111caa97549ae4279074d8ba2cf3b1d97fed8cf70ca55ecd37d0c,"{""edges"":[[""ARTHRITIS"",""DIABETES""],[""ARTHRITIS"",""ISCHEMIC_HEART_DISEASE""],[""ARTHRITIS"",""OTHER_CANCER""],[""COPD"",""ISCHEMIC_HEART_DISEASE""],[""DIABETES"",""ISCHEMIC_HEART_DISEASE""]],""nodes"":[""ARTHRITIS"",""COPD"",""DIABETES"",""ISCHEMIC_HEART_DISEASE"",""OTHER_CANCER""]}",5,5,"[""ARTHRITIS"",""COPD"",""DIABETES"",""ISCHEMIC_HEART_DISEASE"",""OTHER_CANCER""]","[[""ARTHRITIS"",""DIABETES""],[""ARTHRITIS"",""ISCHEMIC_HEART_DISEASE""],[""ARTHRITIS"",""OTHER_CANCER""],[""COPD"",""ISCHEMIC_HEART_DISEASE""],[""DIABETES"",""ISCHEMIC_HEART_DISEASE""]]",occ_d3f1f4f63dd2f8f4,False,False,False,34,0.3617021276595745,24,47,1.0,32.524,30.0,34.0,47,94,36,0.3829787234042553,26,"[""2023_01_education_binary_lower"",""2023_05_education_binary_higher"",""2023_05_education_binary_lower"",""2023_13_education_binary_higher"",""2023_13_education_binary_lower"",""2023_16_education_binary_lower"",""2023_18_education_binary_higher"",""2023_18_education_binary_lower"",""2023_19_education_binary_lower"",""2023_23_education_binary_higher"",""2023_23_education_binary_lower"",""2023_24_education_binary_lower"",""2023_25_education_binary_higher"",""2023_26_education_binary_higher"",""2023_27_education_binary_lower"",""2023_30_education_binary_lower"",""2023_31_education_binary_higher"",""2023_36_education_binary_lower"",""2023_37_education_binary_lower"",""2023_38_education_binary_higher"",""2023_39_education_binary_higher"",""2023_39_education_binary_lower"",""2023_41_education_binary_higher"",""2023_44_education_binary_higher"",""2023_45_education_binary_higher"",""2023_45_education_binary_lower"",""2023_47_education_binary_higher"",""2023_47_education_binary_lower"",""2023_49_education_binary_lower"",""2023_51_education_binary_lower"",""2023_53_education_binary_higher"",""2023_53_education_binary_lower"",""2023_54_education_binary_higher"",""2023_54_education_binary_lower"",""2023_55_education_binary_higher"",""2023_55_education_binary_lower""]",True,0.021276595744680826
motif_9a804183b3321941,9a804183b3321941fa3e4dc67cf57d4c6c789790303ad4243cd7fbc11f9efdb6,"{""edges"":[[""COPD"",""ISCHEMIC_HEART_DISEASE""],[""DIABETES"",""KIDNEY_DISEASE""],[""ISCHEMIC_HEART_DISEASE"",""KIDNEY_DISEASE""]],""nodes"":[""COPD"",""DIABETES"",""ISCHEMIC_HEART_DISEASE"",""KIDNEY_DISEASE""]}",4,3,"[""COPD"",""DIABETES"",""ISCHEMIC_HEART_DISEASE"",""KIDNEY_DISEASE""]","[[""COPD"",""ISCHEMIC_HEART_DISEASE""],[""DIABETES"",""KIDNEY_DISEASE""],[""ISCHEMIC_HEART_DISEASE"",""KIDNEY_DISEASE""]]",occ_3a01952fa3773c84,False,False,False,32,0.3404255319148936,26,47,1.0,30.004,27.0,32.0,46,92,21,0.22826086956521738,17,"[""2023_01_education_binary_lower"",""2023_05_education_binary_lower"",""2023_12_education_binary_higher"",""2023_12_education_binary_lower"",""2023_18_education_binary_higher"",""2023_18_education_binary_lower"",""2023_22_education_binary_lower"",""2023_23_education_binary_higher"",""2023_26_education_binary_higher"",""2023_31_education_binary_higher"",""2023_37_education_binary_lower"",""2023_38_education_binary_higher"",""2023_39_education_binary_higher"",""2023_39_education_binary_lower"",""2023_40_education_binary_higher"",""2023_47_education_binary_higher"",""2023_47_education_binary_lower"",""2023_48_education_binary_lower"",""2023_51_education_binary_lower"",""2023_53_education_binary_lower"",""2023_54_education_binary_lower""]",True,-0.11216466234967623
motif_9a81ed62d65435c3,9a81ed62d65435c3b172a118ab6613e75fc26a1c58e8720b456d0c9b8997333a,"{""edges"":[[""ARTHRITIS"",""ISCHEMIC_HEART_DISEASE""],[""ARTHRITIS"",""KIDNEY_DISEASE""],[""ARTHRITIS"",""OTHER_CANCER""],[""OTHER_CANCER"",""SKIN_CANCER""]],""nodes"":[""ARTHRITIS"",""ISCHEMIC_HEART_DISEASE"",""KIDNEY_DISEASE"",""OTHER_CANCER"",""SKIN_CANCER""]}",5,4,"[""ARTHRITIS"",""ISCHEMIC_HEART_DISEASE"",""KIDNEY_DISEASE"",""OTHER_CANCER"",""SKIN_CANCER""]","[[""ARTHRITIS"",""ISCHEMIC_HEART_DISEASE""],[""ARTHRITIS"",""KIDNEY_DISEASE""],[""ARTHRITIS"",""OTHER_CANCER""],[""OTHER_CANCER"",""SKIN_CANCER""]]",occ_6b4def48a337e970,True,True,False,31,0.3297872340425531,25,47,1.0,29.786,28.0,31.0,47,94,26,0.2765957446808511,20,"[""2023_01_education_binary_lower"",""2023_02_education_binary_higher"",""2023_04_education_binary_higher"",""2023_05_education_binary_lower"",""2023_10_education_binary_higher"",""2023_13_education_binary_higher"",""2023_13_education_binary_lower"",""2023_18_education_binary_higher"",""2023_18_education_binary_lower"",""2023_19_education_binary_lower"",""2023_23_education_binary_lower"",""2023_25_education_binary_higher"",""2023_26_education_binary_lower"",""2023_27_education_binary_lower"",""2023_38_education_binary_lower"",""2023_39_education_binary_higher"",""2023_39_education_binary_lower"",""2023_41_education_binary_lower"",""2023_45_education_binary_higher"",""2023_45_education_binary_lower"",""2023_47_education_binary_higher"",""2023_47_education_binary_lower"",""2023_48_education_binary_higher"",""2023_49_education_binary_lower"",""2023_53_education_binary_higher"",""2023_53_education_binary_lower""]",True,-0.05319148936170204
motif_9aa9557464dbe999,9aa9557464dbe9994efacda55458dafa8b50e7480976ccd79581e1f2d074d9ce,"{""edges"":[[""ARTHRITIS"",""COPD""],[""ARTHRITIS"",""ISCHEMIC_HEART_DISEASE""],[""ARTHRITIS"",""KIDNEY_DISEASE""],[""COPD"",""CURRENT_ASTHMA""]],""nodes"":[""ARTHRITIS"",""COPD"",""CURRENT_ASTHMA"",""ISCHEMIC_HEART_DISEASE"",""KIDNEY_DISEASE""]}",5,4,"[""ARTHRITIS"",""COPD"",""CURRENT_ASTHMA"",""ISCHEMIC_HEART_DISEASE"",""KIDNEY_DISEASE""]","[[""ARTHRITIS"",""COPD""],[""ARTHRITIS"",""ISCHEMIC_HEART_DISEASE""],[""ARTHRITIS"",""KIDNEY_DISEASE""],[""COPD"",""CURRENT_ASTHMA""]]",occ_1b51ca5b05f654ac,True,True,False,37,0.3936170212765957,26,47,1.0,35.728,33.0,37.0,47,94,30,0.3191489361702128,23,"[""2023_01_education_binary_lower"",""2023_02_education_binary_higher"",""2023_04_education_binary_higher"",""2023_05_education_binary_lower"",""2023_13_education_binary_higher"",""2023_13_education_binary_lower"",""2023_18_education_binary_higher"",""2023_18_education_binary_lower"",""2023_19_education_binary_lower"",""2023_22_education_binary_lower"",""2023_23_education_binary_lower"",""2023_25_education_binary_higher"",""2023_26_education_binary_lower"",""2023_27_education_binary_lower"",""2023_28_education_binary_higher"",""2023_39_education_binary_higher"",""2023_39_education_binary_lower"",""2023_40_education_binary_higher"",""2023_40_education_binary_lower"",""2023_41_education_binary_lower"",""2023_45_education_binary_higher"",""2023_45_education_binary_lower"",""2023_46_education_binary_lower"",""2023_47_education_binary_higher"",""2023_47_education_binary_lower"",""2023_48_education_binary_higher"",""2023_48_education_binary_lower"",""2023_49_education_binary_lower"",""2023_51_education_binary_lower"",""2023_53_education_binary_lower""]",True,-0.07446808510638292
motif_9ac79cbea8a03df2,9ac79cbea8a03df296f7409b964260395055fe86431210f73e562fa4a4e78f6c,"{""edges"":[[""ARTHRITIS"",""DIABETES""],[""ARTHRITIS"",""ISCHEMIC_HEART_DISEASE""],[""ARTHRITIS"",""OTHER_CANCER""],[""ARTHRITIS"",""SKIN_CANCER""]],""nodes"":[""ARTHRITIS"",""DIABETES"",""ISCHEMIC_HEART_DISEASE"",""OTHER_CANCER"",""SKIN_CANCER""]}",5,4,"[""ARTHRITIS"",""DIABETES"",""ISCHEMIC_HEART_DISEASE"",""OTHER_CANCER"",""SKIN_CANCER""]","[[""ARTHRITIS"",""DIABETES""],[""ARTHRITIS"",""ISCHEMIC_HEART_DISEASE""],[""ARTHRITIS"",""OTHER_CANCER""],[""ARTHRITIS"",""SKIN_CANCER""]]",occ_f699924002313375,False,False,False,22,0.2340425531914893,17,47,0.988,21.044,19.0,22.0,47,94,22,0.23404255319148937,18,"[""2023_04_education_binary_higher"",""2023_10_education_binary_higher"",""2023_10_education_binary_lower"",""2023_13_education_binary_lower"",""2023_16_education_binary_lower"",""2023_18_education_binary_higher"",""2023_18_education_binary_lower"",""2023_25_education_binary_higher"",""2023_30_education_binary_lower"",""2023_31_education_binary_lower"",""2023_38_education_binary_lower"",""2023_39_education_binary_lower"",""2023_41_education_binary_higher"",""2023_45_education_binary_lower"",""2023_47_education_binary_lower"",""2023_49_education_binary_higher"",""2023_49_education_binary_lower"",""2023_50_education_binary_lower"",""2023_53_education_binary_higher"",""2023_54_education_binary_higher"",""2023_54_education_binary_lower"",""2023_55_education_binary_lower""]",True,5.551115123125783e-17
motif_9aea37b624069e78,9aea37b624069e7810372fef21587ee0f35da526c2421f8173e79cf8acfa3b59,"{""edges"":[[""ARTHRITIS"",""COPD""],[""ARTHRITIS"",""ISCHEMIC_HEART_DISEASE""],[""ARTHRITIS"",""KIDNEY_DISEASE""],[""COPD"",""ISCHEMIC_HEART_DISEASE""],[""DIABETES"",""ISCHEMIC_HEART_DISEASE""]],""nodes"":[""ARTHRITIS"",""COPD"",""DIABETES"",""ISCHEMIC_HEART_DISEASE"",""KIDNEY_DISEASE""]}",5,5,"[""ARTHRITIS"",""COPD"",""DIABETES"",""ISCHEMIC_HEART_DISEASE"",""KIDNEY_DISEASE""]","[[""ARTHRITIS"",""COPD""],[""ARTHRITIS"",""ISCHEMIC_HEART_DISEASE""],[""ARTHRITIS"",""KIDNEY_DISEASE""],[""COPD"",""ISCHEMIC_HEART_DISEASE""],[""DIABETES"",""ISCHEMIC_HEART_DISEASE""]]",occ_8e5dba69c449ca0b,True,True,False,29,0.3085106382978723,20,47,1.0,27.944,26.0,29.0,47,94,23,0.24468085106382978,18,"[""2023_01_education_binary_lower"",""2023_05_education_binary_lower"",""2023_13_education_binary_higher"",""2023_13_education_binary_lower"",""2023_18_education_binary_higher"",""2023_18_education_binary_lower"",""2023_19_education_binary_lower"",""2023_22_education_binary_lower"",""2023_23_education_binary_lower"",""2023_25_education_binary_higher"",""2023_27_education_binary_lower"",""2023_37_education_binary_lower"",""2023_39_education_binary_higher"",""2023_39_education_binary_lower"",""2023_40_education_binary_higher"",""2023_45_education_binary_higher"",""2023_45_education_binary_lower"",""2023_47_education_binary_higher"",""2023_47_education_binary_lower"",""2023_48_education_binary_lower"",""2023_49_education_binary_lower"",""2023_51_education_binary_lower"",""2023_53_education_binary_lower""]",True,-0.0638297872340425
motif_9ce65289eb9b60cb,9ce65289eb9b60cb6a682814285655cf5cc186d46ec46ec3938984032d9dd4d8,"{""edges"":[[""ARTHRITIS"",""COPD""],[""ARTHRITIS"",""DIABETES""],[""ARTHRITIS"",""ISCHEMIC_HEART_DISEASE""],[""ARTHRITIS"",""OTHER_CANCER""],[""COPD"",""ISCHEMIC_HEART_DISEASE""]],""nodes"":[""ARTHRITIS"",""COPD"",""DIABETES"",""ISCHEMIC_HEART_DISEASE"",""OTHER_CANCER""]}",5,5,"[""ARTHRITIS"",""COPD"",""DIABETES"",""ISCHEMIC_HEART_DISEASE"",""OTHER_CANCER""]","[[""ARTHRITIS"",""COPD""],[""ARTHRITIS"",""DIABETES""],[""ARTHRITIS"",""ISCHEMIC_HEART_DISEASE""],[""ARTHRITIS"",""OTHER_CANCER""],[""COPD"",""ISCHEMIC_HEART_DISEASE""]]",occ_ba78afe263470a86,True,True,False,41,0.4361702127659574,28,47,1.0,39.196,36.0,41.0,47,94,39,0.4148936170212766,28,"[""2023_01_education_binary_lower"",""2023_05_education_binary_higher"",""2023_05_education_binary_lower"",""2023_10_education_binary_higher"",""2023_12_education_binary_lower"",""2023_13_education_binary_higher"",""2023_13_education_binary_lower"",""2023_16_education_binary_lower"",""2023_18_education_binary_higher"",""2023_18_education_binary_lower"",""2023_19_education_binary_lower"",""2023_23_education_binary_higher"",""2023_23_education_binary_lower"",""2023_24_education_binary_lower"",""2023_25_education_binary_higher"",""2023_26_education_binary_higher"",""2023_26_education_binary_lower"",""2023_27_education_binary_lower"",""2023_30_education_binary_lower"",""2023_31_education_binary_higher"",""2023_31_education_binary_lower"",""2023_36_education_binary_lower"",""2023_37_education_binary_lower"",""2023_38_education_binary_higher"",""2023_39_education_binary_higher"",""2023_39_education_binary_lower"",""2023_41_education_binary_higher"",""2023_44_education_binary_higher"",""2023_45_education_binary_higher"",""2023_45_education_binary_lower"",""2023_47_education_binary_higher"",""2023_47_education_binary_lower"",""2023_49_education_binary_lower"",""2023_51_education_binary_lower"",""2023_53_education_binary_lower"",""2023_54_education_binary_higher"",""2023_54_education_binary_lower"",""2023_55_education_binary_higher"",""2023_55_education_binary_lower""]",True,-0.021276595744680826
motif_9dd3ef603731eb1d,9dd3ef603731eb1dc0e3d806ef1765506e21f30ba9f7a460321dccdabc05c8c3,"{""edges"":[[""ARTHRITIS"",""ISCHEMIC_HEART_DISEASE""],[""ARTHRITIS"",""SKIN_CANCER""],[""DIABETES"",""ISCHEMIC_HEART_DISEASE""],[""OTHER_CANCER"",""SKIN_CANCER""]],""nodes"":[""ARTHRITIS"",""DIABETES"",""ISCHEMIC_HEART_DISEASE"",""OTHER_CANCER"",""SKIN_CANCER""]}",5,4,"[""ARTHRITIS"",""DIABETES"",""ISCHEMIC_HEART_DISEASE"",""OTHER_CANCER"",""SKIN_CANCER""]","[[""ARTHRITIS"",""ISCHEMIC_HEART_DISEASE""],[""ARTHRITIS"",""SKIN_CANCER""],[""DIABETES"",""ISCHEMIC_HEART_DISEASE""],[""OTHER_CANCER"",""SKIN_CANCER""]]",occ_9526e86030e0ab5a,True,True,False,28,0.2978723404255319,25,47,1.0,26.472,24.0,28.0,47,94,23,0.24468085106382978,20,"[""2023_01_education_binary_higher"",""2023_04_education_binary_higher"",""2023_06_education_binary_higher"",""2023_09_education_binary_lower"",""2023_12_education_binary_higher"",""2023_13_education_binary_lower"",""2023_16_education_binary_lower"",""2023_18_education_binary_higher"",""2023_18_education_binary_lower"",""2023_25_education_binary_higher"",""2023_30_education_binary_lower"",""2023_39_education_binary_lower"",""2023_41_education_binary_higher"",""2023_45_education_binary_lower"",""2023_47_education_binary_lower"",""2023_49_education_binary_higher"",""2023_49_education_binary_lower"",""2023_50_education_binary_higher"",""2023_53_education_binary_higher"",""2023_54_education_binary_higher"",""2023_54_education_binary_lower"",""2023_55_education_binary_lower"",""2023_56_education_binary_higher""]",True,-0.05319148936170212
motif_9e18a3296a08a2d2,9e18a3296a08a2d26ececbab09ac3e52a6d9f7d9bdc1ab4399f9daa35bd45762,"{""edges"":[[""ARTHRITIS"",""COPD""],[""ARTHRITIS"",""DIABETES""],[""ARTHRITIS"",""SKIN_CANCER""],[""OTHER_CANCER"",""SKIN_CANCER""]],""nodes"":[""ARTHRITIS"",""COPD"",""DIABETES"",""OTHER_CANCER"",""SKIN_CANCER""]}",5,4,"[""ARTHRITIS"",""COPD"",""DIABETES"",""OTHER_CANCER"",""SKIN_CANCER""]","[[""ARTHRITIS"",""COPD""],[""ARTHRITIS"",""DIABETES""],[""ARTHRITIS"",""SKIN_CANCER""],[""OTHER_CANCER"",""SKIN_CANCER""]]",occ_3de5bf4a3e478d25,True,True,False,26,0.2765957446808511,21,47,1.0,25.012,23.0,26.0,47,94,21,0.22340425531914893,18,"[""2023_01_education_binary_higher"",""2023_04_education_binary_higher"",""2023_10_education_binary_higher"",""2023_10_education_binary_lower"",""2023_13_education_binary_lower"",""2023_16_education_binary_lower"",""2023_18_education_binary_higher"",""2023_18_education_binary_lower"",""2023_25_education_binary_higher"",""2023_30_education_binary_lower"",""2023_31_education_binary_lower"",""2023_38_education_binary_lower"",""2023_39_education_binary_lower"",""2023_41_education_binary_higher"",""2023_45_education_binary_lower"",""2023_47_education_binary_lower"",""2023_49_education_binary_lower"",""2023_54_education_binary_higher"",""2023_54_education_binary_lower"",""2023_55_education_binary_lower"",""2023_56_education_binary_higher""]",True,-0.05319148936170215
motif_9f061127188bad39,9f061127188bad39a8373f1bcf87a474b4ee7e837960cb8453b97bf17a7d1a25,"{""edges"":[[""ARTHRITIS"",""COPD""],[""ARTHRITIS"",""DIABETES""],[""ARTHRITIS"",""KIDNEY_DISEASE""],[""DIABETES"",""ISCHEMIC_HEART_DISEASE""],[""DIABETES"",""KIDNEY_DISEASE""]],""nodes"":[""ARTHRITIS"",""COPD"",""DIABETES"",""ISCHEMIC_HEART_DISEASE"",""KIDNEY_DISEASE""]}",5,5,"[""ARTHRITIS"",""COPD"",""DIABETES"",""ISCHEMIC_HEART_DISEASE"",""KIDNEY_DISEASE""]","[[""ARTHRITIS"",""COPD""],[""ARTHRITIS"",""DIABETES""],[""ARTHRITIS"",""KIDNEY_DISEASE""],[""DIABETES"",""ISCHEMIC_HEART_DISEASE""],[""DIABETES"",""KIDNEY_DISEASE""]]",occ_a3e4450a3c1a2e01,False,False,False,32,0.3404255319148936,23,47,1.0,30.582,28.0,32.0,47,94,21,0.22340425531914893,18,"[""2023_01_education_binary_lower"",""2023_04_education_binary_higher"",""2023_05_education_binary_lower"",""2023_13_education_binary_lower"",""2023_18_education_binary_higher"",""2023_18_education_binary_lower"",""2023_19_education_binary_lower"",""2023_22_education_binary_lower"",""2023_23_education_binary_lower"",""2023_25_education_binary_higher"",""2023_29_education_binary_higher"",""2023_37_education_binary_lower"",""2023_39_education_binary_higher"",""2023_39_education_binary_lower"",""2023_40_education_binary_higher"",""2023_45_education_binary_higher"",""2023_47_education_binary_higher"",""2023_47_education_binary_lower"",""2023_48_education_binary_lower"",""2023_51_education_binary_lower"",""2023_53_education_binary_lower""]",True,-0.11702127659574468
motif_9f155f3c63b0ae66,9f155f3c63b0ae66e6caf0717dde814460e5f5832e7ae35194acfc54422d23a3,"{""edges"":[[""ARTHRITIS"",""COPD""],[""ARTHRITIS"",""DIABETES""],[""ARTHRITIS"",""ISCHEMIC_HEART_DISEASE""],[""COPD"",""CURRENT_ASTHMA""],[""COPD"",""ISCHEMIC_HEART_DISEASE""]],""nodes"":[""ARTHRITIS"",""COPD"",""CURRENT_ASTHMA"",""DIABETES"",""ISCHEMIC_HEART_DISEASE""]}",5,5,"[""ARTHRITIS"",""COPD"",""CURRENT_ASTHMA"",""DIABETES"",""ISCHEMIC_HEART_DISEASE""]","[[""ARTHRITIS"",""COPD""],[""ARTHRITIS"",""DIABETES""],[""ARTHRITIS"",""ISCHEMIC_HEART_DISEASE""],[""COPD"",""CURRENT_ASTHMA""],[""COPD"",""ISCHEMIC_HEART_DISEASE""]]",occ_b2a170aa33e14016,True,True,False,50,0.5319148936170213,31,47,1.0,48.628,46.0,50.0,47,94,42,0.44680851063829785,31,"[""2023_01_education_binary_lower"",""2023_05_education_binary_higher"",""2023_05_education_binary_lower"",""2023_12_education_binary_lower"",""2023_13_education_binary_higher"",""2023_13_education_binary_lower"",""2023_16_education_binary_lower"",""2023_18_education_binary_higher"",""2023_18_education_binary_lower"",""2023_19_education_binary_lower"",""2023_22_education_binary_lower"",""2023_23_education_binary_higher"",""2023_23_education_binary_lower"",""2023_24_education_binary_lower"",""2023_25_education_binary_higher"",""2023_26_education_binary_higher"",""2023_26_education_binary_lower"",""2023_27_education_binary_lower"",""2023_28_education_binary_lower"",""2023_29_education_binary_lower"",""2023_30_education_binary_lower"",""2023_31_education_binary_lower"",""2023_36_education_binary_lower"",""2023_39_education_binary_higher"",""2023_39_education_binary_lower"",""2023_40_education_binary_higher"",""2023_40_education_binary_lower"",""2023_41_education_binary_higher"",""2023_44_education_binary_higher"",""2023_45_education_binary_higher"",""2023_45_education_binary_lower"",""2023_47_education_binary_higher"",""2023_47_education_binary_lower"",""2023_48_education_binary_lower"",""2023_49_education_binary_lower"",""2023_51_education_binary_lower"",""2023_53_education_binary_lower"",""2023_54_education_binary_higher"",""2023_54_education_binary_lower"",""2023_55_education_binary_higher"",""2023_55_education_binary_lower"",""2023_56_education_binary_higher""]",True,-0.08510638297872342
motif_9f5dccfd505d1842,9f5dccfd505d18421ffceb8ae295baf7b41cdaec3462a2fa5a03e8a2123a59ab,"{""edges"":[[""ARTHRITIS"",""DIABETES""],[""COPD"",""ISCHEMIC_HEART_DISEASE""],[""DIABETES"",""KIDNEY_DISEASE""],[""ISCHEMIC_HEART_DISEASE"",""KIDNEY_DISEASE""]],""nodes"":[""ARTHRITIS"",""COPD"",""DIABETES"",""ISCHEMIC_HEART_DISEASE"",""KIDNEY_DISEASE""]}",5,4,"[""ARTHRITIS"",""COPD"",""DIABETES"",""ISCHEMIC_HEART_DISEASE"",""KIDNEY_DISEASE""]","[[""ARTHRITIS"",""DIABETES""],[""COPD"",""ISCHEMIC_HEART_DISEASE""],[""DIABETES"",""KIDNEY_DISEASE""],[""ISCHEMIC_HEART_DISEASE"",""KIDNEY_DISEASE""]]",occ_121fa8b562518447,False,False,False,28,0.2978723404255319,22,47,1.0,26.25,24.0,28.0,46,92,20,0.21739130434782608,17,"[""2023_01_education_binary_lower"",""2023_05_education_binary_lower"",""2023_12_education_binary_lower"",""2023_18_education_binary_higher"",""2023_18_education_binary_lower"",""2023_22_education_binary_lower"",""2023_23_education_binary_higher"",""2023_26_education_binary_higher"",""2023_31_education_binary_higher"",""2023_37_education_binary_lower"",""2023_38_education_binary_higher"",""2023_39_education_binary_higher"",""2023_39_education_binary_lower"",""2023_40_education_binary_higher"",""2023_47_education_binary_higher"",""2023_47_education_binary_lower"",""2023_48_education_binary_lower"",""2023_51_education_binary_lower"",""2023_53_education_binary_lower"",""2023_54_education_binary_lower""]",True,-0.08048103607770582
motif_9f82584d66042611,9f82584d66042611543ebe1325ed7bf08d6ab92ad1f822556d43dd897fdc9e37,"{""edges"":[[""ARTHRITIS"",""COPD""],[""ARTHRITIS"",""SKIN_CANCER""],[""COPD"",""CURRENT_ASTHMA""],[""OTHER_CANCER"",""SKIN_CANCER""]],""nodes"":[""ARTHRITIS"",""COPD"",""CURRENT_ASTHMA"",""OTHER_CANCER"",""SKIN_CANCER""]}",5,4,"[""ARTHRITIS"",""COPD"",""CURRENT_ASTHMA"",""OTHER_CANCER"",""SKIN_CANCER""]","[[""ARTHRITIS"",""COPD""],[""ARTHRITIS"",""SKIN_CANCER""],[""COPD"",""CURRENT_ASTHMA""],[""OTHER_CANCER"",""SKIN_CANCER""]]",occ_f4db71679704a808,True,True,False,25,0.2659574468085106,21,47,1.0,23.964,22.0,25.0,47,94,24,0.2553191489361702,22,"[""2023_01_education_binary_higher"",""2023_04_education_binary_higher"",""2023_06_education_binary_higher"",""2023_08_education_binary_higher"",""2023_09_education_binary_lower"",""2023_12_education_binary_higher"",""2023_13_education_binary_lower"",""2023_16_education_binary_lower"",""2023_18_education_binary_higher"",""2023_18_education_binary_lower"",""2023_25_education_binary_higher"",""2023_30_education_binary_lower"",""2023_31_education_binary_lower"",""2023_33_education_binary_higher"",""2023_39_education_binary_lower"",""2023_41_education_binary_higher"",""2023_45_education_binary_lower"",""2023_47_education_binary_lower"",""2023_49_education_binary_lower"",""2023_50_education_binary_higher"",""2023_54_education_binary_higher"",""2023_54_education_binary_lower"",""2023_55_education_binary_lower"",""2023_56_education_binary_higher""]",True,-0.010638297872340385
motif_9ff7fa6a2454292d,9ff7fa6a2454292d50c971688d2c45b429d8bf84bc7d953b2b45acf512879c1b,"{""edges"":[[""ARTHRITIS"",""COPD""],[""ARTHRITIS"",""DIABETES""],[""ARTHRITIS"",""ISCHEMIC_HEART_DISEASE""],[""COPD"",""CURRENT_ASTHMA""],[""DIABETES"",""ISCHEMIC_HEART_DISEASE""]],""nodes"":[""ARTHRITIS"",""COPD"",""CURRENT_ASTHMA"",""DIABETES"",""ISCHEMIC_HEART_DISEASE""]}",5,5,"[""ARTHRITIS"",""COPD"",""CURRENT_ASTHMA"",""DIABETES"",""ISCHEMIC_HEART_DISEASE""]","[[""ARTHRITIS"",""COPD""],[""ARTHRITIS"",""DIABETES""],[""ARTHRITIS"",""ISCHEMIC_HEART_DISEASE""],[""COPD"",""CURRENT_ASTHMA""],[""DIABETES"",""ISCHEMIC_HEART_DISEASE""]]",occ_646d6115d6e1a213,True,True,False,56,0.5957446808510638,36,47,1.0,54.112,51.0,56.0,47,94,44,0.46808510638297873,32,"[""2023_01_education_binary_higher"",""2023_01_education_binary_lower"",""2023_04_education_binary_higher"",""2023_05_education_binary_higher"",""2023_05_education_binary_lower"",""2023_08_education_binary_lower"",""2023_13_education_binary_higher"",""2023_13_education_binary_lower"",""2023_16_education_binary_lower"",""2023_18_education_binary_higher"",""2023_18_education_binary_lower"",""2023_19_education_binary_higher"",""2023_19_education_binary_lower"",""2023_20_education_binary_higher"",""2023_22_education_binary_lower"",""2023_23_education_binary_higher"",""2023_23_education_binary_lower"",""2023_24_education_binary_higher"",""2023_24_education_binary_lower"",""2023_25_education_binary_higher"",""2023_26_education_binary_higher"",""2023_27_education_binary_lower"",""2023_28_education_binary_lower"",""2023_30_education_binary_lower"",""2023_33_education_binary_lower"",""2023_36_education_binary_lower"",""2023_39_education_binary_higher"",""2023_39_education_binary_lower"",""2023_40_education_binary_higher"",""2023_41_education_binary_higher"",""2023_44_education_binary_higher"",""2023_45_education_binary_higher"",""2023_45_education_binary_lower"",""2023_47_education_binary_higher"",""2023_47_education_binary_lower"",""2023_48_education_binary_lower"",""2023_49_education_binary_lower"",""2023_51_education_binary_lower"",""2023_53_education_binary_lower"",""2023_54_education_binary_higher"",""2023_54_education_binary_lower"",""2023_55_education_binary_higher"",""2023_55_education_binary_lower"",""2023_56_education_binary_higher""]",True,-0.12765957446808507
motif_a0117e3a50871f45,a0117e3a50871f45eb98e67b213ff450fd7aaa78285417e7de7a4f8229a8fd92,"{""edges"":[[""ARTHRITIS"",""KIDNEY_DISEASE""],[""DIABETES"",""ISCHEMIC_HEART_DISEASE""],[""DIABETES"",""KIDNEY_DISEASE""],[""ISCHEMIC_HEART_DISEASE"",""KIDNEY_DISEASE""]],""nodes"":[""ARTHRITIS"",""DIABETES"",""ISCHEMIC_HEART_DISEASE"",""KIDNEY_DISEASE""]}",4,4,"[""ARTHRITIS"",""DIABETES"",""ISCHEMIC_HEART_DISEASE"",""KIDNEY_DISEASE""]","[[""ARTHRITIS"",""KIDNEY_DISEASE""],[""DIABETES"",""ISCHEMIC_HEART_DISEASE""],[""DIABETES"",""KIDNEY_DISEASE""],[""ISCHEMIC_HEART_DISEASE"",""KIDNEY_DISEASE""]]",occ_215ea716e451deb2,True,True,False,24,0.2553191489361702,18,47,0.998,22.484,20.0,24.0,46,92,14,0.15217391304347827,11,"[""2023_01_education_binary_lower"",""2023_05_education_binary_lower"",""2023_18_education_binary_higher"",""2023_18_education_binary_lower"",""2023_22_education_binary_lower"",""2023_37_education_binary_lower"",""2023_39_education_binary_higher"",""2023_39_education_binary_lower"",""2023_40_education_binary_higher"",""2023_47_education_binary_higher"",""2023_47_education_binary_lower"",""2023_48_education_binary_lower"",""2023_51_education_binary_lower"",""2023_53_education_binary_lower""]",False,-0.10314523589269192
motif_a11a2373437f53ac,a11a2373437f53ac442f8f4dd2be64d7a58844dc06cedd8dbd9eee29aaeef520,"{""edges"":[[""ARTHRITIS"",""ISCHEMIC_HEART_DISEASE""],[""ARTHRITIS"",""OTHER_CANCER""],[""ISCHEMIC_HEART_DISEASE"",""KIDNEY_DISEASE""],[""OTHER_CANCER"",""SKIN_CANCER""]],""nodes"":[""ARTHRITIS"",""ISCHEMIC_HEART_DISEASE"",""KIDNEY_DISEASE"",""OTHER_CANCER"",""SKIN_CANCER""]}",5,4,"[""ARTHRITIS"",""ISCHEMIC_HEART_DISEASE"",""KIDNEY_DISEASE"",""OTHER_CANCER"",""SKIN_CANCER""]","[[""ARTHRITIS"",""ISCHEMIC_HEART_DISEASE""],[""ARTHRITIS"",""OTHER_CANCER""],[""ISCHEMIC_HEART_DISEASE"",""KIDNEY_DISEASE""],[""OTHER_CANCER"",""SKIN_CANCER""]]",occ_ac72f9495677c4df,True,True,False,36,0.3829787234042553,27,47,1.0,34.312,31.0,36.0,46,92,28,0.30434782608695654,21,"[""2023_01_education_binary_lower"",""2023_05_education_binary_higher"",""2023_05_education_binary_lower"",""2023_10_education_binary_higher"",""2023_12_education_binary_higher"",""2023_12_education_binary_lower"",""2023_18_education_binary_higher"",""2023_18_education_binary_lower"",""2023_20_education_binary_lower"",""2023_23_education_binary_higher"",""2023_24_education_binary_higher"",""2023_26_education_binary_higher"",""2023_31_education_binary_higher"",""2023_31_education_binary_lower"",""2023_33_education_binary_lower"",""2023_36_education_binary_lower"",""2023_38_education_binary_higher"",""2023_39_education_binary_higher"",""2023_39_education_binary_lower"",""2023_41_education_binary_lower"",""2023_45_education_binary_lower"",""2023_47_education_binary_higher"",""2023_47_education_binary_lower"",""2023_49_education_binary_lower"",""2023_50_education_binary_higher"",""2023_53_education_binary_lower"",""2023_54_education_binary_higher"",""2023_54_education_binary_lower""]",True,-0.07863089731729878
motif_a192df3ab4dfeb21,a192df3ab4dfeb212fe3a1f272a0589628998711cb08e9d63345973bcf4cde6b,"{""edges"":[[""ARTHRITIS"",""DIABETES""],[""ARTHRITIS"",""ISCHEMIC_HEART_DISEASE""],[""ISCHEMIC_HEART_DISEASE"",""STROKE""]],""nodes"":[""ARTHRITIS"",""DIABETES"",""ISCHEMIC_HEART_DISEASE"",""STROKE""]}",4,3,"[""ARTHRITIS"",""DIABETES"",""ISCHEMIC_HEART_DISEASE"",""STROKE""]","[[""ARTHRITIS"",""DIABETES""],[""ARTHRITIS"",""ISCHEMIC_HEART_DISEASE""],[""ISCHEMIC_HEART_DISEASE"",""STROKE""]]",occ_95724d2c4d2137eb,True,True,False,64,0.6808510638297872,38,47,1.0,62.356,60.0,64.0,47,94,57,0.6063829787234043,41,"[""2023_01_education_binary_lower"",""2023_02_education_binary_higher"",""2023_04_education_binary_higher"",""2023_04_education_binary_lower"",""2023_05_education_binary_higher"",""2023_05_education_binary_lower"",""2023_08_education_binary_lower"",""2023_10_education_binary_lower"",""2023_12_education_binary_lower"",""2023_13_education_binary_lower"",""2023_16_education_binary_higher"",""2023_16_education_binary_lower"",""2023_17_education_binary_lower"",""2023_18_education_binary_higher"",""2023_18_education_binary_lower"",""2023_19_education_binary_higher"",""2023_19_education_binary_lower"",""2023_20_education_binary_higher"",""2023_22_education_binary_higher"",""2023_22_education_binary_lower"",""2023_23_education_binary_higher"",""2023_23_education_binary_lower"",""2023_24_education_binary_lower"",""2023_25_education_binary_higher"",""2023_26_education_binary_higher"",""2023_26_education_binary_lower"",""2023_27_education_binary_lower"",""2023_28_education_binary_higher"",""2023_29_education_binary_lower"",""2023_30_education_binary_lower"",""2023_31_education_binary_higher"",""2023_31_education_binary_lower"",""2023_33_education_binary_lower"",""2023_36_education_binary_lower"",""2023_37_education_binary_lower"",""2023_38_education_binary_higher"",""2023_39_education_binary_higher"",""2023_39_education_binary_lower"",""2023_40_education_binary_higher"",""2023_40_education_binary_lower"",""2023_41_education_binary_higher"",""2023_44_education_binary_higher"",""2023_45_education_binary_higher"",""2023_45_education_binary_lower"",""2023_47_education_binary_higher"",""2023_47_education_binary_lower"",""2023_48_education_binary_lower"",""2023_49_education_binary_lower"",""2023_50_education_binary_lower"",""2023_51_education_binary_lower"",""2023_53_education_binary_higher"",""2023_53_education_binary_lower"",""2023_54_education_binary_higher"",""2023_54_education_binary_lower"",""2023_55_education_binary_higher"",""2023_55_education_binary_lower"",""2023_56_education_binary_higher""]",True,-0.07446808510638292
motif_a1bf96e5bcfd11c0,a1bf96e5bcfd11c0384eb3ed52afcbd11b30a133e97dd841b48d2287adf45bf2,"{""edges"":[[""ARTHRITIS"",""COPD""],[""ARTHRITIS"",""ISCHEMIC_HEART_DISEASE""],[""ARTHRITIS"",""OTHER_CANCER""],[""COPD"",""ISCHEMIC_HEART_DISEASE""],[""ISCHEMIC_HEART_DISEASE"",""STROKE""]],""nodes"":[""ARTHRITIS"",""COPD"",""ISCHEMIC_HEART_DISEASE"",""OTHER_CANCER"",""STROKE""]}",5,5,"[""ARTHRITIS"",""COPD"",""ISCHEMIC_HEART_DISEASE"",""OTHER_CANCER"",""STROKE""]","[[""ARTHRITIS"",""COPD""],[""ARTHRITIS"",""ISCHEMIC_HEART_DISEASE""],[""ARTHRITIS"",""OTHER_CANCER""],[""COPD"",""ISCHEMIC_HEART_DISEASE""],[""ISCHEMIC_HEART_DISEASE"",""STROKE""]]",occ_e82ca3cf3f71b65c,True,True,True,39,0.4148936170212766,28,47,1.0,37.186,34.0,39.0,47,94,39,0.4148936170212766,28,"[""2023_01_education_binary_lower"",""2023_05_education_binary_higher"",""2023_05_education_binary_lower"",""2023_12_education_binary_higher"",""2023_12_education_binary_lower"",""2023_13_education_binary_lower"",""2023_16_education_binary_lower"",""2023_18_education_binary_higher"",""2023_18_education_binary_lower"",""2023_19_education_binary_lower"",""2023_20_education_binary_lower"",""2023_23_education_binary_higher"",""2023_23_education_binary_lower"",""2023_24_education_binary_lower"",""2023_25_education_binary_higher"",""2023_26_education_binary_higher"",""2023_26_education_binary_lower"",""2023_27_education_binary_lower"",""2023_30_education_binary_lower"",""2023_31_education_binary_higher"",""2023_31_education_binary_lower"",""2023_36_education_binary_lower"",""2023_37_education_binary_lower"",""2023_38_education_binary_higher"",""2023_39_education_binary_higher"",""2023_39_education_binary_lower"",""2023_41_education_binary_higher"",""2023_44_education_binary_higher"",""2023_45_education_binary_higher"",""2023_45_education_binary_lower"",""2023_47_education_binary_higher"",""2023_47_education_binary_lower"",""2023_49_education_binary_lower"",""2023_51_education_binary_lower"",""2023_53_education_binary_lower"",""2023_54_education_binary_higher"",""2023_54_education_binary_lower"",""2023_55_education_binary_higher"",""2023_55_education_binary_lower""]",True,0.0
motif_a1fd530b04ced400,a1fd530b04ced400d6aa076ef4837df4c092a6add67dd8eff323c03b45435fb7,"{""edges"":[[""ARTHRITIS"",""ISCHEMIC_HEART_DISEASE""],[""ARTHRITIS"",""KIDNEY_DISEASE""],[""DIABETES"",""ISCHEMIC_HEART_DISEASE""],[""DIABETES"",""KIDNEY_DISEASE""],[""ISCHEMIC_HEART_DISEASE"",""STROKE""]],""nodes"":[""ARTHRITIS"",""DIABETES"",""ISCHEMIC_HEART_DISEASE"",""KIDNEY_DISEASE"",""STROKE""]}",5,5,"[""ARTHRITIS"",""DIABETES"",""ISCHEMIC_HEART_DISEASE"",""KIDNEY_DISEASE"",""STROKE""]","[[""ARTHRITIS"",""ISCHEMIC_HEART_DISEASE""],[""ARTHRITIS"",""KIDNEY_DISEASE""],[""DIABETES"",""ISCHEMIC_HEART_DISEASE""],[""DIABETES"",""KIDNEY_DISEASE""],[""ISCHEMIC_HEART_DISEASE"",""STROKE""]]",occ_ab9633450fa4f619,True,True,False,32,0.3404255319148936,23,47,1.0,30.42,27.0,32.0,47,94,21,0.22340425531914893,17,"[""2023_01_education_binary_lower"",""2023_04_education_binary_higher"",""2023_05_education_binary_lower"",""2023_13_education_binary_lower"",""2023_18_education_binary_higher"",""2023_18_education_binary_lower"",""2023_19_education_binary_lower"",""2023_22_education_binary_lower"",""2023_23_education_binary_lower"",""2023_25_education_binary_higher"",""2023_37_education_binary_lower"",""2023_39_education_binary_higher"",""2023_39_education_binary_lower"",""2023_40_education_binary_higher"",""2023_45_education_binary_higher"",""2023_47_education_binary_higher"",""2023_47_education_binary_lower"",""2023_48_education_binary_lower"",""2023_51_education_binary_lower"",""2023_53_education_binary_higher"",""2023_53_education_binary_lower""]",True,-0.11702127659574468
motif_a23b58bb6552ca3b,a23b58bb6552ca3baf179ed8d1b5c1b3e2626e1a2e15e1aa6ff5c8e061f6849a,"{""edges"":[[""ARTHRITIS"",""COPD""],[""ARTHRITIS"",""DIABETES""],[""COPD"",""ISCHEMIC_HEART_DISEASE""],[""DIABETES"",""ISCHEMIC_HEART_DISEASE""]],""nodes"":[""ARTHRITIS"",""COPD"",""DIABETES"",""ISCHEMIC_HEART_DISEASE""]}",4,4,"[""ARTHRITIS"",""COPD"",""DIABETES"",""ISCHEMIC_HEART_DISEASE""]","[[""ARTHRITIS"",""COPD""],[""ARTHRITIS"",""DIABETES""],[""COPD"",""ISCHEMIC_HEART_DISEASE""],[""DIABETES"",""ISCHEMIC_HEART_DISEASE""]]",occ_f0141fe9a39c0159,True,True,False,47,0.5,31,47,1.0,45.596,43.0,47.0,47,94,41,0.43617021276595747,32,"[""2023_01_education_binary_lower"",""2023_05_education_binary_higher"",""2023_05_education_binary_lower"",""2023_13_education_binary_higher"",""2023_13_education_binary_lower"",""2023_16_education_binary_lower"",""2023_18_education_binary_higher"",""2023_18_education_binary_lower"",""2023_19_education_binary_lower"",""2023_22_education_binary_lower"",""2023_23_education_binary_higher"",""2023_23_education_binary_lower"",""2023_24_education_binary_lower"",""2023_25_education_binary_higher"",""2023_26_education_binary_higher"",""2023_27_education_binary_lower"",""2023_28_education_binary_lower"",""2023_29_education_binary_higher"",""2023_30_education_binary_lower"",""2023_31_education_binary_higher"",""2023_36_education_binary_lower"",""2023_37_education_binary_lower"",""2023_38_education_binary_higher"",""2023_39_education_binary_higher"",""2023_39_education_binary_lower"",""2023_40_education_binary_higher"",""2023_41_education_binary_higher"",""2023_44_education_binary_higher"",""2023_45_education_binary_higher"",""2023_45_education_binary_lower"",""2023_47_education_binary_higher"",""2023_47_education_binary_lower"",""2023_48_education_binary_lower"",""2023_49_education_binary_lower"",""2023_51_education_binary_lower"",""2023_53_education_binary_lower"",""2023_54_education_binary_higher"",""2023_54_education_binary_lower"",""2023_55_education_binary_higher"",""2023_55_education_binary_lower"",""2023_56_education_binary_higher""]",True,-0.06382978723404253
motif_a244b5d5e3725e95,a244b5d5e3725e958ec623a492d7e5c68cca5a3d4ff7e1d6d7efb7fab39f96e8,"{""edges"":[[""ARTHRITIS"",""ISCHEMIC_HEART_DISEASE""],[""DIABETES"",""ISCHEMIC_HEART_DISEASE""],[""DIABETES"",""KIDNEY_DISEASE""],[""ISCHEMIC_HEART_DISEASE"",""KIDNEY_DISEASE""],[""ISCHEMIC_HEART_DISEASE"",""STROKE""]],""nodes"":[""ARTHRITIS"",""DIABETES"",""ISCHEMIC_HEART_DISEASE"",""KIDNEY_DISEASE"",""STROKE""]}",5,5,"[""ARTHRITIS"",""DIABETES"",""ISCHEMIC_HEART_DISEASE"",""KIDNEY_DISEASE"",""STROKE""]","[[""ARTHRITIS"",""ISCHEMIC_HEART_DISEASE""],[""DIABETES"",""ISCHEMIC_HEART_DISEASE""],[""DIABETES"",""KIDNEY_DISEASE""],[""ISCHEMIC_HEART_DISEASE"",""KIDNEY_DISEASE""],[""ISCHEMIC_HEART_DISEASE"",""STROKE""]]",occ_c2f5281206aab4bb,True,True,False,33,0.351063829787234,24,47,1.0,30.746,28.0,33.0,46,92,23,0.25,20,"[""2023_01_education_binary_lower"",""2023_04_education_binary_lower"",""2023_05_education_binary_lower"",""2023_12_education_binary_higher"",""2023_18_education_binary_higher"",""2023_18_education_binary_lower"",""2023_22_education_binary_lower"",""2023_23_education_binary_higher"",""2023_26_education_binary_higher"",""2023_31_education_binary_higher"",""2023_33_education_binary_lower"",""2023_37_education_binary_lower"",""2023_38_education_binary_higher"",""2023_39_education_binary_higher"",""2023_39_education_binary_lower"",""2023_40_education_binary_higher"",""2023_47_education_binary_higher"",""2023_47_education_binary_lower"",""2023_48_education_binary_lower"",""2023_50_education_binary_higher"",""2023_51_education_binary_lower"",""2023_53_education_binary_lower"",""2023_54_education_binary_lower""]",True,-0.101063829787234
motif_a25aafa6bbcffed2,a25aafa6bbcffed27fea7fa8403eeee7a4a2e210130d4ead7de57476f3a65c6d,"{""edges"":[[""ARTHRITIS"",""COPD""],[""ARTHRITIS"",""ISCHEMIC_HEART_DISEASE""],[""ARTHRITIS"",""KIDNEY_DISEASE""]],""nodes"":[""ARTHRITIS"",""COPD"",""ISCHEMIC_HEART_DISEASE"",""KIDNEY_DISEASE""]}",4,3,"[""ARTHRITIS"",""COPD"",""ISCHEMIC_HEART_DISEASE"",""KIDNEY_DISEASE""]","[[""ARTHRITIS"",""COPD""],[""ARTHRITIS"",""ISCHEMIC_HEART_DISEASE""],[""ARTHRITIS"",""KIDNEY_DISEASE""]]",occ_5809c8e346603fc8,True,True,False,38,0.4042553191489361,27,47,1.0,36.836,34.0,38.0,47,94,33,0.35106382978723405,26,"[""2023_01_education_binary_lower"",""2023_02_education_binary_higher"",""2023_04_education_binary_higher"",""2023_05_education_binary_lower"",""2023_10_education_binary_higher"",""2023_13_education_binary_higher"",""2023_13_education_binary_lower"",""2023_18_education_binary_higher"",""2023_18_education_binary_lower"",""2023_19_education_binary_lower"",""2023_22_education_binary_lower"",""2023_23_education_binary_lower"",""2023_25_education_binary_higher"",""2023_26_education_binary_lower"",""2023_27_education_binary_lower"",""2023_28_education_binary_higher"",""2023_37_education_binary_lower"",""2023_38_education_binary_lower"",""2023_39_education_binary_higher"",""2023_39_education_binary_lower"",""2023_40_education_binary_higher"",""2023_40_education_binary_lower"",""2023_41_education_binary_lower"",""2023_45_education_binary_higher"",""2023_45_education_binary_lower"",""2023_46_education_binary_lower"",""2023_47_education_binary_higher"",""2023_47_education_binary_lower"",""2023_48_education_binary_higher"",""2023_48_education_binary_lower"",""2023_49_education_binary_lower"",""2023_51_education_binary_lower"",""2023_53_education_binary_lower""]",True,-0.05319148936170204
motif_a286a547b110eed9,a286a547b110eed9bd7458d53ac59e6c49d5b05d112c3d877b0422f6a2b15080,"{""edges"":[[""ARTHRITIS"",""COPD""],[""ARTHRITIS"",""ISCHEMIC_HEART_DISEASE""],[""ISCHEMIC_HEART_DISEASE"",""KIDNEY_DISEASE""],[""ISCHEMIC_HEART_DISEASE"",""STROKE""]],""nodes"":[""ARTHRITIS"",""COPD"",""ISCHEMIC_HEART_DISEASE"",""KIDNEY_DISEASE"",""STROKE""]}",5,4,"[""ARTHRITIS"",""COPD"",""ISCHEMIC_HEART_DISEASE"",""KIDNEY_DISEASE"",""STROKE""]","[[""ARTHRITIS"",""COPD""],[""ARTHRITIS"",""ISCHEMIC_HEART_DISEASE""],[""ISCHEMIC_HEART_DISEASE"",""KIDNEY_DISEASE""],[""ISCHEMIC_HEART_DISEASE"",""STROKE""]]",occ_feb1ed5a8acd1ee7,True,True,False,39,0.4148936170212766,27,47,1.0,36.988,34.0,39.0,46,92,31,0.33695652173913043,23,"[""2023_01_education_binary_lower"",""2023_05_education_binary_higher"",""2023_05_education_binary_lower"",""2023_12_education_binary_higher"",""2023_12_education_binary_lower"",""2023_18_education_binary_higher"",""2023_18_education_binary_lower"",""2023_20_education_binary_lower"",""2023_22_education_binary_lower"",""2023_23_education_binary_higher"",""2023_26_education_binary_higher"",""2023_31_education_binary_higher"",""2023_31_education_binary_lower"",""2023_33_education_binary_lower"",""2023_36_education_binary_lower"",""2023_37_education_binary_lower"",""2023_38_education_binary_higher"",""2023_39_education_binary_higher"",""2023_39_education_binary_lower"",""2023_40_education_binary_higher"",""2023_40_education_binary_lower"",""2023_45_education_binary_lower"",""2023_47_education_binary_higher"",""2023_47_education_binary_lower"",""2023_48_education_binary_lower"",""2023_49_education_binary_lower"",""2023_50_education_binary_higher"",""2023_51_education_binary_lower"",""2023_53_education_binary_lower"",""2023_54_education_binary_higher"",""2023_54_education_binary_lower""]",True,-0.07793709528214615
motif_a314b9317c488409,a314b9317c48840939a5de815599e74304d88ca15a3fb924109367b69e31a8f5,"{""edges"":[[""ARTHRITIS"",""KIDNEY_DISEASE""],[""DIABETES"",""ISCHEMIC_HEART_DISEASE""],[""DIABETES"",""KIDNEY_DISEASE""]],""nodes"":[""ARTHRITIS"",""DIABETES"",""ISCHEMIC_HEART_DISEASE"",""KIDNEY_DISEASE""]}",4,3,"[""ARTHRITIS"",""DIABETES"",""ISCHEMIC_HEART_DISEASE"",""KIDNEY_DISEASE""]","[[""ARTHRITIS"",""KIDNEY_DISEASE""],[""DIABETES"",""ISCHEMIC_HEART_DISEASE""],[""DIABETES"",""KIDNEY_DISEASE""]]",occ_f08821f02f5be7da,True,True,False,37,0.3936170212765957,27,47,1.0,35.414,33.0,37.0,47,94,22,0.23404255319148937,18,"[""2023_01_education_binary_lower"",""2023_04_education_binary_higher"",""2023_05_education_binary_lower"",""2023_13_education_binary_lower"",""2023_18_education_binary_higher"",""2023_18_education_binary_lower"",""2023_19_education_binary_lower"",""2023_22_education_binary_lower"",""2023_23_education_binary_lower"",""2023_25_education_binary_higher"",""2023_29_education_binary_higher"",""2023_37_education_binary_lower"",""2023_39_education_binary_higher"",""2023_39_education_binary_lower"",""2023_40_education_binary_higher"",""2023_45_education_binary_higher"",""2023_47_education_binary_higher"",""2023_47_education_binary_lower"",""2023_48_education_binary_lower"",""2023_51_education_binary_lower"",""2023_53_education_binary_higher"",""2023_53_education_binary_lower""]",True,-0.15957446808510634
motif_a328587a896f8edc,a328587a896f8edccd70def7c4a6adfff8944f087ba3ee2f15d2765b1eab2853,"{""edges"":[[""ARTHRITIS"",""DIABETES""],[""ARTHRITIS"",""ISCHEMIC_HEART_DISEASE""],[""COPD"",""ISCHEMIC_HEART_DISEASE""],[""DIABETES"",""ISCHEMIC_HEART_DISEASE""],[""ISCHEMIC_HEART_DISEASE"",""STROKE""]],""nodes"":[""ARTHRITIS"",""COPD"",""DIABETES"",""ISCHEMIC_HEART_DISEASE"",""STROKE""]}",5,5,"[""ARTHRITIS"",""COPD"",""DIABETES"",""ISCHEMIC_HEART_DISEASE"",""STROKE""]","[[""ARTHRITIS"",""DIABETES""],[""ARTHRITIS"",""ISCHEMIC_HEART_DISEASE""],[""COPD"",""ISCHEMIC_HEART_DISEASE""],[""DIABETES"",""ISCHEMIC_HEART_DISEASE""],[""ISCHEMIC_HEART_DISEASE"",""STROKE""]]",occ_8e030cbb1c8e24f7,False,False,False,43,0.4574468085106383,29,47,1.0,41.43,39.0,43.0,47,94,39,0.4148936170212766,30,"[""2023_01_education_binary_lower"",""2023_05_education_binary_higher"",""2023_05_education_binary_lower"",""2023_13_education_binary_lower"",""2023_16_education_binary_lower"",""2023_18_education_binary_higher"",""2023_18_education_binary_lower"",""2023_19_education_binary_lower"",""2023_22_education_binary_lower"",""2023_23_education_binary_higher"",""2023_23_education_binary_lower"",""2023_24_education_binary_lower"",""2023_25_education_binary_higher"",""2023_26_education_binary_higher"",""2023_27_education_binary_lower"",""2023_30_education_binary_lower"",""2023_31_education_binary_higher"",""2023_36_education_binary_lower"",""2023_37_education_binary_lower"",""2023_38_education_binary_higher"",""2023_39_education_binary_higher"",""2023_39_education_binary_lower"",""2023_40_education_binary_higher"",""2023_41_education_binary_higher"",""2023_44_education_binary_higher"",""2023_45_education_binary_higher"",""2023_45_education_binary_lower"",""2023_47_education_binary_higher"",""2023_47_education_binary_lower"",""2023_48_education_binary_lower"",""2023_49_education_binary_lower"",""2023_51_education_binary_lower"",""2023_53_education_binary_higher"",""2023_53_education_binary_lower"",""2023_54_education_binary_higher"",""2023_54_education_binary_lower"",""2023_55_education_binary_higher"",""2023_55_education_binary_lower"",""2023_56_education_binary_higher""]",True,-0.04255319148936171
motif_a32ef714ca7c1caf,a32ef714ca7c1caf3b5847a22c297e6a7458f9778a8c024fcaba308040c133f3,"{""edges"":[[""ARTHRITIS"",""DIABETES""],[""ARTHRITIS"",""ISCHEMIC_HEART_DISEASE""],[""ARTHRITIS"",""OTHER_CANCER""],[""DIABETES"",""ISCHEMIC_HEART_DISEASE""],[""OTHER_CANCER"",""SKIN_CANCER""]],""nodes"":[""ARTHRITIS"",""DIABETES"",""ISCHEMIC_HEART_DISEASE"",""OTHER_CANCER"",""SKIN_CANCER""]}",5,5,"[""ARTHRITIS"",""DIABETES"",""ISCHEMIC_HEART_DISEASE"",""OTHER_CANCER"",""SKIN_CANCER""]","[[""ARTHRITIS"",""DIABETES""],[""ARTHRITIS"",""ISCHEMIC_HEART_DISEASE""],[""ARTHRITIS"",""OTHER_CANCER""],[""DIABETES"",""ISCHEMIC_HEART_DISEASE""],[""OTHER_CANCER"",""SKIN_CANCER""]]",occ_2a5435ef0123333d,True,True,False,45,0.4787234042553192,31,47,1.0,43.23,40.0,45.0,47,94,39,0.4148936170212766,27,"[""2023_01_education_binary_lower"",""2023_04_education_binary_higher"",""2023_05_education_binary_higher"",""2023_05_education_binary_lower"",""2023_13_education_binary_higher"",""2023_13_education_binary_lower"",""2023_16_education_binary_lower"",""2023_18_education_binary_higher"",""2023_18_education_binary_lower"",""2023_19_education_binary_lower"",""2023_20_education_binary_higher"",""2023_23_education_binary_higher"",""2023_23_education_binary_lower"",""2023_24_education_binary_higher"",""2023_24_education_binary_lower"",""2023_25_education_binary_higher"",""2023_26_education_binary_higher"",""2023_27_education_binary_lower"",""2023_30_education_binary_lower"",""2023_31_education_binary_higher"",""2023_33_education_binary_lower"",""2023_36_education_binary_lower"",""2023_38_education_binary_higher"",""2023_39_education_binary_higher"",""2023_39_education_binary_lower"",""2023_41_education_binary_higher"",""2023_44_education_binary_higher"",""2023_45_education_binary_higher"",""2023_45_education_binary_lower"",""2023_47_education_binary_higher"",""2023_47_education_binary_lower"",""2023_49_education_binary_higher"",""2023_49_education_binary_lower"",""2023_53_education_binary_higher"",""2023_53_education_binary_lower"",""2023_54_education_binary_higher"",""2023_54_education_binary_lower"",""2023_55_education_binary_higher"",""2023_55_education_binary_lower""]",True,-0.06382978723404259
motif_a352e465397bbb21,a352e465397bbb21407c2199d0557f05a904b49e5aed56e6855c5a84c3973ad0,"{""edges"":[[""ARTHRITIS"",""KIDNEY_DISEASE""],[""ARTHRITIS"",""OTHER_CANCER""],[""DIABETES"",""KIDNEY_DISEASE""],[""OTHER_CANCER"",""SKIN_CANCER""]],""nodes"":[""ARTHRITIS"",""DIABETES"",""KIDNEY_DISEASE"",""OTHER_CANCER"",""SKIN_CANCER""]}",5,4,"[""ARTHRITIS"",""DIABETES"",""KIDNEY_DISEASE"",""OTHER_CANCER"",""SKIN_CANCER""]","[[""ARTHRITIS"",""KIDNEY_DISEASE""],[""ARTHRITIS"",""OTHER_CANCER""],[""DIABETES"",""KIDNEY_DISEASE""],[""OTHER_CANCER"",""SKIN_CANCER""]]",occ_aea882a389d8745b,False,True,False,28,0.2978723404255319,22,47,1.0,26.82,24.475,28.0,47,94,20,0.2127659574468085,16,"[""2023_01_education_binary_lower"",""2023_02_education_binary_higher"",""2023_04_education_binary_higher"",""2023_05_education_binary_lower"",""2023_13_education_binary_lower"",""2023_18_education_binary_higher"",""2023_18_education_binary_lower"",""2023_19_education_binary_lower"",""2023_23_education_binary_lower"",""2023_25_education_binary_higher"",""2023_26_education_binary_lower"",""2023_29_education_binary_higher"",""2023_38_education_binary_lower"",""2023_39_education_binary_higher"",""2023_39_education_binary_lower"",""2023_45_education_binary_higher"",""2023_47_education_binary_higher"",""2023_47_education_binary_lower"",""2023_53_education_binary_higher"",""2023_53_education_binary_lower""]",True,-0.08510638297872339
motif_a357866e74d5aac1,a357866e74d5aac14d0bc6a95911b82d2b534fd30a644a68e23dc0d5d826d782,"{""edges"":[[""ARTHRITIS"",""KIDNEY_DISEASE""],[""ARTHRITIS"",""OTHER_CANCER""]],""nodes"":[""ARTHRITIS"",""KIDNEY_DISEASE"",""OTHER_CANCER""]}",3,2,"[""ARTHRITIS"",""KIDNEY_DISEASE"",""OTHER_CANCER""]","[[""ARTHRITIS"",""KIDNEY_DISEASE""],[""ARTHRITIS"",""OTHER_CANCER""]]",occ_6b4def48a337e970,False,False,False,31,0.3297872340425531,25,47,1.0,29.966,28.0,31.0,47,94,29,0.30851063829787234,23,"[""2023_01_education_binary_lower"",""2023_02_education_binary_higher"",""2023_04_education_binary_higher"",""2023_05_education_binary_lower"",""2023_10_education_binary_higher"",""2023_13_education_binary_higher"",""2023_13_education_binary_lower"",""2023_18_education_binary_higher"",""2023_18_education_binary_lower"",""2023_19_education_binary_lower"",""2023_23_education_binary_lower"",""2023_25_education_binary_higher"",""2023_26_education_binary_lower"",""2023_27_education_binary_lower"",""2023_29_education_binary_higher"",""2023_37_education_binary_lower"",""2023_38_education_binary_lower"",""2023_39_education_binary_higher"",""2023_39_education_binary_lower"",""2023_41_education_binary_lower"",""2023_45_education_binary_higher"",""2023_45_education_binary_lower"",""2023_47_education_binary_higher"",""2023_47_education_binary_lower"",""2023_48_education_binary_higher"",""2023_49_education_binary_lower"",""2023_51_education_binary_lower"",""2023_53_education_binary_higher"",""2023_53_education_binary_lower""]",True,-0.02127659574468077
motif_a3bae32cb507520e,a3bae32cb507520e602eb4a42ace3d26eecacceff00b718a0a38a5da314bceab,"{""edges"":[[""ARTHRITIS"",""ISCHEMIC_HEART_DISEASE""],[""COPD"",""ISCHEMIC_HEART_DISEASE""],[""DIABETES"",""ISCHEMIC_HEART_DISEASE""]],""nodes"":[""ARTHRITIS"",""COPD"",""DIABETES"",""ISCHEMIC_HEART_DISEASE""]}",4,3,"[""ARTHRITIS"",""COPD"",""DIABETES"",""ISCHEMIC_HEART_DISEASE""]","[[""ARTHRITIS"",""ISCHEMIC_HEART_DISEASE""],[""COPD"",""ISCHEMIC_HEART_DISEASE""],[""DIABETES"",""ISCHEMIC_HEART_DISEASE""]]",occ_5c56ad1ac7ed0301,False,False,False,51,0.5425531914893617,34,47,1.0,49.572,47.0,51.0,47,94,43,0.4574468085106383,33,"[""2023_01_education_binary_lower"",""2023_05_education_binary_higher"",""2023_05_education_binary_lower"",""2023_12_education_binary_higher"",""2023_13_education_binary_higher"",""2023_13_education_binary_lower"",""2023_16_education_binary_lower"",""2023_18_education_binary_higher"",""2023_18_education_binary_lower"",""2023_19_education_binary_lower"",""2023_20_education_binary_lower"",""2023_22_education_binary_lower"",""2023_23_education_binary_higher"",""2023_23_education_binary_lower"",""2023_24_education_binary_lower"",""2023_25_education_binary_higher"",""2023_26_education_binary_higher"",""2023_27_education_binary_lower"",""2023_28_education_binary_lower"",""2023_30_education_binary_lower"",""2023_31_education_binary_higher"",""2023_36_education_binary_lower"",""2023_37_education_binary_lower"",""2023_38_education_binary_higher"",""2023_39_education_binary_higher"",""2023_39_education_binary_lower"",""2023_40_education_binary_higher"",""2023_41_education_binary_higher"",""2023_44_education_binary_higher"",""2023_45_education_binary_higher"",""2023_45_education_binary_lower"",""2023_47_education_binary_higher"",""2023_47_education_binary_lower"",""2023_48_education_binary_lower"",""2023_49_education_binary_lower"",""2023_51_education_binary_lower"",""2023_53_education_binary_higher"",""2023_53_education_binary_lower"",""2023_54_education_binary_higher"",""2023_54_education_binary_lower"",""2023_55_education_binary_higher"",""2023_55_education_binary_lower"",""2023_56_education_binary_higher""]",True,-0.08510638297872336
motif_a5f0aedaba53c141,a5f0aedaba53c141833543d8d7f68c5e51b99b15258e94e8066f033320a3f97f,"{""edges"":[[""ARTHRITIS"",""COPD""],[""ARTHRITIS"",""ISCHEMIC_HEART_DISEASE""],[""ARTHRITIS"",""OTHER_CANCER""],[""COPD"",""ISCHEMIC_HEART_DISEASE""]],""nodes"":[""ARTHRITIS"",""COPD"",""ISCHEMIC_HEART_DISEASE"",""OTHER_CANCER""]}",4,4,"[""ARTHRITIS"",""COPD"",""ISCHEMIC_HEART_DISEASE"",""OTHER_CANCER""]","[[""ARTHRITIS"",""COPD""],[""ARTHRITIS"",""ISCHEMIC_HEART_DISEASE""],[""ARTHRITIS"",""OTHER_CANCER""],[""COPD"",""ISCHEMIC_HEART_DISEASE""]]",occ_1cb800cbe42e976a,False,False,False,42,0.4468085106382978,29,47,1.0,40.394,38.0,42.0,47,94,41,0.43617021276595747,29,"[""2023_01_education_binary_lower"",""2023_05_education_binary_higher"",""2023_05_education_binary_lower"",""2023_10_education_binary_higher"",""2023_12_education_binary_higher"",""2023_12_education_binary_lower"",""2023_13_education_binary_higher"",""2023_13_education_binary_lower"",""2023_16_education_binary_lower"",""2023_18_education_binary_higher"",""2023_18_education_binary_lower"",""2023_19_education_binary_lower"",""2023_20_education_binary_lower"",""2023_23_education_binary_higher"",""2023_23_education_binary_lower"",""2023_24_education_binary_lower"",""2023_25_education_binary_higher"",""2023_26_education_binary_higher"",""2023_26_education_binary_lower"",""2023_27_education_binary_lower"",""2023_30_education_binary_lower"",""2023_31_education_binary_higher"",""2023_31_education_binary_lower"",""2023_36_education_binary_lower"",""2023_37_education_binary_lower"",""2023_38_education_binary_higher"",""2023_39_education_binary_higher"",""2023_39_education_binary_lower"",""2023_41_education_binary_higher"",""2023_44_education_binary_higher"",""2023_45_education_binary_higher"",""2023_45_education_binary_lower"",""2023_47_education_binary_higher"",""2023_47_education_binary_lower"",""2023_49_education_binary_lower"",""2023_51_education_binary_lower"",""2023_53_education_binary_lower"",""2023_54_education_binary_higher"",""2023_54_education_binary_lower"",""2023_55_education_binary_higher"",""2023_55_education_binary_lower""]",True,-0.01063829787234033
motif_a60a2225f65ee9fa,a60a2225f65ee9fa984b2fb608043140ade94b99158a680cec086374638846cf,"{""edges"":[[""ARTHRITIS"",""DIABETES""],[""ARTHRITIS"",""ISCHEMIC_HEART_DISEASE""],[""DIABETES"",""ISCHEMIC_HEART_DISEASE""],[""ISCHEMIC_HEART_DISEASE"",""KIDNEY_DISEASE""]],""nodes"":[""ARTHRITIS"",""DIABETES"",""ISCHEMIC_HEART_DISEASE"",""KIDNEY_DISEASE""]}",4,4,"[""ARTHRITIS"",""DIABETES"",""ISCHEMIC_HEART_DISEASE"",""KIDNEY_DISEASE""]","[[""ARTHRITIS"",""DIABETES""],[""ARTHRITIS"",""ISCHEMIC_HEART_DISEASE""],[""DIABETES"",""ISCHEMIC_HEART_DISEASE""],[""ISCHEMIC_HEART_DISEASE"",""KIDNEY_DISEASE""]]",occ_ea152d40ac0008da,False,False,False,37,0.3936170212765957,26,47,1.0,35.342,32.0,37.0,46,92,28,0.30434782608695654,23,"[""2023_01_education_binary_lower"",""2023_04_education_binary_lower"",""2023_05_education_binary_higher"",""2023_05_education_binary_lower"",""2023_18_education_binary_higher"",""2023_18_education_binary_lower"",""2023_22_education_binary_lower"",""2023_23_education_binary_higher"",""2023_24_education_binary_higher"",""2023_26_education_binary_higher"",""2023_28_education_binary_lower"",""2023_31_education_binary_higher"",""2023_33_education_binary_lower"",""2023_36_education_binary_lower"",""2023_37_education_binary_lower"",""2023_38_education_binary_higher"",""2023_39_education_binary_higher"",""2023_39_education_binary_lower"",""2023_40_education_binary_higher"",""2023_45_education_binary_lower"",""2023_47_education_binary_higher"",""2023_47_education_binary_lower"",""2023_48_education_binary_lower"",""2023_49_education_binary_lower"",""2023_51_education_binary_lower"",""2023_53_education_binary_lower"",""2023_54_education_binary_higher"",""2023_54_education_binary_lower""]",True,-0.08926919518963916
motif_a60b470ee33da55c,a60b470ee33da55ced6bbd963123ce58c36d7de62e59ecbfdfeb45ca92b04514,"{""edges"":[[""ARTHRITIS"",""DIABETES""],[""DIABETES"",""KIDNEY_DISEASE""],[""ISCHEMIC_HEART_DISEASE"",""KIDNEY_DISEASE""],[""ISCHEMIC_HEART_DISEASE"",""STROKE""]],""nodes"":[""ARTHRITIS"",""DIABETES"",""ISCHEMIC_HEART_DISEASE"",""KIDNEY_DISEASE"",""STROKE""]}",5,4,"[""ARTHRITIS"",""DIABETES"",""ISCHEMIC_HEART_DISEASE"",""KIDNEY_DISEASE"",""STROKE""]","[[""ARTHRITIS"",""DIABETES""],[""DIABETES"",""KIDNEY_DISEASE""],[""ISCHEMIC_HEART_DISEASE"",""KIDNEY_DISEASE""],[""ISCHEMIC_HEART_DISEASE"",""STROKE""]]",occ_d9eaa8cd7bb1e48f,False,False,False,32,0.3404255319148936,23,47,1.0,30.024,27.0,32.0,46,92,23,0.25,19,"[""2023_01_education_binary_lower"",""2023_04_education_binary_lower"",""2023_05_education_binary_lower"",""2023_12_education_binary_lower"",""2023_18_education_binary_higher"",""2023_18_education_binary_lower"",""2023_22_education_binary_lower"",""2023_23_education_binary_higher"",""2023_26_education_binary_higher"",""2023_31_education_binary_higher"",""2023_33_education_binary_lower"",""2023_37_education_binary_lower"",""2023_38_education_binary_higher"",""2023_39_education_binary_higher"",""2023_39_education_binary_lower"",""2023_40_education_binary_higher"",""2023_47_education_binary_higher"",""2023_47_education_binary_lower"",""2023_48_education_binary_lower"",""2023_51_education_binary_higher"",""2023_51_education_binary_lower"",""2023_53_education_binary_lower"",""2023_54_education_binary_lower""]",True,-0.09042553191489361
motif_a6141d4b71e71270,a6141d4b71e71270f2e34870ad4994751a3c85cd02a887fa06acca68b3bf7f11,"{""edges"":[[""ARTHRITIS"",""COPD""],[""ARTHRITIS"",""ISCHEMIC_HEART_DISEASE""],[""ARTHRITIS"",""KIDNEY_DISEASE""],[""ISCHEMIC_HEART_DISEASE"",""STROKE""]],""nodes"":[""ARTHRITIS"",""COPD"",""ISCHEMIC_HEART_DISEASE"",""KIDNEY_DISEASE"",""STROKE""]}",5,4,"[""ARTHRITIS"",""COPD"",""ISCHEMIC_HEART_DISEASE"",""KIDNEY_DISEASE"",""STROKE""]","[[""ARTHRITIS"",""COPD""],[""ARTHRITIS"",""ISCHEMIC_HEART_DISEASE""],[""ARTHRITIS"",""KIDNEY_DISEASE""],[""ISCHEMIC_HEART_DISEASE"",""STROKE""]]",occ_0f14311c34310ccf,True,True,False,35,0.3723404255319149,24,47,1.0,33.706,31.0,35.0,47,94,27,0.2872340425531915,22,"[""2023_01_education_binary_lower"",""2023_02_education_binary_higher"",""2023_04_education_binary_higher"",""2023_05_education_binary_lower"",""2023_13_education_binary_lower"",""2023_18_education_binary_higher"",""2023_18_education_binary_lower"",""2023_19_education_binary_lower"",""2023_22_education_binary_lower"",""2023_23_education_binary_lower"",""2023_25_education_binary_higher"",""2023_26_education_binary_lower"",""2023_27_education_binary_lower"",""2023_28_education_binary_higher"",""2023_37_education_binary_lower"",""2023_39_education_binary_higher"",""2023_39_education_binary_lower"",""2023_40_education_binary_higher"",""2023_40_education_binary_lower"",""2023_45_education_binary_higher"",""2023_45_education_binary_lower"",""2023_47_education_binary_higher"",""2023_47_education_binary_lower"",""2023_48_education_binary_lower"",""2023_49_education_binary_lower"",""2023_51_education_binary_lower"",""2023_53_education_binary_lower""]",True,-0.08510638297872336
motif_a74b93da382c579d,a74b93da382c579d646751fb4a1ec5a1709d6defde327fdac7d9eb8d9ef2c9c6,"{""edges"":[[""ARTHRITIS"",""COPD""],[""ARTHRITIS"",""ISCHEMIC_HEART_DISEASE""],[""ARTHRITIS"",""OTHER_CANCER""],[""COPD"",""CURRENT_ASTHMA""],[""COPD"",""ISCHEMIC_HEART_DISEASE""]],""nodes"":[""ARTHRITIS"",""COPD"",""CURRENT_ASTHMA"",""ISCHEMIC_HEART_DISEASE"",""OTHER_CANCER""]}",5,5,"[""ARTHRITIS"",""COPD"",""CURRENT_ASTHMA"",""ISCHEMIC_HEART_DISEASE"",""OTHER_CANCER""]","[[""ARTHRITIS"",""COPD""],[""ARTHRITIS"",""ISCHEMIC_HEART_DISEASE""],[""ARTHRITIS"",""OTHER_CANCER""],[""COPD"",""CURRENT_ASTHMA""],[""COPD"",""ISCHEMIC_HEART_DISEASE""]]",occ_ea825ad6db061ca2,True,True,False,39,0.4148936170212766,26,47,1.0,37.578,35.0,39.0,47,94,37,0.39361702127659576,26,"[""2023_01_education_binary_lower"",""2023_05_education_binary_higher"",""2023_05_education_binary_lower"",""2023_12_education_binary_higher"",""2023_12_education_binary_lower"",""2023_13_education_binary_higher"",""2023_13_education_binary_lower"",""2023_16_education_binary_lower"",""2023_18_education_binary_higher"",""2023_18_education_binary_lower"",""2023_19_education_binary_lower"",""2023_20_education_binary_lower"",""2023_23_education_binary_higher"",""2023_23_education_binary_lower"",""2023_24_education_binary_lower"",""2023_25_education_binary_higher"",""2023_26_education_binary_higher"",""2023_26_education_binary_lower"",""2023_27_education_binary_lower"",""2023_30_education_binary_lower"",""2023_31_education_binary_lower"",""2023_36_education_binary_lower"",""2023_39_education_binary_higher"",""2023_39_education_binary_lower"",""2023_41_education_binary_higher"",""2023_44_education_binary_higher"",""2023_45_education_binary_higher"",""2023_45_education_binary_lower"",""2023_47_education_binary_higher"",""2023_47_education_binary_lower"",""2023_49_education_binary_lower"",""2023_51_education_binary_lower"",""2023_53_education_binary_lower"",""2023_54_education_binary_higher"",""2023_54_education_binary_lower"",""2023_55_education_binary_higher"",""2023_55_education_binary_lower""]",True,-0.021276595744680826
motif_a789c00a2ba82862,a789c00a2ba82862de8cb3ab80916abbaa034398cd602b3938e9ddd95431ad5c,"{""edges"":[[""ARTHRITIS"",""SKIN_CANCER""],[""OTHER_CANCER"",""SKIN_CANCER""]],""nodes"":[""ARTHRITIS"",""OTHER_CANCER"",""SKIN_CANCER""]}",3,2,"[""ARTHRITIS"",""OTHER_CANCER"",""SKIN_CANCER""]","[[""ARTHRITIS"",""SKIN_CANCER""],[""OTHER_CANCER"",""SKIN_CANCER""]]",occ_5a5e390e81e4f68a,True,True,False,34,0.3617021276595745,27,47,1.0,33.076,31.0,34.0,47,94,31,0.32978723404255317,26,"[""2023_01_education_binary_higher"",""2023_04_education_binary_higher"",""2023_06_education_binary_higher"",""2023_08_education_binary_higher"",""2023_09_education_binary_lower"",""2023_10_education_binary_higher"",""2023_10_education_binary_lower"",""2023_12_education_binary_higher"",""2023_13_education_binary_lower"",""2023_16_education_binary_lower"",""2023_18_education_binary_higher"",""2023_18_education_binary_lower"",""2023_22_education_binary_higher"",""2023_25_education_binary_higher"",""2023_30_education_binary_lower"",""2023_31_education_binary_lower"",""2023_33_education_binary_higher"",""2023_38_education_binary_lower"",""2023_39_education_binary_lower"",""2023_41_education_binary_higher"",""2023_45_education_binary_lower"",""2023_47_education_binary_lower"",""2023_49_education_binary_higher"",""2023_49_education_binary_lower"",""2023_50_education_binary_higher"",""2023_50_education_binary_lower"",""2023_53_education_binary_higher"",""2023_54_education_binary_higher"",""2023_54_education_binary_lower"",""2023_55_education_binary_lower"",""2023_56_education_binary_higher""]",True,-0.03191489361702132
motif_a79cab0e1b2c2fbf,a79cab0e1b2c2fbf27b07f439c7973b9281a19f8755b9c136b50f08085ad2672,"{""edges"":[[""ARTHRITIS"",""ISCHEMIC_HEART_DISEASE""],[""ARTHRITIS"",""OTHER_CANCER""],[""DIABETES"",""ISCHEMIC_HEART_DISEASE""],[""DIABETES"",""KIDNEY_DISEASE""]],""nodes"":[""ARTHRITIS"",""DIABETES"",""ISCHEMIC_HEART_DISEASE"",""KIDNEY_DISEASE"",""OTHER_CANCER""]}",5,4,"[""ARTHRITIS"",""DIABETES"",""ISCHEMIC_HEART_DISEASE"",""KIDNEY_DISEASE"",""OTHER_CANCER""]","[[""ARTHRITIS"",""ISCHEMIC_HEART_DISEASE""],[""ARTHRITIS"",""OTHER_CANCER""],[""DIABETES"",""ISCHEMIC_HEART_DISEASE""],[""DIABETES"",""KIDNEY_DISEASE""]]",occ_331a81480d152021,True,True,False,40,0.425531914893617,29,47,1.0,38.382,36.0,40.0,47,94,34,0.3617021276595745,28,"[""2023_01_education_binary_lower"",""2023_04_education_binary_higher"",""2023_05_education_binary_lower"",""2023_06_education_binary_higher"",""2023_09_education_binary_lower"",""2023_12_education_binary_higher"",""2023_13_education_binary_lower"",""2023_16_education_binary_lower"",""2023_18_education_binary_higher"",""2023_18_education_binary_lower"",""2023_19_education_binary_lower"",""2023_20_education_binary_higher"",""2023_23_education_binary_higher"",""2023_23_education_binary_lower"",""2023_24_education_binary_higher"",""2023_24_education_binary_lower"",""2023_25_education_binary_higher"",""2023_26_education_binary_higher"",""2023_31_education_binary_higher"",""2023_33_education_binary_lower"",""2023_37_education_binary_lower"",""2023_38_education_binary_higher"",""2023_39_education_binary_higher"",""2023_39_education_binary_lower"",""2023_41_education_binary_higher"",""2023_45_education_binary_higher"",""2023_47_education_binary_higher"",""2023_47_education_binary_lower"",""2023_50_education_binary_higher"",""2023_51_education_binary_lower"",""2023_53_education_binary_higher"",""2023_53_education_binary_lower"",""2023_54_education_binary_lower"",""2023_55_education_binary_higher""]",True,-0.06382978723404253
motif_a8e2557395de591b,a8e2557395de591bd46265798862eb8fe57dda82773e01e45510e251bdc66fa9,"{""edges"":[[""ARTHRITIS"",""COPD""],[""ARTHRITIS"",""DIABETES""],[""ARTHRITIS"",""ISCHEMIC_HEART_DISEASE""],[""COPD"",""ISCHEMIC_HEART_DISEASE""],[""DIABETES"",""KIDNEY_DISEASE""],[""ISCHEMIC_HEART_DISEASE"",""KIDNEY_DISEASE""]],""nodes"":[""ARTHRITIS"",""COPD"",""DIABETES"",""ISCHEMIC_HEART_DISEASE"",""KIDNEY_DISEASE""]}",5,6,"[""ARTHRITIS"",""COPD"",""DIABETES"",""ISCHEMIC_HEART_DISEASE"",""KIDNEY_DISEASE""]","[[""ARTHRITIS"",""COPD""],[""ARTHRITIS"",""DIABETES""],[""ARTHRITIS"",""ISCHEMIC_HEART_DISEASE""],[""COPD"",""ISCHEMIC_HEART_DISEASE""],[""DIABETES"",""KIDNEY_DISEASE""],[""ISCHEMIC_HEART_DISEASE"",""KIDNEY_DISEASE""]]",occ_121fa8b562518447,True,True,False,28,0.2978723404255319,22,47,1.0,26.108,24.0,28.0,46,92,20,0.21739130434782608,17,"[""2023_01_education_binary_lower"",""2023_05_education_binary_lower"",""2023_12_education_binary_lower"",""2023_18_education_binary_higher"",""2023_18_education_binary_lower"",""2023_22_education_binary_lower"",""2023_23_education_binary_higher"",""2023_26_education_binary_higher"",""2023_31_education_binary_higher"",""2023_37_education_binary_lower"",""2023_38_education_binary_higher"",""2023_39_education_binary_higher"",""2023_39_education_binary_lower"",""2023_40_education_binary_higher"",""2023_47_education_binary_higher"",""2023_47_education_binary_lower"",""2023_48_education_binary_lower"",""2023_51_education_binary_lower"",""2023_53_education_binary_lower"",""2023_54_education_binary_lower""]",True,-0.08048103607770582
motif_a97c649fcff5d5d1,a97c649fcff5d5d19df8ec48a72bc344eb979e87eeda139760a4f3cf56ba4307,"{""edges"":[[""ARTHRITIS"",""COPD""],[""ARTHRITIS"",""DIABETES""],[""ARTHRITIS"",""ISCHEMIC_HEART_DISEASE""],[""COPD"",""ISCHEMIC_HEART_DISEASE""],[""ISCHEMIC_HEART_DISEASE"",""KIDNEY_DISEASE""]],""nodes"":[""ARTHRITIS"",""COPD"",""DIABETES"",""ISCHEMIC_HEART_DISEASE"",""KIDNEY_DISEASE""]}",5,5,"[""ARTHRITIS"",""COPD"",""DIABETES"",""ISCHEMIC_HEART_DISEASE"",""KIDNEY_DISEASE""]","[[""ARTHRITIS"",""COPD""],[""ARTHRITIS"",""DIABETES""],[""ARTHRITIS"",""ISCHEMIC_HEART_DISEASE""],[""COPD"",""ISCHEMIC_HEART_DISEASE""],[""ISCHEMIC_HEART_DISEASE"",""KIDNEY_DISEASE""]]",occ_a6e95b60da24be97,True,True,False,33,0.351063829787234,24,47,1.0,31.358,29.0,33.0,46,92,29,0.31521739130434784,22,"[""2023_01_education_binary_lower"",""2023_05_education_binary_higher"",""2023_05_education_binary_lower"",""2023_10_education_binary_higher"",""2023_12_education_binary_lower"",""2023_18_education_binary_higher"",""2023_18_education_binary_lower"",""2023_22_education_binary_lower"",""2023_23_education_binary_higher"",""2023_26_education_binary_higher"",""2023_28_education_binary_lower"",""2023_31_education_binary_higher"",""2023_31_education_binary_lower"",""2023_36_education_binary_lower"",""2023_37_education_binary_lower"",""2023_38_education_binary_higher"",""2023_39_education_binary_higher"",""2023_39_education_binary_lower"",""2023_40_education_binary_higher"",""2023_40_education_binary_lower"",""2023_45_education_binary_lower"",""2023_47_education_binary_higher"",""2023_47_education_binary_lower"",""2023_48_education_binary_lower"",""2023_49_education_binary_lower"",""2023_51_education_binary_lower"",""2023_53_education_binary_lower"",""2023_54_education_binary_higher"",""2023_54_education_binary_lower""]",True,-0.035846438482886156
motif_aa88697c4878a8d2,aa88697c4878a8d2900b4a54ef1903c2c670da8afb85b8d1292a34de8bdb9191,"{""edges"":[[""ARTHRITIS"",""COPD""],[""ARTHRITIS"",""KIDNEY_DISEASE""],[""ISCHEMIC_HEART_DISEASE"",""KIDNEY_DISEASE""]],""nodes"":[""ARTHRITIS"",""COPD"",""ISCHEMIC_HEART_DISEASE"",""KIDNEY_DISEASE""]}",4,3,"[""ARTHRITIS"",""COPD"",""ISCHEMIC_HEART_DISEASE"",""KIDNEY_DISEASE""]","[[""ARTHRITIS"",""COPD""],[""ARTHRITIS"",""KIDNEY_DISEASE""],[""ISCHEMIC_HEART_DISEASE"",""KIDNEY_DISEASE""]]",occ_d2f6817e53ff6e57,False,False,False,24,0.2553191489361702,17,47,0.998,22.75,20.0,24.0,46,92,19,0.20652173913043478,15,"[""2023_01_education_binary_lower"",""2023_05_education_binary_lower"",""2023_10_education_binary_higher"",""2023_18_education_binary_higher"",""2023_18_education_binary_lower"",""2023_22_education_binary_lower"",""2023_37_education_binary_lower"",""2023_39_education_binary_higher"",""2023_39_education_binary_lower"",""2023_40_education_binary_higher"",""2023_40_education_binary_lower"",""2023_41_education_binary_lower"",""2023_45_education_binary_lower"",""2023_47_education_binary_higher"",""2023_47_education_binary_lower"",""2023_48_education_binary_lower"",""2023_49_education_binary_lower"",""2023_51_education_binary_lower"",""2023_53_education_binary_lower""]",True,-0.04879740980573541
motif_aa915ce5086e7958,aa915ce5086e7958c8fb4868b20486b49509e4e121827c9d9e761dc34619706c,"{""edges"":[[""ARTHRITIS"",""DIABETES""],[""ARTHRITIS"",""ISCHEMIC_HEART_DISEASE""],[""ARTHRITIS"",""KIDNEY_DISEASE""],[""DIABETES"",""KIDNEY_DISEASE""]],""nodes"":[""ARTHRITIS"",""DIABETES"",""ISCHEMIC_HEART_DISEASE"",""KIDNEY_DISEASE""]}",4,4,"[""ARTHRITIS"",""DIABETES"",""ISCHEMIC_HEART_DISEASE"",""KIDNEY_DISEASE""]","[[""ARTHRITIS"",""DIABETES""],[""ARTHRITIS"",""ISCHEMIC_HEART_DISEASE""],[""ARTHRITIS"",""KIDNEY_DISEASE""],[""DIABETES"",""KIDNEY_DISEASE""]]",occ_4a2ef8ba813e108a,True,True,False,34,0.3617021276595745,24,47,1.0,32.374,30.0,34.0,47,94,25,0.26595744680851063,20,"[""2023_01_education_binary_lower"",""2023_02_education_binary_higher"",""2023_04_education_binary_higher"",""2023_05_education_binary_lower"",""2023_13_education_binary_lower"",""2023_18_education_binary_higher"",""2023_18_education_binary_lower"",""2023_19_education_binary_lower"",""2023_22_education_binary_higher"",""2023_22_education_binary_lower"",""2023_23_education_binary_lower"",""2023_25_education_binary_higher"",""2023_26_education_binary_lower"",""2023_37_education_binary_lower"",""2023_38_education_binary_lower"",""2023_39_education_binary_higher"",""2023_39_education_binary_lower"",""2023_40_education_binary_higher"",""2023_45_education_binary_higher"",""2023_47_education_binary_higher"",""2023_47_education_binary_lower"",""2023_48_education_binary_lower"",""2023_51_education_binary_lower"",""2023_53_education_binary_higher"",""2023_53_education_binary_lower""]",True,-0.09574468085106386
motif_ab039606710983b0,ab039606710983b03ee88333d3dbdffac1903baced14ec60a8fb62a8eab9e47a,"{""edges"":[[""ARTHRITIS"",""COPD""],[""ARTHRITIS"",""DIABETES""],[""ARTHRITIS"",""ISCHEMIC_HEART_DISEASE""],[""DIABETES"",""ISCHEMIC_HEART_DISEASE""],[""ISCHEMIC_HEART_DISEASE"",""KIDNEY_DISEASE""]],""nodes"":[""ARTHRITIS"",""COPD"",""DIABETES"",""ISCHEMIC_HEART_DISEASE"",""KIDNEY_DISEASE""]}",5,5,"[""ARTHRITIS"",""COPD"",""DIABETES"",""ISCHEMIC_HEART_DISEASE"",""KIDNEY_DISEASE""]","[[""ARTHRITIS"",""COPD""],[""ARTHRITIS"",""DIABETES""],[""ARTHRITIS"",""ISCHEMIC_HEART_DISEASE""],[""DIABETES"",""ISCHEMIC_HEART_DISEASE""],[""ISCHEMIC_HEART_DISEASE"",""KIDNEY_DISEASE""]]",occ_ea152d40ac0008da,True,True,False,37,0.3936170212765957,26,47,1.0,35.188,32.0,37.0,46,92,27,0.29347826086956524,22,"[""2023_01_education_binary_lower"",""2023_05_education_binary_higher"",""2023_05_education_binary_lower"",""2023_18_education_binary_higher"",""2023_18_education_binary_lower"",""2023_22_education_binary_lower"",""2023_23_education_binary_higher"",""2023_24_education_binary_higher"",""2023_26_education_binary_higher"",""2023_28_education_binary_lower"",""2023_31_education_binary_higher"",""2023_33_education_binary_lower"",""2023_36_education_binary_lower"",""2023_37_education_binary_lower"",""2023_38_education_binary_higher"",""2023_39_education_binary_higher"",""2023_39_education_binary_lower"",""2023_40_education_binary_higher"",""2023_45_education_binary_lower"",""2023_47_education_binary_higher"",""2023_47_education_binary_lower"",""2023_48_education_binary_lower"",""2023_49_education_binary_lower"",""2023_51_education_binary_lower"",""2023_53_education_binary_lower"",""2023_54_education_binary_higher"",""2023_54_education_binary_lower""]",True,-0.10013876040703046
motif_abe15baf9aebb8d4,abe15baf9aebb8d409648944f4cc522a2d149b56a11ba1c476cd71cac5d96288,"{""edges"":[[""ARTHRITIS"",""COPD""],[""COPD"",""CURRENT_ASTHMA""]],""nodes"":[""ARTHRITIS"",""COPD"",""CURRENT_ASTHMA""]}",3,2,"[""ARTHRITIS"",""COPD"",""CURRENT_ASTHMA""]","[[""ARTHRITIS"",""COPD""],[""COPD"",""CURRENT_ASTHMA""]]",occ_ee59d4045e1399d2,True,True,False,73,0.776595744680851,43,47,1.0,71.954,70.0,73.0,47,94,71,0.7553191489361702,42,"[""2023_01_education_binary_higher"",""2023_01_education_binary_lower"",""2023_02_education_binary_higher"",""2023_04_education_binary_higher"",""2023_05_education_binary_higher"",""2023_05_education_binary_lower"",""2023_06_education_binary_higher"",""2023_06_education_binary_lower"",""2023_08_education_binary_higher"",""2023_08_education_binary_lower"",""2023_09_education_binary_lower"",""2023_12_education_binary_higher"",""2023_12_education_binary_lower"",""2023_13_education_binary_higher"",""2023_13_education_binary_lower"",""2023_16_education_binary_lower"",""2023_18_education_binary_higher"",""2023_18_education_binary_lower"",""2023_19_education_binary_higher"",""2023_19_education_binary_lower"",""2023_20_education_binary_higher"",""2023_20_education_binary_lower"",""2023_22_education_binary_lower"",""2023_23_education_binary_higher"",""2023_23_education_binary_lower"",""2023_24_education_binary_higher"",""2023_24_education_binary_lower"",""2023_25_education_binary_higher"",""2023_25_education_binary_lower"",""2023_26_education_binary_higher"",""2023_26_education_binary_lower"",""2023_27_education_binary_lower"",""2023_28_education_binary_higher"",""2023_28_education_binary_lower"",""2023_29_education_binary_higher"",""2023_29_education_binary_lower"",""2023_30_education_binary_higher"",""2023_30_education_binary_lower"",""2023_31_education_binary_lower"",""2023_33_education_binary_higher"",""2023_33_education_binary_lower"",""2023_34_education_binary_lower"",""2023_36_education_binary_higher"",""2023_36_education_binary_lower"",""2023_37_education_binary_higher"",""2023_39_education_binary_higher"",""2023_39_education_binary_lower"",""2023_40_education_binary_higher"",""2023_40_education_binary_lower"",""2023_41_education_binary_higher"",""2023_41_education_binary_lower"",""2023_44_education_binary_higher"",""2023_44_education_binary_lower"",""2023_45_education_binary_higher"",""2023_45_education_binary_lower"",""2023_46_education_binary_lower"",""2023_47_education_binary_higher"",""2023_47_education_binary_lower"",""2023_48_education_binary_higher"",""2023_48_education_binary_lower"",""2023_49_education_binary_lower"",""2023_50_education_binary_higher"",""2023_51_education_binary_higher"",""2023_51_education_binary_lower"",""2023_53_education_binary_lower"",""2023_54_education_binary_higher"",""2023_54_education_binary_lower"",""2023_55_education_binary_higher"",""2023_55_education_binary_lower"",""2023_56_education_binary_higher"",""2023_56_education_binary_lower""]",True,-0.02127659574468077
motif_ac678f6d8b8171a2,ac678f6d8b8171a2b412db5c00eb2a4fbe87e6f2a3b306114d2baf7cff0d20ba,"{""edges"":[[""ARTHRITIS"",""ISCHEMIC_HEART_DISEASE""],[""ARTHRITIS"",""SKIN_CANCER""],[""ISCHEMIC_HEART_DISEASE"",""STROKE""]],""nodes"":[""ARTHRITIS"",""ISCHEMIC_HEART_DISEASE"",""SKIN_CANCER"",""STROKE""]}",4,3,"[""ARTHRITIS"",""ISCHEMIC_HEART_DISEASE"",""SKIN_CANCER"",""STROKE""]","[[""ARTHRITIS"",""ISCHEMIC_HEART_DISEASE""],[""ARTHRITIS"",""SKIN_CANCER""],[""ISCHEMIC_HEART_DISEASE"",""STROKE""]]",occ_8c1508a8813d6281,False,False,False,28,0.2978723404255319,23,47,1.0,26.672,24.0,28.0,47,94,26,0.2765957446808511,23,"[""2023_04_education_binary_higher"",""2023_06_education_binary_higher"",""2023_08_education_binary_higher"",""2023_09_education_binary_lower"",""2023_10_education_binary_lower"",""2023_12_education_binary_higher"",""2023_13_education_binary_lower"",""2023_16_education_binary_lower"",""2023_18_education_binary_higher"",""2023_18_education_binary_lower"",""2023_22_education_binary_higher"",""2023_25_education_binary_higher"",""2023_30_education_binary_lower"",""2023_31_education_binary_lower"",""2023_39_education_binary_lower"",""2023_41_education_binary_higher"",""2023_45_education_binary_lower"",""2023_47_education_binary_lower"",""2023_49_education_binary_lower"",""2023_50_education_binary_higher"",""2023_50_education_binary_lower"",""2023_53_education_binary_higher"",""2023_54_education_binary_higher"",""2023_54_education_binary_lower"",""2023_55_education_binary_lower"",""2023_56_education_binary_higher""]",True,-0.021276595744680826
motif_acb44744b5c13899,acb44744b5c1389964b5a55b105b4dd5c262ef1daa8f1e2073e7f64170535f68,"{""edges"":[[""ARTHRITIS"",""DIABETES""],[""ARTHRITIS"",""ISCHEMIC_HEART_DISEASE""],[""ARTHRITIS"",""SKIN_CANCER""],[""DIABETES"",""ISCHEMIC_HEART_DISEASE""]],""nodes"":[""ARTHRITIS"",""DIABETES"",""ISCHEMIC_HEART_DISEASE"",""SKIN_CANCER""]}",4,4,"[""ARTHRITIS"",""DIABETES"",""ISCHEMIC_HEART_DISEASE"",""SKIN_CANCER""]","[[""ARTHRITIS"",""DIABETES""],[""ARTHRITIS"",""ISCHEMIC_HEART_DISEASE""],[""ARTHRITIS"",""SKIN_CANCER""],[""DIABETES"",""ISCHEMIC_HEART_DISEASE""]]",occ_c292257c8ba54ecd,False,False,False,22,0.2340425531914893,19,47,0.984,20.868,19.0,22.0,47,94,19,0.20212765957446807,16,"[""2023_01_education_binary_higher"",""2023_04_education_binary_higher"",""2023_13_education_binary_lower"",""2023_16_education_binary_lower"",""2023_18_education_binary_higher"",""2023_18_education_binary_lower"",""2023_25_education_binary_higher"",""2023_30_education_binary_lower"",""2023_39_education_binary_lower"",""2023_41_education_binary_higher"",""2023_45_education_binary_lower"",""2023_47_education_binary_lower"",""2023_49_education_binary_higher"",""2023_49_education_binary_lower"",""2023_53_education_binary_higher"",""2023_54_education_binary_higher"",""2023_54_education_binary_lower"",""2023_55_education_binary_lower"",""2023_56_education_binary_higher""]",True,-0.03191489361702124
motif_ace47faad0c74b11,ace47faad0c74b11eb64936f11ba8d1e67623e59cdf5a59f2b40460b633aa4e6,"{""edges"":[[""ARTHRITIS"",""COPD""],[""ARTHRITIS"",""OTHER_CANCER""],[""COPD"",""CURRENT_ASTHMA""],[""CURRENT_ASTHMA"",""DEPRESSIVE_DISORDER""]],""nodes"":[""ARTHRITIS"",""COPD"",""CURRENT_ASTHMA"",""DEPRESSIVE_DISORDER"",""OTHER_CANCER""]}",5,4,"[""ARTHRITIS"",""COPD"",""CURRENT_ASTHMA"",""DEPRESSIVE_DISORDER"",""OTHER_CANCER""]","[[""ARTHRITIS"",""COPD""],[""ARTHRITIS"",""OTHER_CANCER""],[""COPD"",""CURRENT_ASTHMA""],[""CURRENT_ASTHMA"",""DEPRESSIVE_DISORDER""]]",occ_a1fed9121c242cb7,True,True,True,29,0.3085106382978723,23,47,1.0,28.114,26.0,29.0,47,94,21,0.22340425531914893,17,"[""2023_01_education_binary_lower"",""2023_12_education_binary_lower"",""2023_16_education_binary_lower"",""2023_18_education_binary_higher"",""2023_18_education_binary_lower"",""2023_19_education_binary_lower"",""2023_23_education_binary_higher"",""2023_23_education_binary_lower"",""2023_27_education_binary_lower"",""2023_30_education_binary_higher"",""2023_30_education_binary_lower"",""2023_33_education_binary_lower"",""2023_34_education_binary_lower"",""2023_36_education_binary_lower"",""2023_44_education_binary_lower"",""2023_47_education_binary_lower"",""2023_49_education_binary_lower"",""2023_53_education_binary_lower"",""2023_54_education_binary_higher"",""2023_54_education_binary_lower"",""2023_55_education_binary_lower""]",True,-0.08510638297872336
motif_add33857e4b485af,add33857e4b485afc36f5a348fa0d3f7f9815b4fa984802779d01820b5a8f186,"{""edges"":[[""ARTHRITIS"",""COPD""],[""ARTHRITIS"",""DIABETES""],[""ARTHRITIS"",""ISCHEMIC_HEART_DISEASE""],[""ARTHRITIS"",""OTHER_CANCER""],[""COPD"",""ISCHEMIC_HEART_DISEASE""],[""DIABETES"",""ISCHEMIC_HEART_DISEASE""]],""nodes"":[""ARTHRITIS"",""COPD"",""DIABETES"",""ISCHEMIC_HEART_DISEASE"",""OTHER_CANCER""]}",5,6,"[""ARTHRITIS"",""COPD"",""DIABETES"",""ISCHEMIC_HEART_DISEASE"",""OTHER_CANCER""]","[[""ARTHRITIS"",""COPD""],[""ARTHRITIS"",""DIABETES""],[""ARTHRITIS"",""ISCHEMIC_HEART_DISEASE""],[""ARTHRITIS"",""OTHER_CANCER""],[""COPD"",""ISCHEMIC_HEART_DISEASE""],[""DIABETES"",""ISCHEMIC_HEART_DISEASE""]]",occ_d3f1f4f63dd2f8f4,True,True,True,34,0.3617021276595745,24,47,1.0,32.43,30.0,34.0,47,94,35,0.3723404255319149,26,"[""2023_01_education_binary_lower"",""2023_05_education_binary_higher"",""2023_05_education_binary_lower"",""2023_13_education_binary_higher"",""2023_13_education_binary_lower"",""2023_16_education_binary_lower"",""2023_18_education_binary_higher"",""2023_18_education_binary_lower"",""2023_19_education_binary_lower"",""2023_23_education_binary_higher"",""2023_23_education_binary_lower"",""2023_24_education_binary_lower"",""2023_25_education_binary_higher"",""2023_26_education_binary_higher"",""2023_27_education_binary_lower"",""2023_30_education_binary_lower"",""2023_31_education_binary_higher"",""2023_36_education_binary_lower"",""2023_37_education_binary_lower"",""2023_38_education_binary_higher"",""2023_39_education_binary_higher"",""2023_39_education_binary_lower"",""2023_41_education_binary_higher"",""2023_44_education_binary_higher"",""2023_45_education_binary_higher"",""2023_45_education_binary_lower"",""2023_47_education_binary_higher"",""2023_47_education_binary_lower"",""2023_49_education_binary_lower"",""2023_51_education_binary_lower"",""2023_53_education_binary_lower"",""2023_54_education_binary_higher"",""2023_54_education_binary_lower"",""2023_55_education_binary_higher"",""2023_55_education_binary_lower""]",True,0.010638297872340385
motif_aeb7b3cc0e77bf78,aeb7b3cc0e77bf78b55c1aa5ad942f09f0e5df4f5496bdc774063a25bb016c57,"{""edges"":[[""ARTHRITIS"",""COPD""],[""ARTHRITIS"",""OTHER_CANCER""],[""COPD"",""CURRENT_ASTHMA""],[""COPD"",""ISCHEMIC_HEART_DISEASE""]],""nodes"":[""ARTHRITIS"",""COPD"",""CURRENT_ASTHMA"",""ISCHEMIC_HEART_DISEASE"",""OTHER_CANCER""]}",5,4,"[""ARTHRITIS"",""COPD"",""CURRENT_ASTHMA"",""ISCHEMIC_HEART_DISEASE"",""OTHER_CANCER""]","[[""ARTHRITIS"",""COPD""],[""ARTHRITIS"",""OTHER_CANCER""],[""COPD"",""CURRENT_ASTHMA""],[""COPD"",""ISCHEMIC_HEART_DISEASE""]]",occ_ea825ad6db061ca2,False,False,False,39,0.4148936170212766,26,47,1.0,37.768,35.0,39.0,47,94,38,0.40425531914893614,27,"[""2023_01_education_binary_lower"",""2023_05_education_binary_higher"",""2023_05_education_binary_lower"",""2023_12_education_binary_higher"",""2023_12_education_binary_lower"",""2023_13_education_binary_higher"",""2023_13_education_binary_lower"",""2023_16_education_binary_lower"",""2023_18_education_binary_higher"",""2023_18_education_binary_lower"",""2023_19_education_binary_lower"",""2023_20_education_binary_lower"",""2023_23_education_binary_higher"",""2023_23_education_binary_lower"",""2023_24_education_binary_lower"",""2023_25_education_binary_higher"",""2023_26_education_binary_higher"",""2023_26_education_binary_lower"",""2023_27_education_binary_lower"",""2023_29_education_binary_higher"",""2023_30_education_binary_lower"",""2023_31_education_binary_lower"",""2023_36_education_binary_lower"",""2023_39_education_binary_higher"",""2023_39_education_binary_lower"",""2023_41_education_binary_higher"",""2023_44_education_binary_higher"",""2023_45_education_binary_higher"",""2023_45_education_binary_lower"",""2023_47_education_binary_higher"",""2023_47_education_binary_lower"",""2023_49_education_binary_lower"",""2023_51_education_binary_lower"",""2023_53_education_binary_lower"",""2023_54_education_binary_higher"",""2023_54_education_binary_lower"",""2023_55_education_binary_higher"",""2023_55_education_binary_lower""]",True,-0.010638297872340441
motif_aebb239dc237d823,aebb239dc237d82383651b08001183dc7cb7da59e44bbf895f0d899d6856d73f,"{""edges"":[[""ARTHRITIS"",""DIABETES""],[""ARTHRITIS"",""ISCHEMIC_HEART_DISEASE""],[""ARTHRITIS"",""SKIN_CANCER""],[""DIABETES"",""ISCHEMIC_HEART_DISEASE""],[""OTHER_CANCER"",""SKIN_CANCER""]],""nodes"":[""ARTHRITIS"",""DIABETES"",""ISCHEMIC_HEART_DISEASE"",""OTHER_CANCER"",""SKIN_CANCER""]}",5,5,"[""ARTHRITIS"",""DIABETES"",""ISCHEMIC_HEART_DISEASE"",""OTHER_CANCER"",""SKIN_CANCER""]","[[""ARTHRITIS"",""DIABETES""],[""ARTHRITIS"",""ISCHEMIC_HEART_DISEASE""],[""ARTHRITIS"",""SKIN_CANCER""],[""DIABETES"",""ISCHEMIC_HEART_DISEASE""],[""OTHER_CANCER"",""SKIN_CANCER""]]",occ_c292257c8ba54ecd,False,True,False,22,0.2340425531914893,19,47,0.984,20.836,19.0,22.0,47,94,19,0.20212765957446807,16,"[""2023_01_education_binary_higher"",""2023_04_education_binary_higher"",""2023_13_education_binary_lower"",""2023_16_education_binary_lower"",""2023_18_education_binary_higher"",""2023_18_education_binary_lower"",""2023_25_education_binary_higher"",""2023_30_education_binary_lower"",""2023_39_education_binary_lower"",""2023_41_education_binary_higher"",""2023_45_education_binary_lower"",""2023_47_education_binary_lower"",""2023_49_education_binary_higher"",""2023_49_education_binary_lower"",""2023_53_education_binary_higher"",""2023_54_education_binary_higher"",""2023_54_education_binary_lower"",""2023_55_education_binary_lower"",""2023_56_education_binary_higher""]",True,-0.03191489361702124
motif_af254a1c82e36b5f,af254a1c82e36b5f85c7afcd689fcb551e33b4adeed29b12418566614744b4bd,"{""edges"":[[""ARTHRITIS"",""DIABETES""],[""ARTHRITIS"",""KIDNEY_DISEASE""],[""DIABETES"",""ISCHEMIC_HEART_DISEASE""],[""ISCHEMIC_HEART_DISEASE"",""STROKE""]],""nodes"":[""ARTHRITIS"",""DIABETES"",""ISCHEMIC_HEART_DISEASE"",""KIDNEY_DISEASE"",""STROKE""]}",5,4,"[""ARTHRITIS"",""DIABETES"",""ISCHEMIC_HEART_DISEASE"",""KIDNEY_DISEASE"",""STROKE""]","[[""ARTHRITIS"",""DIABETES""],[""ARTHRITIS"",""KIDNEY_DISEASE""],[""DIABETES"",""ISCHEMIC_HEART_DISEASE""],[""ISCHEMIC_HEART_DISEASE"",""STROKE""]]",occ_ab8e4f4003bc2981,False,False,False,31,0.3297872340425531,20,47,1.0,30.036,28.0,31.0,47,94,25,0.26595744680851063,20,"[""2023_01_education_binary_lower"",""2023_04_education_binary_higher"",""2023_05_education_binary_lower"",""2023_13_education_binary_lower"",""2023_18_education_binary_higher"",""2023_18_education_binary_lower"",""2023_19_education_binary_lower"",""2023_22_education_binary_lower"",""2023_23_education_binary_lower"",""2023_25_education_binary_higher"",""2023_27_education_binary_lower"",""2023_29_education_binary_higher"",""2023_37_education_binary_lower"",""2023_39_education_binary_higher"",""2023_39_education_binary_lower"",""2023_40_education_binary_higher"",""2023_45_education_binary_higher"",""2023_45_education_binary_lower"",""2023_47_education_binary_higher"",""2023_47_education_binary_lower"",""2023_48_education_binary_lower"",""2023_49_education_binary_lower"",""2023_51_education_binary_lower"",""2023_53_education_binary_higher"",""2023_53_education_binary_lower""]",True,-0.06382978723404248
motif_b0af780cd01e57bf,b0af780cd01e57bf86a74bae1c58cb1e74a850c48b4b90372a619b552f39792f,"{""edges"":[[""COPD"",""CURRENT_ASTHMA""],[""COPD"",""ISCHEMIC_HEART_DISEASE""],[""DIABETES"",""ISCHEMIC_HEART_DISEASE""],[""DIABETES"",""KIDNEY_DISEASE""]],""nodes"":[""COPD"",""CURRENT_ASTHMA"",""DIABETES"",""ISCHEMIC_HEART_DISEASE"",""KIDNEY_DISEASE""]}",5,4,"[""COPD"",""CURRENT_ASTHMA"",""DIABETES"",""ISCHEMIC_HEART_DISEASE"",""KIDNEY_DISEASE""]","[[""COPD"",""CURRENT_ASTHMA""],[""COPD"",""ISCHEMIC_HEART_DISEASE""],[""DIABETES"",""ISCHEMIC_HEART_DISEASE""],[""DIABETES"",""KIDNEY_DISEASE""]]",occ_3bd276c3d0682965,True,True,False,41,0.4361702127659574,29,47,1.0,39.194,36.0,41.0,47,94,28,0.2978723404255319,23,"[""2023_01_education_binary_lower"",""2023_05_education_binary_lower"",""2023_12_education_binary_higher"",""2023_13_education_binary_lower"",""2023_16_education_binary_lower"",""2023_18_education_binary_higher"",""2023_18_education_binary_lower"",""2023_19_education_binary_lower"",""2023_22_education_binary_lower"",""2023_23_education_binary_higher"",""2023_23_education_binary_lower"",""2023_24_education_binary_lower"",""2023_25_education_binary_higher"",""2023_26_education_binary_higher"",""2023_29_education_binary_higher"",""2023_39_education_binary_higher"",""2023_39_education_binary_lower"",""2023_40_education_binary_higher"",""2023_41_education_binary_higher"",""2023_45_education_binary_higher"",""2023_47_education_binary_higher"",""2023_47_education_binary_lower"",""2023_48_education_binary_lower"",""2023_51_education_binary_lower"",""2023_53_education_binary_higher"",""2023_53_education_binary_lower"",""2023_54_education_binary_lower"",""2023_55_education_binary_higher""]",True,-0.1382978723404255
motif_b366b2840430a16c,b366b2840430a16c5de16349d615264b1183f3583aba29d909ecba215e5b9a6d,"{""edges"":[[""ARTHRITIS"",""COPD""],[""ARTHRITIS"",""OTHER_CANCER""],[""ARTHRITIS"",""SKIN_CANCER""],[""OTHER_CANCER"",""SKIN_CANCER""]],""nodes"":[""ARTHRITIS"",""COPD"",""OTHER_CANCER"",""SKIN_CANCER""]}",4,4,"[""ARTHRITIS"",""COPD"",""OTHER_CANCER"",""SKIN_CANCER""]","[[""ARTHRITIS"",""COPD""],[""ARTHRITIS"",""OTHER_CANCER""],[""ARTHRITIS"",""SKIN_CANCER""],[""OTHER_CANCER"",""SKIN_CANCER""]]",occ_336ff7781afcaea3,True,True,False,26,0.2765957446808511,21,47,1.0,24.978,23.0,26.0,47,94,25,0.26595744680851063,22,"[""2023_04_education_binary_higher"",""2023_06_education_binary_higher"",""2023_08_education_binary_higher"",""2023_09_education_binary_lower"",""2023_10_education_binary_higher"",""2023_10_education_binary_lower"",""2023_12_education_binary_higher"",""2023_13_education_binary_lower"",""2023_16_education_binary_lower"",""2023_18_education_binary_higher"",""2023_18_education_binary_lower"",""2023_25_education_binary_higher"",""2023_30_education_binary_lower"",""2023_31_education_binary_lower"",""2023_33_education_binary_higher"",""2023_38_education_binary_lower"",""2023_39_education_binary_lower"",""2023_41_education_binary_higher"",""2023_45_education_binary_lower"",""2023_47_education_binary_lower"",""2023_49_education_binary_lower"",""2023_50_education_binary_higher"",""2023_54_education_binary_higher"",""2023_54_education_binary_lower"",""2023_55_education_binary_lower""]",True,-0.010638297872340441
motif_b37ecaf5b25bba35,b37ecaf5b25bba35454bb42aae4d4eb6d565173ce14d8b4dcb71af91583a4f76,"{""edges"":[[""ARTHRITIS"",""COPD""],[""ARTHRITIS"",""ISCHEMIC_HEART_DISEASE""],[""ARTHRITIS"",""SKIN_CANCER""],[""COPD"",""CURRENT_ASTHMA""]],""nodes"":[""ARTHRITIS"",""COPD"",""CURRENT_ASTHMA"",""ISCHEMIC_HEART_DISEASE"",""SKIN_CANCER""]}",5,4,"[""ARTHRITIS"",""COPD"",""CURRENT_ASTHMA"",""ISCHEMIC_HEART_DISEASE"",""SKIN_CANCER""]","[[""ARTHRITIS"",""COPD""],[""ARTHRITIS"",""ISCHEMIC_HEART_DISEASE""],[""ARTHRITIS"",""SKIN_CANCER""],[""COPD"",""CURRENT_ASTHMA""]]",occ_e79ed1ee1191de2f,True,True,False,23,0.2446808510638297,19,47,0.998,21.94,20.0,23.0,47,94,23,0.24468085106382978,21,"[""2023_01_education_binary_higher"",""2023_04_education_binary_higher"",""2023_06_education_binary_higher"",""2023_08_education_binary_higher"",""2023_09_education_binary_lower"",""2023_12_education_binary_higher"",""2023_13_education_binary_lower"",""2023_16_education_binary_lower"",""2023_18_education_binary_higher"",""2023_18_education_binary_lower"",""2023_25_education_binary_higher"",""2023_30_education_binary_lower"",""2023_31_education_binary_lower"",""2023_39_education_binary_lower"",""2023_41_education_binary_higher"",""2023_45_education_binary_lower"",""2023_47_education_binary_lower"",""2023_49_education_binary_lower"",""2023_50_education_binary_higher"",""2023_54_education_binary_higher"",""2023_54_education_binary_lower"",""2023_55_education_binary_lower"",""2023_56_education_binary_higher""]",True,8.326672684688674e-17
motif_b38850de34c883b8,b38850de34c883b8b81847a0c2982cadd8c966de8594327800cc27937460c510,"{""edges"":[[""ARTHRITIS"",""ISCHEMIC_HEART_DISEASE""],[""ARTHRITIS"",""KIDNEY_DISEASE""],[""ARTHRITIS"",""OTHER_CANCER""],[""DIABETES"",""ISCHEMIC_HEART_DISEASE""],[""DIABETES"",""KIDNEY_DISEASE""]],""nodes"":[""ARTHRITIS"",""DIABETES"",""ISCHEMIC_HEART_DISEASE"",""KIDNEY_DISEASE"",""OTHER_CANCER""]}",5,5,"[""ARTHRITIS"",""DIABETES"",""ISCHEMIC_HEART_DISEASE"",""KIDNEY_DISEASE"",""OTHER_CANCER""]","[[""ARTHRITIS"",""ISCHEMIC_HEART_DISEASE""],[""ARTHRITIS"",""KIDNEY_DISEASE""],[""ARTHRITIS"",""OTHER_CANCER""],[""DIABETES"",""ISCHEMIC_HEART_DISEASE""],[""DIABETES"",""KIDNEY_DISEASE""]]",occ_bdc0877cc35b46c1,True,True,False,26,0.2765957446808511,21,47,1.0,24.87,23.0,26.0,47,94,18,0.19148936170212766,14,"[""2023_01_education_binary_lower"",""2023_04_education_binary_higher"",""2023_05_education_binary_lower"",""2023_13_education_binary_lower"",""2023_18_education_binary_higher"",""2023_18_education_binary_lower"",""2023_19_education_binary_lower"",""2023_23_education_binary_lower"",""2023_25_education_binary_higher"",""2023_37_education_binary_lower"",""2023_39_education_binary_higher"",""2023_39_education_binary_lower"",""2023_45_education_binary_higher"",""2023_47_education_binary_higher"",""2023_47_education_binary_lower"",""2023_51_education_binary_lower"",""2023_53_education_binary_higher"",""2023_53_education_binary_lower""]",False,-0.08510638297872342
motif_b462ae70ca309b24,b462ae70ca309b24173eda1fc4d0b67cb5a09d787f4b8c68f40fc779095b8633,"{""edges"":[[""COPD"",""ISCHEMIC_HEART_DISEASE""],[""ISCHEMIC_HEART_DISEASE"",""KIDNEY_DISEASE""],[""ISCHEMIC_HEART_DISEASE"",""STROKE""]],""nodes"":[""COPD"",""ISCHEMIC_HEART_DISEASE"",""KIDNEY_DISEASE"",""STROKE""]}",4,3,"[""COPD"",""ISCHEMIC_HEART_DISEASE"",""KIDNEY_DISEASE"",""STROKE""]","[[""COPD"",""ISCHEMIC_HEART_DISEASE""],[""ISCHEMIC_HEART_DISEASE"",""KIDNEY_DISEASE""],[""ISCHEMIC_HEART_DISEASE"",""STROKE""]]",occ_9aadfe39b8bc2bf6,False,False,False,36,0.3829787234042553,27,47,1.0,33.954,31.0,36.0,46,92,29,0.31521739130434784,21,"[""2023_01_education_binary_lower"",""2023_05_education_binary_higher"",""2023_05_education_binary_lower"",""2023_12_education_binary_higher"",""2023_12_education_binary_lower"",""2023_18_education_binary_higher"",""2023_18_education_binary_lower"",""2023_20_education_binary_lower"",""2023_22_education_binary_lower"",""2023_23_education_binary_higher"",""2023_26_education_binary_higher"",""2023_31_education_binary_higher"",""2023_31_education_binary_lower"",""2023_36_education_binary_lower"",""2023_37_education_binary_lower"",""2023_38_education_binary_higher"",""2023_39_education_binary_higher"",""2023_39_education_binary_lower"",""2023_40_education_binary_higher"",""2023_40_education_binary_lower"",""2023_45_education_binary_lower"",""2023_47_education_binary_higher"",""2023_47_education_binary_lower"",""2023_48_education_binary_lower"",""2023_49_education_binary_lower"",""2023_51_education_binary_lower"",""2023_53_education_binary_lower"",""2023_54_education_binary_higher"",""2023_54_education_binary_lower""]",True,-0.06776133209990748
motif_b666e4a2a4e21f61,b666e4a2a4e21f617504476764310df616a4917bb2cdf72e083912f375710194,"{""edges"":[[""ARTHRITIS"",""ISCHEMIC_HEART_DISEASE""],[""ARTHRITIS"",""OTHER_CANCER""],[""ARTHRITIS"",""SKIN_CANCER""]],""nodes"":[""ARTHRITIS"",""ISCHEMIC_HEART_DISEASE"",""OTHER_CANCER"",""SKIN_CANCER""]}",4,3,"[""ARTHRITIS"",""ISCHEMIC_HEART_DISEASE"",""OTHER_CANCER"",""SKIN_CANCER""]","[[""ARTHRITIS"",""ISCHEMIC_HEART_DISEASE""],[""ARTHRITIS"",""OTHER_CANCER""],[""ARTHRITIS"",""SKIN_CANCER""]]",occ_eb86825be7aa30af,False,False,False,27,0.2872340425531915,21,47,1.0,25.948,24.0,27.0,47,94,27,0.2872340425531915,22,"[""2023_04_education_binary_higher"",""2023_06_education_binary_higher"",""2023_08_education_binary_higher"",""2023_09_education_binary_lower"",""2023_10_education_binary_higher"",""2023_10_education_binary_lower"",""2023_12_education_binary_higher"",""2023_13_education_binary_lower"",""2023_16_education_binary_lower"",""2023_18_education_binary_higher"",""2023_18_education_binary_lower"",""2023_25_education_binary_higher"",""2023_30_education_binary_lower"",""2023_31_education_binary_lower"",""2023_38_education_binary_lower"",""2023_39_education_binary_lower"",""2023_41_education_binary_higher"",""2023_45_education_binary_lower"",""2023_47_education_binary_lower"",""2023_49_education_binary_higher"",""2023_49_education_binary_lower"",""2023_50_education_binary_higher"",""2023_50_education_binary_lower"",""2023_53_education_binary_higher"",""2023_54_education_binary_higher"",""2023_54_education_binary_lower"",""2023_55_education_binary_lower""]",True,0.0
motif_b715f164644b06ac,b715f164644b06ac034680be859fde4015b7602dbbe13c50fea11fd2cec0ae6d,"{""edges"":[[""ARTHRITIS"",""COPD""],[""ARTHRITIS"",""DIABETES""],[""ARTHRITIS"",""ISCHEMIC_HEART_DISEASE""],[""ARTHRITIS"",""KIDNEY_DISEASE""],[""DIABETES"",""ISCHEMIC_HEART_DISEASE""],[""DIABETES"",""KIDNEY_DISEASE""]],""nodes"":[""ARTHRITIS"",""COPD"",""DIABETES"",""ISCHEMIC_HEART_DISEASE"",""KIDNEY_DISEASE""]}",5,6,"[""ARTHRITIS"",""COPD"",""DIABETES"",""ISCHEMIC_HEART_DISEASE"",""KIDNEY_DISEASE""]","[[""ARTHRITIS"",""COPD""],[""ARTHRITIS"",""DIABETES""],[""ARTHRITIS"",""ISCHEMIC_HEART_DISEASE""],[""ARTHRITIS"",""KIDNEY_DISEASE""],[""DIABETES"",""ISCHEMIC_HEART_DISEASE""],[""DIABETES"",""KIDNEY_DISEASE""]]",occ_a3e4450a3c1a2e01,True,True,False,32,0.3404255319148936,23,47,1.0,30.522,28.0,32.0,47,94,20,0.2127659574468085,17,"[""2023_01_education_binary_lower"",""2023_04_education_binary_higher"",""2023_05_education_binary_lower"",""2023_13_education_binary_lower"",""2023_18_education_binary_higher"",""2023_18_education_binary_lower"",""2023_19_education_binary_lower"",""2023_22_education_binary_lower"",""2023_23_education_binary_lower"",""2023_25_education_binary_higher"",""2023_37_education_binary_lower"",""2023_39_education_binary_higher"",""2023_39_education_binary_lower"",""2023_40_education_binary_higher"",""2023_45_education_binary_higher"",""2023_47_education_binary_higher"",""2023_47_education_binary_lower"",""2023_48_education_binary_lower"",""2023_51_education_binary_lower"",""2023_53_education_binary_lower""]",True,-0.1276595744680851
motif_b7999bf61588abbf,b7999bf61588abbf0fc082b0ac4f47a420aef748b1b22fa1488da81caa27f9cf,"{""edges"":[[""ARTHRITIS"",""ISCHEMIC_HEART_DISEASE""],[""COPD"",""ISCHEMIC_HEART_DISEASE""],[""ISCHEMIC_HEART_DISEASE"",""KIDNEY_DISEASE""]],""nodes"":[""ARTHRITIS"",""COPD"",""ISCHEMIC_HEART_DISEASE"",""KIDNEY_DISEASE""]}",4,3,"[""ARTHRITIS"",""COPD"",""ISCHEMIC_HEART_DISEASE"",""KIDNEY_DISEASE""]","[[""ARTHRITIS"",""ISCHEMIC_HEART_DISEASE""],[""COPD"",""ISCHEMIC_HEART_DISEASE""],[""ISCHEMIC_HEART_DISEASE"",""KIDNEY_DISEASE""]]",occ_9e2bb6eb15d817e3,False,False,False,35,0.3723404255319149,26,47,1.0,33.36,30.0,35.0,46,92,31,0.33695652173913043,23,"[""2023_01_education_binary_lower"",""2023_05_education_binary_higher"",""2023_05_education_binary_lower"",""2023_10_education_binary_higher"",""2023_12_education_binary_higher"",""2023_12_education_binary_lower"",""2023_18_education_binary_higher"",""2023_18_education_binary_lower"",""2023_20_education_binary_lower"",""2023_22_education_binary_lower"",""2023_23_education_binary_higher"",""2023_26_education_binary_higher"",""2023_28_education_binary_lower"",""2023_31_education_binary_higher"",""2023_31_education_binary_lower"",""2023_36_education_binary_lower"",""2023_37_education_binary_lower"",""2023_38_education_binary_higher"",""2023_39_education_binary_higher"",""2023_39_education_binary_lower"",""2023_40_education_binary_higher"",""2023_40_education_binary_lower"",""2023_45_education_binary_lower"",""2023_47_education_binary_higher"",""2023_47_education_binary_lower"",""2023_48_education_binary_lower"",""2023_49_education_binary_lower"",""2023_51_education_binary_lower"",""2023_53_education_binary_lower"",""2023_54_education_binary_higher"",""2023_54_education_binary_lower""]",True,-0.035383903792784444
motif_b7d6452102fa13a0,b7d6452102fa13a087b382429c65597cf1332bae3acd6fd8832713e97a371f65,"{""edges"":[[""ARTHRITIS"",""COPD""],[""ARTHRITIS"",""DIABETES""],[""ARTHRITIS"",""OTHER_CANCER""],[""OTHER_CANCER"",""SKIN_CANCER""]],""nodes"":[""ARTHRITIS"",""COPD"",""DIABETES"",""OTHER_CANCER"",""SKIN_CANCER""]}",5,4,"[""ARTHRITIS"",""COPD"",""DIABETES"",""OTHER_CANCER"",""SKIN_CANCER""]","[[""ARTHRITIS"",""COPD""],[""ARTHRITIS"",""DIABETES""],[""ARTHRITIS"",""OTHER_CANCER""],[""OTHER_CANCER"",""SKIN_CANCER""]]",occ_09a7531f3b5030e6,True,True,False,58,0.6170212765957447,37,47,1.0,56.094,53.0,58.0,47,94,53,0.5638297872340425,36,"[""2023_01_education_binary_lower"",""2023_02_education_binary_higher"",""2023_02_education_binary_lower"",""2023_04_education_binary_higher"",""2023_05_education_binary_higher"",""2023_05_education_binary_lower"",""2023_09_education_binary_higher"",""2023_10_education_binary_higher"",""2023_10_education_binary_lower"",""2023_12_education_binary_lower"",""2023_13_education_binary_higher"",""2023_13_education_binary_lower"",""2023_16_education_binary_lower"",""2023_17_education_binary_higher"",""2023_18_education_binary_higher"",""2023_18_education_binary_lower"",""2023_19_education_binary_lower"",""2023_20_education_binary_higher"",""2023_23_education_binary_higher"",""2023_23_education_binary_lower"",""2023_24_education_binary_higher"",""2023_24_education_binary_lower"",""2023_25_education_binary_higher"",""2023_26_education_binary_higher"",""2023_26_education_binary_lower"",""2023_27_education_binary_lower"",""2023_29_education_binary_higher"",""2023_30_education_binary_higher"",""2023_30_education_binary_lower"",""2023_31_education_binary_higher"",""2023_31_education_binary_lower"",""2023_33_education_binary_lower"",""2023_34_education_binary_lower"",""2023_36_education_binary_lower"",""2023_37_education_binary_higher"",""2023_38_education_binary_higher"",""2023_38_education_binary_lower"",""2023_39_education_binary_higher"",""2023_39_education_binary_lower"",""2023_41_education_binary_higher"",""2023_41_education_binary_lower"",""2023_44_education_binary_higher"",""2023_45_education_binary_higher"",""2023_45_education_binary_lower"",""2023_47_education_binary_higher"",""2023_47_education_binary_lower"",""2023_48_education_binary_higher"",""2023_49_education_binary_lower"",""2023_53_education_binary_lower"",""2023_54_education_binary_higher"",""2023_54_education_binary_lower"",""2023_55_education_binary_higher"",""2023_55_education_binary_lower""]",True,-0.05319148936170215
motif_b7f95b768d0ed88f,b7f95b768d0ed88f8d0756768c56c2c4113ca3d8eae619601f9a2fbca4c8f360,"{""edges"":[[""ARTHRITIS"",""DIABETES""],[""ARTHRITIS"",""KIDNEY_DISEASE""],[""ISCHEMIC_HEART_DISEASE"",""KIDNEY_DISEASE""]],""nodes"":[""ARTHRITIS"",""DIABETES"",""ISCHEMIC_HEART_DISEASE"",""KIDNEY_DISEASE""]}",4,3,"[""ARTHRITIS"",""DIABETES"",""ISCHEMIC_HEART_DISEASE"",""KIDNEY_DISEASE""]","[[""ARTHRITIS"",""DIABETES""],[""ARTHRITIS"",""KIDNEY_DISEASE""],[""ISCHEMIC_HEART_DISEASE"",""KIDNEY_DISEASE""]]",occ_2f5555d95f14bd4e,True,True,False,24,0.2553191489361702,18,47,0.998,22.73,20.0,24.0,46,92,19,0.20652173913043478,15,"[""2023_01_education_binary_lower"",""2023_05_education_binary_lower"",""2023_10_education_binary_higher"",""2023_18_education_binary_higher"",""2023_18_education_binary_lower"",""2023_22_education_binary_lower"",""2023_37_education_binary_lower"",""2023_39_education_binary_higher"",""2023_39_education_binary_lower"",""2023_40_education_binary_higher"",""2023_40_education_binary_lower"",""2023_41_education_binary_lower"",""2023_45_education_binary_lower"",""2023_47_education_binary_higher"",""2023_47_education_binary_lower"",""2023_48_education_binary_lower"",""2023_49_education_binary_lower"",""2023_51_education_binary_lower"",""2023_53_education_binary_lower""]",True,-0.04879740980573541
motif_b8b1456b837147f2,b8b1456b837147f2799f1511ec1992d6dcd6b95e4e4c7adb3ed1e4e290aa6a34,"{""edges"":[[""ARTHRITIS"",""DIABETES""],[""ARTHRITIS"",""OTHER_CANCER""],[""DIABETES"",""ISCHEMIC_HEART_DISEASE""],[""ISCHEMIC_HEART_DISEASE"",""STROKE""]],""nodes"":[""ARTHRITIS"",""DIABETES"",""ISCHEMIC_HEART_DISEASE"",""OTHER_CANCER"",""STROKE""]}",5,4,"[""ARTHRITIS"",""DIABETES"",""ISCHEMIC_HEART_DISEASE"",""OTHER_CANCER"",""STROKE""]","[[""ARTHRITIS"",""DIABETES""],[""ARTHRITIS"",""OTHER_CANCER""],[""DIABETES"",""ISCHEMIC_HEART_DISEASE""],[""ISCHEMIC_HEART_DISEASE"",""STROKE""]]",occ_ee5d506999f8e3cd,True,True,False,43,0.4574468085106383,28,47,1.0,41.052,38.0,43.0,47,94,42,0.44680851063829785,33,"[""2023_01_education_binary_lower"",""2023_02_education_binary_lower"",""2023_04_education_binary_higher"",""2023_05_education_binary_higher"",""2023_05_education_binary_lower"",""2023_09_education_binary_higher"",""2023_13_education_binary_lower"",""2023_16_education_binary_lower"",""2023_18_education_binary_higher"",""2023_18_education_binary_lower"",""2023_19_education_binary_lower"",""2023_20_education_binary_higher"",""2023_23_education_binary_higher"",""2023_23_education_binary_lower"",""2023_24_education_binary_lower"",""2023_25_education_binary_higher"",""2023_26_education_binary_higher"",""2023_27_education_binary_lower"",""2023_29_education_binary_higher"",""2023_30_education_binary_lower"",""2023_31_education_binary_higher"",""2023_33_education_binary_lower"",""2023_34_education_binary_lower"",""2023_36_education_binary_lower"",""2023_37_education_binary_lower"",""2023_38_education_binary_higher"",""2023_39_education_binary_higher"",""2023_39_education_binary_lower"",""2023_41_education_binary_higher"",""2023_44_education_binary_higher"",""2023_45_education_binary_higher"",""2023_45_education_binary_lower"",""2023_47_education_binary_higher"",""2023_47_education_binary_lower"",""2023_49_education_binary_lower"",""2023_51_education_binary_lower"",""2023_53_education_binary_higher"",""2023_53_education_binary_lower"",""2023_54_education_binary_higher"",""2023_54_education_binary_lower"",""2023_55_education_binary_higher"",""2023_55_education_binary_lower""]",True,-0.010638297872340441
motif_b8f74c60dd14740c,b8f74c60dd14740cf814166f6d0164d38b0646f20394f212fdac983b32a15e3e,"{""edges"":[[""ARTHRITIS"",""DIABETES""],[""ARTHRITIS"",""ISCHEMIC_HEART_DISEASE""],[""COPD"",""ISCHEMIC_HEART_DISEASE""],[""DIABETES"",""ISCHEMIC_HEART_DISEASE""]],""nodes"":[""ARTHRITIS"",""COPD"",""DIABETES"",""ISCHEMIC_HEART_DISEASE""]}",4,4,"[""ARTHRITIS"",""COPD"",""DIABETES"",""ISCHEMIC_HEART_DISEASE""]","[[""ARTHRITIS"",""DIABETES""],[""ARTHRITIS"",""ISCHEMIC_HEART_DISEASE""],[""COPD"",""ISCHEMIC_HEART_DISEASE""],[""DIABETES"",""ISCHEMIC_HEART_DISEASE""]]",occ_9e595b1ceeb60b77,False,False,False,46,0.4893617021276595,31,47,1.0,44.66,42.0,46.0,47,94,41,0.43617021276595747,31,"[""2023_01_education_binary_lower"",""2023_05_education_binary_higher"",""2023_05_education_binary_lower"",""2023_13_education_binary_higher"",""2023_13_education_binary_lower"",""2023_16_education_binary_lower"",""2023_18_education_binary_higher"",""2023_18_education_binary_lower"",""2023_19_education_binary_lower"",""2023_22_education_binary_lower"",""2023_23_education_binary_higher"",""2023_23_education_binary_lower"",""2023_24_education_binary_lower"",""2023_25_education_binary_higher"",""2023_26_education_binary_higher"",""2023_27_education_binary_lower"",""2023_28_education_binary_lower"",""2023_30_education_binary_lower"",""2023_31_education_binary_higher"",""2023_36_education_binary_lower"",""2023_37_education_binary_lower"",""2023_38_education_binary_higher"",""2023_39_education_binary_higher"",""2023_39_education_binary_lower"",""2023_40_education_binary_higher"",""2023_41_education_binary_higher"",""2023_44_education_binary_higher"",""2023_45_education_binary_higher"",""2023_45_education_binary_lower"",""2023_47_education_binary_higher"",""2023_47_education_binary_lower"",""2023_48_education_binary_lower"",""2023_49_education_binary_lower"",""2023_51_education_binary_lower"",""2023_53_education_binary_higher"",""2023_53_education_binary_lower"",""2023_54_education_binary_higher"",""2023_54_education_binary_lower"",""2023_55_education_binary_higher"",""2023_55_education_binary_lower"",""2023_56_education_binary_higher""]",True,-0.05319148936170204
motif_b920e1f8dcf87b42,b920e1f8dcf87b423a8d6efc337c13a65aa658b7efd2f8042ec645588b1f3ff1,"{""edges"":[[""ARTHRITIS"",""DIABETES""],[""DIABETES"",""ISCHEMIC_HEART_DISEASE""],[""ISCHEMIC_HEART_DISEASE"",""KIDNEY_DISEASE""],[""ISCHEMIC_HEART_DISEASE"",""STROKE""]],""nodes"":[""ARTHRITIS"",""DIABETES"",""ISCHEMIC_HEART_DISEASE"",""KIDNEY_DISEASE"",""STROKE""]}",5,4,"[""ARTHRITIS"",""DIABETES"",""ISCHEMIC_HEART_DISEASE"",""KIDNEY_DISEASE"",""STROKE""]","[[""ARTHRITIS"",""DIABETES""],[""DIABETES"",""ISCHEMIC_HEART_DISEASE""],[""ISCHEMIC_HEART_DISEASE"",""KIDNEY_DISEASE""],[""ISCHEMIC_HEART_DISEASE"",""STROKE""]]",occ_d81013a9c7c126d7,False,False,False,34,0.3617021276595745,23,47,1.0,32.356,29.475,34.0,46,92,27,0.29347826086956524,22,"[""2023_01_education_binary_lower"",""2023_04_education_binary_lower"",""2023_05_education_binary_higher"",""2023_05_education_binary_lower"",""2023_15_education_binary_lower"",""2023_18_education_binary_higher"",""2023_18_education_binary_lower"",""2023_22_education_binary_lower"",""2023_23_education_binary_higher"",""2023_26_education_binary_higher"",""2023_31_education_binary_higher"",""2023_33_education_binary_lower"",""2023_36_education_binary_lower"",""2023_37_education_binary_lower"",""2023_38_education_binary_higher"",""2023_39_education_binary_higher"",""2023_39_education_binary_lower"",""2023_40_education_binary_higher"",""2023_45_education_binary_lower"",""2023_47_education_binary_higher"",""2023_47_education_binary_lower"",""2023_48_education_binary_lower"",""2023_49_education_binary_lower"",""2023_51_education_binary_lower"",""2023_53_education_binary_lower"",""2023_54_education_binary_higher"",""2023_54_education_binary_lower""]",True,-0.06822386679000925
motif_b943d51a3cad6ccb,b943d51a3cad6ccba02b355c7ea57c22fbe3edd4bee042bddcf5f8a3a68192a0,"{""edges"":[[""ARTHRITIS"",""COPD""],[""ARTHRITIS"",""ISCHEMIC_HEART_DISEASE""],[""ARTHRITIS"",""KIDNEY_DISEASE""],[""DIABETES"",""ISCHEMIC_HEART_DISEASE""],[""ISCHEMIC_HEART_DISEASE"",""KIDNEY_DISEASE""]],""nodes"":[""ARTHRITIS"",""COPD"",""DIABETES"",""ISCHEMIC_HEART_DISEASE"",""KIDNEY_DISEASE""]}",5,5,"[""ARTHRITIS"",""COPD"",""DIABETES"",""ISCHEMIC_HEART_DISEASE"",""KIDNEY_DISEASE""]","[[""ARTHRITIS"",""COPD""],[""ARTHRITIS"",""ISCHEMIC_HEART_DISEASE""],[""ARTHRITIS"",""KIDNEY_DISEASE""],[""DIABETES"",""ISCHEMIC_HEART_DISEASE""],[""ISCHEMIC_HEART_DISEASE"",""KIDNEY_DISEASE""]]",occ_a81e0506b1aaf663,False,False,False,22,0.2340425531914893,16,47,0.962,20.706,18.0,22.0,46,92,16,0.17391304347826086,13,"[""2023_01_education_binary_lower"",""2023_05_education_binary_lower"",""2023_18_education_binary_higher"",""2023_18_education_binary_lower"",""2023_22_education_binary_lower"",""2023_37_education_binary_lower"",""2023_39_education_binary_higher"",""2023_39_education_binary_lower"",""2023_40_education_binary_higher"",""2023_45_education_binary_lower"",""2023_47_education_binary_higher"",""2023_47_education_binary_lower"",""2023_48_education_binary_lower"",""2023_49_education_binary_lower"",""2023_51_education_binary_lower"",""2023_53_education_binary_lower""]",False,-0.060129509713228446
motif_b958f616b5f82bc4,b958f616b5f82bc444a082f840131cd639723ba9a6313ef8d78ff4a53a7a9c74,"{""edges"":[[""ARTHRITIS"",""COPD""],[""ARTHRITIS"",""OTHER_CANCER""],[""COPD"",""ISCHEMIC_HEART_DISEASE""],[""DIABETES"",""ISCHEMIC_HEART_DISEASE""]],""nodes"":[""ARTHRITIS"",""COPD"",""DIABETES"",""ISCHEMIC_HEART_DISEASE"",""OTHER_CANCER""]}",5,4,"[""ARTHRITIS"",""COPD"",""DIABETES"",""ISCHEMIC_HEART_DISEASE"",""OTHER_CANCER""]","[[""ARTHRITIS"",""COPD""],[""ARTHRITIS"",""OTHER_CANCER""],[""COPD"",""ISCHEMIC_HEART_DISEASE""],[""DIABETES"",""ISCHEMIC_HEART_DISEASE""]]",occ_ae897f0188712968,True,True,False,36,0.3829787234042553,25,47,1.0,34.558,32.0,36.0,47,94,38,0.40425531914893614,29,"[""2023_01_education_binary_lower"",""2023_05_education_binary_higher"",""2023_05_education_binary_lower"",""2023_12_education_binary_higher"",""2023_13_education_binary_higher"",""2023_13_education_binary_lower"",""2023_16_education_binary_lower"",""2023_18_education_binary_higher"",""2023_18_education_binary_lower"",""2023_19_education_binary_lower"",""2023_20_education_binary_lower"",""2023_23_education_binary_higher"",""2023_23_education_binary_lower"",""2023_24_education_binary_lower"",""2023_25_education_binary_higher"",""2023_26_education_binary_higher"",""2023_27_education_binary_lower"",""2023_29_education_binary_higher"",""2023_30_education_binary_lower"",""2023_31_education_binary_higher"",""2023_36_education_binary_lower"",""2023_37_education_binary_lower"",""2023_38_education_binary_higher"",""2023_39_education_binary_higher"",""2023_39_education_binary_lower"",""2023_41_education_binary_higher"",""2023_44_education_binary_higher"",""2023_45_education_binary_higher"",""2023_45_education_binary_lower"",""2023_47_education_binary_higher"",""2023_47_education_binary_lower"",""2023_49_education_binary_lower"",""2023_51_education_binary_lower"",""2023_53_education_binary_lower"",""2023_54_education_binary_higher"",""2023_54_education_binary_lower"",""2023_55_education_binary_higher"",""2023_55_education_binary_lower""]",True,0.021276595744680826
motif_ba42a46d0a454734,ba42a46d0a454734246181c10f3fce616beffc16f175c9e20d679f0312af1522,"{""edges"":[[""ARTHRITIS"",""ISCHEMIC_HEART_DISEASE""],[""DIABETES"",""ISCHEMIC_HEART_DISEASE""],[""ISCHEMIC_HEART_DISEASE"",""KIDNEY_DISEASE""]],""nodes"":[""ARTHRITIS"",""DIABETES"",""ISCHEMIC_HEART_DISEASE"",""KIDNEY_DISEASE""]}",4,3,"[""ARTHRITIS"",""DIABETES"",""ISCHEMIC_HEART_DISEASE"",""KIDNEY_DISEASE""]","[[""ARTHRITIS"",""ISCHEMIC_HEART_DISEASE""],[""DIABETES"",""ISCHEMIC_HEART_DISEASE""],[""ISCHEMIC_HEART_DISEASE"",""KIDNEY_DISEASE""]]",occ_ee9edc9f1c3970a4,True,True,False,41,0.4361702127659574,30,47,1.0,39.124,36.0,41.0,46,92,31,0.33695652173913043,26,"[""2023_01_education_binary_lower"",""2023_04_education_binary_lower"",""2023_05_education_binary_higher"",""2023_05_education_binary_lower"",""2023_12_education_binary_higher"",""2023_18_education_binary_higher"",""2023_18_education_binary_lower"",""2023_20_education_binary_lower"",""2023_22_education_binary_lower"",""2023_23_education_binary_higher"",""2023_24_education_binary_higher"",""2023_26_education_binary_higher"",""2023_28_education_binary_lower"",""2023_31_education_binary_higher"",""2023_33_education_binary_lower"",""2023_36_education_binary_lower"",""2023_37_education_binary_lower"",""2023_38_education_binary_higher"",""2023_39_education_binary_higher"",""2023_39_education_binary_lower"",""2023_40_education_binary_higher"",""2023_45_education_binary_lower"",""2023_47_education_binary_higher"",""2023_47_education_binary_lower"",""2023_48_education_binary_lower"",""2023_49_education_binary_lower"",""2023_50_education_binary_higher"",""2023_51_education_binary_lower"",""2023_53_education_binary_lower"",""2023_54_education_binary_higher"",""2023_54_education_binary_lower""]",True,-0.09921369102682698
motif_ba7a0a0ed1ab1304,ba7a0a0ed1ab1304dbbb714d68a0cce95894b67a5e667c43f54b8dbbaad399a2,"{""edges"":[[""ARTHRITIS"",""COPD""],[""ARTHRITIS"",""ISCHEMIC_HEART_DISEASE""],[""ARTHRITIS"",""OTHER_CANCER""],[""ARTHRITIS"",""SKIN_CANCER""],[""OTHER_CANCER"",""SKIN_CANCER""]],""nodes"":[""ARTHRITIS"",""COPD"",""ISCHEMIC_HEART_DISEASE"",""OTHER_CANCER"",""SKIN_CANCER""]}",5,5,"[""ARTHRITIS"",""COPD"",""ISCHEMIC_HEART_DISEASE"",""OTHER_CANCER"",""SKIN_CANCER""]","[[""ARTHRITIS"",""COPD""],[""ARTHRITIS"",""ISCHEMIC_HEART_DISEASE""],[""ARTHRITIS"",""OTHER_CANCER""],[""ARTHRITIS"",""SKIN_CANCER""],[""OTHER_CANCER"",""SKIN_CANCER""]]",occ_8fc114b6ea886bef,True,True,False,24,0.2553191489361702,19,47,1.0,23.002,21.0,24.0,47,94,24,0.2553191489361702,21,"[""2023_04_education_binary_higher"",""2023_06_education_binary_higher"",""2023_08_education_binary_higher"",""2023_09_education_binary_lower"",""2023_10_education_binary_higher"",""2023_10_education_binary_lower"",""2023_12_education_binary_higher"",""2023_13_education_binary_lower"",""2023_16_education_binary_lower"",""2023_18_education_binary_higher"",""2023_18_education_binary_lower"",""2023_25_education_binary_higher"",""2023_30_education_binary_lower"",""2023_31_education_binary_lower"",""2023_38_education_binary_lower"",""2023_39_education_binary_lower"",""2023_41_education_binary_higher"",""2023_45_education_binary_lower"",""2023_47_education_binary_lower"",""2023_49_education_binary_lower"",""2023_50_education_binary_higher"",""2023_54_education_binary_higher"",""2023_54_education_binary_lower"",""2023_55_education_binary_lower""]",True,0.0
motif_bac9340a022e2595,bac9340a022e2595f2961282dfe4b5a47b4ad25d7a4941f200e2f45d473584e4,"{""edges"":[[""ARTHRITIS"",""ISCHEMIC_HEART_DISEASE""],[""ARTHRITIS"",""OTHER_CANCER""],[""DIABETES"",""ISCHEMIC_HEART_DISEASE""]],""nodes"":[""ARTHRITIS"",""DIABETES"",""ISCHEMIC_HEART_DISEASE"",""OTHER_CANCER""]}",4,3,"[""ARTHRITIS"",""DIABETES"",""ISCHEMIC_HEART_DISEASE"",""OTHER_CANCER""]","[[""ARTHRITIS"",""ISCHEMIC_HEART_DISEASE""],[""ARTHRITIS"",""OTHER_CANCER""],[""DIABETES"",""ISCHEMIC_HEART_DISEASE""]]",occ_d1e02ba6f89988f4,False,False,False,49,0.5212765957446809,35,47,1.0,47.564,45.0,49.0,47,94,46,0.48936170212765956,33,"[""2023_01_education_binary_lower"",""2023_04_education_binary_higher"",""2023_05_education_binary_higher"",""2023_05_education_binary_lower"",""2023_06_education_binary_higher"",""2023_09_education_binary_lower"",""2023_12_education_binary_higher"",""2023_13_education_binary_higher"",""2023_13_education_binary_lower"",""2023_16_education_binary_lower"",""2023_18_education_binary_higher"",""2023_18_education_binary_lower"",""2023_19_education_binary_lower"",""2023_20_education_binary_higher"",""2023_20_education_binary_lower"",""2023_23_education_binary_higher"",""2023_23_education_binary_lower"",""2023_24_education_binary_higher"",""2023_24_education_binary_lower"",""2023_25_education_binary_higher"",""2023_26_education_binary_higher"",""2023_27_education_binary_lower"",""2023_30_education_binary_lower"",""2023_31_education_binary_higher"",""2023_33_education_binary_lower"",""2023_36_education_binary_lower"",""2023_37_education_binary_lower"",""2023_38_education_binary_higher"",""2023_39_education_binary_higher"",""2023_39_education_binary_lower"",""2023_41_education_binary_higher"",""2023_44_education_binary_higher"",""2023_45_education_binary_higher"",""2023_45_education_binary_lower"",""2023_47_education_binary_higher"",""2023_47_education_binary_lower"",""2023_49_education_binary_higher"",""2023_49_education_binary_lower"",""2023_50_education_binary_higher"",""2023_51_education_binary_lower"",""2023_53_education_binary_higher"",""2023_53_education_binary_lower"",""2023_54_education_binary_higher"",""2023_54_education_binary_lower"",""2023_55_education_binary_higher"",""2023_55_education_binary_lower""]",True,-0.03191489361702132
motif_bc3158d22549bb20,bc3158d22549bb20b2e9c72155a5834454770a596e5a3743e9a8645199abd61f,"{""edges"":[[""ARTHRITIS"",""COPD""],[""ARTHRITIS"",""DIABETES""],[""COPD"",""ISCHEMIC_HEART_DISEASE""],[""DIABETES"",""ISCHEMIC_HEART_DISEASE""],[""DIABETES"",""KIDNEY_DISEASE""]],""nodes"":[""ARTHRITIS"",""COPD"",""DIABETES"",""ISCHEMIC_HEART_DISEASE"",""KIDNEY_DISEASE""]}",5,5,"[""ARTHRITIS"",""COPD"",""DIABETES"",""ISCHEMIC_HEART_DISEASE"",""KIDNEY_DISEASE""]","[[""ARTHRITIS"",""COPD""],[""ARTHRITIS"",""DIABETES""],[""COPD"",""ISCHEMIC_HEART_DISEASE""],[""DIABETES"",""ISCHEMIC_HEART_DISEASE""],[""DIABETES"",""KIDNEY_DISEASE""]]",occ_d4e7da5f9a3cd0c9,False,False,False,39,0.4148936170212766,28,47,1.0,37.034,34.0,39.0,47,94,29,0.30851063829787234,25,"[""2023_01_education_binary_lower"",""2023_05_education_binary_lower"",""2023_13_education_binary_lower"",""2023_16_education_binary_lower"",""2023_18_education_binary_higher"",""2023_18_education_binary_lower"",""2023_19_education_binary_lower"",""2023_22_education_binary_lower"",""2023_23_education_binary_higher"",""2023_23_education_binary_lower"",""2023_24_education_binary_lower"",""2023_25_education_binary_higher"",""2023_26_education_binary_higher"",""2023_29_education_binary_higher"",""2023_31_education_binary_higher"",""2023_37_education_binary_lower"",""2023_38_education_binary_higher"",""2023_39_education_binary_higher"",""2023_39_education_binary_lower"",""2023_40_education_binary_higher"",""2023_41_education_binary_higher"",""2023_45_education_binary_higher"",""2023_47_education_binary_higher"",""2023_47_education_binary_lower"",""2023_48_education_binary_lower"",""2023_51_education_binary_lower"",""2023_53_education_binary_lower"",""2023_54_education_binary_lower"",""2023_55_education_binary_higher""]",True,-0.10638297872340424
motif_bc9fa3f671bd8fbc,bc9fa3f671bd8fbc92ed24ecc046bca9a4c52a6ce917444ce0471c570bb87f01,"{""edges"":[[""ARTHRITIS"",""DIABETES""],[""ARTHRITIS"",""ISCHEMIC_HEART_DISEASE""],[""COPD"",""ISCHEMIC_HEART_DISEASE""],[""DIABETES"",""ISCHEMIC_HEART_DISEASE""],[""DIABETES"",""KIDNEY_DISEASE""]],""nodes"":[""ARTHRITIS"",""COPD"",""DIABETES"",""ISCHEMIC_HEART_DISEASE"",""KIDNEY_DISEASE""]}",5,5,"[""ARTHRITIS"",""COPD"",""DIABETES"",""ISCHEMIC_HEART_DISEASE"",""KIDNEY_DISEASE""]","[[""ARTHRITIS"",""DIABETES""],[""ARTHRITIS"",""ISCHEMIC_HEART_DISEASE""],[""COPD"",""ISCHEMIC_HEART_DISEASE""],[""DIABETES"",""ISCHEMIC_HEART_DISEASE""],[""DIABETES"",""KIDNEY_DISEASE""]]",occ_d4e7da5f9a3cd0c9,False,False,False,39,0.4148936170212766,28,47,1.0,37.034,34.0,39.0,47,94,29,0.30851063829787234,24,"[""2023_01_education_binary_lower"",""2023_05_education_binary_lower"",""2023_13_education_binary_lower"",""2023_16_education_binary_lower"",""2023_18_education_binary_higher"",""2023_18_education_binary_lower"",""2023_19_education_binary_lower"",""2023_22_education_binary_lower"",""2023_23_education_binary_higher"",""2023_23_education_binary_lower"",""2023_24_education_binary_lower"",""2023_25_education_binary_higher"",""2023_26_education_binary_higher"",""2023_31_education_binary_higher"",""2023_37_education_binary_lower"",""2023_38_education_binary_higher"",""2023_39_education_binary_higher"",""2023_39_education_binary_lower"",""2023_40_education_binary_higher"",""2023_41_education_binary_higher"",""2023_45_education_binary_higher"",""2023_47_education_binary_higher"",""2023_47_education_binary_lower"",""2023_48_education_binary_lower"",""2023_51_education_binary_lower"",""2023_53_education_binary_higher"",""2023_53_education_binary_lower"",""2023_54_education_binary_lower"",""2023_55_education_binary_higher""]",True,-0.10638297872340424
motif_bd370b73f6308ca4,bd370b73f6308ca4d41f969409628d55ccddd9fd321cd1c02b964b4d3501a554,"{""edges"":[[""ARTHRITIS"",""DIABETES""],[""ARTHRITIS"",""KIDNEY_DISEASE""],[""DIABETES"",""KIDNEY_DISEASE""],[""ISCHEMIC_HEART_DISEASE"",""KIDNEY_DISEASE""]],""nodes"":[""ARTHRITIS"",""DIABETES"",""ISCHEMIC_HEART_DISEASE"",""KIDNEY_DISEASE""]}",4,4,"[""ARTHRITIS"",""DIABETES"",""ISCHEMIC_HEART_DISEASE"",""KIDNEY_DISEASE""]","[[""ARTHRITIS"",""DIABETES""],[""ARTHRITIS"",""KIDNEY_DISEASE""],[""DIABETES"",""KIDNEY_DISEASE""],[""ISCHEMIC_HEART_DISEASE"",""KIDNEY_DISEASE""]]",occ_2cb186bfa6cc1423,False,False,False,21,0.2234042553191489,16,47,0.916,19.908,18.0,21.0,46,92,14,0.15217391304347827,11,"[""2023_01_education_binary_lower"",""2023_05_education_binary_lower"",""2023_18_education_binary_higher"",""2023_18_education_binary_lower"",""2023_22_education_binary_lower"",""2023_37_education_binary_lower"",""2023_39_education_binary_higher"",""2023_39_education_binary_lower"",""2023_40_education_binary_higher"",""2023_47_education_binary_higher"",""2023_47_education_binary_lower"",""2023_48_education_binary_lower"",""2023_51_education_binary_lower"",""2023_53_education_binary_lower""]",False,-0.07123034227567063
motif_bd8eff38223588de,bd8eff38223588dec5dc35fc99ceb4bfb5cbcb9c525fe19e8162e5f8e2626679,"{""edges"":[[""COPD"",""CURRENT_ASTHMA""],[""COPD"",""ISCHEMIC_HEART_DISEASE""],[""DIABETES"",""ISCHEMIC_HEART_DISEASE""],[""DIABETES"",""KIDNEY_DISEASE""],[""ISCHEMIC_HEART_DISEASE"",""KIDNEY_DISEASE""]],""nodes"":[""COPD"",""CURRENT_ASTHMA"",""DIABETES"",""ISCHEMIC_HEART_DISEASE"",""KIDNEY_DISEASE""]}",5,5,"[""COPD"",""CURRENT_ASTHMA"",""DIABETES"",""ISCHEMIC_HEART_DISEASE"",""KIDNEY_DISEASE""]","[[""COPD"",""CURRENT_ASTHMA""],[""COPD"",""ISCHEMIC_HEART_DISEASE""],[""DIABETES"",""ISCHEMIC_HEART_DISEASE""],[""DIABETES"",""KIDNEY_DISEASE""],[""ISCHEMIC_HEART_DISEASE"",""KIDNEY_DISEASE""]]",occ_5db4d89438c7616c,True,True,True,28,0.2978723404255319,22,47,1.0,26.17,23.0,28.0,46,92,17,0.18478260869565216,14,"[""2023_01_education_binary_lower"",""2023_05_education_binary_lower"",""2023_12_education_binary_higher"",""2023_18_education_binary_higher"",""2023_18_education_binary_lower"",""2023_22_education_binary_lower"",""2023_23_education_binary_higher"",""2023_26_education_binary_higher"",""2023_39_education_binary_higher"",""2023_39_education_binary_lower"",""2023_40_education_binary_higher"",""2023_47_education_binary_higher"",""2023_47_education_binary_lower"",""2023_48_education_binary_lower"",""2023_51_education_binary_lower"",""2023_53_education_binary_lower"",""2023_54_education_binary_lower""]",False,-0.11308973172987974
motif_bf4ee698a85dda5c,bf4ee698a85dda5c1dd988fc950c604d678b75710da90d250988e619ff6ea58f,"{""edges"":[[""ARTHRITIS"",""DIABETES""],[""ARTHRITIS"",""OTHER_CANCER""],[""ARTHRITIS"",""SKIN_CANCER""],[""DIABETES"",""ISCHEMIC_HEART_DISEASE""],[""OTHER_CANCER"",""SKIN_CANCER""]],""nodes"":[""ARTHRITIS"",""DIABETES"",""ISCHEMIC_HEART_DISEASE"",""OTHER_CANCER"",""SKIN_CANCER""]}",5,5,"[""ARTHRITIS"",""DIABETES"",""ISCHEMIC_HEART_DISEASE"",""OTHER_CANCER"",""SKIN_CANCER""]","[[""ARTHRITIS"",""DIABETES""],[""ARTHRITIS"",""OTHER_CANCER""],[""ARTHRITIS"",""SKIN_CANCER""],[""DIABETES"",""ISCHEMIC_HEART_DISEASE""],[""OTHER_CANCER"",""SKIN_CANCER""]]",occ_aadb9496daa634fb,True,True,False,21,0.2234042553191489,18,47,0.92,19.928,18.0,21.0,47,94,17,0.18085106382978725,14,"[""2023_04_education_binary_higher"",""2023_13_education_binary_lower"",""2023_16_education_binary_lower"",""2023_18_education_binary_higher"",""2023_18_education_binary_lower"",""2023_25_education_binary_higher"",""2023_30_education_binary_lower"",""2023_39_education_binary_lower"",""2023_41_education_binary_higher"",""2023_45_education_binary_lower"",""2023_47_education_binary_lower"",""2023_49_education_binary_higher"",""2023_49_education_binary_lower"",""2023_53_education_binary_higher"",""2023_54_education_binary_higher"",""2023_54_education_binary_lower"",""2023_55_education_binary_lower""]",False,-0.04255319148936165
motif_bfbc51aaa402bef0,bfbc51aaa402bef09fc07315f21f4f5963ff0a563326e57cdf628a126ab3e15e,"{""edges"":[[""ARTHRITIS"",""COPD""],[""ARTHRITIS"",""ISCHEMIC_HEART_DISEASE""],[""COPD"",""CURRENT_ASTHMA""]],""nodes"":[""ARTHRITIS"",""COPD"",""CURRENT_ASTHMA"",""ISCHEMIC_HEART_DISEASE""]}",4,3,"[""ARTHRITIS"",""COPD"",""CURRENT_ASTHMA"",""ISCHEMIC_HEART_DISEASE""]","[[""ARTHRITIS"",""COPD""],[""ARTHRITIS"",""ISCHEMIC_HEART_DISEASE""],[""COPD"",""CURRENT_ASTHMA""]]",occ_e51c19cd42b9fe28,True,True,False,68,0.723404255319149,41,47,1.0,66.652,64.0,68.0,47,94,63,0.6702127659574468,41,"[""2023_01_education_binary_higher"",""2023_01_education_binary_lower"",""2023_02_education_binary_higher"",""2023_04_education_binary_higher"",""2023_05_education_binary_higher"",""2023_05_education_binary_lower"",""2023_06_education_binary_higher"",""2023_08_education_binary_higher"",""2023_08_education_binary_lower"",""2023_09_education_binary_lower"",""2023_12_education_binary_higher"",""2023_12_education_binary_lower"",""2023_13_education_binary_higher"",""2023_13_education_binary_lower"",""2023_16_education_binary_lower"",""2023_18_education_binary_higher"",""2023_18_education_binary_lower"",""2023_19_education_binary_higher"",""2023_19_education_binary_lower"",""2023_20_education_binary_higher"",""2023_20_education_binary_lower"",""2023_22_education_binary_lower"",""2023_23_education_binary_higher"",""2023_23_education_binary_lower"",""2023_24_education_binary_higher"",""2023_24_education_binary_lower"",""2023_25_education_binary_higher"",""2023_25_education_binary_lower"",""2023_26_education_binary_higher"",""2023_26_education_binary_lower"",""2023_27_education_binary_lower"",""2023_28_education_binary_higher"",""2023_28_education_binary_lower"",""2023_29_education_binary_lower"",""2023_30_education_binary_lower"",""2023_31_education_binary_lower"",""2023_33_education_binary_lower"",""2023_36_education_binary_lower"",""2023_37_education_binary_higher"",""2023_39_education_binary_higher"",""2023_39_education_binary_lower"",""2023_40_education_binary_higher"",""2023_40_education_binary_lower"",""2023_41_education_binary_higher"",""2023_41_education_binary_lower"",""2023_44_education_binary_higher"",""2023_45_education_binary_higher"",""2023_45_education_binary_lower"",""2023_46_education_binary_lower"",""2023_47_education_binary_higher"",""2023_47_education_binary_lower"",""2023_48_education_binary_higher"",""2023_48_education_binary_lower"",""2023_49_education_binary_lower"",""2023_50_education_binary_higher"",""2023_51_education_binary_lower"",""2023_53_education_binary_lower"",""2023_54_education_binary_higher"",""2023_54_education_binary_lower"",""2023_55_education_binary_higher"",""2023_55_education_binary_lower"",""2023_56_education_binary_higher"",""2023_56_education_binary_lower""]",True,-0.05319148936170215
motif_c03e15a1bea6ea46,c03e15a1bea6ea4678b6d011e11a14bb314a60786b3940f3ec260edab6ff6e84,"{""edges"":[[""ARTHRITIS"",""COPD""],[""ARTHRITIS"",""DIABETES""],[""COPD"",""CURRENT_ASTHMA""],[""DIABETES"",""ISCHEMIC_HEART_DISEASE""]],""nodes"":[""ARTHRITIS"",""COPD"",""CURRENT_ASTHMA"",""DIABETES"",""ISCHEMIC_HEART_DISEASE""]}",5,4,"[""ARTHRITIS"",""COPD"",""CURRENT_ASTHMA"",""DIABETES"",""ISCHEMIC_HEART_DISEASE""]","[[""ARTHRITIS"",""COPD""],[""ARTHRITIS"",""DIABETES""],[""COPD"",""CURRENT_ASTHMA""],[""DIABETES"",""ISCHEMIC_HEART_DISEASE""]]",occ_9a1d67c933bfab46,True,True,False,59,0.6276595744680851,37,47,1.0,57.134,54.0,59.0,47,94,47,0.5,35,"[""2023_01_education_binary_higher"",""2023_01_education_binary_lower"",""2023_04_education_binary_higher"",""2023_05_education_binary_higher"",""2023_05_education_binary_lower"",""2023_06_education_binary_lower"",""2023_08_education_binary_lower"",""2023_13_education_binary_higher"",""2023_13_education_binary_lower"",""2023_16_education_binary_lower"",""2023_18_education_binary_higher"",""2023_18_education_binary_lower"",""2023_19_education_binary_higher"",""2023_19_education_binary_lower"",""2023_20_education_binary_higher"",""2023_22_education_binary_lower"",""2023_23_education_binary_higher"",""2023_23_education_binary_lower"",""2023_24_education_binary_higher"",""2023_24_education_binary_lower"",""2023_25_education_binary_higher"",""2023_26_education_binary_higher"",""2023_27_education_binary_lower"",""2023_28_education_binary_lower"",""2023_29_education_binary_higher"",""2023_30_education_binary_lower"",""2023_33_education_binary_lower"",""2023_34_education_binary_lower"",""2023_36_education_binary_lower"",""2023_39_education_binary_higher"",""2023_39_education_binary_lower"",""2023_40_education_binary_higher"",""2023_41_education_binary_higher"",""2023_44_education_binary_higher"",""2023_45_education_binary_higher"",""2023_45_education_binary_lower"",""2023_47_education_binary_higher"",""2023_47_education_binary_lower"",""2023_48_education_binary_lower"",""2023_49_education_binary_lower"",""2023_51_education_binary_lower"",""2023_53_education_binary_lower"",""2023_54_education_binary_higher"",""2023_54_education_binary_lower"",""2023_55_education_binary_higher"",""2023_55_education_binary_lower"",""2023_56_education_binary_higher""]",True,-0.12765957446808507
motif_c1cb74bf02920d95,c1cb74bf02920d95200d9ec8a1b5064b4b0134af079e3f9304ff8a4bee9d5ddf,"{""edges"":[[""ARTHRITIS"",""COPD""],[""ARTHRITIS"",""DIABETES""],[""ARTHRITIS"",""ISCHEMIC_HEART_DISEASE""],[""ARTHRITIS"",""KIDNEY_DISEASE""],[""COPD"",""ISCHEMIC_HEART_DISEASE""]],""nodes"":[""ARTHRITIS"",""COPD"",""DIABETES"",""ISCHEMIC_HEART_DISEASE"",""KIDNEY_DISEASE""]}",5,5,"[""ARTHRITIS"",""COPD"",""DIABETES"",""ISCHEMIC_HEART_DISEASE"",""KIDNEY_DISEASE""]","[[""ARTHRITIS"",""COPD""],[""ARTHRITIS"",""DIABETES""],[""ARTHRITIS"",""ISCHEMIC_HEART_DISEASE""],[""ARTHRITIS"",""KIDNEY_DISEASE""],[""COPD"",""ISCHEMIC_HEART_DISEASE""]]",occ_3dd5385b28d1fc67,True,True,False,29,0.3085106382978723,20,47,1.0,27.97,26.0,29.0,47,94,26,0.2765957446808511,20,"[""2023_01_education_binary_lower"",""2023_05_education_binary_lower"",""2023_10_education_binary_higher"",""2023_13_education_binary_higher"",""2023_13_education_binary_lower"",""2023_18_education_binary_higher"",""2023_18_education_binary_lower"",""2023_19_education_binary_lower"",""2023_22_education_binary_lower"",""2023_23_education_binary_lower"",""2023_25_education_binary_higher"",""2023_26_education_binary_lower"",""2023_27_education_binary_lower"",""2023_37_education_binary_lower"",""2023_39_education_binary_higher"",""2023_39_education_binary_lower"",""2023_40_education_binary_higher"",""2023_40_education_binary_lower"",""2023_45_education_binary_higher"",""2023_45_education_binary_lower"",""2023_47_education_binary_higher"",""2023_47_education_binary_lower"",""2023_48_education_binary_lower"",""2023_49_education_binary_lower"",""2023_51_education_binary_lower"",""2023_53_education_binary_lower""]",True,-0.03191489361702121
motif_c1d59433f9939b77,c1d59433f9939b7771c7df8fb76fb1c1e6450dbc72bebca5b2b102d6ed081687,"{""edges"":[[""ARTHRITIS"",""OTHER_CANCER""],[""ARTHRITIS"",""SKIN_CANCER""],[""OTHER_CANCER"",""SKIN_CANCER""]],""nodes"":[""ARTHRITIS"",""OTHER_CANCER"",""SKIN_CANCER""]}",3,3,"[""ARTHRITIS"",""OTHER_CANCER"",""SKIN_CANCER""]","[[""ARTHRITIS"",""OTHER_CANCER""],[""ARTHRITIS"",""SKIN_CANCER""],[""OTHER_CANCER"",""SKIN_CANCER""]]",occ_f4be698c7db7c761,True,True,False,29,0.3085106382978723,23,47,1.0,27.96,26.0,29.0,47,94,28,0.2978723404255319,23,"[""2023_04_education_binary_higher"",""2023_06_education_binary_higher"",""2023_08_education_binary_higher"",""2023_09_education_binary_lower"",""2023_10_education_binary_higher"",""2023_10_education_binary_lower"",""2023_12_education_binary_higher"",""2023_13_education_binary_lower"",""2023_16_education_binary_lower"",""2023_18_education_binary_higher"",""2023_18_education_binary_lower"",""2023_25_education_binary_higher"",""2023_30_education_binary_lower"",""2023_31_education_binary_lower"",""2023_33_education_binary_higher"",""2023_38_education_binary_lower"",""2023_39_education_binary_lower"",""2023_41_education_binary_higher"",""2023_45_education_binary_lower"",""2023_47_education_binary_lower"",""2023_49_education_binary_higher"",""2023_49_education_binary_lower"",""2023_50_education_binary_higher"",""2023_50_education_binary_lower"",""2023_53_education_binary_higher"",""2023_54_education_binary_higher"",""2023_54_education_binary_lower"",""2023_55_education_binary_lower""]",True,-0.010638297872340385
motif_c297aea309bced17,c297aea309bced17d6c5f5ec7e526e02230f0fd2ea1a4630c535e5c11da415f8,"{""edges"":[[""ARTHRITIS"",""COPD""],[""ARTHRITIS"",""ISCHEMIC_HEART_DISEASE""],[""COPD"",""CURRENT_ASTHMA""],[""CURRENT_ASTHMA"",""DEPRESSIVE_DISORDER""]],""nodes"":[""ARTHRITIS"",""COPD"",""CURRENT_ASTHMA"",""DEPRESSIVE_DISORDER"",""ISCHEMIC_HEART_DISEASE""]}",5,4,"[""ARTHRITIS"",""COPD"",""CURRENT_ASTHMA"",""DEPRESSIVE_DISORDER"",""ISCHEMIC_HEART_DISEASE""]","[[""ARTHRITIS"",""COPD""],[""ARTHRITIS"",""ISCHEMIC_HEART_DISEASE""],[""COPD"",""CURRENT_ASTHMA""],[""CURRENT_ASTHMA"",""DEPRESSIVE_DISORDER""]]",occ_e5bf67746b074470,True,True,False,39,0.4148936170212766,29,47,1.0,37.856,36.0,39.0,47,94,24,0.2553191489361702,20,"[""2023_01_education_binary_lower"",""2023_08_education_binary_lower"",""2023_12_education_binary_lower"",""2023_16_education_binary_lower"",""2023_18_education_binary_higher"",""2023_18_education_binary_lower"",""2023_19_education_binary_higher"",""2023_19_education_binary_lower"",""2023_22_education_binary_lower"",""2023_23_education_binary_higher"",""2023_23_education_binary_lower"",""2023_25_education_binary_lower"",""2023_27_education_binary_lower"",""2023_28_education_binary_lower"",""2023_30_education_binary_lower"",""2023_33_education_binary_lower"",""2023_36_education_binary_lower"",""2023_40_education_binary_higher"",""2023_47_education_binary_lower"",""2023_49_education_binary_lower"",""2023_53_education_binary_lower"",""2023_54_education_binary_higher"",""2023_54_education_binary_lower"",""2023_55_education_binary_lower""]",True,-0.1595744680851064
motif_c38a1f8d4d13cd58,c38a1f8d4d13cd58e80ee3ebc2d4d07146ea6fcfa3225e4088032e1628751740,"{""edges"":[[""ARTHRITIS"",""DIABETES""],[""ARTHRITIS"",""ISCHEMIC_HEART_DISEASE""],[""ARTHRITIS"",""KIDNEY_DISEASE""],[""ARTHRITIS"",""OTHER_CANCER""],[""DIABETES"",""KIDNEY_DISEASE""]],""nodes"":[""ARTHRITIS"",""DIABETES"",""ISCHEMIC_HEART_DISEASE"",""KIDNEY_DISEASE"",""OTHER_CANCER""]}",5,5,"[""ARTHRITIS"",""DIABETES"",""ISCHEMIC_HEART_DISEASE"",""KIDNEY_DISEASE"",""OTHER_CANCER""]","[[""ARTHRITIS"",""DIABETES""],[""ARTHRITIS"",""ISCHEMIC_HEART_DISEASE""],[""ARTHRITIS"",""KIDNEY_DISEASE""],[""ARTHRITIS"",""OTHER_CANCER""],[""DIABETES"",""KIDNEY_DISEASE""]]",occ_c0fbbcd25f4cbfd0,False,True,False,25,0.2659574468085106,19,47,1.0,23.656,21.0,25.0,47,94,21,0.22340425531914893,17,"[""2023_01_education_binary_lower"",""2023_02_education_binary_higher"",""2023_04_education_binary_higher"",""2023_05_education_binary_lower"",""2023_13_education_binary_lower"",""2023_18_education_binary_higher"",""2023_18_education_binary_lower"",""2023_19_education_binary_lower"",""2023_23_education_binary_lower"",""2023_25_education_binary_higher"",""2023_26_education_binary_lower"",""2023_37_education_binary_lower"",""2023_38_education_binary_lower"",""2023_39_education_binary_higher"",""2023_39_education_binary_lower"",""2023_45_education_binary_higher"",""2023_47_education_binary_higher"",""2023_47_education_binary_lower"",""2023_51_education_binary_lower"",""2023_53_education_binary_higher"",""2023_53_education_binary_lower""]",True,-0.04255319148936165
motif_c6162316b5742d5a,c6162316b5742d5ac581b25a7f98684789f63242c9c001033366f6a0462f651b,"{""edges"":[[""ARTHRITIS"",""DIABETES""],[""ARTHRITIS"",""KIDNEY_DISEASE""],[""ARTHRITIS"",""OTHER_CANCER""]],""nodes"":[""ARTHRITIS"",""DIABETES"",""KIDNEY_DISEASE"",""OTHER_CANCER""]}",4,3,"[""ARTHRITIS"",""DIABETES"",""KIDNEY_DISEASE"",""OTHER_CANCER""]","[[""ARTHRITIS"",""DIABETES""],[""ARTHRITIS"",""KIDNEY_DISEASE""],[""ARTHRITIS"",""OTHER_CANCER""]]",occ_7083e42028a16192,False,False,False,28,0.2978723404255319,22,47,1.0,26.876,25.0,28.0,47,94,29,0.30851063829787234,23,"[""2023_01_education_binary_lower"",""2023_02_education_binary_higher"",""2023_04_education_binary_higher"",""2023_05_education_binary_lower"",""2023_10_education_binary_higher"",""2023_13_education_binary_higher"",""2023_13_education_binary_lower"",""2023_18_education_binary_higher"",""2023_18_education_binary_lower"",""2023_19_education_binary_lower"",""2023_23_education_binary_lower"",""2023_25_education_binary_higher"",""2023_26_education_binary_lower"",""2023_27_education_binary_lower"",""2023_29_education_binary_higher"",""2023_37_education_binary_lower"",""2023_38_education_binary_lower"",""2023_39_education_binary_higher"",""2023_39_education_binary_lower"",""2023_41_education_binary_lower"",""2023_45_education_binary_higher"",""2023_45_education_binary_lower"",""2023_47_education_binary_higher"",""2023_47_education_binary_lower"",""2023_48_education_binary_higher"",""2023_49_education_binary_lower"",""2023_51_education_binary_lower"",""2023_53_education_binary_higher"",""2023_53_education_binary_lower""]",True,0.010638297872340441
motif_c6837bde7d886408,c6837bde7d886408c546251555dbb95b7959cfcf2cb2887a2884e7d190c7e61f,"{""edges"":[[""ARTHRITIS"",""COPD""],[""ARTHRITIS"",""DIABETES""],[""ARTHRITIS"",""ISCHEMIC_HEART_DISEASE""],[""ARTHRITIS"",""KIDNEY_DISEASE""],[""COPD"",""ISCHEMIC_HEART_DISEASE""],[""DIABETES"",""ISCHEMIC_HEART_DISEASE""],[""DIABETES"",""KIDNEY_DISEASE""]],""nodes"":[""ARTHRITIS"",""COPD"",""DIABETES"",""ISCHEMIC_HEART_DISEASE"",""KIDNEY_DISEASE""]}",5,7,"[""ARTHRITIS"",""COPD"",""DIABETES"",""ISCHEMIC_HEART_DISEASE"",""KIDNEY_DISEASE""]","[[""ARTHRITIS"",""COPD""],[""ARTHRITIS"",""DIABETES""],[""ARTHRITIS"",""ISCHEMIC_HEART_DISEASE""],[""ARTHRITIS"",""KIDNEY_DISEASE""],[""COPD"",""ISCHEMIC_HEART_DISEASE""],[""DIABETES"",""ISCHEMIC_HEART_DISEASE""],[""DIABETES"",""KIDNEY_DISEASE""]]",occ_f743565059e93d59,True,True,False,26,0.2765957446808511,18,47,1.0,24.788,22.0,26.0,47,94,19,0.20212765957446807,16,"[""2023_01_education_binary_lower"",""2023_05_education_binary_lower"",""2023_13_education_binary_lower"",""2023_18_education_binary_higher"",""2023_18_education_binary_lower"",""2023_19_education_binary_lower"",""2023_22_education_binary_lower"",""2023_23_education_binary_lower"",""2023_25_education_binary_higher"",""2023_37_education_binary_lower"",""2023_39_education_binary_higher"",""2023_39_education_binary_lower"",""2023_40_education_binary_higher"",""2023_45_education_binary_higher"",""2023_47_education_binary_higher"",""2023_47_education_binary_lower"",""2023_48_education_binary_lower"",""2023_51_education_binary_lower"",""2023_53_education_binary_lower""]",True,-0.074468085106383
motif_c8187ca9fadf7006,c8187ca9fadf7006a420181f0e3d445178a6646ccf61d37300758025acb84908,"{""edges"":[[""ARTHRITIS"",""DIABETES""],[""ARTHRITIS"",""ISCHEMIC_HEART_DISEASE""],[""ARTHRITIS"",""SKIN_CANCER""],[""ISCHEMIC_HEART_DISEASE"",""STROKE""]],""nodes"":[""ARTHRITIS"",""DIABETES"",""ISCHEMIC_HEART_DISEASE"",""SKIN_CANCER"",""STROKE""]}",5,4,"[""ARTHRITIS"",""DIABETES"",""ISCHEMIC_HEART_DISEASE"",""SKIN_CANCER"",""STROKE""]","[[""ARTHRITIS"",""DIABETES""],[""ARTHRITIS"",""ISCHEMIC_HEART_DISEASE""],[""ARTHRITIS"",""SKIN_CANCER""],[""ISCHEMIC_HEART_DISEASE"",""STROKE""]]",occ_c20d2016da609511,True,True,False,22,0.2340425531914893,18,47,0.99,20.986,19.0,22.0,47,94,21,0.22340425531914893,19,"[""2023_04_education_binary_higher"",""2023_10_education_binary_lower"",""2023_13_education_binary_lower"",""2023_16_education_binary_lower"",""2023_18_education_binary_higher"",""2023_18_education_binary_lower"",""2023_22_education_binary_higher"",""2023_25_education_binary_higher"",""2023_30_education_binary_lower"",""2023_31_education_binary_lower"",""2023_39_education_binary_lower"",""2023_41_education_binary_higher"",""2023_45_education_binary_lower"",""2023_47_education_binary_lower"",""2023_49_education_binary_lower"",""2023_50_education_binary_lower"",""2023_53_education_binary_higher"",""2023_54_education_binary_higher"",""2023_54_education_binary_lower"",""2023_55_education_binary_lower"",""2023_56_education_binary_higher""]",True,-0.010638297872340385
motif_c8639dca025e0856,c8639dca025e08569501e86c48e1c7f5154cd9b603fcb7036330d57d4fb8ce6b,"{""edges"":[[""ARTHRITIS"",""COPD""],[""ARTHRITIS"",""ISCHEMIC_HEART_DISEASE""],[""COPD"",""ISCHEMIC_HEART_DISEASE""],[""ISCHEMIC_HEART_DISEASE"",""STROKE""]],""nodes"":[""ARTHRITIS"",""COPD"",""ISCHEMIC_HEART_DISEASE"",""STROKE""]}",4,4,"[""ARTHRITIS"",""COPD"",""ISCHEMIC_HEART_DISEASE"",""STROKE""]","[[""ARTHRITIS"",""COPD""],[""ARTHRITIS"",""ISCHEMIC_HEART_DISEASE""],[""COPD"",""ISCHEMIC_HEART_DISEASE""],[""ISCHEMIC_HEART_DISEASE"",""STROKE""]]",occ_236005e4cce35829,True,True,False,54,0.574468085106383,35,47,1.0,52.016,49.475,54.0,47,94,46,0.48936170212765956,33,"[""2023_01_education_binary_lower"",""2023_05_education_binary_higher"",""2023_05_education_binary_lower"",""2023_12_education_binary_higher"",""2023_12_education_binary_lower"",""2023_13_education_binary_lower"",""2023_16_education_binary_lower"",""2023_18_education_binary_higher"",""2023_18_education_binary_lower"",""2023_19_education_binary_lower"",""2023_20_education_binary_lower"",""2023_22_education_binary_lower"",""2023_23_education_binary_higher"",""2023_23_education_binary_lower"",""2023_24_education_binary_lower"",""2023_25_education_binary_higher"",""2023_26_education_binary_higher"",""2023_26_education_binary_lower"",""2023_27_education_binary_lower"",""2023_29_education_binary_lower"",""2023_30_education_binary_lower"",""2023_31_education_binary_higher"",""2023_31_education_binary_lower"",""2023_36_education_binary_lower"",""2023_37_education_binary_lower"",""2023_38_education_binary_higher"",""2023_39_education_binary_higher"",""2023_39_education_binary_lower"",""2023_40_education_binary_higher"",""2023_40_education_binary_lower"",""2023_41_education_binary_higher"",""2023_44_education_binary_higher"",""2023_45_education_binary_higher"",""2023_45_education_binary_lower"",""2023_47_education_binary_higher"",""2023_47_education_binary_lower"",""2023_48_education_binary_lower"",""2023_49_education_binary_lower"",""2023_51_education_binary_lower"",""2023_53_education_binary_lower"",""2023_54_education_binary_higher"",""2023_54_education_binary_lower"",""2023_55_education_binary_higher"",""2023_55_education_binary_lower"",""2023_56_education_binary_higher"",""2023_56_education_binary_lower""]",True,-0.08510638297872347
motif_c88f48387ef2b4fe,c88f48387ef2b4fe1b75300f8854b22f0e42ba0e931df83ff300ff343449a7e2,"{""edges"":[[""ARTHRITIS"",""COPD""],[""ARTHRITIS"",""DIABETES""],[""ARTHRITIS"",""KIDNEY_DISEASE""],[""ARTHRITIS"",""OTHER_CANCER""],[""DIABETES"",""KIDNEY_DISEASE""]],""nodes"":[""ARTHRITIS"",""COPD"",""DIABETES"",""KIDNEY_DISEASE"",""OTHER_CANCER""]}",5,5,"[""ARTHRITIS"",""COPD"",""DIABETES"",""KIDNEY_DISEASE"",""OTHER_CANCER""]","[[""ARTHRITIS"",""COPD""],[""ARTHRITIS"",""DIABETES""],[""ARTHRITIS"",""KIDNEY_DISEASE""],[""ARTHRITIS"",""OTHER_CANCER""],[""DIABETES"",""KIDNEY_DISEASE""]]",occ_d82f80cee1449c57,True,True,True,24,0.2553191489361702,19,47,0.996,22.948,21.0,24.0,47,94,21,0.22340425531914893,18,"[""2023_01_education_binary_lower"",""2023_02_education_binary_higher"",""2023_04_education_binary_higher"",""2023_05_education_binary_lower"",""2023_13_education_binary_lower"",""2023_18_education_binary_higher"",""2023_18_education_binary_lower"",""2023_19_education_binary_lower"",""2023_23_education_binary_lower"",""2023_25_education_binary_higher"",""2023_26_education_binary_lower"",""2023_29_education_binary_higher"",""2023_37_education_binary_lower"",""2023_38_education_binary_lower"",""2023_39_education_binary_higher"",""2023_39_education_binary_lower"",""2023_45_education_binary_higher"",""2023_47_education_binary_higher"",""2023_47_education_binary_lower"",""2023_51_education_binary_lower"",""2023_53_education_binary_lower""]",True,-0.03191489361702127
motif_c965da534d6c6b89,c965da534d6c6b895a1b6dc6831eedbcf3c0782224ccd37bd396c1b87baa4d48,"{""edges"":[[""ARTHRITIS"",""COPD""],[""ARTHRITIS"",""DIABETES""],[""DIABETES"",""ISCHEMIC_HEART_DISEASE""],[""ISCHEMIC_HEART_DISEASE"",""KIDNEY_DISEASE""]],""nodes"":[""ARTHRITIS"",""COPD"",""DIABETES"",""ISCHEMIC_HEART_DISEASE"",""KIDNEY_DISEASE""]}",5,4,"[""ARTHRITIS"",""COPD"",""DIABETES"",""ISCHEMIC_HEART_DISEASE"",""KIDNEY_DISEASE""]","[[""ARTHRITIS"",""COPD""],[""ARTHRITIS"",""DIABETES""],[""DIABETES"",""ISCHEMIC_HEART_DISEASE""],[""ISCHEMIC_HEART_DISEASE"",""KIDNEY_DISEASE""]]",occ_ea152d40ac0008da,False,False,False,37,0.3936170212765957,26,47,1.0,35.314,32.0,37.0,46,92,27,0.29347826086956524,22,"[""2023_01_education_binary_lower"",""2023_05_education_binary_higher"",""2023_05_education_binary_lower"",""2023_18_education_binary_higher"",""2023_18_education_binary_lower"",""2023_22_education_binary_lower"",""2023_23_education_binary_higher"",""2023_24_education_binary_higher"",""2023_26_education_binary_higher"",""2023_28_education_binary_lower"",""2023_31_education_binary_higher"",""2023_33_education_binary_lower"",""2023_36_education_binary_lower"",""2023_37_education_binary_lower"",""2023_38_education_binary_higher"",""2023_39_education_binary_higher"",""2023_39_education_binary_lower"",""2023_40_education_binary_higher"",""2023_45_education_binary_lower"",""2023_47_education_binary_higher"",""2023_47_education_binary_lower"",""2023_48_education_binary_lower"",""2023_49_education_binary_lower"",""2023_51_education_binary_lower"",""2023_53_education_binary_lower"",""2023_54_education_binary_higher"",""2023_54_education_binary_lower""]",True,-0.10013876040703046
motif_c99164990c51b2e9,c99164990c51b2e97ba1745f54dccc1a60a1d0f546871318eaca051d75051998,"{""edges"":[[""ARTHRITIS"",""COPD""],[""ARTHRITIS"",""KIDNEY_DISEASE""],[""COPD"",""ISCHEMIC_HEART_DISEASE""]],""nodes"":[""ARTHRITIS"",""COPD"",""ISCHEMIC_HEART_DISEASE"",""KIDNEY_DISEASE""]}",4,3,"[""ARTHRITIS"",""COPD"",""ISCHEMIC_HEART_DISEASE"",""KIDNEY_DISEASE""]","[[""ARTHRITIS"",""COPD""],[""ARTHRITIS"",""KIDNEY_DISEASE""],[""COPD"",""ISCHEMIC_HEART_DISEASE""]]",occ_a823e7fc3f0094cf,False,False,False,31,0.3297872340425531,22,47,1.0,29.902,28.0,31.0,47,94,28,0.2978723404255319,22,"[""2023_01_education_binary_lower"",""2023_05_education_binary_lower"",""2023_10_education_binary_higher"",""2023_13_education_binary_higher"",""2023_13_education_binary_lower"",""2023_18_education_binary_higher"",""2023_18_education_binary_lower"",""2023_19_education_binary_lower"",""2023_22_education_binary_lower"",""2023_23_education_binary_lower"",""2023_25_education_binary_higher"",""2023_26_education_binary_lower"",""2023_27_education_binary_lower"",""2023_29_education_binary_higher"",""2023_37_education_binary_lower"",""2023_39_education_binary_higher"",""2023_39_education_binary_lower"",""2023_40_education_binary_higher"",""2023_40_education_binary_lower"",""2023_45_education_binary_higher"",""2023_45_education_binary_lower"",""2023_46_education_binary_lower"",""2023_47_education_binary_higher"",""2023_47_education_binary_lower"",""2023_48_education_binary_lower"",""2023_49_education_binary_lower"",""2023_51_education_binary_lower"",""2023_53_education_binary_lower""]",True,-0.03191489361702121
motif_cafa14125e4d3e91,cafa14125e4d3e919ead08a36b50d14f3d31ef665bac70963d85e3cc92e635cb,"{""edges"":[[""ARTHRITIS"",""COPD""],[""ARTHRITIS"",""ISCHEMIC_HEART_DISEASE""],[""ARTHRITIS"",""KIDNEY_DISEASE""],[""COPD"",""ISCHEMIC_HEART_DISEASE""],[""DIABETES"",""KIDNEY_DISEASE""]],""nodes"":[""ARTHRITIS"",""COPD"",""DIABETES"",""ISCHEMIC_HEART_DISEASE"",""KIDNEY_DISEASE""]}",5,5,"[""ARTHRITIS"",""COPD"",""DIABETES"",""ISCHEMIC_HEART_DISEASE"",""KIDNEY_DISEASE""]","[[""ARTHRITIS"",""COPD""],[""ARTHRITIS"",""ISCHEMIC_HEART_DISEASE""],[""ARTHRITIS"",""KIDNEY_DISEASE""],[""COPD"",""ISCHEMIC_HEART_DISEASE""],[""DIABETES"",""KIDNEY_DISEASE""]]",occ_00affd6fd0057d51,True,True,False,28,0.2978723404255319,20,47,1.0,26.532,24.0,28.0,47,94,20,0.2127659574468085,17,"[""2023_01_education_binary_lower"",""2023_05_education_binary_lower"",""2023_13_education_binary_lower"",""2023_18_education_binary_higher"",""2023_18_education_binary_lower"",""2023_19_education_binary_lower"",""2023_22_education_binary_lower"",""2023_23_education_binary_lower"",""2023_25_education_binary_higher"",""2023_26_education_binary_lower"",""2023_37_education_binary_lower"",""2023_39_education_binary_higher"",""2023_39_education_binary_lower"",""2023_40_education_binary_higher"",""2023_45_education_binary_higher"",""2023_47_education_binary_higher"",""2023_47_education_binary_lower"",""2023_48_education_binary_lower"",""2023_51_education_binary_lower"",""2023_53_education_binary_lower""]",True,-0.08510638297872339
motif_cb84fd61ebf8f384,cb84fd61ebf8f384b033d7eed906dee772f2f1007bda9bfb5d38a514b68d1e21,"{""edges"":[[""ARTHRITIS"",""COPD""],[""ARTHRITIS"",""ISCHEMIC_HEART_DISEASE""],[""ARTHRITIS"",""OTHER_CANCER""]],""nodes"":[""ARTHRITIS"",""COPD"",""ISCHEMIC_HEART_DISEASE"",""OTHER_CANCER""]}",4,3,"[""ARTHRITIS"",""COPD"",""ISCHEMIC_HEART_DISEASE"",""OTHER_CANCER""]","[[""ARTHRITIS"",""COPD""],[""ARTHRITIS"",""ISCHEMIC_HEART_DISEASE""],[""ARTHRITIS"",""OTHER_CANCER""]]",occ_49916b00da806cab,False,False,False,57,0.6063829787234043,37,47,1.0,55.554,53.0,57.0,47,94,55,0.5851063829787234,37,"[""2023_01_education_binary_lower"",""2023_02_education_binary_higher"",""2023_04_education_binary_higher"",""2023_05_education_binary_higher"",""2023_05_education_binary_lower"",""2023_06_education_binary_higher"",""2023_08_education_binary_higher"",""2023_09_education_binary_lower"",""2023_10_education_binary_higher"",""2023_10_education_binary_lower"",""2023_12_education_binary_higher"",""2023_12_education_binary_lower"",""2023_13_education_binary_higher"",""2023_13_education_binary_lower"",""2023_16_education_binary_lower"",""2023_18_education_binary_higher"",""2023_18_education_binary_lower"",""2023_19_education_binary_lower"",""2023_20_education_binary_higher"",""2023_20_education_binary_lower"",""2023_23_education_binary_higher"",""2023_23_education_binary_lower"",""2023_24_education_binary_higher"",""2023_24_education_binary_lower"",""2023_25_education_binary_higher"",""2023_26_education_binary_higher"",""2023_26_education_binary_lower"",""2023_27_education_binary_lower"",""2023_30_education_binary_lower"",""2023_31_education_binary_higher"",""2023_31_education_binary_lower"",""2023_33_education_binary_lower"",""2023_36_education_binary_lower"",""2023_37_education_binary_higher"",""2023_37_education_binary_lower"",""2023_38_education_binary_higher"",""2023_38_education_binary_lower"",""2023_39_education_binary_higher"",""2023_39_education_binary_lower"",""2023_41_education_binary_higher"",""2023_41_education_binary_lower"",""2023_44_education_binary_higher"",""2023_45_education_binary_higher"",""2023_45_education_binary_lower"",""2023_47_education_binary_higher"",""2023_47_education_binary_lower"",""2023_48_education_binary_higher"",""2023_49_education_binary_lower"",""2023_50_education_binary_higher"",""2023_51_education_binary_lower"",""2023_53_education_binary_lower"",""2023_54_education_binary_higher"",""2023_54_education_binary_lower"",""2023_55_education_binary_higher"",""2023_55_education_binary_lower""]",True,-0.021276595744680882
motif_cb910122203920e9,cb910122203920e919e2b597b7cc9a91426be0fdee281ee380c50dd7036adf8a,"{""edges"":[[""ARTHRITIS"",""COPD""],[""COPD"",""ISCHEMIC_HEART_DISEASE""],[""DIABETES"",""ISCHEMIC_HEART_DISEASE""],[""DIABETES"",""KIDNEY_DISEASE""],[""ISCHEMIC_HEART_DISEASE"",""KIDNEY_DISEASE""]],""nodes"":[""ARTHRITIS"",""COPD"",""DIABETES"",""ISCHEMIC_HEART_DISEASE"",""KIDNEY_DISEASE""]}",5,5,"[""ARTHRITIS"",""COPD"",""DIABETES"",""ISCHEMIC_HEART_DISEASE"",""KIDNEY_DISEASE""]","[[""ARTHRITIS"",""COPD""],[""COPD"",""ISCHEMIC_HEART_DISEASE""],[""DIABETES"",""ISCHEMIC_HEART_DISEASE""],[""DIABETES"",""KIDNEY_DISEASE""],[""ISCHEMIC_HEART_DISEASE"",""KIDNEY_DISEASE""]]",occ_699e93a613f0774d,True,True,False,29,0.3085106382978723,23,47,1.0,27.032,24.0,29.0,46,92,20,0.21739130434782608,17,"[""2023_01_education_binary_lower"",""2023_05_education_binary_lower"",""2023_12_education_binary_higher"",""2023_18_education_binary_higher"",""2023_18_education_binary_lower"",""2023_22_education_binary_lower"",""2023_23_education_binary_higher"",""2023_26_education_binary_higher"",""2023_31_education_binary_higher"",""2023_37_education_binary_lower"",""2023_38_education_binary_higher"",""2023_39_education_binary_higher"",""2023_39_education_binary_lower"",""2023_40_education_binary_higher"",""2023_47_education_binary_higher"",""2023_47_education_binary_lower"",""2023_48_education_binary_lower"",""2023_51_education_binary_lower"",""2023_53_education_binary_lower"",""2023_54_education_binary_lower""]",True,-0.0911193339500462
motif_cce66e271e34786b,cce66e271e34786b0f78893aa94cfc8d9170eb9253b550d5ece3054630add7c4,"{""edges"":[[""ARTHRITIS"",""COPD""],[""ARTHRITIS"",""OTHER_CANCER""],[""ARTHRITIS"",""SKIN_CANCER""],[""COPD"",""CURRENT_ASTHMA""]],""nodes"":[""ARTHRITIS"",""COPD"",""CURRENT_ASTHMA"",""OTHER_CANCER"",""SKIN_CANCER""]}",5,4,"[""ARTHRITIS"",""COPD"",""CURRENT_ASTHMA"",""OTHER_CANCER"",""SKIN_CANCER""]","[[""ARTHRITIS"",""COPD""],[""ARTHRITIS"",""OTHER_CANCER""],[""ARTHRITIS"",""SKIN_CANCER""],[""COPD"",""CURRENT_ASTHMA""]]",occ_ca4e8093cda94a82,False,False,False,22,0.2340425531914893,18,47,0.984,20.934,19.0,22.0,47,94,22,0.23404255319148937,20,"[""2023_04_education_binary_higher"",""2023_06_education_binary_higher"",""2023_08_education_binary_higher"",""2023_09_education_binary_lower"",""2023_12_education_binary_higher"",""2023_13_education_binary_lower"",""2023_16_education_binary_lower"",""2023_18_education_binary_higher"",""2023_18_education_binary_lower"",""2023_25_education_binary_higher"",""2023_30_education_binary_lower"",""2023_31_education_binary_lower"",""2023_33_education_binary_higher"",""2023_39_education_binary_lower"",""2023_41_education_binary_higher"",""2023_45_education_binary_lower"",""2023_47_education_binary_lower"",""2023_49_education_binary_lower"",""2023_50_education_binary_higher"",""2023_54_education_binary_higher"",""2023_54_education_binary_lower"",""2023_55_education_binary_lower""]",True,5.551115123125783e-17
motif_cebe0606f15d5cc0,cebe0606f15d5cc0bb3fc7d2a1e354727261051b7e7e954e48a4462773761c74,"{""edges"":[[""ARTHRITIS"",""COPD""],[""ARTHRITIS"",""DIABETES""],[""ARTHRITIS"",""OTHER_CANCER""],[""DIABETES"",""KIDNEY_DISEASE""]],""nodes"":[""ARTHRITIS"",""COPD"",""DIABETES"",""KIDNEY_DISEASE"",""OTHER_CANCER""]}",5,4,"[""ARTHRITIS"",""COPD"",""DIABETES"",""KIDNEY_DISEASE"",""OTHER_CANCER""]","[[""ARTHRITIS"",""COPD""],[""ARTHRITIS"",""DIABETES""],[""ARTHRITIS"",""OTHER_CANCER""],[""DIABETES"",""KIDNEY_DISEASE""]]",occ_ec625dd6353699fb,True,True,False,43,0.4574468085106383,30,47,1.0,40.91,38.0,43.0,47,94,38,0.40425531914893614,31,"[""2023_01_education_binary_lower"",""2023_02_education_binary_higher"",""2023_04_education_binary_higher"",""2023_05_education_binary_lower"",""2023_09_education_binary_higher"",""2023_10_education_binary_lower"",""2023_12_education_binary_lower"",""2023_13_education_binary_lower"",""2023_16_education_binary_lower"",""2023_17_education_binary_higher"",""2023_18_education_binary_higher"",""2023_18_education_binary_lower"",""2023_19_education_binary_lower"",""2023_20_education_binary_higher"",""2023_23_education_binary_higher"",""2023_23_education_binary_lower"",""2023_24_education_binary_higher"",""2023_24_education_binary_lower"",""2023_25_education_binary_higher"",""2023_26_education_binary_higher"",""2023_26_education_binary_lower"",""2023_29_education_binary_higher"",""2023_30_education_binary_higher"",""2023_31_education_binary_higher"",""2023_33_education_binary_lower"",""2023_37_education_binary_lower"",""2023_38_education_binary_higher"",""2023_38_education_binary_lower"",""2023_39_education_binary_higher"",""2023_39_education_binary_lower"",""2023_41_education_binary_higher"",""2023_45_education_binary_higher"",""2023_47_education_binary_higher"",""2023_47_education_binary_lower"",""2023_51_education_binary_lower"",""2023_53_education_binary_lower"",""2023_54_education_binary_lower"",""2023_55_education_binary_higher""]",True,-0.05319148936170215
motif_cefbf9695c101b62,cefbf9695c101b6261eeb3ea0fc16d8160493f080ce4e59b9bd66144642b5961,"{""edges"":[[""ARTHRITIS"",""DIABETES""],[""ARTHRITIS"",""OTHER_CANCER""],[""ARTHRITIS"",""SKIN_CANCER""]],""nodes"":[""ARTHRITIS"",""DIABETES"",""OTHER_CANCER"",""SKIN_CANCER""]}",4,3,"[""ARTHRITIS"",""DIABETES"",""OTHER_CANCER"",""SKIN_CANCER""]","[[""ARTHRITIS"",""DIABETES""],[""ARTHRITIS"",""OTHER_CANCER""],[""ARTHRITIS"",""SKIN_CANCER""]]",occ_0aaa6ce3573aeca5,False,False,False,24,0.2553191489361702,19,47,1.0,22.966,21.0,24.0,47,94,22,0.23404255319148937,18,"[""2023_04_education_binary_higher"",""2023_10_education_binary_higher"",""2023_10_education_binary_lower"",""2023_13_education_binary_lower"",""2023_16_education_binary_lower"",""2023_18_education_binary_higher"",""2023_18_education_binary_lower"",""2023_25_education_binary_higher"",""2023_30_education_binary_lower"",""2023_31_education_binary_lower"",""2023_38_education_binary_lower"",""2023_39_education_binary_lower"",""2023_41_education_binary_higher"",""2023_45_education_binary_lower"",""2023_47_education_binary_lower"",""2023_49_education_binary_higher"",""2023_49_education_binary_lower"",""2023_50_education_binary_lower"",""2023_53_education_binary_higher"",""2023_54_education_binary_higher"",""2023_54_education_binary_lower"",""2023_55_education_binary_lower""]",True,-0.021276595744680826
motif_cf36d5d36d17f0d4,cf36d5d36d17f0d4b5aeeb5dda18e25591e30f27f0a11f125b17e5f3a2767b01,"{""edges"":[[""ARTHRITIS"",""KIDNEY_DISEASE""],[""DIABETES"",""ISCHEMIC_HEART_DISEASE""],[""ISCHEMIC_HEART_DISEASE"",""KIDNEY_DISEASE""]],""nodes"":[""ARTHRITIS"",""DIABETES"",""ISCHEMIC_HEART_DISEASE"",""KIDNEY_DISEASE""]}",4,3,"[""ARTHRITIS"",""DIABETES"",""ISCHEMIC_HEART_DISEASE"",""KIDNEY_DISEASE""]","[[""ARTHRITIS"",""KIDNEY_DISEASE""],[""DIABETES"",""ISCHEMIC_HEART_DISEASE""],[""ISCHEMIC_HEART_DISEASE"",""KIDNEY_DISEASE""]]",occ_c992a96862a53208,True,True,False,25,0.2659574468085106,18,47,1.0,23.528,21.0,25.0,46,92,16,0.17391304347826086,13,"[""2023_01_education_binary_lower"",""2023_05_education_binary_lower"",""2023_18_education_binary_higher"",""2023_18_education_binary_lower"",""2023_22_education_binary_lower"",""2023_37_education_binary_lower"",""2023_39_education_binary_higher"",""2023_39_education_binary_lower"",""2023_40_education_binary_higher"",""2023_45_education_binary_lower"",""2023_47_education_binary_higher"",""2023_47_education_binary_lower"",""2023_48_education_binary_lower"",""2023_49_education_binary_lower"",""2023_51_education_binary_lower"",""2023_53_education_binary_lower""]",False,-0.09204440333024971
motif_d0038ba3c8704588,d0038ba3c87045885973ed83582e37003bf609fa09e67c432201d19706cd79fc,"{""edges"":[[""ARTHRITIS"",""ISCHEMIC_HEART_DISEASE""],[""DIABETES"",""ISCHEMIC_HEART_DISEASE""],[""DIABETES"",""KIDNEY_DISEASE""],[""ISCHEMIC_HEART_DISEASE"",""STROKE""]],""nodes"":[""ARTHRITIS"",""DIABETES"",""ISCHEMIC_HEART_DISEASE"",""KIDNEY_DISEASE"",""STROKE""]}",5,4,"[""ARTHRITIS"",""DIABETES"",""ISCHEMIC_HEART_DISEASE"",""KIDNEY_DISEASE"",""STROKE""]","[[""ARTHRITIS"",""ISCHEMIC_HEART_DISEASE""],[""DIABETES"",""ISCHEMIC_HEART_DISEASE""],[""DIABETES"",""KIDNEY_DISEASE""],[""ISCHEMIC_HEART_DISEASE"",""STROKE""]]",occ_bd31c616d0de6ea8,True,True,False,50,0.5319148936170213,33,47,1.0,47.758,45.0,50.0,47,94,39,0.4148936170212766,32,"[""2023_01_education_binary_lower"",""2023_04_education_binary_higher"",""2023_04_education_binary_lower"",""2023_05_education_binary_lower"",""2023_06_education_binary_higher"",""2023_08_education_binary_lower"",""2023_09_education_binary_lower"",""2023_12_education_binary_higher"",""2023_13_education_binary_lower"",""2023_16_education_binary_lower"",""2023_18_education_binary_higher"",""2023_18_education_binary_lower"",""2023_19_education_binary_higher"",""2023_19_education_binary_lower"",""2023_20_education_binary_higher"",""2023_22_education_binary_lower"",""2023_23_education_binary_higher"",""2023_23_education_binary_lower"",""2023_24_education_binary_lower"",""2023_25_education_binary_higher"",""2023_26_education_binary_higher"",""2023_31_education_binary_higher"",""2023_33_education_binary_lower"",""2023_37_education_binary_lower"",""2023_38_education_binary_higher"",""2023_39_education_binary_higher"",""2023_39_education_binary_lower"",""2023_40_education_binary_higher"",""2023_41_education_binary_higher"",""2023_45_education_binary_higher"",""2023_47_education_binary_higher"",""2023_47_education_binary_lower"",""2023_48_education_binary_lower"",""2023_50_education_binary_higher"",""2023_51_education_binary_lower"",""2023_53_education_binary_higher"",""2023_53_education_binary_lower"",""2023_54_education_binary_lower"",""2023_55_education_binary_higher""]",True,-0.11702127659574468
motif_d08d2b220c27d371,d08d2b220c27d3717069867f56fe084c6cd5c139ab0db87303cf548ae6811bd5,"{""edges"":[[""ARTHRITIS"",""KIDNEY_DISEASE""],[""COPD"",""ISCHEMIC_HEART_DISEASE""],[""DIABETES"",""ISCHEMIC_HEART_DISEASE""],[""DIABETES"",""KIDNEY_DISEASE""]],""nodes"":[""ARTHRITIS"",""COPD"",""DIABETES"",""ISCHEMIC_HEART_DISEASE"",""KIDNEY_DISEASE""]}",5,4,"[""ARTHRITIS"",""COPD"",""DIABETES"",""ISCHEMIC_HEART_DISEASE"",""KIDNEY_DISEASE""]","[[""ARTHRITIS"",""KIDNEY_DISEASE""],[""COPD"",""ISCHEMIC_HEART_DISEASE""],[""DIABETES"",""ISCHEMIC_HEART_DISEASE""],[""DIABETES"",""KIDNEY_DISEASE""]]",occ_b4fca7362d0611d6,False,False,False,28,0.2978723404255319,20,47,1.0,26.614,24.0,28.0,47,94,21,0.22340425531914893,17,"[""2023_01_education_binary_lower"",""2023_05_education_binary_lower"",""2023_13_education_binary_lower"",""2023_18_education_binary_higher"",""2023_18_education_binary_lower"",""2023_19_education_binary_lower"",""2023_22_education_binary_lower"",""2023_23_education_binary_lower"",""2023_25_education_binary_higher"",""2023_29_education_binary_higher"",""2023_37_education_binary_lower"",""2023_39_education_binary_higher"",""2023_39_education_binary_lower"",""2023_40_education_binary_higher"",""2023_45_education_binary_higher"",""2023_47_education_binary_higher"",""2023_47_education_binary_lower"",""2023_48_education_binary_lower"",""2023_51_education_binary_lower"",""2023_53_education_binary_higher"",""2023_53_education_binary_lower""]",True,-0.07446808510638298
motif_d15afefdf81c9369,d15afefdf81c9369a783362ada2d7820caa70744e50e35af1945a1239d8fb139,"{""edges"":[[""ARTHRITIS"",""ISCHEMIC_HEART_DISEASE""],[""DIABETES"",""ISCHEMIC_HEART_DISEASE""],[""DIABETES"",""KIDNEY_DISEASE""],[""ISCHEMIC_HEART_DISEASE"",""KIDNEY_DISEASE""]],""nodes"":[""ARTHRITIS"",""DIABETES"",""ISCHEMIC_HEART_DISEASE"",""KIDNEY_DISEASE""]}",4,4,"[""ARTHRITIS"",""DIABETES"",""ISCHEMIC_HEART_DISEASE"",""KIDNEY_DISEASE""]","[[""ARTHRITIS"",""ISCHEMIC_HEART_DISEASE""],[""DIABETES"",""ISCHEMIC_HEART_DISEASE""],[""DIABETES"",""KIDNEY_DISEASE""],[""ISCHEMIC_HEART_DISEASE"",""KIDNEY_DISEASE""]]",occ_59cfdd266766306b,True,True,False,37,0.3936170212765957,28,47,1.0,34.804,32.0,37.0,46,92,24,0.2608695652173913,21,"[""2023_01_education_binary_lower"",""2023_04_education_binary_lower"",""2023_05_education_binary_lower"",""2023_12_education_binary_higher"",""2023_18_education_binary_higher"",""2023_18_education_binary_lower"",""2023_22_education_binary_lower"",""2023_23_education_binary_higher"",""2023_24_education_binary_higher"",""2023_26_education_binary_higher"",""2023_31_education_binary_higher"",""2023_33_education_binary_lower"",""2023_37_education_binary_lower"",""2023_38_education_binary_higher"",""2023_39_education_binary_higher"",""2023_39_education_binary_lower"",""2023_40_education_binary_higher"",""2023_47_education_binary_higher"",""2023_47_education_binary_lower"",""2023_48_education_binary_lower"",""2023_50_education_binary_higher"",""2023_51_education_binary_lower"",""2023_53_education_binary_lower"",""2023_54_education_binary_lower""]",True,-0.1327474560592044
motif_d1701f302cafb7b8,d1701f302cafb7b8c7eba08f5e73fde0d8808661105c27159c79f05572602e1d,"{""edges"":[[""ARTHRITIS"",""COPD""],[""ARTHRITIS"",""KIDNEY_DISEASE""],[""ARTHRITIS"",""OTHER_CANCER""],[""DIABETES"",""KIDNEY_DISEASE""]],""nodes"":[""ARTHRITIS"",""COPD"",""DIABETES"",""KIDNEY_DISEASE"",""OTHER_CANCER""]}",5,4,"[""ARTHRITIS"",""COPD"",""DIABETES"",""KIDNEY_DISEASE"",""OTHER_CANCER""]","[[""ARTHRITIS"",""COPD""],[""ARTHRITIS"",""KIDNEY_DISEASE""],[""ARTHRITIS"",""OTHER_CANCER""],[""DIABETES"",""KIDNEY_DISEASE""]]",occ_b11f9af4c56e6eda,True,True,False,25,0.2659574468085106,20,47,1.0,24.024,22.0,25.0,47,94,21,0.22340425531914893,18,"[""2023_01_education_binary_lower"",""2023_02_education_binary_higher"",""2023_04_education_binary_higher"",""2023_05_education_binary_lower"",""2023_13_education_binary_lower"",""2023_18_education_binary_higher"",""2023_18_education_binary_lower"",""2023_19_education_binary_lower"",""2023_23_education_binary_lower"",""2023_25_education_binary_higher"",""2023_26_education_binary_lower"",""2023_29_education_binary_higher"",""2023_37_education_binary_lower"",""2023_38_education_binary_lower"",""2023_39_education_binary_higher"",""2023_39_education_binary_lower"",""2023_45_education_binary_higher"",""2023_47_education_binary_higher"",""2023_47_education_binary_lower"",""2023_51_education_binary_lower"",""2023_53_education_binary_lower""]",True,-0.04255319148936165
motif_d1d448d03e415c86,d1d448d03e415c8659504f815237082e11c522a196c8232eb235bf0f9fecd708,"{""edges"":[[""ARTHRITIS"",""COPD""],[""ARTHRITIS"",""SKIN_CANCER""],[""OTHER_CANCER"",""SKIN_CANCER""]],""nodes"":[""ARTHRITIS"",""COPD"",""OTHER_CANCER"",""SKIN_CANCER""]}",4,3,"[""ARTHRITIS"",""COPD"",""OTHER_CANCER"",""SKIN_CANCER""]","[[""ARTHRITIS"",""COPD""],[""ARTHRITIS"",""SKIN_CANCER""],[""OTHER_CANCER"",""SKIN_CANCER""]]",occ_25b03ff6028c3042,True,True,False,31,0.3297872340425531,25,47,1.0,29.974,28.0,31.0,47,94,27,0.2872340425531915,24,"[""2023_01_education_binary_higher"",""2023_04_education_binary_higher"",""2023_06_education_binary_higher"",""2023_08_education_binary_higher"",""2023_09_education_binary_lower"",""2023_10_education_binary_higher"",""2023_10_education_binary_lower"",""2023_12_education_binary_higher"",""2023_13_education_binary_lower"",""2023_16_education_binary_lower"",""2023_18_education_binary_higher"",""2023_18_education_binary_lower"",""2023_25_education_binary_higher"",""2023_30_education_binary_lower"",""2023_31_education_binary_lower"",""2023_33_education_binary_higher"",""2023_38_education_binary_lower"",""2023_39_education_binary_lower"",""2023_41_education_binary_higher"",""2023_45_education_binary_lower"",""2023_47_education_binary_lower"",""2023_49_education_binary_lower"",""2023_50_education_binary_higher"",""2023_54_education_binary_higher"",""2023_54_education_binary_lower"",""2023_55_education_binary_lower"",""2023_56_education_binary_higher""]",True,-0.0425531914893616
motif_d1f6be288fa1eb5b,d1f6be288fa1eb5b2f3008c76bcd1a76f3f8060bae29153a42265208d14ecd70,"{""edges"":[[""ARTHRITIS"",""ISCHEMIC_HEART_DISEASE""],[""DIABETES"",""KIDNEY_DISEASE""],[""ISCHEMIC_HEART_DISEASE"",""KIDNEY_DISEASE""]],""nodes"":[""ARTHRITIS"",""DIABETES"",""ISCHEMIC_HEART_DISEASE"",""KIDNEY_DISEASE""]}",4,3,"[""ARTHRITIS"",""DIABETES"",""ISCHEMIC_HEART_DISEASE"",""KIDNEY_DISEASE""]","[[""ARTHRITIS"",""ISCHEMIC_HEART_DISEASE""],[""DIABETES"",""KIDNEY_DISEASE""],[""ISCHEMIC_HEART_DISEASE"",""KIDNEY_DISEASE""]]",occ_fc0f8f348e82d675,True,True,False,39,0.4148936170212766,30,47,1.0,36.89,34.0,39.0,46,92,25,0.2717391304347826,21,"[""2023_01_education_binary_lower"",""2023_04_education_binary_lower"",""2023_05_education_binary_lower"",""2023_12_education_binary_higher"",""2023_12_education_binary_lower"",""2023_18_education_binary_higher"",""2023_18_education_binary_lower"",""2023_22_education_binary_lower"",""2023_23_education_binary_higher"",""2023_24_education_binary_higher"",""2023_26_education_binary_higher"",""2023_31_education_binary_higher"",""2023_33_education_binary_lower"",""2023_37_education_binary_lower"",""2023_38_education_binary_higher"",""2023_39_education_binary_higher"",""2023_39_education_binary_lower"",""2023_40_education_binary_higher"",""2023_47_education_binary_higher"",""2023_47_education_binary_lower"",""2023_48_education_binary_lower"",""2023_50_education_binary_higher"",""2023_51_education_binary_lower"",""2023_53_education_binary_lower"",""2023_54_education_binary_lower""]",True,-0.143154486586494
motif_d2fceddc64f9c4b8,d2fceddc64f9c4b872015ef04f353cb9c0b5b55f6c867a669f2ed4ac4773dabe,"{""edges"":[[""ARTHRITIS"",""COPD""],[""ARTHRITIS"",""DIABETES""],[""ARTHRITIS"",""KIDNEY_DISEASE""],[""ARTHRITIS"",""OTHER_CANCER""]],""nodes"":[""ARTHRITIS"",""COPD"",""DIABETES"",""KIDNEY_DISEASE"",""OTHER_CANCER""]}",5,4,"[""ARTHRITIS"",""COPD"",""DIABETES"",""KIDNEY_DISEASE"",""OTHER_CANCER""]","[[""ARTHRITIS"",""COPD""],[""ARTHRITIS"",""DIABETES""],[""ARTHRITIS"",""KIDNEY_DISEASE""],[""ARTHRITIS"",""OTHER_CANCER""]]",occ_a72d59634cb1fa80,True,True,False,26,0.2765957446808511,21,47,1.0,25.064,23.0,26.0,47,94,28,0.2978723404255319,23,"[""2023_01_education_binary_lower"",""2023_02_education_binary_higher"",""2023_04_education_binary_higher"",""2023_05_education_binary_lower"",""2023_10_education_binary_higher"",""2023_13_education_binary_higher"",""2023_13_education_binary_lower"",""2023_18_education_binary_higher"",""2023_18_education_binary_lower"",""2023_19_education_binary_lower"",""2023_23_education_binary_lower"",""2023_25_education_binary_higher"",""2023_26_education_binary_lower"",""2023_27_education_binary_lower"",""2023_29_education_binary_higher"",""2023_37_education_binary_lower"",""2023_38_education_binary_lower"",""2023_39_education_binary_higher"",""2023_39_education_binary_lower"",""2023_41_education_binary_lower"",""2023_45_education_binary_higher"",""2023_45_education_binary_lower"",""2023_47_education_binary_higher"",""2023_47_education_binary_lower"",""2023_48_education_binary_higher"",""2023_49_education_binary_lower"",""2023_51_education_binary_lower"",""2023_53_education_binary_lower""]",True,0.021276595744680826
motif_d398da6c713f53b7,d398da6c713f53b7e29afcc6470b832262b58c32da6f49f13d3807a412d6980e,"{""edges"":[[""ARTHRITIS"",""COPD""],[""COPD"",""ISCHEMIC_HEART_DISEASE""],[""DIABETES"",""ISCHEMIC_HEART_DISEASE""],[""DIABETES"",""KIDNEY_DISEASE""]],""nodes"":[""ARTHRITIS"",""COPD"",""DIABETES"",""ISCHEMIC_HEART_DISEASE"",""KIDNEY_DISEASE""]}",5,4,"[""ARTHRITIS"",""COPD"",""DIABETES"",""ISCHEMIC_HEART_DISEASE"",""KIDNEY_DISEASE""]","[[""ARTHRITIS"",""COPD""],[""COPD"",""ISCHEMIC_HEART_DISEASE""],[""DIABETES"",""ISCHEMIC_HEART_DISEASE""],[""DIABETES"",""KIDNEY_DISEASE""]]",occ_a5b7971ea5c30000,True,True,False,43,0.4574468085106383,31,47,1.0,40.782,38.0,43.0,47,94,30,0.3191489361702128,26,"[""2023_01_education_binary_lower"",""2023_05_education_binary_lower"",""2023_12_education_binary_higher"",""2023_13_education_binary_lower"",""2023_16_education_binary_lower"",""2023_18_education_binary_higher"",""2023_18_education_binary_lower"",""2023_19_education_binary_lower"",""2023_22_education_binary_lower"",""2023_23_education_binary_higher"",""2023_23_education_binary_lower"",""2023_24_education_binary_lower"",""2023_25_education_binary_higher"",""2023_26_education_binary_higher"",""2023_29_education_binary_higher"",""2023_31_education_binary_higher"",""2023_37_education_binary_lower"",""2023_38_education_binary_higher"",""2023_39_education_binary_higher"",""2023_39_education_binary_lower"",""2023_40_education_binary_higher"",""2023_41_education_binary_higher"",""2023_45_education_binary_higher"",""2023_47_education_binary_higher"",""2023_47_education_binary_lower"",""2023_48_education_binary_lower"",""2023_51_education_binary_lower"",""2023_53_education_binary_lower"",""2023_54_education_binary_lower"",""2023_55_education_binary_higher""]",True,-0.1382978723404255
motif_d409f63c308a2d6d,d409f63c308a2d6df85820f613d1b33c48d9da8e1771132e67dc74f2c436aff0,"{""edges"":[[""ARTHRITIS"",""ISCHEMIC_HEART_DISEASE""],[""ARTHRITIS"",""OTHER_CANCER""],[""ISCHEMIC_HEART_DISEASE"",""KIDNEY_DISEASE""],[""ISCHEMIC_HEART_DISEASE"",""STROKE""]],""nodes"":[""ARTHRITIS"",""ISCHEMIC_HEART_DISEASE"",""KIDNEY_DISEASE"",""OTHER_CANCER"",""STROKE""]}",5,4,"[""ARTHRITIS"",""ISCHEMIC_HEART_DISEASE"",""KIDNEY_DISEASE"",""OTHER_CANCER"",""STROKE""]","[[""ARTHRITIS"",""ISCHEMIC_HEART_DISEASE""],[""ARTHRITIS"",""OTHER_CANCER""],[""ISCHEMIC_HEART_DISEASE"",""KIDNEY_DISEASE""],[""ISCHEMIC_HEART_DISEASE"",""STROKE""]]",occ_6134ece12d034a45,True,True,False,32,0.3404255319148936,23,47,1.0,30.256,28.0,32.0,46,92,27,0.29347826086956524,20,"[""2023_01_education_binary_lower"",""2023_05_education_binary_higher"",""2023_05_education_binary_lower"",""2023_12_education_binary_higher"",""2023_12_education_binary_lower"",""2023_18_education_binary_higher"",""2023_18_education_binary_lower"",""2023_20_education_binary_lower"",""2023_23_education_binary_higher"",""2023_26_education_binary_higher"",""2023_31_education_binary_higher"",""2023_31_education_binary_lower"",""2023_33_education_binary_lower"",""2023_36_education_binary_lower"",""2023_37_education_binary_lower"",""2023_38_education_binary_higher"",""2023_39_education_binary_higher"",""2023_39_education_binary_lower"",""2023_45_education_binary_lower"",""2023_47_education_binary_higher"",""2023_47_education_binary_lower"",""2023_49_education_binary_lower"",""2023_50_education_binary_higher"",""2023_51_education_binary_lower"",""2023_53_education_binary_lower"",""2023_54_education_binary_higher"",""2023_54_education_binary_lower""]",True,-0.046947271045328365
motif_d678613ad78fd8b5,d678613ad78fd8b5b52fdd5fbaaf7d284441985fa353910d8833a9dbe4af12f8,"{""edges"":[[""ARTHRITIS"",""COPD""],[""ARTHRITIS"",""KIDNEY_DISEASE""],[""DIABETES"",""KIDNEY_DISEASE""],[""ISCHEMIC_HEART_DISEASE"",""KIDNEY_DISEASE""]],""nodes"":[""ARTHRITIS"",""COPD"",""DIABETES"",""ISCHEMIC_HEART_DISEASE"",""KIDNEY_DISEASE""]}",5,4,"[""ARTHRITIS"",""COPD"",""DIABETES"",""ISCHEMIC_HEART_DISEASE"",""KIDNEY_DISEASE""]","[[""ARTHRITIS"",""COPD""],[""ARTHRITIS"",""KIDNEY_DISEASE""],[""DIABETES"",""KIDNEY_DISEASE""],[""ISCHEMIC_HEART_DISEASE"",""KIDNEY_DISEASE""]]",occ_7066f4fd4527e206,False,False,False,22,0.2340425531914893,16,47,0.97,20.794,18.0,22.0,46,92,14,0.15217391304347827,11,"[""2023_01_education_binary_lower"",""2023_05_education_binary_lower"",""2023_18_education_binary_higher"",""2023_18_education_binary_lower"",""2023_22_education_binary_lower"",""2023_37_education_binary_lower"",""2023_39_education_binary_higher"",""2023_39_education_binary_lower"",""2023_40_education_binary_higher"",""2023_47_education_binary_higher"",""2023_47_education_binary_lower"",""2023_48_education_binary_lower"",""2023_51_education_binary_lower"",""2023_53_education_binary_lower""]",False,-0.08186864014801104
motif_d68985c461e287c9,d68985c461e287c9ef38934f2f34085d398a2bf1ff5cf5d4b901907e6eeb73c8,"{""edges"":[[""ARTHRITIS"",""COPD""],[""ARTHRITIS"",""ISCHEMIC_HEART_DISEASE""],[""ARTHRITIS"",""OTHER_CANCER""],[""ARTHRITIS"",""SKIN_CANCER""]],""nodes"":[""ARTHRITIS"",""COPD"",""ISCHEMIC_HEART_DISEASE"",""OTHER_CANCER"",""SKIN_CANCER""]}",5,4,"[""ARTHRITIS"",""COPD"",""ISCHEMIC_HEART_DISEASE"",""OTHER_CANCER"",""SKIN_CANCER""]","[[""ARTHRITIS"",""COPD""],[""ARTHRITIS"",""ISCHEMIC_HEART_DISEASE""],[""ARTHRITIS"",""OTHER_CANCER""],[""ARTHRITIS"",""SKIN_CANCER""]]",occ_8fc114b6ea886bef,False,False,False,24,0.2553191489361702,19,47,1.0,23.002,21.0,24.0,47,94,24,0.2553191489361702,21,"[""2023_04_education_binary_higher"",""2023_06_education_binary_higher"",""2023_08_education_binary_higher"",""2023_09_education_binary_lower"",""2023_10_education_binary_higher"",""2023_10_education_binary_lower"",""2023_12_education_binary_higher"",""2023_13_education_binary_lower"",""2023_16_education_binary_lower"",""2023_18_education_binary_higher"",""2023_18_education_binary_lower"",""2023_25_education_binary_higher"",""2023_30_education_binary_lower"",""2023_31_education_binary_lower"",""2023_38_education_binary_lower"",""2023_39_education_binary_lower"",""2023_41_education_binary_higher"",""2023_45_education_binary_lower"",""2023_47_education_binary_lower"",""2023_49_education_binary_lower"",""2023_50_education_binary_higher"",""2023_54_education_binary_higher"",""2023_54_education_binary_lower"",""2023_55_education_binary_lower""]",True,0.0
motif_d6947d105949725e,d6947d105949725e9be64a1decc0131962195352647ee900911fa7bb0e80ac9e,"{""edges"":[[""ARTHRITIS"",""ISCHEMIC_HEART_DISEASE""],[""COPD"",""ISCHEMIC_HEART_DISEASE""],[""DIABETES"",""ISCHEMIC_HEART_DISEASE""],[""DIABETES"",""KIDNEY_DISEASE""],[""ISCHEMIC_HEART_DISEASE"",""KIDNEY_DISEASE""]],""nodes"":[""ARTHRITIS"",""COPD"",""DIABETES"",""ISCHEMIC_HEART_DISEASE"",""KIDNEY_DISEASE""]}",5,5,"[""ARTHRITIS"",""COPD"",""DIABETES"",""ISCHEMIC_HEART_DISEASE"",""KIDNEY_DISEASE""]","[[""ARTHRITIS"",""ISCHEMIC_HEART_DISEASE""],[""COPD"",""ISCHEMIC_HEART_DISEASE""],[""DIABETES"",""ISCHEMIC_HEART_DISEASE""],[""DIABETES"",""KIDNEY_DISEASE""],[""ISCHEMIC_HEART_DISEASE"",""KIDNEY_DISEASE""]]",occ_8570c94f65c1fa7f,False,False,False,28,0.2978723404255319,22,47,1.0,26.158,23.0,28.0,46,92,20,0.21739130434782608,17,"[""2023_01_education_binary_lower"",""2023_05_education_binary_lower"",""2023_12_education_binary_higher"",""2023_18_education_binary_higher"",""2023_18_education_binary_lower"",""2023_22_education_binary_lower"",""2023_23_education_binary_higher"",""2023_26_education_binary_higher"",""2023_31_education_binary_higher"",""2023_37_education_binary_lower"",""2023_38_education_binary_higher"",""2023_39_education_binary_higher"",""2023_39_education_binary_lower"",""2023_40_education_binary_higher"",""2023_47_education_binary_higher"",""2023_47_education_binary_lower"",""2023_48_education_binary_lower"",""2023_51_education_binary_lower"",""2023_53_education_binary_lower"",""2023_54_education_binary_lower""]",True,-0.08048103607770582
motif_d73c4c050c515690,d73c4c050c5156901b893a6ce06c585d3214697c0e51821fe1087b1ef30a0d8f,"{""edges"":[[""ARTHRITIS"",""DIABETES""],[""ARTHRITIS"",""ISCHEMIC_HEART_DISEASE""],[""ARTHRITIS"",""OTHER_CANCER""],[""DIABETES"",""ISCHEMIC_HEART_DISEASE""],[""DIABETES"",""KIDNEY_DISEASE""],[""ISCHEMIC_HEART_DISEASE"",""KIDNEY_DISEASE""]],""nodes"":[""ARTHRITIS"",""DIABETES"",""ISCHEMIC_HEART_DISEASE"",""KIDNEY_DISEASE"",""OTHER_CANCER""]}",5,6,"[""ARTHRITIS"",""DIABETES"",""ISCHEMIC_HEART_DISEASE"",""KIDNEY_DISEASE"",""OTHER_CANCER""]","[[""ARTHRITIS"",""DIABETES""],[""ARTHRITIS"",""ISCHEMIC_HEART_DISEASE""],[""ARTHRITIS"",""OTHER_CANCER""],[""DIABETES"",""ISCHEMIC_HEART_DISEASE""],[""DIABETES"",""KIDNEY_DISEASE""],[""ISCHEMIC_HEART_DISEASE"",""KIDNEY_DISEASE""]]",occ_074adfd60e6198cc,True,True,False,25,0.2659574468085106,18,47,1.0,23.302,21.0,25.0,46,92,18,0.1956521739130435,15,"[""2023_01_education_binary_lower"",""2023_05_education_binary_lower"",""2023_18_education_binary_higher"",""2023_18_education_binary_lower"",""2023_23_education_binary_higher"",""2023_24_education_binary_higher"",""2023_26_education_binary_higher"",""2023_31_education_binary_higher"",""2023_33_education_binary_lower"",""2023_37_education_binary_lower"",""2023_38_education_binary_higher"",""2023_39_education_binary_higher"",""2023_39_education_binary_lower"",""2023_47_education_binary_higher"",""2023_47_education_binary_lower"",""2023_51_education_binary_lower"",""2023_53_education_binary_lower"",""2023_54_education_binary_lower""]",False,-0.07030527289546709
motif_d740706ea3c34912,d740706ea3c349128630a19a1ffba2a0cfb585f70b6f61b4aa40db43dccd72c8,"{""edges"":[[""ARTHRITIS"",""COPD""],[""ARTHRITIS"",""DIABETES""],[""ARTHRITIS"",""SKIN_CANCER""],[""DIABETES"",""ISCHEMIC_HEART_DISEASE""]],""nodes"":[""ARTHRITIS"",""COPD"",""DIABETES"",""ISCHEMIC_HEART_DISEASE"",""SKIN_CANCER""]}",5,4,"[""ARTHRITIS"",""COPD"",""DIABETES"",""ISCHEMIC_HEART_DISEASE"",""SKIN_CANCER""]","[[""ARTHRITIS"",""COPD""],[""ARTHRITIS"",""DIABETES""],[""ARTHRITIS"",""SKIN_CANCER""],[""DIABETES"",""ISCHEMIC_HEART_DISEASE""]]",occ_27b5339e6b5cee63,False,True,False,24,0.2553191489361702,20,47,0.998,22.748,20.475,24.0,47,94,17,0.18085106382978725,15,"[""2023_01_education_binary_higher"",""2023_04_education_binary_higher"",""2023_13_education_binary_lower"",""2023_16_education_binary_lower"",""2023_18_education_binary_higher"",""2023_18_education_binary_lower"",""2023_25_education_binary_higher"",""2023_30_education_binary_lower"",""2023_39_education_binary_lower"",""2023_41_education_binary_higher"",""2023_45_education_binary_lower"",""2023_47_education_binary_lower"",""2023_49_education_binary_lower"",""2023_54_education_binary_higher"",""2023_54_education_binary_lower"",""2023_55_education_binary_lower"",""2023_56_education_binary_higher""]",False,-0.07446808510638295
motif_d7a3643ee9889ee9,d7a3643ee9889ee9b164b4c05b1b0fb426db5bcd39a2c5d193e2e2f8f28b6158,"{""edges"":[[""ARTHRITIS"",""DIABETES""],[""ARTHRITIS"",""ISCHEMIC_HEART_DISEASE""],[""ARTHRITIS"",""OTHER_CANCER""],[""ARTHRITIS"",""SKIN_CANCER""],[""OTHER_CANCER"",""SKIN_CANCER""]],""nodes"":[""ARTHRITIS"",""DIABETES"",""ISCHEMIC_HEART_DISEASE"",""OTHER_CANCER"",""SKIN_CANCER""]}",5,5,"[""ARTHRITIS"",""DIABETES"",""ISCHEMIC_HEART_DISEASE"",""OTHER_CANCER"",""SKIN_CANCER""]","[[""ARTHRITIS"",""DIABETES""],[""ARTHRITIS"",""ISCHEMIC_HEART_DISEASE""],[""ARTHRITIS"",""OTHER_CANCER""],[""ARTHRITIS"",""SKIN_CANCER""],[""OTHER_CANCER"",""SKIN_CANCER""]]",occ_f699924002313375,True,True,False,22,0.2340425531914893,17,47,0.988,21.044,19.0,22.0,47,94,22,0.23404255319148937,18,"[""2023_04_education_binary_higher"",""2023_10_education_binary_higher"",""2023_10_education_binary_lower"",""2023_13_education_binary_lower"",""2023_16_education_binary_lower"",""2023_18_education_binary_higher"",""2023_18_education_binary_lower"",""2023_25_education_binary_higher"",""2023_30_education_binary_lower"",""2023_31_education_binary_lower"",""2023_38_education_binary_lower"",""2023_39_education_binary_lower"",""2023_41_education_binary_higher"",""2023_45_education_binary_lower"",""2023_47_education_binary_lower"",""2023_49_education_binary_higher"",""2023_49_education_binary_lower"",""2023_50_education_binary_lower"",""2023_53_education_binary_higher"",""2023_54_education_binary_higher"",""2023_54_education_binary_lower"",""2023_55_education_binary_lower""]",True,5.551115123125783e-17
motif_d818811728222c86,d818811728222c8631c71b606239e45dc8e4b122eaf306055dd2d86528e755ac,"{""edges"":[[""ARTHRITIS"",""COPD""],[""ARTHRITIS"",""DIABETES""],[""ARTHRITIS"",""KIDNEY_DISEASE""],[""COPD"",""ISCHEMIC_HEART_DISEASE""],[""DIABETES"",""ISCHEMIC_HEART_DISEASE""],[""DIABETES"",""KIDNEY_DISEASE""]],""nodes"":[""ARTHRITIS"",""COPD"",""DIABETES"",""ISCHEMIC_HEART_DISEASE"",""KIDNEY_DISEASE""]}",5,6,"[""ARTHRITIS"",""COPD"",""DIABETES"",""ISCHEMIC_HEART_DISEASE"",""KIDNEY_DISEASE""]","[[""ARTHRITIS"",""COPD""],[""ARTHRITIS"",""DIABETES""],[""ARTHRITIS"",""KIDNEY_DISEASE""],[""COPD"",""ISCHEMIC_HEART_DISEASE""],[""DIABETES"",""ISCHEMIC_HEART_DISEASE""],[""DIABETES"",""KIDNEY_DISEASE""]]",occ_f743565059e93d59,False,False,False,26,0.2765957446808511,18,47,1.0,24.83,22.475,26.0,47,94,20,0.2127659574468085,17,"[""2023_01_education_binary_lower"",""2023_05_education_binary_lower"",""2023_13_education_binary_lower"",""2023_18_education_binary_higher"",""2023_18_education_binary_lower"",""2023_19_education_binary_lower"",""2023_22_education_binary_lower"",""2023_23_education_binary_lower"",""2023_25_education_binary_higher"",""2023_29_education_binary_higher"",""2023_37_education_binary_lower"",""2023_39_education_binary_higher"",""2023_39_education_binary_lower"",""2023_40_education_binary_higher"",""2023_45_education_binary_higher"",""2023_47_education_binary_higher"",""2023_47_education_binary_lower"",""2023_48_education_binary_lower"",""2023_51_education_binary_lower"",""2023_53_education_binary_lower""]",True,-0.06382978723404256
motif_d9bff20e093a1be3,d9bff20e093a1be3911db208014ed653fcd63bf17f35a1841842696b6902fb77,"{""edges"":[[""ARTHRITIS"",""COPD""],[""ARTHRITIS"",""ISCHEMIC_HEART_DISEASE""],[""ISCHEMIC_HEART_DISEASE"",""KIDNEY_DISEASE""]],""nodes"":[""ARTHRITIS"",""COPD"",""ISCHEMIC_HEART_DISEASE"",""KIDNEY_DISEASE""]}",4,3,"[""ARTHRITIS"",""COPD"",""ISCHEMIC_HEART_DISEASE"",""KIDNEY_DISEASE""]","[[""ARTHRITIS"",""COPD""],[""ARTHRITIS"",""ISCHEMIC_HEART_DISEASE""],[""ISCHEMIC_HEART_DISEASE"",""KIDNEY_DISEASE""]]",occ_83173e883e942652,True,True,False,42,0.4468085106382978,30,47,1.0,40.294,37.0,42.0,46,92,36,0.391304347826087,28,"[""2023_01_education_binary_lower"",""2023_05_education_binary_higher"",""2023_05_education_binary_lower"",""2023_10_education_binary_higher"",""2023_12_education_binary_higher"",""2023_12_education_binary_lower"",""2023_18_education_binary_higher"",""2023_18_education_binary_lower"",""2023_20_education_binary_lower"",""2023_22_education_binary_lower"",""2023_23_education_binary_higher"",""2023_24_education_binary_higher"",""2023_25_education_binary_lower"",""2023_26_education_binary_higher"",""2023_28_education_binary_lower"",""2023_31_education_binary_higher"",""2023_31_education_binary_lower"",""2023_33_education_binary_lower"",""2023_36_education_binary_lower"",""2023_37_education_binary_lower"",""2023_38_education_binary_higher"",""2023_39_education_binary_higher"",""2023_39_education_binary_lower"",""2023_40_education_binary_higher"",""2023_40_education_binary_lower"",""2023_41_education_binary_lower"",""2023_45_education_binary_lower"",""2023_47_education_binary_higher"",""2023_47_education_binary_lower"",""2023_48_education_binary_lower"",""2023_49_education_binary_lower"",""2023_50_education_binary_higher"",""2023_51_education_binary_lower"",""2023_53_education_binary_lower"",""2023_54_education_binary_higher"",""2023_54_education_binary_lower""]",True,-0.05550416281221082
motif_d9d6a0af6bcd611b,d9d6a0af6bcd611b40fb6a8fd2241c0a39bc4fc65e1daee221ef1605e37be380,"{""edges"":[[""ARTHRITIS"",""DIABETES""],[""ARTHRITIS"",""KIDNEY_DISEASE""],[""DIABETES"",""ISCHEMIC_HEART_DISEASE""],[""DIABETES"",""KIDNEY_DISEASE""],[""ISCHEMIC_HEART_DISEASE"",""STROKE""]],""nodes"":[""ARTHRITIS"",""DIABETES"",""ISCHEMIC_HEART_DISEASE"",""KIDNEY_DISEASE"",""STROKE""]}",5,5,"[""ARTHRITIS"",""DIABETES"",""ISCHEMIC_HEART_DISEASE"",""KIDNEY_DISEASE"",""STROKE""]","[[""ARTHRITIS"",""DIABETES""],[""ARTHRITIS"",""KIDNEY_DISEASE""],[""DIABETES"",""ISCHEMIC_HEART_DISEASE""],[""DIABETES"",""KIDNEY_DISEASE""],[""ISCHEMIC_HEART_DISEASE"",""STROKE""]]",occ_f6f35cb0a93c6217,False,False,False,29,0.3085106382978723,20,47,1.0,27.708,25.0,29.0,47,94,22,0.23404255319148937,18,"[""2023_01_education_binary_lower"",""2023_04_education_binary_higher"",""2023_05_education_binary_lower"",""2023_13_education_binary_lower"",""2023_18_education_binary_higher"",""2023_18_education_binary_lower"",""2023_19_education_binary_lower"",""2023_22_education_binary_lower"",""2023_23_education_binary_lower"",""2023_25_education_binary_higher"",""2023_29_education_binary_higher"",""2023_37_education_binary_lower"",""2023_39_education_binary_higher"",""2023_39_education_binary_lower"",""2023_40_education_binary_higher"",""2023_45_education_binary_higher"",""2023_47_education_binary_higher"",""2023_47_education_binary_lower"",""2023_48_education_binary_lower"",""2023_51_education_binary_lower"",""2023_53_education_binary_higher"",""2023_53_education_binary_lower""]",True,-0.07446808510638292
motif_da6a723978c7cfb8,da6a723978c7cfb8135834c07e5bcf232fb36be668757dfcd0f89b9b95b34319,"{""edges"":[[""ARTHRITIS"",""ISCHEMIC_HEART_DISEASE""],[""ARTHRITIS"",""KIDNEY_DISEASE""],[""COPD"",""ISCHEMIC_HEART_DISEASE""]],""nodes"":[""ARTHRITIS"",""COPD"",""ISCHEMIC_HEART_DISEASE"",""KIDNEY_DISEASE""]}",4,3,"[""ARTHRITIS"",""COPD"",""ISCHEMIC_HEART_DISEASE"",""KIDNEY_DISEASE""]","[[""ARTHRITIS"",""ISCHEMIC_HEART_DISEASE""],[""ARTHRITIS"",""KIDNEY_DISEASE""],[""COPD"",""ISCHEMIC_HEART_DISEASE""]]",occ_080b040d19c3f981,False,False,False,30,0.3191489361702128,21,47,1.0,28.962,27.0,30.0,47,94,28,0.2978723404255319,21,"[""2023_01_education_binary_lower"",""2023_05_education_binary_lower"",""2023_10_education_binary_higher"",""2023_13_education_binary_higher"",""2023_13_education_binary_lower"",""2023_18_education_binary_higher"",""2023_18_education_binary_lower"",""2023_19_education_binary_lower"",""2023_22_education_binary_lower"",""2023_23_education_binary_lower"",""2023_25_education_binary_higher"",""2023_26_education_binary_lower"",""2023_27_education_binary_lower"",""2023_37_education_binary_lower"",""2023_39_education_binary_higher"",""2023_39_education_binary_lower"",""2023_40_education_binary_higher"",""2023_40_education_binary_lower"",""2023_45_education_binary_higher"",""2023_45_education_binary_lower"",""2023_46_education_binary_lower"",""2023_47_education_binary_higher"",""2023_47_education_binary_lower"",""2023_48_education_binary_lower"",""2023_49_education_binary_lower"",""2023_51_education_binary_lower"",""2023_53_education_binary_higher"",""2023_53_education_binary_lower""]",True,-0.021276595744680882
motif_daab14175ce460f2,daab14175ce460f284edb67202a6911d6497e12fa2d0d13c6e0e9be060227cbf,"{""edges"":[[""ARTHRITIS"",""ISCHEMIC_HEART_DISEASE""],[""ARTHRITIS"",""OTHER_CANCER""],[""DIABETES"",""ISCHEMIC_HEART_DISEASE""],[""DIABETES"",""KIDNEY_DISEASE""],[""ISCHEMIC_HEART_DISEASE"",""KIDNEY_DISEASE""]],""nodes"":[""ARTHRITIS"",""DIABETES"",""ISCHEMIC_HEART_DISEASE"",""KIDNEY_DISEASE"",""OTHER_CANCER""]}",5,5,"[""ARTHRITIS"",""DIABETES"",""ISCHEMIC_HEART_DISEASE"",""KIDNEY_DISEASE"",""OTHER_CANCER""]","[[""ARTHRITIS"",""ISCHEMIC_HEART_DISEASE""],[""ARTHRITIS"",""OTHER_CANCER""],[""DIABETES"",""ISCHEMIC_HEART_DISEASE""],[""DIABETES"",""KIDNEY_DISEASE""],[""ISCHEMIC_HEART_DISEASE"",""KIDNEY_DISEASE""]]",occ_f986d64cd881d862,True,True,False,28,0.2978723404255319,21,47,1.0,26.144,24.0,28.0,46,92,20,0.21739130434782608,17,"[""2023_01_education_binary_lower"",""2023_05_education_binary_lower"",""2023_12_education_binary_higher"",""2023_18_education_binary_higher"",""2023_18_education_binary_lower"",""2023_23_education_binary_higher"",""2023_24_education_binary_higher"",""2023_26_education_binary_higher"",""2023_31_education_binary_higher"",""2023_33_education_binary_lower"",""2023_37_education_binary_lower"",""2023_38_education_binary_higher"",""2023_39_education_binary_higher"",""2023_39_education_binary_lower"",""2023_47_education_binary_higher"",""2023_47_education_binary_lower"",""2023_50_education_binary_higher"",""2023_51_education_binary_lower"",""2023_53_education_binary_lower"",""2023_54_education_binary_lower""]",True,-0.08048103607770582
motif_daeb4bd8e246a8ce,daeb4bd8e246a8ce5b6e7c2cf5f0670ddf5ddc28302f3b80f52f74b55bfbcf82,"{""edges"":[[""ARTHRITIS"",""KIDNEY_DISEASE""],[""DIABETES"",""KIDNEY_DISEASE""],[""ISCHEMIC_HEART_DISEASE"",""KIDNEY_DISEASE""]],""nodes"":[""ARTHRITIS"",""DIABETES"",""ISCHEMIC_HEART_DISEASE"",""KIDNEY_DISEASE""]}",4,3,"[""ARTHRITIS"",""DIABETES"",""ISCHEMIC_HEART_DISEASE"",""KIDNEY_DISEASE""]","[[""ARTHRITIS"",""KIDNEY_DISEASE""],[""DIABETES"",""KIDNEY_DISEASE""],[""ISCHEMIC_HEART_DISEASE"",""KIDNEY_DISEASE""]]",occ_215ea716e451deb2,False,False,False,24,0.2553191489361702,18,47,1.0,22.74,20.0,24.0,46,92,14,0.15217391304347827,11,"[""2023_01_education_binary_lower"",""2023_05_education_binary_lower"",""2023_18_education_binary_higher"",""2023_18_education_binary_lower"",""2023_22_education_binary_lower"",""2023_37_education_binary_lower"",""2023_39_education_binary_higher"",""2023_39_education_binary_lower"",""2023_40_education_binary_higher"",""2023_47_education_binary_higher"",""2023_47_education_binary_lower"",""2023_48_education_binary_lower"",""2023_51_education_binary_lower"",""2023_53_education_binary_lower""]",False,-0.10314523589269192
motif_daeb8129eeb1418a,daeb8129eeb1418aa568c0c9df372802bc641563f54beda3f490336246b2f7ec,"{""edges"":[[""ARTHRITIS"",""COPD""],[""ARTHRITIS"",""DIABETES""],[""DIABETES"",""ISCHEMIC_HEART_DISEASE""],[""ISCHEMIC_HEART_DISEASE"",""STROKE""]],""nodes"":[""ARTHRITIS"",""COPD"",""DIABETES"",""ISCHEMIC_HEART_DISEASE"",""STROKE""]}",5,4,"[""ARTHRITIS"",""COPD"",""DIABETES"",""ISCHEMIC_HEART_DISEASE"",""STROKE""]","[[""ARTHRITIS"",""COPD""],[""ARTHRITIS"",""DIABETES""],[""DIABETES"",""ISCHEMIC_HEART_DISEASE""],[""ISCHEMIC_HEART_DISEASE"",""STROKE""]]",occ_ce33b009a1e73af5,True,True,False,56,0.5957446808510638,33,47,1.0,54.176,51.0,56.0,47,94,48,0.5106382978723404,39,"[""2023_01_education_binary_lower"",""2023_02_education_binary_lower"",""2023_04_education_binary_higher"",""2023_05_education_binary_higher"",""2023_05_education_binary_lower"",""2023_06_education_binary_lower"",""2023_08_education_binary_lower"",""2023_09_education_binary_higher"",""2023_13_education_binary_lower"",""2023_16_education_binary_lower"",""2023_18_education_binary_higher"",""2023_18_education_binary_lower"",""2023_19_education_binary_higher"",""2023_19_education_binary_lower"",""2023_20_education_binary_higher"",""2023_22_education_binary_lower"",""2023_23_education_binary_higher"",""2023_23_education_binary_lower"",""2023_24_education_binary_lower"",""2023_25_education_binary_higher"",""2023_26_education_binary_higher"",""2023_27_education_binary_lower"",""2023_29_education_binary_higher"",""2023_30_education_binary_lower"",""2023_31_education_binary_higher"",""2023_33_education_binary_lower"",""2023_34_education_binary_lower"",""2023_36_education_binary_lower"",""2023_37_education_binary_lower"",""2023_38_education_binary_higher"",""2023_39_education_binary_higher"",""2023_39_education_binary_lower"",""2023_40_education_binary_higher"",""2023_41_education_binary_higher"",""2023_44_education_binary_higher"",""2023_45_education_binary_higher"",""2023_45_education_binary_lower"",""2023_47_education_binary_higher"",""2023_47_education_binary_lower"",""2023_48_education_binary_lower"",""2023_49_education_binary_lower"",""2023_51_education_binary_lower"",""2023_53_education_binary_lower"",""2023_54_education_binary_higher"",""2023_54_education_binary_lower"",""2023_55_education_binary_higher"",""2023_55_education_binary_lower"",""2023_56_education_binary_higher""]",True,-0.08510638297872342
motif_db33a8dd2fbd76cd,db33a8dd2fbd76cdb32b5236132897238f3b4a8b5d69f93af827d672cb2eee3f,"{""edges"":[[""ARTHRITIS"",""DIABETES""],[""ARTHRITIS"",""ISCHEMIC_HEART_DISEASE""],[""ARTHRITIS"",""OTHER_CANCER""],[""OTHER_CANCER"",""SKIN_CANCER""]],""nodes"":[""ARTHRITIS"",""DIABETES"",""ISCHEMIC_HEART_DISEASE"",""OTHER_CANCER"",""SKIN_CANCER""]}",5,4,"[""ARTHRITIS"",""DIABETES"",""ISCHEMIC_HEART_DISEASE"",""OTHER_CANCER"",""SKIN_CANCER""]","[[""ARTHRITIS"",""DIABETES""],[""ARTHRITIS"",""ISCHEMIC_HEART_DISEASE""],[""ARTHRITIS"",""OTHER_CANCER""],[""OTHER_CANCER"",""SKIN_CANCER""]]",occ_8db99b98e503b07f,True,True,False,57,0.6063829787234043,37,47,1.0,55.222,52.475,57.0,47,94,50,0.5319148936170213,33,"[""2023_01_education_binary_lower"",""2023_02_education_binary_higher"",""2023_04_education_binary_higher"",""2023_05_education_binary_higher"",""2023_05_education_binary_lower"",""2023_10_education_binary_higher"",""2023_10_education_binary_lower"",""2023_12_education_binary_lower"",""2023_13_education_binary_higher"",""2023_13_education_binary_lower"",""2023_16_education_binary_lower"",""2023_18_education_binary_higher"",""2023_18_education_binary_lower"",""2023_19_education_binary_lower"",""2023_20_education_binary_higher"",""2023_23_education_binary_higher"",""2023_23_education_binary_lower"",""2023_24_education_binary_higher"",""2023_24_education_binary_lower"",""2023_25_education_binary_higher"",""2023_26_education_binary_higher"",""2023_26_education_binary_lower"",""2023_27_education_binary_lower"",""2023_30_education_binary_lower"",""2023_31_education_binary_higher"",""2023_31_education_binary_lower"",""2023_33_education_binary_lower"",""2023_36_education_binary_lower"",""2023_37_education_binary_higher"",""2023_38_education_binary_higher"",""2023_38_education_binary_lower"",""2023_39_education_binary_higher"",""2023_39_education_binary_lower"",""2023_41_education_binary_higher"",""2023_41_education_binary_lower"",""2023_44_education_binary_higher"",""2023_45_education_binary_higher"",""2023_45_education_binary_lower"",""2023_47_education_binary_higher"",""2023_47_education_binary_lower"",""2023_48_education_binary_higher"",""2023_49_education_binary_higher"",""2023_49_education_binary_lower"",""2023_50_education_binary_lower"",""2023_53_education_binary_higher"",""2023_53_education_binary_lower"",""2023_54_education_binary_higher"",""2023_54_education_binary_lower"",""2023_55_education_binary_higher"",""2023_55_education_binary_lower""]",True,-0.07446808510638303
motif_db3614fd20563588,db3614fd205635888c029052d7a6eded241b4d271f0e8f3a7ab401de771084f5,"{""edges"":[[""ARTHRITIS"",""COPD""],[""ARTHRITIS"",""DIABETES""],[""ARTHRITIS"",""OTHER_CANCER""],[""ARTHRITIS"",""SKIN_CANCER""]],""nodes"":[""ARTHRITIS"",""COPD"",""DIABETES"",""OTHER_CANCER"",""SKIN_CANCER""]}",5,4,"[""ARTHRITIS"",""COPD"",""DIABETES"",""OTHER_CANCER"",""SKIN_CANCER""]","[[""ARTHRITIS"",""COPD""],[""ARTHRITIS"",""DIABETES""],[""ARTHRITIS"",""OTHER_CANCER""],[""ARTHRITIS"",""SKIN_CANCER""]]",occ_9149ef649ed6c945,False,False,False,23,0.2446808510638297,19,47,1.0,21.978,20.0,23.0,47,94,19,0.20212765957446807,16,"[""2023_04_education_binary_higher"",""2023_10_education_binary_higher"",""2023_10_education_binary_lower"",""2023_13_education_binary_lower"",""2023_16_education_binary_lower"",""2023_18_education_binary_higher"",""2023_18_education_binary_lower"",""2023_25_education_binary_higher"",""2023_30_education_binary_lower"",""2023_31_education_binary_lower"",""2023_38_education_binary_lower"",""2023_39_education_binary_lower"",""2023_41_education_binary_higher"",""2023_45_education_binary_lower"",""2023_47_education_binary_lower"",""2023_49_education_binary_lower"",""2023_54_education_binary_higher"",""2023_54_education_binary_lower"",""2023_55_education_binary_lower""]",True,-0.042553191489361625
motif_dc67d5aaeb0b97c0,dc67d5aaeb0b97c0744c2a6e65870f3fdcf15082f697632714df949f30374be4,"{""edges"":[[""ARTHRITIS"",""COPD""],[""COPD"",""CURRENT_ASTHMA""],[""COPD"",""ISCHEMIC_HEART_DISEASE""],[""CURRENT_ASTHMA"",""DEPRESSIVE_DISORDER""]],""nodes"":[""ARTHRITIS"",""COPD"",""CURRENT_ASTHMA"",""DEPRESSIVE_DISORDER"",""ISCHEMIC_HEART_DISEASE""]}",5,4,"[""ARTHRITIS"",""COPD"",""CURRENT_ASTHMA"",""DEPRESSIVE_DISORDER"",""ISCHEMIC_HEART_DISEASE""]","[[""ARTHRITIS"",""COPD""],[""COPD"",""CURRENT_ASTHMA""],[""COPD"",""ISCHEMIC_HEART_DISEASE""],[""CURRENT_ASTHMA"",""DEPRESSIVE_DISORDER""]]",occ_c70db5d5a3e2a20d,False,False,False,34,0.3617021276595745,27,47,1.0,32.95,30.475,34.0,47,94,20,0.2127659574468085,17,"[""2023_01_education_binary_lower"",""2023_12_education_binary_lower"",""2023_16_education_binary_lower"",""2023_18_education_binary_higher"",""2023_18_education_binary_lower"",""2023_19_education_binary_lower"",""2023_22_education_binary_lower"",""2023_23_education_binary_higher"",""2023_23_education_binary_lower"",""2023_27_education_binary_lower"",""2023_28_education_binary_lower"",""2023_30_education_binary_lower"",""2023_36_education_binary_lower"",""2023_40_education_binary_higher"",""2023_47_education_binary_lower"",""2023_49_education_binary_lower"",""2023_53_education_binary_lower"",""2023_54_education_binary_higher"",""2023_54_education_binary_lower"",""2023_55_education_binary_lower""]",True,-0.14893617021276598
motif_de554d8eb3595187,de554d8eb35951877b07e5e5cba9f1be514e2d4326545e42753730115177a9d4,"{""edges"":[[""ARTHRITIS"",""COPD""],[""ARTHRITIS"",""DIABETES""],[""DIABETES"",""ISCHEMIC_HEART_DISEASE""],[""DIABETES"",""KIDNEY_DISEASE""]],""nodes"":[""ARTHRITIS"",""COPD"",""DIABETES"",""ISCHEMIC_HEART_DISEASE"",""KIDNEY_DISEASE""]}",5,4,"[""ARTHRITIS"",""COPD"",""DIABETES"",""ISCHEMIC_HEART_DISEASE"",""KIDNEY_DISEASE""]","[[""ARTHRITIS"",""COPD""],[""ARTHRITIS"",""DIABETES""],[""DIABETES"",""ISCHEMIC_HEART_DISEASE""],[""DIABETES"",""KIDNEY_DISEASE""]]",occ_366b7272bec9d5a0,False,False,False,48,0.5106382978723404,32,47,1.0,46.056,43.0,48.0,47,94,38,0.40425531914893614,31,"[""2023_01_education_binary_higher"",""2023_01_education_binary_lower"",""2023_04_education_binary_higher"",""2023_05_education_binary_lower"",""2023_08_education_binary_lower"",""2023_09_education_binary_higher"",""2023_13_education_binary_lower"",""2023_16_education_binary_lower"",""2023_17_education_binary_higher"",""2023_18_education_binary_higher"",""2023_18_education_binary_lower"",""2023_19_education_binary_higher"",""2023_19_education_binary_lower"",""2023_20_education_binary_higher"",""2023_22_education_binary_lower"",""2023_23_education_binary_higher"",""2023_23_education_binary_lower"",""2023_24_education_binary_higher"",""2023_24_education_binary_lower"",""2023_25_education_binary_higher"",""2023_26_education_binary_higher"",""2023_29_education_binary_higher"",""2023_31_education_binary_higher"",""2023_33_education_binary_lower"",""2023_37_education_binary_lower"",""2023_38_education_binary_higher"",""2023_39_education_binary_higher"",""2023_39_education_binary_lower"",""2023_40_education_binary_higher"",""2023_41_education_binary_higher"",""2023_45_education_binary_higher"",""2023_47_education_binary_higher"",""2023_47_education_binary_lower"",""2023_48_education_binary_lower"",""2023_51_education_binary_lower"",""2023_53_education_binary_lower"",""2023_54_education_binary_lower"",""2023_55_education_binary_higher""]",True,-0.10638297872340424
motif_deb1cfa3eafe01ec,deb1cfa3eafe01ec9b3537c5851228590fbe07b6cf7fa05f01f7698a8149ab0d,"{""edges"":[[""ARTHRITIS"",""COPD""],[""ARTHRITIS"",""DIABETES""],[""ARTHRITIS"",""KIDNEY_DISEASE""],[""COPD"",""CURRENT_ASTHMA""],[""DIABETES"",""KIDNEY_DISEASE""]],""nodes"":[""ARTHRITIS"",""COPD"",""CURRENT_ASTHMA"",""DIABETES"",""KIDNEY_DISEASE""]}",5,5,"[""ARTHRITIS"",""COPD"",""CURRENT_ASTHMA"",""DIABETES"",""KIDNEY_DISEASE""]","[[""ARTHRITIS"",""COPD""],[""ARTHRITIS"",""DIABETES""],[""ARTHRITIS"",""KIDNEY_DISEASE""],[""COPD"",""CURRENT_ASTHMA""],[""DIABETES"",""KIDNEY_DISEASE""]]",occ_7b38a935afe66518,False,True,True,33,0.351063829787234,24,47,1.0,31.456,29.0,33.0,47,94,22,0.23404255319148937,19,"[""2023_01_education_binary_lower"",""2023_02_education_binary_higher"",""2023_04_education_binary_higher"",""2023_05_education_binary_lower"",""2023_13_education_binary_lower"",""2023_18_education_binary_higher"",""2023_18_education_binary_lower"",""2023_19_education_binary_lower"",""2023_22_education_binary_lower"",""2023_23_education_binary_lower"",""2023_25_education_binary_higher"",""2023_26_education_binary_lower"",""2023_29_education_binary_higher"",""2023_39_education_binary_higher"",""2023_39_education_binary_lower"",""2023_40_education_binary_higher"",""2023_45_education_binary_higher"",""2023_47_education_binary_higher"",""2023_47_education_binary_lower"",""2023_48_education_binary_lower"",""2023_51_education_binary_lower"",""2023_53_education_binary_lower""]",True,-0.11702127659574463
motif_def29965c110d7de,def29965c110d7def281eaec780d8cc01dc58380bd3830a6cc4f09b54a66a22f,"{""edges"":[[""COPD"",""CURRENT_ASTHMA""],[""COPD"",""ISCHEMIC_HEART_DISEASE""],[""ISCHEMIC_HEART_DISEASE"",""KIDNEY_DISEASE""],[""ISCHEMIC_HEART_DISEASE"",""STROKE""]],""nodes"":[""COPD"",""CURRENT_ASTHMA"",""ISCHEMIC_HEART_DISEASE"",""KIDNEY_DISEASE"",""STROKE""]}",5,4,"[""COPD"",""CURRENT_ASTHMA"",""ISCHEMIC_HEART_DISEASE"",""KIDNEY_DISEASE"",""STROKE""]","[[""COPD"",""CURRENT_ASTHMA""],[""COPD"",""ISCHEMIC_HEART_DISEASE""],[""ISCHEMIC_HEART_DISEASE"",""KIDNEY_DISEASE""],[""ISCHEMIC_HEART_DISEASE"",""STROKE""]]",occ_1219b23548eeb8a2,True,True,True,33,0.351063829787234,24,47,1.0,31.108,28.0,33.0,46,92,26,0.2826086956521739,19,"[""2023_01_education_binary_lower"",""2023_05_education_binary_higher"",""2023_05_education_binary_lower"",""2023_12_education_binary_higher"",""2023_12_education_binary_lower"",""2023_18_education_binary_higher"",""2023_18_education_binary_lower"",""2023_20_education_binary_lower"",""2023_22_education_binary_lower"",""2023_23_education_binary_higher"",""2023_26_education_binary_higher"",""2023_31_education_binary_lower"",""2023_36_education_binary_lower"",""2023_39_education_binary_higher"",""2023_39_education_binary_lower"",""2023_40_education_binary_higher"",""2023_40_education_binary_lower"",""2023_45_education_binary_lower"",""2023_47_education_binary_higher"",""2023_47_education_binary_lower"",""2023_48_education_binary_lower"",""2023_49_education_binary_lower"",""2023_51_education_binary_lower"",""2023_53_education_binary_lower"",""2023_54_education_binary_higher"",""2023_54_education_binary_lower""]",True,-0.0684551341350601
motif_df23103c2dddd8a7,df23103c2dddd8a745ce84b82d6d93b81fcea37db8af2b679210e6780846ae30,"{""edges"":[[""ARTHRITIS"",""DIABETES""],[""ARTHRITIS"",""SKIN_CANCER""],[""DIABETES"",""ISCHEMIC_HEART_DISEASE""]],""nodes"":[""ARTHRITIS"",""DIABETES"",""ISCHEMIC_HEART_DISEASE"",""SKIN_CANCER""]}",4,3,"[""ARTHRITIS"",""DIABETES"",""ISCHEMIC_HEART_DISEASE"",""SKIN_CANCER""]","[[""ARTHRITIS"",""DIABETES""],[""ARTHRITIS"",""SKIN_CANCER""],[""DIABETES"",""ISCHEMIC_HEART_DISEASE""]]",occ_27b5339e6b5cee63,False,False,False,24,0.2553191489361702,20,47,0.998,22.876,21.0,24.0,47,94,19,0.20212765957446807,16,"[""2023_01_education_binary_higher"",""2023_04_education_binary_higher"",""2023_13_education_binary_lower"",""2023_16_education_binary_lower"",""2023_18_education_binary_higher"",""2023_18_education_binary_lower"",""2023_25_education_binary_higher"",""2023_30_education_binary_lower"",""2023_39_education_binary_lower"",""2023_41_education_binary_higher"",""2023_45_education_binary_lower"",""2023_47_education_binary_lower"",""2023_49_education_binary_higher"",""2023_49_education_binary_lower"",""2023_53_education_binary_higher"",""2023_54_education_binary_higher"",""2023_54_education_binary_lower"",""2023_55_education_binary_lower"",""2023_56_education_binary_higher""]",True,-0.05319148936170212
motif_dfad82cf69cd5d21,dfad82cf69cd5d21f4309fa99cb20a3c35b937ad18f3fb9b93e7ef109251cea5,"{""edges"":[[""ARTHRITIS"",""COPD""],[""ARTHRITIS"",""DIABETES""],[""ARTHRITIS"",""ISCHEMIC_HEART_DISEASE""],[""ARTHRITIS"",""KIDNEY_DISEASE""],[""DIABETES"",""ISCHEMIC_HEART_DISEASE""],[""ISCHEMIC_HEART_DISEASE"",""KIDNEY_DISEASE""]],""nodes"":[""ARTHRITIS"",""COPD"",""DIABETES"",""ISCHEMIC_HEART_DISEASE"",""KIDNEY_DISEASE""]}",5,6,"[""ARTHRITIS"",""COPD"",""DIABETES"",""ISCHEMIC_HEART_DISEASE"",""KIDNEY_DISEASE""]","[[""ARTHRITIS"",""COPD""],[""ARTHRITIS"",""DIABETES""],[""ARTHRITIS"",""ISCHEMIC_HEART_DISEASE""],[""ARTHRITIS"",""KIDNEY_DISEASE""],[""DIABETES"",""ISCHEMIC_HEART_DISEASE""],[""ISCHEMIC_HEART_DISEASE"",""KIDNEY_DISEASE""]]",occ_a81e0506b1aaf663,True,True,False,22,0.2340425531914893,16,47,0.96,20.664,18.0,22.0,46,92,16,0.17391304347826086,13,"[""2023_01_education_binary_lower"",""2023_05_education_binary_lower"",""2023_18_education_binary_higher"",""2023_18_education_binary_lower"",""2023_22_education_binary_lower"",""2023_37_education_binary_lower"",""2023_39_education_binary_higher"",""2023_39_education_binary_lower"",""2023_40_education_binary_higher"",""2023_45_education_binary_lower"",""2023_47_education_binary_higher"",""2023_47_education_binary_lower"",""2023_48_education_binary_lower"",""2023_49_education_binary_lower"",""2023_51_education_binary_lower"",""2023_53_education_binary_lower""]",False,-0.060129509713228446
motif_dfcab8382e621753,dfcab8382e621753b9c7ee99185abfa2c9c4bd888b7dcb0e0fe9e1eaab734e5c,"{""edges"":[[""ARTHRITIS"",""DIABETES""],[""ARTHRITIS"",""KIDNEY_DISEASE""],[""DIABETES"",""ISCHEMIC_HEART_DISEASE""],[""ISCHEMIC_HEART_DISEASE"",""KIDNEY_DISEASE""]],""nodes"":[""ARTHRITIS"",""DIABETES"",""ISCHEMIC_HEART_DISEASE"",""KIDNEY_DISEASE""]}",4,4,"[""ARTHRITIS"",""DIABETES"",""ISCHEMIC_HEART_DISEASE"",""KIDNEY_DISEASE""]","[[""ARTHRITIS"",""DIABETES""],[""ARTHRITIS"",""KIDNEY_DISEASE""],[""DIABETES"",""ISCHEMIC_HEART_DISEASE""],[""ISCHEMIC_HEART_DISEASE"",""KIDNEY_DISEASE""]]",occ_a81e0506b1aaf663,False,False,False,22,0.2340425531914893,16,47,0.968,20.794,18.0,22.0,46,92,16,0.17391304347826086,13,"[""2023_01_education_binary_lower"",""2023_05_education_binary_lower"",""2023_18_education_binary_higher"",""2023_18_education_binary_lower"",""2023_22_education_binary_lower"",""2023_37_education_binary_lower"",""2023_39_education_binary_higher"",""2023_39_education_binary_lower"",""2023_40_education_binary_higher"",""2023_45_education_binary_lower"",""2023_47_education_binary_higher"",""2023_47_education_binary_lower"",""2023_48_education_binary_lower"",""2023_49_education_binary_lower"",""2023_51_education_binary_lower"",""2023_53_education_binary_lower""]",False,-0.060129509713228446
motif_e040651df1ee4832,e040651df1ee4832af9027b2f0246d87388015f5b7c9a0c7411bb9479708785d,"{""edges"":[[""DIABETES"",""ISCHEMIC_HEART_DISEASE""],[""ISCHEMIC_HEART_DISEASE"",""STROKE""]],""nodes"":[""DIABETES"",""ISCHEMIC_HEART_DISEASE"",""STROKE""]}",3,2,"[""DIABETES"",""ISCHEMIC_HEART_DISEASE"",""STROKE""]","[[""DIABETES"",""ISCHEMIC_HEART_DISEASE""],[""ISCHEMIC_HEART_DISEASE"",""STROKE""]]",occ_728d56ccc2ec52a1,True,True,False,66,0.7021276595744681,39,47,1.0,63.99,61.0,66.0,47,94,58,0.6170212765957447,43,"[""2023_01_education_binary_lower"",""2023_02_education_binary_lower"",""2023_04_education_binary_higher"",""2023_04_education_binary_lower"",""2023_05_education_binary_higher"",""2023_05_education_binary_lower"",""2023_06_education_binary_higher"",""2023_06_education_binary_lower"",""2023_08_education_binary_lower"",""2023_09_education_binary_higher"",""2023_09_education_binary_lower"",""2023_12_education_binary_higher"",""2023_13_education_binary_lower"",""2023_15_education_binary_lower"",""2023_16_education_binary_lower"",""2023_18_education_binary_higher"",""2023_18_education_binary_lower"",""2023_19_education_binary_higher"",""2023_19_education_binary_lower"",""2023_20_education_binary_higher"",""2023_20_education_binary_lower"",""2023_22_education_binary_lower"",""2023_23_education_binary_higher"",""2023_23_education_binary_lower"",""2023_24_education_binary_lower"",""2023_25_education_binary_higher"",""2023_26_education_binary_higher"",""2023_27_education_binary_higher"",""2023_27_education_binary_lower"",""2023_29_education_binary_higher"",""2023_30_education_binary_lower"",""2023_31_education_binary_higher"",""2023_33_education_binary_lower"",""2023_34_education_binary_lower"",""2023_35_education_binary_higher"",""2023_36_education_binary_lower"",""2023_37_education_binary_lower"",""2023_38_education_binary_higher"",""2023_39_education_binary_higher"",""2023_39_education_binary_lower"",""2023_40_education_binary_higher"",""2023_41_education_binary_higher"",""2023_44_education_binary_higher"",""2023_45_education_binary_higher"",""2023_45_education_binary_lower"",""2023_47_education_binary_higher"",""2023_47_education_binary_lower"",""2023_48_education_binary_lower"",""2023_49_education_binary_lower"",""2023_50_education_binary_higher"",""2023_51_education_binary_lower"",""2023_53_education_binary_higher"",""2023_53_education_binary_lower"",""2023_54_education_binary_higher"",""2023_54_education_binary_lower"",""2023_55_education_binary_higher"",""2023_55_education_binary_lower"",""2023_56_education_binary_higher""]",True,-0.08510638297872342
motif_e0af2d1455e23c50,e0af2d1455e23c5076298d9d9d71272b1d3f868b20227f592c25f8bd43b9b06f,"{""edges"":[[""ARTHRITIS"",""DIABETES""],[""ARTHRITIS"",""ISCHEMIC_HEART_DISEASE""],[""ARTHRITIS"",""OTHER_CANCER""]],""nodes"":[""ARTHRITIS"",""DIABETES"",""ISCHEMIC_HEART_DISEASE"",""OTHER_CANCER""]}",4,3,"[""ARTHRITIS"",""DIABETES"",""ISCHEMIC_HEART_DISEASE"",""OTHER_CANCER""]","[[""ARTHRITIS"",""DIABETES""],[""ARTHRITIS"",""ISCHEMIC_HEART_DISEASE""],[""ARTHRITIS"",""OTHER_CANCER""]]",occ_8db99b98e503b07f,False,False,False,57,0.6063829787234043,37,47,1.0,55.288,53.0,57.0,47,94,52,0.5531914893617021,34,"[""2023_01_education_binary_lower"",""2023_02_education_binary_higher"",""2023_04_education_binary_higher"",""2023_05_education_binary_higher"",""2023_05_education_binary_lower"",""2023_10_education_binary_higher"",""2023_10_education_binary_lower"",""2023_12_education_binary_lower"",""2023_13_education_binary_higher"",""2023_13_education_binary_lower"",""2023_16_education_binary_lower"",""2023_18_education_binary_higher"",""2023_18_education_binary_lower"",""2023_19_education_binary_lower"",""2023_20_education_binary_higher"",""2023_23_education_binary_higher"",""2023_23_education_binary_lower"",""2023_24_education_binary_higher"",""2023_24_education_binary_lower"",""2023_25_education_binary_higher"",""2023_26_education_binary_higher"",""2023_26_education_binary_lower"",""2023_27_education_binary_lower"",""2023_30_education_binary_lower"",""2023_31_education_binary_higher"",""2023_31_education_binary_lower"",""2023_33_education_binary_lower"",""2023_36_education_binary_lower"",""2023_37_education_binary_higher"",""2023_37_education_binary_lower"",""2023_38_education_binary_higher"",""2023_38_education_binary_lower"",""2023_39_education_binary_higher"",""2023_39_education_binary_lower"",""2023_41_education_binary_higher"",""2023_41_education_binary_lower"",""2023_44_education_binary_higher"",""2023_45_education_binary_higher"",""2023_45_education_binary_lower"",""2023_47_education_binary_higher"",""2023_47_education_binary_lower"",""2023_48_education_binary_higher"",""2023_49_education_binary_higher"",""2023_49_education_binary_lower"",""2023_50_education_binary_lower"",""2023_51_education_binary_lower"",""2023_53_education_binary_higher"",""2023_53_education_binary_lower"",""2023_54_education_binary_higher"",""2023_54_education_binary_lower"",""2023_55_education_binary_higher"",""2023_55_education_binary_lower""]",True,-0.05319148936170215
motif_e0b714267ead3086,e0b714267ead3086220836922fb067ed4283c80b15b887528e12b724955735d0,"{""edges"":[[""ARTHRITIS"",""COPD""],[""ARTHRITIS"",""DIABETES""],[""COPD"",""CURRENT_ASTHMA""],[""DIABETES"",""KIDNEY_DISEASE""]],""nodes"":[""ARTHRITIS"",""COPD"",""CURRENT_ASTHMA"",""DIABETES"",""KIDNEY_DISEASE""]}",5,4,"[""ARTHRITIS"",""COPD"",""CURRENT_ASTHMA"",""DIABETES"",""KIDNEY_DISEASE""]","[[""ARTHRITIS"",""COPD""],[""ARTHRITIS"",""DIABETES""],[""COPD"",""CURRENT_ASTHMA""],[""DIABETES"",""KIDNEY_DISEASE""]]",occ_f22002d3ac3cdb6f,True,True,False,53,0.5638297872340425,34,47,1.0,50.856,48.0,53.0,47,94,39,0.4148936170212766,29,"[""2023_01_education_binary_higher"",""2023_01_education_binary_lower"",""2023_02_education_binary_higher"",""2023_04_education_binary_higher"",""2023_05_education_binary_lower"",""2023_08_education_binary_lower"",""2023_12_education_binary_lower"",""2023_13_education_binary_lower"",""2023_16_education_binary_lower"",""2023_18_education_binary_higher"",""2023_18_education_binary_lower"",""2023_19_education_binary_higher"",""2023_19_education_binary_lower"",""2023_20_education_binary_higher"",""2023_22_education_binary_lower"",""2023_23_education_binary_higher"",""2023_23_education_binary_lower"",""2023_24_education_binary_higher"",""2023_24_education_binary_lower"",""2023_25_education_binary_higher"",""2023_26_education_binary_higher"",""2023_26_education_binary_lower"",""2023_29_education_binary_higher"",""2023_29_education_binary_lower"",""2023_30_education_binary_higher"",""2023_33_education_binary_lower"",""2023_39_education_binary_higher"",""2023_39_education_binary_lower"",""2023_40_education_binary_higher"",""2023_41_education_binary_higher"",""2023_45_education_binary_higher"",""2023_47_education_binary_higher"",""2023_47_education_binary_lower"",""2023_48_education_binary_lower"",""2023_51_education_binary_higher"",""2023_51_education_binary_lower"",""2023_53_education_binary_lower"",""2023_54_education_binary_lower"",""2023_55_education_binary_higher""]",True,-0.14893617021276595
motif_e0be9084453e8269,e0be9084453e8269498da24c915d2ad42bdba9b8ba7f148dee24319963344e03,"{""edges"":[[""ARTHRITIS"",""DIABETES""],[""ARTHRITIS"",""KIDNEY_DISEASE""],[""ARTHRITIS"",""OTHER_CANCER""],[""DIABETES"",""KIDNEY_DISEASE""]],""nodes"":[""ARTHRITIS"",""DIABETES"",""KIDNEY_DISEASE"",""OTHER_CANCER""]}",4,4,"[""ARTHRITIS"",""DIABETES"",""KIDNEY_DISEASE"",""OTHER_CANCER""]","[[""ARTHRITIS"",""DIABETES""],[""ARTHRITIS"",""KIDNEY_DISEASE""],[""ARTHRITIS"",""OTHER_CANCER""],[""DIABETES"",""KIDNEY_DISEASE""]]",occ_c0fbbcd25f4cbfd0,False,False,False,25,0.2659574468085106,19,47,1.0,23.774,21.475,25.0,47,94,22,0.23404255319148937,18,"[""2023_01_education_binary_lower"",""2023_02_education_binary_higher"",""2023_04_education_binary_higher"",""2023_05_education_binary_lower"",""2023_13_education_binary_lower"",""2023_18_education_binary_higher"",""2023_18_education_binary_lower"",""2023_19_education_binary_lower"",""2023_23_education_binary_lower"",""2023_25_education_binary_higher"",""2023_26_education_binary_lower"",""2023_29_education_binary_higher"",""2023_37_education_binary_lower"",""2023_38_education_binary_lower"",""2023_39_education_binary_higher"",""2023_39_education_binary_lower"",""2023_45_education_binary_higher"",""2023_47_education_binary_higher"",""2023_47_education_binary_lower"",""2023_51_education_binary_lower"",""2023_53_education_binary_higher"",""2023_53_education_binary_lower""]",True,-0.03191489361702121
motif_e153f64de5d09b33,e153f64de5d09b339fb3aa687b91f64be2aec4a4b2866c098d3a9137847f8a27,"{""edges"":[[""ARTHRITIS"",""DIABETES""],[""DIABETES"",""KIDNEY_DISEASE""],[""ISCHEMIC_HEART_DISEASE"",""KIDNEY_DISEASE""]],""nodes"":[""ARTHRITIS"",""DIABETES"",""ISCHEMIC_HEART_DISEASE"",""KIDNEY_DISEASE""]}",4,3,"[""ARTHRITIS"",""DIABETES"",""ISCHEMIC_HEART_DISEASE"",""KIDNEY_DISEASE""]","[[""ARTHRITIS"",""DIABETES""],[""DIABETES"",""KIDNEY_DISEASE""],[""ISCHEMIC_HEART_DISEASE"",""KIDNEY_DISEASE""]]",occ_4d80023dd2a9ef78,False,False,False,35,0.3723404255319149,26,47,1.0,33.178,30.0,35.0,46,92,24,0.2608695652173913,20,"[""2023_01_education_binary_lower"",""2023_04_education_binary_lower"",""2023_05_education_binary_lower"",""2023_12_education_binary_lower"",""2023_18_education_binary_higher"",""2023_18_education_binary_lower"",""2023_22_education_binary_lower"",""2023_23_education_binary_higher"",""2023_24_education_binary_higher"",""2023_26_education_binary_higher"",""2023_31_education_binary_higher"",""2023_33_education_binary_lower"",""2023_37_education_binary_lower"",""2023_38_education_binary_higher"",""2023_39_education_binary_higher"",""2023_39_education_binary_lower"",""2023_40_education_binary_higher"",""2023_47_education_binary_higher"",""2023_47_education_binary_lower"",""2023_48_education_binary_lower"",""2023_51_education_binary_higher"",""2023_51_education_binary_lower"",""2023_53_education_binary_lower"",""2023_54_education_binary_lower""]",True,-0.11147086031452358
motif_e188e11aa9d19f55,e188e11aa9d19f5553c721525000071deb911fa9ff45c06e6d916cd2358b26cc,"{""edges"":[[""ARTHRITIS"",""DIABETES""],[""ARTHRITIS"",""ISCHEMIC_HEART_DISEASE""],[""ISCHEMIC_HEART_DISEASE"",""KIDNEY_DISEASE""],[""ISCHEMIC_HEART_DISEASE"",""STROKE""]],""nodes"":[""ARTHRITIS"",""DIABETES"",""ISCHEMIC_HEART_DISEASE"",""KIDNEY_DISEASE"",""STROKE""]}",5,4,"[""ARTHRITIS"",""DIABETES"",""ISCHEMIC_HEART_DISEASE"",""KIDNEY_DISEASE"",""STROKE""]","[[""ARTHRITIS"",""DIABETES""],[""ARTHRITIS"",""ISCHEMIC_HEART_DISEASE""],[""ISCHEMIC_HEART_DISEASE"",""KIDNEY_DISEASE""],[""ISCHEMIC_HEART_DISEASE"",""STROKE""]]",occ_96854116b8a748c5,True,True,False,37,0.3936170212765957,25,47,1.0,35.222,32.0,37.0,46,92,29,0.31521739130434784,22,"[""2023_01_education_binary_lower"",""2023_04_education_binary_lower"",""2023_05_education_binary_higher"",""2023_05_education_binary_lower"",""2023_12_education_binary_lower"",""2023_18_education_binary_higher"",""2023_18_education_binary_lower"",""2023_22_education_binary_lower"",""2023_23_education_binary_higher"",""2023_26_education_binary_higher"",""2023_31_education_binary_higher"",""2023_31_education_binary_lower"",""2023_33_education_binary_lower"",""2023_36_education_binary_lower"",""2023_37_education_binary_lower"",""2023_38_education_binary_higher"",""2023_39_education_binary_higher"",""2023_39_education_binary_lower"",""2023_40_education_binary_higher"",""2023_40_education_binary_lower"",""2023_45_education_binary_lower"",""2023_47_education_binary_higher"",""2023_47_education_binary_lower"",""2023_48_education_binary_lower"",""2023_49_education_binary_lower"",""2023_51_education_binary_lower"",""2023_53_education_binary_lower"",""2023_54_education_binary_higher"",""2023_54_education_binary_lower""]",True,-0.07839962997224786
motif_e1b45ea8e38bda1d,e1b45ea8e38bda1de3f4c32f6ce9f1d61a7af0c9873889818674868b3f5574f1,"{""edges"":[[""ARTHRITIS"",""COPD""],[""ARTHRITIS"",""DIABETES""],[""ARTHRITIS"",""ISCHEMIC_HEART_DISEASE""],[""DIABETES"",""ISCHEMIC_HEART_DISEASE""],[""DIABETES"",""KIDNEY_DISEASE""]],""nodes"":[""ARTHRITIS"",""COPD"",""DIABETES"",""ISCHEMIC_HEART_DISEASE"",""KIDNEY_DISEASE""]}",5,5,"[""ARTHRITIS"",""COPD"",""DIABETES"",""ISCHEMIC_HEART_DISEASE"",""KIDNEY_DISEASE""]","[[""ARTHRITIS"",""COPD""],[""ARTHRITIS"",""DIABETES""],[""ARTHRITIS"",""ISCHEMIC_HEART_DISEASE""],[""DIABETES"",""ISCHEMIC_HEART_DISEASE""],[""DIABETES"",""KIDNEY_DISEASE""]]",occ_366b7272bec9d5a0,True,True,False,48,0.5106382978723404,32,47,1.0,45.918,43.0,48.0,47,94,35,0.3723404255319149,28,"[""2023_01_education_binary_higher"",""2023_01_education_binary_lower"",""2023_04_education_binary_higher"",""2023_05_education_binary_lower"",""2023_08_education_binary_lower"",""2023_13_education_binary_lower"",""2023_16_education_binary_lower"",""2023_18_education_binary_higher"",""2023_18_education_binary_lower"",""2023_19_education_binary_higher"",""2023_19_education_binary_lower"",""2023_20_education_binary_higher"",""2023_22_education_binary_lower"",""2023_23_education_binary_higher"",""2023_23_education_binary_lower"",""2023_24_education_binary_higher"",""2023_24_education_binary_lower"",""2023_25_education_binary_higher"",""2023_26_education_binary_higher"",""2023_31_education_binary_higher"",""2023_33_education_binary_lower"",""2023_37_education_binary_lower"",""2023_38_education_binary_higher"",""2023_39_education_binary_higher"",""2023_39_education_binary_lower"",""2023_40_education_binary_higher"",""2023_41_education_binary_higher"",""2023_45_education_binary_higher"",""2023_47_education_binary_higher"",""2023_47_education_binary_lower"",""2023_48_education_binary_lower"",""2023_51_education_binary_lower"",""2023_53_education_binary_lower"",""2023_54_education_binary_lower"",""2023_55_education_binary_higher""]",True,-0.1382978723404255
motif_e233cf1dfe3768b5,e233cf1dfe3768b570451e8e274988dd8da08b9e04c9f6ddcccd932ddf7951f8,"{""edges"":[[""ARTHRITIS"",""ISCHEMIC_HEART_DISEASE""],[""COPD"",""CURRENT_ASTHMA""],[""COPD"",""ISCHEMIC_HEART_DISEASE""]],""nodes"":[""ARTHRITIS"",""COPD"",""CURRENT_ASTHMA"",""ISCHEMIC_HEART_DISEASE""]}",4,3,"[""ARTHRITIS"",""COPD"",""CURRENT_ASTHMA"",""ISCHEMIC_HEART_DISEASE""]","[[""ARTHRITIS"",""ISCHEMIC_HEART_DISEASE""],[""COPD"",""CURRENT_ASTHMA""],[""COPD"",""ISCHEMIC_HEART_DISEASE""]]",occ_678f37b59c503592,False,False,False,53,0.5638297872340425,33,47,1.0,51.906,49.0,53.0,47,94,48,0.5106382978723404,34,"[""2023_01_education_binary_lower"",""2023_05_education_binary_higher"",""2023_05_education_binary_lower"",""2023_12_education_binary_higher"",""2023_12_education_binary_lower"",""2023_13_education_binary_higher"",""2023_13_education_binary_lower"",""2023_16_education_binary_lower"",""2023_18_education_binary_higher"",""2023_18_education_binary_lower"",""2023_19_education_binary_lower"",""2023_20_education_binary_lower"",""2023_22_education_binary_lower"",""2023_23_education_binary_higher"",""2023_23_education_binary_lower"",""2023_24_education_binary_lower"",""2023_25_education_binary_higher"",""2023_26_education_binary_higher"",""2023_26_education_binary_lower"",""2023_27_education_binary_lower"",""2023_28_education_binary_lower"",""2023_29_education_binary_lower"",""2023_30_education_binary_lower"",""2023_31_education_binary_lower"",""2023_36_education_binary_lower"",""2023_39_education_binary_higher"",""2023_39_education_binary_lower"",""2023_40_education_binary_higher"",""2023_40_education_binary_lower"",""2023_41_education_binary_higher"",""2023_44_education_binary_higher"",""2023_45_education_binary_higher"",""2023_45_education_binary_lower"",""2023_46_education_binary_lower"",""2023_47_education_binary_higher"",""2023_47_education_binary_lower"",""2023_48_education_binary_lower"",""2023_49_education_binary_lower"",""2023_50_education_binary_lower"",""2023_51_education_binary_lower"",""2023_53_education_binary_higher"",""2023_53_education_binary_lower"",""2023_54_education_binary_higher"",""2023_54_education_binary_lower"",""2023_55_education_binary_higher"",""2023_55_education_binary_lower"",""2023_56_education_binary_higher"",""2023_56_education_binary_lower""]",True,-0.05319148936170215
motif_e2e373750f40345c,e2e373750f40345cbf2532df6e671167949d8a6d5ac9698577f820ecc0fdcbe5,"{""edges"":[[""ARTHRITIS"",""COPD""],[""ARTHRITIS"",""DIABETES""],[""COPD"",""ISCHEMIC_HEART_DISEASE""]],""nodes"":[""ARTHRITIS"",""COPD"",""DIABETES"",""ISCHEMIC_HEART_DISEASE""]}",4,3,"[""ARTHRITIS"",""COPD"",""DIABETES"",""ISCHEMIC_HEART_DISEASE""]","[[""ARTHRITIS"",""COPD""],[""ARTHRITIS"",""DIABETES""],[""COPD"",""ISCHEMIC_HEART_DISEASE""]]",occ_e6f4ddddec4acc33,True,True,False,54,0.574468085106383,34,47,1.0,52.682,50.0,54.0,47,94,48,0.5106382978723404,35,"[""2023_01_education_binary_lower"",""2023_05_education_binary_higher"",""2023_05_education_binary_lower"",""2023_10_education_binary_higher"",""2023_12_education_binary_lower"",""2023_13_education_binary_higher"",""2023_13_education_binary_lower"",""2023_16_education_binary_lower"",""2023_18_education_binary_higher"",""2023_18_education_binary_lower"",""2023_19_education_binary_lower"",""2023_22_education_binary_lower"",""2023_23_education_binary_higher"",""2023_23_education_binary_lower"",""2023_24_education_binary_lower"",""2023_25_education_binary_higher"",""2023_26_education_binary_higher"",""2023_26_education_binary_lower"",""2023_27_education_binary_lower"",""2023_28_education_binary_lower"",""2023_29_education_binary_higher"",""2023_29_education_binary_lower"",""2023_30_education_binary_lower"",""2023_31_education_binary_higher"",""2023_31_education_binary_lower"",""2023_36_education_binary_lower"",""2023_37_education_binary_lower"",""2023_38_education_binary_higher"",""2023_39_education_binary_higher"",""2023_39_education_binary_lower"",""2023_40_education_binary_higher"",""2023_40_education_binary_lower"",""2023_41_education_binary_higher"",""2023_44_education_binary_higher"",""2023_45_education_binary_higher"",""2023_45_education_binary_lower"",""2023_46_education_binary_higher"",""2023_47_education_binary_higher"",""2023_47_education_binary_lower"",""2023_48_education_binary_lower"",""2023_49_education_binary_lower"",""2023_51_education_binary_lower"",""2023_53_education_binary_lower"",""2023_54_education_binary_higher"",""2023_54_education_binary_lower"",""2023_55_education_binary_higher"",""2023_55_education_binary_lower"",""2023_56_education_binary_higher""]",True,-0.06382978723404265
motif_e390ceeffbb5a40b,e390ceeffbb5a40b5457ea0902f4522b836a40742521843b2c9ac77fcff39dc7,"{""edges"":[[""DIABETES"",""ISCHEMIC_HEART_DISEASE""],[""DIABETES"",""KIDNEY_DISEASE""],[""ISCHEMIC_HEART_DISEASE"",""KIDNEY_DISEASE""]],""nodes"":[""DIABETES"",""ISCHEMIC_HEART_DISEASE"",""KIDNEY_DISEASE""]}",3,3,"[""DIABETES"",""ISCHEMIC_HEART_DISEASE"",""KIDNEY_DISEASE""]","[[""DIABETES"",""ISCHEMIC_HEART_DISEASE""],[""DIABETES"",""KIDNEY_DISEASE""],[""ISCHEMIC_HEART_DISEASE"",""KIDNEY_DISEASE""]]",occ_a91c274c3eec68e9,True,True,False,38,0.4042553191489361,28,47,1.0,35.912,33.0,38.0,46,92,25,0.2717391304347826,22,"[""2023_01_education_binary_lower"",""2023_04_education_binary_lower"",""2023_05_education_binary_lower"",""2023_12_education_binary_higher"",""2023_18_education_binary_higher"",""2023_18_education_binary_lower"",""2023_22_education_binary_lower"",""2023_23_education_binary_higher"",""2023_24_education_binary_higher"",""2023_26_education_binary_higher"",""2023_31_education_binary_higher"",""2023_33_education_binary_lower"",""2023_35_education_binary_higher"",""2023_37_education_binary_lower"",""2023_38_education_binary_higher"",""2023_39_education_binary_higher"",""2023_39_education_binary_lower"",""2023_40_education_binary_higher"",""2023_47_education_binary_higher"",""2023_47_education_binary_lower"",""2023_48_education_binary_lower"",""2023_50_education_binary_higher"",""2023_51_education_binary_lower"",""2023_53_education_binary_lower"",""2023_54_education_binary_lower""]",True,-0.1325161887141535
motif_e515cabc007964a7,e515cabc007964a7062ba94a10725dfb6472ba121cdad92da3920c07250708ef,"{""edges"":[[""ARTHRITIS"",""DIABETES""],[""DIABETES"",""ISCHEMIC_HEART_DISEASE""]],""nodes"":[""ARTHRITIS"",""DIABETES"",""ISCHEMIC_HEART_DISEASE""]}",3,2,"[""ARTHRITIS"",""DIABETES"",""ISCHEMIC_HEART_DISEASE""]","[[""ARTHRITIS"",""DIABETES""],[""DIABETES"",""ISCHEMIC_HEART_DISEASE""]]",occ_398e77fd6d6b46b9,True,True,False,64,0.6808510638297872,38,47,1.0,62.482,60.0,64.0,47,94,57,0.6063829787234043,42,"[""2023_01_education_binary_higher"",""2023_01_education_binary_lower"",""2023_02_education_binary_lower"",""2023_04_education_binary_higher"",""2023_04_education_binary_lower"",""2023_05_education_binary_higher"",""2023_05_education_binary_lower"",""2023_06_education_binary_lower"",""2023_08_education_binary_lower"",""2023_09_education_binary_higher"",""2023_13_education_binary_higher"",""2023_13_education_binary_lower"",""2023_15_education_binary_lower"",""2023_16_education_binary_lower"",""2023_17_education_binary_higher"",""2023_18_education_binary_higher"",""2023_18_education_binary_lower"",""2023_19_education_binary_higher"",""2023_19_education_binary_lower"",""2023_20_education_binary_higher"",""2023_22_education_binary_lower"",""2023_23_education_binary_higher"",""2023_23_education_binary_lower"",""2023_24_education_binary_higher"",""2023_24_education_binary_lower"",""2023_25_education_binary_higher"",""2023_26_education_binary_higher"",""2023_27_education_binary_lower"",""2023_28_education_binary_lower"",""2023_29_education_binary_higher"",""2023_30_education_binary_lower"",""2023_31_education_binary_higher"",""2023_33_education_binary_lower"",""2023_34_education_binary_lower"",""2023_36_education_binary_lower"",""2023_37_education_binary_lower"",""2023_38_education_binary_higher"",""2023_39_education_binary_higher"",""2023_39_education_binary_lower"",""2023_40_education_binary_higher"",""2023_41_education_binary_higher"",""2023_44_education_binary_higher"",""2023_45_education_binary_higher"",""2023_45_education_binary_lower"",""2023_47_education_binary_higher"",""2023_47_education_binary_lower"",""2023_48_education_binary_lower"",""2023_49_education_binary_higher"",""2023_49_education_binary_lower"",""2023_51_education_binary_lower"",""2023_53_education_binary_higher"",""2023_53_education_binary_lower"",""2023_54_education_binary_higher"",""2023_54_education_binary_lower"",""2023_55_education_binary_higher"",""2023_55_education_binary_lower"",""2023_56_education_binary_higher""]",True,-0.07446808510638292
motif_e51d13cc35f9cbc0,e51d13cc35f9cbc04ceb569c256874e14e4e74b6b7fb420f74ca69459b9d3ee3,"{""edges"":[[""ARTHRITIS"",""COPD""],[""ARTHRITIS"",""KIDNEY_DISEASE""],[""COPD"",""ISCHEMIC_HEART_DISEASE""],[""DIABETES"",""KIDNEY_DISEASE""]],""nodes"":[""ARTHRITIS"",""COPD"",""DIABETES"",""ISCHEMIC_HEART_DISEASE"",""KIDNEY_DISEASE""]}",5,4,"[""ARTHRITIS"",""COPD"",""DIABETES"",""ISCHEMIC_HEART_DISEASE"",""KIDNEY_DISEASE""]","[[""ARTHRITIS"",""COPD""],[""ARTHRITIS"",""KIDNEY_DISEASE""],[""COPD"",""ISCHEMIC_HEART_DISEASE""],[""DIABETES"",""KIDNEY_DISEASE""]]",occ_0cb401955779692b,True,True,False,29,0.3085106382978723,21,47,1.0,27.518,25.0,29.0,47,94,21,0.22340425531914893,18,"[""2023_01_education_binary_lower"",""2023_05_education_binary_lower"",""2023_13_education_binary_lower"",""2023_18_education_binary_higher"",""2023_18_education_binary_lower"",""2023_19_education_binary_lower"",""2023_22_education_binary_lower"",""2023_23_education_binary_lower"",""2023_25_education_binary_higher"",""2023_26_education_binary_lower"",""2023_29_education_binary_higher"",""2023_37_education_binary_lower"",""2023_39_education_binary_higher"",""2023_39_education_binary_lower"",""2023_40_education_binary_higher"",""2023_45_education_binary_higher"",""2023_47_education_binary_higher"",""2023_47_education_binary_lower"",""2023_48_education_binary_lower"",""2023_51_education_binary_lower"",""2023_53_education_binary_lower""]",True,-0.08510638297872336
motif_e5793275baa46474,e5793275baa464741b0b9a5bd9c8c4160216dfeeb5896cc76b6a1771481e9419,"{""edges"":[[""ARTHRITIS"",""ISCHEMIC_HEART_DISEASE""],[""DIABETES"",""ISCHEMIC_HEART_DISEASE""],[""ISCHEMIC_HEART_DISEASE"",""STROKE""]],""nodes"":[""ARTHRITIS"",""DIABETES"",""ISCHEMIC_HEART_DISEASE"",""STROKE""]}",4,3,"[""ARTHRITIS"",""DIABETES"",""ISCHEMIC_HEART_DISEASE"",""STROKE""]","[[""ARTHRITIS"",""ISCHEMIC_HEART_DISEASE""],[""DIABETES"",""ISCHEMIC_HEART_DISEASE""],[""ISCHEMIC_HEART_DISEASE"",""STROKE""]]",occ_565edd10c031d421,True,True,False,60,0.6382978723404256,36,47,1.0,58.178,55.0,60.0,47,94,50,0.5319148936170213,38,"[""2023_01_education_binary_lower"",""2023_04_education_binary_higher"",""2023_04_education_binary_lower"",""2023_05_education_binary_higher"",""2023_05_education_binary_lower"",""2023_06_education_binary_higher"",""2023_08_education_binary_lower"",""2023_09_education_binary_lower"",""2023_12_education_binary_higher"",""2023_13_education_binary_lower"",""2023_16_education_binary_lower"",""2023_18_education_binary_higher"",""2023_18_education_binary_lower"",""2023_19_education_binary_higher"",""2023_19_education_binary_lower"",""2023_20_education_binary_higher"",""2023_20_education_binary_lower"",""2023_22_education_binary_lower"",""2023_23_education_binary_higher"",""2023_23_education_binary_lower"",""2023_24_education_binary_lower"",""2023_25_education_binary_higher"",""2023_26_education_binary_higher"",""2023_27_education_binary_lower"",""2023_30_education_binary_lower"",""2023_31_education_binary_higher"",""2023_33_education_binary_lower"",""2023_36_education_binary_lower"",""2023_37_education_binary_lower"",""2023_38_education_binary_higher"",""2023_39_education_binary_higher"",""2023_39_education_binary_lower"",""2023_40_education_binary_higher"",""2023_41_education_binary_higher"",""2023_44_education_binary_higher"",""2023_45_education_binary_higher"",""2023_45_education_binary_lower"",""2023_47_education_binary_higher"",""2023_47_education_binary_lower"",""2023_48_education_binary_lower"",""2023_49_education_binary_lower"",""2023_50_education_binary_higher"",""2023_51_education_binary_lower"",""2023_53_education_binary_higher"",""2023_53_education_binary_lower"",""2023_54_education_binary_higher"",""2023_54_education_binary_lower"",""2023_55_education_binary_higher"",""2023_55_education_binary_lower"",""2023_56_education_binary_higher""]",True,-0.1063829787234043
motif_e5a69fb349d827dd,e5a69fb349d827dd3f6d076740848314e6100874933c64eeeb6e874e5f82c40c,"{""edges"":[[""ARTHRITIS"",""COPD""],[""ARTHRITIS"",""ISCHEMIC_HEART_DISEASE""],[""DIABETES"",""KIDNEY_DISEASE""],[""ISCHEMIC_HEART_DISEASE"",""KIDNEY_DISEASE""]],""nodes"":[""ARTHRITIS"",""COPD"",""DIABETES"",""ISCHEMIC_HEART_DISEASE"",""KIDNEY_DISEASE""]}",5,4,"[""ARTHRITIS"",""COPD"",""DIABETES"",""ISCHEMIC_HEART_DISEASE"",""KIDNEY_DISEASE""]","[[""ARTHRITIS"",""COPD""],[""ARTHRITIS"",""ISCHEMIC_HEART_DISEASE""],[""DIABETES"",""KIDNEY_DISEASE""],[""ISCHEMIC_HEART_DISEASE"",""KIDNEY_DISEASE""]]",occ_8751f0d18b20b55b,True,True,False,37,0.3936170212765957,28,47,1.0,34.876,32.0,37.0,46,92,24,0.2608695652173913,20,"[""2023_01_education_binary_lower"",""2023_05_education_binary_lower"",""2023_12_education_binary_higher"",""2023_12_education_binary_lower"",""2023_18_education_binary_higher"",""2023_18_education_binary_lower"",""2023_22_education_binary_lower"",""2023_23_education_binary_higher"",""2023_24_education_binary_higher"",""2023_26_education_binary_higher"",""2023_31_education_binary_higher"",""2023_33_education_binary_lower"",""2023_37_education_binary_lower"",""2023_38_education_binary_higher"",""2023_39_education_binary_higher"",""2023_39_education_binary_lower"",""2023_40_education_binary_higher"",""2023_47_education_binary_higher"",""2023_47_education_binary_lower"",""2023_48_education_binary_lower"",""2023_50_education_binary_higher"",""2023_51_education_binary_lower"",""2023_53_education_binary_lower"",""2023_54_education_binary_lower""]",True,-0.1327474560592044
motif_e5b4b238cd487bc9,e5b4b238cd487bc93ff06300f17170d93bafbe943d5d3eb7d5ff474ef9629018,"{""edges"":[[""ARTHRITIS"",""COPD""],[""ARTHRITIS"",""ISCHEMIC_HEART_DISEASE""],[""DIABETES"",""ISCHEMIC_HEART_DISEASE""],[""DIABETES"",""KIDNEY_DISEASE""]],""nodes"":[""ARTHRITIS"",""COPD"",""DIABETES"",""ISCHEMIC_HEART_DISEASE"",""KIDNEY_DISEASE""]}",5,4,"[""ARTHRITIS"",""COPD"",""DIABETES"",""ISCHEMIC_HEART_DISEASE"",""KIDNEY_DISEASE""]","[[""ARTHRITIS"",""COPD""],[""ARTHRITIS"",""ISCHEMIC_HEART_DISEASE""],[""DIABETES"",""ISCHEMIC_HEART_DISEASE""],[""DIABETES"",""KIDNEY_DISEASE""]]",occ_d68da586547013cf,True,True,False,52,0.5531914893617021,35,47,1.0,49.91,47.0,52.0,47,94,39,0.4148936170212766,32,"[""2023_01_education_binary_higher"",""2023_01_education_binary_lower"",""2023_04_education_binary_higher"",""2023_05_education_binary_lower"",""2023_06_education_binary_higher"",""2023_08_education_binary_lower"",""2023_09_education_binary_lower"",""2023_12_education_binary_higher"",""2023_13_education_binary_lower"",""2023_16_education_binary_lower"",""2023_18_education_binary_higher"",""2023_18_education_binary_lower"",""2023_19_education_binary_higher"",""2023_19_education_binary_lower"",""2023_20_education_binary_higher"",""2023_22_education_binary_lower"",""2023_23_education_binary_higher"",""2023_23_education_binary_lower"",""2023_24_education_binary_higher"",""2023_24_education_binary_lower"",""2023_25_education_binary_higher"",""2023_26_education_binary_higher"",""2023_31_education_binary_higher"",""2023_33_education_binary_lower"",""2023_37_education_binary_lower"",""2023_38_education_binary_higher"",""2023_39_education_binary_higher"",""2023_39_education_binary_lower"",""2023_40_education_binary_higher"",""2023_41_education_binary_higher"",""2023_45_education_binary_higher"",""2023_47_education_binary_higher"",""2023_47_education_binary_lower"",""2023_48_education_binary_lower"",""2023_50_education_binary_higher"",""2023_51_education_binary_lower"",""2023_53_education_binary_lower"",""2023_54_education_binary_lower"",""2023_55_education_binary_higher""]",True,-0.13829787234042556
motif_e744486a4774c589,e744486a4774c5892f638ccaa27cde3c40aa96abdffe797495f1bde31927fc26,"{""edges"":[[""ARTHRITIS"",""KIDNEY_DISEASE""],[""DIABETES"",""KIDNEY_DISEASE""]],""nodes"":[""ARTHRITIS"",""DIABETES"",""KIDNEY_DISEASE""]}",3,2,"[""ARTHRITIS"",""DIABETES"",""KIDNEY_DISEASE""]","[[""ARTHRITIS"",""KIDNEY_DISEASE""],[""DIABETES"",""KIDNEY_DISEASE""]]",occ_d43fde697ad838ba,True,True,False,40,0.425531914893617,29,47,1.0,38.4,36.0,40.0,47,94,27,0.2872340425531915,22,"[""2023_01_education_binary_lower"",""2023_02_education_binary_higher"",""2023_04_education_binary_higher"",""2023_05_education_binary_lower"",""2023_13_education_binary_lower"",""2023_18_education_binary_higher"",""2023_18_education_binary_lower"",""2023_19_education_binary_lower"",""2023_22_education_binary_higher"",""2023_22_education_binary_lower"",""2023_23_education_binary_lower"",""2023_25_education_binary_higher"",""2023_26_education_binary_lower"",""2023_29_education_binary_higher"",""2023_34_education_binary_higher"",""2023_37_education_binary_lower"",""2023_38_education_binary_lower"",""2023_39_education_binary_higher"",""2023_39_education_binary_lower"",""2023_40_education_binary_higher"",""2023_45_education_binary_higher"",""2023_47_education_binary_higher"",""2023_47_education_binary_lower"",""2023_48_education_binary_lower"",""2023_51_education_binary_lower"",""2023_53_education_binary_higher"",""2023_53_education_binary_lower""]",True,-0.1382978723404255
motif_e7b47efe0af02072,e7b47efe0af02072982c02c5336ca1d669f551c89f6aea32e35f71c7736b4bba,"{""edges"":[[""COPD"",""CURRENT_ASTHMA""],[""COPD"",""ISCHEMIC_HEART_DISEASE""],[""ISCHEMIC_HEART_DISEASE"",""KIDNEY_DISEASE""]],""nodes"":[""COPD"",""CURRENT_ASTHMA"",""ISCHEMIC_HEART_DISEASE"",""KIDNEY_DISEASE""]}",4,3,"[""COPD"",""CURRENT_ASTHMA"",""ISCHEMIC_HEART_DISEASE"",""KIDNEY_DISEASE""]","[[""COPD"",""CURRENT_ASTHMA""],[""COPD"",""ISCHEMIC_HEART_DISEASE""],[""ISCHEMIC_HEART_DISEASE"",""KIDNEY_DISEASE""]]",occ_aa03079f8836392f,False,False,False,34,0.3617021276595745,25,47,1.0,32.516,30.0,34.0,46,92,27,0.29347826086956524,20,"[""2023_01_education_binary_lower"",""2023_05_education_binary_higher"",""2023_05_education_binary_lower"",""2023_12_education_binary_higher"",""2023_12_education_binary_lower"",""2023_18_education_binary_higher"",""2023_18_education_binary_lower"",""2023_20_education_binary_lower"",""2023_22_education_binary_lower"",""2023_23_education_binary_higher"",""2023_26_education_binary_higher"",""2023_28_education_binary_lower"",""2023_31_education_binary_lower"",""2023_36_education_binary_lower"",""2023_39_education_binary_higher"",""2023_39_education_binary_lower"",""2023_40_education_binary_higher"",""2023_40_education_binary_lower"",""2023_45_education_binary_lower"",""2023_47_education_binary_higher"",""2023_47_education_binary_lower"",""2023_48_education_binary_lower"",""2023_49_education_binary_lower"",""2023_51_education_binary_lower"",""2023_53_education_binary_lower"",""2023_54_education_binary_higher"",""2023_54_education_binary_lower""]",True,-0.06822386679000925
motif_e7b678b80985a50a,e7b678b80985a50a0264fefdd7acbd5d03f10cf0acd2dbd735ec2878e5edd790,"{""edges"":[[""ARTHRITIS"",""DIABETES""],[""COPD"",""ISCHEMIC_HEART_DISEASE""],[""DIABETES"",""ISCHEMIC_HEART_DISEASE""]],""nodes"":[""ARTHRITIS"",""COPD"",""DIABETES"",""ISCHEMIC_HEART_DISEASE""]}",4,3,"[""ARTHRITIS"",""COPD"",""DIABETES"",""ISCHEMIC_HEART_DISEASE""]","[[""ARTHRITIS"",""DIABETES""],[""COPD"",""ISCHEMIC_HEART_DISEASE""],[""DIABETES"",""ISCHEMIC_HEART_DISEASE""]]",occ_f0141fe9a39c0159,False,False,False,47,0.5,31,47,1.0,45.714,43.0,47.0,47,94,42,0.44680851063829785,32,"[""2023_01_education_binary_lower"",""2023_05_education_binary_higher"",""2023_05_education_binary_lower"",""2023_13_education_binary_higher"",""2023_13_education_binary_lower"",""2023_16_education_binary_lower"",""2023_18_education_binary_higher"",""2023_18_education_binary_lower"",""2023_19_education_binary_lower"",""2023_22_education_binary_lower"",""2023_23_education_binary_higher"",""2023_23_education_binary_lower"",""2023_24_education_binary_lower"",""2023_25_education_binary_higher"",""2023_26_education_binary_higher"",""2023_27_education_binary_lower"",""2023_28_education_binary_lower"",""2023_29_education_binary_higher"",""2023_30_education_binary_lower"",""2023_31_education_binary_higher"",""2023_36_education_binary_lower"",""2023_37_education_binary_lower"",""2023_38_education_binary_higher"",""2023_39_education_binary_higher"",""2023_39_education_binary_lower"",""2023_40_education_binary_higher"",""2023_41_education_binary_higher"",""2023_44_education_binary_higher"",""2023_45_education_binary_higher"",""2023_45_education_binary_lower"",""2023_47_education_binary_higher"",""2023_47_education_binary_lower"",""2023_48_education_binary_lower"",""2023_49_education_binary_lower"",""2023_51_education_binary_lower"",""2023_53_education_binary_higher"",""2023_53_education_binary_lower"",""2023_54_education_binary_higher"",""2023_54_education_binary_lower"",""2023_55_education_binary_higher"",""2023_55_education_binary_lower"",""2023_56_education_binary_higher""]",True,-0.05319148936170215
motif_e7faaf909e70ba88,e7faaf909e70ba88e56a25c4fee18f3dcb082fc63800d1627c04f915daf50d42,"{""edges"":[[""ARTHRITIS"",""DIABETES""],[""ARTHRITIS"",""ISCHEMIC_HEART_DISEASE""],[""ARTHRITIS"",""KIDNEY_DISEASE""],[""COPD"",""ISCHEMIC_HEART_DISEASE""],[""DIABETES"",""KIDNEY_DISEASE""]],""nodes"":[""ARTHRITIS"",""COPD"",""DIABETES"",""ISCHEMIC_HEART_DISEASE"",""KIDNEY_DISEASE""]}",5,5,"[""ARTHRITIS"",""COPD"",""DIABETES"",""ISCHEMIC_HEART_DISEASE"",""KIDNEY_DISEASE""]","[[""ARTHRITIS"",""DIABETES""],[""ARTHRITIS"",""ISCHEMIC_HEART_DISEASE""],[""ARTHRITIS"",""KIDNEY_DISEASE""],[""COPD"",""ISCHEMIC_HEART_DISEASE""],[""DIABETES"",""KIDNEY_DISEASE""]]",occ_b4507ed6fcb4445d,False,False,False,27,0.2872340425531915,19,47,1.0,25.634,23.0,27.0,47,94,21,0.22340425531914893,17,"[""2023_01_education_binary_lower"",""2023_05_education_binary_lower"",""2023_13_education_binary_lower"",""2023_18_education_binary_higher"",""2023_18_education_binary_lower"",""2023_19_education_binary_lower"",""2023_22_education_binary_lower"",""2023_23_education_binary_lower"",""2023_25_education_binary_higher"",""2023_26_education_binary_lower"",""2023_37_education_binary_lower"",""2023_39_education_binary_higher"",""2023_39_education_binary_lower"",""2023_40_education_binary_higher"",""2023_45_education_binary_higher"",""2023_47_education_binary_higher"",""2023_47_education_binary_lower"",""2023_48_education_binary_lower"",""2023_51_education_binary_lower"",""2023_53_education_binary_higher"",""2023_53_education_binary_lower""]",True,-0.06382978723404259
motif_e867f6bd35d65ed5,e867f6bd35d65ed558fbacee26a69785a14e6de24b454651591bf22630618364,"{""edges"":[[""ARTHRITIS"",""COPD""],[""ARTHRITIS"",""DIABETES""],[""DIABETES"",""KIDNEY_DISEASE""]],""nodes"":[""ARTHRITIS"",""COPD"",""DIABETES"",""KIDNEY_DISEASE""]}",4,3,"[""ARTHRITIS"",""COPD"",""DIABETES"",""KIDNEY_DISEASE""]","[[""ARTHRITIS"",""COPD""],[""ARTHRITIS"",""DIABETES""],[""DIABETES"",""KIDNEY_DISEASE""]]",occ_b793e0a8fd6feb4c,False,False,False,56,0.5957446808510638,36,47,1.0,53.916,51.0,56.0,47,94,48,0.5106382978723404,35,"[""2023_01_education_binary_higher"",""2023_01_education_binary_lower"",""2023_02_education_binary_higher"",""2023_04_education_binary_higher"",""2023_05_education_binary_lower"",""2023_08_education_binary_lower"",""2023_09_education_binary_higher"",""2023_10_education_binary_lower"",""2023_12_education_binary_lower"",""2023_13_education_binary_lower"",""2023_16_education_binary_higher"",""2023_16_education_binary_lower"",""2023_17_education_binary_higher"",""2023_17_education_binary_lower"",""2023_18_education_binary_higher"",""2023_18_education_binary_lower"",""2023_19_education_binary_higher"",""2023_19_education_binary_lower"",""2023_20_education_binary_higher"",""2023_22_education_binary_lower"",""2023_23_education_binary_higher"",""2023_23_education_binary_lower"",""2023_24_education_binary_higher"",""2023_24_education_binary_lower"",""2023_25_education_binary_higher"",""2023_26_education_binary_higher"",""2023_26_education_binary_lower"",""2023_29_education_binary_higher"",""2023_29_education_binary_lower"",""2023_30_education_binary_higher"",""2023_31_education_binary_higher"",""2023_33_education_binary_lower"",""2023_37_education_binary_lower"",""2023_38_education_binary_higher"",""2023_38_education_binary_lower"",""2023_39_education_binary_higher"",""2023_39_education_binary_lower"",""2023_40_education_binary_higher"",""2023_41_education_binary_higher"",""2023_45_education_binary_higher"",""2023_47_education_binary_higher"",""2023_47_education_binary_lower"",""2023_48_education_binary_lower"",""2023_51_education_binary_higher"",""2023_51_education_binary_lower"",""2023_53_education_binary_lower"",""2023_54_education_binary_lower"",""2023_55_education_binary_higher""]",True,-0.08510638297872342
motif_e897bd616681fc9e,e897bd616681fc9e8fccd311419425cbd3da6710cea52811f41b235c2d93fd4a,"{""edges"":[[""COPD"",""CURRENT_ASTHMA""],[""COPD"",""ISCHEMIC_HEART_DISEASE""],[""CURRENT_ASTHMA"",""DEPRESSIVE_DISORDER""],[""ISCHEMIC_HEART_DISEASE"",""KIDNEY_DISEASE""]],""nodes"":[""COPD"",""CURRENT_ASTHMA"",""DEPRESSIVE_DISORDER"",""ISCHEMIC_HEART_DISEASE"",""KIDNEY_DISEASE""]}",5,4,"[""COPD"",""CURRENT_ASTHMA"",""DEPRESSIVE_DISORDER"",""ISCHEMIC_HEART_DISEASE"",""KIDNEY_DISEASE""]","[[""COPD"",""CURRENT_ASTHMA""],[""COPD"",""ISCHEMIC_HEART_DISEASE""],[""CURRENT_ASTHMA"",""DEPRESSIVE_DISORDER""],[""ISCHEMIC_HEART_DISEASE"",""KIDNEY_DISEASE""]]",occ_589d49a6609fcc74,True,True,True,22,0.2340425531914893,20,47,0.952,20.708,18.0,22.0,46,92,14,0.15217391304347827,12,"[""2023_01_education_binary_lower"",""2023_12_education_binary_lower"",""2023_18_education_binary_higher"",""2023_18_education_binary_lower"",""2023_22_education_binary_lower"",""2023_23_education_binary_higher"",""2023_28_education_binary_lower"",""2023_36_education_binary_lower"",""2023_40_education_binary_higher"",""2023_47_education_binary_lower"",""2023_49_education_binary_lower"",""2023_53_education_binary_lower"",""2023_54_education_binary_higher"",""2023_54_education_binary_lower""]",False,-0.08186864014801104
motif_e8cc14ed19806fcc,e8cc14ed19806fcc7a6681c02732077fa5f1f8297d56fef8953ed9d65c416ff5,"{""edges"":[[""ARTHRITIS"",""DIABETES""],[""ARTHRITIS"",""KIDNEY_DISEASE""],[""DIABETES"",""ISCHEMIC_HEART_DISEASE""],[""DIABETES"",""KIDNEY_DISEASE""]],""nodes"":[""ARTHRITIS"",""DIABETES"",""ISCHEMIC_HEART_DISEASE"",""KIDNEY_DISEASE""]}",4,4,"[""ARTHRITIS"",""DIABETES"",""ISCHEMIC_HEART_DISEASE"",""KIDNEY_DISEASE""]","[[""ARTHRITIS"",""DIABETES""],[""ARTHRITIS"",""KIDNEY_DISEASE""],[""DIABETES"",""ISCHEMIC_HEART_DISEASE""],[""DIABETES"",""KIDNEY_DISEASE""]]",occ_a3e4450a3c1a2e01,False,False,False,32,0.3404255319148936,23,47,1.0,30.67,28.0,32.0,47,94,22,0.23404255319148937,18,"[""2023_01_education_binary_lower"",""2023_04_education_binary_higher"",""2023_05_education_binary_lower"",""2023_13_education_binary_lower"",""2023_18_education_binary_higher"",""2023_18_education_binary_lower"",""2023_19_education_binary_lower"",""2023_22_education_binary_lower"",""2023_23_education_binary_lower"",""2023_25_education_binary_higher"",""2023_29_education_binary_higher"",""2023_37_education_binary_lower"",""2023_39_education_binary_higher"",""2023_39_education_binary_lower"",""2023_40_education_binary_higher"",""2023_45_education_binary_higher"",""2023_47_education_binary_higher"",""2023_47_education_binary_lower"",""2023_48_education_binary_lower"",""2023_51_education_binary_lower"",""2023_53_education_binary_higher"",""2023_53_education_binary_lower""]",True,-0.10638297872340424
motif_e8e7168a0537a3da,e8e7168a0537a3da7700f87d832b28cfa8e6daf9f1893c099a2553aec53e05be,"{""edges"":[[""ARTHRITIS"",""COPD""],[""ARTHRITIS"",""DIABETES""],[""ARTHRITIS"",""ISCHEMIC_HEART_DISEASE""],[""COPD"",""ISCHEMIC_HEART_DISEASE""],[""DIABETES"",""ISCHEMIC_HEART_DISEASE""],[""DIABETES"",""KIDNEY_DISEASE""],[""ISCHEMIC_HEART_DISEASE"",""KIDNEY_DISEASE""]],""nodes"":[""ARTHRITIS"",""COPD"",""DIABETES"",""ISCHEMIC_HEART_DISEASE"",""KIDNEY_DISEASE""]}",5,7,"[""ARTHRITIS"",""COPD"",""DIABETES"",""ISCHEMIC_HEART_DISEASE"",""KIDNEY_DISEASE""]","[[""ARTHRITIS"",""COPD""],[""ARTHRITIS"",""DIABETES""],[""ARTHRITIS"",""ISCHEMIC_HEART_DISEASE""],[""COPD"",""ISCHEMIC_HEART_DISEASE""],[""DIABETES"",""ISCHEMIC_HEART_DISEASE""],[""DIABETES"",""KIDNEY_DISEASE""],[""ISCHEMIC_HEART_DISEASE"",""KIDNEY_DISEASE""]]",occ_458603a1dae03110,True,True,False,26,0.2765957446808511,20,47,1.0,24.28,22.0,26.0,46,92,19,0.20652173913043478,16,"[""2023_01_education_binary_lower"",""2023_05_education_binary_lower"",""2023_18_education_binary_higher"",""2023_18_education_binary_lower"",""2023_22_education_binary_lower"",""2023_23_education_binary_higher"",""2023_26_education_binary_higher"",""2023_31_education_binary_higher"",""2023_37_education_binary_lower"",""2023_38_education_binary_higher"",""2023_39_education_binary_higher"",""2023_39_education_binary_lower"",""2023_40_education_binary_higher"",""2023_47_education_binary_higher"",""2023_47_education_binary_lower"",""2023_48_education_binary_lower"",""2023_51_education_binary_lower"",""2023_53_education_binary_lower"",""2023_54_education_binary_lower""]",True,-0.07007400555041629
motif_e93a5794cad1d099,e93a5794cad1d09999f57097577f0fffb1231649061cd996d77ef627c2b3946e,"{""edges"":[[""ARTHRITIS"",""COPD""],[""ARTHRITIS"",""KIDNEY_DISEASE""],[""COPD"",""CURRENT_ASTHMA""],[""ISCHEMIC_HEART_DISEASE"",""KIDNEY_DISEASE""]],""nodes"":[""ARTHRITIS"",""COPD"",""CURRENT_ASTHMA"",""ISCHEMIC_HEART_DISEASE"",""KIDNEY_DISEASE""]}",5,4,"[""ARTHRITIS"",""COPD"",""CURRENT_ASTHMA"",""ISCHEMIC_HEART_DISEASE"",""KIDNEY_DISEASE""]","[[""ARTHRITIS"",""COPD""],[""ARTHRITIS"",""KIDNEY_DISEASE""],[""COPD"",""CURRENT_ASTHMA""],[""ISCHEMIC_HEART_DISEASE"",""KIDNEY_DISEASE""]]",occ_d2f6817e53ff6e57,True,True,False,24,0.2553191489361702,17,47,0.996,22.584,20.0,24.0,46,92,17,0.18478260869565216,13,"[""2023_01_education_binary_lower"",""2023_05_education_binary_lower"",""2023_18_education_binary_higher"",""2023_18_education_binary_lower"",""2023_22_education_binary_lower"",""2023_39_education_binary_higher"",""2023_39_education_binary_lower"",""2023_40_education_binary_higher"",""2023_40_education_binary_lower"",""2023_41_education_binary_lower"",""2023_45_education_binary_lower"",""2023_47_education_binary_higher"",""2023_47_education_binary_lower"",""2023_48_education_binary_lower"",""2023_49_education_binary_lower"",""2023_51_education_binary_lower"",""2023_53_education_binary_lower""]",False,-0.07053654024051803
motif_e9f2800f2f4139b5,e9f2800f2f4139b56b922a6e825acf735a8f2dcf575e4d8ee391cac9fba62fa5,"{""edges"":[[""ARTHRITIS"",""DIABETES""],[""ARTHRITIS"",""OTHER_CANCER""],[""DIABETES"",""ISCHEMIC_HEART_DISEASE""],[""DIABETES"",""KIDNEY_DISEASE""],[""ISCHEMIC_HEART_DISEASE"",""KIDNEY_DISEASE""]],""nodes"":[""ARTHRITIS"",""DIABETES"",""ISCHEMIC_HEART_DISEASE"",""KIDNEY_DISEASE"",""OTHER_CANCER""]}",5,5,"[""ARTHRITIS"",""DIABETES"",""ISCHEMIC_HEART_DISEASE"",""KIDNEY_DISEASE"",""OTHER_CANCER""]","[[""ARTHRITIS"",""DIABETES""],[""ARTHRITIS"",""OTHER_CANCER""],[""DIABETES"",""ISCHEMIC_HEART_DISEASE""],[""DIABETES"",""KIDNEY_DISEASE""],[""ISCHEMIC_HEART_DISEASE"",""KIDNEY_DISEASE""]]",occ_074adfd60e6198cc,False,False,False,25,0.2659574468085106,18,47,1.0,23.376,21.0,25.0,46,92,18,0.1956521739130435,15,"[""2023_01_education_binary_lower"",""2023_05_education_binary_lower"",""2023_18_education_binary_higher"",""2023_18_education_binary_lower"",""2023_23_education_binary_higher"",""2023_24_education_binary_higher"",""2023_26_education_binary_higher"",""2023_31_education_binary_higher"",""2023_33_education_binary_lower"",""2023_37_education_binary_lower"",""2023_38_education_binary_higher"",""2023_39_education_binary_higher"",""2023_39_education_binary_lower"",""2023_47_education_binary_higher"",""2023_47_education_binary_lower"",""2023_51_education_binary_lower"",""2023_53_education_binary_lower"",""2023_54_education_binary_lower""]",False,-0.07030527289546709
motif_eb030d5e67232bce,eb030d5e67232bcedb027e0e8582235128d450183b662a30ba66b383decd456f,"{""edges"":[[""ARTHRITIS"",""COPD""],[""ARTHRITIS"",""DIABETES""],[""ARTHRITIS"",""SKIN_CANCER""],[""COPD"",""CURRENT_ASTHMA""]],""nodes"":[""ARTHRITIS"",""COPD"",""CURRENT_ASTHMA"",""DIABETES"",""SKIN_CANCER""]}",5,4,"[""ARTHRITIS"",""COPD"",""CURRENT_ASTHMA"",""DIABETES"",""SKIN_CANCER""]","[[""ARTHRITIS"",""COPD""],[""ARTHRITIS"",""DIABETES""],[""ARTHRITIS"",""SKIN_CANCER""],[""COPD"",""CURRENT_ASTHMA""]]",occ_278f580c0ef5e4bd,True,True,True,23,0.2446808510638297,20,47,1.0,21.942,20.0,23.0,47,94,18,0.19148936170212766,16,"[""2023_01_education_binary_higher"",""2023_04_education_binary_higher"",""2023_13_education_binary_lower"",""2023_16_education_binary_lower"",""2023_18_education_binary_higher"",""2023_18_education_binary_lower"",""2023_25_education_binary_higher"",""2023_30_education_binary_lower"",""2023_31_education_binary_lower"",""2023_39_education_binary_lower"",""2023_41_education_binary_higher"",""2023_45_education_binary_lower"",""2023_47_education_binary_lower"",""2023_49_education_binary_lower"",""2023_54_education_binary_higher"",""2023_54_education_binary_lower"",""2023_55_education_binary_lower"",""2023_56_education_binary_higher""]",False,-0.05319148936170204
motif_eba470805227f98f,eba470805227f98fff2dba811e854b85844588145b11ce3f2c435d7fcee727c4,"{""edges"":[[""ARTHRITIS"",""DIABETES""],[""ARTHRITIS"",""OTHER_CANCER""],[""DIABETES"",""ISCHEMIC_HEART_DISEASE""],[""OTHER_CANCER"",""SKIN_CANCER""]],""nodes"":[""ARTHRITIS"",""DIABETES"",""ISCHEMIC_HEART_DISEASE"",""OTHER_CANCER"",""SKIN_CANCER""]}",5,4,"[""ARTHRITIS"",""DIABETES"",""ISCHEMIC_HEART_DISEASE"",""OTHER_CANCER"",""SKIN_CANCER""]","[[""ARTHRITIS"",""DIABETES""],[""ARTHRITIS"",""OTHER_CANCER""],[""DIABETES"",""ISCHEMIC_HEART_DISEASE""],[""OTHER_CANCER"",""SKIN_CANCER""]]",occ_e68006430d3a79a4,True,True,False,49,0.5212765957446809,32,47,1.0,46.968,44.0,49.0,47,94,44,0.46808510638297873,32,"[""2023_01_education_binary_lower"",""2023_02_education_binary_lower"",""2023_04_education_binary_higher"",""2023_05_education_binary_higher"",""2023_05_education_binary_lower"",""2023_09_education_binary_higher"",""2023_13_education_binary_higher"",""2023_13_education_binary_lower"",""2023_16_education_binary_lower"",""2023_17_education_binary_higher"",""2023_18_education_binary_higher"",""2023_18_education_binary_lower"",""2023_19_education_binary_lower"",""2023_20_education_binary_higher"",""2023_23_education_binary_higher"",""2023_23_education_binary_lower"",""2023_24_education_binary_higher"",""2023_24_education_binary_lower"",""2023_25_education_binary_higher"",""2023_26_education_binary_higher"",""2023_27_education_binary_lower"",""2023_29_education_binary_higher"",""2023_30_education_binary_lower"",""2023_31_education_binary_higher"",""2023_33_education_binary_lower"",""2023_34_education_binary_lower"",""2023_36_education_binary_lower"",""2023_38_education_binary_higher"",""2023_39_education_binary_higher"",""2023_39_education_binary_lower"",""2023_41_education_binary_higher"",""2023_44_education_binary_higher"",""2023_45_education_binary_higher"",""2023_45_education_binary_lower"",""2023_47_education_binary_higher"",""2023_47_education_binary_lower"",""2023_49_education_binary_higher"",""2023_49_education_binary_lower"",""2023_53_education_binary_higher"",""2023_53_education_binary_lower"",""2023_54_education_binary_higher"",""2023_54_education_binary_lower"",""2023_55_education_binary_higher"",""2023_55_education_binary_lower""]",True,-0.05319148936170215
motif_ebb94316f5d3356b,ebb94316f5d3356b6f0bdd068142be315889c4cd08d09d58788d485360aa2c39,"{""edges"":[[""ARTHRITIS"",""COPD""],[""ARTHRITIS"",""DIABETES""],[""COPD"",""ISCHEMIC_HEART_DISEASE""],[""DIABETES"",""KIDNEY_DISEASE""]],""nodes"":[""ARTHRITIS"",""COPD"",""DIABETES"",""ISCHEMIC_HEART_DISEASE"",""KIDNEY_DISEASE""]}",5,4,"[""ARTHRITIS"",""COPD"",""DIABETES"",""ISCHEMIC_HEART_DISEASE"",""KIDNEY_DISEASE""]","[[""ARTHRITIS"",""COPD""],[""ARTHRITIS"",""DIABETES""],[""COPD"",""ISCHEMIC_HEART_DISEASE""],[""DIABETES"",""KIDNEY_DISEASE""]]",occ_50ccaa50b8d58270,False,False,False,45,0.4787234042553192,31,47,1.0,42.758,40.0,45.0,47,94,32,0.3404255319148936,26,"[""2023_01_education_binary_lower"",""2023_05_education_binary_lower"",""2023_12_education_binary_lower"",""2023_13_education_binary_lower"",""2023_16_education_binary_lower"",""2023_18_education_binary_higher"",""2023_18_education_binary_lower"",""2023_19_education_binary_lower"",""2023_22_education_binary_lower"",""2023_23_education_binary_higher"",""2023_23_education_binary_lower"",""2023_24_education_binary_lower"",""2023_25_education_binary_higher"",""2023_26_education_binary_higher"",""2023_26_education_binary_lower"",""2023_29_education_binary_higher"",""2023_29_education_binary_lower"",""2023_31_education_binary_higher"",""2023_37_education_binary_lower"",""2023_38_education_binary_higher"",""2023_39_education_binary_higher"",""2023_39_education_binary_lower"",""2023_40_education_binary_higher"",""2023_41_education_binary_higher"",""2023_45_education_binary_higher"",""2023_47_education_binary_higher"",""2023_47_education_binary_lower"",""2023_48_education_binary_lower"",""2023_51_education_binary_lower"",""2023_53_education_binary_lower"",""2023_54_education_binary_lower"",""2023_55_education_binary_higher""]",True,-0.13829787234042556
motif_ebed88d2a144263b,ebed88d2a144263bb11b2894be4e4f275ae185267a51eed29d5754d8b8259add,"{""edges"":[[""ARTHRITIS"",""DIABETES""],[""ARTHRITIS"",""ISCHEMIC_HEART_DISEASE""],[""ARTHRITIS"",""OTHER_CANCER""],[""DIABETES"",""ISCHEMIC_HEART_DISEASE""],[""DIABETES"",""KIDNEY_DISEASE""]],""nodes"":[""ARTHRITIS"",""DIABETES"",""ISCHEMIC_HEART_DISEASE"",""KIDNEY_DISEASE"",""OTHER_CANCER""]}",5,5,"[""ARTHRITIS"",""DIABETES"",""ISCHEMIC_HEART_DISEASE"",""KIDNEY_DISEASE"",""OTHER_CANCER""]","[[""ARTHRITIS"",""DIABETES""],[""ARTHRITIS"",""ISCHEMIC_HEART_DISEASE""],[""ARTHRITIS"",""OTHER_CANCER""],[""DIABETES"",""ISCHEMIC_HEART_DISEASE""],[""DIABETES"",""KIDNEY_DISEASE""]]",occ_020686f31f7797e8,True,True,False,36,0.3829787234042553,25,47,1.0,34.286,32.0,36.0,47,94,30,0.3191489361702128,24,"[""2023_01_education_binary_lower"",""2023_04_education_binary_higher"",""2023_05_education_binary_lower"",""2023_13_education_binary_lower"",""2023_16_education_binary_lower"",""2023_18_education_binary_higher"",""2023_18_education_binary_lower"",""2023_19_education_binary_lower"",""2023_20_education_binary_higher"",""2023_23_education_binary_higher"",""2023_23_education_binary_lower"",""2023_24_education_binary_higher"",""2023_24_education_binary_lower"",""2023_25_education_binary_higher"",""2023_26_education_binary_higher"",""2023_31_education_binary_higher"",""2023_33_education_binary_lower"",""2023_37_education_binary_lower"",""2023_38_education_binary_higher"",""2023_39_education_binary_higher"",""2023_39_education_binary_lower"",""2023_41_education_binary_higher"",""2023_45_education_binary_higher"",""2023_47_education_binary_higher"",""2023_47_education_binary_lower"",""2023_51_education_binary_lower"",""2023_53_education_binary_higher"",""2023_53_education_binary_lower"",""2023_54_education_binary_lower"",""2023_55_education_binary_higher""]",True,-0.06382978723404253
motif_ec1808fd0b66f7a0,ec1808fd0b66f7a0387401b0ad9444f1d9a9cbfd775692fe26aa6583c0dc84e9,"{""edges"":[[""COPD"",""ISCHEMIC_HEART_DISEASE""],[""DIABETES"",""ISCHEMIC_HEART_DISEASE""],[""ISCHEMIC_HEART_DISEASE"",""STROKE""]],""nodes"":[""COPD"",""DIABETES"",""ISCHEMIC_HEART_DISEASE"",""STROKE""]}",4,3,"[""COPD"",""DIABETES"",""ISCHEMIC_HEART_DISEASE"",""STROKE""]","[[""COPD"",""ISCHEMIC_HEART_DISEASE""],[""DIABETES"",""ISCHEMIC_HEART_DISEASE""],[""ISCHEMIC_HEART_DISEASE"",""STROKE""]]",occ_5cec7fdfeb3fc2da,False,False,False,49,0.5212765957446809,32,47,1.0,47.212,44.0,49.0,47,94,42,0.44680851063829785,33,"[""2023_01_education_binary_lower"",""2023_05_education_binary_higher"",""2023_05_education_binary_lower"",""2023_12_education_binary_higher"",""2023_13_education_binary_lower"",""2023_16_education_binary_lower"",""2023_18_education_binary_higher"",""2023_18_education_binary_lower"",""2023_19_education_binary_lower"",""2023_20_education_binary_lower"",""2023_22_education_binary_lower"",""2023_23_education_binary_higher"",""2023_23_education_binary_lower"",""2023_24_education_binary_lower"",""2023_25_education_binary_higher"",""2023_26_education_binary_higher"",""2023_27_education_binary_lower"",""2023_29_education_binary_higher"",""2023_30_education_binary_lower"",""2023_31_education_binary_higher"",""2023_36_education_binary_lower"",""2023_37_education_binary_lower"",""2023_38_education_binary_higher"",""2023_39_education_binary_higher"",""2023_39_education_binary_lower"",""2023_40_education_binary_higher"",""2023_41_education_binary_higher"",""2023_44_education_binary_higher"",""2023_45_education_binary_higher"",""2023_45_education_binary_lower"",""2023_47_education_binary_higher"",""2023_47_education_binary_lower"",""2023_48_education_binary_lower"",""2023_49_education_binary_lower"",""2023_51_education_binary_lower"",""2023_53_education_binary_higher"",""2023_53_education_binary_lower"",""2023_54_education_binary_higher"",""2023_54_education_binary_lower"",""2023_55_education_binary_higher"",""2023_55_education_binary_lower"",""2023_56_education_binary_higher""]",True,-0.07446808510638303
motif_ecd6dde695a866b9,ecd6dde695a866b9215d0a17187768fddf75f72404bdc191fc11968cc9e60c16,"{""edges"":[[""ARTHRITIS"",""OTHER_CANCER""],[""ARTHRITIS"",""SKIN_CANCER""]],""nodes"":[""ARTHRITIS"",""OTHER_CANCER"",""SKIN_CANCER""]}",3,2,"[""ARTHRITIS"",""OTHER_CANCER"",""SKIN_CANCER""]","[[""ARTHRITIS"",""OTHER_CANCER""],[""ARTHRITIS"",""SKIN_CANCER""]]",occ_f4be698c7db7c761,False,False,False,29,0.3085106382978723,23,47,1.0,27.972,26.0,29.0,47,94,28,0.2978723404255319,23,"[""2023_04_education_binary_higher"",""2023_06_education_binary_higher"",""2023_08_education_binary_higher"",""2023_09_education_binary_lower"",""2023_10_education_binary_higher"",""2023_10_education_binary_lower"",""2023_12_education_binary_higher"",""2023_13_education_binary_lower"",""2023_16_education_binary_lower"",""2023_18_education_binary_higher"",""2023_18_education_binary_lower"",""2023_25_education_binary_higher"",""2023_30_education_binary_lower"",""2023_31_education_binary_lower"",""2023_33_education_binary_higher"",""2023_38_education_binary_lower"",""2023_39_education_binary_lower"",""2023_41_education_binary_higher"",""2023_45_education_binary_lower"",""2023_47_education_binary_lower"",""2023_49_education_binary_higher"",""2023_49_education_binary_lower"",""2023_50_education_binary_higher"",""2023_50_education_binary_lower"",""2023_53_education_binary_higher"",""2023_54_education_binary_higher"",""2023_54_education_binary_lower"",""2023_55_education_binary_lower""]",True,-0.010638297872340385
motif_ece794950718732c,ece794950718732c87ff3ad07c7758fcab22a063216d96c54bfbffa4581fec3f,"{""edges"":[[""ARTHRITIS"",""COPD""],[""ARTHRITIS"",""OTHER_CANCER""],[""COPD"",""CURRENT_ASTHMA""],[""OTHER_CANCER"",""SKIN_CANCER""]],""nodes"":[""ARTHRITIS"",""COPD"",""CURRENT_ASTHMA"",""OTHER_CANCER"",""SKIN_CANCER""]}",5,4,"[""ARTHRITIS"",""COPD"",""CURRENT_ASTHMA"",""OTHER_CANCER"",""SKIN_CANCER""]","[[""ARTHRITIS"",""COPD""],[""ARTHRITIS"",""OTHER_CANCER""],[""COPD"",""CURRENT_ASTHMA""],[""OTHER_CANCER"",""SKIN_CANCER""]]",occ_9903e798c1781a1c,True,True,False,54,0.574468085106383,35,47,1.0,52.562,50.0,54.0,47,94,53,0.5638297872340425,36,"[""2023_01_education_binary_lower"",""2023_02_education_binary_higher"",""2023_04_education_binary_higher"",""2023_05_education_binary_higher"",""2023_05_education_binary_lower"",""2023_06_education_binary_higher"",""2023_08_education_binary_higher"",""2023_09_education_binary_lower"",""2023_12_education_binary_higher"",""2023_12_education_binary_lower"",""2023_13_education_binary_higher"",""2023_13_education_binary_lower"",""2023_16_education_binary_lower"",""2023_18_education_binary_higher"",""2023_18_education_binary_lower"",""2023_19_education_binary_lower"",""2023_20_education_binary_higher"",""2023_20_education_binary_lower"",""2023_23_education_binary_higher"",""2023_23_education_binary_lower"",""2023_24_education_binary_higher"",""2023_24_education_binary_lower"",""2023_25_education_binary_higher"",""2023_26_education_binary_higher"",""2023_26_education_binary_lower"",""2023_27_education_binary_lower"",""2023_29_education_binary_higher"",""2023_30_education_binary_higher"",""2023_30_education_binary_lower"",""2023_31_education_binary_lower"",""2023_33_education_binary_higher"",""2023_33_education_binary_lower"",""2023_34_education_binary_lower"",""2023_36_education_binary_lower"",""2023_37_education_binary_higher"",""2023_39_education_binary_higher"",""2023_39_education_binary_lower"",""2023_41_education_binary_higher"",""2023_41_education_binary_lower"",""2023_44_education_binary_higher"",""2023_44_education_binary_lower"",""2023_45_education_binary_higher"",""2023_45_education_binary_lower"",""2023_47_education_binary_higher"",""2023_47_education_binary_lower"",""2023_48_education_binary_higher"",""2023_49_education_binary_lower"",""2023_50_education_binary_higher"",""2023_53_education_binary_lower"",""2023_54_education_binary_higher"",""2023_54_education_binary_lower"",""2023_55_education_binary_higher"",""2023_55_education_binary_lower""]",True,-0.010638297872340496
motif_ecfe11186116dda0,ecfe11186116dda08a1bc3ed32358af7c5e3aa2fb5ffbd34b1493dd1cffa5c62,"{""edges"":[[""ARTHRITIS"",""COPD""],[""ARTHRITIS"",""KIDNEY_DISEASE""],[""ISCHEMIC_HEART_DISEASE"",""KIDNEY_DISEASE""],[""ISCHEMIC_HEART_DISEASE"",""STROKE""]],""nodes"":[""ARTHRITIS"",""COPD"",""ISCHEMIC_HEART_DISEASE"",""KIDNEY_DISEASE"",""STROKE""]}",5,4,"[""ARTHRITIS"",""COPD"",""ISCHEMIC_HEART_DISEASE"",""KIDNEY_DISEASE"",""STROKE""]","[[""ARTHRITIS"",""COPD""],[""ARTHRITIS"",""KIDNEY_DISEASE""],[""ISCHEMIC_HEART_DISEASE"",""KIDNEY_DISEASE""],[""ISCHEMIC_HEART_DISEASE"",""STROKE""]]",occ_63687fc541205d79,True,True,False,22,0.2340425531914893,16,47,0.952,20.62,18.0,22.0,46,92,17,0.18478260869565216,13,"[""2023_01_education_binary_lower"",""2023_05_education_binary_lower"",""2023_18_education_binary_higher"",""2023_18_education_binary_lower"",""2023_22_education_binary_lower"",""2023_37_education_binary_lower"",""2023_39_education_binary_higher"",""2023_39_education_binary_lower"",""2023_40_education_binary_higher"",""2023_40_education_binary_lower"",""2023_45_education_binary_lower"",""2023_47_education_binary_higher"",""2023_47_education_binary_lower"",""2023_48_education_binary_lower"",""2023_49_education_binary_lower"",""2023_51_education_binary_lower"",""2023_53_education_binary_lower""]",False,-0.04925994449583715
motif_ed5e4d011e2b456c,ed5e4d011e2b456c3a0d2068b13630efcc789b78e73797fd912e933eba1ceb41,"{""edges"":[[""ARTHRITIS"",""DIABETES""],[""ARTHRITIS"",""ISCHEMIC_HEART_DISEASE""],[""COPD"",""ISCHEMIC_HEART_DISEASE""]],""nodes"":[""ARTHRITIS"",""COPD"",""DIABETES"",""ISCHEMIC_HEART_DISEASE""]}",4,3,"[""ARTHRITIS"",""COPD"",""DIABETES"",""ISCHEMIC_HEART_DISEASE""]","[[""ARTHRITIS"",""DIABETES""],[""ARTHRITIS"",""ISCHEMIC_HEART_DISEASE""],[""COPD"",""ISCHEMIC_HEART_DISEASE""]]",occ_7ae7f610cc3b8598,False,False,False,53,0.5638297872340425,34,47,1.0,51.656,49.0,53.0,47,94,49,0.5212765957446809,36,"[""2023_01_education_binary_lower"",""2023_05_education_binary_higher"",""2023_05_education_binary_lower"",""2023_10_education_binary_higher"",""2023_12_education_binary_lower"",""2023_13_education_binary_higher"",""2023_13_education_binary_lower"",""2023_16_education_binary_lower"",""2023_18_education_binary_higher"",""2023_18_education_binary_lower"",""2023_19_education_binary_lower"",""2023_22_education_binary_lower"",""2023_23_education_binary_higher"",""2023_23_education_binary_lower"",""2023_24_education_binary_lower"",""2023_25_education_binary_higher"",""2023_26_education_binary_higher"",""2023_26_education_binary_lower"",""2023_27_education_binary_lower"",""2023_28_education_binary_lower"",""2023_29_education_binary_lower"",""2023_30_education_binary_lower"",""2023_31_education_binary_higher"",""2023_31_education_binary_lower"",""2023_36_education_binary_lower"",""2023_37_education_binary_lower"",""2023_38_education_binary_higher"",""2023_39_education_binary_higher"",""2023_39_education_binary_lower"",""2023_40_education_binary_higher"",""2023_40_education_binary_lower"",""2023_41_education_binary_higher"",""2023_44_education_binary_higher"",""2023_45_education_binary_higher"",""2023_45_education_binary_lower"",""2023_46_education_binary_higher"",""2023_47_education_binary_higher"",""2023_47_education_binary_lower"",""2023_48_education_binary_lower"",""2023_49_education_binary_lower"",""2023_50_education_binary_lower"",""2023_51_education_binary_lower"",""2023_53_education_binary_higher"",""2023_53_education_binary_lower"",""2023_54_education_binary_higher"",""2023_54_education_binary_lower"",""2023_55_education_binary_higher"",""2023_55_education_binary_lower"",""2023_56_education_binary_higher""]",True,-0.04255319148936165
motif_ee6ea2d9e15ae257,ee6ea2d9e15ae25765073e663f3dc456a57a089c36154caaba33ec99f094c94e,"{""edges"":[[""ARTHRITIS"",""COPD""],[""ARTHRITIS"",""DIABETES""],[""ARTHRITIS"",""KIDNEY_DISEASE""],[""COPD"",""ISCHEMIC_HEART_DISEASE""]],""nodes"":[""ARTHRITIS"",""COPD"",""DIABETES"",""ISCHEMIC_HEART_DISEASE"",""KIDNEY_DISEASE""]}",5,4,"[""ARTHRITIS"",""COPD"",""DIABETES"",""ISCHEMIC_HEART_DISEASE"",""KIDNEY_DISEASE""]","[[""ARTHRITIS"",""COPD""],[""ARTHRITIS"",""DIABETES""],[""ARTHRITIS"",""KIDNEY_DISEASE""],[""COPD"",""ISCHEMIC_HEART_DISEASE""]]",occ_3dd5385b28d1fc67,False,False,False,29,0.3085106382978723,20,47,1.0,28.068,26.0,29.0,47,94,27,0.2872340425531915,21,"[""2023_01_education_binary_lower"",""2023_05_education_binary_lower"",""2023_10_education_binary_higher"",""2023_13_education_binary_higher"",""2023_13_education_binary_lower"",""2023_18_education_binary_higher"",""2023_18_education_binary_lower"",""2023_19_education_binary_lower"",""2023_22_education_binary_lower"",""2023_23_education_binary_lower"",""2023_25_education_binary_higher"",""2023_26_education_binary_lower"",""2023_27_education_binary_lower"",""2023_29_education_binary_higher"",""2023_37_education_binary_lower"",""2023_39_education_binary_higher"",""2023_39_education_binary_lower"",""2023_40_education_binary_higher"",""2023_40_education_binary_lower"",""2023_45_education_binary_higher"",""2023_45_education_binary_lower"",""2023_47_education_binary_higher"",""2023_47_education_binary_lower"",""2023_48_education_binary_lower"",""2023_49_education_binary_lower"",""2023_51_education_binary_lower"",""2023_53_education_binary_lower""]",True,-0.02127659574468077
motif_eeb4d747c66beaa4,eeb4d747c66beaa4c891a2362c4f36a39ca1d0118e5b07d47bee990b7b6b6125,"{""edges"":[[""DIABETES"",""ISCHEMIC_HEART_DISEASE""],[""DIABETES"",""KIDNEY_DISEASE""]],""nodes"":[""DIABETES"",""ISCHEMIC_HEART_DISEASE"",""KIDNEY_DISEASE""]}",3,2,"[""DIABETES"",""ISCHEMIC_HEART_DISEASE"",""KIDNEY_DISEASE""]","[[""DIABETES"",""ISCHEMIC_HEART_DISEASE""],[""DIABETES"",""KIDNEY_DISEASE""]]",occ_e3bb04df32af96d4,True,True,False,56,0.5957446808510638,37,47,1.0,54.2,51.0,56.0,47,94,47,0.5,36,"[""2023_01_education_binary_higher"",""2023_01_education_binary_lower"",""2023_04_education_binary_higher"",""2023_04_education_binary_lower"",""2023_05_education_binary_lower"",""2023_06_education_binary_higher"",""2023_08_education_binary_lower"",""2023_09_education_binary_higher"",""2023_09_education_binary_lower"",""2023_12_education_binary_higher"",""2023_13_education_binary_lower"",""2023_16_education_binary_lower"",""2023_17_education_binary_higher"",""2023_18_education_binary_higher"",""2023_18_education_binary_lower"",""2023_19_education_binary_higher"",""2023_19_education_binary_lower"",""2023_20_education_binary_higher"",""2023_22_education_binary_lower"",""2023_23_education_binary_higher"",""2023_23_education_binary_lower"",""2023_24_education_binary_higher"",""2023_24_education_binary_lower"",""2023_25_education_binary_higher"",""2023_26_education_binary_higher"",""2023_27_education_binary_higher"",""2023_29_education_binary_higher"",""2023_31_education_binary_higher"",""2023_33_education_binary_higher"",""2023_33_education_binary_lower"",""2023_35_education_binary_higher"",""2023_37_education_binary_lower"",""2023_38_education_binary_higher"",""2023_39_education_binary_higher"",""2023_39_education_binary_lower"",""2023_40_education_binary_higher"",""2023_41_education_binary_higher"",""2023_45_education_binary_higher"",""2023_47_education_binary_higher"",""2023_47_education_binary_lower"",""2023_48_education_binary_lower"",""2023_50_education_binary_higher"",""2023_51_education_binary_lower"",""2023_53_education_binary_higher"",""2023_53_education_binary_lower"",""2023_54_education_binary_lower"",""2023_55_education_binary_higher""]",True,-0.0957446808510638
motif_eedbe58232b2165f,eedbe58232b2165f3d92bc9f25c7b94d0ef0d3cd10a562f6fd480c0272cbb0fd,"{""edges"":[[""ARTHRITIS"",""DIABETES""],[""DIABETES"",""ISCHEMIC_HEART_DISEASE""],[""ISCHEMIC_HEART_DISEASE"",""STROKE""]],""nodes"":[""ARTHRITIS"",""DIABETES"",""ISCHEMIC_HEART_DISEASE"",""STROKE""]}",4,3,"[""ARTHRITIS"",""DIABETES"",""ISCHEMIC_HEART_DISEASE"",""STROKE""]","[[""ARTHRITIS"",""DIABETES""],[""DIABETES"",""ISCHEMIC_HEART_DISEASE""],[""ISCHEMIC_HEART_DISEASE"",""STROKE""]]",occ_db3a88774a7f83e3,True,True,False,57,0.6063829787234043,33,47,1.0,55.3,53.0,57.0,47,94,51,0.5425531914893617,40,"[""2023_01_education_binary_lower"",""2023_02_education_binary_lower"",""2023_04_education_binary_higher"",""2023_04_education_binary_lower"",""2023_05_education_binary_higher"",""2023_05_education_binary_lower"",""2023_06_education_binary_lower"",""2023_08_education_binary_lower"",""2023_09_education_binary_higher"",""2023_13_education_binary_lower"",""2023_15_education_binary_lower"",""2023_16_education_binary_lower"",""2023_18_education_binary_higher"",""2023_18_education_binary_lower"",""2023_19_education_binary_higher"",""2023_19_education_binary_lower"",""2023_20_education_binary_higher"",""2023_22_education_binary_lower"",""2023_23_education_binary_higher"",""2023_23_education_binary_lower"",""2023_24_education_binary_lower"",""2023_25_education_binary_higher"",""2023_26_education_binary_higher"",""2023_27_education_binary_lower"",""2023_29_education_binary_higher"",""2023_30_education_binary_lower"",""2023_31_education_binary_higher"",""2023_33_education_binary_lower"",""2023_34_education_binary_lower"",""2023_36_education_binary_lower"",""2023_37_education_binary_lower"",""2023_38_education_binary_higher"",""2023_39_education_binary_higher"",""2023_39_education_binary_lower"",""2023_40_education_binary_higher"",""2023_41_education_binary_higher"",""2023_44_education_binary_higher"",""2023_45_education_binary_higher"",""2023_45_education_binary_lower"",""2023_47_education_binary_higher"",""2023_47_education_binary_lower"",""2023_48_education_binary_lower"",""2023_49_education_binary_lower"",""2023_51_education_binary_lower"",""2023_53_education_binary_higher"",""2023_53_education_binary_lower"",""2023_54_education_binary_higher"",""2023_54_education_binary_lower"",""2023_55_education_binary_higher"",""2023_55_education_binary_lower"",""2023_56_education_binary_higher""]",True,-0.06382978723404265
motif_ef33fbd9d0acc07e,ef33fbd9d0acc07e3c5baef1fe717652029f20141ae67fea1335c2ae87caf0e4,"{""edges"":[[""ARTHRITIS"",""COPD""],[""ARTHRITIS"",""ISCHEMIC_HEART_DISEASE""],[""DIABETES"",""ISCHEMIC_HEART_DISEASE""],[""ISCHEMIC_HEART_DISEASE"",""KIDNEY_DISEASE""]],""nodes"":[""ARTHRITIS"",""COPD"",""DIABETES"",""ISCHEMIC_HEART_DISEASE"",""KIDNEY_DISEASE""]}",5,4,"[""ARTHRITIS"",""COPD"",""DIABETES"",""ISCHEMIC_HEART_DISEASE"",""KIDNEY_DISEASE""]","[[""ARTHRITIS"",""COPD""],[""ARTHRITIS"",""ISCHEMIC_HEART_DISEASE""],[""DIABETES"",""ISCHEMIC_HEART_DISEASE""],[""ISCHEMIC_HEART_DISEASE"",""KIDNEY_DISEASE""]]",occ_4302d5837f3a2de6,True,True,False,39,0.4148936170212766,28,47,1.0,37.14,34.0,39.0,46,92,30,0.32608695652173914,25,"[""2023_01_education_binary_lower"",""2023_05_education_binary_higher"",""2023_05_education_binary_lower"",""2023_12_education_binary_higher"",""2023_18_education_binary_higher"",""2023_18_education_binary_lower"",""2023_20_education_binary_lower"",""2023_22_education_binary_lower"",""2023_23_education_binary_higher"",""2023_24_education_binary_higher"",""2023_26_education_binary_higher"",""2023_28_education_binary_lower"",""2023_31_education_binary_higher"",""2023_33_education_binary_lower"",""2023_36_education_binary_lower"",""2023_37_education_binary_lower"",""2023_38_education_binary_higher"",""2023_39_education_binary_higher"",""2023_39_education_binary_lower"",""2023_40_education_binary_higher"",""2023_45_education_binary_lower"",""2023_47_education_binary_higher"",""2023_47_education_binary_lower"",""2023_48_education_binary_lower"",""2023_49_education_binary_lower"",""2023_50_education_binary_higher"",""2023_51_education_binary_lower"",""2023_53_education_binary_lower"",""2023_54_education_binary_higher"",""2023_54_education_binary_lower""]",True,-0.08880666049953745
motif_efae6b60f595cdfb,efae6b60f595cdfbd387df821d855ed8154e96761ce0d27fc32a820350386b26,"{""edges"":[[""ARTHRITIS"",""ISCHEMIC_HEART_DISEASE""],[""ARTHRITIS"",""OTHER_CANCER""],[""ARTHRITIS"",""SKIN_CANCER""],[""ISCHEMIC_HEART_DISEASE"",""STROKE""]],""nodes"":[""ARTHRITIS"",""ISCHEMIC_HEART_DISEASE"",""OTHER_CANCER"",""SKIN_CANCER"",""STROKE""]}",5,4,"[""ARTHRITIS"",""ISCHEMIC_HEART_DISEASE"",""OTHER_CANCER"",""SKIN_CANCER"",""STROKE""]","[[""ARTHRITIS"",""ISCHEMIC_HEART_DISEASE""],[""ARTHRITIS"",""OTHER_CANCER""],[""ARTHRITIS"",""SKIN_CANCER""],[""ISCHEMIC_HEART_DISEASE"",""STROKE""]]",occ_0cc372c244ad9b6d,False,False,False,24,0.2553191489361702,19,47,1.0,22.874,21.0,24.0,47,94,24,0.2553191489361702,21,"[""2023_04_education_binary_higher"",""2023_06_education_binary_higher"",""2023_08_education_binary_higher"",""2023_09_education_binary_lower"",""2023_10_education_binary_lower"",""2023_12_education_binary_higher"",""2023_13_education_binary_lower"",""2023_16_education_binary_lower"",""2023_18_education_binary_higher"",""2023_18_education_binary_lower"",""2023_25_education_binary_higher"",""2023_30_education_binary_lower"",""2023_31_education_binary_lower"",""2023_39_education_binary_lower"",""2023_41_education_binary_higher"",""2023_45_education_binary_lower"",""2023_47_education_binary_lower"",""2023_49_education_binary_lower"",""2023_50_education_binary_higher"",""2023_50_education_binary_lower"",""2023_53_education_binary_higher"",""2023_54_education_binary_higher"",""2023_54_education_binary_lower"",""2023_55_education_binary_lower""]",True,0.0
motif_f219a667fad3d6dc,f219a667fad3d6dc0a5e6ae36993ec372b1506bdfc43879f3e9e99fd4a9896c5,"{""edges"":[[""ARTHRITIS"",""COPD""],[""ARTHRITIS"",""ISCHEMIC_HEART_DISEASE""],[""ARTHRITIS"",""OTHER_CANCER""],[""ISCHEMIC_HEART_DISEASE"",""STROKE""]],""nodes"":[""ARTHRITIS"",""COPD"",""ISCHEMIC_HEART_DISEASE"",""OTHER_CANCER"",""STROKE""]}",5,4,"[""ARTHRITIS"",""COPD"",""ISCHEMIC_HEART_DISEASE"",""OTHER_CANCER"",""STROKE""]","[[""ARTHRITIS"",""COPD""],[""ARTHRITIS"",""ISCHEMIC_HEART_DISEASE""],[""ARTHRITIS"",""OTHER_CANCER""],[""ISCHEMIC_HEART_DISEASE"",""STROKE""]]",occ_a8e25948803cc5fb,True,True,False,51,0.5425531914893617,34,47,1.0,49.318,47.0,51.0,47,94,48,0.5106382978723404,36,"[""2023_01_education_binary_lower"",""2023_02_education_binary_higher"",""2023_04_education_binary_higher"",""2023_05_education_binary_higher"",""2023_05_education_binary_lower"",""2023_06_education_binary_higher"",""2023_08_education_binary_higher"",""2023_09_education_binary_lower"",""2023_10_education_binary_lower"",""2023_12_education_binary_higher"",""2023_12_education_binary_lower"",""2023_13_education_binary_lower"",""2023_16_education_binary_lower"",""2023_18_education_binary_higher"",""2023_18_education_binary_lower"",""2023_19_education_binary_lower"",""2023_20_education_binary_higher"",""2023_20_education_binary_lower"",""2023_23_education_binary_higher"",""2023_23_education_binary_lower"",""2023_24_education_binary_lower"",""2023_25_education_binary_higher"",""2023_26_education_binary_higher"",""2023_26_education_binary_lower"",""2023_27_education_binary_lower"",""2023_30_education_binary_lower"",""2023_31_education_binary_higher"",""2023_31_education_binary_lower"",""2023_33_education_binary_lower"",""2023_36_education_binary_lower"",""2023_37_education_binary_lower"",""2023_38_education_binary_higher"",""2023_39_education_binary_higher"",""2023_39_education_binary_lower"",""2023_41_education_binary_higher"",""2023_44_education_binary_higher"",""2023_45_education_binary_higher"",""2023_45_education_binary_lower"",""2023_47_education_binary_higher"",""2023_47_education_binary_lower"",""2023_49_education_binary_lower"",""2023_50_education_binary_higher"",""2023_51_education_binary_lower"",""2023_53_education_binary_lower"",""2023_54_education_binary_higher"",""2023_54_education_binary_lower"",""2023_55_education_binary_higher"",""2023_55_education_binary_lower""]",True,-0.03191489361702127
motif_f2b1e51d13a5dd59,f2b1e51d13a5dd59d6cae42db2cfcdea7f0b398ca491826a51caf472bb6e1d51,"{""edges"":[[""ARTHRITIS"",""COPD""],[""ARTHRITIS"",""KIDNEY_DISEASE""],[""COPD"",""CURRENT_ASTHMA""],[""CURRENT_ASTHMA"",""DEPRESSIVE_DISORDER""]],""nodes"":[""ARTHRITIS"",""COPD"",""CURRENT_ASTHMA"",""DEPRESSIVE_DISORDER"",""KIDNEY_DISEASE""]}",5,4,"[""ARTHRITIS"",""COPD"",""CURRENT_ASTHMA"",""DEPRESSIVE_DISORDER"",""KIDNEY_DISEASE""]","[[""ARTHRITIS"",""COPD""],[""ARTHRITIS"",""KIDNEY_DISEASE""],[""COPD"",""CURRENT_ASTHMA""],[""CURRENT_ASTHMA"",""DEPRESSIVE_DISORDER""]]",occ_f8e00733a50c92de,True,True,True,21,0.2234042553191489,18,47,0.946,20.14,18.0,21.0,47,94,11,0.11702127659574468,10,"[""2023_01_education_binary_lower"",""2023_18_education_binary_higher"",""2023_18_education_binary_lower"",""2023_19_education_binary_lower"",""2023_22_education_binary_lower"",""2023_23_education_binary_lower"",""2023_27_education_binary_lower"",""2023_40_education_binary_higher"",""2023_47_education_binary_lower"",""2023_49_education_binary_lower"",""2023_53_education_binary_lower""]",False,-0.10638297872340421
motif_f31ec24997c9f33d,f31ec24997c9f33db17c3b095b2c8c24577e8601ee447f9a2d557ea93f61accc,"{""edges"":[[""ARTHRITIS"",""COPD""],[""ARTHRITIS"",""DIABETES""],[""ARTHRITIS"",""OTHER_CANCER""],[""COPD"",""ISCHEMIC_HEART_DISEASE""]],""nodes"":[""ARTHRITIS"",""COPD"",""DIABETES"",""ISCHEMIC_HEART_DISEASE"",""OTHER_CANCER""]}",5,4,"[""ARTHRITIS"",""COPD"",""DIABETES"",""ISCHEMIC_HEART_DISEASE"",""OTHER_CANCER""]","[[""ARTHRITIS"",""COPD""],[""ARTHRITIS"",""DIABETES""],[""ARTHRITIS"",""OTHER_CANCER""],[""COPD"",""ISCHEMIC_HEART_DISEASE""]]",occ_1c1c7a4881fb1e41,True,True,False,42,0.4468085106382978,28,47,1.0,40.336,37.475,42.0,47,94,40,0.425531914893617,29,"[""2023_01_education_binary_lower"",""2023_05_education_binary_higher"",""2023_05_education_binary_lower"",""2023_10_education_binary_higher"",""2023_12_education_binary_lower"",""2023_13_education_binary_higher"",""2023_13_education_binary_lower"",""2023_16_education_binary_lower"",""2023_18_education_binary_higher"",""2023_18_education_binary_lower"",""2023_19_education_binary_lower"",""2023_23_education_binary_higher"",""2023_23_education_binary_lower"",""2023_24_education_binary_lower"",""2023_25_education_binary_higher"",""2023_26_education_binary_higher"",""2023_26_education_binary_lower"",""2023_27_education_binary_lower"",""2023_29_education_binary_higher"",""2023_30_education_binary_lower"",""2023_31_education_binary_higher"",""2023_31_education_binary_lower"",""2023_36_education_binary_lower"",""2023_37_education_binary_lower"",""2023_38_education_binary_higher"",""2023_39_education_binary_higher"",""2023_39_education_binary_lower"",""2023_41_education_binary_higher"",""2023_44_education_binary_higher"",""2023_45_education_binary_higher"",""2023_45_education_binary_lower"",""2023_47_education_binary_higher"",""2023_47_education_binary_lower"",""2023_49_education_binary_lower"",""2023_51_education_binary_lower"",""2023_53_education_binary_lower"",""2023_54_education_binary_higher"",""2023_54_education_binary_lower"",""2023_55_education_binary_higher"",""2023_55_education_binary_lower""]",True,-0.02127659574468077
motif_f3686eff0a11ab0b,f3686eff0a11ab0b3c9afa7e0438f263bdd44374eaaaf2fbb61684d13805e120,"{""edges"":[[""ARTHRITIS"",""DIABETES""],[""COPD"",""ISCHEMIC_HEART_DISEASE""],[""DIABETES"",""ISCHEMIC_HEART_DISEASE""],[""DIABETES"",""KIDNEY_DISEASE""]],""nodes"":[""ARTHRITIS"",""COPD"",""DIABETES"",""ISCHEMIC_HEART_DISEASE"",""KIDNEY_DISEASE""]}",5,4,"[""ARTHRITIS"",""COPD"",""DIABETES"",""ISCHEMIC_HEART_DISEASE"",""KIDNEY_DISEASE""]","[[""ARTHRITIS"",""DIABETES""],[""COPD"",""ISCHEMIC_HEART_DISEASE""],[""DIABETES"",""ISCHEMIC_HEART_DISEASE""],[""DIABETES"",""KIDNEY_DISEASE""]]",occ_d4e7da5f9a3cd0c9,False,False,False,39,0.4148936170212766,28,47,1.0,37.136,34.0,39.0,47,94,30,0.3191489361702128,25,"[""2023_01_education_binary_lower"",""2023_05_education_binary_lower"",""2023_13_education_binary_lower"",""2023_16_education_binary_lower"",""2023_18_education_binary_higher"",""2023_18_education_binary_lower"",""2023_19_education_binary_lower"",""2023_22_education_binary_lower"",""2023_23_education_binary_higher"",""2023_23_education_binary_lower"",""2023_24_education_binary_lower"",""2023_25_education_binary_higher"",""2023_26_education_binary_higher"",""2023_29_education_binary_higher"",""2023_31_education_binary_higher"",""2023_37_education_binary_lower"",""2023_38_education_binary_higher"",""2023_39_education_binary_higher"",""2023_39_education_binary_lower"",""2023_40_education_binary_higher"",""2023_41_education_binary_higher"",""2023_45_education_binary_higher"",""2023_47_education_binary_higher"",""2023_47_education_binary_lower"",""2023_48_education_binary_lower"",""2023_51_education_binary_lower"",""2023_53_education_binary_higher"",""2023_53_education_binary_lower"",""2023_54_education_binary_lower"",""2023_55_education_binary_higher""]",True,-0.0957446808510638
motif_f36a38d96b0a0951,f36a38d96b0a0951978eed694f342298cef806ca02e289d770334c652fbcbf4b,"{""edges"":[[""COPD"",""CURRENT_ASTHMA""],[""COPD"",""ISCHEMIC_HEART_DISEASE""],[""ISCHEMIC_HEART_DISEASE"",""STROKE""]],""nodes"":[""COPD"",""CURRENT_ASTHMA"",""ISCHEMIC_HEART_DISEASE"",""STROKE""]}",4,3,"[""COPD"",""CURRENT_ASTHMA"",""ISCHEMIC_HEART_DISEASE"",""STROKE""]","[[""COPD"",""CURRENT_ASTHMA""],[""COPD"",""ISCHEMIC_HEART_DISEASE""],[""ISCHEMIC_HEART_DISEASE"",""STROKE""]]",occ_0e3e21e0b4457e3a,False,False,False,50,0.5319148936170213,32,47,1.0,48.73,46.0,50.0,47,94,46,0.48936170212765956,32,"[""2023_01_education_binary_lower"",""2023_05_education_binary_higher"",""2023_05_education_binary_lower"",""2023_12_education_binary_higher"",""2023_12_education_binary_lower"",""2023_13_education_binary_lower"",""2023_16_education_binary_lower"",""2023_18_education_binary_higher"",""2023_18_education_binary_lower"",""2023_19_education_binary_lower"",""2023_20_education_binary_lower"",""2023_22_education_binary_lower"",""2023_23_education_binary_higher"",""2023_23_education_binary_lower"",""2023_24_education_binary_lower"",""2023_25_education_binary_higher"",""2023_26_education_binary_higher"",""2023_26_education_binary_lower"",""2023_27_education_binary_lower"",""2023_29_education_binary_higher"",""2023_29_education_binary_lower"",""2023_30_education_binary_lower"",""2023_31_education_binary_lower"",""2023_36_education_binary_lower"",""2023_39_education_binary_higher"",""2023_39_education_binary_lower"",""2023_40_education_binary_higher"",""2023_40_education_binary_lower"",""2023_41_education_binary_higher"",""2023_44_education_binary_higher"",""2023_45_education_binary_higher"",""2023_45_education_binary_lower"",""2023_47_education_binary_higher"",""2023_47_education_binary_lower"",""2023_48_education_binary_lower"",""2023_49_education_binary_lower"",""2023_50_education_binary_lower"",""2023_51_education_binary_lower"",""2023_53_education_binary_higher"",""2023_53_education_binary_lower"",""2023_54_education_binary_higher"",""2023_54_education_binary_lower"",""2023_55_education_binary_higher"",""2023_55_education_binary_lower"",""2023_56_education_binary_higher"",""2023_56_education_binary_lower""]",True,-0.04255319148936171
motif_f39afc6a70122d9e,f39afc6a70122d9e8c0d4de6bb33501f7972cd32669889a207ca9c455e97a0d6,"{""edges"":[[""COPD"",""CURRENT_ASTHMA""],[""COPD"",""ISCHEMIC_HEART_DISEASE""]],""nodes"":[""COPD"",""CURRENT_ASTHMA"",""ISCHEMIC_HEART_DISEASE""]}",3,2,"[""COPD"",""CURRENT_ASTHMA"",""ISCHEMIC_HEART_DISEASE""]","[[""COPD"",""CURRENT_ASTHMA""],[""COPD"",""ISCHEMIC_HEART_DISEASE""]]",occ_f65d4a07a6db2a46,False,False,False,54,0.574468085106383,34,47,1.0,53.112,51.0,54.0,47,94,49,0.5212765957446809,34,"[""2023_01_education_binary_lower"",""2023_05_education_binary_higher"",""2023_05_education_binary_lower"",""2023_12_education_binary_higher"",""2023_12_education_binary_lower"",""2023_13_education_binary_higher"",""2023_13_education_binary_lower"",""2023_16_education_binary_lower"",""2023_18_education_binary_higher"",""2023_18_education_binary_lower"",""2023_19_education_binary_lower"",""2023_20_education_binary_lower"",""2023_22_education_binary_lower"",""2023_23_education_binary_higher"",""2023_23_education_binary_lower"",""2023_24_education_binary_lower"",""2023_25_education_binary_higher"",""2023_26_education_binary_higher"",""2023_26_education_binary_lower"",""2023_27_education_binary_lower"",""2023_28_education_binary_lower"",""2023_29_education_binary_higher"",""2023_29_education_binary_lower"",""2023_30_education_binary_lower"",""2023_31_education_binary_lower"",""2023_36_education_binary_lower"",""2023_39_education_binary_higher"",""2023_39_education_binary_lower"",""2023_40_education_binary_higher"",""2023_40_education_binary_lower"",""2023_41_education_binary_higher"",""2023_44_education_binary_higher"",""2023_45_education_binary_higher"",""2023_45_education_binary_lower"",""2023_46_education_binary_lower"",""2023_47_education_binary_higher"",""2023_47_education_binary_lower"",""2023_48_education_binary_lower"",""2023_49_education_binary_lower"",""2023_50_education_binary_lower"",""2023_51_education_binary_lower"",""2023_53_education_binary_higher"",""2023_53_education_binary_lower"",""2023_54_education_binary_higher"",""2023_54_education_binary_lower"",""2023_55_education_binary_higher"",""2023_55_education_binary_lower"",""2023_56_education_binary_higher"",""2023_56_education_binary_lower""]",True,-0.05319148936170215
motif_f436a966bfb8a0f7,f436a966bfb8a0f7ed40eba8e9aa169d8a93afefaef5a7e91c79c576fffdb871,"{""edges"":[[""ARTHRITIS"",""COPD""],[""COPD"",""CURRENT_ASTHMA""],[""CURRENT_ASTHMA"",""DEPRESSIVE_DISORDER""]],""nodes"":[""ARTHRITIS"",""COPD"",""CURRENT_ASTHMA"",""DEPRESSIVE_DISORDER""]}",4,3,"[""ARTHRITIS"",""COPD"",""CURRENT_ASTHMA"",""DEPRESSIVE_DISORDER""]","[[""ARTHRITIS"",""COPD""],[""COPD"",""CURRENT_ASTHMA""],[""CURRENT_ASTHMA"",""DEPRESSIVE_DISORDER""]]",occ_7b11231e12290d13,True,True,False,41,0.4361702127659574,31,47,1.0,39.978,38.0,41.0,47,94,29,0.30851063829787234,23,"[""2023_01_education_binary_lower"",""2023_08_education_binary_lower"",""2023_12_education_binary_lower"",""2023_16_education_binary_lower"",""2023_18_education_binary_higher"",""2023_18_education_binary_lower"",""2023_19_education_binary_higher"",""2023_19_education_binary_lower"",""2023_22_education_binary_lower"",""2023_23_education_binary_higher"",""2023_23_education_binary_lower"",""2023_25_education_binary_lower"",""2023_27_education_binary_lower"",""2023_28_education_binary_lower"",""2023_30_education_binary_higher"",""2023_30_education_binary_lower"",""2023_33_education_binary_lower"",""2023_34_education_binary_lower"",""2023_36_education_binary_higher"",""2023_36_education_binary_lower"",""2023_40_education_binary_higher"",""2023_44_education_binary_lower"",""2023_47_education_binary_lower"",""2023_49_education_binary_lower"",""2023_51_education_binary_higher"",""2023_53_education_binary_lower"",""2023_54_education_binary_higher"",""2023_54_education_binary_lower"",""2023_55_education_binary_lower""]",True,-0.12765957446808507
motif_f4bfcdb57c53a8e9,f4bfcdb57c53a8e946c95749bf40988a60637bbbf1a7e39fdbca3201b378bfac,"{""edges"":[[""ARTHRITIS"",""COPD""],[""ARTHRITIS"",""DIABETES""],[""ARTHRITIS"",""KIDNEY_DISEASE""]],""nodes"":[""ARTHRITIS"",""COPD"",""DIABETES"",""KIDNEY_DISEASE""]}",4,3,"[""ARTHRITIS"",""COPD"",""DIABETES"",""KIDNEY_DISEASE""]","[[""ARTHRITIS"",""COPD""],[""ARTHRITIS"",""DIABETES""],[""ARTHRITIS"",""KIDNEY_DISEASE""]]",occ_8f1d5a0472c4e92c,True,True,False,37,0.3936170212765957,26,47,1.0,35.95,34.0,37.0,47,94,33,0.35106382978723405,26,"[""2023_01_education_binary_lower"",""2023_02_education_binary_higher"",""2023_04_education_binary_higher"",""2023_05_education_binary_lower"",""2023_10_education_binary_higher"",""2023_13_education_binary_higher"",""2023_13_education_binary_lower"",""2023_18_education_binary_higher"",""2023_18_education_binary_lower"",""2023_19_education_binary_lower"",""2023_22_education_binary_lower"",""2023_23_education_binary_lower"",""2023_25_education_binary_higher"",""2023_26_education_binary_lower"",""2023_27_education_binary_lower"",""2023_28_education_binary_higher"",""2023_29_education_binary_higher"",""2023_37_education_binary_lower"",""2023_38_education_binary_lower"",""2023_39_education_binary_higher"",""2023_39_education_binary_lower"",""2023_40_education_binary_higher"",""2023_40_education_binary_lower"",""2023_41_education_binary_lower"",""2023_45_education_binary_higher"",""2023_45_education_binary_lower"",""2023_47_education_binary_higher"",""2023_47_education_binary_lower"",""2023_48_education_binary_higher"",""2023_48_education_binary_lower"",""2023_49_education_binary_lower"",""2023_51_education_binary_lower"",""2023_53_education_binary_lower""]",True,-0.04255319148936165
motif_f548207977f75af1,f548207977f75af1a0fab8b92102d9601e4e3cbbbc7fc625aecf3761f357e9f2,"{""edges"":[[""ARTHRITIS"",""DIABETES""],[""ARTHRITIS"",""ISCHEMIC_HEART_DISEASE""],[""DIABETES"",""ISCHEMIC_HEART_DISEASE""],[""ISCHEMIC_HEART_DISEASE"",""KIDNEY_DISEASE""],[""ISCHEMIC_HEART_DISEASE"",""STROKE""]],""nodes"":[""ARTHRITIS"",""DIABETES"",""ISCHEMIC_HEART_DISEASE"",""KIDNEY_DISEASE"",""STROKE""]}",5,5,"[""ARTHRITIS"",""DIABETES"",""ISCHEMIC_HEART_DISEASE"",""KIDNEY_DISEASE"",""STROKE""]","[[""ARTHRITIS"",""DIABETES""],[""ARTHRITIS"",""ISCHEMIC_HEART_DISEASE""],[""DIABETES"",""ISCHEMIC_HEART_DISEASE""],[""ISCHEMIC_HEART_DISEASE"",""KIDNEY_DISEASE""],[""ISCHEMIC_HEART_DISEASE"",""STROKE""]]",occ_d81013a9c7c126d7,True,True,False,34,0.3617021276595745,23,47,1.0,32.248,29.0,34.0,46,92,26,0.2826086956521739,21,"[""2023_01_education_binary_lower"",""2023_04_education_binary_lower"",""2023_05_education_binary_higher"",""2023_05_education_binary_lower"",""2023_18_education_binary_higher"",""2023_18_education_binary_lower"",""2023_22_education_binary_lower"",""2023_23_education_binary_higher"",""2023_26_education_binary_higher"",""2023_31_education_binary_higher"",""2023_33_education_binary_lower"",""2023_36_education_binary_lower"",""2023_37_education_binary_lower"",""2023_38_education_binary_higher"",""2023_39_education_binary_higher"",""2023_39_education_binary_lower"",""2023_40_education_binary_higher"",""2023_45_education_binary_lower"",""2023_47_education_binary_higher"",""2023_47_education_binary_lower"",""2023_48_education_binary_lower"",""2023_49_education_binary_lower"",""2023_51_education_binary_lower"",""2023_53_education_binary_lower"",""2023_54_education_binary_higher"",""2023_54_education_binary_lower""]",True,-0.0790934320074006
motif_f5528311f24310da,f5528311f24310dabff4d017f374dbaf1c060cb0580e57a24359dcf1ebd3c9b1,"{""edges"":[[""COPD"",""ISCHEMIC_HEART_DISEASE""],[""DIABETES"",""ISCHEMIC_HEART_DISEASE""],[""DIABETES"",""KIDNEY_DISEASE""],[""ISCHEMIC_HEART_DISEASE"",""STROKE""]],""nodes"":[""COPD"",""DIABETES"",""ISCHEMIC_HEART_DISEASE"",""KIDNEY_DISEASE"",""STROKE""]}",5,4,"[""COPD"",""DIABETES"",""ISCHEMIC_HEART_DISEASE"",""KIDNEY_DISEASE"",""STROKE""]","[[""COPD"",""ISCHEMIC_HEART_DISEASE""],[""DIABETES"",""ISCHEMIC_HEART_DISEASE""],[""DIABETES"",""KIDNEY_DISEASE""],[""ISCHEMIC_HEART_DISEASE"",""STROKE""]]",occ_0726388ad22f3b57,True,True,False,41,0.4361702127659574,30,47,1.0,38.69,36.0,41.0,47,94,31,0.32978723404255317,26,"[""2023_01_education_binary_lower"",""2023_05_education_binary_lower"",""2023_12_education_binary_higher"",""2023_13_education_binary_lower"",""2023_16_education_binary_lower"",""2023_18_education_binary_higher"",""2023_18_education_binary_lower"",""2023_19_education_binary_lower"",""2023_22_education_binary_lower"",""2023_23_education_binary_higher"",""2023_23_education_binary_lower"",""2023_24_education_binary_lower"",""2023_25_education_binary_higher"",""2023_26_education_binary_higher"",""2023_29_education_binary_higher"",""2023_31_education_binary_higher"",""2023_37_education_binary_lower"",""2023_38_education_binary_higher"",""2023_39_education_binary_higher"",""2023_39_education_binary_lower"",""2023_40_education_binary_higher"",""2023_41_education_binary_higher"",""2023_45_education_binary_higher"",""2023_47_education_binary_higher"",""2023_47_education_binary_lower"",""2023_48_education_binary_lower"",""2023_51_education_binary_lower"",""2023_53_education_binary_higher"",""2023_53_education_binary_lower"",""2023_54_education_binary_lower"",""2023_55_education_binary_higher""]",True,-0.10638297872340424
motif_f5e851e8a26bb0d0,f5e851e8a26bb0d025a562dbadd75c6e367d9ad3a8501d67a8f10fd634f64511,"{""edges"":[[""ARTHRITIS"",""DIABETES""],[""ARTHRITIS"",""ISCHEMIC_HEART_DISEASE""],[""DIABETES"",""KIDNEY_DISEASE""],[""ISCHEMIC_HEART_DISEASE"",""KIDNEY_DISEASE""]],""nodes"":[""ARTHRITIS"",""DIABETES"",""ISCHEMIC_HEART_DISEASE"",""KIDNEY_DISEASE""]}",4,4,"[""ARTHRITIS"",""DIABETES"",""ISCHEMIC_HEART_DISEASE"",""KIDNEY_DISEASE""]","[[""ARTHRITIS"",""DIABETES""],[""ARTHRITIS"",""ISCHEMIC_HEART_DISEASE""],[""DIABETES"",""KIDNEY_DISEASE""],[""ISCHEMIC_HEART_DISEASE"",""KIDNEY_DISEASE""]]",occ_4d80023dd2a9ef78,False,False,False,35,0.3723404255319149,26,47,1.0,33.072,30.0,35.0,46,92,23,0.25,20,"[""2023_01_education_binary_lower"",""2023_04_education_binary_lower"",""2023_05_education_binary_lower"",""2023_12_education_binary_lower"",""2023_18_education_binary_higher"",""2023_18_education_binary_lower"",""2023_22_education_binary_lower"",""2023_23_education_binary_higher"",""2023_24_education_binary_higher"",""2023_26_education_binary_higher"",""2023_31_education_binary_higher"",""2023_33_education_binary_lower"",""2023_37_education_binary_lower"",""2023_38_education_binary_higher"",""2023_39_education_binary_higher"",""2023_39_education_binary_lower"",""2023_40_education_binary_higher"",""2023_47_education_binary_higher"",""2023_47_education_binary_lower"",""2023_48_education_binary_lower"",""2023_51_education_binary_lower"",""2023_53_education_binary_lower"",""2023_54_education_binary_lower""]",True,-0.12234042553191488
motif_f7cc5c20fba39429,f7cc5c20fba39429d98b53676eb52d72afcd2460e1af52e01c6666602f06bc0a,"{""edges"":[[""ARTHRITIS"",""DIABETES""],[""ARTHRITIS"",""OTHER_CANCER""],[""ARTHRITIS"",""SKIN_CANCER""],[""DIABETES"",""ISCHEMIC_HEART_DISEASE""]],""nodes"":[""ARTHRITIS"",""DIABETES"",""ISCHEMIC_HEART_DISEASE"",""OTHER_CANCER"",""SKIN_CANCER""]}",5,4,"[""ARTHRITIS"",""DIABETES"",""ISCHEMIC_HEART_DISEASE"",""OTHER_CANCER"",""SKIN_CANCER""]","[[""ARTHRITIS"",""DIABETES""],[""ARTHRITIS"",""OTHER_CANCER""],[""ARTHRITIS"",""SKIN_CANCER""],[""DIABETES"",""ISCHEMIC_HEART_DISEASE""]]",occ_aadb9496daa634fb,False,False,False,21,0.2234042553191489,18,47,0.922,19.938,18.0,21.0,47,94,17,0.18085106382978725,14,"[""2023_04_education_binary_higher"",""2023_13_education_binary_lower"",""2023_16_education_binary_lower"",""2023_18_education_binary_higher"",""2023_18_education_binary_lower"",""2023_25_education_binary_higher"",""2023_30_education_binary_lower"",""2023_39_education_binary_lower"",""2023_41_education_binary_higher"",""2023_45_education_binary_lower"",""2023_47_education_binary_lower"",""2023_49_education_binary_higher"",""2023_49_education_binary_lower"",""2023_53_education_binary_higher"",""2023_54_education_binary_higher"",""2023_54_education_binary_lower"",""2023_55_education_binary_lower""]",False,-0.04255319148936165
motif_f86305e1294efd83,f86305e1294efd8318518171fd8288d9d028084e9b9869f69a57aa7ab484cee7,"{""edges"":[[""ARTHRITIS"",""ISCHEMIC_HEART_DISEASE""],[""COPD"",""CURRENT_ASTHMA""],[""COPD"",""ISCHEMIC_HEART_DISEASE""],[""ISCHEMIC_HEART_DISEASE"",""STROKE""]],""nodes"":[""ARTHRITIS"",""COPD"",""CURRENT_ASTHMA"",""ISCHEMIC_HEART_DISEASE"",""STROKE""]}",5,4,"[""ARTHRITIS"",""COPD"",""CURRENT_ASTHMA"",""ISCHEMIC_HEART_DISEASE"",""STROKE""]","[[""ARTHRITIS"",""ISCHEMIC_HEART_DISEASE""],[""COPD"",""CURRENT_ASTHMA""],[""COPD"",""ISCHEMIC_HEART_DISEASE""],[""ISCHEMIC_HEART_DISEASE"",""STROKE""]]",occ_ef93b3fc59d41b76,False,False,False,49,0.5212765957446809,31,47,1.0,47.584,45.0,49.0,47,94,45,0.4787234042553192,32,"[""2023_01_education_binary_lower"",""2023_05_education_binary_higher"",""2023_05_education_binary_lower"",""2023_12_education_binary_higher"",""2023_12_education_binary_lower"",""2023_13_education_binary_lower"",""2023_16_education_binary_lower"",""2023_18_education_binary_higher"",""2023_18_education_binary_lower"",""2023_19_education_binary_lower"",""2023_20_education_binary_lower"",""2023_22_education_binary_lower"",""2023_23_education_binary_higher"",""2023_23_education_binary_lower"",""2023_24_education_binary_lower"",""2023_25_education_binary_higher"",""2023_26_education_binary_higher"",""2023_26_education_binary_lower"",""2023_27_education_binary_lower"",""2023_29_education_binary_lower"",""2023_30_education_binary_lower"",""2023_31_education_binary_lower"",""2023_36_education_binary_lower"",""2023_39_education_binary_higher"",""2023_39_education_binary_lower"",""2023_40_education_binary_higher"",""2023_40_education_binary_lower"",""2023_41_education_binary_higher"",""2023_44_education_binary_higher"",""2023_45_education_binary_higher"",""2023_45_education_binary_lower"",""2023_47_education_binary_higher"",""2023_47_education_binary_lower"",""2023_48_education_binary_lower"",""2023_49_education_binary_lower"",""2023_50_education_binary_lower"",""2023_51_education_binary_lower"",""2023_53_education_binary_higher"",""2023_53_education_binary_lower"",""2023_54_education_binary_higher"",""2023_54_education_binary_lower"",""2023_55_education_binary_higher"",""2023_55_education_binary_lower"",""2023_56_education_binary_higher"",""2023_56_education_binary_lower""]",True,-0.04255319148936171
motif_f972b2865c90f585,f972b2865c90f585d35ddbfebd45807dfe67b3aa03f4e893c653aef1577b3700,"{""edges"":[[""ARTHRITIS"",""COPD""],[""ARTHRITIS"",""ISCHEMIC_HEART_DISEASE""],[""ARTHRITIS"",""SKIN_CANCER""]],""nodes"":[""ARTHRITIS"",""COPD"",""ISCHEMIC_HEART_DISEASE"",""SKIN_CANCER""]}",4,3,"[""ARTHRITIS"",""COPD"",""ISCHEMIC_HEART_DISEASE"",""SKIN_CANCER""]","[[""ARTHRITIS"",""COPD""],[""ARTHRITIS"",""ISCHEMIC_HEART_DISEASE""],[""ARTHRITIS"",""SKIN_CANCER""]]",occ_3dd0ed57a0292a16,False,False,False,29,0.3085106382978723,24,47,1.0,27.814,26.0,29.0,47,94,26,0.2765957446808511,23,"[""2023_01_education_binary_higher"",""2023_04_education_binary_higher"",""2023_06_education_binary_higher"",""2023_08_education_binary_higher"",""2023_09_education_binary_lower"",""2023_10_education_binary_higher"",""2023_10_education_binary_lower"",""2023_12_education_binary_higher"",""2023_13_education_binary_lower"",""2023_16_education_binary_lower"",""2023_18_education_binary_higher"",""2023_18_education_binary_lower"",""2023_25_education_binary_higher"",""2023_30_education_binary_lower"",""2023_31_education_binary_lower"",""2023_38_education_binary_lower"",""2023_39_education_binary_lower"",""2023_41_education_binary_higher"",""2023_45_education_binary_lower"",""2023_47_education_binary_lower"",""2023_49_education_binary_lower"",""2023_50_education_binary_higher"",""2023_54_education_binary_higher"",""2023_54_education_binary_lower"",""2023_55_education_binary_lower"",""2023_56_education_binary_higher""]",True,-0.03191489361702121
motif_fa7f3982b5280d95,fa7f3982b5280d95409495304f935b0d7caee078ab0caadf4ba2d1269a5eb6bd,"{""edges"":[[""ARTHRITIS"",""COPD""],[""ARTHRITIS"",""ISCHEMIC_HEART_DISEASE""],[""ARTHRITIS"",""OTHER_CANCER""],[""COPD"",""ISCHEMIC_HEART_DISEASE""],[""ISCHEMIC_HEART_DISEASE"",""KIDNEY_DISEASE""]],""nodes"":[""ARTHRITIS"",""COPD"",""ISCHEMIC_HEART_DISEASE"",""KIDNEY_DISEASE"",""OTHER_CANCER""]}",5,5,"[""ARTHRITIS"",""COPD"",""ISCHEMIC_HEART_DISEASE"",""KIDNEY_DISEASE"",""OTHER_CANCER""]","[[""ARTHRITIS"",""COPD""],[""ARTHRITIS"",""ISCHEMIC_HEART_DISEASE""],[""ARTHRITIS"",""OTHER_CANCER""],[""COPD"",""ISCHEMIC_HEART_DISEASE""],[""ISCHEMIC_HEART_DISEASE"",""KIDNEY_DISEASE""]]",occ_bead61d7f9019163,True,True,False,27,0.2872340425531915,20,47,1.0,25.414,23.0,27.0,46,92,26,0.2826086956521739,19,"[""2023_01_education_binary_lower"",""2023_05_education_binary_higher"",""2023_05_education_binary_lower"",""2023_10_education_binary_higher"",""2023_12_education_binary_higher"",""2023_12_education_binary_lower"",""2023_18_education_binary_higher"",""2023_18_education_binary_lower"",""2023_20_education_binary_lower"",""2023_23_education_binary_higher"",""2023_26_education_binary_higher"",""2023_31_education_binary_higher"",""2023_31_education_binary_lower"",""2023_36_education_binary_lower"",""2023_37_education_binary_lower"",""2023_38_education_binary_higher"",""2023_39_education_binary_higher"",""2023_39_education_binary_lower"",""2023_45_education_binary_lower"",""2023_47_education_binary_higher"",""2023_47_education_binary_lower"",""2023_49_education_binary_lower"",""2023_51_education_binary_lower"",""2023_53_education_binary_lower"",""2023_54_education_binary_higher"",""2023_54_education_binary_lower""]",True,-0.004625346901017624
motif_fad3706020dd7d19,fad3706020dd7d19d1319951354df4fecaea9ec19a80cccbcc53334add11c0cf,"{""edges"":[[""ARTHRITIS"",""COPD""],[""ARTHRITIS"",""ISCHEMIC_HEART_DISEASE""],[""COPD"",""CURRENT_ASTHMA""],[""ISCHEMIC_HEART_DISEASE"",""STROKE""]],""nodes"":[""ARTHRITIS"",""COPD"",""CURRENT_ASTHMA"",""ISCHEMIC_HEART_DISEASE"",""STROKE""]}",5,4,"[""ARTHRITIS"",""COPD"",""CURRENT_ASTHMA"",""ISCHEMIC_HEART_DISEASE"",""STROKE""]","[[""ARTHRITIS"",""COPD""],[""ARTHRITIS"",""ISCHEMIC_HEART_DISEASE""],[""COPD"",""CURRENT_ASTHMA""],[""ISCHEMIC_HEART_DISEASE"",""STROKE""]]",occ_f2815dcc62a4936a,True,True,False,60,0.6382978723404256,35,47,1.0,58.466,56.0,60.0,47,94,54,0.574468085106383,39,"[""2023_01_education_binary_lower"",""2023_02_education_binary_higher"",""2023_04_education_binary_higher"",""2023_05_education_binary_higher"",""2023_05_education_binary_lower"",""2023_06_education_binary_higher"",""2023_08_education_binary_higher"",""2023_08_education_binary_lower"",""2023_09_education_binary_lower"",""2023_12_education_binary_higher"",""2023_12_education_binary_lower"",""2023_13_education_binary_lower"",""2023_16_education_binary_lower"",""2023_18_education_binary_higher"",""2023_18_education_binary_lower"",""2023_19_education_binary_higher"",""2023_19_education_binary_lower"",""2023_20_education_binary_higher"",""2023_20_education_binary_lower"",""2023_22_education_binary_lower"",""2023_23_education_binary_higher"",""2023_23_education_binary_lower"",""2023_24_education_binary_lower"",""2023_25_education_binary_higher"",""2023_26_education_binary_higher"",""2023_26_education_binary_lower"",""2023_27_education_binary_lower"",""2023_28_education_binary_higher"",""2023_29_education_binary_lower"",""2023_30_education_binary_lower"",""2023_31_education_binary_lower"",""2023_33_education_binary_lower"",""2023_36_education_binary_lower"",""2023_39_education_binary_higher"",""2023_39_education_binary_lower"",""2023_40_education_binary_higher"",""2023_40_education_binary_lower"",""2023_41_education_binary_higher"",""2023_44_education_binary_higher"",""2023_45_education_binary_higher"",""2023_45_education_binary_lower"",""2023_47_education_binary_higher"",""2023_47_education_binary_lower"",""2023_48_education_binary_lower"",""2023_49_education_binary_lower"",""2023_50_education_binary_higher"",""2023_51_education_binary_lower"",""2023_53_education_binary_lower"",""2023_54_education_binary_higher"",""2023_54_education_binary_lower"",""2023_55_education_binary_higher"",""2023_55_education_binary_lower"",""2023_56_education_binary_higher"",""2023_56_education_binary_lower""]",True,-0.06382978723404253
motif_fb71835b862676ea,fb71835b862676ea0220d4ccd0c84df0964aaab481d2a1819ca0d3c21a500909,"{""edges"":[[""ARTHRITIS"",""COPD""],[""ARTHRITIS"",""ISCHEMIC_HEART_DISEASE""],[""ARTHRITIS"",""OTHER_CANCER""],[""DIABETES"",""ISCHEMIC_HEART_DISEASE""]],""nodes"":[""ARTHRITIS"",""COPD"",""DIABETES"",""ISCHEMIC_HEART_DISEASE"",""OTHER_CANCER""]}",5,4,"[""ARTHRITIS"",""COPD"",""DIABETES"",""ISCHEMIC_HEART_DISEASE"",""OTHER_CANCER""]","[[""ARTHRITIS"",""COPD""],[""ARTHRITIS"",""ISCHEMIC_HEART_DISEASE""],[""ARTHRITIS"",""OTHER_CANCER""],[""DIABETES"",""ISCHEMIC_HEART_DISEASE""]]",occ_eb061d9658ea99a0,True,True,False,46,0.4893617021276595,33,47,1.0,44.474,42.0,46.0,47,94,44,0.46808510638297873,33,"[""2023_01_education_binary_lower"",""2023_04_education_binary_higher"",""2023_05_education_binary_higher"",""2023_05_education_binary_lower"",""2023_06_education_binary_higher"",""2023_09_education_binary_lower"",""2023_12_education_binary_higher"",""2023_13_education_binary_higher"",""2023_13_education_binary_lower"",""2023_16_education_binary_lower"",""2023_18_education_binary_higher"",""2023_18_education_binary_lower"",""2023_19_education_binary_lower"",""2023_20_education_binary_higher"",""2023_20_education_binary_lower"",""2023_23_education_binary_higher"",""2023_23_education_binary_lower"",""2023_24_education_binary_higher"",""2023_24_education_binary_lower"",""2023_25_education_binary_higher"",""2023_26_education_binary_higher"",""2023_27_education_binary_lower"",""2023_30_education_binary_lower"",""2023_31_education_binary_higher"",""2023_33_education_binary_lower"",""2023_36_education_binary_lower"",""2023_37_education_binary_lower"",""2023_38_education_binary_higher"",""2023_39_education_binary_higher"",""2023_39_education_binary_lower"",""2023_41_education_binary_higher"",""2023_44_education_binary_higher"",""2023_45_education_binary_higher"",""2023_45_education_binary_lower"",""2023_47_education_binary_higher"",""2023_47_education_binary_lower"",""2023_49_education_binary_lower"",""2023_50_education_binary_higher"",""2023_51_education_binary_lower"",""2023_53_education_binary_lower"",""2023_54_education_binary_higher"",""2023_54_education_binary_lower"",""2023_55_education_binary_higher"",""2023_55_education_binary_lower""]",True,-0.02127659574468077
motif_fbbeca09a9cbe02e,fbbeca09a9cbe02e4d4bbc8d92c0d4af1ad6ae1a347e0c19736171667bfef06f,"{""edges"":[[""ARTHRITIS"",""ISCHEMIC_HEART_DISEASE""],[""ARTHRITIS"",""KIDNEY_DISEASE""],[""DIABETES"",""ISCHEMIC_HEART_DISEASE""],[""DIABETES"",""KIDNEY_DISEASE""]],""nodes"":[""ARTHRITIS"",""DIABETES"",""ISCHEMIC_HEART_DISEASE"",""KIDNEY_DISEASE""]}",4,4,"[""ARTHRITIS"",""DIABETES"",""ISCHEMIC_HEART_DISEASE"",""KIDNEY_DISEASE""]","[[""ARTHRITIS"",""ISCHEMIC_HEART_DISEASE""],[""ARTHRITIS"",""KIDNEY_DISEASE""],[""DIABETES"",""ISCHEMIC_HEART_DISEASE""],[""DIABETES"",""KIDNEY_DISEASE""]]",occ_b4a02d56bfe7cc00,True,True,False,36,0.3829787234042553,27,47,1.0,34.422,32.0,36.0,47,94,21,0.22340425531914893,17,"[""2023_01_education_binary_lower"",""2023_04_education_binary_higher"",""2023_05_education_binary_lower"",""2023_13_education_binary_lower"",""2023_18_education_binary_higher"",""2023_18_education_binary_lower"",""2023_19_education_binary_lower"",""2023_22_education_binary_lower"",""2023_23_education_binary_lower"",""2023_25_education_binary_higher"",""2023_37_education_binary_lower"",""2023_39_education_binary_higher"",""2023_39_education_binary_lower"",""2023_40_education_binary_higher"",""2023_45_education_binary_higher"",""2023_47_education_binary_higher"",""2023_47_education_binary_lower"",""2023_48_education_binary_lower"",""2023_51_education_binary_lower"",""2023_53_education_binary_higher"",""2023_53_education_binary_lower""]",True,-0.1595744680851064
motif_fbe47b283d485aaf,fbe47b283d485aafade3c9077c0ed5e4393f859ddbb5c8a5e13e9e83f61b1e95,"{""edges"":[[""ARTHRITIS"",""ISCHEMIC_HEART_DISEASE""],[""COPD"",""ISCHEMIC_HEART_DISEASE""],[""DIABETES"",""ISCHEMIC_HEART_DISEASE""],[""ISCHEMIC_HEART_DISEASE"",""KIDNEY_DISEASE""]],""nodes"":[""ARTHRITIS"",""COPD"",""DIABETES"",""ISCHEMIC_HEART_DISEASE"",""KIDNEY_DISEASE""]}",5,4,"[""ARTHRITIS"",""COPD"",""DIABETES"",""ISCHEMIC_HEART_DISEASE"",""KIDNEY_DISEASE""]","[[""ARTHRITIS"",""ISCHEMIC_HEART_DISEASE""],[""COPD"",""ISCHEMIC_HEART_DISEASE""],[""DIABETES"",""ISCHEMIC_HEART_DISEASE""],[""ISCHEMIC_HEART_DISEASE"",""KIDNEY_DISEASE""]]",occ_22d749dacfbef109,False,False,False,32,0.3404255319148936,24,47,1.0,30.436,27.475,32.0,46,92,27,0.29347826086956524,22,"[""2023_01_education_binary_lower"",""2023_05_education_binary_higher"",""2023_05_education_binary_lower"",""2023_12_education_binary_higher"",""2023_18_education_binary_higher"",""2023_18_education_binary_lower"",""2023_20_education_binary_lower"",""2023_22_education_binary_lower"",""2023_23_education_binary_higher"",""2023_26_education_binary_higher"",""2023_28_education_binary_lower"",""2023_31_education_binary_higher"",""2023_36_education_binary_lower"",""2023_37_education_binary_lower"",""2023_38_education_binary_higher"",""2023_39_education_binary_higher"",""2023_39_education_binary_lower"",""2023_40_education_binary_higher"",""2023_45_education_binary_lower"",""2023_47_education_binary_higher"",""2023_47_education_binary_lower"",""2023_48_education_binary_lower"",""2023_49_education_binary_lower"",""2023_51_education_binary_lower"",""2023_53_education_binary_lower"",""2023_54_education_binary_higher"",""2023_54_education_binary_lower""]",True,-0.046947271045328365
motif_fc5100af43da23a5,fc5100af43da23a597c2c1d9e216635843b575b517cdc436c114ca63e22c50d4,"{""edges"":[[""DIABETES"",""KIDNEY_DISEASE""],[""ISCHEMIC_HEART_DISEASE"",""KIDNEY_DISEASE""]],""nodes"":[""DIABETES"",""ISCHEMIC_HEART_DISEASE"",""KIDNEY_DISEASE""]}",3,2,"[""DIABETES"",""ISCHEMIC_HEART_DISEASE"",""KIDNEY_DISEASE""]","[[""DIABETES"",""KIDNEY_DISEASE""],[""ISCHEMIC_HEART_DISEASE"",""KIDNEY_DISEASE""]]",occ_55b31de1d6cdd689,True,True,False,41,0.4361702127659574,30,47,1.0,38.992,36.0,41.0,46,92,27,0.29347826086956524,22,"[""2023_01_education_binary_lower"",""2023_04_education_binary_lower"",""2023_05_education_binary_lower"",""2023_12_education_binary_higher"",""2023_12_education_binary_lower"",""2023_18_education_binary_higher"",""2023_18_education_binary_lower"",""2023_22_education_binary_lower"",""2023_23_education_binary_higher"",""2023_24_education_binary_higher"",""2023_26_education_binary_higher"",""2023_31_education_binary_higher"",""2023_33_education_binary_lower"",""2023_35_education_binary_higher"",""2023_37_education_binary_lower"",""2023_38_education_binary_higher"",""2023_39_education_binary_higher"",""2023_39_education_binary_lower"",""2023_40_education_binary_higher"",""2023_47_education_binary_higher"",""2023_47_education_binary_lower"",""2023_48_education_binary_lower"",""2023_50_education_binary_higher"",""2023_51_education_binary_higher"",""2023_51_education_binary_lower"",""2023_53_education_binary_lower"",""2023_54_education_binary_lower""]",True,-0.14269195189639217
motif_fd2c20ed817a1487,fd2c20ed817a1487e7446499c7a07c4a4338dba6d20a0df82b8589aa4c85402b,"{""edges"":[[""ARTHRITIS"",""COPD""],[""ARTHRITIS"",""OTHER_CANCER""],[""COPD"",""ISCHEMIC_HEART_DISEASE""],[""ISCHEMIC_HEART_DISEASE"",""STROKE""]],""nodes"":[""ARTHRITIS"",""COPD"",""ISCHEMIC_HEART_DISEASE"",""OTHER_CANCER"",""STROKE""]}",5,4,"[""ARTHRITIS"",""COPD"",""ISCHEMIC_HEART_DISEASE"",""OTHER_CANCER"",""STROKE""]","[[""ARTHRITIS"",""COPD""],[""ARTHRITIS"",""OTHER_CANCER""],[""COPD"",""ISCHEMIC_HEART_DISEASE""],[""ISCHEMIC_HEART_DISEASE"",""STROKE""]]",occ_2df38eafc0178838,True,True,False,41,0.4361702127659574,29,47,1.0,39.294,36.0,41.0,47,94,40,0.425531914893617,29,"[""2023_01_education_binary_lower"",""2023_05_education_binary_higher"",""2023_05_education_binary_lower"",""2023_12_education_binary_higher"",""2023_12_education_binary_lower"",""2023_13_education_binary_lower"",""2023_16_education_binary_lower"",""2023_18_education_binary_higher"",""2023_18_education_binary_lower"",""2023_19_education_binary_lower"",""2023_20_education_binary_lower"",""2023_23_education_binary_higher"",""2023_23_education_binary_lower"",""2023_24_education_binary_lower"",""2023_25_education_binary_higher"",""2023_26_education_binary_higher"",""2023_26_education_binary_lower"",""2023_27_education_binary_lower"",""2023_29_education_binary_higher"",""2023_30_education_binary_lower"",""2023_31_education_binary_higher"",""2023_31_education_binary_lower"",""2023_36_education_binary_lower"",""2023_37_education_binary_lower"",""2023_38_education_binary_higher"",""2023_39_education_binary_higher"",""2023_39_education_binary_lower"",""2023_41_education_binary_higher"",""2023_44_education_binary_higher"",""2023_45_education_binary_higher"",""2023_45_education_binary_lower"",""2023_47_education_binary_higher"",""2023_47_education_binary_lower"",""2023_49_education_binary_lower"",""2023_51_education_binary_lower"",""2023_53_education_binary_lower"",""2023_54_education_binary_higher"",""2023_54_education_binary_lower"",""2023_55_education_binary_higher"",""2023_55_education_binary_lower""]",True,-0.010638297872340385
motif_fd5604ec6f39b5d9,fd5604ec6f39b5d9d482936900fd87729b74db0a105c50cc0e34d0df682c62c9,"{""edges"":[[""ARTHRITIS"",""COPD""],[""ARTHRITIS"",""ISCHEMIC_HEART_DISEASE""],[""ARTHRITIS"",""KIDNEY_DISEASE""],[""COPD"",""CURRENT_ASTHMA""],[""ISCHEMIC_HEART_DISEASE"",""KIDNEY_DISEASE""]],""nodes"":[""ARTHRITIS"",""COPD"",""CURRENT_ASTHMA"",""ISCHEMIC_HEART_DISEASE"",""KIDNEY_DISEASE""]}",5,5,"[""ARTHRITIS"",""COPD"",""CURRENT_ASTHMA"",""ISCHEMIC_HEART_DISEASE"",""KIDNEY_DISEASE""]","[[""ARTHRITIS"",""COPD""],[""ARTHRITIS"",""ISCHEMIC_HEART_DISEASE""],[""ARTHRITIS"",""KIDNEY_DISEASE""],[""COPD"",""CURRENT_ASTHMA""],[""ISCHEMIC_HEART_DISEASE"",""KIDNEY_DISEASE""]]",occ_a81e0506b1aaf663,False,True,False,22,0.2340425531914893,16,47,0.964,20.726,18.0,22.0,46,92,17,0.18478260869565216,13,"[""2023_01_education_binary_lower"",""2023_05_education_binary_lower"",""2023_18_education_binary_higher"",""2023_18_education_binary_lower"",""2023_22_education_binary_lower"",""2023_39_education_binary_higher"",""2023_39_education_binary_lower"",""2023_40_education_binary_higher"",""2023_40_education_binary_lower"",""2023_41_education_binary_lower"",""2023_45_education_binary_lower"",""2023_47_education_binary_higher"",""2023_47_education_binary_lower"",""2023_48_education_binary_lower"",""2023_49_education_binary_lower"",""2023_51_education_binary_lower"",""2023_53_education_binary_lower""]",False,-0.04925994449583715
motif_fd643b6352520f0a,fd643b6352520f0a0b83af789585538687186fa641af9c270f6653e9c7d34a7d,"{""edges"":[[""ARTHRITIS"",""COPD""],[""ARTHRITIS"",""KIDNEY_DISEASE""],[""ARTHRITIS"",""OTHER_CANCER""],[""COPD"",""ISCHEMIC_HEART_DISEASE""]],""nodes"":[""ARTHRITIS"",""COPD"",""ISCHEMIC_HEART_DISEASE"",""KIDNEY_DISEASE"",""OTHER_CANCER""]}",5,4,"[""ARTHRITIS"",""COPD"",""ISCHEMIC_HEART_DISEASE"",""KIDNEY_DISEASE"",""OTHER_CANCER""]","[[""ARTHRITIS"",""COPD""],[""ARTHRITIS"",""KIDNEY_DISEASE""],[""ARTHRITIS"",""OTHER_CANCER""],[""COPD"",""ISCHEMIC_HEART_DISEASE""]]",occ_114b0d464e206051,False,False,False,21,0.2234042553191489,16,47,0.96,20.198,18.0,21.0,47,94,23,0.24468085106382978,18,"[""2023_01_education_binary_lower"",""2023_05_education_binary_lower"",""2023_10_education_binary_higher"",""2023_13_education_binary_higher"",""2023_13_education_binary_lower"",""2023_18_education_binary_higher"",""2023_18_education_binary_lower"",""2023_19_education_binary_lower"",""2023_23_education_binary_lower"",""2023_25_education_binary_higher"",""2023_26_education_binary_lower"",""2023_27_education_binary_lower"",""2023_29_education_binary_higher"",""2023_37_education_binary_lower"",""2023_39_education_binary_higher"",""2023_39_education_binary_lower"",""2023_45_education_binary_higher"",""2023_45_education_binary_lower"",""2023_47_education_binary_higher"",""2023_47_education_binary_lower"",""2023_49_education_binary_lower"",""2023_51_education_binary_lower"",""2023_53_education_binary_lower""]",True,0.021276595744680882
motif_fd8026f3f9aefe0f,fd8026f3f9aefe0f9d1cdf58117e5cae0deb7046d015f249b0260679125951c9,"{""edges"":[[""ARTHRITIS"",""ISCHEMIC_HEART_DISEASE""],[""ARTHRITIS"",""KIDNEY_DISEASE""],[""ARTHRITIS"",""OTHER_CANCER""],[""DIABETES"",""ISCHEMIC_HEART_DISEASE""]],""nodes"":[""ARTHRITIS"",""DIABETES"",""ISCHEMIC_HEART_DISEASE"",""KIDNEY_DISEASE"",""OTHER_CANCER""]}",5,4,"[""ARTHRITIS"",""DIABETES"",""ISCHEMIC_HEART_DISEASE"",""KIDNEY_DISEASE"",""OTHER_CANCER""]","[[""ARTHRITIS"",""ISCHEMIC_HEART_DISEASE""],[""ARTHRITIS"",""KIDNEY_DISEASE""],[""ARTHRITIS"",""OTHER_CANCER""],[""DIABETES"",""ISCHEMIC_HEART_DISEASE""]]",occ_aada652efab44e7a,True,True,False,27,0.2872340425531915,22,47,1.0,26.014,24.0,27.0,47,94,22,0.23404255319148937,16,"[""2023_01_education_binary_lower"",""2023_04_education_binary_higher"",""2023_05_education_binary_lower"",""2023_13_education_binary_higher"",""2023_13_education_binary_lower"",""2023_18_education_binary_higher"",""2023_18_education_binary_lower"",""2023_19_education_binary_lower"",""2023_23_education_binary_lower"",""2023_25_education_binary_higher"",""2023_27_education_binary_lower"",""2023_37_education_binary_lower"",""2023_39_education_binary_higher"",""2023_39_education_binary_lower"",""2023_45_education_binary_higher"",""2023_45_education_binary_lower"",""2023_47_education_binary_higher"",""2023_47_education_binary_lower"",""2023_49_education_binary_lower"",""2023_51_education_binary_lower"",""2023_53_education_binary_higher"",""2023_53_education_binary_lower""]",True,-0.05319148936170215
motif_fe7681306acbdcba,fe7681306acbdcbad08f35e1d2cc251ccf8418a2f544791e4e429b412131f201,"{""edges"":[[""ARTHRITIS"",""DIABETES""],[""ARTHRITIS"",""ISCHEMIC_HEART_DISEASE""],[""ARTHRITIS"",""SKIN_CANCER""],[""OTHER_CANCER"",""SKIN_CANCER""]],""nodes"":[""ARTHRITIS"",""DIABETES"",""ISCHEMIC_HEART_DISEASE"",""OTHER_CANCER"",""SKIN_CANCER""]}",5,4,"[""ARTHRITIS"",""DIABETES"",""ISCHEMIC_HEART_DISEASE"",""OTHER_CANCER"",""SKIN_CANCER""]","[[""ARTHRITIS"",""DIABETES""],[""ARTHRITIS"",""ISCHEMIC_HEART_DISEASE""],[""ARTHRITIS"",""SKIN_CANCER""],[""OTHER_CANCER"",""SKIN_CANCER""]]",occ_0408c835608f2652,True,True,False,25,0.2659574468085106,20,47,1.0,23.994,22.0,25.0,47,94,25,0.26595744680851063,21,"[""2023_01_education_binary_higher"",""2023_04_education_binary_higher"",""2023_10_education_binary_higher"",""2023_10_education_binary_lower"",""2023_13_education_binary_lower"",""2023_16_education_binary_lower"",""2023_18_education_binary_higher"",""2023_18_education_binary_lower"",""2023_22_education_binary_higher"",""2023_25_education_binary_higher"",""2023_30_education_binary_lower"",""2023_31_education_binary_lower"",""2023_38_education_binary_lower"",""2023_39_education_binary_lower"",""2023_41_education_binary_higher"",""2023_45_education_binary_lower"",""2023_47_education_binary_lower"",""2023_49_education_binary_higher"",""2023_49_education_binary_lower"",""2023_50_education_binary_lower"",""2023_53_education_binary_higher"",""2023_54_education_binary_higher"",""2023_54_education_binary_lower"",""2023_55_education_binary_lower"",""2023_56_education_binary_higher""]",True,5.551115123125783e-17
motif_fe7b90304caa5322,fe7b90304caa5322658c0ffc795d2f778ba00d3bf55362174039b6280c018217,"{""edges"":[[""COPD"",""CURRENT_ASTHMA""],[""COPD"",""ISCHEMIC_HEART_DISEASE""],[""CURRENT_ASTHMA"",""DEPRESSIVE_DISORDER""],[""ISCHEMIC_HEART_DISEASE"",""STROKE""]],""nodes"":[""COPD"",""CURRENT_ASTHMA"",""DEPRESSIVE_DISORDER"",""ISCHEMIC_HEART_DISEASE"",""STROKE""]}",5,4,"[""COPD"",""CURRENT_ASTHMA"",""DEPRESSIVE_DISORDER"",""ISCHEMIC_HEART_DISEASE"",""STROKE""]","[[""COPD"",""CURRENT_ASTHMA""],[""COPD"",""ISCHEMIC_HEART_DISEASE""],[""CURRENT_ASTHMA"",""DEPRESSIVE_DISORDER""],[""ISCHEMIC_HEART_DISEASE"",""STROKE""]]",occ_b3db4ff9b5d737eb,True,True,True,31,0.3297872340425531,26,47,1.0,29.926,28.0,31.0,47,94,21,0.22340425531914893,17,"[""2023_01_education_binary_lower"",""2023_12_education_binary_lower"",""2023_16_education_binary_lower"",""2023_18_education_binary_higher"",""2023_18_education_binary_lower"",""2023_19_education_binary_lower"",""2023_22_education_binary_lower"",""2023_23_education_binary_higher"",""2023_23_education_binary_lower"",""2023_27_education_binary_lower"",""2023_30_education_binary_lower"",""2023_36_education_binary_lower"",""2023_40_education_binary_higher"",""2023_47_education_binary_lower"",""2023_49_education_binary_lower"",""2023_50_education_binary_lower"",""2023_53_education_binary_higher"",""2023_53_education_binary_lower"",""2023_54_education_binary_higher"",""2023_54_education_binary_lower"",""2023_55_education_binary_lower""]",True,-0.10638297872340419
motif_fff7782cb017e67a,fff7782cb017e67ab0a5523a99c04bb2374e1e71cbfae66893f87cddaf45beaf,"{""edges"":[[""ARTHRITIS"",""COPD""],[""ARTHRITIS"",""KIDNEY_DISEASE""],[""COPD"",""ISCHEMIC_HEART_DISEASE""],[""ISCHEMIC_HEART_DISEASE"",""STROKE""]],""nodes"":[""ARTHRITIS"",""COPD"",""ISCHEMIC_HEART_DISEASE"",""KIDNEY_DISEASE"",""STROKE""]}",5,4,"[""ARTHRITIS"",""COPD"",""ISCHEMIC_HEART_DISEASE"",""KIDNEY_DISEASE"",""STROKE""]","[[""ARTHRITIS"",""COPD""],[""ARTHRITIS"",""KIDNEY_DISEASE""],[""COPD"",""ISCHEMIC_HEART_DISEASE""],[""ISCHEMIC_HEART_DISEASE"",""STROKE""]]",occ_3cee5ad94e514c36,True,True,False,30,0.3191489361702128,21,47,1.0,28.73,26.0,30.0,47,94,25,0.26595744680851063,20,"[""2023_01_education_binary_lower"",""2023_05_education_binary_lower"",""2023_13_education_binary_lower"",""2023_18_education_binary_higher"",""2023_18_education_binary_lower"",""2023_19_education_binary_lower"",""2023_22_education_binary_lower"",""2023_23_education_binary_lower"",""2023_25_education_binary_higher"",""2023_26_education_binary_lower"",""2023_27_education_binary_lower"",""2023_29_education_binary_higher"",""2023_37_education_binary_lower"",""2023_39_education_binary_higher"",""2023_39_education_binary_lower"",""2023_40_education_binary_higher"",""2023_40_education_binary_lower"",""2023_45_education_binary_higher"",""2023_45_education_binary_lower"",""2023_47_education_binary_higher"",""2023_47_education_binary_lower"",""2023_48_education_binary_lower"",""2023_49_education_binary_lower"",""2023_51_education_binary_lower"",""2023_53_education_binary_lower""]",True,-0.05319148936170215
