occurrence_class_id,robust_motif_count,representative_motif_id,representative_node_count,representative_edge_count,representative_node_labels,representative_edge_list,representative_is_closed,representative_is_maximal,member_motif_ids,replication_member_count,replicated_member_count,minimum_replication_support,median_replication_support,maximum_replication_support,representative_replication_paired_state_count,representative_replication_support_fraction,representative_replicated_at_20pct
occ_00affd6fd0057d51,2,motif_cafa14125e4d3e91,5,5,"[""ARTHRITIS"",""COPD"",""DIABETES"",""ISCHEMIC_HEART_DISEASE"",""KIDNEY_DISEASE""]","[[""ARTHRITIS"",""COPD""],[""ARTHRITIS"",""ISCHEMIC_HEART_DISEASE""],[""ARTHRITIS"",""KIDNEY_DISEASE""],[""COPD"",""ISCHEMIC_HEART_DISEASE""],[""DIABETES"",""KIDNEY_DISEASE""]]",True,False,"[""motif_92462db061392ae7"",""motif_cafa14125e4d3e91""]",2,2,0.2127659574468085,0.21808510638297873,0.22340425531914893,47,0.2127659574468085,True
occ_0188103b1fa6cc15,2,motif_515f2a2b2aaee61d,5,5,"[""ARTHRITIS"",""COPD"",""ISCHEMIC_HEART_DISEASE"",""KIDNEY_DISEASE"",""STROKE""]","[[""ARTHRITIS"",""COPD""],[""ARTHRITIS"",""ISCHEMIC_HEART_DISEASE""],[""ARTHRITIS"",""KIDNEY_DISEASE""],[""COPD"",""ISCHEMIC_HEART_DISEASE""],[""ISCHEMIC_HEART_DISEASE"",""STROKE""]]",True,False,"[""motif_515f2a2b2aaee61d"",""motif_90e3cc1dcf4e3b79""]",2,2,0.2553191489361702,0.2606382978723404,0.26595744680851063,47,0.2553191489361702,True
occ_020686f31f7797e8,2,motif_ebed88d2a144263b,5,5,"[""ARTHRITIS"",""DIABETES"",""ISCHEMIC_HEART_DISEASE"",""KIDNEY_DISEASE"",""OTHER_CANCER""]","[[""ARTHRITIS"",""DIABETES""],[""ARTHRITIS"",""ISCHEMIC_HEART_DISEASE""],[""ARTHRITIS"",""OTHER_CANCER""],[""DIABETES"",""ISCHEMIC_HEART_DISEASE""],[""DIABETES"",""KIDNEY_DISEASE""]]",True,False,"[""motif_0e63e1f3da53f70b"",""motif_ebed88d2a144263b""]",2,2,0.3191489361702128,0.3351063829787234,0.35106382978723405,47,0.3191489361702128,True
occ_026459d48491f0f8,1,motif_39ec7fe0f96a2be6,4,3,"[""ARTHRITIS"",""ISCHEMIC_HEART_DISEASE"",""KIDNEY_DISEASE"",""STROKE""]","[[""ARTHRITIS"",""ISCHEMIC_HEART_DISEASE""],[""ARTHRITIS"",""KIDNEY_DISEASE""],[""ISCHEMIC_HEART_DISEASE"",""STROKE""]]",True,False,"[""motif_39ec7fe0f96a2be6""]",1,1,0.3191489361702128,0.3191489361702128,0.3191489361702128,47,0.3191489361702128,True
occ_0266e32c5c1a1fc4,1,motif_594088dea3ed99ad,5,4,"[""ARTHRITIS"",""DIABETES"",""ISCHEMIC_HEART_DISEASE"",""KIDNEY_DISEASE"",""STROKE""]","[[""ARTHRITIS"",""DIABETES""],[""ARTHRITIS"",""ISCHEMIC_HEART_DISEASE""],[""ARTHRITIS"",""KIDNEY_DISEASE""],[""ISCHEMIC_HEART_DISEASE"",""STROKE""]]",True,False,"[""motif_594088dea3ed99ad""]",1,1,0.30851063829787234,0.30851063829787234,0.30851063829787234,47,0.30851063829787234,True
occ_031a2a72952c9383,1,motif_9136b5cad501c9c7,3,2,"[""ARTHRITIS"",""COPD"",""OTHER_CANCER""]","[[""ARTHRITIS"",""COPD""],[""ARTHRITIS"",""OTHER_CANCER""]]",True,False,"[""motif_9136b5cad501c9c7""]",1,1,0.6702127659574468,0.6702127659574468,0.6702127659574468,47,0.6702127659574468,True
occ_0408c835608f2652,2,motif_fe7681306acbdcba,5,4,"[""ARTHRITIS"",""DIABETES"",""ISCHEMIC_HEART_DISEASE"",""OTHER_CANCER"",""SKIN_CANCER""]","[[""ARTHRITIS"",""DIABETES""],[""ARTHRITIS"",""ISCHEMIC_HEART_DISEASE""],[""ARTHRITIS"",""SKIN_CANCER""],[""OTHER_CANCER"",""SKIN_CANCER""]]",True,False,"[""motif_260b9ee8cedf65ab"",""motif_fe7681306acbdcba""]",2,2,0.26595744680851063,0.26595744680851063,0.26595744680851063,47,0.26595744680851063,True
occ_0726388ad22f3b57,1,motif_f5528311f24310da,5,4,"[""COPD"",""DIABETES"",""ISCHEMIC_HEART_DISEASE"",""KIDNEY_DISEASE"",""STROKE""]","[[""COPD"",""ISCHEMIC_HEART_DISEASE""],[""DIABETES"",""ISCHEMIC_HEART_DISEASE""],[""DIABETES"",""KIDNEY_DISEASE""],[""ISCHEMIC_HEART_DISEASE"",""STROKE""]]",True,False,"[""motif_f5528311f24310da""]",1,1,0.32978723404255317,0.32978723404255317,0.32978723404255317,47,0.32978723404255317,True
occ_074adfd60e6198cc,2,motif_d73c4c050c515690,5,6,"[""ARTHRITIS"",""DIABETES"",""ISCHEMIC_HEART_DISEASE"",""KIDNEY_DISEASE"",""OTHER_CANCER""]","[[""ARTHRITIS"",""DIABETES""],[""ARTHRITIS"",""ISCHEMIC_HEART_DISEASE""],[""ARTHRITIS"",""OTHER_CANCER""],[""DIABETES"",""ISCHEMIC_HEART_DISEASE""],[""DIABETES"",""KIDNEY_DISEASE""],[""ISCHEMIC_HEART_DISEASE"",""KIDNEY_DISEASE""]]",True,False,"[""motif_d73c4c050c515690"",""motif_e9f2800f2f4139b5""]",2,0,0.1956521739130435,0.1956521739130435,0.1956521739130435,46,0.1956521739130435,False
occ_080b040d19c3f981,4,motif_03815a9e83d32c65,5,5,"[""ARTHRITIS"",""COPD"",""CURRENT_ASTHMA"",""ISCHEMIC_HEART_DISEASE"",""KIDNEY_DISEASE""]","[[""ARTHRITIS"",""COPD""],[""ARTHRITIS"",""ISCHEMIC_HEART_DISEASE""],[""ARTHRITIS"",""KIDNEY_DISEASE""],[""COPD"",""CURRENT_ASTHMA""],[""COPD"",""ISCHEMIC_HEART_DISEASE""]]",True,False,"[""motif_03815a9e83d32c65"",""motif_144357e970631bdc"",""motif_747d5d7b30279f2d"",""motif_da6a723978c7cfb8""]",4,4,0.26595744680851063,0.28191489361702127,0.2978723404255319,47,0.26595744680851063,True
occ_09a7531f3b5030e6,2,motif_b7d6452102fa13a0,5,4,"[""ARTHRITIS"",""COPD"",""DIABETES"",""OTHER_CANCER"",""SKIN_CANCER""]","[[""ARTHRITIS"",""COPD""],[""ARTHRITIS"",""DIABETES""],[""ARTHRITIS"",""OTHER_CANCER""],[""OTHER_CANCER"",""SKIN_CANCER""]]",True,False,"[""motif_48c393c748427b13"",""motif_b7d6452102fa13a0""]",2,2,0.5638297872340425,0.574468085106383,0.5851063829787234,47,0.5638297872340425,True
occ_0aaa6ce3573aeca5,2,motif_1ef5e2e1bdccc5eb,4,4,"[""ARTHRITIS"",""DIABETES"",""OTHER_CANCER"",""SKIN_CANCER""]","[[""ARTHRITIS"",""DIABETES""],[""ARTHRITIS"",""OTHER_CANCER""],[""ARTHRITIS"",""SKIN_CANCER""],[""OTHER_CANCER"",""SKIN_CANCER""]]",True,False,"[""motif_1ef5e2e1bdccc5eb"",""motif_cefbf9695c101b62""]",2,2,0.23404255319148937,0.23404255319148937,0.23404255319148937,47,0.23404255319148937,True
occ_0cb401955779692b,1,motif_e51d13cc35f9cbc0,5,4,"[""ARTHRITIS"",""COPD"",""DIABETES"",""ISCHEMIC_HEART_DISEASE"",""KIDNEY_DISEASE""]","[[""ARTHRITIS"",""COPD""],[""ARTHRITIS"",""KIDNEY_DISEASE""],[""COPD"",""ISCHEMIC_HEART_DISEASE""],[""DIABETES"",""KIDNEY_DISEASE""]]",True,False,"[""motif_e51d13cc35f9cbc0""]",1,1,0.22340425531914893,0.22340425531914893,0.22340425531914893,47,0.22340425531914893,True
occ_0cc372c244ad9b6d,2,motif_1d705ca0de2416ea,5,5,"[""ARTHRITIS"",""ISCHEMIC_HEART_DISEASE"",""OTHER_CANCER"",""SKIN_CANCER"",""STROKE""]","[[""ARTHRITIS"",""ISCHEMIC_HEART_DISEASE""],[""ARTHRITIS"",""OTHER_CANCER""],[""ARTHRITIS"",""SKIN_CANCER""],[""ISCHEMIC_HEART_DISEASE"",""STROKE""],[""OTHER_CANCER"",""SKIN_CANCER""]]",True,True,"[""motif_1d705ca0de2416ea"",""motif_efae6b60f595cdfb""]",2,2,0.2553191489361702,0.2553191489361702,0.2553191489361702,47,0.2553191489361702,True
occ_0dc494cd44ca89dc,1,motif_90f0469331adc789,3,3,"[""ARTHRITIS"",""ISCHEMIC_HEART_DISEASE"",""KIDNEY_DISEASE""]","[[""ARTHRITIS"",""ISCHEMIC_HEART_DISEASE""],[""ARTHRITIS"",""KIDNEY_DISEASE""],[""ISCHEMIC_HEART_DISEASE"",""KIDNEY_DISEASE""]]",True,False,"[""motif_90f0469331adc789""]",1,1,0.20652173913043478,0.20652173913043478,0.20652173913043478,46,0.20652173913043478,True
occ_0e3e21e0b4457e3a,2,motif_7148880977761506,5,4,"[""ARTHRITIS"",""COPD"",""CURRENT_ASTHMA"",""ISCHEMIC_HEART_DISEASE"",""STROKE""]","[[""ARTHRITIS"",""COPD""],[""COPD"",""CURRENT_ASTHMA""],[""COPD"",""ISCHEMIC_HEART_DISEASE""],[""ISCHEMIC_HEART_DISEASE"",""STROKE""]]",True,False,"[""motif_7148880977761506"",""motif_f36a38d96b0a0951""]",2,2,0.46808510638297873,0.4787234042553191,0.48936170212765956,47,0.46808510638297873,True
occ_0f14311c34310ccf,1,motif_a6141d4b71e71270,5,4,"[""ARTHRITIS"",""COPD"",""ISCHEMIC_HEART_DISEASE"",""KIDNEY_DISEASE"",""STROKE""]","[[""ARTHRITIS"",""COPD""],[""ARTHRITIS"",""ISCHEMIC_HEART_DISEASE""],[""ARTHRITIS"",""KIDNEY_DISEASE""],[""ISCHEMIC_HEART_DISEASE"",""STROKE""]]",True,False,"[""motif_a6141d4b71e71270""]",1,1,0.2872340425531915,0.2872340425531915,0.2872340425531915,47,0.2872340425531915,True
occ_1006c73248b8a7f9,2,motif_5d8278297502c784,4,4,"[""ARTHRITIS"",""DIABETES"",""ISCHEMIC_HEART_DISEASE"",""KIDNEY_DISEASE""]","[[""ARTHRITIS"",""DIABETES""],[""ARTHRITIS"",""ISCHEMIC_HEART_DISEASE""],[""DIABETES"",""ISCHEMIC_HEART_DISEASE""],[""DIABETES"",""KIDNEY_DISEASE""]]",True,False,"[""motif_2de10e214c2ecf82"",""motif_5d8278297502c784""]",2,2,0.39361702127659576,0.4095744680851064,0.425531914893617,47,0.39361702127659576,True
occ_114b0d464e206051,3,motif_50b72c034294f2b7,5,5,"[""ARTHRITIS"",""COPD"",""ISCHEMIC_HEART_DISEASE"",""KIDNEY_DISEASE"",""OTHER_CANCER""]","[[""ARTHRITIS"",""COPD""],[""ARTHRITIS"",""ISCHEMIC_HEART_DISEASE""],[""ARTHRITIS"",""KIDNEY_DISEASE""],[""ARTHRITIS"",""OTHER_CANCER""],[""COPD"",""ISCHEMIC_HEART_DISEASE""]]",True,False,"[""motif_50b72c034294f2b7"",""motif_756512b4fa9723fa"",""motif_fd643b6352520f0a""]",3,3,0.23404255319148937,0.24468085106382978,0.24468085106382978,47,0.23404255319148937,True
occ_11c04db9275af2da,1,motif_0627f8d8deb4fba4,3,2,"[""ARTHRITIS"",""OTHER_CANCER"",""SKIN_CANCER""]","[[""ARTHRITIS"",""OTHER_CANCER""],[""OTHER_CANCER"",""SKIN_CANCER""]]",True,False,"[""motif_0627f8d8deb4fba4""]",1,1,0.6808510638297872,0.6808510638297872,0.6808510638297872,47,0.6808510638297872,True
occ_1219b23548eeb8a2,1,motif_def29965c110d7de,5,4,"[""COPD"",""CURRENT_ASTHMA"",""ISCHEMIC_HEART_DISEASE"",""KIDNEY_DISEASE"",""STROKE""]","[[""COPD"",""CURRENT_ASTHMA""],[""COPD"",""ISCHEMIC_HEART_DISEASE""],[""ISCHEMIC_HEART_DISEASE"",""KIDNEY_DISEASE""],[""ISCHEMIC_HEART_DISEASE"",""STROKE""]]",True,True,"[""motif_def29965c110d7de""]",1,1,0.2826086956521739,0.2826086956521739,0.2826086956521739,46,0.2826086956521739,True
occ_121fa8b562518447,4,motif_a8e2557395de591b,5,6,"[""ARTHRITIS"",""COPD"",""DIABETES"",""ISCHEMIC_HEART_DISEASE"",""KIDNEY_DISEASE""]","[[""ARTHRITIS"",""COPD""],[""ARTHRITIS"",""DIABETES""],[""ARTHRITIS"",""ISCHEMIC_HEART_DISEASE""],[""COPD"",""ISCHEMIC_HEART_DISEASE""],[""DIABETES"",""KIDNEY_DISEASE""],[""ISCHEMIC_HEART_DISEASE"",""KIDNEY_DISEASE""]]",True,False,"[""motif_4aa6795ac5be2401"",""motif_9583570644293b3f"",""motif_9f5dccfd505d1842"",""motif_a8e2557395de591b""]",4,4,0.21739130434782608,0.21739130434782608,0.21739130434782608,46,0.21739130434782608,True
occ_151f1eac8eba56b2,1,motif_1b5f56b34ecdaa6c,5,4,"[""ARTHRITIS"",""COPD"",""DIABETES"",""ISCHEMIC_HEART_DISEASE"",""SKIN_CANCER""]","[[""ARTHRITIS"",""COPD""],[""ARTHRITIS"",""ISCHEMIC_HEART_DISEASE""],[""ARTHRITIS"",""SKIN_CANCER""],[""DIABETES"",""ISCHEMIC_HEART_DISEASE""]]",True,False,"[""motif_1b5f56b34ecdaa6c""]",1,1,0.22340425531914893,0.22340425531914893,0.22340425531914893,47,0.22340425531914893,True
occ_15b437aa9ec394e6,1,motif_36015bab6274bff0,4,4,"[""ARTHRITIS"",""DIABETES"",""ISCHEMIC_HEART_DISEASE"",""KIDNEY_DISEASE""]","[[""ARTHRITIS"",""DIABETES""],[""ARTHRITIS"",""ISCHEMIC_HEART_DISEASE""],[""ARTHRITIS"",""KIDNEY_DISEASE""],[""ISCHEMIC_HEART_DISEASE"",""KIDNEY_DISEASE""]]",True,False,"[""motif_36015bab6274bff0""]",1,1,0.20652173913043478,0.20652173913043478,0.20652173913043478,46,0.20652173913043478,True
occ_16d2b30ca96861c2,1,motif_2f435833caec9e2b,3,2,"[""ARTHRITIS"",""DIABETES"",""ISCHEMIC_HEART_DISEASE""]","[[""ARTHRITIS"",""ISCHEMIC_HEART_DISEASE""],[""DIABETES"",""ISCHEMIC_HEART_DISEASE""]]",True,False,"[""motif_2f435833caec9e2b""]",1,1,0.5851063829787234,0.5851063829787234,0.5851063829787234,47,0.5851063829787234,True
occ_17182b87b88d4216,1,motif_2611ff976d3ff14b,5,4,"[""ARTHRITIS"",""COPD"",""DIABETES"",""ISCHEMIC_HEART_DISEASE"",""KIDNEY_DISEASE""]","[[""ARTHRITIS"",""COPD""],[""ARTHRITIS"",""KIDNEY_DISEASE""],[""DIABETES"",""ISCHEMIC_HEART_DISEASE""],[""ISCHEMIC_HEART_DISEASE"",""KIDNEY_DISEASE""]]",True,False,"[""motif_2611ff976d3ff14b""]",1,0,0.17391304347826086,0.17391304347826086,0.17391304347826086,46,0.17391304347826086,False
occ_177617ab3030a420,1,motif_65eb65a7562a1bcb,4,3,"[""ARTHRITIS"",""COPD"",""DIABETES"",""ISCHEMIC_HEART_DISEASE""]","[[""ARTHRITIS"",""COPD""],[""ARTHRITIS"",""DIABETES""],[""ARTHRITIS"",""ISCHEMIC_HEART_DISEASE""]]",True,False,"[""motif_65eb65a7562a1bcb""]",1,1,0.6808510638297872,0.6808510638297872,0.6808510638297872,47,0.6808510638297872,True
occ_17bd400c926c321a,4,motif_599a47832de48e0b,5,6,"[""ARTHRITIS"",""COPD"",""DIABETES"",""ISCHEMIC_HEART_DISEASE"",""KIDNEY_DISEASE""]","[[""ARTHRITIS"",""COPD""],[""ARTHRITIS"",""DIABETES""],[""ARTHRITIS"",""ISCHEMIC_HEART_DISEASE""],[""DIABETES"",""ISCHEMIC_HEART_DISEASE""],[""DIABETES"",""KIDNEY_DISEASE""],[""ISCHEMIC_HEART_DISEASE"",""KIDNEY_DISEASE""]]",True,False,"[""motif_3be567c2d0a1b7d5"",""motif_552be5f9f12c3639"",""motif_599a47832de48e0b"",""motif_9549cf95a022f9b4""]",4,4,0.22826086956521738,0.23369565217391303,0.2391304347826087,46,0.22826086956521738,True
occ_18eaf4f5bbe0909a,1,motif_64c46f0bc8a7853d,5,4,"[""ARTHRITIS"",""COPD"",""DIABETES"",""ISCHEMIC_HEART_DISEASE"",""KIDNEY_DISEASE""]","[[""ARTHRITIS"",""COPD""],[""ARTHRITIS"",""KIDNEY_DISEASE""],[""COPD"",""ISCHEMIC_HEART_DISEASE""],[""DIABETES"",""ISCHEMIC_HEART_DISEASE""]]",True,False,"[""motif_64c46f0bc8a7853d""]",1,1,0.2553191489361702,0.2553191489361702,0.2553191489361702,47,0.2553191489361702,True
occ_1b51ca5b05f654ac,1,motif_9aa9557464dbe999,5,4,"[""ARTHRITIS"",""COPD"",""CURRENT_ASTHMA"",""ISCHEMIC_HEART_DISEASE"",""KIDNEY_DISEASE""]","[[""ARTHRITIS"",""COPD""],[""ARTHRITIS"",""ISCHEMIC_HEART_DISEASE""],[""ARTHRITIS"",""KIDNEY_DISEASE""],[""COPD"",""CURRENT_ASTHMA""]]",True,False,"[""motif_9aa9557464dbe999""]",1,1,0.3191489361702128,0.3191489361702128,0.3191489361702128,47,0.3191489361702128,True
occ_1b89bcda5c98ef5a,2,motif_029c13843bbf61d1,4,3,"[""ARTHRITIS"",""COPD"",""ISCHEMIC_HEART_DISEASE"",""KIDNEY_DISEASE""]","[[""ARTHRITIS"",""COPD""],[""COPD"",""ISCHEMIC_HEART_DISEASE""],[""ISCHEMIC_HEART_DISEASE"",""KIDNEY_DISEASE""]]",True,False,"[""motif_029c13843bbf61d1"",""motif_15072348c6870401""]",2,2,0.33695652173913043,0.33695652173913043,0.33695652173913043,46,0.33695652173913043,True
occ_1c1c7a4881fb1e41,1,motif_f31ec24997c9f33d,5,4,"[""ARTHRITIS"",""COPD"",""DIABETES"",""ISCHEMIC_HEART_DISEASE"",""OTHER_CANCER""]","[[""ARTHRITIS"",""COPD""],[""ARTHRITIS"",""DIABETES""],[""ARTHRITIS"",""OTHER_CANCER""],[""COPD"",""ISCHEMIC_HEART_DISEASE""]]",True,False,"[""motif_f31ec24997c9f33d""]",1,1,0.425531914893617,0.425531914893617,0.425531914893617,47,0.425531914893617,True
occ_1c746b69edfa407c,3,motif_2432ee146ee06e9b,5,4,"[""ARTHRITIS"",""COPD"",""KIDNEY_DISEASE"",""OTHER_CANCER"",""SKIN_CANCER""]","[[""ARTHRITIS"",""COPD""],[""ARTHRITIS"",""KIDNEY_DISEASE""],[""ARTHRITIS"",""OTHER_CANCER""],[""OTHER_CANCER"",""SKIN_CANCER""]]",True,False,"[""motif_2432ee146ee06e9b"",""motif_38423b6b2977d305"",""motif_5c79379a0133821d""]",3,3,0.2765957446808511,0.2872340425531915,0.2978723404255319,47,0.2765957446808511,True
occ_1cb800cbe42e976a,4,motif_9346ea0f68c7424e,5,5,"[""ARTHRITIS"",""COPD"",""ISCHEMIC_HEART_DISEASE"",""OTHER_CANCER"",""SKIN_CANCER""]","[[""ARTHRITIS"",""COPD""],[""ARTHRITIS"",""ISCHEMIC_HEART_DISEASE""],[""ARTHRITIS"",""OTHER_CANCER""],[""COPD"",""ISCHEMIC_HEART_DISEASE""],[""OTHER_CANCER"",""SKIN_CANCER""]]",True,False,"[""motif_24fa1a057d5acded"",""motif_5ded3e44b292b50e"",""motif_9346ea0f68c7424e"",""motif_a5f0aedaba53c141""]",4,4,0.4148936170212766,0.43617021276595747,0.4574468085106383,47,0.4148936170212766,True
occ_1cf07441c767b454,1,motif_4fb69e3be74bb949,5,5,"[""ARTHRITIS"",""DIABETES"",""ISCHEMIC_HEART_DISEASE"",""KIDNEY_DISEASE"",""STROKE""]","[[""ARTHRITIS"",""DIABETES""],[""ARTHRITIS"",""ISCHEMIC_HEART_DISEASE""],[""ARTHRITIS"",""KIDNEY_DISEASE""],[""DIABETES"",""KIDNEY_DISEASE""],[""ISCHEMIC_HEART_DISEASE"",""STROKE""]]",True,False,"[""motif_4fb69e3be74bb949""]",1,1,0.2553191489361702,0.2553191489361702,0.2553191489361702,47,0.2553191489361702,True
occ_210049c2f9c667f6,2,motif_564f9cbbae11e040,5,5,"[""ARTHRITIS"",""COPD"",""DIABETES"",""ISCHEMIC_HEART_DISEASE"",""OTHER_CANCER""]","[[""ARTHRITIS"",""COPD""],[""ARTHRITIS"",""ISCHEMIC_HEART_DISEASE""],[""ARTHRITIS"",""OTHER_CANCER""],[""COPD"",""ISCHEMIC_HEART_DISEASE""],[""DIABETES"",""ISCHEMIC_HEART_DISEASE""]]",True,False,"[""motif_4f19d2064be25086"",""motif_564f9cbbae11e040""]",2,2,0.39361702127659576,0.39893617021276595,0.40425531914893614,47,0.39361702127659576,True
occ_215ea716e451deb2,2,motif_a0117e3a50871f45,4,4,"[""ARTHRITIS"",""DIABETES"",""ISCHEMIC_HEART_DISEASE"",""KIDNEY_DISEASE""]","[[""ARTHRITIS"",""KIDNEY_DISEASE""],[""DIABETES"",""ISCHEMIC_HEART_DISEASE""],[""DIABETES"",""KIDNEY_DISEASE""],[""ISCHEMIC_HEART_DISEASE"",""KIDNEY_DISEASE""]]",True,False,"[""motif_a0117e3a50871f45"",""motif_daeb4bd8e246a8ce""]",2,0,0.15217391304347827,0.15217391304347827,0.15217391304347827,46,0.15217391304347827,False
occ_22d749dacfbef109,2,motif_010b3c71bdbcf2a6,5,5,"[""ARTHRITIS"",""COPD"",""DIABETES"",""ISCHEMIC_HEART_DISEASE"",""KIDNEY_DISEASE""]","[[""ARTHRITIS"",""COPD""],[""ARTHRITIS"",""ISCHEMIC_HEART_DISEASE""],[""COPD"",""ISCHEMIC_HEART_DISEASE""],[""DIABETES"",""ISCHEMIC_HEART_DISEASE""],[""ISCHEMIC_HEART_DISEASE"",""KIDNEY_DISEASE""]]",True,False,"[""motif_010b3c71bdbcf2a6"",""motif_fbe47b283d485aaf""]",2,2,0.29347826086956524,0.29347826086956524,0.29347826086956524,46,0.29347826086956524,True
occ_22d7c46b7bd2a944,2,motif_8d6839eb022660a3,5,6,"[""ARTHRITIS"",""DIABETES"",""ISCHEMIC_HEART_DISEASE"",""KIDNEY_DISEASE"",""OTHER_CANCER""]","[[""ARTHRITIS"",""DIABETES""],[""ARTHRITIS"",""ISCHEMIC_HEART_DISEASE""],[""ARTHRITIS"",""KIDNEY_DISEASE""],[""ARTHRITIS"",""OTHER_CANCER""],[""DIABETES"",""ISCHEMIC_HEART_DISEASE""],[""DIABETES"",""KIDNEY_DISEASE""]]",True,False,"[""motif_3a17b4ce682ce2b1"",""motif_8d6839eb022660a3""]",2,1,0.19148936170212766,0.19680851063829785,0.20212765957446807,47,0.19148936170212766,False
occ_236005e4cce35829,2,motif_c8639dca025e0856,4,4,"[""ARTHRITIS"",""COPD"",""ISCHEMIC_HEART_DISEASE"",""STROKE""]","[[""ARTHRITIS"",""COPD""],[""ARTHRITIS"",""ISCHEMIC_HEART_DISEASE""],[""COPD"",""ISCHEMIC_HEART_DISEASE""],[""ISCHEMIC_HEART_DISEASE"",""STROKE""]]",True,False,"[""motif_1cc5c04e6b29c149"",""motif_c8639dca025e0856""]",2,2,0.48936170212765956,0.5,0.5106382978723404,47,0.48936170212765956,True
occ_24ef84aafdb15748,1,motif_857cf1d41f71c8f6,5,5,"[""ARTHRITIS"",""COPD"",""DIABETES"",""ISCHEMIC_HEART_DISEASE"",""KIDNEY_DISEASE""]","[[""ARTHRITIS"",""COPD""],[""ARTHRITIS"",""ISCHEMIC_HEART_DISEASE""],[""ARTHRITIS"",""KIDNEY_DISEASE""],[""DIABETES"",""ISCHEMIC_HEART_DISEASE""],[""DIABETES"",""KIDNEY_DISEASE""]]",True,False,"[""motif_857cf1d41f71c8f6""]",1,1,0.2127659574468085,0.2127659574468085,0.2127659574468085,47,0.2127659574468085,True
occ_25b03ff6028c3042,2,motif_d1d448d03e415c86,4,3,"[""ARTHRITIS"",""COPD"",""OTHER_CANCER"",""SKIN_CANCER""]","[[""ARTHRITIS"",""COPD""],[""ARTHRITIS"",""SKIN_CANCER""],[""OTHER_CANCER"",""SKIN_CANCER""]]",True,False,"[""motif_3194408fb9452179"",""motif_d1d448d03e415c86""]",2,2,0.2872340425531915,0.2872340425531915,0.2872340425531915,47,0.2872340425531915,True
occ_25e42dbd8419243e,2,motif_632e37d2fe836c60,5,5,"[""ARTHRITIS"",""COPD"",""DIABETES"",""ISCHEMIC_HEART_DISEASE"",""OTHER_CANCER""]","[[""ARTHRITIS"",""COPD""],[""ARTHRITIS"",""DIABETES""],[""ARTHRITIS"",""OTHER_CANCER""],[""COPD"",""ISCHEMIC_HEART_DISEASE""],[""DIABETES"",""ISCHEMIC_HEART_DISEASE""]]",True,False,"[""motif_0dede2e6fa5a899a"",""motif_632e37d2fe836c60""]",2,2,0.3829787234042553,0.38829787234042556,0.39361702127659576,47,0.3829787234042553,True
occ_25e559c2a57794f4,1,motif_37475eace4a84e41,4,3,"[""DIABETES"",""ISCHEMIC_HEART_DISEASE"",""KIDNEY_DISEASE"",""STROKE""]","[[""DIABETES"",""KIDNEY_DISEASE""],[""ISCHEMIC_HEART_DISEASE"",""KIDNEY_DISEASE""],[""ISCHEMIC_HEART_DISEASE"",""STROKE""]]",True,False,"[""motif_37475eace4a84e41""]",1,1,0.2826086956521739,0.2826086956521739,0.2826086956521739,46,0.2826086956521739,True
occ_25f941e31037f2a6,1,motif_8772d8cec906d3dc,3,2,"[""ARTHRITIS"",""DIABETES"",""KIDNEY_DISEASE""]","[[""ARTHRITIS"",""DIABETES""],[""ARTHRITIS"",""KIDNEY_DISEASE""]]",True,False,"[""motif_8772d8cec906d3dc""]",1,1,0.3723404255319149,0.3723404255319149,0.3723404255319149,47,0.3723404255319149,True
occ_274a4ea9d493c23f,1,motif_5dceed5e09274722,5,4,"[""ARTHRITIS"",""COPD"",""CURRENT_ASTHMA"",""KIDNEY_DISEASE"",""OTHER_CANCER""]","[[""ARTHRITIS"",""COPD""],[""ARTHRITIS"",""KIDNEY_DISEASE""],[""ARTHRITIS"",""OTHER_CANCER""],[""COPD"",""CURRENT_ASTHMA""]]",True,True,"[""motif_5dceed5e09274722""]",1,1,0.26595744680851063,0.26595744680851063,0.26595744680851063,47,0.26595744680851063,True
occ_2779cd788bc2fcc8,1,motif_2768109c9ad0c060,4,3,"[""ARTHRITIS"",""COPD"",""CURRENT_ASTHMA"",""KIDNEY_DISEASE""]","[[""ARTHRITIS"",""COPD""],[""ARTHRITIS"",""KIDNEY_DISEASE""],[""COPD"",""CURRENT_ASTHMA""]]",True,False,"[""motif_2768109c9ad0c060""]",1,1,0.32978723404255317,0.32978723404255317,0.32978723404255317,47,0.32978723404255317,True
occ_278f580c0ef5e4bd,1,motif_eb030d5e67232bce,5,4,"[""ARTHRITIS"",""COPD"",""CURRENT_ASTHMA"",""DIABETES"",""SKIN_CANCER""]","[[""ARTHRITIS"",""COPD""],[""ARTHRITIS"",""DIABETES""],[""ARTHRITIS"",""SKIN_CANCER""],[""COPD"",""CURRENT_ASTHMA""]]",True,True,"[""motif_eb030d5e67232bce""]",1,0,0.19148936170212766,0.19148936170212766,0.19148936170212766,47,0.19148936170212766,False
occ_27b5339e6b5cee63,3,motif_1705651ede59320a,5,4,"[""ARTHRITIS"",""DIABETES"",""ISCHEMIC_HEART_DISEASE"",""OTHER_CANCER"",""SKIN_CANCER""]","[[""ARTHRITIS"",""DIABETES""],[""ARTHRITIS"",""SKIN_CANCER""],[""DIABETES"",""ISCHEMIC_HEART_DISEASE""],[""OTHER_CANCER"",""SKIN_CANCER""]]",True,False,"[""motif_1705651ede59320a"",""motif_d740706ea3c34912"",""motif_df23103c2dddd8a7""]",3,2,0.18085106382978725,0.20212765957446807,0.20212765957446807,47,0.20212765957446807,True
occ_2a5435ef0123333d,2,motif_a32ef714ca7c1caf,5,5,"[""ARTHRITIS"",""DIABETES"",""ISCHEMIC_HEART_DISEASE"",""OTHER_CANCER"",""SKIN_CANCER""]","[[""ARTHRITIS"",""DIABETES""],[""ARTHRITIS"",""ISCHEMIC_HEART_DISEASE""],[""ARTHRITIS"",""OTHER_CANCER""],[""DIABETES"",""ISCHEMIC_HEART_DISEASE""],[""OTHER_CANCER"",""SKIN_CANCER""]]",True,False,"[""motif_165c840f51ada343"",""motif_a32ef714ca7c1caf""]",2,2,0.4148936170212766,0.425531914893617,0.43617021276595747,47,0.4148936170212766,True
occ_2ac3f220a2ada2f3,2,motif_22c34d8dbb9b8983,5,5,"[""ARTHRITIS"",""DIABETES"",""ISCHEMIC_HEART_DISEASE"",""OTHER_CANCER"",""SKIN_CANCER""]","[[""ARTHRITIS"",""ISCHEMIC_HEART_DISEASE""],[""ARTHRITIS"",""OTHER_CANCER""],[""ARTHRITIS"",""SKIN_CANCER""],[""DIABETES"",""ISCHEMIC_HEART_DISEASE""],[""OTHER_CANCER"",""SKIN_CANCER""]]",True,False,"[""motif_22c34d8dbb9b8983"",""motif_29d831cab5ba7ad5""]",2,2,0.22340425531914893,0.22340425531914893,0.22340425531914893,47,0.22340425531914893,True
occ_2b966897c32a25eb,1,motif_138711240361b16d,5,4,"[""ARTHRITIS"",""COPD"",""DIABETES"",""ISCHEMIC_HEART_DISEASE"",""KIDNEY_DISEASE""]","[[""ARTHRITIS"",""COPD""],[""ARTHRITIS"",""KIDNEY_DISEASE""],[""DIABETES"",""ISCHEMIC_HEART_DISEASE""],[""DIABETES"",""KIDNEY_DISEASE""]]",True,False,"[""motif_138711240361b16d""]",1,1,0.22340425531914893,0.22340425531914893,0.22340425531914893,47,0.22340425531914893,True
occ_2cb186bfa6cc1423,2,motif_4cddcff2e83d0e6e,5,5,"[""ARTHRITIS"",""COPD"",""DIABETES"",""ISCHEMIC_HEART_DISEASE"",""KIDNEY_DISEASE""]","[[""ARTHRITIS"",""COPD""],[""ARTHRITIS"",""DIABETES""],[""ARTHRITIS"",""KIDNEY_DISEASE""],[""DIABETES"",""KIDNEY_DISEASE""],[""ISCHEMIC_HEART_DISEASE"",""KIDNEY_DISEASE""]]",False,False,"[""motif_4cddcff2e83d0e6e"",""motif_bd370b73f6308ca4""]",2,0,0.15217391304347827,0.15217391304347827,0.15217391304347827,46,0.15217391304347827,False
occ_2df38eafc0178838,1,motif_fd2c20ed817a1487,5,4,"[""ARTHRITIS"",""COPD"",""ISCHEMIC_HEART_DISEASE"",""OTHER_CANCER"",""STROKE""]","[[""ARTHRITIS"",""COPD""],[""ARTHRITIS"",""OTHER_CANCER""],[""COPD"",""ISCHEMIC_HEART_DISEASE""],[""ISCHEMIC_HEART_DISEASE"",""STROKE""]]",True,False,"[""motif_fd2c20ed817a1487""]",1,1,0.425531914893617,0.425531914893617,0.425531914893617,47,0.425531914893617,True
occ_2f5555d95f14bd4e,1,motif_b7f95b768d0ed88f,4,3,"[""ARTHRITIS"",""DIABETES"",""ISCHEMIC_HEART_DISEASE"",""KIDNEY_DISEASE""]","[[""ARTHRITIS"",""DIABETES""],[""ARTHRITIS"",""KIDNEY_DISEASE""],[""ISCHEMIC_HEART_DISEASE"",""KIDNEY_DISEASE""]]",True,False,"[""motif_b7f95b768d0ed88f""]",1,1,0.20652173913043478,0.20652173913043478,0.20652173913043478,46,0.20652173913043478,True
occ_3242bd3249cf71eb,1,motif_7d709f8abcdc82e5,5,4,"[""ARTHRITIS"",""DIABETES"",""ISCHEMIC_HEART_DISEASE"",""KIDNEY_DISEASE"",""STROKE""]","[[""ARTHRITIS"",""ISCHEMIC_HEART_DISEASE""],[""ARTHRITIS"",""KIDNEY_DISEASE""],[""DIABETES"",""KIDNEY_DISEASE""],[""ISCHEMIC_HEART_DISEASE"",""STROKE""]]",True,False,"[""motif_7d709f8abcdc82e5""]",1,1,0.26595744680851063,0.26595744680851063,0.26595744680851063,47,0.26595744680851063,True
occ_331a81480d152021,1,motif_a79cab0e1b2c2fbf,5,4,"[""ARTHRITIS"",""DIABETES"",""ISCHEMIC_HEART_DISEASE"",""KIDNEY_DISEASE"",""OTHER_CANCER""]","[[""ARTHRITIS"",""ISCHEMIC_HEART_DISEASE""],[""ARTHRITIS"",""OTHER_CANCER""],[""DIABETES"",""ISCHEMIC_HEART_DISEASE""],[""DIABETES"",""KIDNEY_DISEASE""]]",True,False,"[""motif_a79cab0e1b2c2fbf""]",1,1,0.3617021276595745,0.3617021276595745,0.3617021276595745,47,0.3617021276595745,True
occ_336ff7781afcaea3,2,motif_b366b2840430a16c,4,4,"[""ARTHRITIS"",""COPD"",""OTHER_CANCER"",""SKIN_CANCER""]","[[""ARTHRITIS"",""COPD""],[""ARTHRITIS"",""OTHER_CANCER""],[""ARTHRITIS"",""SKIN_CANCER""],[""OTHER_CANCER"",""SKIN_CANCER""]]",True,False,"[""motif_7e70cbb5d1272c31"",""motif_b366b2840430a16c""]",2,2,0.26595744680851063,0.26595744680851063,0.26595744680851063,47,0.26595744680851063,True
occ_352062eee5970707,1,motif_6315d36b8c285cde,5,4,"[""ARTHRITIS"",""COPD"",""DIABETES"",""ISCHEMIC_HEART_DISEASE"",""STROKE""]","[[""ARTHRITIS"",""COPD""],[""ARTHRITIS"",""DIABETES""],[""ARTHRITIS"",""ISCHEMIC_HEART_DISEASE""],[""ISCHEMIC_HEART_DISEASE"",""STROKE""]]",True,False,"[""motif_6315d36b8c285cde""]",1,1,0.5638297872340425,0.5638297872340425,0.5638297872340425,47,0.5638297872340425,True
occ_366b7272bec9d5a0,2,motif_e1b45ea8e38bda1d,5,5,"[""ARTHRITIS"",""COPD"",""DIABETES"",""ISCHEMIC_HEART_DISEASE"",""KIDNEY_DISEASE""]","[[""ARTHRITIS"",""COPD""],[""ARTHRITIS"",""DIABETES""],[""ARTHRITIS"",""ISCHEMIC_HEART_DISEASE""],[""DIABETES"",""ISCHEMIC_HEART_DISEASE""],[""DIABETES"",""KIDNEY_DISEASE""]]",True,False,"[""motif_de554d8eb3595187"",""motif_e1b45ea8e38bda1d""]",2,2,0.3723404255319149,0.3882978723404255,0.40425531914893614,47,0.3723404255319149,True
occ_398e77fd6d6b46b9,1,motif_e515cabc007964a7,3,2,"[""ARTHRITIS"",""DIABETES"",""ISCHEMIC_HEART_DISEASE""]","[[""ARTHRITIS"",""DIABETES""],[""DIABETES"",""ISCHEMIC_HEART_DISEASE""]]",True,False,"[""motif_e515cabc007964a7""]",1,1,0.6063829787234043,0.6063829787234043,0.6063829787234043,47,0.6063829787234043,True
occ_3a01952fa3773c84,2,motif_80fca12529cb792b,5,4,"[""ARTHRITIS"",""COPD"",""DIABETES"",""ISCHEMIC_HEART_DISEASE"",""KIDNEY_DISEASE""]","[[""ARTHRITIS"",""COPD""],[""COPD"",""ISCHEMIC_HEART_DISEASE""],[""DIABETES"",""KIDNEY_DISEASE""],[""ISCHEMIC_HEART_DISEASE"",""KIDNEY_DISEASE""]]",True,False,"[""motif_80fca12529cb792b"",""motif_9a804183b3321941""]",2,2,0.22826086956521738,0.22826086956521738,0.22826086956521738,46,0.22826086956521738,True
occ_3a456f2a03f2e046,2,motif_37830cccbe20e8cf,4,3,"[""ARTHRITIS"",""COPD"",""DIABETES"",""ISCHEMIC_HEART_DISEASE""]","[[""ARTHRITIS"",""COPD""],[""COPD"",""ISCHEMIC_HEART_DISEASE""],[""DIABETES"",""ISCHEMIC_HEART_DISEASE""]]",True,False,"[""motif_37830cccbe20e8cf"",""motif_684a163fba0cf367""]",2,2,0.4574468085106383,0.4627659574468085,0.46808510638297873,47,0.4574468085106383,True
occ_3bd276c3d0682965,1,motif_b0af780cd01e57bf,5,4,"[""COPD"",""CURRENT_ASTHMA"",""DIABETES"",""ISCHEMIC_HEART_DISEASE"",""KIDNEY_DISEASE""]","[[""COPD"",""CURRENT_ASTHMA""],[""COPD"",""ISCHEMIC_HEART_DISEASE""],[""DIABETES"",""ISCHEMIC_HEART_DISEASE""],[""DIABETES"",""KIDNEY_DISEASE""]]",True,False,"[""motif_b0af780cd01e57bf""]",1,1,0.2978723404255319,0.2978723404255319,0.2978723404255319,47,0.2978723404255319,True
occ_3cee5ad94e514c36,1,motif_fff7782cb017e67a,5,4,"[""ARTHRITIS"",""COPD"",""ISCHEMIC_HEART_DISEASE"",""KIDNEY_DISEASE"",""STROKE""]","[[""ARTHRITIS"",""COPD""],[""ARTHRITIS"",""KIDNEY_DISEASE""],[""COPD"",""ISCHEMIC_HEART_DISEASE""],[""ISCHEMIC_HEART_DISEASE"",""STROKE""]]",True,False,"[""motif_fff7782cb017e67a""]",1,1,0.26595744680851063,0.26595744680851063,0.26595744680851063,47,0.26595744680851063,True
occ_3d246828044cf52a,1,motif_8da5991d298f106b,5,4,"[""ARTHRITIS"",""COPD"",""CURRENT_ASTHMA"",""DIABETES"",""OTHER_CANCER""]","[[""ARTHRITIS"",""COPD""],[""ARTHRITIS"",""DIABETES""],[""ARTHRITIS"",""OTHER_CANCER""],[""COPD"",""CURRENT_ASTHMA""]]",True,False,"[""motif_8da5991d298f106b""]",1,1,0.48936170212765956,0.48936170212765956,0.48936170212765956,47,0.48936170212765956,True
occ_3dd0ed57a0292a16,2,motif_652e84642f661624,5,4,"[""ARTHRITIS"",""COPD"",""ISCHEMIC_HEART_DISEASE"",""OTHER_CANCER"",""SKIN_CANCER""]","[[""ARTHRITIS"",""COPD""],[""ARTHRITIS"",""ISCHEMIC_HEART_DISEASE""],[""ARTHRITIS"",""SKIN_CANCER""],[""OTHER_CANCER"",""SKIN_CANCER""]]",True,False,"[""motif_652e84642f661624"",""motif_f972b2865c90f585""]",2,2,0.2765957446808511,0.2765957446808511,0.2765957446808511,47,0.2765957446808511,True
occ_3dd5385b28d1fc67,3,motif_c1cb74bf02920d95,5,5,"[""ARTHRITIS"",""COPD"",""DIABETES"",""ISCHEMIC_HEART_DISEASE"",""KIDNEY_DISEASE""]","[[""ARTHRITIS"",""COPD""],[""ARTHRITIS"",""DIABETES""],[""ARTHRITIS"",""ISCHEMIC_HEART_DISEASE""],[""ARTHRITIS"",""KIDNEY_DISEASE""],[""COPD"",""ISCHEMIC_HEART_DISEASE""]]",True,False,"[""motif_462c4df0c1cacf78"",""motif_c1cb74bf02920d95"",""motif_ee6ea2d9e15ae257""]",3,3,0.2765957446808511,0.2872340425531915,0.2872340425531915,47,0.2765957446808511,True
occ_3de5bf4a3e478d25,2,motif_9e18a3296a08a2d2,5,4,"[""ARTHRITIS"",""COPD"",""DIABETES"",""OTHER_CANCER"",""SKIN_CANCER""]","[[""ARTHRITIS"",""COPD""],[""ARTHRITIS"",""DIABETES""],[""ARTHRITIS"",""SKIN_CANCER""],[""OTHER_CANCER"",""SKIN_CANCER""]]",True,False,"[""motif_907bc8e649cc9e30"",""motif_9e18a3296a08a2d2""]",2,2,0.22340425531914893,0.22340425531914893,0.22340425531914893,47,0.22340425531914893,True
occ_3f937bdfe7aff15a,2,motif_0c0cba279f8eaafe,5,5,"[""ARTHRITIS"",""COPD"",""DIABETES"",""ISCHEMIC_HEART_DISEASE"",""STROKE""]","[[""ARTHRITIS"",""COPD""],[""ARTHRITIS"",""DIABETES""],[""COPD"",""ISCHEMIC_HEART_DISEASE""],[""DIABETES"",""ISCHEMIC_HEART_DISEASE""],[""ISCHEMIC_HEART_DISEASE"",""STROKE""]]",True,False,"[""motif_0c0cba279f8eaafe"",""motif_4b7f33281feedeaf""]",2,2,0.4148936170212766,0.42021276595744683,0.425531914893617,47,0.4148936170212766,True
occ_40e06239fcec8049,1,motif_2ac06cbfd625bf4e,5,5,"[""ARTHRITIS"",""COPD"",""DIABETES"",""ISCHEMIC_HEART_DISEASE"",""STROKE""]","[[""ARTHRITIS"",""COPD""],[""ARTHRITIS"",""DIABETES""],[""ARTHRITIS"",""ISCHEMIC_HEART_DISEASE""],[""DIABETES"",""ISCHEMIC_HEART_DISEASE""],[""ISCHEMIC_HEART_DISEASE"",""STROKE""]]",True,False,"[""motif_2ac06cbfd625bf4e""]",1,1,0.4574468085106383,0.4574468085106383,0.4574468085106383,47,0.4574468085106383,True
occ_4114c485f912f6e8,1,motif_91d7797e53fe79ef,5,4,"[""ARTHRITIS"",""DIABETES"",""ISCHEMIC_HEART_DISEASE"",""KIDNEY_DISEASE"",""STROKE""]","[[""ARTHRITIS"",""KIDNEY_DISEASE""],[""DIABETES"",""ISCHEMIC_HEART_DISEASE""],[""DIABETES"",""KIDNEY_DISEASE""],[""ISCHEMIC_HEART_DISEASE"",""STROKE""]]",True,False,"[""motif_91d7797e53fe79ef""]",1,1,0.23404255319148937,0.23404255319148937,0.23404255319148937,47,0.23404255319148937,True
occ_416877f3dbf19645,1,motif_731b0357487deaf3,3,2,"[""ARTHRITIS"",""ISCHEMIC_HEART_DISEASE"",""KIDNEY_DISEASE""]","[[""ARTHRITIS"",""KIDNEY_DISEASE""],[""ISCHEMIC_HEART_DISEASE"",""KIDNEY_DISEASE""]]",True,False,"[""motif_731b0357487deaf3""]",1,1,0.20652173913043478,0.20652173913043478,0.20652173913043478,46,0.20652173913043478,True
occ_4302d5837f3a2de6,1,motif_ef33fbd9d0acc07e,5,4,"[""ARTHRITIS"",""COPD"",""DIABETES"",""ISCHEMIC_HEART_DISEASE"",""KIDNEY_DISEASE""]","[[""ARTHRITIS"",""COPD""],[""ARTHRITIS"",""ISCHEMIC_HEART_DISEASE""],[""DIABETES"",""ISCHEMIC_HEART_DISEASE""],[""ISCHEMIC_HEART_DISEASE"",""KIDNEY_DISEASE""]]",True,False,"[""motif_ef33fbd9d0acc07e""]",1,1,0.32608695652173914,0.32608695652173914,0.32608695652173914,46,0.32608695652173914,True
occ_43df48f0b9c504e9,1,motif_3d50d7469ea2a0a8,5,4,"[""ARTHRITIS"",""ISCHEMIC_HEART_DISEASE"",""KIDNEY_DISEASE"",""OTHER_CANCER"",""STROKE""]","[[""ARTHRITIS"",""ISCHEMIC_HEART_DISEASE""],[""ARTHRITIS"",""KIDNEY_DISEASE""],[""ARTHRITIS"",""OTHER_CANCER""],[""ISCHEMIC_HEART_DISEASE"",""STROKE""]]",True,False,"[""motif_3d50d7469ea2a0a8""]",1,1,0.24468085106382978,0.24468085106382978,0.24468085106382978,47,0.24468085106382978,True
occ_446aef9a0d06185a,2,motif_1f4787323fa6b30a,5,5,"[""ARTHRITIS"",""COPD"",""CURRENT_ASTHMA"",""DIABETES"",""ISCHEMIC_HEART_DISEASE""]","[[""ARTHRITIS"",""COPD""],[""ARTHRITIS"",""ISCHEMIC_HEART_DISEASE""],[""COPD"",""CURRENT_ASTHMA""],[""COPD"",""ISCHEMIC_HEART_DISEASE""],[""DIABETES"",""ISCHEMIC_HEART_DISEASE""]]",True,False,"[""motif_1f4787323fa6b30a"",""motif_2cdb329eb88af463""]",2,2,0.4148936170212766,0.42021276595744683,0.425531914893617,47,0.4148936170212766,True
occ_458603a1dae03110,4,motif_e8e7168a0537a3da,5,7,"[""ARTHRITIS"",""COPD"",""DIABETES"",""ISCHEMIC_HEART_DISEASE"",""KIDNEY_DISEASE""]","[[""ARTHRITIS"",""COPD""],[""ARTHRITIS"",""DIABETES""],[""ARTHRITIS"",""ISCHEMIC_HEART_DISEASE""],[""COPD"",""ISCHEMIC_HEART_DISEASE""],[""DIABETES"",""ISCHEMIC_HEART_DISEASE""],[""DIABETES"",""KIDNEY_DISEASE""],[""ISCHEMIC_HEART_DISEASE"",""KIDNEY_DISEASE""]]",True,False,"[""motif_2af20ff912ea7195"",""motif_5e815e962da809ee"",""motif_87672ea659340518"",""motif_e8e7168a0537a3da""]",4,4,0.20652173913043478,0.20652173913043478,0.20652173913043478,46,0.20652173913043478,True
occ_45cb7dfadbc7ce1e,3,motif_0145829533663255,5,4,"[""ARTHRITIS"",""DIABETES"",""ISCHEMIC_HEART_DISEASE"",""KIDNEY_DISEASE"",""OTHER_CANCER""]","[[""ARTHRITIS"",""DIABETES""],[""ARTHRITIS"",""ISCHEMIC_HEART_DISEASE""],[""ARTHRITIS"",""OTHER_CANCER""],[""DIABETES"",""KIDNEY_DISEASE""]]",True,False,"[""motif_0145829533663255"",""motif_130e8d015ee1c8e6"",""motif_5bad6588e3c14b16""]",3,3,0.3723404255319149,0.39361702127659576,0.4148936170212766,47,0.3723404255319149,True
occ_49916b00da806cab,2,motif_394a686a6740f667,5,4,"[""ARTHRITIS"",""COPD"",""ISCHEMIC_HEART_DISEASE"",""OTHER_CANCER"",""SKIN_CANCER""]","[[""ARTHRITIS"",""COPD""],[""ARTHRITIS"",""ISCHEMIC_HEART_DISEASE""],[""ARTHRITIS"",""OTHER_CANCER""],[""OTHER_CANCER"",""SKIN_CANCER""]]",True,False,"[""motif_394a686a6740f667"",""motif_cb84fd61ebf8f384""]",2,2,0.5638297872340425,0.574468085106383,0.5851063829787234,47,0.5638297872340425,True
occ_49985f3a3d10bcb5,2,motif_290c1bbabab0f535,5,5,"[""ARTHRITIS"",""DIABETES"",""ISCHEMIC_HEART_DISEASE"",""KIDNEY_DISEASE"",""STROKE""]","[[""ARTHRITIS"",""DIABETES""],[""ARTHRITIS"",""ISCHEMIC_HEART_DISEASE""],[""DIABETES"",""ISCHEMIC_HEART_DISEASE""],[""DIABETES"",""KIDNEY_DISEASE""],[""ISCHEMIC_HEART_DISEASE"",""STROKE""]]",True,False,"[""motif_290c1bbabab0f535"",""motif_472d9dc1836bab98""]",2,2,0.3723404255319149,0.3829787234042553,0.39361702127659576,47,0.3723404255319149,True
occ_4a2ef8ba813e108a,2,motif_aa915ce5086e7958,4,4,"[""ARTHRITIS"",""DIABETES"",""ISCHEMIC_HEART_DISEASE"",""KIDNEY_DISEASE""]","[[""ARTHRITIS"",""DIABETES""],[""ARTHRITIS"",""ISCHEMIC_HEART_DISEASE""],[""ARTHRITIS"",""KIDNEY_DISEASE""],[""DIABETES"",""KIDNEY_DISEASE""]]",True,False,"[""motif_26c1177b7e91b833"",""motif_aa915ce5086e7958""]",2,2,0.26595744680851063,0.2712765957446809,0.2765957446808511,47,0.26595744680851063,True
occ_4b8221d3fc33e617,2,motif_7062164c652c7ad4,5,5,"[""ARTHRITIS"",""DIABETES"",""ISCHEMIC_HEART_DISEASE"",""KIDNEY_DISEASE"",""OTHER_CANCER""]","[[""ARTHRITIS"",""DIABETES""],[""ARTHRITIS"",""ISCHEMIC_HEART_DISEASE""],[""ARTHRITIS"",""OTHER_CANCER""],[""DIABETES"",""KIDNEY_DISEASE""],[""ISCHEMIC_HEART_DISEASE"",""KIDNEY_DISEASE""]]",True,False,"[""motif_677a13f588cdb059"",""motif_7062164c652c7ad4""]",2,2,0.20652173913043478,0.20652173913043478,0.20652173913043478,46,0.20652173913043478,True
occ_4c63568700728d6d,1,motif_05b3bb80d20cacfe,3,2,"[""ARTHRITIS"",""ISCHEMIC_HEART_DISEASE"",""STROKE""]","[[""ARTHRITIS"",""ISCHEMIC_HEART_DISEASE""],[""ISCHEMIC_HEART_DISEASE"",""STROKE""]]",True,False,"[""motif_05b3bb80d20cacfe""]",1,1,0.7021276595744681,0.7021276595744681,0.7021276595744681,47,0.7021276595744681,True
occ_4d80023dd2a9ef78,4,motif_0f41a99567ec9bba,5,5,"[""ARTHRITIS"",""COPD"",""DIABETES"",""ISCHEMIC_HEART_DISEASE"",""KIDNEY_DISEASE""]","[[""ARTHRITIS"",""COPD""],[""ARTHRITIS"",""DIABETES""],[""ARTHRITIS"",""ISCHEMIC_HEART_DISEASE""],[""DIABETES"",""KIDNEY_DISEASE""],[""ISCHEMIC_HEART_DISEASE"",""KIDNEY_DISEASE""]]",True,False,"[""motif_0f41a99567ec9bba"",""motif_2640c36f9d12e013"",""motif_e153f64de5d09b33"",""motif_f5e851e8a26bb0d0""]",4,4,0.2391304347826087,0.25,0.2608695652173913,46,0.2391304347826087,True
occ_4e974591c6bf41f6,1,motif_287b8ec85d70fbac,5,4,"[""ARTHRITIS"",""DIABETES"",""ISCHEMIC_HEART_DISEASE"",""KIDNEY_DISEASE"",""SKIN_CANCER""]","[[""ARTHRITIS"",""ISCHEMIC_HEART_DISEASE""],[""ARTHRITIS"",""SKIN_CANCER""],[""DIABETES"",""ISCHEMIC_HEART_DISEASE""],[""DIABETES"",""KIDNEY_DISEASE""]]",True,False,"[""motif_287b8ec85d70fbac""]",1,0,0.1702127659574468,0.1702127659574468,0.1702127659574468,47,0.1702127659574468,False
occ_4f1e97c3ecbf76db,1,motif_904ccc169bdd8cf0,3,2,"[""ISCHEMIC_HEART_DISEASE"",""KIDNEY_DISEASE"",""STROKE""]","[[""ISCHEMIC_HEART_DISEASE"",""KIDNEY_DISEASE""],[""ISCHEMIC_HEART_DISEASE"",""STROKE""]]",True,False,"[""motif_904ccc169bdd8cf0""]",1,1,0.391304347826087,0.391304347826087,0.391304347826087,46,0.391304347826087,True
occ_4ffff6818a6491ac,1,motif_09058bc7eec93ac2,5,4,"[""ARTHRITIS"",""COPD"",""DIABETES"",""ISCHEMIC_HEART_DISEASE"",""OTHER_CANCER""]","[[""ARTHRITIS"",""COPD""],[""ARTHRITIS"",""DIABETES""],[""ARTHRITIS"",""ISCHEMIC_HEART_DISEASE""],[""ARTHRITIS"",""OTHER_CANCER""]]",True,False,"[""motif_09058bc7eec93ac2""]",1,1,0.5212765957446809,0.5212765957446809,0.5212765957446809,47,0.5212765957446809,True
occ_50bdc04d7bdb72f9,2,motif_0e5e85a7dddbb60d,5,6,"[""ARTHRITIS"",""DIABETES"",""ISCHEMIC_HEART_DISEASE"",""KIDNEY_DISEASE"",""STROKE""]","[[""ARTHRITIS"",""DIABETES""],[""ARTHRITIS"",""ISCHEMIC_HEART_DISEASE""],[""DIABETES"",""ISCHEMIC_HEART_DISEASE""],[""DIABETES"",""KIDNEY_DISEASE""],[""ISCHEMIC_HEART_DISEASE"",""KIDNEY_DISEASE""],[""ISCHEMIC_HEART_DISEASE"",""STROKE""]]",True,False,"[""motif_0e5e85a7dddbb60d"",""motif_8d236ec1aa320a9d""]",2,2,0.22826086956521738,0.22826086956521738,0.22826086956521738,46,0.22826086956521738,True
occ_50ccaa50b8d58270,3,motif_5d4a3de6daa53094,5,5,"[""ARTHRITIS"",""COPD"",""DIABETES"",""ISCHEMIC_HEART_DISEASE"",""KIDNEY_DISEASE""]","[[""ARTHRITIS"",""COPD""],[""ARTHRITIS"",""DIABETES""],[""ARTHRITIS"",""ISCHEMIC_HEART_DISEASE""],[""COPD"",""ISCHEMIC_HEART_DISEASE""],[""DIABETES"",""KIDNEY_DISEASE""]]",True,False,"[""motif_3ca241df6e5e399b"",""motif_5d4a3de6daa53094"",""motif_ebb94316f5d3356b""]",3,3,0.32978723404255317,0.3404255319148936,0.3404255319148936,47,0.32978723404255317,True
occ_523675374206a384,2,motif_65bcc7505246fac6,5,4,"[""ARTHRITIS"",""ISCHEMIC_HEART_DISEASE"",""OTHER_CANCER"",""SKIN_CANCER"",""STROKE""]","[[""ARTHRITIS"",""ISCHEMIC_HEART_DISEASE""],[""ARTHRITIS"",""OTHER_CANCER""],[""ISCHEMIC_HEART_DISEASE"",""STROKE""],[""OTHER_CANCER"",""SKIN_CANCER""]]",True,False,"[""motif_294c7240155eb509"",""motif_65bcc7505246fac6""]",2,2,0.5106382978723404,0.5212765957446808,0.5319148936170213,47,0.5106382978723404,True
occ_55b31de1d6cdd689,1,motif_fc5100af43da23a5,3,2,"[""DIABETES"",""ISCHEMIC_HEART_DISEASE"",""KIDNEY_DISEASE""]","[[""DIABETES"",""KIDNEY_DISEASE""],[""ISCHEMIC_HEART_DISEASE"",""KIDNEY_DISEASE""]]",True,False,"[""motif_fc5100af43da23a5""]",1,1,0.29347826086956524,0.29347826086956524,0.29347826086956524,46,0.29347826086956524,True
occ_565edd10c031d421,1,motif_e5793275baa46474,4,3,"[""ARTHRITIS"",""DIABETES"",""ISCHEMIC_HEART_DISEASE"",""STROKE""]","[[""ARTHRITIS"",""ISCHEMIC_HEART_DISEASE""],[""DIABETES"",""ISCHEMIC_HEART_DISEASE""],[""ISCHEMIC_HEART_DISEASE"",""STROKE""]]",True,False,"[""motif_e5793275baa46474""]",1,1,0.5319148936170213,0.5319148936170213,0.5319148936170213,47,0.5319148936170213,True
occ_56cd1446b0633939,1,motif_022aef1c1df514fd,4,3,"[""ARTHRITIS"",""DIABETES"",""ISCHEMIC_HEART_DISEASE"",""KIDNEY_DISEASE""]","[[""ARTHRITIS"",""ISCHEMIC_HEART_DISEASE""],[""DIABETES"",""ISCHEMIC_HEART_DISEASE""],[""DIABETES"",""KIDNEY_DISEASE""]]",True,False,"[""motif_022aef1c1df514fd""]",1,1,0.43617021276595747,0.43617021276595747,0.43617021276595747,47,0.43617021276595747,True
occ_5809c8e346603fc8,1,motif_a25aafa6bbcffed2,4,3,"[""ARTHRITIS"",""COPD"",""ISCHEMIC_HEART_DISEASE"",""KIDNEY_DISEASE""]","[[""ARTHRITIS"",""COPD""],[""ARTHRITIS"",""ISCHEMIC_HEART_DISEASE""],[""ARTHRITIS"",""KIDNEY_DISEASE""]]",True,False,"[""motif_a25aafa6bbcffed2""]",1,1,0.35106382978723405,0.35106382978723405,0.35106382978723405,47,0.35106382978723405,True
occ_581c5704df278e5a,2,motif_8173fff60f0d3407,4,3,"[""ARTHRITIS"",""ISCHEMIC_HEART_DISEASE"",""OTHER_CANCER"",""SKIN_CANCER""]","[[""ARTHRITIS"",""ISCHEMIC_HEART_DISEASE""],[""ARTHRITIS"",""SKIN_CANCER""],[""OTHER_CANCER"",""SKIN_CANCER""]]",True,False,"[""motif_0ef225c16706d8fe"",""motif_8173fff60f0d3407""]",2,2,0.3191489361702128,0.3191489361702128,0.3191489361702128,47,0.3191489361702128,True
occ_584aa993e41d94b9,2,motif_2ec7c5deb3b9bc46,4,5,"[""ARTHRITIS"",""DIABETES"",""ISCHEMIC_HEART_DISEASE"",""KIDNEY_DISEASE""]","[[""ARTHRITIS"",""ISCHEMIC_HEART_DISEASE""],[""ARTHRITIS"",""KIDNEY_DISEASE""],[""DIABETES"",""ISCHEMIC_HEART_DISEASE""],[""DIABETES"",""KIDNEY_DISEASE""],[""ISCHEMIC_HEART_DISEASE"",""KIDNEY_DISEASE""]]",True,False,"[""motif_13987350646e3e50"",""motif_2ec7c5deb3b9bc46""]",2,0,0.15217391304347827,0.15217391304347827,0.15217391304347827,46,0.15217391304347827,False
occ_589d49a6609fcc74,1,motif_e897bd616681fc9e,5,4,"[""COPD"",""CURRENT_ASTHMA"",""DEPRESSIVE_DISORDER"",""ISCHEMIC_HEART_DISEASE"",""KIDNEY_DISEASE""]","[[""COPD"",""CURRENT_ASTHMA""],[""COPD"",""ISCHEMIC_HEART_DISEASE""],[""CURRENT_ASTHMA"",""DEPRESSIVE_DISORDER""],[""ISCHEMIC_HEART_DISEASE"",""KIDNEY_DISEASE""]]",True,True,"[""motif_e897bd616681fc9e""]",1,0,0.15217391304347827,0.15217391304347827,0.15217391304347827,46,0.15217391304347827,False
occ_59cfdd266766306b,1,motif_d15afefdf81c9369,4,4,"[""ARTHRITIS"",""DIABETES"",""ISCHEMIC_HEART_DISEASE"",""KIDNEY_DISEASE""]","[[""ARTHRITIS"",""ISCHEMIC_HEART_DISEASE""],[""DIABETES"",""ISCHEMIC_HEART_DISEASE""],[""DIABETES"",""KIDNEY_DISEASE""],[""ISCHEMIC_HEART_DISEASE"",""KIDNEY_DISEASE""]]",True,False,"[""motif_d15afefdf81c9369""]",1,1,0.2608695652173913,0.2608695652173913,0.2608695652173913,46,0.2608695652173913,True
occ_5a5e390e81e4f68a,1,motif_a789c00a2ba82862,3,2,"[""ARTHRITIS"",""OTHER_CANCER"",""SKIN_CANCER""]","[[""ARTHRITIS"",""SKIN_CANCER""],[""OTHER_CANCER"",""SKIN_CANCER""]]",True,False,"[""motif_a789c00a2ba82862""]",1,1,0.32978723404255317,0.32978723404255317,0.32978723404255317,47,0.32978723404255317,True
occ_5c56ad1ac7ed0301,2,motif_6156682426cc8896,4,4,"[""ARTHRITIS"",""COPD"",""DIABETES"",""ISCHEMIC_HEART_DISEASE""]","[[""ARTHRITIS"",""COPD""],[""ARTHRITIS"",""ISCHEMIC_HEART_DISEASE""],[""COPD"",""ISCHEMIC_HEART_DISEASE""],[""DIABETES"",""ISCHEMIC_HEART_DISEASE""]]",True,False,"[""motif_6156682426cc8896"",""motif_a3bae32cb507520e""]",2,2,0.44680851063829785,0.4521276595744681,0.4574468085106383,47,0.44680851063829785,True
occ_5cec7fdfeb3fc2da,2,motif_6448517953121ee6,5,4,"[""ARTHRITIS"",""COPD"",""DIABETES"",""ISCHEMIC_HEART_DISEASE"",""STROKE""]","[[""ARTHRITIS"",""COPD""],[""COPD"",""ISCHEMIC_HEART_DISEASE""],[""DIABETES"",""ISCHEMIC_HEART_DISEASE""],[""ISCHEMIC_HEART_DISEASE"",""STROKE""]]",True,False,"[""motif_6448517953121ee6"",""motif_ec1808fd0b66f7a0""]",2,2,0.43617021276595747,0.44148936170212766,0.44680851063829785,47,0.43617021276595747,True
occ_5db4d89438c7616c,1,motif_bd8eff38223588de,5,5,"[""COPD"",""CURRENT_ASTHMA"",""DIABETES"",""ISCHEMIC_HEART_DISEASE"",""KIDNEY_DISEASE""]","[[""COPD"",""CURRENT_ASTHMA""],[""COPD"",""ISCHEMIC_HEART_DISEASE""],[""DIABETES"",""ISCHEMIC_HEART_DISEASE""],[""DIABETES"",""KIDNEY_DISEASE""],[""ISCHEMIC_HEART_DISEASE"",""KIDNEY_DISEASE""]]",True,True,"[""motif_bd8eff38223588de""]",1,0,0.18478260869565216,0.18478260869565216,0.18478260869565216,46,0.18478260869565216,False
occ_5ed6766806247ac0,1,motif_971e3dbb7f58e1ea,5,4,"[""ARTHRITIS"",""DIABETES"",""ISCHEMIC_HEART_DISEASE"",""KIDNEY_DISEASE"",""OTHER_CANCER""]","[[""ARTHRITIS"",""DIABETES""],[""ARTHRITIS"",""ISCHEMIC_HEART_DISEASE""],[""ARTHRITIS"",""OTHER_CANCER""],[""ISCHEMIC_HEART_DISEASE"",""KIDNEY_DISEASE""]]",True,False,"[""motif_971e3dbb7f58e1ea""]",1,1,0.29347826086956524,0.29347826086956524,0.29347826086956524,46,0.29347826086956524,True
occ_6134ece12d034a45,1,motif_d409f63c308a2d6d,5,4,"[""ARTHRITIS"",""ISCHEMIC_HEART_DISEASE"",""KIDNEY_DISEASE"",""OTHER_CANCER"",""STROKE""]","[[""ARTHRITIS"",""ISCHEMIC_HEART_DISEASE""],[""ARTHRITIS"",""OTHER_CANCER""],[""ISCHEMIC_HEART_DISEASE"",""KIDNEY_DISEASE""],[""ISCHEMIC_HEART_DISEASE"",""STROKE""]]",True,False,"[""motif_d409f63c308a2d6d""]",1,1,0.29347826086956524,0.29347826086956524,0.29347826086956524,46,0.29347826086956524,True
occ_6213745c3a825d59,2,motif_4074b843a40a8667,4,3,"[""ARTHRITIS"",""DIABETES"",""OTHER_CANCER"",""SKIN_CANCER""]","[[""ARTHRITIS"",""DIABETES""],[""ARTHRITIS"",""OTHER_CANCER""],[""OTHER_CANCER"",""SKIN_CANCER""]]",True,False,"[""motif_212edb45a5b61006"",""motif_4074b843a40a8667""]",2,2,0.5957446808510638,0.6063829787234043,0.6170212765957447,47,0.5957446808510638,True
occ_62983abf7dccf375,1,motif_5bf36971a980c4ca,5,4,"[""ARTHRITIS"",""COPD"",""ISCHEMIC_HEART_DISEASE"",""OTHER_CANCER"",""SKIN_CANCER""]","[[""ARTHRITIS"",""COPD""],[""ARTHRITIS"",""OTHER_CANCER""],[""COPD"",""ISCHEMIC_HEART_DISEASE""],[""OTHER_CANCER"",""SKIN_CANCER""]]",True,False,"[""motif_5bf36971a980c4ca""]",1,1,0.425531914893617,0.425531914893617,0.425531914893617,47,0.425531914893617,True
occ_63687fc541205d79,1,motif_ecfe11186116dda0,5,4,"[""ARTHRITIS"",""COPD"",""ISCHEMIC_HEART_DISEASE"",""KIDNEY_DISEASE"",""STROKE""]","[[""ARTHRITIS"",""COPD""],[""ARTHRITIS"",""KIDNEY_DISEASE""],[""ISCHEMIC_HEART_DISEASE"",""KIDNEY_DISEASE""],[""ISCHEMIC_HEART_DISEASE"",""STROKE""]]",True,False,"[""motif_ecfe11186116dda0""]",1,0,0.18478260869565216,0.18478260869565216,0.18478260869565216,46,0.18478260869565216,False
occ_644a6799f8faf043,1,motif_3584f99186f55098,5,4,"[""ARTHRITIS"",""COPD"",""ISCHEMIC_HEART_DISEASE"",""SKIN_CANCER"",""STROKE""]","[[""ARTHRITIS"",""COPD""],[""ARTHRITIS"",""ISCHEMIC_HEART_DISEASE""],[""ARTHRITIS"",""SKIN_CANCER""],[""ISCHEMIC_HEART_DISEASE"",""STROKE""]]",True,False,"[""motif_3584f99186f55098""]",1,1,0.24468085106382978,0.24468085106382978,0.24468085106382978,47,0.24468085106382978,True
occ_646d6115d6e1a213,1,motif_9ff7fa6a2454292d,5,5,"[""ARTHRITIS"",""COPD"",""CURRENT_ASTHMA"",""DIABETES"",""ISCHEMIC_HEART_DISEASE""]","[[""ARTHRITIS"",""COPD""],[""ARTHRITIS"",""DIABETES""],[""ARTHRITIS"",""ISCHEMIC_HEART_DISEASE""],[""COPD"",""CURRENT_ASTHMA""],[""DIABETES"",""ISCHEMIC_HEART_DISEASE""]]",True,False,"[""motif_9ff7fa6a2454292d""]",1,1,0.46808510638297873,0.46808510638297873,0.46808510638297873,47,0.46808510638297873,True
occ_65df897378bc242f,2,motif_23a242d75055148a,5,5,"[""ARTHRITIS"",""COPD"",""CURRENT_ASTHMA"",""ISCHEMIC_HEART_DISEASE"",""KIDNEY_DISEASE""]","[[""ARTHRITIS"",""COPD""],[""ARTHRITIS"",""ISCHEMIC_HEART_DISEASE""],[""COPD"",""CURRENT_ASTHMA""],[""COPD"",""ISCHEMIC_HEART_DISEASE""],[""ISCHEMIC_HEART_DISEASE"",""KIDNEY_DISEASE""]]",True,False,"[""motif_23a242d75055148a"",""motif_8dcfc98226e1efc7""]",2,2,0.29347826086956524,0.29347826086956524,0.29347826086956524,46,0.29347826086956524,True
occ_678f37b59c503592,2,motif_7efc4f61929ef0b8,4,4,"[""ARTHRITIS"",""COPD"",""CURRENT_ASTHMA"",""ISCHEMIC_HEART_DISEASE""]","[[""ARTHRITIS"",""COPD""],[""ARTHRITIS"",""ISCHEMIC_HEART_DISEASE""],[""COPD"",""CURRENT_ASTHMA""],[""COPD"",""ISCHEMIC_HEART_DISEASE""]]",True,False,"[""motif_7efc4f61929ef0b8"",""motif_e233cf1dfe3768b5""]",2,2,0.48936170212765956,0.5,0.5106382978723404,47,0.48936170212765956,True
occ_691d11aa5f3714e7,1,motif_0b0d398a14e5f2a3,4,4,"[""ARTHRITIS"",""DIABETES"",""ISCHEMIC_HEART_DISEASE"",""STROKE""]","[[""ARTHRITIS"",""DIABETES""],[""ARTHRITIS"",""ISCHEMIC_HEART_DISEASE""],[""DIABETES"",""ISCHEMIC_HEART_DISEASE""],[""ISCHEMIC_HEART_DISEASE"",""STROKE""]]",True,False,"[""motif_0b0d398a14e5f2a3""]",1,1,0.4787234042553192,0.4787234042553192,0.4787234042553192,47,0.4787234042553192,True
occ_6934c36f1b87411f,2,motif_8288677f41522d3e,5,4,"[""ARTHRITIS"",""COPD"",""CURRENT_ASTHMA"",""DIABETES"",""ISCHEMIC_HEART_DISEASE""]","[[""ARTHRITIS"",""COPD""],[""COPD"",""CURRENT_ASTHMA""],[""COPD"",""ISCHEMIC_HEART_DISEASE""],[""DIABETES"",""ISCHEMIC_HEART_DISEASE""]]",True,False,"[""motif_5b961f2be4f41e18"",""motif_8288677f41522d3e""]",2,2,0.425531914893617,0.4308510638297872,0.43617021276595747,47,0.425531914893617,True
occ_699baddd6bd9cf08,1,motif_577624a63a62a8a9,5,4,"[""ARTHRITIS"",""DIABETES"",""ISCHEMIC_HEART_DISEASE"",""SKIN_CANCER"",""STROKE""]","[[""ARTHRITIS"",""ISCHEMIC_HEART_DISEASE""],[""ARTHRITIS"",""SKIN_CANCER""],[""DIABETES"",""ISCHEMIC_HEART_DISEASE""],[""ISCHEMIC_HEART_DISEASE"",""STROKE""]]",True,False,"[""motif_577624a63a62a8a9""]",1,1,0.22340425531914893,0.22340425531914893,0.22340425531914893,47,0.22340425531914893,True
occ_699e93a613f0774d,2,motif_cb910122203920e9,5,5,"[""ARTHRITIS"",""COPD"",""DIABETES"",""ISCHEMIC_HEART_DISEASE"",""KIDNEY_DISEASE""]","[[""ARTHRITIS"",""COPD""],[""COPD"",""ISCHEMIC_HEART_DISEASE""],[""DIABETES"",""ISCHEMIC_HEART_DISEASE""],[""DIABETES"",""KIDNEY_DISEASE""],[""ISCHEMIC_HEART_DISEASE"",""KIDNEY_DISEASE""]]",True,False,"[""motif_53e8134231efd6a0"",""motif_cb910122203920e9""]",2,2,0.21739130434782608,0.21739130434782608,0.21739130434782608,46,0.21739130434782608,True
occ_699feccffe53d585,1,motif_2f1cad9346e74372,4,3,"[""ARTHRITIS"",""ISCHEMIC_HEART_DISEASE"",""KIDNEY_DISEASE"",""STROKE""]","[[""ARTHRITIS"",""ISCHEMIC_HEART_DISEASE""],[""ISCHEMIC_HEART_DISEASE"",""KIDNEY_DISEASE""],[""ISCHEMIC_HEART_DISEASE"",""STROKE""]]",True,False,"[""motif_2f1cad9346e74372""]",1,1,0.34782608695652173,0.34782608695652173,0.34782608695652173,46,0.34782608695652173,True
occ_6b1448a672519ec2,2,motif_7a01626f3ff4e596,4,3,"[""ARTHRITIS"",""DIABETES"",""ISCHEMIC_HEART_DISEASE"",""KIDNEY_DISEASE""]","[[""ARTHRITIS"",""DIABETES""],[""ARTHRITIS"",""ISCHEMIC_HEART_DISEASE""],[""DIABETES"",""KIDNEY_DISEASE""]]",True,False,"[""motif_7a01626f3ff4e596"",""motif_857e39d6361c69c4""]",2,2,0.48936170212765956,0.5159574468085106,0.5425531914893617,47,0.48936170212765956,True
occ_6b4def48a337e970,4,motif_9a81ed62d65435c3,5,4,"[""ARTHRITIS"",""ISCHEMIC_HEART_DISEASE"",""KIDNEY_DISEASE"",""OTHER_CANCER"",""SKIN_CANCER""]","[[""ARTHRITIS"",""ISCHEMIC_HEART_DISEASE""],[""ARTHRITIS"",""KIDNEY_DISEASE""],[""ARTHRITIS"",""OTHER_CANCER""],[""OTHER_CANCER"",""SKIN_CANCER""]]",True,False,"[""motif_041663865fdf67e1"",""motif_082f79e52f52ff53"",""motif_9a81ed62d65435c3"",""motif_a357866e74d5aac1""]",4,4,0.2765957446808511,0.2925531914893617,0.30851063829787234,47,0.2765957446808511,True
occ_6cfdd019d814ae33,1,motif_24eb9a87cdb74628,4,4,"[""ARTHRITIS"",""DIABETES"",""ISCHEMIC_HEART_DISEASE"",""KIDNEY_DISEASE""]","[[""ARTHRITIS"",""ISCHEMIC_HEART_DISEASE""],[""ARTHRITIS"",""KIDNEY_DISEASE""],[""DIABETES"",""ISCHEMIC_HEART_DISEASE""],[""ISCHEMIC_HEART_DISEASE"",""KIDNEY_DISEASE""]]",True,False,"[""motif_24eb9a87cdb74628""]",1,0,0.17391304347826086,0.17391304347826086,0.17391304347826086,46,0.17391304347826086,False
occ_6e0393be84133e7b,2,motif_7611ddb360618444,5,5,"[""ARTHRITIS"",""COPD"",""DIABETES"",""ISCHEMIC_HEART_DISEASE"",""STROKE""]","[[""ARTHRITIS"",""COPD""],[""ARTHRITIS"",""ISCHEMIC_HEART_DISEASE""],[""COPD"",""ISCHEMIC_HEART_DISEASE""],[""DIABETES"",""ISCHEMIC_HEART_DISEASE""],[""ISCHEMIC_HEART_DISEASE"",""STROKE""]]",True,False,"[""motif_627e0dce19fa9636"",""motif_7611ddb360618444""]",2,2,0.425531914893617,0.4308510638297872,0.43617021276595747,47,0.425531914893617,True
occ_7037578bc5ccb24e,2,motif_027ba7efe2fe2e56,5,5,"[""ARTHRITIS"",""COPD"",""ISCHEMIC_HEART_DISEASE"",""KIDNEY_DISEASE"",""STROKE""]","[[""ARTHRITIS"",""COPD""],[""ARTHRITIS"",""ISCHEMIC_HEART_DISEASE""],[""COPD"",""ISCHEMIC_HEART_DISEASE""],[""ISCHEMIC_HEART_DISEASE"",""KIDNEY_DISEASE""],[""ISCHEMIC_HEART_DISEASE"",""STROKE""]]",True,False,"[""motif_027ba7efe2fe2e56"",""motif_8182686a0f8422e0""]",2,2,0.31521739130434784,0.31521739130434784,0.31521739130434784,46,0.31521739130434784,True
occ_7066f4fd4527e206,2,motif_117ce0c6871a8986,5,5,"[""ARTHRITIS"",""COPD"",""DIABETES"",""ISCHEMIC_HEART_DISEASE"",""KIDNEY_DISEASE""]","[[""ARTHRITIS"",""COPD""],[""ARTHRITIS"",""KIDNEY_DISEASE""],[""DIABETES"",""ISCHEMIC_HEART_DISEASE""],[""DIABETES"",""KIDNEY_DISEASE""],[""ISCHEMIC_HEART_DISEASE"",""KIDNEY_DISEASE""]]",True,False,"[""motif_117ce0c6871a8986"",""motif_d678613ad78fd8b5""]",2,0,0.15217391304347827,0.15217391304347827,0.15217391304347827,46,0.15217391304347827,False
occ_7083e42028a16192,3,motif_7887aeea576de116,5,4,"[""ARTHRITIS"",""DIABETES"",""KIDNEY_DISEASE"",""OTHER_CANCER"",""SKIN_CANCER""]","[[""ARTHRITIS"",""DIABETES""],[""ARTHRITIS"",""KIDNEY_DISEASE""],[""ARTHRITIS"",""OTHER_CANCER""],[""OTHER_CANCER"",""SKIN_CANCER""]]",True,False,"[""motif_7887aeea576de116"",""motif_8987799e9536733a"",""motif_c6162316b5742d5a""]",3,3,0.2872340425531915,0.2978723404255319,0.30851063829787234,47,0.2872340425531915,True
occ_70a5ee40fe553b0e,2,motif_971292dd18d037f2,4,3,"[""ARTHRITIS"",""COPD"",""ISCHEMIC_HEART_DISEASE"",""STROKE""]","[[""ARTHRITIS"",""COPD""],[""COPD"",""ISCHEMIC_HEART_DISEASE""],[""ISCHEMIC_HEART_DISEASE"",""STROKE""]]",True,False,"[""motif_67cab77b48831591"",""motif_971292dd18d037f2""]",2,2,0.5,0.5106382978723405,0.5212765957446809,47,0.5,True
occ_724285e8f40d3ac9,1,motif_47ce3e87e8a12011,5,4,"[""ARTHRITIS"",""COPD"",""ISCHEMIC_HEART_DISEASE"",""KIDNEY_DISEASE"",""OTHER_CANCER""]","[[""ARTHRITIS"",""COPD""],[""ARTHRITIS"",""OTHER_CANCER""],[""COPD"",""ISCHEMIC_HEART_DISEASE""],[""ISCHEMIC_HEART_DISEASE"",""KIDNEY_DISEASE""]]",True,False,"[""motif_47ce3e87e8a12011""]",1,1,0.2826086956521739,0.2826086956521739,0.2826086956521739,46,0.2826086956521739,True
occ_728d56ccc2ec52a1,1,motif_e040651df1ee4832,3,2,"[""DIABETES"",""ISCHEMIC_HEART_DISEASE"",""STROKE""]","[[""DIABETES"",""ISCHEMIC_HEART_DISEASE""],[""ISCHEMIC_HEART_DISEASE"",""STROKE""]]",True,False,"[""motif_e040651df1ee4832""]",1,1,0.6170212765957447,0.6170212765957447,0.6170212765957447,47,0.6170212765957447,True
occ_734b731382759083,1,motif_2f49498d56eb193d,5,4,"[""ARTHRITIS"",""COPD"",""DIABETES"",""ISCHEMIC_HEART_DISEASE"",""STROKE""]","[[""ARTHRITIS"",""COPD""],[""ARTHRITIS"",""DIABETES""],[""COPD"",""ISCHEMIC_HEART_DISEASE""],[""ISCHEMIC_HEART_DISEASE"",""STROKE""]]",True,False,"[""motif_2f49498d56eb193d""]",1,1,0.46808510638297873,0.46808510638297873,0.46808510638297873,47,0.46808510638297873,True
occ_73d2eaea640fd7eb,1,motif_47d78b52f7b40f0b,5,4,"[""COPD"",""DIABETES"",""ISCHEMIC_HEART_DISEASE"",""KIDNEY_DISEASE"",""STROKE""]","[[""COPD"",""ISCHEMIC_HEART_DISEASE""],[""DIABETES"",""KIDNEY_DISEASE""],[""ISCHEMIC_HEART_DISEASE"",""KIDNEY_DISEASE""],[""ISCHEMIC_HEART_DISEASE"",""STROKE""]]",True,False,"[""motif_47d78b52f7b40f0b""]",1,1,0.22826086956521738,0.22826086956521738,0.22826086956521738,46,0.22826086956521738,True
occ_73eef374aa8131e0,2,motif_8a3a45dc361aa47b,5,5,"[""ARTHRITIS"",""COPD"",""DIABETES"",""ISCHEMIC_HEART_DISEASE"",""KIDNEY_DISEASE""]","[[""ARTHRITIS"",""COPD""],[""ARTHRITIS"",""ISCHEMIC_HEART_DISEASE""],[""COPD"",""ISCHEMIC_HEART_DISEASE""],[""DIABETES"",""KIDNEY_DISEASE""],[""ISCHEMIC_HEART_DISEASE"",""KIDNEY_DISEASE""]]",True,False,"[""motif_810b92e3ea05e188"",""motif_8a3a45dc361aa47b""]",2,2,0.22826086956521738,0.22826086956521738,0.22826086956521738,46,0.22826086956521738,True
occ_758413aa17b69284,1,motif_88f193386373d65c,5,4,"[""ARTHRITIS"",""DIABETES"",""ISCHEMIC_HEART_DISEASE"",""KIDNEY_DISEASE"",""OTHER_CANCER""]","[[""ARTHRITIS"",""ISCHEMIC_HEART_DISEASE""],[""ARTHRITIS"",""OTHER_CANCER""],[""DIABETES"",""KIDNEY_DISEASE""],[""ISCHEMIC_HEART_DISEASE"",""KIDNEY_DISEASE""]]",True,False,"[""motif_88f193386373d65c""]",1,1,0.22826086956521738,0.22826086956521738,0.22826086956521738,46,0.22826086956521738,True
occ_76e879295662b436,1,motif_9737518e452322bd,5,4,"[""ARTHRITIS"",""COPD"",""CURRENT_ASTHMA"",""DIABETES"",""KIDNEY_DISEASE""]","[[""ARTHRITIS"",""COPD""],[""ARTHRITIS"",""DIABETES""],[""ARTHRITIS"",""KIDNEY_DISEASE""],[""COPD"",""CURRENT_ASTHMA""]]",True,False,"[""motif_9737518e452322bd""]",1,1,0.3191489361702128,0.3191489361702128,0.3191489361702128,47,0.3191489361702128,True
occ_78710c7e81284d35,1,motif_37d31d57d3f9c5b8,5,5,"[""COPD"",""DIABETES"",""ISCHEMIC_HEART_DISEASE"",""KIDNEY_DISEASE"",""STROKE""]","[[""COPD"",""ISCHEMIC_HEART_DISEASE""],[""DIABETES"",""ISCHEMIC_HEART_DISEASE""],[""DIABETES"",""KIDNEY_DISEASE""],[""ISCHEMIC_HEART_DISEASE"",""KIDNEY_DISEASE""],[""ISCHEMIC_HEART_DISEASE"",""STROKE""]]",True,True,"[""motif_37d31d57d3f9c5b8""]",1,1,0.21739130434782608,0.21739130434782608,0.21739130434782608,46,0.21739130434782608,True
occ_7884ae23ad0f5f48,4,motif_2e153101d0a11288,5,6,"[""ARTHRITIS"",""COPD"",""DIABETES"",""ISCHEMIC_HEART_DISEASE"",""KIDNEY_DISEASE""]","[[""ARTHRITIS"",""COPD""],[""ARTHRITIS"",""DIABETES""],[""ARTHRITIS"",""ISCHEMIC_HEART_DISEASE""],[""ARTHRITIS"",""KIDNEY_DISEASE""],[""COPD"",""ISCHEMIC_HEART_DISEASE""],[""DIABETES"",""ISCHEMIC_HEART_DISEASE""]]",True,False,"[""motif_2e153101d0a11288"",""motif_5cefd2032c431627"",""motif_653dde72c933e69a"",""motif_65b770a6b0dde937""]",4,4,0.24468085106382978,0.2553191489361702,0.26595744680851063,47,0.24468085106382978,True
occ_7ae7f610cc3b8598,2,motif_8543fd62cd4a1170,4,4,"[""ARTHRITIS"",""COPD"",""DIABETES"",""ISCHEMIC_HEART_DISEASE""]","[[""ARTHRITIS"",""COPD""],[""ARTHRITIS"",""DIABETES""],[""ARTHRITIS"",""ISCHEMIC_HEART_DISEASE""],[""COPD"",""ISCHEMIC_HEART_DISEASE""]]",True,False,"[""motif_8543fd62cd4a1170"",""motif_ed5e4d011e2b456c""]",2,2,0.5,0.5106382978723405,0.5212765957446809,47,0.5,True
occ_7b11231e12290d13,1,motif_f436a966bfb8a0f7,4,3,"[""ARTHRITIS"",""COPD"",""CURRENT_ASTHMA"",""DEPRESSIVE_DISORDER""]","[[""ARTHRITIS"",""COPD""],[""COPD"",""CURRENT_ASTHMA""],[""CURRENT_ASTHMA"",""DEPRESSIVE_DISORDER""]]",True,False,"[""motif_f436a966bfb8a0f7""]",1,1,0.30851063829787234,0.30851063829787234,0.30851063829787234,47,0.30851063829787234,True
occ_7b38a935afe66518,3,motif_6542648bb13448a0,5,5,"[""ARTHRITIS"",""COPD"",""DIABETES"",""ISCHEMIC_HEART_DISEASE"",""KIDNEY_DISEASE""]","[[""ARTHRITIS"",""COPD""],[""ARTHRITIS"",""DIABETES""],[""ARTHRITIS"",""ISCHEMIC_HEART_DISEASE""],[""ARTHRITIS"",""KIDNEY_DISEASE""],[""DIABETES"",""KIDNEY_DISEASE""]]",True,False,"[""motif_567b7af85cfa22f3"",""motif_6542648bb13448a0"",""motif_deb1cfa3eafe01ec""]",3,3,0.23404255319148937,0.24468085106382978,0.2553191489361702,47,0.24468085106382978,True
occ_7ca026144142bd82,1,motif_99e10474d9641594,5,4,"[""ARTHRITIS"",""COPD"",""CURRENT_ASTHMA"",""DIABETES"",""ISCHEMIC_HEART_DISEASE""]","[[""ARTHRITIS"",""COPD""],[""ARTHRITIS"",""ISCHEMIC_HEART_DISEASE""],[""COPD"",""CURRENT_ASTHMA""],[""DIABETES"",""ISCHEMIC_HEART_DISEASE""]]",True,False,"[""motif_99e10474d9641594""]",1,1,0.5212765957446809,0.5212765957446809,0.5212765957446809,47,0.5212765957446809,True
occ_8294e9f347f4f973,1,motif_5ae0b065c6d1e840,4,3,"[""ARTHRITIS"",""COPD"",""OTHER_CANCER"",""SKIN_CANCER""]","[[""ARTHRITIS"",""COPD""],[""ARTHRITIS"",""OTHER_CANCER""],[""OTHER_CANCER"",""SKIN_CANCER""]]",True,False,"[""motif_5ae0b065c6d1e840""]",1,1,0.648936170212766,0.648936170212766,0.648936170212766,47,0.648936170212766,True
occ_82d46be63c225826,1,motif_1edae9dffc70a727,3,2,"[""ARTHRITIS"",""COPD"",""DIABETES""]","[[""ARTHRITIS"",""COPD""],[""ARTHRITIS"",""DIABETES""]]",True,False,"[""motif_1edae9dffc70a727""]",1,1,0.7659574468085106,0.7659574468085106,0.7659574468085106,47,0.7659574468085106,True
occ_83173e883e942652,1,motif_d9bff20e093a1be3,4,3,"[""ARTHRITIS"",""COPD"",""ISCHEMIC_HEART_DISEASE"",""KIDNEY_DISEASE""]","[[""ARTHRITIS"",""COPD""],[""ARTHRITIS"",""ISCHEMIC_HEART_DISEASE""],[""ISCHEMIC_HEART_DISEASE"",""KIDNEY_DISEASE""]]",True,False,"[""motif_d9bff20e093a1be3""]",1,1,0.391304347826087,0.391304347826087,0.391304347826087,46,0.391304347826087,True
occ_847b49d4d8424352,2,motif_68738de32e9c0312,5,4,"[""ARTHRITIS"",""COPD"",""CURRENT_ASTHMA"",""DIABETES"",""KIDNEY_DISEASE""]","[[""ARTHRITIS"",""COPD""],[""ARTHRITIS"",""KIDNEY_DISEASE""],[""COPD"",""CURRENT_ASTHMA""],[""DIABETES"",""KIDNEY_DISEASE""]]",True,False,"[""motif_5c6c6345350ffc64"",""motif_68738de32e9c0312""]",2,2,0.23404255319148937,0.24468085106382978,0.2553191489361702,47,0.23404255319148937,True
occ_851dd455a872f120,1,motif_2aa95981fc3e8f36,3,2,"[""ARTHRITIS"",""ISCHEMIC_HEART_DISEASE"",""KIDNEY_DISEASE""]","[[""ARTHRITIS"",""ISCHEMIC_HEART_DISEASE""],[""ARTHRITIS"",""KIDNEY_DISEASE""]]",True,False,"[""motif_2aa95981fc3e8f36""]",1,1,0.3829787234042553,0.3829787234042553,0.3829787234042553,47,0.3829787234042553,True
occ_8570c94f65c1fa7f,2,motif_018c4efb7ab2990c,5,6,"[""ARTHRITIS"",""COPD"",""DIABETES"",""ISCHEMIC_HEART_DISEASE"",""KIDNEY_DISEASE""]","[[""ARTHRITIS"",""COPD""],[""ARTHRITIS"",""ISCHEMIC_HEART_DISEASE""],[""COPD"",""ISCHEMIC_HEART_DISEASE""],[""DIABETES"",""ISCHEMIC_HEART_DISEASE""],[""DIABETES"",""KIDNEY_DISEASE""],[""ISCHEMIC_HEART_DISEASE"",""KIDNEY_DISEASE""]]",True,False,"[""motif_018c4efb7ab2990c"",""motif_d6947d105949725e""]",2,2,0.21739130434782608,0.21739130434782608,0.21739130434782608,46,0.21739130434782608,True
occ_8751f0d18b20b55b,1,motif_e5a69fb349d827dd,5,4,"[""ARTHRITIS"",""COPD"",""DIABETES"",""ISCHEMIC_HEART_DISEASE"",""KIDNEY_DISEASE""]","[[""ARTHRITIS"",""COPD""],[""ARTHRITIS"",""ISCHEMIC_HEART_DISEASE""],[""DIABETES"",""KIDNEY_DISEASE""],[""ISCHEMIC_HEART_DISEASE"",""KIDNEY_DISEASE""]]",True,False,"[""motif_e5a69fb349d827dd""]",1,1,0.2608695652173913,0.2608695652173913,0.2608695652173913,46,0.2608695652173913,True
occ_8c1508a8813d6281,2,motif_85897afcde10ae9d,5,4,"[""ARTHRITIS"",""ISCHEMIC_HEART_DISEASE"",""OTHER_CANCER"",""SKIN_CANCER"",""STROKE""]","[[""ARTHRITIS"",""ISCHEMIC_HEART_DISEASE""],[""ARTHRITIS"",""SKIN_CANCER""],[""ISCHEMIC_HEART_DISEASE"",""STROKE""],[""OTHER_CANCER"",""SKIN_CANCER""]]",True,False,"[""motif_85897afcde10ae9d"",""motif_ac678f6d8b8171a2""]",2,2,0.2765957446808511,0.2765957446808511,0.2765957446808511,47,0.2765957446808511,True
occ_8db99b98e503b07f,2,motif_db33a8dd2fbd76cd,5,4,"[""ARTHRITIS"",""DIABETES"",""ISCHEMIC_HEART_DISEASE"",""OTHER_CANCER"",""SKIN_CANCER""]","[[""ARTHRITIS"",""DIABETES""],[""ARTHRITIS"",""ISCHEMIC_HEART_DISEASE""],[""ARTHRITIS"",""OTHER_CANCER""],[""OTHER_CANCER"",""SKIN_CANCER""]]",True,False,"[""motif_db33a8dd2fbd76cd"",""motif_e0af2d1455e23c50""]",2,2,0.5319148936170213,0.5425531914893618,0.5531914893617021,47,0.5319148936170213,True
occ_8e030cbb1c8e24f7,2,motif_2f35404608f3f2ef,5,6,"[""ARTHRITIS"",""COPD"",""DIABETES"",""ISCHEMIC_HEART_DISEASE"",""STROKE""]","[[""ARTHRITIS"",""COPD""],[""ARTHRITIS"",""DIABETES""],[""ARTHRITIS"",""ISCHEMIC_HEART_DISEASE""],[""COPD"",""ISCHEMIC_HEART_DISEASE""],[""DIABETES"",""ISCHEMIC_HEART_DISEASE""],[""ISCHEMIC_HEART_DISEASE"",""STROKE""]]",True,False,"[""motif_2f35404608f3f2ef"",""motif_a328587a896f8edc""]",2,2,0.40425531914893614,0.40957446808510634,0.4148936170212766,47,0.40425531914893614,True
occ_8e5dba69c449ca0b,2,motif_9aea37b624069e78,5,5,"[""ARTHRITIS"",""COPD"",""DIABETES"",""ISCHEMIC_HEART_DISEASE"",""KIDNEY_DISEASE""]","[[""ARTHRITIS"",""COPD""],[""ARTHRITIS"",""ISCHEMIC_HEART_DISEASE""],[""ARTHRITIS"",""KIDNEY_DISEASE""],[""COPD"",""ISCHEMIC_HEART_DISEASE""],[""DIABETES"",""ISCHEMIC_HEART_DISEASE""]]",True,False,"[""motif_3dca7fe7a9c94f2f"",""motif_9aea37b624069e78""]",2,2,0.24468085106382978,0.25,0.2553191489361702,47,0.24468085106382978,True
occ_8f1d5a0472c4e92c,1,motif_f4bfcdb57c53a8e9,4,3,"[""ARTHRITIS"",""COPD"",""DIABETES"",""KIDNEY_DISEASE""]","[[""ARTHRITIS"",""COPD""],[""ARTHRITIS"",""DIABETES""],[""ARTHRITIS"",""KIDNEY_DISEASE""]]",True,False,"[""motif_f4bfcdb57c53a8e9""]",1,1,0.35106382978723405,0.35106382978723405,0.35106382978723405,47,0.35106382978723405,True
occ_8f566e2005a04ea9,2,motif_825fab86668eb8ff,5,5,"[""ARTHRITIS"",""COPD"",""DIABETES"",""ISCHEMIC_HEART_DISEASE"",""KIDNEY_DISEASE""]","[[""ARTHRITIS"",""COPD""],[""ARTHRITIS"",""ISCHEMIC_HEART_DISEASE""],[""COPD"",""ISCHEMIC_HEART_DISEASE""],[""DIABETES"",""ISCHEMIC_HEART_DISEASE""],[""DIABETES"",""KIDNEY_DISEASE""]]",True,False,"[""motif_2d9dea63090b7772"",""motif_825fab86668eb8ff""]",2,2,0.30851063829787234,0.31382978723404253,0.3191489361702128,47,0.30851063829787234,True
occ_8fc114b6ea886bef,2,motif_ba7a0a0ed1ab1304,5,5,"[""ARTHRITIS"",""COPD"",""ISCHEMIC_HEART_DISEASE"",""OTHER_CANCER"",""SKIN_CANCER""]","[[""ARTHRITIS"",""COPD""],[""ARTHRITIS"",""ISCHEMIC_HEART_DISEASE""],[""ARTHRITIS"",""OTHER_CANCER""],[""ARTHRITIS"",""SKIN_CANCER""],[""OTHER_CANCER"",""SKIN_CANCER""]]",True,False,"[""motif_ba7a0a0ed1ab1304"",""motif_d68985c461e287c9""]",2,2,0.2553191489361702,0.2553191489361702,0.2553191489361702,47,0.2553191489361702,True
occ_9149ef649ed6c945,2,motif_1681ae0e2b76586f,5,5,"[""ARTHRITIS"",""COPD"",""DIABETES"",""OTHER_CANCER"",""SKIN_CANCER""]","[[""ARTHRITIS"",""COPD""],[""ARTHRITIS"",""DIABETES""],[""ARTHRITIS"",""OTHER_CANCER""],[""ARTHRITIS"",""SKIN_CANCER""],[""OTHER_CANCER"",""SKIN_CANCER""]]",True,True,"[""motif_1681ae0e2b76586f"",""motif_db3614fd20563588""]",2,2,0.20212765957446807,0.20212765957446807,0.20212765957446807,47,0.20212765957446807,True
occ_921e08655930c482,2,motif_5e83cea79dae2573,5,6,"[""ARTHRITIS"",""COPD"",""DIABETES"",""ISCHEMIC_HEART_DISEASE"",""KIDNEY_DISEASE""]","[[""ARTHRITIS"",""COPD""],[""ARTHRITIS"",""ISCHEMIC_HEART_DISEASE""],[""ARTHRITIS"",""KIDNEY_DISEASE""],[""COPD"",""ISCHEMIC_HEART_DISEASE""],[""DIABETES"",""ISCHEMIC_HEART_DISEASE""],[""DIABETES"",""KIDNEY_DISEASE""]]",True,False,"[""motif_0f1eaadb5b328872"",""motif_5e83cea79dae2573""]",2,2,0.20212765957446807,0.2074468085106383,0.2127659574468085,47,0.20212765957446807,True
occ_93da809190ed521b,1,motif_042d5c92b6ddeb0e,5,4,"[""ARTHRITIS"",""COPD"",""DIABETES"",""ISCHEMIC_HEART_DISEASE"",""OTHER_CANCER""]","[[""ARTHRITIS"",""COPD""],[""ARTHRITIS"",""DIABETES""],[""ARTHRITIS"",""OTHER_CANCER""],[""DIABETES"",""ISCHEMIC_HEART_DISEASE""]]",True,False,"[""motif_042d5c92b6ddeb0e""]",1,1,0.46808510638297873,0.46808510638297873,0.46808510638297873,47,0.46808510638297873,True
occ_9526e86030e0ab5a,2,motif_9dd3ef603731eb1d,5,4,"[""ARTHRITIS"",""DIABETES"",""ISCHEMIC_HEART_DISEASE"",""OTHER_CANCER"",""SKIN_CANCER""]","[[""ARTHRITIS"",""ISCHEMIC_HEART_DISEASE""],[""ARTHRITIS"",""SKIN_CANCER""],[""DIABETES"",""ISCHEMIC_HEART_DISEASE""],[""OTHER_CANCER"",""SKIN_CANCER""]]",True,False,"[""motif_43cc804437a47f43"",""motif_9dd3ef603731eb1d""]",2,2,0.24468085106382978,0.24468085106382978,0.24468085106382978,47,0.24468085106382978,True
occ_95724d2c4d2137eb,1,motif_a192df3ab4dfeb21,4,3,"[""ARTHRITIS"",""DIABETES"",""ISCHEMIC_HEART_DISEASE"",""STROKE""]","[[""ARTHRITIS"",""DIABETES""],[""ARTHRITIS"",""ISCHEMIC_HEART_DISEASE""],[""ISCHEMIC_HEART_DISEASE"",""STROKE""]]",True,False,"[""motif_a192df3ab4dfeb21""]",1,1,0.6063829787234043,0.6063829787234043,0.6063829787234043,47,0.6063829787234043,True
occ_96854116b8a748c5,1,motif_e188e11aa9d19f55,5,4,"[""ARTHRITIS"",""DIABETES"",""ISCHEMIC_HEART_DISEASE"",""KIDNEY_DISEASE"",""STROKE""]","[[""ARTHRITIS"",""DIABETES""],[""ARTHRITIS"",""ISCHEMIC_HEART_DISEASE""],[""ISCHEMIC_HEART_DISEASE"",""KIDNEY_DISEASE""],[""ISCHEMIC_HEART_DISEASE"",""STROKE""]]",True,False,"[""motif_e188e11aa9d19f55""]",1,1,0.31521739130434784,0.31521739130434784,0.31521739130434784,46,0.31521739130434784,True
occ_973d90552c94f5b7,1,motif_7ed0d1a35df795fc,5,5,"[""ARTHRITIS"",""COPD"",""DIABETES"",""ISCHEMIC_HEART_DISEASE"",""OTHER_CANCER""]","[[""ARTHRITIS"",""COPD""],[""ARTHRITIS"",""DIABETES""],[""ARTHRITIS"",""ISCHEMIC_HEART_DISEASE""],[""ARTHRITIS"",""OTHER_CANCER""],[""DIABETES"",""ISCHEMIC_HEART_DISEASE""]]",True,False,"[""motif_7ed0d1a35df795fc""]",1,1,0.4148936170212766,0.4148936170212766,0.4148936170212766,47,0.4148936170212766,True
occ_9888ceb05e531919,1,motif_2411af643dc47294,4,4,"[""ARTHRITIS"",""COPD"",""DIABETES"",""ISCHEMIC_HEART_DISEASE""]","[[""ARTHRITIS"",""COPD""],[""ARTHRITIS"",""DIABETES""],[""ARTHRITIS"",""ISCHEMIC_HEART_DISEASE""],[""DIABETES"",""ISCHEMIC_HEART_DISEASE""]]",True,False,"[""motif_2411af643dc47294""]",1,1,0.5,0.5,0.5,47,0.5,True
occ_9903e798c1781a1c,2,motif_ece794950718732c,5,4,"[""ARTHRITIS"",""COPD"",""CURRENT_ASTHMA"",""OTHER_CANCER"",""SKIN_CANCER""]","[[""ARTHRITIS"",""COPD""],[""ARTHRITIS"",""OTHER_CANCER""],[""COPD"",""CURRENT_ASTHMA""],[""OTHER_CANCER"",""SKIN_CANCER""]]",True,False,"[""motif_4d469c53f6e01433"",""motif_ece794950718732c""]",2,2,0.5638297872340425,0.5691489361702128,0.574468085106383,47,0.5638297872340425,True
occ_99205b3807f3cc25,1,motif_204392044e79cf6a,4,4,"[""DIABETES"",""ISCHEMIC_HEART_DISEASE"",""KIDNEY_DISEASE"",""STROKE""]","[[""DIABETES"",""ISCHEMIC_HEART_DISEASE""],[""DIABETES"",""KIDNEY_DISEASE""],[""ISCHEMIC_HEART_DISEASE"",""KIDNEY_DISEASE""],[""ISCHEMIC_HEART_DISEASE"",""STROKE""]]",True,False,"[""motif_204392044e79cf6a""]",1,1,0.2608695652173913,0.2608695652173913,0.2608695652173913,46,0.2608695652173913,True
occ_99ef11a201487f8a,1,motif_1c7c35aa2acba71b,3,2,"[""ARTHRITIS"",""DIABETES"",""ISCHEMIC_HEART_DISEASE""]","[[""ARTHRITIS"",""DIABETES""],[""ARTHRITIS"",""ISCHEMIC_HEART_DISEASE""]]",True,False,"[""motif_1c7c35aa2acba71b""]",1,1,0.7340425531914894,0.7340425531914894,0.7340425531914894,47,0.7340425531914894,True
occ_99fb6368b33cb88e,1,motif_496bfc724505030e,4,3,"[""ARTHRITIS"",""ISCHEMIC_HEART_DISEASE"",""KIDNEY_DISEASE"",""STROKE""]","[[""ARTHRITIS"",""KIDNEY_DISEASE""],[""ISCHEMIC_HEART_DISEASE"",""KIDNEY_DISEASE""],[""ISCHEMIC_HEART_DISEASE"",""STROKE""]]",True,False,"[""motif_496bfc724505030e""]",1,0,0.18478260869565216,0.18478260869565216,0.18478260869565216,46,0.18478260869565216,False
occ_9a1d67c933bfab46,1,motif_c03e15a1bea6ea46,5,4,"[""ARTHRITIS"",""COPD"",""CURRENT_ASTHMA"",""DIABETES"",""ISCHEMIC_HEART_DISEASE""]","[[""ARTHRITIS"",""COPD""],[""ARTHRITIS"",""DIABETES""],[""COPD"",""CURRENT_ASTHMA""],[""DIABETES"",""ISCHEMIC_HEART_DISEASE""]]",True,False,"[""motif_c03e15a1bea6ea46""]",1,1,0.5,0.5,0.5,47,0.5,True
occ_9a4753e00cd0b4c7,4,motif_44f14a83080f71ac,5,5,"[""ARTHRITIS"",""COPD"",""DIABETES"",""ISCHEMIC_HEART_DISEASE"",""KIDNEY_DISEASE""]","[[""ARTHRITIS"",""COPD""],[""ARTHRITIS"",""DIABETES""],[""ARTHRITIS"",""ISCHEMIC_HEART_DISEASE""],[""ARTHRITIS"",""KIDNEY_DISEASE""],[""DIABETES"",""ISCHEMIC_HEART_DISEASE""]]",True,False,"[""motif_44f14a83080f71ac"",""motif_561aab0d2e3fcfbf"",""motif_5d4f727711085252"",""motif_8d50e2fb8f9fbd00""]",4,4,0.2553191489361702,0.26595744680851063,0.2765957446808511,47,0.2553191489361702,True
occ_9a7c2d57b0d57e54,1,motif_86d8105fe5309952,5,4,"[""ARTHRITIS"",""COPD"",""DIABETES"",""ISCHEMIC_HEART_DISEASE"",""SKIN_CANCER""]","[[""ARTHRITIS"",""COPD""],[""ARTHRITIS"",""DIABETES""],[""ARTHRITIS"",""ISCHEMIC_HEART_DISEASE""],[""ARTHRITIS"",""SKIN_CANCER""]]",True,False,"[""motif_86d8105fe5309952""]",1,1,0.22340425531914893,0.22340425531914893,0.22340425531914893,47,0.22340425531914893,True
occ_9aadfe39b8bc2bf6,2,motif_5a1d60dbf66e3db1,5,4,"[""ARTHRITIS"",""COPD"",""ISCHEMIC_HEART_DISEASE"",""KIDNEY_DISEASE"",""STROKE""]","[[""ARTHRITIS"",""COPD""],[""COPD"",""ISCHEMIC_HEART_DISEASE""],[""ISCHEMIC_HEART_DISEASE"",""KIDNEY_DISEASE""],[""ISCHEMIC_HEART_DISEASE"",""STROKE""]]",True,False,"[""motif_5a1d60dbf66e3db1"",""motif_b462ae70ca309b24""]",2,2,0.31521739130434784,0.31521739130434784,0.31521739130434784,46,0.31521739130434784,True
occ_9d15a4365780937a,1,motif_49217163f0dffbc8,4,3,"[""ARTHRITIS"",""DIABETES"",""ISCHEMIC_HEART_DISEASE"",""KIDNEY_DISEASE""]","[[""ARTHRITIS"",""DIABETES""],[""ARTHRITIS"",""ISCHEMIC_HEART_DISEASE""],[""ARTHRITIS"",""KIDNEY_DISEASE""]]",True,False,"[""motif_49217163f0dffbc8""]",1,1,0.3617021276595745,0.3617021276595745,0.3617021276595745,47,0.3617021276595745,True
occ_9e2bb6eb15d817e3,2,motif_66d789541717095f,4,4,"[""ARTHRITIS"",""COPD"",""ISCHEMIC_HEART_DISEASE"",""KIDNEY_DISEASE""]","[[""ARTHRITIS"",""COPD""],[""ARTHRITIS"",""ISCHEMIC_HEART_DISEASE""],[""COPD"",""ISCHEMIC_HEART_DISEASE""],[""ISCHEMIC_HEART_DISEASE"",""KIDNEY_DISEASE""]]",True,False,"[""motif_66d789541717095f"",""motif_b7999bf61588abbf""]",2,2,0.33695652173913043,0.33695652173913043,0.33695652173913043,46,0.33695652173913043,True
occ_9e595b1ceeb60b77,2,motif_8e4c0f6b5f4dcf4c,4,5,"[""ARTHRITIS"",""COPD"",""DIABETES"",""ISCHEMIC_HEART_DISEASE""]","[[""ARTHRITIS"",""COPD""],[""ARTHRITIS"",""DIABETES""],[""ARTHRITIS"",""ISCHEMIC_HEART_DISEASE""],[""COPD"",""ISCHEMIC_HEART_DISEASE""],[""DIABETES"",""ISCHEMIC_HEART_DISEASE""]]",True,False,"[""motif_8e4c0f6b5f4dcf4c"",""motif_b8f74c60dd14740c""]",2,2,0.425531914893617,0.4308510638297872,0.43617021276595747,47,0.425531914893617,True
occ_a0170a1c34818807,1,motif_08f3fda7af28ee0d,4,3,"[""ARTHRITIS"",""DIABETES"",""ISCHEMIC_HEART_DISEASE"",""KIDNEY_DISEASE""]","[[""ARTHRITIS"",""DIABETES""],[""ARTHRITIS"",""ISCHEMIC_HEART_DISEASE""],[""ISCHEMIC_HEART_DISEASE"",""KIDNEY_DISEASE""]]",True,False,"[""motif_08f3fda7af28ee0d""]",1,1,0.3695652173913043,0.3695652173913043,0.3695652173913043,46,0.3695652173913043,True
occ_a18aa0572ccf5aa8,4,motif_1ba4c51f0f8fad83,5,6,"[""ARTHRITIS"",""COPD"",""DIABETES"",""ISCHEMIC_HEART_DISEASE"",""KIDNEY_DISEASE""]","[[""ARTHRITIS"",""COPD""],[""ARTHRITIS"",""DIABETES""],[""ARTHRITIS"",""ISCHEMIC_HEART_DISEASE""],[""COPD"",""ISCHEMIC_HEART_DISEASE""],[""DIABETES"",""ISCHEMIC_HEART_DISEASE""],[""ISCHEMIC_HEART_DISEASE"",""KIDNEY_DISEASE""]]",True,False,"[""motif_1ba4c51f0f8fad83"",""motif_2239e63c934728ab"",""motif_309e1fd1b1c35d59"",""motif_5cc36c8196edf8e4""]",4,4,0.2717391304347826,0.2717391304347826,0.2717391304347826,46,0.2717391304347826,True
occ_a1fed9121c242cb7,1,motif_ace47faad0c74b11,5,4,"[""ARTHRITIS"",""COPD"",""CURRENT_ASTHMA"",""DEPRESSIVE_DISORDER"",""OTHER_CANCER""]","[[""ARTHRITIS"",""COPD""],[""ARTHRITIS"",""OTHER_CANCER""],[""COPD"",""CURRENT_ASTHMA""],[""CURRENT_ASTHMA"",""DEPRESSIVE_DISORDER""]]",True,True,"[""motif_ace47faad0c74b11""]",1,1,0.22340425531914893,0.22340425531914893,0.22340425531914893,47,0.22340425531914893,True
occ_a3e4450a3c1a2e01,4,motif_b715f164644b06ac,5,6,"[""ARTHRITIS"",""COPD"",""DIABETES"",""ISCHEMIC_HEART_DISEASE"",""KIDNEY_DISEASE""]","[[""ARTHRITIS"",""COPD""],[""ARTHRITIS"",""DIABETES""],[""ARTHRITIS"",""ISCHEMIC_HEART_DISEASE""],[""ARTHRITIS"",""KIDNEY_DISEASE""],[""DIABETES"",""ISCHEMIC_HEART_DISEASE""],[""DIABETES"",""KIDNEY_DISEASE""]]",True,False,"[""motif_8669434201178897"",""motif_9f061127188bad39"",""motif_b715f164644b06ac"",""motif_e8cc14ed19806fcc""]",4,4,0.2127659574468085,0.22340425531914893,0.23404255319148937,47,0.2127659574468085,True
occ_a4faa28726bc8129,1,motif_4fafa389d6f3cf6a,4,3,"[""DIABETES"",""ISCHEMIC_HEART_DISEASE"",""KIDNEY_DISEASE"",""STROKE""]","[[""DIABETES"",""ISCHEMIC_HEART_DISEASE""],[""DIABETES"",""KIDNEY_DISEASE""],[""ISCHEMIC_HEART_DISEASE"",""STROKE""]]",True,False,"[""motif_4fafa389d6f3cf6a""]",1,1,0.4574468085106383,0.4574468085106383,0.4574468085106383,47,0.4574468085106383,True
occ_a50cd60e28894d60,1,motif_2ad1cf6160fe23c7,5,4,"[""ARTHRITIS"",""DIABETES"",""ISCHEMIC_HEART_DISEASE"",""OTHER_CANCER"",""STROKE""]","[[""ARTHRITIS"",""DIABETES""],[""ARTHRITIS"",""ISCHEMIC_HEART_DISEASE""],[""ARTHRITIS"",""OTHER_CANCER""],[""ISCHEMIC_HEART_DISEASE"",""STROKE""]]",True,False,"[""motif_2ad1cf6160fe23c7""]",1,1,0.46808510638297873,0.46808510638297873,0.46808510638297873,47,0.46808510638297873,True
occ_a5b7971ea5c30000,2,motif_d398da6c713f53b7,5,4,"[""ARTHRITIS"",""COPD"",""DIABETES"",""ISCHEMIC_HEART_DISEASE"",""KIDNEY_DISEASE""]","[[""ARTHRITIS"",""COPD""],[""COPD"",""ISCHEMIC_HEART_DISEASE""],[""DIABETES"",""ISCHEMIC_HEART_DISEASE""],[""DIABETES"",""KIDNEY_DISEASE""]]",True,False,"[""motif_738262c87e2a834c"",""motif_d398da6c713f53b7""]",2,2,0.3191489361702128,0.324468085106383,0.32978723404255317,47,0.3191489361702128,True
occ_a6e95b60da24be97,3,motif_a97c649fcff5d5d1,5,5,"[""ARTHRITIS"",""COPD"",""DIABETES"",""ISCHEMIC_HEART_DISEASE"",""KIDNEY_DISEASE""]","[[""ARTHRITIS"",""COPD""],[""ARTHRITIS"",""DIABETES""],[""ARTHRITIS"",""ISCHEMIC_HEART_DISEASE""],[""COPD"",""ISCHEMIC_HEART_DISEASE""],[""ISCHEMIC_HEART_DISEASE"",""KIDNEY_DISEASE""]]",True,False,"[""motif_367019b89a849370"",""motif_3a74636fdbc8b97b"",""motif_a97c649fcff5d5d1""]",3,3,0.31521739130434784,0.31521739130434784,0.31521739130434784,46,0.31521739130434784,True
occ_a7267f9dbd22a1e1,1,motif_089bbb6e336a32e3,5,4,"[""ARTHRITIS"",""COPD"",""ISCHEMIC_HEART_DISEASE"",""KIDNEY_DISEASE"",""OTHER_CANCER""]","[[""ARTHRITIS"",""COPD""],[""ARTHRITIS"",""ISCHEMIC_HEART_DISEASE""],[""ARTHRITIS"",""OTHER_CANCER""],[""ISCHEMIC_HEART_DISEASE"",""KIDNEY_DISEASE""]]",True,False,"[""motif_089bbb6e336a32e3""]",1,1,0.32608695652173914,0.32608695652173914,0.32608695652173914,46,0.32608695652173914,True
occ_a72d59634cb1fa80,1,motif_d2fceddc64f9c4b8,5,4,"[""ARTHRITIS"",""COPD"",""DIABETES"",""KIDNEY_DISEASE"",""OTHER_CANCER""]","[[""ARTHRITIS"",""COPD""],[""ARTHRITIS"",""DIABETES""],[""ARTHRITIS"",""KIDNEY_DISEASE""],[""ARTHRITIS"",""OTHER_CANCER""]]",True,False,"[""motif_d2fceddc64f9c4b8""]",1,1,0.2978723404255319,0.2978723404255319,0.2978723404255319,47,0.2978723404255319,True
occ_a81e0506b1aaf663,8,motif_dfad82cf69cd5d21,5,6,"[""ARTHRITIS"",""COPD"",""DIABETES"",""ISCHEMIC_HEART_DISEASE"",""KIDNEY_DISEASE""]","[[""ARTHRITIS"",""COPD""],[""ARTHRITIS"",""DIABETES""],[""ARTHRITIS"",""ISCHEMIC_HEART_DISEASE""],[""ARTHRITIS"",""KIDNEY_DISEASE""],[""DIABETES"",""ISCHEMIC_HEART_DISEASE""],[""ISCHEMIC_HEART_DISEASE"",""KIDNEY_DISEASE""]]",True,False,"[""motif_0dd4e2d3dd505b69"",""motif_1fe91a45ad633b8a"",""motif_4105c9e59ebee4e9"",""motif_43d3e6a7657c3f65"",""motif_b943d51a3cad6ccb"",""motif_dfad82cf69cd5d21"",""motif_dfcab8382e621753"",""motif_fd5604ec6f39b5d9""]",8,2,0.17391304347826086,0.17391304347826086,0.20652173913043478,46,0.17391304347826086,False
occ_a823e7fc3f0094cf,2,motif_038ad01f2250792b,5,4,"[""ARTHRITIS"",""COPD"",""CURRENT_ASTHMA"",""ISCHEMIC_HEART_DISEASE"",""KIDNEY_DISEASE""]","[[""ARTHRITIS"",""COPD""],[""ARTHRITIS"",""KIDNEY_DISEASE""],[""COPD"",""CURRENT_ASTHMA""],[""COPD"",""ISCHEMIC_HEART_DISEASE""]]",True,False,"[""motif_038ad01f2250792b"",""motif_c99164990c51b2e9""]",2,2,0.2765957446808511,0.2872340425531915,0.2978723404255319,47,0.2765957446808511,True
occ_a8e25948803cc5fb,1,motif_f219a667fad3d6dc,5,4,"[""ARTHRITIS"",""COPD"",""ISCHEMIC_HEART_DISEASE"",""OTHER_CANCER"",""STROKE""]","[[""ARTHRITIS"",""COPD""],[""ARTHRITIS"",""ISCHEMIC_HEART_DISEASE""],[""ARTHRITIS"",""OTHER_CANCER""],[""ISCHEMIC_HEART_DISEASE"",""STROKE""]]",True,False,"[""motif_f219a667fad3d6dc""]",1,1,0.5106382978723404,0.5106382978723404,0.5106382978723404,47,0.5106382978723404,True
occ_a91c274c3eec68e9,1,motif_e390ceeffbb5a40b,3,3,"[""DIABETES"",""ISCHEMIC_HEART_DISEASE"",""KIDNEY_DISEASE""]","[[""DIABETES"",""ISCHEMIC_HEART_DISEASE""],[""DIABETES"",""KIDNEY_DISEASE""],[""ISCHEMIC_HEART_DISEASE"",""KIDNEY_DISEASE""]]",True,False,"[""motif_e390ceeffbb5a40b""]",1,1,0.2717391304347826,0.2717391304347826,0.2717391304347826,46,0.2717391304347826,True
occ_a9e03a0454753783,1,motif_07019d963bc595b3,5,4,"[""ARTHRITIS"",""COPD"",""CURRENT_ASTHMA"",""DEPRESSIVE_DISORDER"",""DIABETES""]","[[""ARTHRITIS"",""COPD""],[""ARTHRITIS"",""DIABETES""],[""COPD"",""CURRENT_ASTHMA""],[""CURRENT_ASTHMA"",""DEPRESSIVE_DISORDER""]]",True,False,"[""motif_07019d963bc595b3""]",1,1,0.2872340425531915,0.2872340425531915,0.2872340425531915,47,0.2872340425531915,True
occ_aa03079f8836392f,2,motif_2d48a4fd368d5657,5,4,"[""ARTHRITIS"",""COPD"",""CURRENT_ASTHMA"",""ISCHEMIC_HEART_DISEASE"",""KIDNEY_DISEASE""]","[[""ARTHRITIS"",""COPD""],[""COPD"",""CURRENT_ASTHMA""],[""COPD"",""ISCHEMIC_HEART_DISEASE""],[""ISCHEMIC_HEART_DISEASE"",""KIDNEY_DISEASE""]]",True,False,"[""motif_2d48a4fd368d5657"",""motif_e7b47efe0af02072""]",2,2,0.29347826086956524,0.29347826086956524,0.29347826086956524,46,0.29347826086956524,True
occ_aada652efab44e7a,1,motif_fd8026f3f9aefe0f,5,4,"[""ARTHRITIS"",""DIABETES"",""ISCHEMIC_HEART_DISEASE"",""KIDNEY_DISEASE"",""OTHER_CANCER""]","[[""ARTHRITIS"",""ISCHEMIC_HEART_DISEASE""],[""ARTHRITIS"",""KIDNEY_DISEASE""],[""ARTHRITIS"",""OTHER_CANCER""],[""DIABETES"",""ISCHEMIC_HEART_DISEASE""]]",True,False,"[""motif_fd8026f3f9aefe0f""]",1,1,0.23404255319148937,0.23404255319148937,0.23404255319148937,47,0.23404255319148937,True
occ_aadb9496daa634fb,2,motif_bf4ee698a85dda5c,5,5,"[""ARTHRITIS"",""DIABETES"",""ISCHEMIC_HEART_DISEASE"",""OTHER_CANCER"",""SKIN_CANCER""]","[[""ARTHRITIS"",""DIABETES""],[""ARTHRITIS"",""OTHER_CANCER""],[""ARTHRITIS"",""SKIN_CANCER""],[""DIABETES"",""ISCHEMIC_HEART_DISEASE""],[""OTHER_CANCER"",""SKIN_CANCER""]]",True,False,"[""motif_bf4ee698a85dda5c"",""motif_f7cc5c20fba39429""]",2,0,0.18085106382978725,0.18085106382978725,0.18085106382978725,47,0.18085106382978725,False
occ_aaffcd7c1d082905,4,motif_396f8c618dc38f26,5,6,"[""ARTHRITIS"",""COPD"",""CURRENT_ASTHMA"",""DIABETES"",""ISCHEMIC_HEART_DISEASE""]","[[""ARTHRITIS"",""COPD""],[""ARTHRITIS"",""DIABETES""],[""ARTHRITIS"",""ISCHEMIC_HEART_DISEASE""],[""COPD"",""CURRENT_ASTHMA""],[""COPD"",""ISCHEMIC_HEART_DISEASE""],[""DIABETES"",""ISCHEMIC_HEART_DISEASE""]]",True,False,"[""motif_396f8c618dc38f26"",""motif_3a44a0047355a92b"",""motif_4b20edf7a84d17a9"",""motif_72376cc605a69c03""]",4,4,0.39361702127659576,0.40425531914893614,0.4148936170212766,47,0.39361702127659576,True
occ_ab8e4f4003bc2981,2,motif_03a86f20681e50ea,5,5,"[""ARTHRITIS"",""DIABETES"",""ISCHEMIC_HEART_DISEASE"",""KIDNEY_DISEASE"",""STROKE""]","[[""ARTHRITIS"",""DIABETES""],[""ARTHRITIS"",""ISCHEMIC_HEART_DISEASE""],[""ARTHRITIS"",""KIDNEY_DISEASE""],[""DIABETES"",""ISCHEMIC_HEART_DISEASE""],[""ISCHEMIC_HEART_DISEASE"",""STROKE""]]",True,False,"[""motif_03a86f20681e50ea"",""motif_af254a1c82e36b5f""]",2,2,0.2553191489361702,0.2606382978723404,0.26595744680851063,47,0.2553191489361702,True
occ_ab9633450fa4f619,1,motif_a1fd530b04ced400,5,5,"[""ARTHRITIS"",""DIABETES"",""ISCHEMIC_HEART_DISEASE"",""KIDNEY_DISEASE"",""STROKE""]","[[""ARTHRITIS"",""ISCHEMIC_HEART_DISEASE""],[""ARTHRITIS"",""KIDNEY_DISEASE""],[""DIABETES"",""ISCHEMIC_HEART_DISEASE""],[""DIABETES"",""KIDNEY_DISEASE""],[""ISCHEMIC_HEART_DISEASE"",""STROKE""]]",True,False,"[""motif_a1fd530b04ced400""]",1,1,0.22340425531914893,0.22340425531914893,0.22340425531914893,47,0.22340425531914893,True
occ_ac72f9495677c4df,2,motif_a11a2373437f53ac,5,4,"[""ARTHRITIS"",""ISCHEMIC_HEART_DISEASE"",""KIDNEY_DISEASE"",""OTHER_CANCER"",""SKIN_CANCER""]","[[""ARTHRITIS"",""ISCHEMIC_HEART_DISEASE""],[""ARTHRITIS"",""OTHER_CANCER""],[""ISCHEMIC_HEART_DISEASE"",""KIDNEY_DISEASE""],[""OTHER_CANCER"",""SKIN_CANCER""]]",True,False,"[""motif_6a6b5b0ababd7fc9"",""motif_a11a2373437f53ac""]",2,2,0.30434782608695654,0.31521739130434784,0.32608695652173914,46,0.30434782608695654,True
occ_ada5aaf5f2007fa4,1,motif_55f635f51d345c44,5,4,"[""ARTHRITIS"",""DIABETES"",""ISCHEMIC_HEART_DISEASE"",""KIDNEY_DISEASE"",""OTHER_CANCER""]","[[""ARTHRITIS"",""ISCHEMIC_HEART_DISEASE""],[""ARTHRITIS"",""OTHER_CANCER""],[""DIABETES"",""ISCHEMIC_HEART_DISEASE""],[""ISCHEMIC_HEART_DISEASE"",""KIDNEY_DISEASE""]]",True,False,"[""motif_55f635f51d345c44""]",1,1,0.2826086956521739,0.2826086956521739,0.2826086956521739,46,0.2826086956521739,True
occ_ae897f0188712968,1,motif_b958f616b5f82bc4,5,4,"[""ARTHRITIS"",""COPD"",""DIABETES"",""ISCHEMIC_HEART_DISEASE"",""OTHER_CANCER""]","[[""ARTHRITIS"",""COPD""],[""ARTHRITIS"",""OTHER_CANCER""],[""COPD"",""ISCHEMIC_HEART_DISEASE""],[""DIABETES"",""ISCHEMIC_HEART_DISEASE""]]",True,False,"[""motif_b958f616b5f82bc4""]",1,1,0.40425531914893614,0.40425531914893614,0.40425531914893614,47,0.40425531914893614,True
occ_aea882a389d8745b,3,motif_4625a9fb33fe9a18,5,4,"[""ARTHRITIS"",""DIABETES"",""ISCHEMIC_HEART_DISEASE"",""KIDNEY_DISEASE"",""OTHER_CANCER""]","[[""ARTHRITIS"",""ISCHEMIC_HEART_DISEASE""],[""ARTHRITIS"",""KIDNEY_DISEASE""],[""ARTHRITIS"",""OTHER_CANCER""],[""DIABETES"",""KIDNEY_DISEASE""]]",True,False,"[""motif_4625a9fb33fe9a18"",""motif_94fda426c64e7b30"",""motif_a352e465397bbb21""]",3,3,0.2127659574468085,0.22340425531914893,0.23404255319148937,47,0.22340425531914893,True
occ_b11f9af4c56e6eda,1,motif_d1701f302cafb7b8,5,4,"[""ARTHRITIS"",""COPD"",""DIABETES"",""KIDNEY_DISEASE"",""OTHER_CANCER""]","[[""ARTHRITIS"",""COPD""],[""ARTHRITIS"",""KIDNEY_DISEASE""],[""ARTHRITIS"",""OTHER_CANCER""],[""DIABETES"",""KIDNEY_DISEASE""]]",True,False,"[""motif_d1701f302cafb7b8""]",1,1,0.22340425531914893,0.22340425531914893,0.22340425531914893,47,0.22340425531914893,True
occ_b15f8cfc90563398,1,motif_4351f61c6294e968,5,4,"[""ARTHRITIS"",""COPD"",""CURRENT_ASTHMA"",""ISCHEMIC_HEART_DISEASE"",""OTHER_CANCER""]","[[""ARTHRITIS"",""COPD""],[""ARTHRITIS"",""ISCHEMIC_HEART_DISEASE""],[""ARTHRITIS"",""OTHER_CANCER""],[""COPD"",""CURRENT_ASTHMA""]]",True,False,"[""motif_4351f61c6294e968""]",1,1,0.5212765957446809,0.5212765957446809,0.5212765957446809,47,0.5212765957446809,True
occ_b17afe00b0baf001,1,motif_5bf76cb491ac43d3,5,4,"[""ARTHRITIS"",""COPD"",""DIABETES"",""ISCHEMIC_HEART_DISEASE"",""KIDNEY_DISEASE""]","[[""ARTHRITIS"",""COPD""],[""ARTHRITIS"",""DIABETES""],[""ARTHRITIS"",""ISCHEMIC_HEART_DISEASE""],[""ARTHRITIS"",""KIDNEY_DISEASE""]]",True,False,"[""motif_5bf76cb491ac43d3""]",1,1,0.3404255319148936,0.3404255319148936,0.3404255319148936,47,0.3404255319148936,True
occ_b239a27949b944bb,1,motif_82337625a556d562,5,4,"[""ARTHRITIS"",""COPD"",""DIABETES"",""ISCHEMIC_HEART_DISEASE"",""KIDNEY_DISEASE""]","[[""ARTHRITIS"",""COPD""],[""ARTHRITIS"",""ISCHEMIC_HEART_DISEASE""],[""ARTHRITIS"",""KIDNEY_DISEASE""],[""DIABETES"",""ISCHEMIC_HEART_DISEASE""]]",True,False,"[""motif_82337625a556d562""]",1,1,0.2553191489361702,0.2553191489361702,0.2553191489361702,47,0.2553191489361702,True
occ_b27c6f74e03b12be,1,motif_4d94dac0da31b256,5,4,"[""COPD"",""CURRENT_ASTHMA"",""DIABETES"",""ISCHEMIC_HEART_DISEASE"",""KIDNEY_DISEASE""]","[[""COPD"",""CURRENT_ASTHMA""],[""COPD"",""ISCHEMIC_HEART_DISEASE""],[""DIABETES"",""KIDNEY_DISEASE""],[""ISCHEMIC_HEART_DISEASE"",""KIDNEY_DISEASE""]]",True,False,"[""motif_4d94dac0da31b256""]",1,0,0.1956521739130435,0.1956521739130435,0.1956521739130435,46,0.1956521739130435,False
occ_b2a170aa33e14016,3,motif_9f155f3c63b0ae66,5,5,"[""ARTHRITIS"",""COPD"",""CURRENT_ASTHMA"",""DIABETES"",""ISCHEMIC_HEART_DISEASE""]","[[""ARTHRITIS"",""COPD""],[""ARTHRITIS"",""DIABETES""],[""ARTHRITIS"",""ISCHEMIC_HEART_DISEASE""],[""COPD"",""CURRENT_ASTHMA""],[""COPD"",""ISCHEMIC_HEART_DISEASE""]]",True,False,"[""motif_1e95a6dab5da9df2"",""motif_77a83db3cef85faa"",""motif_9f155f3c63b0ae66""]",3,3,0.44680851063829785,0.4574468085106383,0.46808510638297873,47,0.44680851063829785,True
occ_b39df56f51dd5bff,1,motif_72859cdf5403f701,5,4,"[""COPD"",""DIABETES"",""ISCHEMIC_HEART_DISEASE"",""KIDNEY_DISEASE"",""STROKE""]","[[""COPD"",""ISCHEMIC_HEART_DISEASE""],[""DIABETES"",""ISCHEMIC_HEART_DISEASE""],[""ISCHEMIC_HEART_DISEASE"",""KIDNEY_DISEASE""],[""ISCHEMIC_HEART_DISEASE"",""STROKE""]]",True,False,"[""motif_72859cdf5403f701""]",1,1,0.2826086956521739,0.2826086956521739,0.2826086956521739,46,0.2826086956521739,True
occ_b3bdc11cdf7cf18b,1,motif_080cca411daac145,5,4,"[""COPD"",""CURRENT_ASTHMA"",""DIABETES"",""ISCHEMIC_HEART_DISEASE"",""KIDNEY_DISEASE""]","[[""COPD"",""CURRENT_ASTHMA""],[""COPD"",""ISCHEMIC_HEART_DISEASE""],[""DIABETES"",""ISCHEMIC_HEART_DISEASE""],[""ISCHEMIC_HEART_DISEASE"",""KIDNEY_DISEASE""]]",True,False,"[""motif_080cca411daac145""]",1,1,0.2608695652173913,0.2608695652173913,0.2608695652173913,46,0.2608695652173913,True
occ_b3db4ff9b5d737eb,1,motif_fe7b90304caa5322,5,4,"[""COPD"",""CURRENT_ASTHMA"",""DEPRESSIVE_DISORDER"",""ISCHEMIC_HEART_DISEASE"",""STROKE""]","[[""COPD"",""CURRENT_ASTHMA""],[""COPD"",""ISCHEMIC_HEART_DISEASE""],[""CURRENT_ASTHMA"",""DEPRESSIVE_DISORDER""],[""ISCHEMIC_HEART_DISEASE"",""STROKE""]]",True,True,"[""motif_fe7b90304caa5322""]",1,1,0.22340425531914893,0.22340425531914893,0.22340425531914893,47,0.22340425531914893,True
occ_b4507ed6fcb4445d,3,motif_6ca5865328442749,5,6,"[""ARTHRITIS"",""COPD"",""DIABETES"",""ISCHEMIC_HEART_DISEASE"",""KIDNEY_DISEASE""]","[[""ARTHRITIS"",""COPD""],[""ARTHRITIS"",""DIABETES""],[""ARTHRITIS"",""ISCHEMIC_HEART_DISEASE""],[""ARTHRITIS"",""KIDNEY_DISEASE""],[""COPD"",""ISCHEMIC_HEART_DISEASE""],[""DIABETES"",""KIDNEY_DISEASE""]]",True,False,"[""motif_6ca5865328442749"",""motif_8d7eadf530f2600e"",""motif_e7faaf909e70ba88""]",3,3,0.2127659574468085,0.22340425531914893,0.22340425531914893,47,0.2127659574468085,True
occ_b4a02d56bfe7cc00,1,motif_fbbeca09a9cbe02e,4,4,"[""ARTHRITIS"",""DIABETES"",""ISCHEMIC_HEART_DISEASE"",""KIDNEY_DISEASE""]","[[""ARTHRITIS"",""ISCHEMIC_HEART_DISEASE""],[""ARTHRITIS"",""KIDNEY_DISEASE""],[""DIABETES"",""ISCHEMIC_HEART_DISEASE""],[""DIABETES"",""KIDNEY_DISEASE""]]",True,False,"[""motif_fbbeca09a9cbe02e""]",1,1,0.22340425531914893,0.22340425531914893,0.22340425531914893,47,0.22340425531914893,True
occ_b4fca7362d0611d6,2,motif_4abc84179978fc41,5,5,"[""ARTHRITIS"",""COPD"",""DIABETES"",""ISCHEMIC_HEART_DISEASE"",""KIDNEY_DISEASE""]","[[""ARTHRITIS"",""COPD""],[""ARTHRITIS"",""KIDNEY_DISEASE""],[""COPD"",""ISCHEMIC_HEART_DISEASE""],[""DIABETES"",""ISCHEMIC_HEART_DISEASE""],[""DIABETES"",""KIDNEY_DISEASE""]]",True,False,"[""motif_4abc84179978fc41"",""motif_d08d2b220c27d371""]",2,2,0.2127659574468085,0.21808510638297873,0.22340425531914893,47,0.2127659574468085,True
occ_b793e0a8fd6feb4c,2,motif_55909787035f2b7d,5,4,"[""ARTHRITIS"",""COPD"",""DIABETES"",""ISCHEMIC_HEART_DISEASE"",""KIDNEY_DISEASE""]","[[""ARTHRITIS"",""COPD""],[""ARTHRITIS"",""DIABETES""],[""ARTHRITIS"",""ISCHEMIC_HEART_DISEASE""],[""DIABETES"",""KIDNEY_DISEASE""]]",True,False,"[""motif_55909787035f2b7d"",""motif_e867f6bd35d65ed5""]",2,2,0.4574468085106383,0.48404255319148937,0.5106382978723404,47,0.4574468085106383,True
occ_b7f8b211e5df9f20,1,motif_144e36faf313d657,4,3,"[""ARTHRITIS"",""COPD"",""CURRENT_ASTHMA"",""DIABETES""]","[[""ARTHRITIS"",""COPD""],[""ARTHRITIS"",""DIABETES""],[""COPD"",""CURRENT_ASTHMA""]]",True,False,"[""motif_144e36faf313d657""]",1,1,0.6382978723404256,0.6382978723404256,0.6382978723404256,47,0.6382978723404256,True
occ_ba78afe263470a86,2,motif_9ce65289eb9b60cb,5,5,"[""ARTHRITIS"",""COPD"",""DIABETES"",""ISCHEMIC_HEART_DISEASE"",""OTHER_CANCER""]","[[""ARTHRITIS"",""COPD""],[""ARTHRITIS"",""DIABETES""],[""ARTHRITIS"",""ISCHEMIC_HEART_DISEASE""],[""ARTHRITIS"",""OTHER_CANCER""],[""COPD"",""ISCHEMIC_HEART_DISEASE""]]",True,False,"[""motif_60b43b9090a793bc"",""motif_9ce65289eb9b60cb""]",2,2,0.4148936170212766,0.425531914893617,0.43617021276595747,47,0.4148936170212766,True
occ_bb269fe173797438,1,motif_2c556de84cb4e746,4,3,"[""ARTHRITIS"",""COPD"",""DIABETES"",""ISCHEMIC_HEART_DISEASE""]","[[""ARTHRITIS"",""COPD""],[""ARTHRITIS"",""DIABETES""],[""DIABETES"",""ISCHEMIC_HEART_DISEASE""]]",True,False,"[""motif_2c556de84cb4e746""]",1,1,0.5638297872340425,0.5638297872340425,0.5638297872340425,47,0.5638297872340425,True
occ_bd31c616d0de6ea8,1,motif_d0038ba3c8704588,5,4,"[""ARTHRITIS"",""DIABETES"",""ISCHEMIC_HEART_DISEASE"",""KIDNEY_DISEASE"",""STROKE""]","[[""ARTHRITIS"",""ISCHEMIC_HEART_DISEASE""],[""DIABETES"",""ISCHEMIC_HEART_DISEASE""],[""DIABETES"",""KIDNEY_DISEASE""],[""ISCHEMIC_HEART_DISEASE"",""STROKE""]]",True,False,"[""motif_d0038ba3c8704588""]",1,1,0.4148936170212766,0.4148936170212766,0.4148936170212766,47,0.4148936170212766,True
occ_bdc0877cc35b46c1,2,motif_b38850de34c883b8,5,5,"[""ARTHRITIS"",""DIABETES"",""ISCHEMIC_HEART_DISEASE"",""KIDNEY_DISEASE"",""OTHER_CANCER""]","[[""ARTHRITIS"",""ISCHEMIC_HEART_DISEASE""],[""ARTHRITIS"",""KIDNEY_DISEASE""],[""ARTHRITIS"",""OTHER_CANCER""],[""DIABETES"",""ISCHEMIC_HEART_DISEASE""],[""DIABETES"",""KIDNEY_DISEASE""]]",True,False,"[""motif_26507b4dbd33a9b0"",""motif_b38850de34c883b8""]",2,1,0.19148936170212766,0.19680851063829785,0.20212765957446807,47,0.19148936170212766,False
occ_bead61d7f9019163,2,motif_fa7f3982b5280d95,5,5,"[""ARTHRITIS"",""COPD"",""ISCHEMIC_HEART_DISEASE"",""KIDNEY_DISEASE"",""OTHER_CANCER""]","[[""ARTHRITIS"",""COPD""],[""ARTHRITIS"",""ISCHEMIC_HEART_DISEASE""],[""ARTHRITIS"",""OTHER_CANCER""],[""COPD"",""ISCHEMIC_HEART_DISEASE""],[""ISCHEMIC_HEART_DISEASE"",""KIDNEY_DISEASE""]]",True,False,"[""motif_1c19ace04bcdb92f"",""motif_fa7f3982b5280d95""]",2,2,0.2826086956521739,0.2826086956521739,0.2826086956521739,46,0.2826086956521739,True
occ_c0ec8c8b39dc0930,1,motif_30a6e62e9c0d1251,5,4,"[""ARTHRITIS"",""COPD"",""DIABETES"",""ISCHEMIC_HEART_DISEASE"",""KIDNEY_DISEASE""]","[[""ARTHRITIS"",""COPD""],[""ARTHRITIS"",""ISCHEMIC_HEART_DISEASE""],[""ARTHRITIS"",""KIDNEY_DISEASE""],[""DIABETES"",""KIDNEY_DISEASE""]]",True,False,"[""motif_30a6e62e9c0d1251""]",1,1,0.24468085106382978,0.24468085106382978,0.24468085106382978,47,0.24468085106382978,True
occ_c0fbbcd25f4cbfd0,3,motif_82cb78c31a4d45f4,5,5,"[""ARTHRITIS"",""DIABETES"",""KIDNEY_DISEASE"",""OTHER_CANCER"",""SKIN_CANCER""]","[[""ARTHRITIS"",""DIABETES""],[""ARTHRITIS"",""KIDNEY_DISEASE""],[""ARTHRITIS"",""OTHER_CANCER""],[""DIABETES"",""KIDNEY_DISEASE""],[""OTHER_CANCER"",""SKIN_CANCER""]]",True,False,"[""motif_82cb78c31a4d45f4"",""motif_c38a1f8d4d13cd58"",""motif_e0be9084453e8269""]",3,3,0.2127659574468085,0.22340425531914893,0.23404255319148937,47,0.2127659574468085,True
occ_c17cd9402f1eab65,2,motif_0bae3f446a0ef73b,5,5,"[""ARTHRITIS"",""DIABETES"",""ISCHEMIC_HEART_DISEASE"",""KIDNEY_DISEASE"",""OTHER_CANCER""]","[[""ARTHRITIS"",""DIABETES""],[""ARTHRITIS"",""ISCHEMIC_HEART_DISEASE""],[""ARTHRITIS"",""KIDNEY_DISEASE""],[""ARTHRITIS"",""OTHER_CANCER""],[""DIABETES"",""ISCHEMIC_HEART_DISEASE""]]",True,False,"[""motif_0bae3f446a0ef73b"",""motif_7f263166867f6719""]",2,2,0.23404255319148937,0.23936170212765956,0.24468085106382978,47,0.23404255319148937,True
occ_c20d2016da609511,1,motif_c8187ca9fadf7006,5,4,"[""ARTHRITIS"",""DIABETES"",""ISCHEMIC_HEART_DISEASE"",""SKIN_CANCER"",""STROKE""]","[[""ARTHRITIS"",""DIABETES""],[""ARTHRITIS"",""ISCHEMIC_HEART_DISEASE""],[""ARTHRITIS"",""SKIN_CANCER""],[""ISCHEMIC_HEART_DISEASE"",""STROKE""]]",True,False,"[""motif_c8187ca9fadf7006""]",1,1,0.22340425531914893,0.22340425531914893,0.22340425531914893,47,0.22340425531914893,True
occ_c292257c8ba54ecd,3,motif_64f1a25c5b185955,5,5,"[""ARTHRITIS"",""COPD"",""DIABETES"",""ISCHEMIC_HEART_DISEASE"",""SKIN_CANCER""]","[[""ARTHRITIS"",""COPD""],[""ARTHRITIS"",""DIABETES""],[""ARTHRITIS"",""ISCHEMIC_HEART_DISEASE""],[""ARTHRITIS"",""SKIN_CANCER""],[""DIABETES"",""ISCHEMIC_HEART_DISEASE""]]",True,False,"[""motif_64f1a25c5b185955"",""motif_acb44744b5c13899"",""motif_aebb239dc237d823""]",3,2,0.18085106382978725,0.20212765957446807,0.20212765957446807,47,0.18085106382978725,False
occ_c2f5281206aab4bb,1,motif_a244b5d5e3725e95,5,5,"[""ARTHRITIS"",""DIABETES"",""ISCHEMIC_HEART_DISEASE"",""KIDNEY_DISEASE"",""STROKE""]","[[""ARTHRITIS"",""ISCHEMIC_HEART_DISEASE""],[""DIABETES"",""ISCHEMIC_HEART_DISEASE""],[""DIABETES"",""KIDNEY_DISEASE""],[""ISCHEMIC_HEART_DISEASE"",""KIDNEY_DISEASE""],[""ISCHEMIC_HEART_DISEASE"",""STROKE""]]",True,False,"[""motif_a244b5d5e3725e95""]",1,1,0.25,0.25,0.25,46,0.25,True
occ_c5436fcfa0e5a2f8,1,motif_5665f6ba7fc7cdc0,4,3,"[""ARTHRITIS"",""COPD"",""ISCHEMIC_HEART_DISEASE"",""OTHER_CANCER""]","[[""ARTHRITIS"",""COPD""],[""ARTHRITIS"",""OTHER_CANCER""],[""COPD"",""ISCHEMIC_HEART_DISEASE""]]",True,False,"[""motif_5665f6ba7fc7cdc0""]",1,1,0.44680851063829785,0.44680851063829785,0.44680851063829785,47,0.44680851063829785,True
occ_c70db5d5a3e2a20d,4,motif_4278b35cbcfd2b6b,5,5,"[""ARTHRITIS"",""COPD"",""CURRENT_ASTHMA"",""DEPRESSIVE_DISORDER"",""ISCHEMIC_HEART_DISEASE""]","[[""ARTHRITIS"",""COPD""],[""ARTHRITIS"",""ISCHEMIC_HEART_DISEASE""],[""COPD"",""CURRENT_ASTHMA""],[""COPD"",""ISCHEMIC_HEART_DISEASE""],[""CURRENT_ASTHMA"",""DEPRESSIVE_DISORDER""]]",True,False,"[""motif_1ccba954f9a8e8c0"",""motif_4278b35cbcfd2b6b"",""motif_865a7e1db6e3d015"",""motif_dc67d5aaeb0b97c0""]",4,4,0.2127659574468085,0.22340425531914893,0.23404255319148937,47,0.2127659574468085,True
occ_c7e467200db06d94,1,motif_7343187d61f58156,3,2,"[""ARTHRITIS"",""COPD"",""ISCHEMIC_HEART_DISEASE""]","[[""ARTHRITIS"",""COPD""],[""ARTHRITIS"",""ISCHEMIC_HEART_DISEASE""]]",True,False,"[""motif_7343187d61f58156""]",1,1,0.7659574468085106,0.7659574468085106,0.7659574468085106,47,0.7659574468085106,True
occ_c992a96862a53208,1,motif_cf36d5d36d17f0d4,4,3,"[""ARTHRITIS"",""DIABETES"",""ISCHEMIC_HEART_DISEASE"",""KIDNEY_DISEASE""]","[[""ARTHRITIS"",""KIDNEY_DISEASE""],[""DIABETES"",""ISCHEMIC_HEART_DISEASE""],[""ISCHEMIC_HEART_DISEASE"",""KIDNEY_DISEASE""]]",True,False,"[""motif_cf36d5d36d17f0d4""]",1,0,0.17391304347826086,0.17391304347826086,0.17391304347826086,46,0.17391304347826086,False
occ_ca4e8093cda94a82,2,motif_755161c6993a890a,5,5,"[""ARTHRITIS"",""COPD"",""CURRENT_ASTHMA"",""OTHER_CANCER"",""SKIN_CANCER""]","[[""ARTHRITIS"",""COPD""],[""ARTHRITIS"",""OTHER_CANCER""],[""ARTHRITIS"",""SKIN_CANCER""],[""COPD"",""CURRENT_ASTHMA""],[""OTHER_CANCER"",""SKIN_CANCER""]]",True,True,"[""motif_755161c6993a890a"",""motif_cce66e271e34786b""]",2,2,0.23404255319148937,0.23404255319148937,0.23404255319148937,47,0.23404255319148937,True
occ_ca977689db88f532,1,motif_5611ddee26c3f8a2,4,3,"[""ARTHRITIS"",""COPD"",""DIABETES"",""ISCHEMIC_HEART_DISEASE""]","[[""ARTHRITIS"",""COPD""],[""ARTHRITIS"",""ISCHEMIC_HEART_DISEASE""],[""DIABETES"",""ISCHEMIC_HEART_DISEASE""]]",True,False,"[""motif_5611ddee26c3f8a2""]",1,1,0.5531914893617021,0.5531914893617021,0.5531914893617021,47,0.5531914893617021,True
occ_cabf8d309cd0bb61,1,motif_292d9b9a4fb005aa,5,4,"[""ARTHRITIS"",""COPD"",""DIABETES"",""ISCHEMIC_HEART_DISEASE"",""STROKE""]","[[""ARTHRITIS"",""COPD""],[""ARTHRITIS"",""ISCHEMIC_HEART_DISEASE""],[""DIABETES"",""ISCHEMIC_HEART_DISEASE""],[""ISCHEMIC_HEART_DISEASE"",""STROKE""]]",True,False,"[""motif_292d9b9a4fb005aa""]",1,1,0.5106382978723404,0.5106382978723404,0.5106382978723404,47,0.5106382978723404,True
occ_cbadd9bbc81e2a8d,1,motif_67b3ff2f437cc158,3,2,"[""ARTHRITIS"",""COPD"",""KIDNEY_DISEASE""]","[[""ARTHRITIS"",""COPD""],[""ARTHRITIS"",""KIDNEY_DISEASE""]]",True,False,"[""motif_67b3ff2f437cc158""]",1,1,0.3617021276595745,0.3617021276595745,0.3617021276595745,47,0.3617021276595745,True
occ_cc187073a57dd3db,1,motif_52dd6e9ed5d3313a,3,3,"[""ARTHRITIS"",""DIABETES"",""ISCHEMIC_HEART_DISEASE""]","[[""ARTHRITIS"",""DIABETES""],[""ARTHRITIS"",""ISCHEMIC_HEART_DISEASE""],[""DIABETES"",""ISCHEMIC_HEART_DISEASE""]]",True,False,"[""motif_52dd6e9ed5d3313a""]",1,1,0.5319148936170213,0.5319148936170213,0.5319148936170213,47,0.5319148936170213,True
occ_cc2b90e4d7bd5005,1,motif_61367486903318cd,3,2,"[""DIABETES"",""ISCHEMIC_HEART_DISEASE"",""KIDNEY_DISEASE""]","[[""DIABETES"",""ISCHEMIC_HEART_DISEASE""],[""ISCHEMIC_HEART_DISEASE"",""KIDNEY_DISEASE""]]",True,False,"[""motif_61367486903318cd""]",1,1,0.358695652173913,0.358695652173913,0.358695652173913,46,0.358695652173913,True
occ_ce00d3286e78d239,2,motif_2f11035ec8a07441,4,3,"[""ARTHRITIS"",""ISCHEMIC_HEART_DISEASE"",""OTHER_CANCER"",""SKIN_CANCER""]","[[""ARTHRITIS"",""ISCHEMIC_HEART_DISEASE""],[""ARTHRITIS"",""OTHER_CANCER""],[""OTHER_CANCER"",""SKIN_CANCER""]]",True,False,"[""motif_2f11035ec8a07441"",""motif_4b3b17f7e5440be0""]",2,2,0.5957446808510638,0.6063829787234043,0.6170212765957447,47,0.5957446808510638,True
occ_ce33b009a1e73af5,1,motif_daeb8129eeb1418a,5,4,"[""ARTHRITIS"",""COPD"",""DIABETES"",""ISCHEMIC_HEART_DISEASE"",""STROKE""]","[[""ARTHRITIS"",""COPD""],[""ARTHRITIS"",""DIABETES""],[""DIABETES"",""ISCHEMIC_HEART_DISEASE""],[""ISCHEMIC_HEART_DISEASE"",""STROKE""]]",True,False,"[""motif_daeb8129eeb1418a""]",1,1,0.5106382978723404,0.5106382978723404,0.5106382978723404,47,0.5106382978723404,True
occ_d16f1f845bb68df3,1,motif_6b99f87c7a88300a,5,4,"[""ARTHRITIS"",""DIABETES"",""ISCHEMIC_HEART_DISEASE"",""SKIN_CANCER"",""STROKE""]","[[""ARTHRITIS"",""DIABETES""],[""ARTHRITIS"",""SKIN_CANCER""],[""DIABETES"",""ISCHEMIC_HEART_DISEASE""],[""ISCHEMIC_HEART_DISEASE"",""STROKE""]]",True,False,"[""motif_6b99f87c7a88300a""]",1,0,0.18085106382978725,0.18085106382978725,0.18085106382978725,47,0.18085106382978725,False
occ_d1e02ba6f89988f4,2,motif_508757ac2e89a6f3,5,4,"[""ARTHRITIS"",""DIABETES"",""ISCHEMIC_HEART_DISEASE"",""OTHER_CANCER"",""SKIN_CANCER""]","[[""ARTHRITIS"",""ISCHEMIC_HEART_DISEASE""],[""ARTHRITIS"",""OTHER_CANCER""],[""DIABETES"",""ISCHEMIC_HEART_DISEASE""],[""OTHER_CANCER"",""SKIN_CANCER""]]",True,False,"[""motif_508757ac2e89a6f3"",""motif_bac9340a022e2595""]",2,2,0.46808510638297873,0.4787234042553191,0.48936170212765956,47,0.46808510638297873,True
occ_d2f6817e53ff6e57,2,motif_e93a5794cad1d099,5,4,"[""ARTHRITIS"",""COPD"",""CURRENT_ASTHMA"",""ISCHEMIC_HEART_DISEASE"",""KIDNEY_DISEASE""]","[[""ARTHRITIS"",""COPD""],[""ARTHRITIS"",""KIDNEY_DISEASE""],[""COPD"",""CURRENT_ASTHMA""],[""ISCHEMIC_HEART_DISEASE"",""KIDNEY_DISEASE""]]",True,False,"[""motif_aa88697c4878a8d2"",""motif_e93a5794cad1d099""]",2,1,0.18478260869565216,0.19565217391304346,0.20652173913043478,46,0.18478260869565216,False
occ_d33d1e7236d802e8,1,motif_280c39cdcfcace26,5,4,"[""ARTHRITIS"",""COPD"",""CURRENT_ASTHMA"",""ISCHEMIC_HEART_DISEASE"",""KIDNEY_DISEASE""]","[[""ARTHRITIS"",""COPD""],[""ARTHRITIS"",""ISCHEMIC_HEART_DISEASE""],[""COPD"",""CURRENT_ASTHMA""],[""ISCHEMIC_HEART_DISEASE"",""KIDNEY_DISEASE""]]",True,False,"[""motif_280c39cdcfcace26""]",1,1,0.34782608695652173,0.34782608695652173,0.34782608695652173,46,0.34782608695652173,True
occ_d39f504a1c0ee20f,1,motif_58108fef281175a5,5,4,"[""ARTHRITIS"",""DIABETES"",""ISCHEMIC_HEART_DISEASE"",""KIDNEY_DISEASE"",""STROKE""]","[[""ARTHRITIS"",""ISCHEMIC_HEART_DISEASE""],[""ARTHRITIS"",""KIDNEY_DISEASE""],[""DIABETES"",""ISCHEMIC_HEART_DISEASE""],[""ISCHEMIC_HEART_DISEASE"",""STROKE""]]",True,False,"[""motif_58108fef281175a5""]",1,1,0.2553191489361702,0.2553191489361702,0.2553191489361702,47,0.2553191489361702,True
occ_d3f1f4f63dd2f8f4,2,motif_add33857e4b485af,5,6,"[""ARTHRITIS"",""COPD"",""DIABETES"",""ISCHEMIC_HEART_DISEASE"",""OTHER_CANCER""]","[[""ARTHRITIS"",""COPD""],[""ARTHRITIS"",""DIABETES""],[""ARTHRITIS"",""ISCHEMIC_HEART_DISEASE""],[""ARTHRITIS"",""OTHER_CANCER""],[""COPD"",""ISCHEMIC_HEART_DISEASE""],[""DIABETES"",""ISCHEMIC_HEART_DISEASE""]]",True,True,"[""motif_99f25f43459111ca"",""motif_add33857e4b485af""]",2,2,0.3723404255319149,0.37765957446808507,0.3829787234042553,47,0.3723404255319149,True
occ_d43fde697ad838ba,1,motif_e744486a4774c589,3,2,"[""ARTHRITIS"",""DIABETES"",""KIDNEY_DISEASE""]","[[""ARTHRITIS"",""KIDNEY_DISEASE""],[""DIABETES"",""KIDNEY_DISEASE""]]",True,False,"[""motif_e744486a4774c589""]",1,1,0.2872340425531915,0.2872340425531915,0.2872340425531915,47,0.2872340425531915,True
occ_d4e7da5f9a3cd0c9,4,motif_0993068cca98bb75,5,6,"[""ARTHRITIS"",""COPD"",""DIABETES"",""ISCHEMIC_HEART_DISEASE"",""KIDNEY_DISEASE""]","[[""ARTHRITIS"",""COPD""],[""ARTHRITIS"",""DIABETES""],[""ARTHRITIS"",""ISCHEMIC_HEART_DISEASE""],[""COPD"",""ISCHEMIC_HEART_DISEASE""],[""DIABETES"",""ISCHEMIC_HEART_DISEASE""],[""DIABETES"",""KIDNEY_DISEASE""]]",True,False,"[""motif_0993068cca98bb75"",""motif_bc3158d22549bb20"",""motif_bc9fa3f671bd8fbc"",""motif_f3686eff0a11ab0b""]",4,4,0.2978723404255319,0.30851063829787234,0.3191489361702128,47,0.2978723404255319,True
occ_d4f00a971fbc8d2f,2,motif_795694a86aef5c38,3,3,"[""ARTHRITIS"",""COPD"",""ISCHEMIC_HEART_DISEASE""]","[[""ARTHRITIS"",""COPD""],[""ARTHRITIS"",""ISCHEMIC_HEART_DISEASE""],[""COPD"",""ISCHEMIC_HEART_DISEASE""]]",True,False,"[""motif_329c5520ea9f137f"",""motif_795694a86aef5c38""]",2,2,0.5425531914893617,0.553191489361702,0.5638297872340425,47,0.5425531914893617,True
occ_d68da586547013cf,1,motif_e5b4b238cd487bc9,5,4,"[""ARTHRITIS"",""COPD"",""DIABETES"",""ISCHEMIC_HEART_DISEASE"",""KIDNEY_DISEASE""]","[[""ARTHRITIS"",""COPD""],[""ARTHRITIS"",""ISCHEMIC_HEART_DISEASE""],[""DIABETES"",""ISCHEMIC_HEART_DISEASE""],[""DIABETES"",""KIDNEY_DISEASE""]]",True,False,"[""motif_e5b4b238cd487bc9""]",1,1,0.4148936170212766,0.4148936170212766,0.4148936170212766,47,0.4148936170212766,True
occ_d69be39e5564c153,1,motif_5bfc4a225f2f79e3,5,5,"[""ARTHRITIS"",""DIABETES"",""ISCHEMIC_HEART_DISEASE"",""OTHER_CANCER"",""STROKE""]","[[""ARTHRITIS"",""DIABETES""],[""ARTHRITIS"",""ISCHEMIC_HEART_DISEASE""],[""ARTHRITIS"",""OTHER_CANCER""],[""DIABETES"",""ISCHEMIC_HEART_DISEASE""],[""ISCHEMIC_HEART_DISEASE"",""STROKE""]]",True,True,"[""motif_5bfc4a225f2f79e3""]",1,1,0.40425531914893614,0.40425531914893614,0.40425531914893614,47,0.40425531914893614,True
occ_d81013a9c7c126d7,2,motif_f548207977f75af1,5,5,"[""ARTHRITIS"",""DIABETES"",""ISCHEMIC_HEART_DISEASE"",""KIDNEY_DISEASE"",""STROKE""]","[[""ARTHRITIS"",""DIABETES""],[""ARTHRITIS"",""ISCHEMIC_HEART_DISEASE""],[""DIABETES"",""ISCHEMIC_HEART_DISEASE""],[""ISCHEMIC_HEART_DISEASE"",""KIDNEY_DISEASE""],[""ISCHEMIC_HEART_DISEASE"",""STROKE""]]",True,False,"[""motif_b920e1f8dcf87b42"",""motif_f548207977f75af1""]",2,2,0.2826086956521739,0.28804347826086957,0.29347826086956524,46,0.2826086956521739,True
occ_d82f80cee1449c57,1,motif_c88f48387ef2b4fe,5,5,"[""ARTHRITIS"",""COPD"",""DIABETES"",""KIDNEY_DISEASE"",""OTHER_CANCER""]","[[""ARTHRITIS"",""COPD""],[""ARTHRITIS"",""DIABETES""],[""ARTHRITIS"",""KIDNEY_DISEASE""],[""ARTHRITIS"",""OTHER_CANCER""],[""DIABETES"",""KIDNEY_DISEASE""]]",True,True,"[""motif_c88f48387ef2b4fe""]",1,1,0.22340425531914893,0.22340425531914893,0.22340425531914893,47,0.22340425531914893,True
occ_d8d76801037f55b5,1,motif_57abb9a1ba9ef16c,5,4,"[""COPD"",""CURRENT_ASTHMA"",""DIABETES"",""ISCHEMIC_HEART_DISEASE"",""STROKE""]","[[""COPD"",""CURRENT_ASTHMA""],[""COPD"",""ISCHEMIC_HEART_DISEASE""],[""DIABETES"",""ISCHEMIC_HEART_DISEASE""],[""ISCHEMIC_HEART_DISEASE"",""STROKE""]]",True,True,"[""motif_57abb9a1ba9ef16c""]",1,1,0.4148936170212766,0.4148936170212766,0.4148936170212766,47,0.4148936170212766,True
occ_d9eaa8cd7bb1e48f,2,motif_0f0ac668f0dc386c,5,5,"[""ARTHRITIS"",""DIABETES"",""ISCHEMIC_HEART_DISEASE"",""KIDNEY_DISEASE"",""STROKE""]","[[""ARTHRITIS"",""DIABETES""],[""ARTHRITIS"",""ISCHEMIC_HEART_DISEASE""],[""DIABETES"",""KIDNEY_DISEASE""],[""ISCHEMIC_HEART_DISEASE"",""KIDNEY_DISEASE""],[""ISCHEMIC_HEART_DISEASE"",""STROKE""]]",True,False,"[""motif_0f0ac668f0dc386c"",""motif_a60b470ee33da55c""]",2,2,0.2391304347826087,0.24456521739130435,0.25,46,0.2391304347826087,True
occ_da29d11952455f3e,1,motif_34712bfa3ca77994,3,2,"[""ARTHRITIS"",""ISCHEMIC_HEART_DISEASE"",""KIDNEY_DISEASE""]","[[""ARTHRITIS"",""ISCHEMIC_HEART_DISEASE""],[""ISCHEMIC_HEART_DISEASE"",""KIDNEY_DISEASE""]]",True,False,"[""motif_34712bfa3ca77994""]",1,1,0.40217391304347827,0.40217391304347827,0.40217391304347827,46,0.40217391304347827,True
occ_db3a88774a7f83e3,1,motif_eedbe58232b2165f,4,3,"[""ARTHRITIS"",""DIABETES"",""ISCHEMIC_HEART_DISEASE"",""STROKE""]","[[""ARTHRITIS"",""DIABETES""],[""DIABETES"",""ISCHEMIC_HEART_DISEASE""],[""ISCHEMIC_HEART_DISEASE"",""STROKE""]]",True,False,"[""motif_eedbe58232b2165f""]",1,1,0.5425531914893617,0.5425531914893617,0.5425531914893617,47,0.5425531914893617,True
occ_db6165cd16f35e79,1,motif_726f3861dd21cc38,3,2,"[""ARTHRITIS"",""COPD"",""ISCHEMIC_HEART_DISEASE""]","[[""ARTHRITIS"",""COPD""],[""COPD"",""ISCHEMIC_HEART_DISEASE""]]",True,False,"[""motif_726f3861dd21cc38""]",1,1,0.5531914893617021,0.5531914893617021,0.5531914893617021,47,0.5531914893617021,True
occ_dc15235a244f2a80,1,motif_94bb9d085649fe12,3,2,"[""COPD"",""CURRENT_ASTHMA"",""DEPRESSIVE_DISORDER""]","[[""COPD"",""CURRENT_ASTHMA""],[""CURRENT_ASTHMA"",""DEPRESSIVE_DISORDER""]]",True,False,"[""motif_94bb9d085649fe12""]",1,1,0.35106382978723405,0.35106382978723405,0.35106382978723405,47,0.35106382978723405,True
occ_dc3323bd037252ad,1,motif_589b182e5642be3c,4,3,"[""ARTHRITIS"",""DIABETES"",""ISCHEMIC_HEART_DISEASE"",""KIDNEY_DISEASE""]","[[""ARTHRITIS"",""ISCHEMIC_HEART_DISEASE""],[""ARTHRITIS"",""KIDNEY_DISEASE""],[""DIABETES"",""ISCHEMIC_HEART_DISEASE""]]",True,False,"[""motif_589b182e5642be3c""]",1,1,0.26595744680851063,0.26595744680851063,0.26595744680851063,47,0.26595744680851063,True
occ_dc448e21b9c27fce,1,motif_2365c8970a548362,5,5,"[""ARTHRITIS"",""COPD"",""DIABETES"",""ISCHEMIC_HEART_DISEASE"",""KIDNEY_DISEASE""]","[[""ARTHRITIS"",""COPD""],[""ARTHRITIS"",""ISCHEMIC_HEART_DISEASE""],[""DIABETES"",""ISCHEMIC_HEART_DISEASE""],[""DIABETES"",""KIDNEY_DISEASE""],[""ISCHEMIC_HEART_DISEASE"",""KIDNEY_DISEASE""]]",True,False,"[""motif_2365c8970a548362""]",1,1,0.25,0.25,0.25,46,0.25,True
occ_dcb32855d6e97c0d,1,motif_96ca5d9e76d59355,5,4,"[""ARTHRITIS"",""DIABETES"",""ISCHEMIC_HEART_DISEASE"",""KIDNEY_DISEASE"",""STROKE""]","[[""ARTHRITIS"",""KIDNEY_DISEASE""],[""DIABETES"",""ISCHEMIC_HEART_DISEASE""],[""ISCHEMIC_HEART_DISEASE"",""KIDNEY_DISEASE""],[""ISCHEMIC_HEART_DISEASE"",""STROKE""]]",True,False,"[""motif_96ca5d9e76d59355""]",1,0,0.17391304347826086,0.17391304347826086,0.17391304347826086,46,0.17391304347826086,False
occ_dd98ba2257ade1c8,1,motif_8d85dc8910d4a0d4,4,3,"[""DIABETES"",""ISCHEMIC_HEART_DISEASE"",""KIDNEY_DISEASE"",""STROKE""]","[[""DIABETES"",""ISCHEMIC_HEART_DISEASE""],[""ISCHEMIC_HEART_DISEASE"",""KIDNEY_DISEASE""],[""ISCHEMIC_HEART_DISEASE"",""STROKE""]]",True,False,"[""motif_8d85dc8910d4a0d4""]",1,1,0.33695652173913043,0.33695652173913043,0.33695652173913043,46,0.33695652173913043,True
occ_e15148f1ff4f01e4,1,motif_29d0f405b61cb8e4,5,4,"[""ARTHRITIS"",""DIABETES"",""ISCHEMIC_HEART_DISEASE"",""KIDNEY_DISEASE"",""STROKE""]","[[""ARTHRITIS"",""DIABETES""],[""ARTHRITIS"",""ISCHEMIC_HEART_DISEASE""],[""DIABETES"",""KIDNEY_DISEASE""],[""ISCHEMIC_HEART_DISEASE"",""STROKE""]]",True,False,"[""motif_29d0f405b61cb8e4""]",1,1,0.4574468085106383,0.4574468085106383,0.4574468085106383,47,0.4574468085106383,True
occ_e3bb04df32af96d4,1,motif_eeb4d747c66beaa4,3,2,"[""DIABETES"",""ISCHEMIC_HEART_DISEASE"",""KIDNEY_DISEASE""]","[[""DIABETES"",""ISCHEMIC_HEART_DISEASE""],[""DIABETES"",""KIDNEY_DISEASE""]]",True,False,"[""motif_eeb4d747c66beaa4""]",1,1,0.5,0.5,0.5,47,0.5,True
occ_e51c19cd42b9fe28,1,motif_bfbc51aaa402bef0,4,3,"[""ARTHRITIS"",""COPD"",""CURRENT_ASTHMA"",""ISCHEMIC_HEART_DISEASE""]","[[""ARTHRITIS"",""COPD""],[""ARTHRITIS"",""ISCHEMIC_HEART_DISEASE""],[""COPD"",""CURRENT_ASTHMA""]]",True,False,"[""motif_bfbc51aaa402bef0""]",1,1,0.6702127659574468,0.6702127659574468,0.6702127659574468,47,0.6702127659574468,True
occ_e5bf67746b074470,1,motif_c297aea309bced17,5,4,"[""ARTHRITIS"",""COPD"",""CURRENT_ASTHMA"",""DEPRESSIVE_DISORDER"",""ISCHEMIC_HEART_DISEASE""]","[[""ARTHRITIS"",""COPD""],[""ARTHRITIS"",""ISCHEMIC_HEART_DISEASE""],[""COPD"",""CURRENT_ASTHMA""],[""CURRENT_ASTHMA"",""DEPRESSIVE_DISORDER""]]",True,False,"[""motif_c297aea309bced17""]",1,1,0.2553191489361702,0.2553191489361702,0.2553191489361702,47,0.2553191489361702,True
occ_e617427ab7a7a325,1,motif_1890479618ebbd5a,5,4,"[""ARTHRITIS"",""COPD"",""DIABETES"",""ISCHEMIC_HEART_DISEASE"",""KIDNEY_DISEASE""]","[[""ARTHRITIS"",""COPD""],[""ARTHRITIS"",""DIABETES""],[""ARTHRITIS"",""ISCHEMIC_HEART_DISEASE""],[""ISCHEMIC_HEART_DISEASE"",""KIDNEY_DISEASE""]]",True,False,"[""motif_1890479618ebbd5a""]",1,1,0.358695652173913,0.358695652173913,0.358695652173913,46,0.358695652173913,True
occ_e68006430d3a79a4,2,motif_eba470805227f98f,5,4,"[""ARTHRITIS"",""DIABETES"",""ISCHEMIC_HEART_DISEASE"",""OTHER_CANCER"",""SKIN_CANCER""]","[[""ARTHRITIS"",""DIABETES""],[""ARTHRITIS"",""OTHER_CANCER""],[""DIABETES"",""ISCHEMIC_HEART_DISEASE""],[""OTHER_CANCER"",""SKIN_CANCER""]]",True,False,"[""motif_1bd7b111855e755d"",""motif_eba470805227f98f""]",2,2,0.46808510638297873,0.4787234042553191,0.48936170212765956,47,0.46808510638297873,True
occ_e6f4ddddec4acc33,1,motif_e2e373750f40345c,4,3,"[""ARTHRITIS"",""COPD"",""DIABETES"",""ISCHEMIC_HEART_DISEASE""]","[[""ARTHRITIS"",""COPD""],[""ARTHRITIS"",""DIABETES""],[""COPD"",""ISCHEMIC_HEART_DISEASE""]]",True,False,"[""motif_e2e373750f40345c""]",1,1,0.5106382978723404,0.5106382978723404,0.5106382978723404,47,0.5106382978723404,True
occ_e79ed1ee1191de2f,1,motif_b37ecaf5b25bba35,5,4,"[""ARTHRITIS"",""COPD"",""CURRENT_ASTHMA"",""ISCHEMIC_HEART_DISEASE"",""SKIN_CANCER""]","[[""ARTHRITIS"",""COPD""],[""ARTHRITIS"",""ISCHEMIC_HEART_DISEASE""],[""ARTHRITIS"",""SKIN_CANCER""],[""COPD"",""CURRENT_ASTHMA""]]",True,False,"[""motif_b37ecaf5b25bba35""]",1,1,0.24468085106382978,0.24468085106382978,0.24468085106382978,47,0.24468085106382978,True
occ_e82ca3cf3f71b65c,2,motif_a1bf96e5bcfd11c0,5,5,"[""ARTHRITIS"",""COPD"",""ISCHEMIC_HEART_DISEASE"",""OTHER_CANCER"",""STROKE""]","[[""ARTHRITIS"",""COPD""],[""ARTHRITIS"",""ISCHEMIC_HEART_DISEASE""],[""ARTHRITIS"",""OTHER_CANCER""],[""COPD"",""ISCHEMIC_HEART_DISEASE""],[""ISCHEMIC_HEART_DISEASE"",""STROKE""]]",True,True,"[""motif_1ad6eca41bc12d2a"",""motif_a1bf96e5bcfd11c0""]",2,2,0.4148936170212766,0.425531914893617,0.43617021276595747,47,0.4148936170212766,True
occ_e8b0a74d23f59c5d,1,motif_06f133d1c67fa8e4,4,3,"[""ARTHRITIS"",""COPD"",""ISCHEMIC_HEART_DISEASE"",""STROKE""]","[[""ARTHRITIS"",""COPD""],[""ARTHRITIS"",""ISCHEMIC_HEART_DISEASE""],[""ISCHEMIC_HEART_DISEASE"",""STROKE""]]",True,False,"[""motif_06f133d1c67fa8e4""]",1,1,0.6382978723404256,0.6382978723404256,0.6382978723404256,47,0.6382978723404256,True
occ_e916efa314630f36,1,motif_7434dae0d646da6b,5,4,"[""COPD"",""CURRENT_ASTHMA"",""DEPRESSIVE_DISORDER"",""DIABETES"",""ISCHEMIC_HEART_DISEASE""]","[[""COPD"",""CURRENT_ASTHMA""],[""COPD"",""ISCHEMIC_HEART_DISEASE""],[""CURRENT_ASTHMA"",""DEPRESSIVE_DISORDER""],[""DIABETES"",""ISCHEMIC_HEART_DISEASE""]]",True,True,"[""motif_7434dae0d646da6b""]",1,1,0.2127659574468085,0.2127659574468085,0.2127659574468085,47,0.2127659574468085,True
occ_ea152d40ac0008da,4,motif_ab039606710983b0,5,5,"[""ARTHRITIS"",""COPD"",""DIABETES"",""ISCHEMIC_HEART_DISEASE"",""KIDNEY_DISEASE""]","[[""ARTHRITIS"",""COPD""],[""ARTHRITIS"",""DIABETES""],[""ARTHRITIS"",""ISCHEMIC_HEART_DISEASE""],[""DIABETES"",""ISCHEMIC_HEART_DISEASE""],[""ISCHEMIC_HEART_DISEASE"",""KIDNEY_DISEASE""]]",True,False,"[""motif_54c504eb0430ba25"",""motif_a60a2225f65ee9fa"",""motif_ab039606710983b0"",""motif_c965da534d6c6b89""]",4,4,0.29347826086956524,0.29891304347826086,0.31521739130434784,46,0.29347826086956524,True
occ_ea550e99906d419a,1,motif_58b9069656f5bf7c,5,4,"[""ARTHRITIS"",""COPD"",""CURRENT_ASTHMA"",""DIABETES"",""ISCHEMIC_HEART_DISEASE""]","[[""ARTHRITIS"",""COPD""],[""ARTHRITIS"",""DIABETES""],[""ARTHRITIS"",""ISCHEMIC_HEART_DISEASE""],[""COPD"",""CURRENT_ASTHMA""]]",True,False,"[""motif_58b9069656f5bf7c""]",1,1,0.5851063829787234,0.5851063829787234,0.5851063829787234,47,0.5851063829787234,True
occ_ea7e3bff4a3ce893,2,motif_878918d1010ef59c,4,3,"[""ARTHRITIS"",""DIABETES"",""OTHER_CANCER"",""SKIN_CANCER""]","[[""ARTHRITIS"",""DIABETES""],[""ARTHRITIS"",""SKIN_CANCER""],[""OTHER_CANCER"",""SKIN_CANCER""]]",True,False,"[""motif_62be63cfd14a7b5f"",""motif_878918d1010ef59c""]",2,2,0.26595744680851063,0.26595744680851063,0.26595744680851063,47,0.26595744680851063,True
occ_ea825ad6db061ca2,3,motif_a74b93da382c579d,5,5,"[""ARTHRITIS"",""COPD"",""CURRENT_ASTHMA"",""ISCHEMIC_HEART_DISEASE"",""OTHER_CANCER""]","[[""ARTHRITIS"",""COPD""],[""ARTHRITIS"",""ISCHEMIC_HEART_DISEASE""],[""ARTHRITIS"",""OTHER_CANCER""],[""COPD"",""CURRENT_ASTHMA""],[""COPD"",""ISCHEMIC_HEART_DISEASE""]]",True,False,"[""motif_87cc0947b79bd1a4"",""motif_a74b93da382c579d"",""motif_aeb7b3cc0e77bf78""]",3,3,0.39361702127659576,0.40425531914893614,0.4148936170212766,47,0.39361702127659576,True
occ_eb061d9658ea99a0,1,motif_fb71835b862676ea,5,4,"[""ARTHRITIS"",""COPD"",""DIABETES"",""ISCHEMIC_HEART_DISEASE"",""OTHER_CANCER""]","[[""ARTHRITIS"",""COPD""],[""ARTHRITIS"",""ISCHEMIC_HEART_DISEASE""],[""ARTHRITIS"",""OTHER_CANCER""],[""DIABETES"",""ISCHEMIC_HEART_DISEASE""]]",True,False,"[""motif_fb71835b862676ea""]",1,1,0.46808510638297873,0.46808510638297873,0.46808510638297873,47,0.46808510638297873,True
occ_eb86825be7aa30af,2,motif_9222964e0f293ccf,4,4,"[""ARTHRITIS"",""ISCHEMIC_HEART_DISEASE"",""OTHER_CANCER"",""SKIN_CANCER""]","[[""ARTHRITIS"",""ISCHEMIC_HEART_DISEASE""],[""ARTHRITIS"",""OTHER_CANCER""],[""ARTHRITIS"",""SKIN_CANCER""],[""OTHER_CANCER"",""SKIN_CANCER""]]",True,False,"[""motif_9222964e0f293ccf"",""motif_b666e4a2a4e21f61""]",2,2,0.2872340425531915,0.2872340425531915,0.2872340425531915,47,0.2872340425531915,True
occ_ec045d416653f3d2,1,motif_0340aaab0dccc1f1,5,4,"[""ARTHRITIS"",""COPD"",""DIABETES"",""ISCHEMIC_HEART_DISEASE"",""KIDNEY_DISEASE""]","[[""ARTHRITIS"",""COPD""],[""ARTHRITIS"",""DIABETES""],[""ARTHRITIS"",""KIDNEY_DISEASE""],[""ISCHEMIC_HEART_DISEASE"",""KIDNEY_DISEASE""]]",True,False,"[""motif_0340aaab0dccc1f1""]",1,1,0.20652173913043478,0.20652173913043478,0.20652173913043478,46,0.20652173913043478,True
occ_ec286a1c7301d1d0,1,motif_4215b9a5488b5aa2,5,4,"[""ARTHRITIS"",""DIABETES"",""ISCHEMIC_HEART_DISEASE"",""KIDNEY_DISEASE"",""STROKE""]","[[""ARTHRITIS"",""ISCHEMIC_HEART_DISEASE""],[""DIABETES"",""ISCHEMIC_HEART_DISEASE""],[""ISCHEMIC_HEART_DISEASE"",""KIDNEY_DISEASE""],[""ISCHEMIC_HEART_DISEASE"",""STROKE""]]",True,False,"[""motif_4215b9a5488b5aa2""]",1,1,0.31521739130434784,0.31521739130434784,0.31521739130434784,46,0.31521739130434784,True
occ_ec625dd6353699fb,1,motif_cebe0606f15d5cc0,5,4,"[""ARTHRITIS"",""COPD"",""DIABETES"",""KIDNEY_DISEASE"",""OTHER_CANCER""]","[[""ARTHRITIS"",""COPD""],[""ARTHRITIS"",""DIABETES""],[""ARTHRITIS"",""OTHER_CANCER""],[""DIABETES"",""KIDNEY_DISEASE""]]",True,False,"[""motif_cebe0606f15d5cc0""]",1,1,0.40425531914893614,0.40425531914893614,0.40425531914893614,47,0.40425531914893614,True
occ_ee59d4045e1399d2,1,motif_abe15baf9aebb8d4,3,2,"[""ARTHRITIS"",""COPD"",""CURRENT_ASTHMA""]","[[""ARTHRITIS"",""COPD""],[""COPD"",""CURRENT_ASTHMA""]]",True,False,"[""motif_abe15baf9aebb8d4""]",1,1,0.7553191489361702,0.7553191489361702,0.7553191489361702,47,0.7553191489361702,True
occ_ee5d506999f8e3cd,1,motif_b8b1456b837147f2,5,4,"[""ARTHRITIS"",""DIABETES"",""ISCHEMIC_HEART_DISEASE"",""OTHER_CANCER"",""STROKE""]","[[""ARTHRITIS"",""DIABETES""],[""ARTHRITIS"",""OTHER_CANCER""],[""DIABETES"",""ISCHEMIC_HEART_DISEASE""],[""ISCHEMIC_HEART_DISEASE"",""STROKE""]]",True,False,"[""motif_b8b1456b837147f2""]",1,1,0.44680851063829785,0.44680851063829785,0.44680851063829785,47,0.44680851063829785,True
occ_ee9edc9f1c3970a4,1,motif_ba42a46d0a454734,4,3,"[""ARTHRITIS"",""DIABETES"",""ISCHEMIC_HEART_DISEASE"",""KIDNEY_DISEASE""]","[[""ARTHRITIS"",""ISCHEMIC_HEART_DISEASE""],[""DIABETES"",""ISCHEMIC_HEART_DISEASE""],[""ISCHEMIC_HEART_DISEASE"",""KIDNEY_DISEASE""]]",True,False,"[""motif_ba42a46d0a454734""]",1,1,0.33695652173913043,0.33695652173913043,0.33695652173913043,46,0.33695652173913043,True
occ_eeee51c9c3be8b41,2,motif_44b052f6015177f9,5,4,"[""ARTHRITIS"",""COPD"",""DIABETES"",""ISCHEMIC_HEART_DISEASE"",""KIDNEY_DISEASE""]","[[""ARTHRITIS"",""COPD""],[""COPD"",""ISCHEMIC_HEART_DISEASE""],[""DIABETES"",""ISCHEMIC_HEART_DISEASE""],[""ISCHEMIC_HEART_DISEASE"",""KIDNEY_DISEASE""]]",True,False,"[""motif_070e91bcc54960a5"",""motif_44b052f6015177f9""]",2,2,0.29347826086956524,0.29347826086956524,0.29347826086956524,46,0.29347826086956524,True
occ_ef93b3fc59d41b76,2,motif_8d08924ed3622983,5,5,"[""ARTHRITIS"",""COPD"",""CURRENT_ASTHMA"",""ISCHEMIC_HEART_DISEASE"",""STROKE""]","[[""ARTHRITIS"",""COPD""],[""ARTHRITIS"",""ISCHEMIC_HEART_DISEASE""],[""COPD"",""CURRENT_ASTHMA""],[""COPD"",""ISCHEMIC_HEART_DISEASE""],[""ISCHEMIC_HEART_DISEASE"",""STROKE""]]",True,False,"[""motif_8d08924ed3622983"",""motif_f86305e1294efd83""]",2,2,0.4574468085106383,0.46808510638297873,0.4787234042553192,47,0.4574468085106383,True
occ_f0141fe9a39c0159,2,motif_a23b58bb6552ca3b,4,4,"[""ARTHRITIS"",""COPD"",""DIABETES"",""ISCHEMIC_HEART_DISEASE""]","[[""ARTHRITIS"",""COPD""],[""ARTHRITIS"",""DIABETES""],[""COPD"",""ISCHEMIC_HEART_DISEASE""],[""DIABETES"",""ISCHEMIC_HEART_DISEASE""]]",True,False,"[""motif_a23b58bb6552ca3b"",""motif_e7b678b80985a50a""]",2,2,0.43617021276595747,0.44148936170212766,0.44680851063829785,47,0.43617021276595747,True
occ_f08821f02f5be7da,1,motif_a314b9317c488409,4,3,"[""ARTHRITIS"",""DIABETES"",""ISCHEMIC_HEART_DISEASE"",""KIDNEY_DISEASE""]","[[""ARTHRITIS"",""KIDNEY_DISEASE""],[""DIABETES"",""ISCHEMIC_HEART_DISEASE""],[""DIABETES"",""KIDNEY_DISEASE""]]",True,False,"[""motif_a314b9317c488409""]",1,1,0.23404255319148937,0.23404255319148937,0.23404255319148937,47,0.23404255319148937,True
occ_f22002d3ac3cdb6f,1,motif_e0b714267ead3086,5,4,"[""ARTHRITIS"",""COPD"",""CURRENT_ASTHMA"",""DIABETES"",""KIDNEY_DISEASE""]","[[""ARTHRITIS"",""COPD""],[""ARTHRITIS"",""DIABETES""],[""COPD"",""CURRENT_ASTHMA""],[""DIABETES"",""KIDNEY_DISEASE""]]",True,False,"[""motif_e0b714267ead3086""]",1,1,0.4148936170212766,0.4148936170212766,0.4148936170212766,47,0.4148936170212766,True
occ_f2815dcc62a4936a,1,motif_fad3706020dd7d19,5,4,"[""ARTHRITIS"",""COPD"",""CURRENT_ASTHMA"",""ISCHEMIC_HEART_DISEASE"",""STROKE""]","[[""ARTHRITIS"",""COPD""],[""ARTHRITIS"",""ISCHEMIC_HEART_DISEASE""],[""COPD"",""CURRENT_ASTHMA""],[""ISCHEMIC_HEART_DISEASE"",""STROKE""]]",True,False,"[""motif_fad3706020dd7d19""]",1,1,0.574468085106383,0.574468085106383,0.574468085106383,47,0.574468085106383,True
occ_f4be698c7db7c761,2,motif_c1d59433f9939b77,3,3,"[""ARTHRITIS"",""OTHER_CANCER"",""SKIN_CANCER""]","[[""ARTHRITIS"",""OTHER_CANCER""],[""ARTHRITIS"",""SKIN_CANCER""],[""OTHER_CANCER"",""SKIN_CANCER""]]",True,False,"[""motif_c1d59433f9939b77"",""motif_ecd6dde695a866b9""]",2,2,0.2978723404255319,0.2978723404255319,0.2978723404255319,47,0.2978723404255319,True
occ_f4d41ecbc074bc16,2,motif_73bf87366dc57d10,5,5,"[""ARTHRITIS"",""DIABETES"",""ISCHEMIC_HEART_DISEASE"",""KIDNEY_DISEASE"",""OTHER_CANCER""]","[[""ARTHRITIS"",""DIABETES""],[""ARTHRITIS"",""ISCHEMIC_HEART_DISEASE""],[""ARTHRITIS"",""OTHER_CANCER""],[""DIABETES"",""ISCHEMIC_HEART_DISEASE""],[""ISCHEMIC_HEART_DISEASE"",""KIDNEY_DISEASE""]]",True,False,"[""motif_2268a823202931ea"",""motif_73bf87366dc57d10""]",2,2,0.25,0.25,0.25,46,0.25,True
occ_f4db71679704a808,2,motif_9f82584d66042611,5,4,"[""ARTHRITIS"",""COPD"",""CURRENT_ASTHMA"",""OTHER_CANCER"",""SKIN_CANCER""]","[[""ARTHRITIS"",""COPD""],[""ARTHRITIS"",""SKIN_CANCER""],[""COPD"",""CURRENT_ASTHMA""],[""OTHER_CANCER"",""SKIN_CANCER""]]",True,False,"[""motif_632e6b3a31ce3011"",""motif_9f82584d66042611""]",2,2,0.2553191489361702,0.2553191489361702,0.2553191489361702,47,0.2553191489361702,True
occ_f5077196338dcd8d,1,motif_91f8b80b46fb6115,4,3,"[""ARTHRITIS"",""DIABETES"",""ISCHEMIC_HEART_DISEASE"",""KIDNEY_DISEASE""]","[[""ARTHRITIS"",""ISCHEMIC_HEART_DISEASE""],[""ARTHRITIS"",""KIDNEY_DISEASE""],[""DIABETES"",""KIDNEY_DISEASE""]]",True,False,"[""motif_91f8b80b46fb6115""]",1,1,0.2765957446808511,0.2765957446808511,0.2765957446808511,47,0.2765957446808511,True
occ_f5202ef44220e68a,1,motif_9299e8337472a50e,5,4,"[""ARTHRITIS"",""DIABETES"",""ISCHEMIC_HEART_DISEASE"",""KIDNEY_DISEASE"",""STROKE""]","[[""ARTHRITIS"",""ISCHEMIC_HEART_DISEASE""],[""DIABETES"",""KIDNEY_DISEASE""],[""ISCHEMIC_HEART_DISEASE"",""KIDNEY_DISEASE""],[""ISCHEMIC_HEART_DISEASE"",""STROKE""]]",True,False,"[""motif_9299e8337472a50e""]",1,1,0.2608695652173913,0.2608695652173913,0.2608695652173913,46,0.2608695652173913,True
occ_f65d4a07a6db2a46,2,motif_34710843320b2fac,4,3,"[""ARTHRITIS"",""COPD"",""CURRENT_ASTHMA"",""ISCHEMIC_HEART_DISEASE""]","[[""ARTHRITIS"",""COPD""],[""COPD"",""CURRENT_ASTHMA""],[""COPD"",""ISCHEMIC_HEART_DISEASE""]]",True,False,"[""motif_34710843320b2fac"",""motif_f39afc6a70122d9e""]",2,2,0.5,0.5106382978723405,0.5212765957446809,47,0.5,True
occ_f699924002313375,2,motif_d7a3643ee9889ee9,5,5,"[""ARTHRITIS"",""DIABETES"",""ISCHEMIC_HEART_DISEASE"",""OTHER_CANCER"",""SKIN_CANCER""]","[[""ARTHRITIS"",""DIABETES""],[""ARTHRITIS"",""ISCHEMIC_HEART_DISEASE""],[""ARTHRITIS"",""OTHER_CANCER""],[""ARTHRITIS"",""SKIN_CANCER""],[""OTHER_CANCER"",""SKIN_CANCER""]]",True,False,"[""motif_9ac79cbea8a03df2"",""motif_d7a3643ee9889ee9""]",2,2,0.23404255319148937,0.23404255319148937,0.23404255319148937,47,0.23404255319148937,True
occ_f6f35cb0a93c6217,2,motif_7c9654a7552f1afd,5,6,"[""ARTHRITIS"",""DIABETES"",""ISCHEMIC_HEART_DISEASE"",""KIDNEY_DISEASE"",""STROKE""]","[[""ARTHRITIS"",""DIABETES""],[""ARTHRITIS"",""ISCHEMIC_HEART_DISEASE""],[""ARTHRITIS"",""KIDNEY_DISEASE""],[""DIABETES"",""ISCHEMIC_HEART_DISEASE""],[""DIABETES"",""KIDNEY_DISEASE""],[""ISCHEMIC_HEART_DISEASE"",""STROKE""]]",True,False,"[""motif_7c9654a7552f1afd"",""motif_d9d6a0af6bcd611b""]",2,2,0.22340425531914893,0.22872340425531915,0.23404255319148937,47,0.22340425531914893,True
occ_f743565059e93d59,4,motif_c6837bde7d886408,5,7,"[""ARTHRITIS"",""COPD"",""DIABETES"",""ISCHEMIC_HEART_DISEASE"",""KIDNEY_DISEASE""]","[[""ARTHRITIS"",""COPD""],[""ARTHRITIS"",""DIABETES""],[""ARTHRITIS"",""ISCHEMIC_HEART_DISEASE""],[""ARTHRITIS"",""KIDNEY_DISEASE""],[""COPD"",""ISCHEMIC_HEART_DISEASE""],[""DIABETES"",""ISCHEMIC_HEART_DISEASE""],[""DIABETES"",""KIDNEY_DISEASE""]]",True,False,"[""motif_181b8ce161b66b8b"",""motif_1f7ac044c9f83b05"",""motif_c6837bde7d886408"",""motif_d818811728222c86""]",4,4,0.20212765957446807,0.2127659574468085,0.22340425531914893,47,0.20212765957446807,True
occ_f8e00733a50c92de,1,motif_f2b1e51d13a5dd59,5,4,"[""ARTHRITIS"",""COPD"",""CURRENT_ASTHMA"",""DEPRESSIVE_DISORDER"",""KIDNEY_DISEASE""]","[[""ARTHRITIS"",""COPD""],[""ARTHRITIS"",""KIDNEY_DISEASE""],[""COPD"",""CURRENT_ASTHMA""],[""CURRENT_ASTHMA"",""DEPRESSIVE_DISORDER""]]",True,True,"[""motif_f2b1e51d13a5dd59""]",1,0,0.11702127659574468,0.11702127659574468,0.11702127659574468,47,0.11702127659574468,False
occ_f9416f77541098b0,2,motif_3c069e7c4f04b0c0,5,5,"[""ARTHRITIS"",""COPD"",""DIABETES"",""ISCHEMIC_HEART_DISEASE"",""STROKE""]","[[""ARTHRITIS"",""COPD""],[""ARTHRITIS"",""DIABETES""],[""ARTHRITIS"",""ISCHEMIC_HEART_DISEASE""],[""COPD"",""ISCHEMIC_HEART_DISEASE""],[""ISCHEMIC_HEART_DISEASE"",""STROKE""]]",True,False,"[""motif_3c069e7c4f04b0c0"",""motif_40a677a453ac6467""]",2,2,0.4574468085106383,0.46808510638297873,0.4787234042553192,47,0.4574468085106383,True
occ_f986d64cd881d862,1,motif_daab14175ce460f2,5,5,"[""ARTHRITIS"",""DIABETES"",""ISCHEMIC_HEART_DISEASE"",""KIDNEY_DISEASE"",""OTHER_CANCER""]","[[""ARTHRITIS"",""ISCHEMIC_HEART_DISEASE""],[""ARTHRITIS"",""OTHER_CANCER""],[""DIABETES"",""ISCHEMIC_HEART_DISEASE""],[""DIABETES"",""KIDNEY_DISEASE""],[""ISCHEMIC_HEART_DISEASE"",""KIDNEY_DISEASE""]]",True,False,"[""motif_daab14175ce460f2""]",1,1,0.21739130434782608,0.21739130434782608,0.21739130434782608,46,0.21739130434782608,True
occ_fc0f8f348e82d675,1,motif_d1f6be288fa1eb5b,4,3,"[""ARTHRITIS"",""DIABETES"",""ISCHEMIC_HEART_DISEASE"",""KIDNEY_DISEASE""]","[[""ARTHRITIS"",""ISCHEMIC_HEART_DISEASE""],[""DIABETES"",""KIDNEY_DISEASE""],[""ISCHEMIC_HEART_DISEASE"",""KIDNEY_DISEASE""]]",True,False,"[""motif_d1f6be288fa1eb5b""]",1,1,0.2717391304347826,0.2717391304347826,0.2717391304347826,46,0.2717391304347826,True
occ_fe946adf57cf61cc,1,motif_752a9ee5cce96695,5,4,"[""ARTHRITIS"",""DIABETES"",""ISCHEMIC_HEART_DISEASE"",""OTHER_CANCER"",""STROKE""]","[[""ARTHRITIS"",""ISCHEMIC_HEART_DISEASE""],[""ARTHRITIS"",""OTHER_CANCER""],[""DIABETES"",""ISCHEMIC_HEART_DISEASE""],[""ISCHEMIC_HEART_DISEASE"",""STROKE""]]",True,False,"[""motif_752a9ee5cce96695""]",1,1,0.4574468085106383,0.4574468085106383,0.4574468085106383,47,0.4574468085106383,True
occ_feb1ed5a8acd1ee7,1,motif_a286a547b110eed9,5,4,"[""ARTHRITIS"",""COPD"",""ISCHEMIC_HEART_DISEASE"",""KIDNEY_DISEASE"",""STROKE""]","[[""ARTHRITIS"",""COPD""],[""ARTHRITIS"",""ISCHEMIC_HEART_DISEASE""],[""ISCHEMIC_HEART_DISEASE"",""KIDNEY_DISEASE""],[""ISCHEMIC_HEART_DISEASE"",""STROKE""]]",True,False,"[""motif_a286a547b110eed9""]",1,1,0.33695652173913043,0.33695652173913043,0.33695652173913043,46,0.33695652173913043,True
