motif_id,state_pair_count,lower_support_count,higher_support_count,raw_support_fraction_difference,density_residual_mean_lower,density_residual_mean_higher,paired_density_residual_difference,paired_density_residual_t,permutation_p_value,permutation_max_t_p_value,permutation_count,permutation_scheme,density_adjustment,permutation_bh_q_value,permutation_p_value_mcse,permutation_max_t_p_value_mcse,node_count,edge_count,support_count
motif_7343187d61f58156,47,40.0,37.0,0.06382978723404255,0.7767019408433468,0.7324936650023238,0.04420827584102285,0.6395711346975533,0.5531,1.0,9999,within_state_lower_higher_label_swap,fixed_eligible_dyad_edge_count_expected_occurrence,0.8799447028423772,0.004971723946479732,0.0,3,2,77
motif_1edae9dffc70a727,47,40.0,34.0,0.1276595744680851,0.7767019408433466,0.6686638777682814,0.10803806307506543,1.5015973315016544,0.1504,0.9991,9999,within_state_lower_higher_label_swap,fixed_eligible_dyad_edge_count_expected_occurrence,0.5362947368421053,0.0035746306102868866,0.00029986496961132553,3,2,74
motif_05b3bb80d20cacfe,47,37.0,36.0,0.02127659574468085,0.7128721536093042,0.711217069257643,0.001655084351661164,0.021842797072162714,0.9998,1.0,9999,within_state_lower_higher_label_swap,fixed_eligible_dyad_edge_count_expected_occurrence,0.9998999999999999,0.0001414072133945005,0.0,3,2,73
motif_abe15baf9aebb8d4,47,41.0,32.0,0.19148936170212766,0.7979785365880274,0.6261106862789197,0.17186785030910798,2.392524944813004,0.0205,0.7393,9999,within_state_lower_higher_label_swap,fixed_eligible_dyad_edge_count_expected_occurrence,0.26730454545454546,0.0014170303454760593,0.004390165258848464,3,2,73
motif_1c7c35aa2acba71b,47,37.0,35.0,0.0425531914893617,0.7128721536093042,0.6899404735129622,0.022931680096342007,0.29017401975822693,0.7935,1.0,9999,within_state_lower_higher_label_swap,fixed_eligible_dyad_edge_count_expected_occurrence,0.8995878048780488,0.00404793465856355,0.0,3,2,72
motif_2f435833caec9e2b,47,33.0,36.0,-0.06382978723404255,0.6277657706305809,0.7112170692576428,-0.08345129862706226,-0.912890160175841,0.3591,1.0,9999,within_state_lower_higher_label_swap,fixed_eligible_dyad_edge_count_expected_occurrence,0.797672950819672,0.004797365839708287,0.0,3,2,69
motif_06f133d1c67fa8e4,47,36.0,33.0,0.06382978723404255,0.7451980034058521,0.6894595920325757,0.05573841137327609,0.794784553488771,0.5473,1.0,9999,within_state_lower_higher_label_swap,fixed_eligible_dyad_edge_count_expected_occurrence,0.8799447028423772,0.004977576820100318,0.0,4,3,69
motif_65eb65a7562a1bcb,47,36.0,33.0,0.06382978723404255,0.745198003405852,0.6894595920325757,0.055738411373276106,0.6769973994969309,0.6097,1.0,9999,within_state_lower_higher_label_swap,fixed_eligible_dyad_edge_count_expected_occurrence,0.8799447028423772,0.0048781749661118146,0.0,4,3,69
motif_144e36faf313d657,47,39.0,29.0,0.2127659574468085,0.8090277906398947,0.6043532090538521,0.20467458158604213,2.754925575738973,0.0129,0.4379,9999,within_state_lower_higher_label_swap,fixed_eligible_dyad_edge_count_expected_occurrence,0.19976571428571427,0.0011284320980900887,0.0049612860227969124,4,3,68
motif_bfbc51aaa402bef0,47,37.0,31.0,0.1276595744680851,0.766474599150533,0.6469064005432139,0.11956819860731868,1.5322987089455744,0.1784,0.9982,9999,within_state_lower_higher_label_swap,fixed_eligible_dyad_edge_count_expected_occurrence,0.5787672514619883,0.0038284910865770605,0.00042388205906832433,4,3,68
motif_0627f8d8deb4fba4,47,31.0,36.0,-0.10638297872340426,0.5852125791412193,0.711217069257643,-0.12600449011642392,-1.5602536223070365,0.1202,0.9975,9999,within_state_lower_higher_label_swap,fixed_eligible_dyad_edge_count_expected_occurrence,0.49758045112781957,0.003251952644181646,0.0004993746088859492,3,2,67
motif_e040651df1ee4832,47,33.0,33.0,0.0,0.6277657706305809,0.6473872820236005,-0.019621511393019698,-0.26678371424284897,0.7754,1.0,9999,within_state_lower_higher_label_swap,fixed_eligible_dyad_edge_count_expected_occurrence,0.8995878048780488,0.0041731863126393005,0.0,3,2,66
motif_5611ddee26c3f8a2,47,33.0,33.0,0.0,0.6813682161718092,0.6894595920325757,-0.008091375860766446,-0.08918551005593021,0.8126,1.0,9999,within_state_lower_higher_label_swap,fixed_eligible_dyad_edge_count_expected_occurrence,0.8995878048780488,0.0039023228979673122,0.0,4,3,66
motif_e515cabc007964a7,47,32.0,32.0,0.0,0.6064891748859,0.6261106862789197,-0.019621511393019684,-0.2651371830478164,0.7756,1.0,9999,within_state_lower_higher_label_swap,fixed_eligible_dyad_edge_count_expected_occurrence,0.8995878048780488,0.004171865769652711,0.0,3,2,64
motif_a192df3ab4dfeb21,47,34.0,30.0,0.0851063829787234,0.7026448119164901,0.625629804798533,0.07701500711795696,1.0544175644662552,0.3783,1.0,9999,within_state_lower_higher_label_swap,fixed_eligible_dyad_edge_count_expected_occurrence,0.8210761589403973,0.004849629985885521,0.0,4,3,64
motif_58b9069656f5bf7c,47,35.0,29.0,0.1276595744680851,0.7387770684831266,0.6141625068550888,0.1246145616280382,1.5927055732587285,0.1852,0.9971,9999,within_state_lower_higher_label_swap,fixed_eligible_dyad_edge_count_expected_occurrence,0.5835953488372093,0.0038845972764239025,0.0005377350648786086,5,4,64
motif_9136b5cad501c9c7,47,31.0,32.0,-0.02127659574468085,0.5852125791412193,0.6261106862789196,-0.04089810713770054,-0.4630153717894274,0.6247,1.0,9999,within_state_lower_higher_label_swap,fixed_eligible_dyad_edge_count_expected_occurrence,0.8799447028423772,0.004842002788103286,0.0,3,2,63
motif_2c556de84cb4e746,47,32.0,31.0,0.02127659574468085,0.6600916204271283,0.6469064005432139,0.013185219883914407,0.1704370737471793,0.9996,1.0,9999,within_state_lower_higher_label_swap,fixed_eligible_dyad_edge_count_expected_occurrence,0.9998999999999999,0.0001999599959991888,0.0,4,3,63
motif_4b3b17f7e5440be0,47,28.0,34.0,-0.1276595744680851,0.5213827919071766,0.6686638777682813,-0.1472810858611048,-1.8080491515535848,0.0817,0.9777,9999,within_state_lower_higher_label_swap,fixed_eligible_dyad_edge_count_expected_occurrence,0.438429702970297,0.0027390711929411397,0.0014765740753514532,3,2,62
motif_2f11035ec8a07441,47,28.0,34.0,-0.1276595744680851,0.5749852374484049,0.7107361877772564,-0.13575095032885154,-1.636512662202183,0.0817,0.9949,9999,within_state_lower_higher_label_swap,fixed_eligible_dyad_edge_count_expected_occurrence,0.438429702970297,0.0027390711929411397,0.0007123194508084132,4,3,62
motif_5ae0b065c6d1e840,47,30.0,32.0,-0.0425531914893617,0.6175384289377667,0.6681829962878947,-0.050644567350128164,-0.5923163795270263,0.4483,1.0,9999,within_state_lower_higher_label_swap,fixed_eligible_dyad_edge_count_expected_occurrence,0.8210761589403973,0.004973199272098394,0.0,4,3,62
motif_6315d36b8c285cde,47,33.0,29.0,0.0851063829787234,0.6962238769937649,0.6141625068550887,0.08206137013867654,1.1196090121264803,0.3803,1.0,9999,within_state_lower_higher_label_swap,fixed_eligible_dyad_edge_count_expected_occurrence,0.8210761589403973,0.004854605133272942,0.0,5,4,62
motif_212edb45a5b61006,47,31.0,30.0,0.02127659574468085,0.5852125791412193,0.5835574947895579,0.0016550843516611705,0.020038799739092873,0.9995,1.0,9999,within_state_lower_higher_label_swap,fixed_eligible_dyad_edge_count_expected_occurrence,0.9998999999999999,0.00022355088906106927,0.0,3,2,61
motif_726f3861dd21cc38,47,32.0,29.0,0.06382978723404255,0.6064891748859,0.5622808990448771,0.04420827584102287,0.540353780367384,0.6054,1.0,9999,within_state_lower_higher_label_swap,fixed_eligible_dyad_edge_count_expected_occurrence,0.8799447028423772,0.004887646059198641,0.0,3,2,61
motif_4074b843a40a8667,47,31.0,30.0,0.02127659574468085,0.6388150246824474,0.6256298047985331,0.013185219883914407,0.15887814376636508,0.9994,1.0,9999,within_state_lower_higher_label_swap,fixed_eligible_dyad_edge_count_expected_occurrence,0.9998999999999999,0.0002448754785600316,0.0,4,3,61
motif_52dd6e9ed5d3313a,47,29.0,31.0,-0.0425531914893617,0.5962618331930857,0.6469064005432139,-0.050644567350128164,-0.5940376321803926,0.4563,1.0,9999,within_state_lower_higher_label_swap,fixed_eligible_dyad_edge_count_expected_occurrence,0.8210761589403973,0.004980866490882887,0.0,3,3,60
motif_e5793275baa46474,47,29.0,31.0,-0.0425531914893617,0.5962618331930857,0.6469064005432139,-0.05064456735012814,-0.6897551516191659,0.3914,1.0,9999,within_state_lower_higher_label_swap,fixed_eligible_dyad_edge_count_expected_occurrence,0.8210761589403973,0.00488063561434369,0.0,4,3,60
motif_99e10474d9641594,47,30.0,30.0,0.0,0.6323940897597223,0.6354391025997697,-0.003045012840046871,-0.033407498451539744,0.8135,1.0,9999,within_state_lower_higher_label_swap,fixed_eligible_dyad_edge_count_expected_occurrence,0.8995878048780488,0.0038950962760886925,0.0,5,4,60
motif_fad3706020dd7d19,47,33.0,27.0,0.1276595744680851,0.6962238769937648,0.571609315365727,0.12461456162803822,1.908252558907631,0.1092,0.9559,9999,within_state_lower_higher_label_swap,fixed_eligible_dyad_edge_count_expected_occurrence,0.49758045112781957,0.003118899806021348,0.0020531729103999015,5,4,60
motif_2411af643dc47294,47,29.0,30.0,-0.02127659574468085,0.6111174940150415,0.6354391025997697,-0.02432160858472772,-0.27497949242276726,0.6283,1.0,9999,within_state_lower_higher_label_swap,fixed_eligible_dyad_edge_count_expected_occurrence,0.8799447028423772,0.00483258843685245,0.0,4,4,59
motif_c03e15a1bea6ea46,47,31.0,28.0,0.06382978723404255,0.6536706855044032,0.5928859111104079,0.06078477439399567,0.734414147963677,0.6104,1.0,9999,within_state_lower_higher_label_swap,fixed_eligible_dyad_edge_count_expected_occurrence,0.8799447028423772,0.004876595533771485,0.0,5,4,59
motif_329c5520ea9f137f,47,31.0,27.0,0.0851063829787234,0.5852125791412193,0.5197277075555155,0.06548487158570372,0.8435258587081728,0.4234,1.0,9999,within_state_lower_higher_label_swap,fixed_eligible_dyad_edge_count_expected_occurrence,0.8210761589403973,0.004940976016942401,0.0,3,2,58
motif_857e39d6361c69c4,47,27.0,31.0,-0.0851063829787234,0.5001061961624959,0.6048340905342389,-0.10472789437174312,-1.3352146848162902,0.1732,0.9997,9999,within_state_lower_higher_label_swap,fixed_eligible_dyad_edge_count_expected_occurrence,0.5762490797546013,0.003784200840336041,0.00017317909804591517,3,2,58
motif_795694a86aef5c38,47,31.0,27.0,0.0851063829787234,0.6388150246824474,0.5618000175644905,0.07701500711795696,0.9775295436365457,0.4235,1.0,9999,within_state_lower_higher_label_swap,fixed_eligible_dyad_edge_count_expected_occurrence,0.8210761589403973,0.004941130943417711,0.0,3,3,58
motif_48c393c748427b13,47,30.0,28.0,0.0425531914893617,0.6175384289377667,0.5830766133091713,0.03446181562859523,0.40290916700310236,0.8037,1.0,9999,within_state_lower_higher_label_swap,fixed_eligible_dyad_edge_count_expected_occurrence,0.8995878048780488,0.003971980740134574,0.0,4,3,58
motif_7a01626f3ff4e596,47,27.0,31.0,-0.0851063829787234,0.553708641703724,0.6469064005432139,-0.09319775883948983,-1.178632533634204,0.1733,1.0,9999,within_state_lower_higher_label_swap,fixed_eligible_dyad_edge_count_expected_occurrence,0.5762490797546013,0.003785064200248128,0.0,4,3,58
motif_292d9b9a4fb005aa,47,29.0,29.0,0.0,0.6111174940150415,0.6141625068550888,-0.0030450128400468625,-0.04098996881822999,0.7768,1.0,9999,within_state_lower_higher_label_swap,fixed_eligible_dyad_edge_count_expected_occurrence,0.8995878048780488,0.004163913543771052,0.0,5,4,58
motif_b7d6452102fa13a0,47,30.0,28.0,0.0425531914893617,0.6323940897597222,0.5928859111104078,0.039508178649314815,0.4609174670284269,0.8036,1.0,9999,within_state_lower_higher_label_swap,fixed_eligible_dyad_edge_count_expected_occurrence,0.8995878048780488,0.0039727451466209105,0.0,5,4,58
motif_67cab77b48831591,47,30.0,27.0,0.06382978723404255,0.5639359833965384,0.5197277075555155,0.04420827584102287,0.5075091855334246,0.6199,1.0,9999,within_state_lower_higher_label_swap,fixed_eligible_dyad_edge_count_expected_occurrence,0.8799447028423772,0.004854111556196458,0.0,3,2,57
motif_971292dd18d037f2,47,30.0,27.0,0.06382978723404255,0.6175384289377666,0.5618000175644905,0.055738411373276106,0.6350654719803897,0.6201,1.0,9999,within_state_lower_higher_label_swap,fixed_eligible_dyad_edge_count_expected_occurrence,0.8799447028423772,0.004853617104799265,0.0,4,3,57
motif_cb84fd61ebf8f384,47,27.0,30.0,-0.06382978723404255,0.553708641703724,0.625629804798533,-0.07192116309480899,-0.8231464252188592,0.3374,1.0,9999,within_state_lower_higher_label_swap,fixed_eligible_dyad_edge_count_expected_occurrence,0.7626391666666666,0.004728226305920647,0.0,4,3,57
motif_e0af2d1455e23c50,47,28.0,29.0,-0.02127659574468085,0.5749852374484049,0.6043532090538523,-0.029367971605447313,-0.3339282406155967,0.6248,1.0,9999,within_state_lower_higher_label_swap,fixed_eligible_dyad_edge_count_expected_occurrence,0.8799447028423772,0.0048417451399263055,0.0,4,3,57
motif_eedbe58232b2165f,47,29.0,28.0,0.02127659574468085,0.5962618331930857,0.5830766133091713,0.013185219883914407,0.20492154764727966,0.9996,1.0,9999,within_state_lower_higher_label_swap,fixed_eligible_dyad_edge_count_expected_occurrence,0.9998999999999999,0.0001999599959991888,0.0,4,3,57
motif_394a686a6740f667,47,27.0,30.0,-0.06382978723404255,0.5685643025256798,0.6354391025997697,-0.06687480007408943,-0.7608558386076845,0.3374,1.0,9999,within_state_lower_higher_label_swap,fixed_eligible_dyad_edge_count_expected_occurrence,0.7626391666666666,0.004728226305920647,0.0,5,4,57
motif_db33a8dd2fbd76cd,47,28.0,29.0,-0.02127659574468085,0.5898408982703607,0.6141625068550888,-0.02432160858472772,-0.2751873008323474,0.6248,1.0,9999,within_state_lower_higher_label_swap,fixed_eligible_dyad_edge_count_expected_occurrence,0.8799447028423772,0.0048417451399263055,0.0,5,4,57
motif_eeb4d747c66beaa4,47,21.0,35.0,-0.2978723404255319,0.37244662169441073,0.6899404735129622,-0.3174938518185516,-4.113830585954732,0.0001,0.0167,9999,within_state_lower_higher_label_swap,fixed_eligible_dyad_edge_count_expected_occurrence,0.0271,9.999499987499375e-05,0.0012814487894566838,3,2,56
motif_e867f6bd35d65ed5,47,26.0,30.0,-0.0851063829787234,0.5324320459590433,0.625629804798533,-0.09319775883948984,-1.1008807945710286,0.2023,1.0,9999,within_state_lower_higher_label_swap,fixed_eligible_dyad_edge_count_expected_occurrence,0.6204170212765958,0.004017147122025779,0.0,4,3,56
motif_55909787035f2b7d,47,26.0,30.0,-0.0851063829787234,0.547287706780999,0.6354391025997695,-0.0881513958187703,-1.0376045437010273,0.2023,1.0,9999,within_state_lower_higher_label_swap,fixed_eligible_dyad_edge_count_expected_occurrence,0.6204170212765958,0.004017147122025779,0.0,5,4,56
motif_daeb8129eeb1418a,47,29.0,27.0,0.0425531914893617,0.6111174940150416,0.5716093153657269,0.03950817864931484,0.5835392386018855,0.7526,1.0,9999,within_state_lower_higher_label_swap,fixed_eligible_dyad_edge_count_expected_occurrence,0.8995878048780488,0.004315011471595412,0.0,5,4,56
motif_9ff7fa6a2454292d,47,28.0,28.0,0.0,0.594036581683445,0.5951193355279715,-0.0010827538445267763,-0.012588968714987648,0.8045,1.0,9999,within_state_lower_higher_label_swap,fixed_eligible_dyad_edge_count_expected_occurrence,0.8995878048780488,0.003965851106635245,0.0,5,5,56
motif_022aef1c1df514fd,47,21.0,34.0,-0.2765957446808511,0.42604906723563896,0.7107361877772564,-0.28468712054161743,-3.4116457228513206,0.0009,0.1109,9999,within_state_lower_higher_label_swap,fixed_eligible_dyad_edge_count_expected_occurrence,0.03752307692307692,0.0002998649696113236,0.003140082642224564,4,3,55
motif_f39afc6a70122d9e,47,29.0,25.0,0.0851063829787234,0.5426593876518575,0.47717451606615374,0.0654848715857037,0.8390464001245408,0.4253,1.0,9999,within_state_lower_higher_label_swap,fixed_eligible_dyad_edge_count_expected_occurrence,0.8210761589403973,0.004943884201718321,0.0,3,2,54
motif_1cc5c04e6b29c149,47,29.0,25.0,0.0851063829787234,0.5962618331930857,0.5192468260751287,0.07701500711795696,0.9127226077511646,0.4521,1.0,9999,within_state_lower_higher_label_swap,fixed_eligible_dyad_edge_count_expected_occurrence,0.8210761589403973,0.004977003013862861,0.0,4,3,54
motif_294c7240155eb509,47,26.0,28.0,-0.0425531914893617,0.5324320459590431,0.5830766133091713,-0.05064456735012817,-0.5611857721391955,0.4751,1.0,9999,within_state_lower_higher_label_swap,fixed_eligible_dyad_edge_count_expected_occurrence,0.8412475570032573,0.004993796051101807,0.0,4,3,54
motif_34710843320b2fac,47,29.0,25.0,0.0851063829787234,0.5962618331930857,0.5192468260751287,0.07701500711795696,0.9751393644244961,0.4253,1.0,9999,within_state_lower_higher_label_swap,fixed_eligible_dyad_edge_count_expected_occurrence,0.8210761589403973,0.004943884201718321,0.0,4,3,54
motif_4d469c53f6e01433,47,29.0,25.0,0.0851063829787234,0.5962618331930858,0.5192468260751287,0.07701500711795692,0.907115345289053,0.453,1.0,9999,within_state_lower_higher_label_swap,fixed_eligible_dyad_edge_count_expected_occurrence,0.8210761589403973,0.004977860986407716,0.0,4,3,54
motif_e2e373750f40345c,47,28.0,26.0,0.0425531914893617,0.5749852374484049,0.5405234218198096,0.03446181562859526,0.4320045136458754,0.7936,1.0,9999,within_state_lower_higher_label_swap,fixed_eligible_dyad_edge_count_expected_occurrence,0.8995878048780488,0.004047209408963168,0.0,4,3,54
motif_c8639dca025e0856,47,29.0,25.0,0.0851063829787234,0.6111174940150416,0.5290561238763652,0.08206137013867654,0.9669001729486288,0.4519,1.0,9999,within_state_lower_higher_label_swap,fixed_eligible_dyad_edge_count_expected_occurrence,0.8210761589403973,0.004976810122960289,0.0,4,4,54
motif_09058bc7eec93ac2,47,27.0,27.0,0.0,0.5685643025256798,0.571609315365727,-0.0030450128400468673,-0.03345610768813425,0.8166,1.0,9999,within_state_lower_higher_label_swap,fixed_eligible_dyad_edge_count_expected_occurrence,0.8995878048780488,0.0038699410848228684,0.0,5,4,54
motif_29d0f405b61cb8e4,47,26.0,28.0,-0.0425531914893617,0.547287706780999,0.5928859111104078,-0.045598204329408566,-0.5322374131802846,0.4599,1.0,9999,within_state_lower_higher_label_swap,fixed_eligible_dyad_edge_count_expected_occurrence,0.8226594059405941,0.00498389395954609,0.0,5,4,54
motif_65bcc7505246fac6,47,26.0,28.0,-0.0425531914893617,0.547287706780999,0.592885911110408,-0.045598204329408566,-0.5024511196925369,0.4751,1.0,9999,within_state_lower_higher_label_swap,fixed_eligible_dyad_edge_count_expected_occurrence,0.8412475570032573,0.004993796051101807,0.0,5,4,54
motif_ece794950718732c,47,29.0,25.0,0.0851063829787234,0.6111174940150413,0.5290561238763652,0.0820613701386765,0.9648308629724656,0.4529,1.0,9999,within_state_lower_higher_label_swap,fixed_eligible_dyad_edge_count_expected_occurrence,0.8210761589403973,0.004977766467001038,0.0,5,4,54
motif_684a163fba0cf367,47,26.0,27.0,-0.02127659574468085,0.4788296004178151,0.5197277075555155,-0.040898107137700555,-0.46839371052294004,0.6246,1.0,9999,within_state_lower_higher_label_swap,fixed_eligible_dyad_edge_count_expected_occurrence,0.8799447028423772,0.004842260216056134,0.0,3,2,53
motif_37830cccbe20e8cf,47,26.0,27.0,-0.02127659574468085,0.5324320459590431,0.5618000175644905,-0.029367971605447296,-0.3332664276993557,0.6245,1.0,9999,within_state_lower_higher_label_swap,fixed_eligible_dyad_edge_count_expected_occurrence,0.8799447028423772,0.00484251742381997,0.0,4,3,53
motif_e233cf1dfe3768b5,47,29.0,24.0,0.10638297872340426,0.5962618331930857,0.4979702303304479,0.09829160286263781,1.302592427723315,0.2679,0.9999,9999,within_state_lower_higher_label_swap,fixed_eligible_dyad_edge_count_expected_occurrence,0.7079552380952381,0.004428652052261501,9.999499987498824e-05,4,3,53
motif_ed5e4d011e2b456c,47,28.0,25.0,0.06382978723404255,0.5749852374484049,0.5192468260751287,0.055738411373276106,0.6789585351734251,0.6112,1.0,9999,within_state_lower_higher_label_swap,fixed_eligible_dyad_edge_count_expected_occurrence,0.8799447028423772,0.004874777533385498,0.0,4,3,53
motif_0b0d398a14e5f2a3,47,26.0,27.0,-0.02127659574468085,0.547287706780999,0.571609315365727,-0.024321608584727736,-0.34232729803897904,0.5469,1.0,9999,within_state_lower_higher_label_swap,fixed_eligible_dyad_edge_count_expected_occurrence,0.8799447028423772,0.004977955303134008,0.0,4,4,53
motif_7efc4f61929ef0b8,47,29.0,24.0,0.10638297872340426,0.6111174940150416,0.5077795281316845,0.10333796588335736,1.3632490700816748,0.2679,0.9997,9999,within_state_lower_higher_label_swap,fixed_eligible_dyad_edge_count_expected_occurrence,0.7079552380952381,0.004428652052261501,0.00017317909804591517,4,4,53
motif_8543fd62cd4a1170,47,28.0,25.0,0.06382978723404255,0.5898408982703607,0.5290561238763654,0.060784774393995704,0.7364207775824065,0.611,1.0,9999,within_state_lower_higher_label_swap,fixed_eligible_dyad_edge_count_expected_occurrence,0.8799447028423772,0.004875233327749555,0.0,4,4,53
motif_8da5991d298f106b,47,29.0,24.0,0.10638297872340426,0.6111174940150413,0.5077795281316844,0.10333796588335735,1.1846119726769768,0.3322,1.0,9999,within_state_lower_higher_label_swap,fixed_eligible_dyad_edge_count_expected_occurrence,0.7626391666666666,0.004710022929880491,0.0,5,4,53
motif_e0b714267ead3086,47,26.0,27.0,-0.02127659574468085,0.547287706780999,0.571609315365727,-0.02432160858472772,-0.2926144398784478,0.6113,1.0,9999,within_state_lower_higher_label_swap,fixed_eligible_dyad_edge_count_expected_occurrence,0.8799447028423772,0.004874549312500593,0.0,5,4,53
motif_e5b4b238cd487bc9,47,21.0,31.0,-0.2127659574468085,0.44090472805759473,0.6567156983444504,-0.21581097028685534,-2.5265947971731095,0.0073,0.5985,9999,within_state_lower_higher_label_swap,fixed_eligible_dyad_edge_count_expected_occurrence,0.15457037037037036,0.0008512761009214343,0.004902017441829435,5,4,52
motif_2ac06cbfd625bf4e,47,26.0,26.0,0.0,0.5514833901940831,0.5525661440386098,-0.0010827538445267772,-0.014545028530817489,0.773,1.0,9999,within_state_lower_higher_label_swap,fixed_eligible_dyad_edge_count_expected_occurrence,0.8995878048780488,0.004188925876641887,0.0,5,5,52
motif_4fafa389d6f3cf6a,47,20.0,31.0,-0.23404255319148937,0.404772471490958,0.6469064005432139,-0.24213392905225575,-3.000547904175364,0.0035,0.2896,9999,within_state_lower_higher_label_swap,fixed_eligible_dyad_edge_count_expected_occurrence,0.10568999999999999,0.0005905717568594015,0.004535767189792704,4,3,51
motif_a3bae32cb507520e,47,26.0,25.0,0.02127659574468085,0.5324320459590431,0.5192468260751287,0.013185219883914405,0.14991491149539649,0.9999,1.0,9999,within_state_lower_higher_label_swap,fixed_eligible_dyad_edge_count_expected_occurrence,0.9998999999999999,9.999499987498824e-05,0.0,4,3,51
motif_6156682426cc8896,47,26.0,25.0,0.02127659574468085,0.5472877067809989,0.5290561238763652,0.018231582904633982,0.2062551177134207,0.9999,1.0,9999,within_state_lower_higher_label_swap,fixed_eligible_dyad_edge_count_expected_occurrence,0.9998999999999999,9.999499987498824e-05,0.0,4,4,51
motif_2f49498d56eb193d,47,27.0,24.0,0.06382978723404255,0.5685643025256798,0.5077795281316844,0.06078477439399568,0.7357502748490009,0.6044,1.0,9999,within_state_lower_higher_label_swap,fixed_eligible_dyad_edge_count_expected_occurrence,0.8799447028423772,0.004889791815609331,0.0,5,4,51
motif_4351f61c6294e968,47,26.0,25.0,0.02127659574468085,0.547287706780999,0.5290561238763652,0.018231582904633985,0.20604281489242335,0.9995,1.0,9999,within_state_lower_higher_label_swap,fixed_eligible_dyad_edge_count_expected_occurrence,0.9998999999999999,0.00022355088906106927,0.0,5,4,51
motif_f219a667fad3d6dc,47,25.0,26.0,-0.02127659574468085,0.5260111110363181,0.5503327196210462,-0.024321608584727736,-0.2752659034374979,0.6272,1.0,9999,within_state_lower_higher_label_swap,fixed_eligible_dyad_edge_count_expected_occurrence,0.8799447028423772,0.00483549542446273,0.0,5,4,51
motif_f36a38d96b0a0951,47,27.0,23.0,0.0851063829787234,0.553708641703724,0.4766936345857671,0.07701500711795696,0.97610330692516,0.4265,1.0,9999,within_state_lower_higher_label_swap,fixed_eligible_dyad_edge_count_expected_occurrence,0.8210761589403973,0.00494568246049016,0.0,4,3,50
motif_1e95a6dab5da9df2,47,27.0,23.0,0.0851063829787234,0.5685643025256798,0.4865029323870035,0.08206137013867654,1.119385601676969,0.3988,1.0,9999,within_state_lower_higher_label_swap,fixed_eligible_dyad_edge_count_expected_occurrence,0.8210761589403973,0.004896514678830239,0.0,5,4,50
motif_2ad1cf6160fe23c7,47,26.0,24.0,0.0425531914893617,0.547287706780999,0.5077795281316845,0.039508178649314836,0.46162581832583083,0.8001,1.0,9999,within_state_lower_higher_label_swap,fixed_eligible_dyad_edge_count_expected_occurrence,0.8995878048780488,0.003999249804650867,0.0,5,4,50
motif_40a677a453ac6467,47,27.0,23.0,0.0851063829787234,0.5685643025256798,0.4865029323870036,0.08206137013867654,0.9667210775222511,0.4546,1.0,9999,within_state_lower_higher_label_swap,fixed_eligible_dyad_edge_count_expected_occurrence,0.8210761589403973,0.004979345740155025,0.0,5,4,50
motif_7148880977761506,47,27.0,23.0,0.0851063829787234,0.5685643025256798,0.4865029323870036,0.08206137013867652,1.034668507901597,0.4263,1.0,9999,within_state_lower_higher_label_swap,fixed_eligible_dyad_edge_count_expected_occurrence,0.8210761589403973,0.004945384818191604,0.0,5,4,50
motif_77a83db3cef85faa,47,27.0,23.0,0.0851063829787234,0.5685643025256798,0.4865029323870035,0.08206137013867654,1.119385601676969,0.3988,1.0,9999,within_state_lower_higher_label_swap,fixed_eligible_dyad_edge_count_expected_occurrence,0.8210761589403973,0.004896514678830239,0.0,5,4,50
motif_d0038ba3c8704588,47,20.0,30.0,-0.2127659574468085,0.41962813231291396,0.6354391025997697,-0.21581097028685534,-2.704977052618673,0.0055,0.4566,9999,within_state_lower_higher_label_swap,fixed_eligible_dyad_edge_count_expected_occurrence,0.13549999999999998,0.0007395775821372629,0.004981128787734764,5,4,50
motif_3c069e7c4f04b0c0,47,27.0,23.0,0.0851063829787234,0.572759985938764,0.48873635680456723,0.08402362913419666,0.9880335481198973,0.4546,1.0,9999,within_state_lower_higher_label_swap,fixed_eligible_dyad_edge_count_expected_occurrence,0.8210761589403973,0.004979345740155025,0.0,5,5,50
motif_9f155f3c63b0ae66,47,27.0,23.0,0.0851063829787234,0.5727599859387641,0.48873635680456723,0.08402362913419664,1.1446866919762761,0.3986,1.0,9999,within_state_lower_higher_label_swap,fixed_eligible_dyad_edge_count_expected_occurrence,0.8210761589403973,0.004896100897653152,0.0,5,5,50
motif_1bd7b111855e755d,47,23.0,26.0,-0.06382978723404255,0.4686022587250006,0.5405234218198095,-0.071921163094809,-0.873317214752306,0.3027,1.0,9999,within_state_lower_higher_label_swap,fixed_eligible_dyad_edge_count_expected_occurrence,0.7455565610859729,0.00459426501194696,0.0,4,3,49
motif_2de10e214c2ecf82,47,20.0,29.0,-0.19148936170212766,0.40477247149095813,0.6043532090538521,-0.19958073756289413,-2.5679358846332123,0.0077,0.5853,9999,within_state_lower_higher_label_swap,fixed_eligible_dyad_edge_count_expected_occurrence,0.15457037037037036,0.0008741115489455566,0.00492670183794392,4,3,49
motif_bac9340a022e2595,47,20.0,29.0,-0.19148936170212766,0.40477247149095813,0.6043532090538521,-0.19958073756289413,-2.1361352144613246,0.0278,0.8707,9999,within_state_lower_higher_label_swap,fixed_eligible_dyad_edge_count_expected_occurrence,0.319271875,0.0016439939172636863,0.0033553168255769823,4,3,49
motif_ec1808fd0b66f7a0,47,24.0,25.0,-0.02127659574468085,0.48987885446968155,0.5192468260751287,-0.029367971605447296,-0.3554071191164168,0.6098,1.0,9999,within_state_lower_higher_label_swap,fixed_eligible_dyad_edge_count_expected_occurrence,0.8799447028423772,0.00487794997924333,0.0,4,3,49
motif_5d8278297502c784,47,20.0,29.0,-0.19148936170212766,0.4196281323129139,0.6141625068550888,-0.19453437454217454,-2.489712394883125,0.0077,0.6232,9999,within_state_lower_higher_label_swap,fixed_eligible_dyad_edge_count_expected_occurrence,0.15457037037037036,0.0008741115489455566,0.004845841103461813,4,4,49
motif_508757ac2e89a6f3,47,20.0,29.0,-0.19148936170212766,0.41962813231291396,0.6141625068550888,-0.19453437454217448,-2.067829148540754,0.0278,0.8984,9999,within_state_lower_higher_label_swap,fixed_eligible_dyad_edge_count_expected_occurrence,0.319271875,0.0016439939172636863,0.0030212156493702996,5,4,49
motif_6448517953121ee6,47,24.0,25.0,-0.02127659574468085,0.5047345152916374,0.5290561238763652,-0.024321608584727712,-0.29290626140332404,0.61,1.0,9999,within_state_lower_higher_label_swap,fixed_eligible_dyad_edge_count_expected_occurrence,0.8799447028423772,0.0048774993593028795,0.0,5,4,49
motif_eba470805227f98f,47,23.0,26.0,-0.06382978723404255,0.48345791954695644,0.5503327196210462,-0.06687480007408944,-0.809420631886228,0.3027,1.0,9999,within_state_lower_higher_label_swap,fixed_eligible_dyad_edge_count_expected_occurrence,0.7455565610859729,0.00459426501194696,0.0,5,4,49
motif_f86305e1294efd83,47,27.0,22.0,0.10638297872340426,0.5685643025256798,0.46522633664232266,0.10333796588335736,1.3637219840317465,0.2743,0.9997,9999,within_state_lower_higher_label_swap,fixed_eligible_dyad_edge_count_expected_occurrence,0.7079552380952381,0.004461608566425342,0.00017317909804591517,5,4,49
motif_8d08924ed3622983,47,27.0,22.0,0.10638297872340426,0.572759985938764,0.4674597610598864,0.1053002248788775,1.387363318387085,0.2742,0.9997,9999,within_state_lower_higher_label_swap,fixed_eligible_dyad_edge_count_expected_occurrence,0.7079552380952381,0.004461102554302019,0.00017317909804591517,5,5,49
motif_5b961f2be4f41e18,47,24.0,24.0,0.0,0.48987885446968144,0.4979702303304479,-0.008091375860766418,-0.09467412540098007,0.8029,1.0,9999,within_state_lower_higher_label_swap,fixed_eligible_dyad_edge_count_expected_occurrence,0.8995878048780488,0.00397808484072424,0.0,4,3,48
motif_042d5c92b6ddeb0e,47,23.0,25.0,-0.0425531914893617,0.48345791954695644,0.5290561238763652,-0.04559820432940859,-0.5323001202655582,0.4544,1.0,9999,within_state_lower_higher_label_swap,fixed_eligible_dyad_edge_count_expected_occurrence,0.8210761589403973,0.004979162981867535,0.0,5,4,48
motif_8288677f41522d3e,47,24.0,24.0,0.0,0.5047345152916374,0.5077795281316845,-0.0030450128400468343,-0.035469363202043615,0.8031,1.0,9999,within_state_lower_higher_label_swap,fixed_eligible_dyad_edge_count_expected_occurrence,0.8995878048780488,0.003976561202848511,0.0,5,4,48
motif_de554d8eb3595187,47,20.0,28.0,-0.1702127659574468,0.4196281323129139,0.5928859111104079,-0.1732577787974937,-2.1111524910289057,0.0217,0.8789,9999,within_state_lower_higher_label_swap,fixed_eligible_dyad_edge_count_expected_occurrence,0.26730454545454546,0.0014570212764403955,0.003262434520415697,5,4,48
motif_e1b45ea8e38bda1d,47,20.0,28.0,-0.1702127659574468,0.42382381572599814,0.5951193355279715,-0.17129551980197358,-2.0835241482925486,0.0217,0.887,9999,within_state_lower_higher_label_swap,fixed_eligible_dyad_edge_count_expected_occurrence,0.26730454545454546,0.0014570212764403955,0.003165927984019851,5,5,48
motif_e7b678b80985a50a,47,23.0,24.0,-0.02127659574468085,0.46860225872500066,0.4979702303304479,-0.029367971605447296,-0.3548704701960005,0.6052,1.0,9999,within_state_lower_higher_label_swap,fixed_eligible_dyad_edge_count_expected_occurrence,0.8799447028423772,0.004888076922471659,0.0,4,3,47
motif_a23b58bb6552ca3b,47,23.0,24.0,-0.02127659574468085,0.4834579195469565,0.5077795281316844,-0.024321608584727712,-0.29276964318265913,0.6053,1.0,9999,within_state_lower_higher_label_swap,fixed_eligible_dyad_edge_count_expected_occurrence,0.8799447028423772,0.004887861597876929,0.0,4,4,47
motif_2cdb329eb88af463,47,24.0,23.0,0.02127659574468085,0.5047345152916374,0.4865029323870035,0.01823158290463397,0.21947437697181973,0.9994,1.0,9999,within_state_lower_higher_label_swap,fixed_eligible_dyad_edge_count_expected_occurrence,0.9998999999999999,0.0002448754785600316,0.0,5,4,47
motif_627e0dce19fa9636,47,24.0,23.0,0.02127659574468085,0.5047345152916374,0.4865029323870035,0.018231582904633982,0.21973208054667057,0.9996,1.0,9999,within_state_lower_higher_label_swap,fixed_eligible_dyad_edge_count_expected_occurrence,0.9998999999999999,0.0001999599959991888,0.0,5,4,47
motif_1f4787323fa6b30a,47,24.0,23.0,0.02127659574468085,0.5089301987047214,0.48873635680456723,0.020193841900154063,0.2427485299994495,0.9992,1.0,9999,within_state_lower_higher_label_swap,fixed_eligible_dyad_edge_count_expected_occurrence,0.9998999999999999,0.00028272955275316074,0.0,5,5,47
motif_7611ddb360618444,47,24.0,23.0,0.02127659574468085,0.5089301987047214,0.48873635680456723,0.020193841900154073,0.24284656129560678,0.9996,1.0,9999,within_state_lower_higher_label_swap,fixed_eligible_dyad_edge_count_expected_occurrence,0.9998999999999999,0.0001999599959991888,0.0,5,5,47
motif_b8f74c60dd14740c,47,23.0,23.0,0.0,0.4834579195469565,0.4865029323870035,-0.0030450128400468625,-0.0354928241327559,0.8038,1.0,9999,within_state_lower_higher_label_swap,fixed_eligible_dyad_edge_count_expected_occurrence,0.8995878048780488,0.003971215934698087,0.0,4,4,46
motif_8e4c0f6b5f4dcf4c,47,23.0,23.0,0.0,0.4876536029600406,0.48873635680456723,-0.0010827538445267867,-0.012597166118870953,0.8038,1.0,9999,within_state_lower_higher_label_swap,fixed_eligible_dyad_edge_count_expected_occurrence,0.8995878048780488,0.003971215934698087,0.0,4,5,46
motif_fb71835b862676ea,47,20.0,26.0,-0.1276595744680851,0.41962813231291396,0.550332719621046,-0.130704587308132,-1.390123995556445,0.1217,0.9997,9999,within_state_lower_higher_label_swap,fixed_eligible_dyad_edge_count_expected_occurrence,0.49758045112781957,0.0032693900042668513,0.00017317909804591517,5,4,46
motif_34712bfa3ca77994,47,19.0,26.0,-0.14893617021276595,0.32989343020504913,0.49845111181083457,-0.16855768160578563,-1.7954484663864492,0.0778,0.9786,9999,within_state_lower_higher_label_swap,fixed_eligible_dyad_edge_count_expected_occurrence,0.43304693877551015,0.0026785660342802825,0.0014471364828515648,3,2,45
motif_130e8d015ee1c8e6,47,19.0,26.0,-0.14893617021276595,0.38349587574627725,0.5405234218198096,-0.15702754607353245,-1.9685165852248165,0.034,0.9404,9999,within_state_lower_higher_label_swap,fixed_eligible_dyad_edge_count_expected_occurrence,0.319271875,0.0018122913673027303,0.0023674425019417048,4,3,45
motif_165c840f51ada343,47,20.0,25.0,-0.10638297872340426,0.41962813231291396,0.5290561238763654,-0.10942799156345112,-1.2580592594690454,0.147,0.9999,9999,within_state_lower_higher_label_swap,fixed_eligible_dyad_edge_count_expected_occurrence,0.5276423841059602,0.003541059163583687,9.999499987498824e-05,4,4,45
motif_0145829533663255,47,19.0,26.0,-0.14893617021276595,0.39835153656823313,0.5503327196210461,-0.15198118305281286,-1.8967726875967224,0.034,0.9568,9999,within_state_lower_higher_label_swap,fixed_eligible_dyad_edge_count_expected_occurrence,0.319271875,0.0018122913673027303,0.002033070584116548,5,4,45
motif_3ca241df6e5e399b,47,21.0,24.0,-0.06382978723404255,0.4409047280575949,0.5077795281316845,-0.06687480007408944,-0.7603549349020601,0.3343,1.0,9999,within_state_lower_higher_label_swap,fixed_eligible_dyad_edge_count_expected_occurrence,0.7626391666666666,0.004717451748560869,0.0,5,4,45
motif_472d9dc1836bab98,47,19.0,26.0,-0.14893617021276595,0.39835153656823313,0.5503327196210462,-0.15198118305281283,-2.0499822348249177,0.0201,0.9101,9999,within_state_lower_higher_label_swap,fixed_eligible_dyad_edge_count_expected_occurrence,0.26730454545454546,0.00140342402715644,0.0028603844147247056,5,4,45
motif_5bad6588e3c14b16,47,19.0,26.0,-0.14893617021276595,0.39835153656823313,0.5503327196210461,-0.15198118305281286,-1.8967726875967224,0.034,0.9568,9999,within_state_lower_higher_label_swap,fixed_eligible_dyad_edge_count_expected_occurrence,0.319271875,0.0018122913673027303,0.002033070584116548,5,4,45
motif_ebb94316f5d3356b,47,21.0,24.0,-0.06382978723404255,0.4409047280575949,0.5077795281316845,-0.06687480007408944,-0.7603549349020601,0.3343,1.0,9999,within_state_lower_higher_label_swap,fixed_eligible_dyad_edge_count_expected_occurrence,0.7626391666666666,0.004717451748560869,0.0,5,4,45
motif_290c1bbabab0f535,47,19.0,26.0,-0.14893617021276595,0.4025472199813173,0.5525661440386097,-0.15001892405729272,-2.019251713377925,0.0201,0.919,9999,within_state_lower_higher_label_swap,fixed_eligible_dyad_edge_count_expected_occurrence,0.26730454545454546,0.00140342402715644,0.0027283511504203406,5,5,45
motif_5d4a3de6daa53094,47,21.0,24.0,-0.06382978723404255,0.44510041147067897,0.510012952549248,-0.06491254107856934,-0.7367815689330575,0.3344,1.0,9999,within_state_lower_higher_label_swap,fixed_eligible_dyad_edge_count_expected_occurrence,0.7626391666666666,0.004717802878459421,0.0,5,5,45
motif_a32ef714ca7c1caf,47,20.0,25.0,-0.10638297872340426,0.42382381572599814,0.5312895482939289,-0.10746573256793102,-1.23270170469807,0.147,1.0,9999,within_state_lower_higher_label_swap,fixed_eligible_dyad_edge_count_expected_occurrence,0.5276423841059602,0.003541059163583687,0.0,5,5,45
motif_5665f6ba7fc7cdc0,47,23.0,21.0,0.0425531914893617,0.46860225872500066,0.4341404430964055,0.03446181562859525,0.40474901958443116,0.8062,1.0,9999,within_state_lower_higher_label_swap,fixed_eligible_dyad_edge_count_expected_occurrence,0.8995878048780488,0.003952740315274961,0.0,4,3,44
motif_4b20edf7a84d17a9,47,22.0,22.0,0.0,0.46218132380227567,0.46522633664232255,-0.0030450128400468625,-0.03791489604448057,0.7919,1.0,9999,within_state_lower_higher_label_swap,fixed_eligible_dyad_edge_count_expected_occurrence,0.8995878048780488,0.004059487529233216,0.0,5,4,44
motif_4b7f33281feedeaf,47,22.0,22.0,0.0,0.46218132380227567,0.4652263366423225,-0.0030450128400468703,-0.037921660195276506,0.791,1.0,9999,within_state_lower_higher_label_swap,fixed_eligible_dyad_edge_count_expected_occurrence,0.8995878048780488,0.004065943924846971,0.0,5,4,44
motif_57abb9a1ba9ef16c,47,22.0,22.0,0.0,0.46218132380227567,0.46522633664232266,-0.0030450128400468343,-0.03794128336742575,0.7919,1.0,9999,within_state_lower_higher_label_swap,fixed_eligible_dyad_edge_count_expected_occurrence,0.8995878048780488,0.004059487529233216,0.0,5,4,44
motif_0c0cba279f8eaafe,47,22.0,22.0,0.0,0.4663770072153599,0.46745976105988646,-0.0010827538445267798,-0.013464141956391576,0.791,1.0,9999,within_state_lower_higher_label_swap,fixed_eligible_dyad_edge_count_expected_occurrence,0.8995878048780488,0.004065943924846971,0.0,5,5,44
motif_3a44a0047355a92b,47,22.0,22.0,0.0,0.46637700721535974,0.46745976105988646,-0.0010827538445267787,-0.013463340566879922,0.7919,1.0,9999,within_state_lower_higher_label_swap,fixed_eligible_dyad_edge_count_expected_occurrence,0.8995878048780488,0.004059487529233216,0.0,5,5,44
motif_72376cc605a69c03,47,22.0,22.0,0.0,0.46637700721535974,0.46745976105988646,-0.0010827538445267787,-0.013463340566879922,0.7919,1.0,9999,within_state_lower_higher_label_swap,fixed_eligible_dyad_edge_count_expected_occurrence,0.8995878048780488,0.004059487529233216,0.0,5,5,44
motif_7ed0d1a35df795fc,47,20.0,24.0,-0.0851063829787234,0.42382381572599814,0.510012952549248,-0.08618913682325016,-0.9546135348056812,0.2399,1.0,9999,within_state_lower_higher_label_swap,fixed_eligible_dyad_edge_count_expected_occurrence,0.6633969387755102,0.0042702223595499095,0.0,5,5,44
motif_396f8c618dc38f26,47,22.0,22.0,0.0,0.4675842620402036,0.46795290732848827,-0.0003686452882844814,-0.004581911156212822,0.7922,1.0,9999,within_state_lower_higher_label_swap,fixed_eligible_dyad_edge_count_expected_occurrence,0.8995878048780488,0.00405732867783718,0.0,5,6,44
motif_904ccc169bdd8cf0,47,20.0,23.0,-0.06382978723404255,0.35117002594973,0.4346213245767921,-0.08345129862706226,-0.9671737369535742,0.3288,1.0,9999,within_state_lower_higher_label_swap,fixed_eligible_dyad_edge_count_expected_occurrence,0.7626391666666666,0.004697771386519356,0.0,3,2,43
motif_94bb9d085649fe12,47,29.0,14.0,0.3191489361702128,0.5426593876518575,0.24313196287466457,0.2995274247771931,3.3362043293473738,0.0025,0.1396,9999,within_state_lower_higher_label_swap,fixed_eligible_dyad_edge_count_expected_occurrence,0.09678571428571428,0.0004993746088859545,0.003465715510540356,3,2,43
motif_738262c87e2a834c,47,18.0,25.0,-0.14893617021276595,0.36221928000159637,0.5192468260751287,-0.1570275460735324,-1.7391717428956088,0.0632,0.9881,9999,within_state_lower_higher_label_swap,fixed_eligible_dyad_edge_count_expected_occurrence,0.39372873563218397,0.002433223376511084,0.0010843611022164168,4,3,43
motif_5bf36971a980c4ca,47,22.0,21.0,0.02127659574468085,0.4621813238022757,0.44394974089764166,0.01823158290463398,0.21977415564836356,0.9997,1.0,9999,within_state_lower_higher_label_swap,fixed_eligible_dyad_edge_count_expected_occurrence,0.9998999999999999,0.00017317909804591517,0.0,5,4,43
motif_b8b1456b837147f2,47,21.0,22.0,-0.02127659574468085,0.44090472805759473,0.4652263366423225,-0.024321608584727723,-0.3144462662488197,0.5868,1.0,9999,within_state_lower_higher_label_swap,fixed_eligible_dyad_edge_count_expected_occurrence,0.8799447028423772,0.004924081234098398,0.0,5,4,43
motif_cebe0606f15d5cc0,47,18.0,25.0,-0.14893617021276595,0.37707494082355225,0.5290561238763654,-0.15198118305281286,-1.7736329813616656,0.0485,0.9816,9999,within_state_lower_higher_label_swap,fixed_eligible_dyad_edge_count_expected_occurrence,0.3439615384615385,0.0021482027371735658,0.0013439285695303889,5,4,43
motif_d398da6c713f53b7,47,18.0,25.0,-0.14893617021276595,0.3770749408235522,0.5290561238763652,-0.15198118305281277,-1.6729356571213663,0.0632,0.9928,9999,within_state_lower_higher_label_swap,fixed_eligible_dyad_edge_count_expected_occurrence,0.39372873563218397,0.002433223376511084,0.0008454679177828089,5,4,43
motif_a328587a896f8edc,47,22.0,21.0,0.02127659574468085,0.4663770072153599,0.44618316531520563,0.02019384190015407,0.24283560271535554,0.9995,1.0,9999,within_state_lower_higher_label_swap,fixed_eligible_dyad_edge_count_expected_occurrence,0.9998999999999999,0.00022355088906106927,0.0,5,5,43
motif_2f35404608f3f2ef,47,22.0,21.0,0.02127659574468085,0.4675842620402036,0.44667631158380744,0.02090795045639637,0.25125721928715383,0.999,1.0,9999,within_state_lower_higher_label_swap,fixed_eligible_dyad_edge_count_expected_occurrence,0.9998999999999999,0.0003160696125855823,0.0,5,6,43
motif_2aa95981fc3e8f36,47,20.0,22.0,-0.0425531914893617,0.35117002594973,0.4133447288321113,-0.06217470288238139,-0.6914998028527206,0.476,1.0,9999,within_state_lower_higher_label_swap,fixed_eligible_dyad_edge_count_expected_occurrence,0.8412475570032573,0.004994236678412428,0.0,3,2,42
motif_61367486903318cd,47,17.0,25.0,-0.1702127659574468,0.2873402387156874,0.4771745160661538,-0.18983427735046646,-2.2251256253400196,0.032,0.8301,9999,within_state_lower_higher_label_swap,fixed_eligible_dyad_edge_count_expected_occurrence,0.319271875,0.00176,0.0037554492407700043,3,2,42
motif_24fa1a057d5acded,47,22.0,20.0,0.0425531914893617,0.44732566298031984,0.41286384735172466,0.03446181562859525,0.4064172812496014,0.8095,1.0,9999,within_state_lower_higher_label_swap,fixed_eligible_dyad_edge_count_expected_occurrence,0.8995878048780488,0.00392695492716685,0.0,4,3,42
motif_d9bff20e093a1be3,47,19.0,23.0,-0.0851063829787234,0.38349587574627725,0.47669363458576713,-0.09319775883948983,-1.03745560167896,0.2338,1.0,9999,within_state_lower_higher_label_swap,fixed_eligible_dyad_edge_count_expected_occurrence,0.6531938144329897,0.00423246453027075,0.0,4,3,42
motif_a5f0aedaba53c141,47,22.0,20.0,0.0425531914893617,0.4621813238022757,0.4226731451529608,0.03950817864931483,0.4623660109621675,0.8092,1.0,9999,within_state_lower_higher_label_swap,fixed_eligible_dyad_edge_count_expected_occurrence,0.8995878048780488,0.003929317497988677,0.0,4,4,42
motif_2d9dea63090b7772,47,18.0,24.0,-0.1276595744680851,0.3770749408235522,0.5077795281316844,-0.130704587308132,-1.4685543069941454,0.0948,0.9992,9999,within_state_lower_higher_label_swap,fixed_eligible_dyad_edge_count_expected_occurrence,0.4648504504504505,0.0029293849183745038,0.00028272955275316074,5,4,42
motif_5ded3e44b292b50e,47,22.0,20.0,0.0425531914893617,0.4621813238022757,0.4226731451529608,0.03950817864931483,0.4623660109621675,0.8092,1.0,9999,within_state_lower_higher_label_swap,fixed_eligible_dyad_edge_count_expected_occurrence,0.8995878048780488,0.003929317497988677,0.0,5,4,42
motif_752a9ee5cce96695,47,18.0,24.0,-0.1276595744680851,0.3770749408235522,0.5077795281316844,-0.130704587308132,-1.5637596663964857,0.081,0.9974,9999,within_state_lower_higher_label_swap,fixed_eligible_dyad_edge_count_expected_occurrence,0.438429702970297,0.0027283511504203415,0.0005092386473943279,5,4,42
motif_f31ec24997c9f33d,47,22.0,20.0,0.0425531914893617,0.4621813238022757,0.4226731451529608,0.03950817864931483,0.4941334438337434,0.7909,1.0,9999,within_state_lower_higher_label_swap,fixed_eligible_dyad_edge_count_expected_occurrence,0.8995878048780488,0.004066659439884289,0.0,5,4,42
motif_825fab86668eb8ff,47,18.0,24.0,-0.1276595744680851,0.38127062423663655,0.510012952549248,-0.12874232831261184,-1.4434013348404486,0.095,0.9993,9999,within_state_lower_higher_label_swap,fixed_eligible_dyad_edge_count_expected_occurrence,0.4648504504504505,0.00293214938227915,0.00026448251359967713,5,5,42
motif_9346ea0f68c7424e,47,22.0,20.0,0.0425531914893617,0.4663770072153598,0.42490656957052475,0.04147043764483494,0.48397349519626304,0.8092,1.0,9999,within_state_lower_higher_label_swap,fixed_eligible_dyad_edge_count_expected_occurrence,0.8995878048780488,0.003929317497988677,0.0,5,5,42
motif_fc5100af43da23a5,47,15.0,26.0,-0.23404255319148937,0.2447870472263257,0.4984511118108347,-0.253664064584509,-2.9655144949274126,0.0044,0.2957,9999,within_state_lower_higher_label_swap,fixed_eligible_dyad_edge_count_expected_occurrence,0.11356190476190478,0.0006618640343756413,0.0045635677928568125,3,2,41
motif_08f3fda7af28ee0d,47,19.0,22.0,-0.06382978723404255,0.38349587574627725,0.45541703884108636,-0.07192116309480899,-0.8197786337371509,0.3266,1.0,9999,within_state_lower_higher_label_swap,fixed_eligible_dyad_edge_count_expected_occurrence,0.7626391666666666,0.0046896955125039835,0.0,4,3,41
motif_ba42a46d0a454734,47,17.0,24.0,-0.14893617021276595,0.34094268425691565,0.49797023033044796,-0.15702754607353242,-1.7361910253874289,0.0606,0.9887,9999,within_state_lower_higher_label_swap,fixed_eligible_dyad_edge_count_expected_occurrence,0.3864141176470588,0.0023859513825725785,0.00105699148530156,4,3,41
motif_f436a966bfb8a0f7,47,28.0,13.0,0.3191489361702128,0.5749852374484049,0.26392767713895887,0.31105756030944637,3.6256677308098713,0.0008,0.0618,9999,within_state_lower_higher_label_swap,fixed_eligible_dyad_edge_count_expected_occurrence,0.03752307692307692,0.0002827295527531567,0.0024079194338681685,4,3,41
motif_60b43b9090a793bc,47,22.0,19.0,0.06382978723404255,0.4621813238022757,0.40139654940827996,0.06078477439399568,0.7375211190712738,0.6104,1.0,9999,within_state_lower_higher_label_swap,fixed_eligible_dyad_edge_count_expected_occurrence,0.8799447028423772,0.004876595533771485,0.0,5,4,41
motif_b0af780cd01e57bf,47,18.0,23.0,-0.10638297872340426,0.3770749408235522,0.4865029323870035,-0.10942799156345112,-1.2578158249814013,0.1436,0.9999,9999,within_state_lower_higher_label_swap,fixed_eligible_dyad_edge_count_expected_occurrence,0.5276423841059602,0.003506836751261741,9.999499987498824e-05,5,4,41
motif_f5528311f24310da,47,18.0,23.0,-0.10638297872340426,0.3770749408235522,0.4865029323870035,-0.10942799156345114,-1.1875554112547826,0.1652,1.0,9999,within_state_lower_higher_label_swap,fixed_eligible_dyad_edge_count_expected_occurrence,0.5684139240506328,0.0037136095648304225,0.0,5,4,41
motif_fd2c20ed817a1487,47,22.0,19.0,0.06382978723404255,0.46218132380227567,0.4013965494082798,0.06078477439399567,0.6911906414673125,0.623,1.0,9999,within_state_lower_higher_label_swap,fixed_eligible_dyad_edge_count_expected_occurrence,0.8799447028423772,0.0048463491413640435,0.0,5,4,41
motif_9ce65289eb9b60cb,47,22.0,19.0,0.06382978723404255,0.4663770072153598,0.4036299738258441,0.06274703338951579,0.7591550028627427,0.6103,1.0,9999,within_state_lower_higher_label_swap,fixed_eligible_dyad_edge_count_expected_occurrence,0.8799447028423772,0.004876821813435467,0.0,5,5,41
motif_67b3ff2f437cc158,47,20.0,20.0,0.0,0.35117002594973,0.3707915373427496,-0.019621511393019684,-0.2302631232536251,0.7974,1.0,9999,within_state_lower_higher_label_swap,fixed_eligible_dyad_edge_count_expected_occurrence,0.8995878048780488,0.00401936860713222,0.0,3,2,40
motif_e744486a4774c589,47,19.0,21.0,-0.0425531914893617,0.32989343020504913,0.39206813308743055,-0.06217470288238139,-0.6925798761580476,0.4765,1.0,9999,within_state_lower_higher_label_swap,fixed_eligible_dyad_edge_count_expected_occurrence,0.8412475570032573,0.004994474446826213,0.0,3,2,40
motif_2f1cad9346e74372,47,18.0,22.0,-0.0851063829787234,0.3622192800015964,0.4554170388410862,-0.09319775883948987,-1.1040226293683428,0.2084,1.0,9999,within_state_lower_higher_label_swap,fixed_eligible_dyad_edge_count_expected_occurrence,0.6204170212765958,0.0040616430173022345,0.0,4,3,40
motif_1890479618ebbd5a,47,19.0,21.0,-0.0425531914893617,0.398351536568233,0.44394974089764166,-0.045598204329408566,-0.5318996444480932,0.4527,1.0,9999,within_state_lower_higher_label_swap,fixed_eligible_dyad_edge_count_expected_occurrence,0.8210761589403973,0.004977576820100318,0.0,5,4,40
motif_a79cab0e1b2c2fbf,47,12.0,28.0,-0.3404255319148936,0.24941536635546707,0.5928859111104079,-0.3434705447549404,-4.532183403978731,0.0001,0.0035,9999,within_state_lower_higher_label_swap,fixed_eligible_dyad_edge_count_expected_occurrence,0.0271,9.999499987499375e-05,0.0005905717568594015,5,4,40
motif_8772d8cec906d3dc,47,20.0,19.0,0.02127659574468085,0.35117002594973,0.3495149415980688,0.0016550843516611562,0.020028206985322306,0.9997,1.0,9999,within_state_lower_higher_label_swap,fixed_eligible_dyad_edge_count_expected_occurrence,0.9998999999999999,0.00017317909804591517,0.0,3,2,39
motif_2768109c9ad0c060,47,20.0,19.0,0.02127659574468085,0.4047724714909582,0.3915872516070439,0.013185219883914377,0.159071852058619,0.9998,1.0,9999,within_state_lower_higher_label_swap,fixed_eligible_dyad_edge_count_expected_occurrence,0.9998999999999999,0.0001414072133945005,0.0,4,3,39
motif_d1f6be288fa1eb5b,47,14.0,25.0,-0.23404255319148937,0.2771128970228731,0.5192468260751287,-0.24213392905225575,-2.6379890696911303,0.0066,0.5688,9999,within_state_lower_higher_label_swap,fixed_eligible_dyad_edge_count_expected_occurrence,0.14905,0.0008097184695929814,0.004952439398922515,4,3,39
motif_1ad6eca41bc12d2a,47,21.0,18.0,0.06382978723404255,0.4409047280575948,0.380119953663599,0.060784774393995676,0.6920908158183553,0.6239,1.0,9999,within_state_lower_higher_label_swap,fixed_eligible_dyad_edge_count_expected_occurrence,0.8799447028423772,0.004844056048395807,0.0,5,4,39
motif_280c39cdcfcace26,47,18.0,21.0,-0.06382978723404255,0.3770749408235522,0.44394974089764166,-0.06687480007408944,-0.8082053191345953,0.3027,1.0,9999,within_state_lower_higher_label_swap,fixed_eligible_dyad_edge_count_expected_occurrence,0.7455565610859729,0.00459426501194696,0.0,5,4,39
motif_87cc0947b79bd1a4,47,21.0,18.0,0.06382978723404255,0.4409047280575949,0.380119953663599,0.06078477439399567,0.7924248052034888,0.5839,1.0,9999,within_state_lower_higher_label_swap,fixed_eligible_dyad_edge_count_expected_occurrence,0.8799447028423772,0.004929105294067069,0.0,5,4,39
motif_a286a547b110eed9,47,18.0,21.0,-0.06382978723404255,0.3770749408235522,0.44394974089764166,-0.06687480007408943,-0.8091840372294449,0.304,1.0,9999,within_state_lower_higher_label_swap,fixed_eligible_dyad_edge_count_expected_occurrence,0.7455565610859729,0.004599826083668816,0.0,5,4,39
motif_aeb7b3cc0e77bf78,47,21.0,18.0,0.06382978723404255,0.4409047280575949,0.380119953663599,0.06078477439399567,0.7924248052034888,0.5839,1.0,9999,within_state_lower_higher_label_swap,fixed_eligible_dyad_edge_count_expected_occurrence,0.8799447028423772,0.004929105294067069,0.0,5,4,39
motif_c297aea309bced17,47,26.0,13.0,0.2765957446808511,0.547287706780999,0.2737369749401948,0.27355073184080425,3.25333625573597,0.0039,0.1792,9999,within_state_lower_higher_label_swap,fixed_eligible_dyad_edge_count_expected_occurrence,0.10568999999999999,0.0006232808355789547,0.0038351969962441305,5,4,39
motif_ef33fbd9d0acc07e,47,17.0,22.0,-0.10638297872340426,0.3557983450788714,0.4652263366423225,-0.10942799156345114,-1.2555292709853363,0.1388,1.0,9999,within_state_lower_higher_label_swap,fixed_eligible_dyad_edge_count_expected_occurrence,0.5276423841059602,0.003457377040474469,0.0,5,4,39
motif_f3686eff0a11ab0b,47,17.0,22.0,-0.10638297872340426,0.3557983450788713,0.46522633664232255,-0.10942799156345111,-1.2572621486967723,0.1423,0.9999,9999,within_state_lower_higher_label_swap,fixed_eligible_dyad_edge_count_expected_occurrence,0.5276423841059602,0.003493575675436271,9.999499987498824e-05,5,4,39
motif_5bfc4a225f2f79e3,47,18.0,21.0,-0.06382978723404255,0.3812706242366365,0.44618316531520563,-0.06491254107856934,-0.8444756187305312,0.271,1.0,9999,within_state_lower_higher_label_swap,fixed_eligible_dyad_edge_count_expected_occurrence,0.7079552380952381,0.004444760960951669,0.0,5,5,39
motif_a1bf96e5bcfd11c0,47,21.0,18.0,0.06382978723404255,0.44510041147067897,0.38235337808116315,0.06274703338951579,0.71250123619636,0.6238,1.0,9999,within_state_lower_higher_label_swap,fixed_eligible_dyad_edge_count_expected_occurrence,0.8799447028423772,0.00484431171581681,0.0,5,5,39
motif_a74b93da382c579d,47,21.0,18.0,0.06382978723404255,0.44510041147067897,0.38235337808116315,0.06274703338951579,0.816070449840122,0.5838,1.0,9999,within_state_lower_higher_label_swap,fixed_eligible_dyad_edge_count_expected_occurrence,0.8799447028423772,0.004929275403139898,0.0,5,5,39
motif_bc3158d22549bb20,47,17.0,22.0,-0.10638297872340426,0.35999402849195555,0.46745976105988646,-0.10746573256793099,-1.2324346493400298,0.1424,1.0,9999,within_state_lower_higher_label_swap,fixed_eligible_dyad_edge_count_expected_occurrence,0.5276423841059602,0.0034945992617180016,0.0,5,5,39
motif_bc9fa3f671bd8fbc,47,17.0,22.0,-0.10638297872340426,0.35999402849195555,0.46745976105988646,-0.10746573256793099,-1.2324346493400298,0.1424,1.0,9999,within_state_lower_higher_label_swap,fixed_eligible_dyad_edge_count_expected_occurrence,0.5276423841059602,0.0034945992617180016,0.0,5,5,39
motif_0993068cca98bb75,47,17.0,22.0,-0.10638297872340426,0.3612012833167994,0.46795290732848827,-0.10675162401168874,-1.223489033350236,0.1426,1.0,9999,within_state_lower_higher_label_swap,fixed_eligible_dyad_edge_count_expected_occurrence,0.5276423841059602,0.003496644677401466,0.0,5,6,39
motif_e390ceeffbb5a40b,47,13.0,25.0,-0.2553191489361702,0.2558363012781923,0.5192468260751287,-0.2634105247969366,-3.1928722617424996,0.0008,0.1875,9999,within_state_lower_higher_label_swap,fixed_eligible_dyad_edge_count_expected_occurrence,0.03752307692307692,0.0002827295527531567,0.0039031237489989988,3,3,38
motif_49217163f0dffbc8,47,19.0,19.0,0.0,0.38349587574627725,0.39158725160704383,-0.008091375860766437,-0.10096388831396409,0.7917,1.0,9999,within_state_lower_higher_label_swap,fixed_eligible_dyad_edge_count_expected_occurrence,0.8995878048780488,0.004060924894651464,0.0,4,3,38
motif_589b182e5642be3c,47,18.0,20.0,-0.0425531914893617,0.3622192800015964,0.41286384735172466,-0.05064456735012814,-0.5937149664150072,0.4455,1.0,9999,within_state_lower_higher_label_swap,fixed_eligible_dyad_edge_count_expected_occurrence,0.8210761589403973,0.004970208748131209,0.0,4,3,38
motif_8d85dc8910d4a0d4,47,16.0,22.0,-0.1276595744680851,0.31966608851223477,0.4554170388410862,-0.13575095032885157,-1.6314644552566198,0.0753,0.9953,9999,within_state_lower_higher_label_swap,fixed_eligible_dyad_edge_count_expected_occurrence,0.43304693877551015,0.0026387479985781137,0.000683952483729684,4,3,38
motif_91f8b80b46fb6115,47,19.0,19.0,0.0,0.38349587574627725,0.3915872516070439,-0.008091375860766453,-0.08912228871418265,0.8147,1.0,9999,within_state_lower_higher_label_swap,fixed_eligible_dyad_edge_count_expected_occurrence,0.8995878048780488,0.003885407443241957,0.0,4,3,38
motif_a25aafa6bbcffed2,47,19.0,19.0,0.0,0.38349587574627725,0.3915872516070439,-0.008091375860766453,-0.09443529977458677,0.802,1.0,9999,within_state_lower_higher_label_swap,fixed_eligible_dyad_edge_count_expected_occurrence,0.8995878048780488,0.003984921580156879,0.0,4,3,38
motif_15072348c6870401,47,18.0,19.0,-0.02127659574468085,0.30861683446036825,0.34951494159806884,-0.04089810713770054,-0.4450430257239359,0.6408,1.0,9999,within_state_lower_higher_label_swap,fixed_eligible_dyad_edge_count_expected_occurrence,0.8906866666666666,0.004797659429346773,0.0,3,2,37
motif_029c13843bbf61d1,47,18.0,19.0,-0.02127659574468085,0.3622192800015964,0.3915872516070439,-0.029367971605447275,-0.31543717013942785,0.6409,1.0,9999,within_state_lower_higher_label_swap,fixed_eligible_dyad_edge_count_expected_occurrence,0.8906866666666666,0.004797365839708287,0.0,4,3,37
motif_37475eace4a84e41,47,14.0,23.0,-0.19148936170212766,0.2771128970228731,0.47669363458576713,-0.19958073756289404,-2.3865486962900864,0.0137,0.7402,9999,within_state_lower_higher_label_swap,fixed_eligible_dyad_edge_count_expected_occurrence,0.2006864864864865,0.0011624246212120594,0.004385247541473572,4,3,37
motif_39ec7fe0f96a2be6,47,19.0,18.0,0.02127659574468085,0.38349587574627725,0.3703106558623631,0.013185219883914414,0.15927717549996423,0.9998,1.0,9999,within_state_lower_higher_label_swap,fixed_eligible_dyad_edge_count_expected_occurrence,0.9998999999999999,0.0001414072133945005,0.0,4,3,37
motif_54c504eb0430ba25,47,17.0,20.0,-0.06382978723404255,0.34094268425691565,0.41286384735172466,-0.07192116309480898,-0.8734662241140574,0.2935,1.0,9999,within_state_lower_higher_label_swap,fixed_eligible_dyad_edge_count_expected_occurrence,0.7436037383177571,0.004553655125281228,0.0,4,3,37
motif_a314b9317c488409,47,17.0,20.0,-0.06382978723404255,0.34094268425691554,0.4128638473517246,-0.07192116309480902,-0.8208404557256685,0.3299,1.0,9999,within_state_lower_higher_label_swap,fixed_eligible_dyad_edge_count_expected_occurrence,0.7626391666666666,0.004701765519461811,0.0,4,3,37
motif_f4bfcdb57c53a8e9,47,19.0,18.0,0.02127659574468085,0.38349587574627736,0.37031065586236306,0.013185219883914379,0.1589648234699688,0.9999,1.0,9999,within_state_lower_higher_label_swap,fixed_eligible_dyad_edge_count_expected_occurrence,0.9998999999999999,9.999499987498824e-05,0.0,4,3,37
motif_a60a2225f65ee9fa,47,17.0,20.0,-0.06382978723404255,0.3557983450788714,0.4226731451529608,-0.06687480007408943,-0.80875512468249,0.2936,1.0,9999,within_state_lower_higher_label_swap,fixed_eligible_dyad_edge_count_expected_occurrence,0.7436037383177571,0.004554108474773081,0.0,4,4,37
motif_d15afefdf81c9369,47,13.0,24.0,-0.23404255319148937,0.27069196210014795,0.5077795281316843,-0.2370875660315362,-2.7236937181574663,0.0034,0.4445,9999,within_state_lower_higher_label_swap,fixed_eligible_dyad_edge_count_expected_occurrence,0.10568999999999999,0.0005821030836544331,0.004969102031554594,4,4,37
motif_07019d963bc595b3,47,26.0,11.0,0.3191489361702128,0.547287706780999,0.23118378345083307,0.31610392333016596,3.9128621011984417,0.0009,0.0321,9999,within_state_lower_higher_label_swap,fixed_eligible_dyad_edge_count_expected_occurrence,0.03752307692307692,0.0002998649696113236,0.0017626568015356816,5,4,37
motif_4215b9a5488b5aa2,47,16.0,21.0,-0.10638297872340426,0.33452174933419054,0.44394974089764166,-0.10942799156345114,-1.3402838680540594,0.1149,0.9997,9999,within_state_lower_higher_label_swap,fixed_eligible_dyad_edge_count_expected_occurrence,0.49758045112781957,0.0031890122295155907,0.00017317909804591517,5,4,37
motif_9aa9557464dbe999,47,19.0,18.0,0.02127659574468085,0.39835153656823313,0.380119953663599,0.01823158290463399,0.219349698754109,0.9993,1.0,9999,within_state_lower_higher_label_swap,fixed_eligible_dyad_edge_count_expected_occurrence,0.9998999999999999,0.00026448251359967713,0.0,5,4,37
motif_c965da534d6c6b89,47,17.0,20.0,-0.06382978723404255,0.3557983450788714,0.4226731451529608,-0.06687480007408943,-0.80875512468249,0.2936,1.0,9999,within_state_lower_higher_label_swap,fixed_eligible_dyad_edge_count_expected_occurrence,0.7436037383177571,0.004554108474773081,0.0,5,4,37
motif_e188e11aa9d19f55,47,18.0,19.0,-0.02127659574468085,0.3770749408235522,0.40139654940827985,-0.02432160858472772,-0.3141869688843907,0.5777,1.0,9999,within_state_lower_higher_label_swap,fixed_eligible_dyad_edge_count_expected_occurrence,0.8799447028423772,0.004939258142676894,0.0,5,4,37
motif_e5a69fb349d827dd,47,14.0,23.0,-0.19148936170212766,0.2919685578448288,0.48650293238700343,-0.19453437454217457,-2.1777925977387036,0.0198,0.8599,9999,within_state_lower_higher_label_swap,fixed_eligible_dyad_edge_count_expected_occurrence,0.26730454545454546,0.0013931245457603565,0.0034709075182147967,5,4,37
motif_ab039606710983b0,47,17.0,20.0,-0.06382978723404255,0.35999402849195555,0.42490656957052486,-0.06491254107856935,-0.7842762491513331,0.2936,1.0,9999,within_state_lower_higher_label_swap,fixed_eligible_dyad_edge_count_expected_occurrence,0.7436037383177571,0.004554108474773081,0.0,5,5,37
motif_5c6c6345350ffc64,47,18.0,18.0,0.0,0.3622192800015964,0.37031065586236306,-0.008091375860766453,-0.09449468606627039,0.8018,1.0,9999,within_state_lower_higher_label_swap,fixed_eligible_dyad_edge_count_expected_occurrence,0.8995878048780488,0.0039864365039468524,0.0,4,3,36
motif_6a6b5b0ababd7fc9,47,14.0,22.0,-0.1702127659574468,0.27711289702287306,0.4554170388410863,-0.17830414181821327,-2.049283778466661,0.0305,0.9104,9999,within_state_lower_higher_label_swap,fixed_eligible_dyad_edge_count_expected_occurrence,0.319271875,0.001719585705918725,0.0028560784302956387,4,3,36
motif_b462ae70ca309b24,47,18.0,18.0,0.0,0.3622192800015964,0.3703106558623631,-0.008091375860766456,-0.0892533790663254,0.8153,1.0,9999,within_state_lower_higher_label_swap,fixed_eligible_dyad_edge_count_expected_occurrence,0.8995878048780488,0.0038805400397367374,0.0,4,3,36
motif_fbbeca09a9cbe02e,47,17.0,19.0,-0.0425531914893617,0.3557983450788713,0.40139654940827996,-0.04559820432940858,-0.501871012631306,0.4785,1.0,9999,within_state_lower_higher_label_swap,fixed_eligible_dyad_edge_count_expected_occurrence,0.8420357142857142,0.0049953753612716634,0.0,4,4,36
motif_0e63e1f3da53f70b,47,12.0,24.0,-0.2553191489361702,0.24941536635546707,0.5077795281316844,-0.25836416177621707,-3.650236361481406,0.0002,0.0608,9999,within_state_lower_higher_label_swap,fixed_eligible_dyad_edge_count_expected_occurrence,0.0271,0.00014140721339450828,0.002389630933847317,5,4,36
motif_5a1d60dbf66e3db1,47,18.0,18.0,0.0,0.3770749408235522,0.380119953663599,-0.0030450128400468434,-0.03342390108152934,0.8155,1.0,9999,within_state_lower_higher_label_swap,fixed_eligible_dyad_edge_count_expected_occurrence,0.8995878048780488,0.003878914152182283,0.0,5,4,36
motif_5bf76cb491ac43d3,47,18.0,18.0,0.0,0.37707494082355225,0.3801199536635991,-0.0030450128400468877,-0.037899873651711,0.7912,1.0,9999,within_state_lower_higher_label_swap,fixed_eligible_dyad_edge_count_expected_occurrence,0.8995878048780488,0.004064511778799515,0.0,5,4,36
motif_68738de32e9c0312,47,18.0,18.0,0.0,0.37707494082355225,0.3801199536635991,-0.003045012840046866,-0.0354542735904926,0.8022,1.0,9999,within_state_lower_higher_label_swap,fixed_eligible_dyad_edge_count_expected_occurrence,0.8995878048780488,0.003983405076062438,0.0,5,4,36
motif_82337625a556d562,47,18.0,18.0,0.0,0.3770749408235522,0.380119953663599,-0.003045012840046866,-0.03789946578068864,0.7915,1.0,9999,within_state_lower_higher_label_swap,fixed_eligible_dyad_edge_count_expected_occurrence,0.8995878048780488,0.004062360766844816,0.0,5,4,36
motif_9737518e452322bd,47,19.0,17.0,0.0425531914893617,0.398351536568233,0.35884335791891814,0.03950817864931477,0.49307130439564684,0.7873,1.0,9999,within_state_lower_higher_label_swap,fixed_eligible_dyad_edge_count_expected_occurrence,0.8995878048780488,0.004092171917209736,0.0,5,4,36
motif_a11a2373437f53ac,47,14.0,22.0,-0.1702127659574468,0.29196855784482884,0.46522633664232255,-0.17325777879749363,-1.9792878343245799,0.0305,0.9376,9999,within_state_lower_higher_label_swap,fixed_eligible_dyad_edge_count_expected_occurrence,0.319271875,0.001719585705918725,0.002418806317173825,5,4,36
motif_b958f616b5f82bc4,47,17.0,19.0,-0.0425531914893617,0.3557983450788714,0.4013965494082798,-0.045598204329408566,-0.5706076293557505,0.4285,1.0,9999,within_state_lower_higher_label_swap,fixed_eligible_dyad_edge_count_expected_occurrence,0.8210761589403973,0.004948613442167412,0.0,5,4,36
motif_ebed88d2a144263b,47,12.0,24.0,-0.2553191489361702,0.25361104976855137,0.510012952549248,-0.256401902780697,-3.611177205113496,0.0002,0.0637,9999,within_state_lower_higher_label_swap,fixed_eligible_dyad_edge_count_expected_occurrence,0.0271,0.00014140721339450828,0.002442177511975737,5,5,36
motif_b7999bf61588abbf,47,17.0,18.0,-0.02127659574468085,0.34094268425691565,0.3703106558623631,-0.029367971605447296,-0.3340603857924203,0.628,1.0,9999,within_state_lower_higher_label_swap,fixed_eligible_dyad_edge_count_expected_occurrence,0.8799447028423772,0.00483338390778138,0.0,4,3,35
motif_e153f64de5d09b33,47,14.0,21.0,-0.14893617021276595,0.2771128970228731,0.4341404430964054,-0.1570275460735324,-1.8328997547516495,0.0495,0.9755,9999,within_state_lower_higher_label_swap,fixed_eligible_dyad_edge_count_expected_occurrence,0.3439615384615385,0.0021690954335851615,0.0015459543977750434,4,3,35
motif_66d789541717095f,47,17.0,18.0,-0.02127659574468085,0.3557983450788714,0.380119953663599,-0.02432160858472772,-0.2750006332354352,0.628,1.0,9999,within_state_lower_higher_label_swap,fixed_eligible_dyad_edge_count_expected_occurrence,0.8799447028423772,0.00483338390778138,0.0,4,4,35
motif_f5e851e8a26bb0d0,47,14.0,21.0,-0.14893617021276595,0.2919685578448288,0.44394974089764166,-0.15198118305281286,-1.769408111956925,0.0495,0.9824,9999,within_state_lower_higher_label_swap,fixed_eligible_dyad_edge_count_expected_occurrence,0.3439615384615385,0.0021690954335851615,0.0013149235719234769,4,4,35
motif_0dede2e6fa5a899a,47,17.0,18.0,-0.02127659574468085,0.3557983450788714,0.38011995366359896,-0.024321608584727723,-0.3151498227478873,0.5823,1.0,9999,within_state_lower_higher_label_swap,fixed_eligible_dyad_edge_count_expected_occurrence,0.8799447028423772,0.0049318020033249504,0.0,5,4,35
motif_138711240361b16d,47,17.0,18.0,-0.02127659574468085,0.3557983450788713,0.3801199536635991,-0.024321608584727723,-0.2927226765517149,0.6119,1.0,9999,within_state_lower_higher_label_swap,fixed_eligible_dyad_edge_count_expected_occurrence,0.8799447028423772,0.004873175453438959,0.0,5,4,35
motif_2640c36f9d12e013,47,14.0,21.0,-0.14893617021276595,0.2919685578448288,0.44394974089764166,-0.15198118305281286,-1.769408111956925,0.0495,0.9824,9999,within_state_lower_higher_label_swap,fixed_eligible_dyad_edge_count_expected_occurrence,0.3439615384615385,0.0021690954335851615,0.0013149235719234769,5,4,35
motif_30a6e62e9c0d1251,47,18.0,17.0,0.02127659574468085,0.37707494082355225,0.35884335791891814,0.01823158290463399,0.20601180949416462,0.9993,1.0,9999,within_state_lower_higher_label_swap,fixed_eligible_dyad_edge_count_expected_occurrence,0.9998999999999999,0.00026448251359967713,0.0,5,4,35
motif_4f19d2064be25086,47,17.0,18.0,-0.02127659574468085,0.3557983450788714,0.380119953663599,-0.02432160858472772,-0.2935526431653464,0.6116,1.0,9999,within_state_lower_higher_label_swap,fixed_eligible_dyad_edge_count_expected_occurrence,0.8799447028423772,0.004873863354670502,0.0,5,4,35
motif_9299e8337472a50e,47,13.0,22.0,-0.19148936170212766,0.27069196210014795,0.46522633664232255,-0.19453437454217454,-2.317058676448888,0.0127,0.758,9999,within_state_lower_higher_label_swap,fixed_eligible_dyad_edge_count_expected_occurrence,0.19976571428571427,0.001119763814382301,0.0042829429134649925,5,4,35
motif_a6141d4b71e71270,47,18.0,17.0,0.02127659574468085,0.3770749408235522,0.35884335791891825,0.01823158290463399,0.2357357403193401,0.9999,1.0,9999,within_state_lower_higher_label_swap,fixed_eligible_dyad_edge_count_expected_occurrence,0.9998999999999999,9.999499987498824e-05,0.0,5,4,35
motif_0f41a99567ec9bba,47,14.0,21.0,-0.14893617021276595,0.2961642412579131,0.4461831653152057,-0.15001892405729272,-1.7457881137420412,0.0495,0.9867,9999,within_state_lower_higher_label_swap,fixed_eligible_dyad_edge_count_expected_occurrence,0.3439615384615385,0.0021690954335851615,0.001145561434406727,5,5,35
motif_2365c8970a548362,47,13.0,22.0,-0.19148936170212766,0.27488764551323225,0.46745976105988646,-0.19257211554665446,-2.290733096925329,0.0116,0.7724,9999,within_state_lower_higher_label_swap,fixed_eligible_dyad_edge_count_expected_occurrence,0.1905212121212121,0.0010707679487171812,0.004192830070489383,5,5,35
motif_564f9cbbae11e040,47,17.0,18.0,-0.02127659574468085,0.35999402849195555,0.38235337808116315,-0.02235934958920761,-0.26902768289037937,0.6117,1.0,9999,within_state_lower_higher_label_swap,fixed_eligible_dyad_edge_count_expected_occurrence,0.8799447028423772,0.004873634270234072,0.0,5,5,35
motif_632e37d2fe836c60,47,17.0,18.0,-0.02127659574468085,0.35999402849195555,0.3823533780811632,-0.022359349589207617,-0.2889497185362047,0.5823,1.0,9999,within_state_lower_higher_label_swap,fixed_eligible_dyad_edge_count_expected_occurrence,0.8799447028423772,0.0049318020033249504,0.0,5,5,35
motif_a789c00a2ba82862,47,14.0,20.0,-0.1276595744680851,0.2235104514816449,0.3707915373427496,-0.14728108586110483,-1.609582361777094,0.1093,0.9969,9999,within_state_lower_higher_label_swap,fixed_eligible_dyad_edge_count_expected_occurrence,0.49758045112781957,0.003120152400124071,0.0005559127629403729,3,2,34
motif_26c1177b7e91b833,47,18.0,16.0,0.0425531914893617,0.3622192800015964,0.32775746437300135,0.03446181562859525,0.43118570062703965,0.7894,1.0,9999,within_state_lower_higher_label_swap,fixed_eligible_dyad_edge_count_expected_occurrence,0.8995878048780488,0.004077347667295493,0.0,3,3,34
motif_561aab0d2e3fcfbf,47,17.0,17.0,0.0,0.34094268425691554,0.3490340601176822,-0.008091375860766456,-0.10910397861045339,0.7719,1.0,9999,within_state_lower_higher_label_swap,fixed_eligible_dyad_edge_count_expected_occurrence,0.8995878048780488,0.004196074236712215,0.0,4,3,34
motif_865a7e1db6e3d015,47,23.0,11.0,0.2553191489361702,0.46860225872500066,0.221374485649597,0.2472277730754039,2.822082561885266,0.011,0.4294,9999,within_state_lower_higher_label_swap,fixed_eligible_dyad_edge_count_expected_occurrence,0.1863125,0.0010430244484191155,0.004949905453642524,4,3,34
motif_e7b47efe0af02072,47,16.0,18.0,-0.0425531914893617,0.31966608851223477,0.3703106558623631,-0.05064456735012811,-0.593767203216293,0.4547,1.0,9999,within_state_lower_higher_label_swap,fixed_eligible_dyad_edge_count_expected_occurrence,0.8210761589403973,0.004979436815544505,0.0,4,3,34
motif_204392044e79cf6a,47,12.0,22.0,-0.2127659574468085,0.24941536635546707,0.46522633664232255,-0.2158109702868553,-2.6981480580453043,0.0038,0.4637,9999,within_state_lower_higher_label_swap,fixed_eligible_dyad_edge_count_expected_occurrence,0.10568999999999999,0.0006152690468404858,0.004986805691021057,4,4,34
motif_5d4f727711085252,47,17.0,17.0,0.0,0.3557983450788713,0.35884335791891814,-0.003045012840046869,-0.04094169130776003,0.7722,1.0,9999,within_state_lower_higher_label_swap,fixed_eligible_dyad_edge_count_expected_occurrence,0.8995878048780488,0.004194128753388479,0.0,4,4,34
motif_aa915ce5086e7958,47,18.0,16.0,0.0425531914893617,0.3770749408235522,0.33756676217423726,0.03950817864931483,0.49312370519892257,0.7892,1.0,9999,within_state_lower_higher_label_swap,fixed_eligible_dyad_edge_count_expected_occurrence,0.8995878048780488,0.004078766480199621,0.0,4,4,34
motif_1ccba954f9a8e8c0,47,23.0,11.0,0.2553191489361702,0.4834579195469566,0.23118378345083307,0.2522741360961235,2.8616828241872936,0.011,0.4011,9999,within_state_lower_higher_label_swap,fixed_eligible_dyad_edge_count_expected_occurrence,0.1863125,0.0010430244484191155,0.004901211992966638,5,4,34
motif_2d48a4fd368d5657,47,16.0,18.0,-0.0425531914893617,0.33452174933419054,0.380119953663599,-0.04559820432940855,-0.5321011652455455,0.4547,1.0,9999,within_state_lower_higher_label_swap,fixed_eligible_dyad_edge_count_expected_occurrence,0.8210761589403973,0.004979436815544505,0.0,5,4,34
motif_58108fef281175a5,47,17.0,17.0,0.0,0.3557983450788713,0.35884335791891814,-0.0030450128400468612,-0.04097177515477289,0.7669,1.0,9999,within_state_lower_higher_label_swap,fixed_eligible_dyad_edge_count_expected_occurrence,0.8995878048780488,0.004228053807604629,0.0,5,4,34
motif_594088dea3ed99ad,47,18.0,16.0,0.0425531914893617,0.3770749408235522,0.3375667621742373,0.03950817864931483,0.5330445746267503,0.7671,1.0,9999,within_state_lower_higher_label_swap,fixed_eligible_dyad_edge_count_expected_occurrence,0.8995878048780488,0.004226790626468266,0.0,5,4,34
motif_7d709f8abcdc82e5,47,18.0,16.0,0.0425531914893617,0.3770749408235522,0.33756676217423726,0.03950817864931484,0.4612762459851492,0.8018,1.0,9999,within_state_lower_higher_label_swap,fixed_eligible_dyad_edge_count_expected_occurrence,0.8995878048780488,0.0039864365039468524,0.0,5,4,34
motif_8182686a0f8422e0,47,17.0,17.0,0.0,0.3557983450788714,0.35884335791891814,-0.003045012840046872,-0.035467729945130616,0.8041,1.0,9999,within_state_lower_higher_label_swap,fixed_eligible_dyad_edge_count_expected_occurrence,0.8995878048780488,0.003968919122380802,0.0,5,4,34
motif_8d50e2fb8f9fbd00,47,17.0,17.0,0.0,0.3557983450788713,0.35884335791891814,-0.003045012840046869,-0.04094169130776003,0.7722,1.0,9999,within_state_lower_higher_label_swap,fixed_eligible_dyad_edge_count_expected_occurrence,0.8995878048780488,0.004194128753388479,0.0,5,4,34
motif_b920e1f8dcf87b42,47,16.0,18.0,-0.0425531914893617,0.33452174933419054,0.3801199536635991,-0.04559820432940859,-0.6148208361481198,0.3827,1.0,9999,within_state_lower_higher_label_swap,fixed_eligible_dyad_edge_count_expected_occurrence,0.8210761589403973,0.004860459957658328,0.0,5,4,34
motif_dc67d5aaeb0b97c0,47,23.0,11.0,0.2553191489361702,0.4834579195469566,0.23118378345083307,0.2522741360961235,2.8616828241872936,0.011,0.4011,9999,within_state_lower_higher_label_swap,fixed_eligible_dyad_edge_count_expected_occurrence,0.1863125,0.0010430244484191155,0.004901211992966638,5,4,34
motif_027ba7efe2fe2e56,47,17.0,17.0,0.0,0.35999402849195566,0.3610767823364824,-0.0010827538445267867,-0.01258995102104635,0.8041,1.0,9999,within_state_lower_higher_label_swap,fixed_eligible_dyad_edge_count_expected_occurrence,0.8995878048780488,0.003968919122380802,0.0,5,5,34
motif_4278b35cbcfd2b6b,47,23.0,11.0,0.2553191489361702,0.4876536029600406,0.23341720786839723,0.2542363950916434,2.8765868694342456,0.011,0.3686,9999,within_state_lower_higher_label_swap,fixed_eligible_dyad_edge_count_expected_occurrence,0.1863125,0.0010430244484191155,0.0048242516518108795,5,5,34
motif_44f14a83080f71ac,47,17.0,17.0,0.0,0.35999402849195555,0.3610767823364824,-0.0010827538445267809,-0.014541563866042556,0.7724,1.0,9999,within_state_lower_higher_label_swap,fixed_eligible_dyad_edge_count_expected_occurrence,0.8995878048780488,0.004192830070489383,0.0,5,5,34
motif_857cf1d41f71c8f6,47,17.0,17.0,0.0,0.35999402849195555,0.3610767823364824,-0.0010827538445267596,-0.012592243384813788,0.8035,1.0,9999,within_state_lower_higher_label_swap,fixed_eligible_dyad_edge_count_expected_occurrence,0.8995878048780488,0.003973509154387341,0.0,5,5,34
motif_99f25f43459111ca,47,17.0,17.0,0.0,0.35999402849195555,0.3610767823364824,-0.0010827538445267678,-0.013475681837095698,0.7973,1.0,9999,within_state_lower_higher_label_swap,fixed_eligible_dyad_edge_count_expected_occurrence,0.8995878048780488,0.004020108331873657,0.0,5,5,34
motif_f548207977f75af1,47,16.0,18.0,-0.0425531914893617,0.3387174327472747,0.3823533780811632,-0.04363594533388849,-0.5877099688547206,0.3827,1.0,9999,within_state_lower_higher_label_swap,fixed_eligible_dyad_edge_count_expected_occurrence,0.8210761589403973,0.004860459957658328,0.0,5,5,34
motif_add33857e4b485af,47,17.0,17.0,0.0,0.36120128331679946,0.361569928605084,-0.0003686452882844798,-0.004583198029604196,0.7977,1.0,9999,within_state_lower_higher_label_swap,fixed_eligible_dyad_edge_count_expected_occurrence,0.8995878048780488,0.00401714712202578,0.0,5,6,34
motif_070e91bcc54960a5,47,15.0,18.0,-0.06382978723404255,0.298389492767554,0.3703106558623631,-0.07192116309480896,-0.8226107834111716,0.3314,1.0,9999,within_state_lower_higher_label_swap,fixed_eligible_dyad_edge_count_expected_occurrence,0.7626391666666666,0.0047071651766217,0.0,4,3,33
motif_567b7af85cfa22f3,47,17.0,16.0,0.02127659574468085,0.3557983450788714,0.33756676217423726,0.018231582904633985,0.2193527099416861,0.9997,1.0,9999,within_state_lower_higher_label_swap,fixed_eligible_dyad_edge_count_expected_occurrence,0.9998999999999999,0.00017317909804591517,0.0,4,4,33
motif_9549cf95a022f9b4,47,13.0,20.0,-0.14893617021276595,0.27069196210014795,0.4226731451529608,-0.15198118305281283,-1.8918402184856293,0.0355,0.9574,9999,within_state_lower_higher_label_swap,fixed_eligible_dyad_edge_count_expected_occurrence,0.319271875,0.0018503986057063489,0.002019535590179088,4,4,33
motif_552be5f9f12c3639,47,13.0,20.0,-0.14893617021276595,0.27488764551323225,0.42490656957052486,-0.15001892405729272,-1.8665708344915353,0.0355,0.9633,9999,within_state_lower_higher_label_swap,fixed_eligible_dyad_edge_count_expected_occurrence,0.319271875,0.0018503986057063489,0.0018802422716235256,4,5,33
motif_089bbb6e336a32e3,47,14.0,19.0,-0.10638297872340426,0.29196855784482884,0.40139654940827996,-0.10942799156345112,-1.3397945607057657,0.1192,0.9997,9999,within_state_lower_higher_label_swap,fixed_eligible_dyad_edge_count_expected_occurrence,0.49758045112781957,0.0032402370283669065,0.00017317909804591517,5,4,33
motif_367019b89a849370,47,17.0,16.0,0.02127659574468085,0.3557983450788714,0.33756676217423726,0.01823158290463398,0.2193932890168525,0.9994,1.0,9999,within_state_lower_higher_label_swap,fixed_eligible_dyad_edge_count_expected_occurrence,0.9998999999999999,0.0002448754785600316,0.0,5,4,33
motif_3a74636fdbc8b97b,47,17.0,16.0,0.02127659574468085,0.3557983450788714,0.33756676217423726,0.01823158290463398,0.2193932890168525,0.9994,1.0,9999,within_state_lower_higher_label_swap,fixed_eligible_dyad_edge_count_expected_occurrence,0.9998999999999999,0.0002448754785600316,0.0,5,4,33
motif_44b052f6015177f9,47,15.0,18.0,-0.06382978723404255,0.3132451535895096,0.380119953663599,-0.06687480007408943,-0.7601151814521456,0.3314,1.0,9999,within_state_lower_higher_label_swap,fixed_eligible_dyad_edge_count_expected_occurrence,0.7626391666666666,0.0047071651766217,0.0,5,4,33
motif_8dcfc98226e1efc7,47,16.0,17.0,-0.02127659574468085,0.33452174933419054,0.35884335791891814,-0.024321608584727712,-0.2925144412809815,0.6077,1.0,9999,within_state_lower_higher_label_swap,fixed_eligible_dyad_edge_count_expected_occurrence,0.8799447028423772,0.004882629516971363,0.0,5,4,33
motif_91d7797e53fe79ef,47,16.0,17.0,-0.02127659574468085,0.33452174933419054,0.35884335791891825,-0.024321608584727723,-0.2928656326001095,0.6069,1.0,9999,within_state_lower_higher_label_swap,fixed_eligible_dyad_edge_count_expected_occurrence,0.8799447028423772,0.0048843872696582935,0.0,5,4,33
motif_971e3dbb7f58e1ea,47,14.0,19.0,-0.10638297872340426,0.29196855784482884,0.40139654940827996,-0.10942799156345116,-1.3397504962897313,0.1185,0.9997,9999,within_state_lower_higher_label_swap,fixed_eligible_dyad_edge_count_expected_occurrence,0.49758045112781957,0.0032319924195455658,0.00017317909804591517,5,4,33
motif_def29965c110d7de,47,16.0,17.0,-0.02127659574468085,0.33452174933419054,0.35884335791891814,-0.024321608584727695,-0.2925433425560144,0.6084,1.0,9999,within_state_lower_higher_label_swap,fixed_eligible_dyad_edge_count_expected_occurrence,0.8799447028423772,0.004881080208314548,0.0,5,4,33
motif_23a242d75055148a,47,16.0,17.0,-0.02127659574468085,0.3387174327472747,0.3610767823364824,-0.022359349589207638,-0.26861789308474826,0.6078,1.0,9999,within_state_lower_higher_label_swap,fixed_eligible_dyad_edge_count_expected_occurrence,0.8799447028423772,0.004882408831714116,0.0,5,5,33
motif_3be567c2d0a1b7d5,47,13.0,20.0,-0.14893617021276595,0.27488764551323225,0.42490656957052486,-0.15001892405729272,-1.8665708344915353,0.0355,0.9633,9999,within_state_lower_higher_label_swap,fixed_eligible_dyad_edge_count_expected_occurrence,0.319271875,0.0018503986057063489,0.0018802422716235256,5,5,33
motif_6542648bb13448a0,47,17.0,16.0,0.02127659574468085,0.35999402849195555,0.3398001865918015,0.02019384190015407,0.24272083487334614,0.9996,1.0,9999,within_state_lower_higher_label_swap,fixed_eligible_dyad_edge_count_expected_occurrence,0.9998999999999999,0.0001999599959991888,0.0,5,5,33
motif_a244b5d5e3725e95,47,12.0,21.0,-0.19148936170212766,0.25361104976855137,0.44618316531520563,-0.19257211554665446,-2.4574527843280367,0.0062,0.6636,9999,within_state_lower_higher_label_swap,fixed_eligible_dyad_edge_count_expected_occurrence,0.14610434782608694,0.0007849560497250785,0.004724775550224582,5,5,33
motif_a97c649fcff5d5d1,47,17.0,16.0,0.02127659574468085,0.35999402849195566,0.3398001865918015,0.020193841900154063,0.24265004735464976,0.9993,1.0,9999,within_state_lower_higher_label_swap,fixed_eligible_dyad_edge_count_expected_occurrence,0.9998999999999999,0.00026448251359967713,0.0,5,5,33
motif_deb1cfa3eafe01ec,47,17.0,16.0,0.02127659574468085,0.35999402849195555,0.3398001865918015,0.02019384190015407,0.24272083487334614,0.9996,1.0,9999,within_state_lower_higher_label_swap,fixed_eligible_dyad_edge_count_expected_occurrence,0.9998999999999999,0.0001999599959991888,0.0,5,5,33
motif_599a47832de48e0b,47,13.0,20.0,-0.14893617021276595,0.2760949003380761,0.42539971583912656,-0.1493048155010504,-1.8578250744594689,0.0355,0.9671,9999,within_state_lower_higher_label_swap,fixed_eligible_dyad_edge_count_expected_occurrence,0.319271875,0.0018503986057063489,0.0017837485809384694,5,6,33
motif_0ef225c16706d8fe,47,12.0,20.0,-0.1702127659574468,0.18095725999228315,0.3707915373427496,-0.1898342773504665,-2.1097114296853894,0.0428,0.879,9999,within_state_lower_higher_label_swap,fixed_eligible_dyad_edge_count_expected_occurrence,0.3439615384615385,0.0020240592876692126,0.0032612727576821904,3,2,32
motif_8173fff60f0d3407,47,12.0,20.0,-0.1702127659574468,0.23455970553351138,0.41286384735172466,-0.1783041418182133,-1.9440025169696187,0.0428,0.9478,9999,within_state_lower_higher_label_swap,fixed_eligible_dyad_edge_count_expected_occurrence,0.3439615384615385,0.0020240592876692126,0.0022243012385915724,4,3,32
motif_9a804183b3321941,47,13.0,19.0,-0.1276595744680851,0.2558363012781923,0.3915872516070439,-0.1357509503288515,-1.44577689514928,0.1217,0.9993,9999,within_state_lower_higher_label_swap,fixed_eligible_dyad_edge_count_expected_occurrence,0.49758045112781957,0.0032693900042668513,0.00026448251359967713,4,3,32
motif_e8cc14ed19806fcc,47,16.0,16.0,0.0,0.33452174933419054,0.33756676217423726,-0.003045012840046869,-0.03790002257792711,0.7905,1.0,9999,within_state_lower_higher_label_swap,fixed_eligible_dyad_edge_count_expected_occurrence,0.8995878048780488,0.004069517784701279,0.0,4,4,32
motif_8669434201178897,47,16.0,16.0,0.0,0.3387174327472747,0.3398001865918015,-0.001082753844526762,-0.013462251550907913,0.7906,1.0,9999,within_state_lower_higher_label_swap,fixed_eligible_dyad_edge_count_expected_occurrence,0.8995878048780488,0.004068803755405267,0.0,4,5,32
motif_55f635f51d345c44,47,12.0,20.0,-0.1702127659574468,0.24941536635546707,0.4226731451529608,-0.17325777879749363,-2.1103862350700093,0.021,0.8789,9999,within_state_lower_higher_label_swap,fixed_eligible_dyad_edge_count_expected_occurrence,0.26730454545454546,0.0014338409953687334,0.003262434520415697,5,4,32
motif_72859cdf5403f701,47,15.0,17.0,-0.0425531914893617,0.3132451535895096,0.35884335791891814,-0.04559820432940855,-0.5326452700244295,0.4553,1.0,9999,within_state_lower_higher_label_swap,fixed_eligible_dyad_edge_count_expected_occurrence,0.8210761589403973,0.004979979016020047,0.0,5,4,32
motif_80fca12529cb792b,47,13.0,19.0,-0.1276595744680851,0.27069196210014795,0.40139654940827985,-0.130704587308132,-1.3871816781484645,0.1217,0.9997,9999,within_state_lower_higher_label_swap,fixed_eligible_dyad_edge_count_expected_occurrence,0.49758045112781957,0.0032693900042668513,0.00017317909804591517,5,4,32
motif_a60b470ee33da55c,47,13.0,19.0,-0.1276595744680851,0.27069196210014795,0.40139654940827985,-0.130704587308132,-1.670828671701635,0.0579,0.9928,9999,within_state_lower_higher_label_swap,fixed_eligible_dyad_edge_count_expected_occurrence,0.38270487804878045,0.002335542549387615,0.0008454679177828089,5,4,32
motif_d409f63c308a2d6d,47,14.0,18.0,-0.0851063829787234,0.29196855784482884,0.3801199536635991,-0.08815139581877031,-1.1110961706524174,0.1783,1.0,9999,within_state_lower_higher_label_swap,fixed_eligible_dyad_edge_count_expected_occurrence,0.5787672514619883,0.003827650846145714,0.0,5,4,32
motif_fbe47b283d485aaf,47,15.0,17.0,-0.0425531914893617,0.3132451535895096,0.35884335791891814,-0.045598204329408566,-0.5325956389888981,0.4511,1.0,9999,within_state_lower_higher_label_swap,fixed_eligible_dyad_edge_count_expected_occurrence,0.8210761589403973,0.004976030446048336,0.0,5,4,32
motif_010b3c71bdbcf2a6,47,15.0,17.0,-0.0425531914893617,0.3174408370025939,0.3610767823364824,-0.043635945333888496,-0.5087723808704167,0.4511,1.0,9999,within_state_lower_higher_label_swap,fixed_eligible_dyad_edge_count_expected_occurrence,0.8210761589403973,0.004976030446048336,0.0,5,5,32
motif_0f0ac668f0dc386c,47,13.0,19.0,-0.1276595744680851,0.27488764551323225,0.403629973825844,-0.12874232831261187,-1.6449751948096476,0.0579,0.9941,9999,within_state_lower_higher_label_swap,fixed_eligible_dyad_edge_count_expected_occurrence,0.38270487804878045,0.002335542549387615,0.0007658452846365261,5,5,32
motif_9f061127188bad39,47,16.0,16.0,0.0,0.3387174327472747,0.3398001865918015,-0.001082753844526762,-0.013462251550907913,0.7906,1.0,9999,within_state_lower_higher_label_swap,fixed_eligible_dyad_edge_count_expected_occurrence,0.8995878048780488,0.004068803755405267,0.0,5,5,32
motif_a1fd530b04ced400,47,16.0,16.0,0.0,0.3387174327472747,0.3398001865918015,-0.0010827538445267596,-0.013464320198787079,0.7898,1.0,9999,within_state_lower_higher_label_swap,fixed_eligible_dyad_edge_count_expected_occurrence,0.8995878048780488,0.004074505614181922,0.0,5,5,32
motif_b715f164644b06ac,47,16.0,16.0,0.0,0.3399246875721186,0.34029333286040303,-0.0003686452882844951,-0.004581839038854363,0.791,1.0,9999,within_state_lower_higher_label_swap,fixed_eligible_dyad_edge_count_expected_occurrence,0.8995878048780488,0.004065943924846971,0.0,5,6,32
motif_3194408fb9452179,47,13.0,18.0,-0.10638297872340426,0.202233855736964,0.328238345853388,-0.12600449011642398,-1.4017114560916306,0.1684,0.9996,9999,within_state_lower_higher_label_swap,fixed_eligible_dyad_edge_count_expected_occurrence,0.570455,0.0037422111110946158,0.0001999599959991888,3,2,31
motif_a357866e74d5aac1,47,13.0,18.0,-0.10638297872340426,0.202233855736964,0.32823834585338807,-0.12600449011642395,-1.3884257635129442,0.1653,0.9997,9999,within_state_lower_higher_label_swap,fixed_eligible_dyad_edge_count_expected_occurrence,0.5684139240506328,0.003714510869549314,0.00017317909804591517,3,2,31
motif_041663865fdf67e1,47,13.0,18.0,-0.10638297872340426,0.2558363012781922,0.37031065586236295,-0.11447435458417071,-1.248527962906564,0.1653,1.0,9999,within_state_lower_higher_label_swap,fixed_eligible_dyad_edge_count_expected_occurrence,0.5684139240506328,0.003714510869549314,0.0,4,3,31
motif_082f79e52f52ff53,47,13.0,18.0,-0.10638297872340426,0.2558363012781922,0.37031065586236295,-0.11447435458417071,-1.248527962906564,0.1653,1.0,9999,within_state_lower_higher_label_swap,fixed_eligible_dyad_edge_count_expected_occurrence,0.5684139240506328,0.003714510869549314,0.0,4,3,31
motif_c99164990c51b2e9,47,16.0,15.0,0.02127659574468085,0.31966608851223477,0.3064808686283206,0.013185219883914407,0.17070295599761073,0.9999,1.0,9999,within_state_lower_higher_label_swap,fixed_eligible_dyad_edge_count_expected_occurrence,0.9998999999999999,9.999499987498824e-05,0.0,4,3,31
motif_d1d448d03e415c86,47,13.0,18.0,-0.10638297872340426,0.2558363012781922,0.37031065586236306,-0.11447435458417071,-1.2519183503677984,0.1684,1.0,9999,within_state_lower_higher_label_swap,fixed_eligible_dyad_edge_count_expected_occurrence,0.570455,0.0037422111110946158,0.0,4,3,31
motif_038ad01f2250792b,47,16.0,15.0,0.02127659574468085,0.33452174933419054,0.31629016642955643,0.01823158290463399,0.2355782918960087,0.9997,1.0,9999,within_state_lower_higher_label_swap,fixed_eligible_dyad_edge_count_expected_occurrence,0.9998999999999999,0.00017317909804591517,0.0,5,4,31
motif_080cca411daac145,47,14.0,17.0,-0.06382978723404255,0.2919685578448288,0.35884335791891814,-0.0668748000740894,-0.8090844846962966,0.3068,1.0,9999,within_state_lower_higher_label_swap,fixed_eligible_dyad_edge_count_expected_occurrence,0.7490342342342343,0.004611656535346057,0.0,5,4,31
motif_47d78b52f7b40f0b,47,13.0,18.0,-0.10638297872340426,0.27069196210014795,0.380119953663599,-0.10942799156345116,-1.1851600850111164,0.1726,1.0,9999,within_state_lower_higher_label_swap,fixed_eligible_dyad_edge_count_expected_occurrence,0.5762490797546013,0.003779010981725245,0.0,5,4,31
motif_9a81ed62d65435c3,47,13.0,18.0,-0.10638297872340426,0.27069196210014795,0.380119953663599,-0.10942799156345114,-1.1874989139396575,0.1653,1.0,9999,within_state_lower_higher_label_swap,fixed_eligible_dyad_edge_count_expected_occurrence,0.5684139240506328,0.003714510869549314,0.0,5,4,31
motif_af254a1c82e36b5f,47,16.0,15.0,0.02127659574468085,0.33452174933419054,0.31629016642955643,0.018231582904633985,0.28355289225568764,0.9994,1.0,9999,within_state_lower_higher_label_swap,fixed_eligible_dyad_edge_count_expected_occurrence,0.9998999999999999,0.0002448754785600316,0.0,5,4,31
motif_fe7b90304caa5322,47,22.0,9.0,0.2765957446808511,0.4621813238022757,0.18863059196147136,0.2735507318408043,3.060998283534901,0.008,0.28,9999,within_state_lower_higher_label_swap,fixed_eligible_dyad_edge_count_expected_occurrence,0.15485714285714286,0.0008908422980528036,0.00448998886412873,5,4,31
motif_03a86f20681e50ea,47,16.0,15.0,0.02127659574468085,0.3387174327472747,0.3185235908471206,0.020193841900154077,0.3135830048566639,0.9992,1.0,9999,within_state_lower_higher_label_swap,fixed_eligible_dyad_edge_count_expected_occurrence,0.9998999999999999,0.00028272955275316074,0.0,5,5,31
motif_4fb69e3be74bb949,47,17.0,14.0,0.06382978723404255,0.35999402849195555,0.2972469951024398,0.06274703338951579,0.8155616327435389,0.577,1.0,9999,within_state_lower_higher_label_swap,fixed_eligible_dyad_edge_count_expected_occurrence,0.8799447028423772,0.004940354238311257,0.0,5,5,31
motif_da6a723978c7cfb8,47,16.0,14.0,0.0425531914893617,0.31966608851223477,0.2852042728836397,0.03446181562859525,0.4654641252338815,0.7728,1.0,9999,within_state_lower_higher_label_swap,fixed_eligible_dyad_edge_count_expected_occurrence,0.8995878048780488,0.004190228633380283,0.0,4,3,30
motif_144357e970631bdc,47,16.0,14.0,0.0425531914893617,0.33452174933419054,0.2950135706848756,0.03950817864931484,0.5327238956622589,0.7728,1.0,9999,within_state_lower_higher_label_swap,fixed_eligible_dyad_edge_count_expected_occurrence,0.8995878048780488,0.004190228633380283,0.0,4,4,30
motif_309e1fd1b1c35d59,47,15.0,15.0,0.0,0.3132451535895096,0.3162901664295565,-0.003045012840046872,-0.037906254063540146,0.7888,1.0,9999,within_state_lower_higher_label_swap,fixed_eligible_dyad_edge_count_expected_occurrence,0.8995878048780488,0.00408159968639748,0.0,5,4,30
motif_4d94dac0da31b256,47,12.0,18.0,-0.1276595744680851,0.24941536635546707,0.380119953663599,-0.130704587308132,-1.4659766939102425,0.0983,0.9992,9999,within_state_lower_higher_label_swap,fixed_eligible_dyad_edge_count_expected_occurrence,0.471304347826087,0.0029771985153832117,0.00028272955275316074,5,4,30
motif_64c46f0bc8a7853d,47,15.0,15.0,0.0,0.3132451535895096,0.31629016642955643,-0.003045012840046874,-0.040924451304315844,0.7726,1.0,9999,within_state_lower_higher_label_swap,fixed_eligible_dyad_edge_count_expected_occurrence,0.8995878048780488,0.004191530030907569,0.0,5,4,30
motif_747d5d7b30279f2d,47,16.0,14.0,0.0425531914893617,0.33452174933419054,0.2950135706848756,0.03950817864931484,0.5327238956622589,0.7728,1.0,9999,within_state_lower_higher_label_swap,fixed_eligible_dyad_edge_count_expected_occurrence,0.8995878048780488,0.004190228633380283,0.0,5,4,30
motif_810b92e3ea05e188,47,12.0,18.0,-0.1276595744680851,0.24941536635546707,0.380119953663599,-0.13070458730813198,-1.466000897217616,0.1,0.9992,9999,within_state_lower_higher_label_swap,fixed_eligible_dyad_edge_count_expected_occurrence,0.471304347826087,0.003,0.00028272955275316074,5,4,30
motif_88f193386373d65c,47,9.0,21.0,-0.2553191489361702,0.18558557912142454,0.44394974089764166,-0.258364161776217,-3.3461761867859994,0.0005,0.1372,9999,within_state_lower_higher_label_swap,fixed_eligible_dyad_edge_count_expected_occurrence,0.03752307692307692,0.0002235508890610816,0.0034405836714139068,5,4,30
motif_fff7782cb017e67a,47,16.0,14.0,0.0425531914893617,0.33452174933419054,0.29501357068487555,0.03950817864931484,0.5328606845788072,0.7703,1.0,9999,within_state_lower_higher_label_swap,fixed_eligible_dyad_edge_count_expected_occurrence,0.8995878048780488,0.004206398816089601,0.0,5,4,30
motif_03815a9e83d32c65,47,16.0,14.0,0.0425531914893617,0.3387174327472747,0.2972469951024398,0.04147043764483493,0.5587992128718658,0.7728,1.0,9999,within_state_lower_higher_label_swap,fixed_eligible_dyad_edge_count_expected_occurrence,0.8995878048780488,0.004190228633380283,0.0,5,5,30
motif_2239e63c934728ab,47,15.0,15.0,0.0,0.3174408370025939,0.3185235908471207,-0.0010827538445267867,-0.013457923913014421,0.7889,1.0,9999,within_state_lower_higher_label_swap,fixed_eligible_dyad_edge_count_expected_occurrence,0.8995878048780488,0.004080891936819694,0.0,5,5,30
motif_5cc36c8196edf8e4,47,15.0,15.0,0.0,0.3174408370025939,0.3185235908471207,-0.0010827538445267867,-0.013457923913014421,0.7889,1.0,9999,within_state_lower_higher_label_swap,fixed_eligible_dyad_edge_count_expected_occurrence,0.8995878048780488,0.004080891936819694,0.0,5,5,30
motif_8a3a45dc361aa47b,47,12.0,18.0,-0.1276595744680851,0.25361104976855137,0.3823533780811632,-0.12874232831261187,-1.4422184472743482,0.1,0.9993,9999,within_state_lower_higher_label_swap,fixed_eligible_dyad_edge_count_expected_occurrence,0.471304347826087,0.003,0.00026448251359967713,5,5,30
motif_8d236ec1aa320a9d,47,12.0,18.0,-0.1276595744680851,0.25361104976855137,0.3823533780811632,-0.12874232831261187,-1.7852454494133978,0.0377,0.9799,9999,within_state_lower_higher_label_swap,fixed_eligible_dyad_edge_count_expected_occurrence,0.319271875,0.0019046970887781605,0.0014034240271564402,5,5,30
motif_0e5e85a7dddbb60d,47,12.0,18.0,-0.1276595744680851,0.25481830459339516,0.38284652434976485,-0.12802821975636955,-1.77557261564416,0.0377,0.9812,9999,within_state_lower_higher_label_swap,fixed_eligible_dyad_edge_count_expected_occurrence,0.319271875,0.0019046970887781605,0.0013581811366677142,5,6,30
motif_1ba4c51f0f8fad83,47,15.0,15.0,0.0,0.3186480918274378,0.3190167371157222,-0.0003686452882844751,-0.004580727468838917,0.7895,1.0,9999,within_state_lower_higher_label_swap,fixed_eligible_dyad_edge_count_expected_occurrence,0.8995878048780488,0.004076637707719439,0.0,5,6,30
motif_ecd6dde695a866b9,47,12.0,17.0,-0.10638297872340426,0.18095725999228315,0.30696175010870713,-0.12600449011642392,-1.493265247671959,0.1413,0.9992,9999,within_state_lower_higher_label_swap,fixed_eligible_dyad_edge_count_expected_occurrence,0.5276423841059602,0.003483307479967854,0.00028272955275316074,3,2,29
motif_c1d59433f9939b77,47,12.0,17.0,-0.10638297872340426,0.23455970553351138,0.34903406011768223,-0.1144743545841707,-1.3287113715858148,0.1413,0.9997,9999,within_state_lower_higher_label_swap,fixed_eligible_dyad_edge_count_expected_occurrence,0.5276423841059602,0.003483307479967854,0.00017317909804591517,3,3,29
motif_f972b2865c90f585,47,11.0,18.0,-0.14893617021276595,0.21328310978883058,0.37031065586236306,-0.15702754607353245,-1.742643923357405,0.0648,0.9871,9999,within_state_lower_higher_label_swap,fixed_eligible_dyad_edge_count_expected_occurrence,0.3946247191011236,0.002461726223608141,0.0011284320980900898,4,3,29
motif_53e8134231efd6a0,47,11.0,18.0,-0.14893617021276595,0.22813877061078622,0.380119953663599,-0.15198118305281283,-1.7719274564608702,0.047,0.982,9999,within_state_lower_higher_label_swap,fixed_eligible_dyad_edge_count_expected_occurrence,0.3439615384615385,0.002116388433156825,0.001329511188369621,4,4,29
motif_2268a823202931ea,47,12.0,17.0,-0.10638297872340426,0.24941536635546707,0.35884335791891814,-0.10942799156345112,-1.4432372959996465,0.0924,0.9993,9999,within_state_lower_higher_label_swap,fixed_eligible_dyad_edge_count_expected_occurrence,0.4648504504504505,0.002895897788251512,0.00026448251359967713,5,4,29
motif_3dca7fe7a9c94f2f,47,15.0,14.0,0.02127659574468085,0.3132451535895096,0.2950135706848756,0.01823158290463399,0.2561320337102487,0.9998,1.0,9999,within_state_lower_higher_label_swap,fixed_eligible_dyad_edge_count_expected_occurrence,0.9998999999999999,0.0001414072133945005,0.0,5,4,29
motif_462c4df0c1cacf78,47,15.0,14.0,0.02127659574468085,0.31324515358950966,0.2950135706848756,0.01823158290463399,0.25613162223935754,0.9995,1.0,9999,within_state_lower_higher_label_swap,fixed_eligible_dyad_edge_count_expected_occurrence,0.9998999999999999,0.00022355088906106927,0.0,5,4,29
motif_652e84642f661624,47,11.0,18.0,-0.14893617021276595,0.22813877061078622,0.380119953663599,-0.15198118305281286,-1.674182582825036,0.0648,0.9927,9999,within_state_lower_higher_label_swap,fixed_eligible_dyad_edge_count_expected_occurrence,0.3946247191011236,0.002461726223608141,0.0008512761009214328,5,4,29
motif_7434dae0d646da6b,47,18.0,11.0,0.14893617021276595,0.3770749408235522,0.23118378345083307,0.14589115737271904,1.607574618505184,0.1657,0.9969,9999,within_state_lower_higher_label_swap,fixed_eligible_dyad_edge_count_expected_occurrence,0.5684139240506328,0.003718111214044034,0.0005559127629403729,5,4,29
motif_90e3cc1dcf4e3b79,47,16.0,13.0,0.06382978723404255,0.33452174933419054,0.2737369749401948,0.06078477439399568,0.8606305018044462,0.5463,1.0,9999,within_state_lower_higher_label_swap,fixed_eligible_dyad_edge_count_expected_occurrence,0.8799447028423772,0.004978516947847019,0.0,5,4,29
motif_ace47faad0c74b11,47,20.0,9.0,0.23404255319148937,0.419628132312914,0.18863059196147136,0.2309975403514426,2.840315130011674,0.0135,0.4239,9999,within_state_lower_higher_label_swap,fixed_eligible_dyad_edge_count_expected_occurrence,0.2006864864864865,0.0011540255629751016,0.004941748577173874,5,4,29
motif_e51d13cc35f9cbc0,47,15.0,14.0,0.02127659574468085,0.31324515358950966,0.29501357068487555,0.01823158290463398,0.2356092111252279,0.9997,1.0,9999,within_state_lower_higher_label_swap,fixed_eligible_dyad_edge_count_expected_occurrence,0.9998999999999999,0.00017317909804591517,0.0,5,4,29
motif_ee6ea2d9e15ae257,47,15.0,14.0,0.02127659574468085,0.31324515358950966,0.2950135706848756,0.01823158290463399,0.25613162223935754,0.9995,1.0,9999,within_state_lower_higher_label_swap,fixed_eligible_dyad_edge_count_expected_occurrence,0.9998999999999999,0.00022355088906106927,0.0,5,4,29
motif_515f2a2b2aaee61d,47,16.0,13.0,0.06382978723404255,0.3387174327472747,0.2759703993577589,0.06274703338951577,0.8877183452992556,0.5463,1.0,9999,within_state_lower_higher_label_swap,fixed_eligible_dyad_edge_count_expected_occurrence,0.8799447028423772,0.004978516947847019,0.0,5,5,29
motif_73bf87366dc57d10,47,12.0,17.0,-0.10638297872340426,0.25361104976855137,0.3610767823364824,-0.10746573256793103,-1.4153255402963263,0.0925,0.9995,9999,within_state_lower_higher_label_swap,fixed_eligible_dyad_edge_count_expected_occurrence,0.4648504504504505,0.0028973047820345034,0.00022355088906106927,5,5,29
motif_9aea37b624069e78,47,15.0,14.0,0.02127659574468085,0.3174408370025939,0.2972469951024398,0.020193841900154084,0.2834868235184755,0.9997,1.0,9999,within_state_lower_higher_label_swap,fixed_eligible_dyad_edge_count_expected_occurrence,0.9998999999999999,0.00017317909804591517,0.0,5,5,29
motif_c1cb74bf02920d95,47,15.0,14.0,0.02127659574468085,0.3174408370025939,0.2972469951024398,0.020193841900154073,0.2834883414817782,0.9994,1.0,9999,within_state_lower_higher_label_swap,fixed_eligible_dyad_edge_count_expected_occurrence,0.9998999999999999,0.0002448754785600316,0.0,5,5,29
motif_cb910122203920e9,47,11.0,18.0,-0.14893617021276595,0.23233445402387054,0.3823533780811632,-0.15001892405729272,-1.7465989316329356,0.047,0.9865,9999,within_state_lower_higher_label_swap,fixed_eligible_dyad_edge_count_expected_occurrence,0.3439615384615385,0.002116388433156825,0.0011540255629750996,5,5,29
motif_d9d6a0af6bcd611b,47,15.0,14.0,0.02127659574468085,0.3174408370025939,0.2972469951024398,0.020193841900154087,0.2835605514002555,0.9994,1.0,9999,within_state_lower_higher_label_swap,fixed_eligible_dyad_edge_count_expected_occurrence,0.9998999999999999,0.0002448754785600316,0.0,5,5,29
motif_7c9654a7552f1afd,47,15.0,14.0,0.02127659574468085,0.31864809182743775,0.2977401413710413,0.020907950456396377,0.29345533809901075,0.9989,1.0,9999,within_state_lower_higher_label_swap,fixed_eligible_dyad_edge_count_expected_occurrence,0.9998999999999999,0.0003314800144805098,0.0,5,6,29
motif_43cc804437a47f43,47,10.0,18.0,-0.1702127659574468,0.19200651404414973,0.37031065586236306,-0.1783041418182133,-1.845509361884214,0.052,0.9729,9999,within_state_lower_higher_label_swap,fixed_eligible_dyad_edge_count_expected_occurrence,0.35229999999999995,0.0022202702538204667,0.0016237484411077972,4,3,28
motif_94fda426c64e7b30,47,12.0,16.0,-0.0851063829787234,0.23455970553351138,0.32775746437300135,-0.09319775883948984,-1.1038396188354909,0.2091,1.0,9999,within_state_lower_higher_label_swap,fixed_eligible_dyad_edge_count_expected_occurrence,0.6204170212765958,0.004066659439884289,0.0,4,3,28
motif_ac678f6d8b8171a2,47,11.0,17.0,-0.1276595744680851,0.21328310978883053,0.34903406011768223,-0.1357509503288516,-1.5396716981695253,0.0952,0.9981,9999,within_state_lower_higher_label_swap,fixed_eligible_dyad_edge_count_expected_occurrence,0.4648504504504505,0.002934909879365975,0.00043547560207203486,4,3,28
motif_c6162316b5742d5a,47,13.0,15.0,-0.0425531914893617,0.2558363012781922,0.3064808686283205,-0.050644567350128164,-0.5944227913826639,0.4476,1.0,9999,within_state_lower_higher_label_swap,fixed_eligible_dyad_edge_count_expected_occurrence,0.8210761589403973,0.004972466591139653,0.0,4,3,28
motif_4625a9fb33fe9a18,47,12.0,16.0,-0.0851063829787234,0.24941536635546704,0.33756676217423726,-0.0881513958187703,-1.0388178191642892,0.2092,1.0,9999,within_state_lower_higher_label_swap,fixed_eligible_dyad_edge_count_expected_occurrence,0.6204170212765958,0.004067374583192455,0.0,5,4,28
motif_47ce3e87e8a12011,47,14.0,14.0,0.0,0.2919685578448288,0.2950135706848756,-0.003045012840046853,-0.0379049417292378,0.7867,1.0,9999,within_state_lower_higher_label_swap,fixed_eligible_dyad_edge_count_expected_occurrence,0.8995878048780488,0.00409637779019465,0.0,5,4,28
motif_65b770a6b0dde937,47,14.0,14.0,0.0,0.2919685578448288,0.2950135706848756,-0.0030450128400468664,-0.044830301447204096,0.7544,1.0,9999,within_state_lower_higher_label_swap,fixed_eligible_dyad_edge_count_expected_occurrence,0.8995878048780488,0.0043044237709593605,0.0,5,4,28
motif_7887aeea576de116,47,13.0,15.0,-0.0425531914893617,0.27069196210014795,0.31629016642955643,-0.04559820432940858,-0.5328835756367996,0.4477,1.0,9999,within_state_lower_higher_label_swap,fixed_eligible_dyad_edge_count_expected_occurrence,0.8210761589403973,0.0049725718697671934,0.0,5,4,28
motif_85897afcde10ae9d,47,11.0,17.0,-0.1276595744680851,0.22813877061078622,0.35884335791891814,-0.130704587308132,-1.4701856567683702,0.0952,0.9992,9999,within_state_lower_higher_label_swap,fixed_eligible_dyad_edge_count_expected_occurrence,0.4648504504504505,0.002934909879365975,0.00028272955275316074,5,4,28
motif_8987799e9536733a,47,13.0,15.0,-0.0425531914893617,0.27069196210014795,0.31629016642955643,-0.04559820432940858,-0.5328835756367996,0.4477,1.0,9999,within_state_lower_higher_label_swap,fixed_eligible_dyad_edge_count_expected_occurrence,0.8210761589403973,0.0049725718697671934,0.0,5,4,28
motif_92462db061392ae7,47,15.0,13.0,0.0425531914893617,0.31324515358950966,0.2737369749401948,0.03950817864931484,0.5328000354616075,0.771,1.0,9999,within_state_lower_higher_label_swap,fixed_eligible_dyad_edge_count_expected_occurrence,0.8995878048780488,0.004201892430798294,0.0,5,4,28
motif_9dd3ef603731eb1d,47,10.0,18.0,-0.1702127659574468,0.20686217486610536,0.380119953663599,-0.1732577787974937,-1.780036429664178,0.052,0.9805,9999,within_state_lower_higher_label_swap,fixed_eligible_dyad_edge_count_expected_occurrence,0.35229999999999995,0.0022202702538204667,0.0013827418414150909,5,4,28
motif_9f5dccfd505d1842,47,12.0,16.0,-0.0851063829787234,0.24941536635546707,0.33756676217423726,-0.08815139581877031,-1.0367554896444284,0.2129,1.0,9999,within_state_lower_higher_label_swap,fixed_eligible_dyad_edge_count_expected_occurrence,0.6204170212765958,0.00409357533215159,0.0,5,4,28
motif_a352e465397bbb21,47,12.0,16.0,-0.0851063829787234,0.24941536635546704,0.33756676217423726,-0.0881513958187703,-1.0388178191642892,0.2092,1.0,9999,within_state_lower_higher_label_swap,fixed_eligible_dyad_edge_count_expected_occurrence,0.6204170212765958,0.004067374583192455,0.0,5,4,28
motif_d08d2b220c27d371,47,14.0,14.0,0.0,0.2919685578448288,0.29501357068487555,-0.003045012840046874,-0.04093026227847702,0.7659,1.0,9999,within_state_lower_higher_label_swap,fixed_eligible_dyad_edge_count_expected_occurrence,0.8995878048780488,0.004234349891069467,0.0,5,4,28
motif_37d31d57d3f9c5b8,47,11.0,17.0,-0.1276595744680851,0.23233445402387054,0.3610767823364824,-0.12874232831261187,-1.5340096622649368,0.0772,0.9982,9999,within_state_lower_higher_label_swap,fixed_eligible_dyad_edge_count_expected_occurrence,0.43304693877551015,0.0026690852365557753,0.00042388205906832433,5,5,28
motif_4aa6795ac5be2401,47,12.0,16.0,-0.0851063829787234,0.25361104976855137,0.3398001865918015,-0.0861891368232502,-1.012729172704852,0.213,1.0,9999,within_state_lower_higher_label_swap,fixed_eligible_dyad_edge_count_expected_occurrence,0.6204170212765958,0.0040942764928617115,0.0,5,5,28
motif_4abc84179978fc41,47,14.0,14.0,0.0,0.2961642412579131,0.2972469951024398,-0.0010827538445267691,-0.014540245496808622,0.7661,1.0,9999,within_state_lower_higher_label_swap,fixed_eligible_dyad_edge_count_expected_occurrence,0.8995878048780488,0.004233093313405694,0.0,5,5,28
motif_5cefd2032c431627,47,14.0,14.0,0.0,0.2961642412579131,0.2972469951024398,-0.0010827538445267668,-0.015927796941583236,0.7546,1.0,9999,within_state_lower_higher_label_swap,fixed_eligible_dyad_edge_count_expected_occurrence,0.8995878048780488,0.004303241104098165,0.0,5,5,28
motif_653dde72c933e69a,47,14.0,14.0,0.0,0.2961642412579131,0.2972469951024398,-0.0010827538445267668,-0.015927796941583236,0.7546,1.0,9999,within_state_lower_higher_label_swap,fixed_eligible_dyad_edge_count_expected_occurrence,0.8995878048780488,0.004303241104098165,0.0,5,5,28
motif_9583570644293b3f,47,12.0,16.0,-0.0851063829787234,0.25361104976855137,0.3398001865918015,-0.0861891368232502,-1.012729172704852,0.213,1.0,9999,within_state_lower_higher_label_swap,fixed_eligible_dyad_edge_count_expected_occurrence,0.6204170212765958,0.0040942764928617115,0.0,5,5,28
motif_bd8eff38223588de,47,11.0,17.0,-0.1276595744680851,0.23233445402387054,0.3610767823364824,-0.12874232831261187,-1.5339629938181116,0.0775,0.9982,9999,within_state_lower_higher_label_swap,fixed_eligible_dyad_edge_count_expected_occurrence,0.43304693877551015,0.002673831520496383,0.00042388205906832433,5,5,28
motif_cafa14125e4d3e91,47,15.0,13.0,0.0425531914893617,0.3174408370025939,0.27597039935775897,0.041470437644834934,0.5588216987196967,0.771,1.0,9999,within_state_lower_higher_label_swap,fixed_eligible_dyad_edge_count_expected_occurrence,0.8995878048780488,0.004201892430798294,0.0,5,5,28
motif_d6947d105949725e,47,11.0,17.0,-0.1276595744680851,0.23233445402387054,0.3610767823364824,-0.12874232831261187,-1.5339688502348843,0.0763,0.9982,9999,within_state_lower_higher_label_swap,fixed_eligible_dyad_edge_count_expected_occurrence,0.43304693877551015,0.0026547751317201993,0.00042388205906832433,5,5,28
motif_daab14175ce460f2,47,8.0,20.0,-0.2553191489361702,0.16850466678982795,0.42490656957052486,-0.2564019027806969,-3.606080265362471,0.0003,0.0649,9999,within_state_lower_higher_label_swap,fixed_eligible_dyad_edge_count_expected_occurrence,0.0271,0.00017317909804592468,0.00246349325146224,5,5,28
motif_018c4efb7ab2990c,47,11.0,17.0,-0.1276595744680851,0.23354170884871434,0.361569928605084,-0.12802821975636955,-1.5250922268840095,0.0763,0.9987,9999,within_state_lower_higher_label_swap,fixed_eligible_dyad_edge_count_expected_occurrence,0.43304693877551015,0.0026547751317201993,0.00036032069049666963,5,6,28
motif_2e153101d0a11288,47,14.0,14.0,0.0,0.29737149608275687,0.2977401413710413,-0.00036864528828448094,-0.00542126085385816,0.7558,1.0,9999,within_state_lower_higher_label_swap,fixed_eligible_dyad_edge_count_expected_occurrence,0.8995878048780488,0.004296118713443565,0.0,5,6,28
motif_a8e2557395de591b,47,12.0,16.0,-0.0851063829787234,0.25481830459339516,0.34029333286040314,-0.08547502826700787,-1.0042147826836367,0.2133,1.0,9999,within_state_lower_higher_label_swap,fixed_eligible_dyad_edge_count_expected_occurrence,0.6204170212765958,0.004096377790194649,0.0,5,6,28
motif_62be63cfd14a7b5f,47,13.0,14.0,-0.02127659574468085,0.20223385573696395,0.24313196287466451,-0.04089810713770052,-0.5048903345338118,0.6098,1.0,9999,within_state_lower_higher_label_swap,fixed_eligible_dyad_edge_count_expected_occurrence,0.8799447028423772,0.00487794997924333,0.0,3,2,27
motif_731b0357487deaf3,47,12.0,15.0,-0.06382978723404255,0.18095725999228318,0.26440855861934537,-0.08345129862706221,-1.0969455926547254,0.2642,1.0,9999,within_state_lower_higher_label_swap,fixed_eligible_dyad_edge_count_expected_occurrence,0.7079552380952381,0.004409062938992819,0.0,3,2,27
motif_38423b6b2977d305,47,12.0,15.0,-0.06382978723404255,0.2345597055335113,0.30648086862832047,-0.07192116309480902,-0.8213724618944754,0.3257,1.0,9999,within_state_lower_higher_label_swap,fixed_eligible_dyad_edge_count_expected_occurrence,0.7626391666666666,0.004686357967547934,0.0,4,3,27
motif_878918d1010ef59c,47,13.0,14.0,-0.02127659574468085,0.25583630127819224,0.28520427288363975,-0.029367971605447313,-0.3565556943068293,0.6098,1.0,9999,within_state_lower_higher_label_swap,fixed_eligible_dyad_edge_count_expected_occurrence,0.8799447028423772,0.00487794997924333,0.0,4,3,27
motif_b666e4a2a4e21f61,47,10.0,17.0,-0.14893617021276595,0.19200651404414973,0.34903406011768223,-0.15702754607353245,-1.98530757444779,0.0346,0.9357,9999,within_state_lower_higher_label_swap,fixed_eligible_dyad_edge_count_expected_occurrence,0.319271875,0.0018276443855411262,0.0024528658748492554,4,3,27
motif_9222964e0f293ccf,47,10.0,17.0,-0.14893617021276595,0.2068621748661053,0.35884335791891814,-0.15198118305281286,-1.9017621918546093,0.0346,0.9567,9999,within_state_lower_higher_label_swap,fixed_eligible_dyad_edge_count_expected_occurrence,0.319271875,0.0018276443855411262,0.002035315945989713,4,4,27
motif_1c19ace04bcdb92f,47,13.0,14.0,-0.02127659574468085,0.27069196210014795,0.2950135706848756,-0.0243216085847277,-0.3146662189496828,0.5882,1.0,9999,within_state_lower_higher_label_swap,fixed_eligible_dyad_edge_count_expected_occurrence,0.8799447028423772,0.004921592831594259,0.0,5,4,27
motif_2432ee146ee06e9b,47,12.0,15.0,-0.06382978723404255,0.24941536635546707,0.31629016642955643,-0.06687480007408941,-0.760462608330373,0.3258,1.0,9999,within_state_lower_higher_label_swap,fixed_eligible_dyad_edge_count_expected_occurrence,0.7626391666666666,0.004686729776720651,0.0,5,4,27
motif_3d50d7469ea2a0a8,47,13.0,14.0,-0.02127659574468085,0.27069196210014795,0.29501357068487555,-0.02432160858472772,-0.27519394853283674,0.6223,1.0,9999,within_state_lower_higher_label_swap,fixed_eligible_dyad_edge_count_expected_occurrence,0.8799447028423772,0.004848120357416883,0.0,5,4,27
motif_5c79379a0133821d,47,12.0,15.0,-0.06382978723404255,0.24941536635546707,0.31629016642955643,-0.06687480007408941,-0.760462608330373,0.3258,1.0,9999,within_state_lower_higher_label_swap,fixed_eligible_dyad_edge_count_expected_occurrence,0.7626391666666666,0.004686729776720651,0.0,5,4,27
motif_677a13f588cdb059,47,9.0,18.0,-0.19148936170212766,0.18558557912142454,0.380119953663599,-0.19453437454217457,-2.6959770919521047,0.0038,0.4663,9999,within_state_lower_higher_label_swap,fixed_eligible_dyad_edge_count_expected_occurrence,0.10568999999999999,0.0006152690468404858,0.004988630172702724,5,4,27
motif_fd8026f3f9aefe0f,47,11.0,16.0,-0.10638297872340426,0.22813877061078622,0.33756676217423726,-0.10942799156345114,-1.2578850166837545,0.1391,0.9999,9999,within_state_lower_higher_label_swap,fixed_eligible_dyad_edge_count_expected_occurrence,0.5276423841059602,0.0034605084886472973,9.999499987498824e-05,5,4,27
motif_0f1eaadb5b328872,47,14.0,13.0,0.02127659574468085,0.2961642412579131,0.27597039935775897,0.020193841900154087,0.28349920527089356,0.9994,1.0,9999,within_state_lower_higher_label_swap,fixed_eligible_dyad_edge_count_expected_occurrence,0.9998999999999999,0.0002448754785600316,0.0,5,5,27
motif_7062164c652c7ad4,47,9.0,18.0,-0.19148936170212766,0.18978126253450883,0.38235337808116315,-0.19257211554665446,-2.6662197406214787,0.0038,0.5142,9999,within_state_lower_higher_label_swap,fixed_eligible_dyad_edge_count_expected_occurrence,0.10568999999999999,0.0006152690468404858,0.004997983193249053,5,5,27
motif_8d7eadf530f2600e,47,14.0,13.0,0.02127659574468085,0.2961642412579131,0.27597039935775897,0.020193841900154084,0.2835007234331048,0.9992,1.0,9999,within_state_lower_higher_label_swap,fixed_eligible_dyad_edge_count_expected_occurrence,0.9998999999999999,0.00028272955275316074,0.0,5,5,27
motif_e7faaf909e70ba88,47,14.0,13.0,0.02127659574468085,0.2961642412579131,0.27597039935775897,0.020193841900154084,0.2835007234331048,0.9992,1.0,9999,within_state_lower_higher_label_swap,fixed_eligible_dyad_edge_count_expected_occurrence,0.9998999999999999,0.00028272955275316074,0.0,5,5,27
motif_fa7f3982b5280d95,47,13.0,14.0,-0.02127659574468085,0.27488764551323225,0.2972469951024398,-0.022359349589207617,-0.288700271706448,0.5882,1.0,9999,within_state_lower_higher_label_swap,fixed_eligible_dyad_edge_count_expected_occurrence,0.8799447028423772,0.004921592831594259,0.0,5,5,27
motif_5e83cea79dae2573,47,14.0,13.0,0.02127659574468085,0.29737149608275687,0.2764635456263605,0.02090795045639637,0.2934383195415043,0.9989,1.0,9999,within_state_lower_higher_label_swap,fixed_eligible_dyad_edge_count_expected_occurrence,0.9998999999999999,0.0003314800144805098,0.0,5,6,27
motif_6ca5865328442749,47,14.0,13.0,0.02127659574468085,0.29737149608275687,0.2764635456263605,0.020907950456396367,0.2934390728509839,0.9986,1.0,9999,within_state_lower_higher_label_swap,fixed_eligible_dyad_edge_count_expected_occurrence,0.9998999999999999,0.0003739037309254826,0.0,5,6,27
motif_7e70cbb5d1272c31,47,11.0,15.0,-0.0851063829787234,0.21328310978883058,0.30648086862832047,-0.09319775883948983,-1.108354831306437,0.2087,1.0,9999,within_state_lower_higher_label_swap,fixed_eligible_dyad_edge_count_expected_occurrence,0.6204170212765958,0.004063795147396089,0.0,4,3,26
motif_907bc8e649cc9e30,47,12.0,14.0,-0.0425531914893617,0.23455970553351144,0.28520427288363975,-0.050644567350128164,-0.5964527786445941,0.4562,1.0,9999,within_state_lower_higher_label_swap,fixed_eligible_dyad_edge_count_expected_occurrence,0.8210761589403973,0.0049807786539857405,0.0,4,3,26
motif_b366b2840430a16c,47,11.0,15.0,-0.0851063829787234,0.22813877061078622,0.31629016642955643,-0.08815139581877031,-1.0400221638644145,0.2087,1.0,9999,within_state_lower_higher_label_swap,fixed_eligible_dyad_edge_count_expected_occurrence,0.6204170212765958,0.004063795147396089,0.0,4,4,26
motif_1b5f56b34ecdaa6c,47,10.0,16.0,-0.1276595744680851,0.20686217486610536,0.3375667621742373,-0.13070458730813198,-1.3906389981466043,0.1188,0.9997,9999,within_state_lower_higher_label_swap,fixed_eligible_dyad_edge_count_expected_occurrence,0.49758045112781957,0.0032355302502062935,0.00017317909804591517,5,4,26
motif_26507b4dbd33a9b0,47,10.0,16.0,-0.1276595744680851,0.20686217486610536,0.33756676217423726,-0.130704587308132,-1.5621389050721046,0.072,0.9975,9999,within_state_lower_higher_label_swap,fixed_eligible_dyad_edge_count_expected_occurrence,0.42883516483516476,0.002584879107424562,0.0004993746088859492,5,4,26
motif_3584f99186f55098,47,10.0,16.0,-0.1276595744680851,0.2068621748661053,0.33756676217423726,-0.130704587308132,-1.56415604381781,0.0783,0.9974,9999,within_state_lower_higher_label_swap,fixed_eligible_dyad_edge_count_expected_occurrence,0.43304693877551015,0.002686430903634039,0.0005092386473943279,5,4,26
motif_5dceed5e09274722,47,12.0,14.0,-0.0425531914893617,0.24941536635546707,0.2950135706848756,-0.04559820432940856,-0.5328843441074281,0.4548,1.0,9999,within_state_lower_higher_label_swap,fixed_eligible_dyad_edge_count_expected_occurrence,0.8210761589403973,0.0049795276884459635,0.0,5,4,26
motif_9e18a3296a08a2d2,47,12.0,14.0,-0.0425531914893617,0.24941536635546707,0.2950135706848756,-0.04559820432940856,-0.533325118729232,0.4564,1.0,9999,within_state_lower_higher_label_swap,fixed_eligible_dyad_edge_count_expected_occurrence,0.8210761589403973,0.004980954125466325,0.0,5,4,26
motif_d2fceddc64f9c4b8,47,12.0,14.0,-0.0425531914893617,0.24941536635546707,0.29501357068487555,-0.045598204329408566,-0.5328899924747525,0.4514,1.0,9999,within_state_lower_higher_label_swap,fixed_eligible_dyad_edge_count_expected_occurrence,0.8210761589403973,0.004976324346342389,0.0,5,4,26
motif_181b8ce161b66b8b,47,13.0,13.0,0.0,0.2748876455132322,0.27597039935775897,-0.001082753844526762,-0.0159285608333663,0.7561,1.0,9999,within_state_lower_higher_label_swap,fixed_eligible_dyad_edge_count_expected_occurrence,0.8995878048780488,0.004294331030556447,0.0,5,5,26
motif_87672ea659340518,47,11.0,15.0,-0.0851063829787234,0.23233445402387054,0.3185235908471207,-0.0861891368232502,-1.0843101884184272,0.1821,1.0,9999,within_state_lower_higher_label_swap,fixed_eligible_dyad_edge_count_expected_occurrence,0.5787672514619883,0.003859269231344193,0.0,5,5,26
motif_b38850de34c883b8,47,10.0,16.0,-0.1276595744680851,0.2110578582791897,0.3398001865918015,-0.1287423283126119,-1.5354037445715873,0.072,0.9982,9999,within_state_lower_higher_label_swap,fixed_eligible_dyad_edge_count_expected_occurrence,0.42883516483516476,0.002584879107424562,0.00042388205906832433,5,5,26
motif_1f7ac044c9f83b05,47,13.0,13.0,0.0,0.27609490033807604,0.2764635456263605,-0.00036864528828448094,-0.005421328898296523,0.7568,1.0,9999,within_state_lower_higher_label_swap,fixed_eligible_dyad_edge_count_expected_occurrence,0.8995878048780488,0.004290148715371065,0.0,5,6,26
motif_2af20ff912ea7195,47,11.0,15.0,-0.0851063829787234,0.23354170884871434,0.3190167371157222,-0.08547502826700788,-1.075195582220855,0.1825,1.0,9999,within_state_lower_higher_label_swap,fixed_eligible_dyad_edge_count_expected_occurrence,0.5787672514619883,0.0038625606791350213,0.0,5,6,26
motif_5e815e962da809ee,47,11.0,15.0,-0.0851063829787234,0.23354170884871434,0.3190167371157222,-0.08547502826700788,-1.075195582220855,0.1825,1.0,9999,within_state_lower_higher_label_swap,fixed_eligible_dyad_edge_count_expected_occurrence,0.5787672514619883,0.0038625606791350213,0.0,5,6,26
motif_d818811728222c86,47,13.0,13.0,0.0,0.27609490033807604,0.2764635456263605,-0.00036864528828448094,-0.005421328898296523,0.7568,1.0,9999,within_state_lower_higher_label_swap,fixed_eligible_dyad_edge_count_expected_occurrence,0.8995878048780488,0.004290148715371065,0.0,5,6,26
motif_c6837bde7d886408,47,13.0,13.0,0.0,0.2764477773192236,0.2765687582041413,-0.00012098088491776444,-0.0017789543671070523,0.7573,1.0,9999,within_state_lower_higher_label_swap,fixed_eligible_dyad_edge_count_expected_occurrence,0.8995878048780488,0.004287151851754262,0.0,5,7,26
motif_e8e7168a0537a3da,47,11.0,15.0,-0.0851063829787234,0.2338945858298618,0.319121949693503,-0.08522736386364121,-1.072132992956487,0.1826,1.0,9999,within_state_lower_higher_label_swap,fixed_eligible_dyad_edge_count_expected_occurrence,0.5787672514619883,0.0038633824558280535,0.0,5,7,26
motif_90f0469331adc789,47,11.0,14.0,-0.06382978723404255,0.21328310978883058,0.28520427288363964,-0.07192116309480902,-0.937291086470864,0.2685,1.0,9999,within_state_lower_higher_label_swap,fixed_eligible_dyad_edge_count_expected_occurrence,0.7079552380952381,0.0044317913985204675,0.0,3,3,25
motif_260b9ee8cedf65ab,47,11.0,14.0,-0.06382978723404255,0.21328310978883053,0.28520427288363975,-0.07192116309480902,-0.8786536327892469,0.3027,1.0,9999,within_state_lower_higher_label_swap,fixed_eligible_dyad_edge_count_expected_occurrence,0.7455565610859729,0.00459426501194696,0.0,4,3,25
motif_632e6b3a31ce3011,47,11.0,14.0,-0.06382978723404255,0.21328310978883058,0.28520427288363964,-0.07192116309480902,-0.8226715340632957,0.3344,1.0,9999,within_state_lower_higher_label_swap,fixed_eligible_dyad_edge_count_expected_occurrence,0.7626391666666666,0.004717802878459421,0.0,4,3,25
motif_cf36d5d36d17f0d4,47,11.0,14.0,-0.06382978723404255,0.21328310978883058,0.28520427288363964,-0.07192116309480902,-1.0210447671810243,0.226,1.0,9999,within_state_lower_higher_label_swap,fixed_eligible_dyad_edge_count_expected_occurrence,0.6346735751295337,0.004182391660282427,0.0,4,3,25
motif_e0be9084453e8269,47,12.0,13.0,-0.02127659574468085,0.24941536635546704,0.2737369749401948,-0.024321608584727723,-0.31472227682329396,0.5811,1.0,9999,within_state_lower_higher_label_swap,fixed_eligible_dyad_edge_count_expected_occurrence,0.8799447028423772,0.004933789517196695,0.0,4,4,25
motif_9f82584d66042611,47,11.0,14.0,-0.06382978723404255,0.22813877061078622,0.2950135706848756,-0.06687480007408943,-0.7605059944566976,0.3346,1.0,9999,within_state_lower_higher_label_swap,fixed_eligible_dyad_edge_count_expected_occurrence,0.7626391666666666,0.004718504424073374,0.0,5,4,25
motif_d1701f302cafb7b8,47,11.0,14.0,-0.06382978723404255,0.2281387706107862,0.2950135706848756,-0.06687480007408941,-0.8101505035122369,0.3005,1.0,9999,within_state_lower_higher_label_swap,fixed_eligible_dyad_edge_count_expected_occurrence,0.7455565610859729,0.0045847546281126104,0.0,5,4,25
motif_fe7681306acbdcba,47,11.0,14.0,-0.06382978723404255,0.22813877061078622,0.2950135706848756,-0.06687480007408943,-0.8111281795045893,0.303,1.0,9999,within_state_lower_higher_label_swap,fixed_eligible_dyad_edge_count_expected_occurrence,0.7455565610859729,0.004595552197505758,0.0,5,4,25
motif_82cb78c31a4d45f4,47,12.0,13.0,-0.02127659574468085,0.25361104976855137,0.2759703993577589,-0.022359349589207617,-0.28883675752134397,0.5811,1.0,9999,within_state_lower_higher_label_swap,fixed_eligible_dyad_edge_count_expected_occurrence,0.8799447028423772,0.004933789517196695,0.0,5,5,25
motif_c38a1f8d4d13cd58,47,12.0,13.0,-0.02127659574468085,0.25361104976855137,0.2759703993577589,-0.022359349589207617,-0.28883675752134397,0.5811,1.0,9999,within_state_lower_higher_label_swap,fixed_eligible_dyad_edge_count_expected_occurrence,0.8799447028423772,0.004933789517196695,0.0,5,5,25
motif_e9f2800f2f4139b5,47,8.0,17.0,-0.19148936170212766,0.16850466678982795,0.3610767823364824,-0.19257211554665446,-2.939447602713516,0.0007,0.3053,9999,within_state_lower_higher_label_swap,fixed_eligible_dyad_edge_count_expected_occurrence,0.03752307692307692,0.00026448251359967073,0.004605343743956579,5,5,25
motif_d73c4c050c515690,47,8.0,17.0,-0.19148936170212766,0.16971192161467175,0.361569928605084,-0.19185800699041217,-2.928319953222267,0.0008,0.3118,9999,within_state_lower_higher_label_swap,fixed_eligible_dyad_edge_count_expected_occurrence,0.03752307692307692,0.0002827295527531567,0.004632286260584507,5,6,25
motif_aa88697c4878a8d2,47,12.0,12.0,0.0,0.23455970553351135,0.24265108139427788,-0.008091375860766465,-0.11900666070976341,0.7536,1.0,9999,within_state_lower_higher_label_swap,fixed_eligible_dyad_edge_count_expected_occurrence,0.8995878048780488,0.004309141909939843,0.0,4,3,24
motif_b7f95b768d0ed88f,47,12.0,12.0,0.0,0.23455970553351135,0.24265108139427788,-0.008091375860766465,-0.10862032876720357,0.7799,1.0,9999,within_state_lower_higher_label_swap,fixed_eligible_dyad_edge_count_expected_occurrence,0.8995878048780488,0.004143138785993054,0.0,4,3,24
motif_cefbf9695c101b62,47,12.0,12.0,0.0,0.23455970553351138,0.24265108139427796,-0.008091375860766465,-0.1017178017204517,0.7894,1.0,9999,within_state_lower_higher_label_swap,fixed_eligible_dyad_edge_count_expected_occurrence,0.8995878048780488,0.004077347667295493,0.0,4,3,24
motif_daeb4bd8e246a8ce,47,10.0,14.0,-0.0851063829787234,0.19200651404414973,0.28520427288363964,-0.09319775883948984,-1.2721905881038416,0.1451,0.9999,9999,within_state_lower_higher_label_swap,fixed_eligible_dyad_edge_count_expected_occurrence,0.5276423841059602,0.0035220163259133256,9.999499987498824e-05,4,3,24
motif_df23103c2dddd8a7,47,11.0,13.0,-0.0425531914893617,0.21328310978883058,0.2639276771389588,-0.050644567350128164,-0.5964770499648304,0.4535,1.0,9999,within_state_lower_higher_label_swap,fixed_eligible_dyad_edge_count_expected_occurrence,0.8210761589403973,0.0049783305434653495,0.0,4,3,24
motif_1ef5e2e1bdccc5eb,47,12.0,12.0,0.0,0.24941536635546707,0.2524603791955139,-0.003045012840046877,-0.037983847866884836,0.7894,1.0,9999,within_state_lower_higher_label_swap,fixed_eligible_dyad_edge_count_expected_occurrence,0.8995878048780488,0.004077347667295493,0.0,4,4,24
motif_24eb9a87cdb74628,47,11.0,13.0,-0.0425531914893617,0.22813877061078622,0.2737369749401948,-0.04559820432940858,-0.6143041293707396,0.3913,1.0,9999,within_state_lower_higher_label_swap,fixed_eligible_dyad_edge_count_expected_occurrence,0.8210761589403973,0.004880412994819188,0.0,4,4,24
motif_a0117e3a50871f45,47,10.0,14.0,-0.0851063829787234,0.20686217486610536,0.2950135706848756,-0.08815139581877027,-1.2004328523573096,0.1452,1.0,9999,within_state_lower_higher_label_swap,fixed_eligible_dyad_edge_count_expected_occurrence,0.5276423841059602,0.0035230237013111334,0.0,4,4,24
motif_1705651ede59320a,47,11.0,13.0,-0.0425531914893617,0.22813877061078622,0.2737369749401948,-0.04559820432940858,-0.5333194565143923,0.4537,1.0,9999,within_state_lower_higher_label_swap,fixed_eligible_dyad_edge_count_expected_occurrence,0.8210761589403973,0.004978516947847019,0.0,5,4,24
motif_577624a63a62a8a9,47,9.0,15.0,-0.1276595744680851,0.18558557912142445,0.3162901664295565,-0.130704587308132,-1.4702104807390786,0.0974,0.9992,9999,within_state_lower_higher_label_swap,fixed_eligible_dyad_edge_count_expected_occurrence,0.471304347826087,0.0029650166947253432,0.00028272955275316074,5,4,24
motif_7f263166867f6719,47,11.0,13.0,-0.0425531914893617,0.22813877061078622,0.2737369749401948,-0.04559820432940859,-0.5700535481201404,0.4266,1.0,9999,within_state_lower_higher_label_swap,fixed_eligible_dyad_edge_count_expected_occurrence,0.8210761589403973,0.004945830971636617,0.0,5,4,24
motif_86d8105fe5309952,47,10.0,14.0,-0.0851063829787234,0.2068621748661053,0.2950135706848756,-0.08815139581877027,-1.039720754733477,0.2148,1.0,9999,within_state_lower_higher_label_swap,fixed_eligible_dyad_edge_count_expected_occurrence,0.6204170212765958,0.004106835277923866,0.0,5,4,24
motif_d68985c461e287c9,47,9.0,15.0,-0.1276595744680851,0.18558557912142445,0.31629016642955643,-0.130704587308132,-1.6791955696910297,0.0603,0.9926,9999,within_state_lower_higher_label_swap,fixed_eligible_dyad_edge_count_expected_occurrence,0.3864141176470588,0.0023804182405619398,0.0008570437561758421,5,4,24
motif_d740706ea3c34912,47,11.0,13.0,-0.0425531914893617,0.22813877061078622,0.2737369749401948,-0.04559820432940858,-0.5333194565143923,0.4537,1.0,9999,within_state_lower_higher_label_swap,fixed_eligible_dyad_edge_count_expected_occurrence,0.8210761589403973,0.004978516947847019,0.0,5,4,24
motif_e93a5794cad1d099,47,12.0,12.0,0.0,0.24941536635546713,0.25246037919551395,-0.003045012840046869,-0.044734422695894664,0.7536,1.0,9999,within_state_lower_higher_label_swap,fixed_eligible_dyad_edge_count_expected_occurrence,0.8995878048780488,0.004309141909939843,0.0,5,4,24
motif_efae6b60f595cdfb,47,10.0,14.0,-0.0851063829787234,0.2068621748661053,0.2950135706848756,-0.08815139581877031,-1.1145133574677655,0.1786,1.0,9999,within_state_lower_higher_label_swap,fixed_eligible_dyad_edge_count_expected_occurrence,0.5787672514619883,0.00383017023120383,0.0,5,4,24
motif_0bae3f446a0ef73b,47,11.0,13.0,-0.0425531914893617,0.23233445402387054,0.2759703993577589,-0.04363594533388848,-0.5444597944403822,0.4267,1.0,9999,within_state_lower_higher_label_swap,fixed_eligible_dyad_edge_count_expected_occurrence,0.8210761589403973,0.004945979276139357,0.0,5,5,24
motif_1d705ca0de2416ea,47,10.0,14.0,-0.0851063829787234,0.2110578582791897,0.2972469951024398,-0.08618913682325018,-1.0859988775879992,0.1786,1.0,9999,within_state_lower_higher_label_swap,fixed_eligible_dyad_edge_count_expected_occurrence,0.5787672514619883,0.00383017023120383,0.0,5,5,24
motif_ba7a0a0ed1ab1304,47,9.0,15.0,-0.1276595744680851,0.1897812625345088,0.3185235908471207,-0.12874232831261187,-1.6482277277301105,0.0603,0.994,9999,within_state_lower_higher_label_swap,fixed_eligible_dyad_edge_count_expected_occurrence,0.3864141176470588,0.0023804182405619398,0.0007722693830523132,5,5,24
motif_c88f48387ef2b4fe,47,11.0,13.0,-0.0425531914893617,0.23233445402387054,0.2759703993577589,-0.04363594533388847,-0.5444047366429696,0.4261,1.0,9999,within_state_lower_higher_label_swap,fixed_eligible_dyad_edge_count_expected_occurrence,0.8210761589403973,0.004945086349094422,0.0,5,5,24
motif_496bfc724505030e,47,11.0,12.0,-0.02127659574468085,0.21328310978883058,0.24265108139427796,-0.029367971605447303,-0.4131202692413451,0.5506,1.0,9999,within_state_lower_higher_label_swap,fixed_eligible_dyad_edge_count_expected_occurrence,0.8799447028423772,0.004974330507716591,0.0,4,3,23
motif_13987350646e3e50,47,10.0,13.0,-0.06382978723404255,0.20686217486610536,0.2737369749401948,-0.06687480007408944,-0.8686763295813612,0.2691,1.0,9999,within_state_lower_higher_label_swap,fixed_eligible_dyad_edge_count_expected_occurrence,0.7079552380952381,0.004434920405148215,0.0,4,4,23
motif_36015bab6274bff0,47,11.0,12.0,-0.02127659574468085,0.22813877061078622,0.25246037919551395,-0.024321608584727723,-0.34111938601891717,0.554,1.0,9999,within_state_lower_higher_label_swap,fixed_eligible_dyad_edge_count_expected_occurrence,0.8799447028423772,0.004970754469896899,0.0,4,4,23
motif_2ec7c5deb3b9bc46,47,10.0,13.0,-0.06382978723404255,0.2110578582791897,0.2759703993577589,-0.06491254107856934,-0.843014207590277,0.2691,1.0,9999,within_state_lower_higher_label_swap,fixed_eligible_dyad_edge_count_expected_occurrence,0.7079552380952381,0.004434920405148215,0.0,4,5,23
motif_0340aaab0dccc1f1,47,12.0,11.0,0.02127659574468085,0.24941536635546713,0.2311837834508331,0.018231582904633985,0.2555726336028807,0.9995,1.0,9999,within_state_lower_higher_label_swap,fixed_eligible_dyad_edge_count_expected_occurrence,0.9998999999999999,0.00022355088906106927,0.0,5,4,23
motif_2611ff976d3ff14b,47,11.0,12.0,-0.02127659574468085,0.22813877061078622,0.25246037919551395,-0.024321608584727723,-0.3771649238143433,0.5089,1.0,9999,within_state_lower_higher_label_swap,fixed_eligible_dyad_edge_count_expected_occurrence,0.8785561904761905,0.004999207837247817,0.0,5,4,23
motif_287b8ec85d70fbac,47,5.0,18.0,-0.2765957446808511,0.10047919614270107,0.380119953663599,-0.2796407575208979,-3.5689757141466356,0.0003,0.0735,9999,within_state_lower_higher_label_swap,fixed_eligible_dyad_edge_count_expected_occurrence,0.0271,0.00017317909804592468,0.0026095545596902165,5,4,23
motif_29d831cab5ba7ad5,47,8.0,15.0,-0.14893617021276595,0.1643089833767436,0.3162901664295565,-0.15198118305281286,-1.77742205192278,0.0491,0.981,9999,within_state_lower_higher_label_swap,fixed_eligible_dyad_edge_count_expected_occurrence,0.3439615384615385,0.0021607681504502052,0.001365247230357931,5,4,23
motif_b37ecaf5b25bba35,47,9.0,14.0,-0.10638297872340426,0.18558557912142445,0.2950135706848756,-0.10942799156345114,-1.3422512343939164,0.1212,0.9997,9999,within_state_lower_higher_label_swap,fixed_eligible_dyad_edge_count_expected_occurrence,0.49758045112781957,0.0032635955631787465,0.00017317909804591517,5,4,23
motif_db3614fd20563588,47,11.0,12.0,-0.02127659574468085,0.22813877061078622,0.2524603791955139,-0.024321608584727726,-0.29329843238054176,0.6075,1.0,9999,within_state_lower_higher_label_swap,fixed_eligible_dyad_edge_count_expected_occurrence,0.8799447028423772,0.004883070243197409,0.0,5,4,23
motif_eb030d5e67232bce,47,11.0,12.0,-0.02127659574468085,0.22813877061078622,0.25246037919551395,-0.024321608584727723,-0.27505971178417826,0.6302,1.0,9999,within_state_lower_higher_label_swap,fixed_eligible_dyad_edge_count_expected_occurrence,0.8803309278350515,0.004827504117036049,0.0,5,4,23
motif_1681ae0e2b76586f,47,11.0,12.0,-0.02127659574468085,0.23233445402387048,0.2546938036130781,-0.022359349589207628,-0.2689324877185679,0.6075,1.0,9999,within_state_lower_higher_label_swap,fixed_eligible_dyad_edge_count_expected_occurrence,0.8799447028423772,0.004883070243197409,0.0,5,5,23
motif_22c34d8dbb9b8983,47,8.0,15.0,-0.14893617021276595,0.16850466678982795,0.3185235908471206,-0.15001892405729275,-1.7487981564509003,0.0491,0.986,9999,within_state_lower_higher_label_swap,fixed_eligible_dyad_edge_count_expected_occurrence,0.3439615384615385,0.0021607681504502052,0.0011749042514179618,5,5,23
motif_3a17b4ce682ce2b1,47,10.0,13.0,-0.06382978723404255,0.2110578582791897,0.2759703993577589,-0.06491254107856934,-0.8441979165345479,0.2662,1.0,9999,within_state_lower_higher_label_swap,fixed_eligible_dyad_edge_count_expected_occurrence,0.7079552380952381,0.0044197008948570265,0.0,5,5,23
motif_8d6839eb022660a3,47,10.0,13.0,-0.06382978723404255,0.21226511310403356,0.2764635456263605,-0.06419843252232703,-0.8343412207163583,0.2664,1.0,9999,within_state_lower_higher_label_swap,fixed_eligible_dyad_edge_count_expected_occurrence,0.7079552380952381,0.004420758305992311,0.0,5,6,23
motif_1fe91a45ad633b8a,47,11.0,11.0,0.0,0.22813877061078622,0.2311837834508331,-0.003045012840046869,-0.04473342121654921,0.7618,1.0,9999,within_state_lower_higher_label_swap,fixed_eligible_dyad_edge_count_expected_occurrence,0.8995878048780488,0.004259821123005049,0.0,4,4,22
motif_acb44744b5c13899,47,9.0,13.0,-0.0851063829787234,0.18558557912142445,0.2737369749401948,-0.0881513958187703,-1.0397095294492973,0.2151,1.0,9999,within_state_lower_higher_label_swap,fixed_eligible_dyad_edge_count_expected_occurrence,0.6204170212765958,0.004108917010600238,0.0,4,4,22
motif_dfcab8382e621753,47,11.0,11.0,0.0,0.22813877061078622,0.2311837834508331,-0.003045012840046869,-0.04473342121654921,0.7618,1.0,9999,within_state_lower_higher_label_swap,fixed_eligible_dyad_edge_count_expected_occurrence,0.8995878048780488,0.004259821123005049,0.0,4,4,22
motif_0dd4e2d3dd505b69,47,11.0,11.0,0.0,0.23233445402387054,0.23341720786839718,-0.0010827538445267809,-0.0159090091528298,0.7621,1.0,9999,within_state_lower_higher_label_swap,fixed_eligible_dyad_edge_count_expected_occurrence,0.8995878048780488,0.004257975927597525,0.0,4,5,22
motif_96ca5d9e76d59355,47,10.0,12.0,-0.0425531914893617,0.20686217486610536,0.2524603791955139,-0.045598204329408566,-0.6734342016217453,0.3447,1.0,9999,within_state_lower_higher_label_swap,fixed_eligible_dyad_edge_count_expected_occurrence,0.7688370370370371,0.004752703546403878,0.0,5,4,22
motif_9ac79cbea8a03df2,47,10.0,12.0,-0.0425531914893617,0.2068621748661053,0.2524603791955139,-0.04559820432940858,-0.6171717776646899,0.3903,1.0,9999,within_state_lower_higher_label_swap,fixed_eligible_dyad_edge_count_expected_occurrence,0.8210761589403973,0.0048781749661118146,0.0,5,4,22
motif_c8187ca9fadf7006,47,10.0,12.0,-0.0425531914893617,0.2068621748661053,0.2524603791955139,-0.04559820432940858,-0.5706211167190033,0.4243,1.0,9999,within_state_lower_higher_label_swap,fixed_eligible_dyad_edge_count_expected_occurrence,0.8210761589403973,0.004942362896429197,0.0,5,4,22
motif_cce66e271e34786b,47,10.0,12.0,-0.0425531914893617,0.20686217486610536,0.25246037919551395,-0.04559820432940858,-0.5700695905600309,0.4253,1.0,9999,within_state_lower_higher_label_swap,fixed_eligible_dyad_edge_count_expected_occurrence,0.8210761589403973,0.004943884201718321,0.0,5,4,22
motif_d678613ad78fd8b5,47,10.0,12.0,-0.0425531914893617,0.20686217486610536,0.25246037919551395,-0.04559820432940858,-0.6726760253280901,0.3375,1.0,9999,within_state_lower_higher_label_swap,fixed_eligible_dyad_edge_count_expected_occurrence,0.7626391666666666,0.0047285700798444345,0.0,5,4,22
motif_e897bd616681fc9e,47,14.0,8.0,0.1276595744680851,0.29196855784482884,0.1673539962167905,0.1246145616280382,1.4003928295493169,0.2388,0.9997,9999,within_state_lower_higher_label_swap,fixed_eligible_dyad_edge_count_expected_occurrence,0.6633969387755102,0.004263502785269408,0.00017317909804591517,5,4,22
motif_ecfe11186116dda0,47,11.0,11.0,0.0,0.22813877061078622,0.2311837834508331,-0.0030450128400468786,-0.0447344226958948,0.7584,1.0,9999,within_state_lower_higher_label_swap,fixed_eligible_dyad_edge_count_expected_occurrence,0.8995878048780488,0.004280530808205917,0.0,5,4,22
motif_117ce0c6871a8986,47,10.0,12.0,-0.0425531914893617,0.2110578582791897,0.25469380361307803,-0.04363594533388848,-0.643894638654055,0.3377,1.0,9999,within_state_lower_higher_label_swap,fixed_eligible_dyad_edge_count_expected_occurrence,0.7626391666666666,0.004729256918375232,0.0,5,5,22
motif_4105c9e59ebee4e9,47,11.0,11.0,0.0,0.23233445402387054,0.23341720786839718,-0.0010827538445267809,-0.0159090091528298,0.7621,1.0,9999,within_state_lower_higher_label_swap,fixed_eligible_dyad_edge_count_expected_occurrence,0.8995878048780488,0.004257975927597525,0.0,5,5,22
motif_43d3e6a7657c3f65,47,11.0,11.0,0.0,0.23233445402387054,0.23341720786839718,-0.0010827538445267809,-0.0159090091528298,0.7621,1.0,9999,within_state_lower_higher_label_swap,fixed_eligible_dyad_edge_count_expected_occurrence,0.8995878048780488,0.004257975927597525,0.0,5,5,22
motif_64f1a25c5b185955,47,9.0,13.0,-0.0851063829787234,0.1897812625345088,0.2759703993577589,-0.08618913682325018,-1.0139414601096681,0.2152,1.0,9999,within_state_lower_higher_label_swap,fixed_eligible_dyad_edge_count_expected_occurrence,0.6204170212765958,0.004109610200493472,0.0,5,5,22
motif_755161c6993a890a,47,10.0,12.0,-0.0425531914893617,0.21105785827918966,0.25469380361307803,-0.04363594533388848,-0.5443939660700854,0.4254,1.0,9999,within_state_lower_higher_label_swap,fixed_eligible_dyad_edge_count_expected_occurrence,0.8210761589403973,0.004944035194049492,0.0,5,5,22
motif_aebb239dc237d823,47,9.0,13.0,-0.0851063829787234,0.1897812625345088,0.2759703993577589,-0.08618913682325018,-1.0139414601096681,0.2152,1.0,9999,within_state_lower_higher_label_swap,fixed_eligible_dyad_edge_count_expected_occurrence,0.6204170212765958,0.004109610200493472,0.0,5,5,22
motif_b943d51a3cad6ccb,47,11.0,11.0,0.0,0.23233445402387054,0.23341720786839718,-0.0010827538445267809,-0.0159090091528298,0.7621,1.0,9999,within_state_lower_higher_label_swap,fixed_eligible_dyad_edge_count_expected_occurrence,0.8995878048780488,0.004257975927597525,0.0,5,5,22
motif_d7a3643ee9889ee9,47,10.0,12.0,-0.0425531914893617,0.2110578582791897,0.2546938036130781,-0.04363594533388848,-0.5886702898272088,0.3905,1.0,9999,within_state_lower_higher_label_swap,fixed_eligible_dyad_edge_count_expected_occurrence,0.8210761589403973,0.004878624293794307,0.0,5,5,22
motif_fd5604ec6f39b5d9,47,11.0,11.0,0.0,0.23233445402387054,0.23341720786839718,-0.0010827538445267809,-0.0159090091528298,0.7621,1.0,9999,within_state_lower_higher_label_swap,fixed_eligible_dyad_edge_count_expected_occurrence,0.8995878048780488,0.004257975927597525,0.0,5,5,22
motif_dfad82cf69cd5d21,47,11.0,11.0,0.0,0.23354170884871442,0.2339103541369988,-0.00036864528828447617,-0.005418279203597107,0.763,1.0,9999,within_state_lower_higher_label_swap,fixed_eligible_dyad_edge_count_expected_occurrence,0.8995878048780488,0.004252422838806132,0.0,5,6,22
motif_f15c0176afdf4707,47,7.0,14.0,-0.14893617021276595,0.12817672681010714,0.28520427288363964,-0.15702754607353245,-1.8426757013098374,0.049,0.9737,9999,within_state_lower_higher_label_swap,fixed_eligible_dyad_edge_count_expected_occurrence,0.3439615384615385,0.0021586801523152985,0.0016002596664291702,4,3,21
motif_b2134e3ae1086107,47,10.0,11.0,-0.02127659574468085,0.20686217486610536,0.2311837834508331,-0.024321608584727733,-0.37734257387532877,0.5104,1.0,9999,within_state_lower_higher_label_swap,fixed_eligible_dyad_edge_count_expected_occurrence,0.8785561904761905,0.004998918282988831,0.0,4,4,21
motif_bd370b73f6308ca4,47,10.0,11.0,-0.02127659574468085,0.20686217486610536,0.2311837834508331,-0.024321608584727712,-0.34090989598823035,0.5517,1.0,9999,within_state_lower_higher_label_swap,fixed_eligible_dyad_edge_count_expected_occurrence,0.8799447028423772,0.004973199272098394,0.0,4,4,21
motif_43a7c652c5ba4862,47,10.0,11.0,-0.02127659574468085,0.2110578582791897,0.23341720786839718,-0.022359349589207624,-0.31353445279663583,0.5521,1.0,9999,within_state_lower_higher_label_swap,fixed_eligible_dyad_edge_count_expected_occurrence,0.8799447028423772,0.0049727818170517,0.0,4,5,21
motif_561797d764dd3072,47,10.0,11.0,-0.02127659574468085,0.2110578582791897,0.23341720786839718,-0.022359349589207624,-0.31353445279663583,0.5521,1.0,9999,within_state_lower_higher_label_swap,fixed_eligible_dyad_edge_count_expected_occurrence,0.8799447028423772,0.0049727818170517,0.0,4,5,21
motif_64e9b535d46d64dd,47,10.0,11.0,-0.02127659574468085,0.21226511310403356,0.2339103541369988,-0.021645241032965327,-0.30363185342411525,0.5525,1.0,9999,within_state_lower_higher_label_swap,fixed_eligible_dyad_edge_count_expected_occurrence,0.8799447028423772,0.004972361109171377,0.0,4,6,21
motif_6b99f87c7a88300a,47,10.0,11.0,-0.02127659574468085,0.20686217486610536,0.2311837834508331,-0.024321608584727726,-0.3152164334327631,0.5864,1.0,9999,within_state_lower_higher_label_swap,fixed_eligible_dyad_edge_count_expected_occurrence,0.8799447028423772,0.004924784665343247,0.0,5,4,21
motif_756512b4fa9723fa,47,11.0,10.0,0.02127659574468085,0.2281387706107862,0.20990718770615222,0.01823158290463398,0.2566723014292742,0.9998,1.0,9999,within_state_lower_higher_label_swap,fixed_eligible_dyad_edge_count_expected_occurrence,0.9998999999999999,0.0001414072133945005,0.0,5,4,21
motif_8b4b2fe1bc4dac47,47,7.0,14.0,-0.14893617021276595,0.14303238763206277,0.2950135706848756,-0.15198118305281286,-1.7726259856662914,0.049,0.9817,9999,within_state_lower_higher_label_swap,fixed_eligible_dyad_edge_count_expected_occurrence,0.3439615384615385,0.0021586801523152985,0.0013403398822686723,5,4,21
motif_91dd0c300eec0e6a,47,9.0,12.0,-0.06382978723404255,0.18558557912142445,0.2524603791955139,-0.06687480007408943,-0.9456033790808124,0.2244,1.0,9999,within_state_lower_higher_label_swap,fixed_eligible_dyad_edge_count_expected_occurrence,0.6346735751295337,0.00417186576965271,0.0,5,4,21
motif_9e3f191e99760e38,47,7.0,14.0,-0.14893617021276595,0.14303238763206277,0.2950135706848756,-0.15198118305281286,-1.7726259856662914,0.049,0.9817,9999,within_state_lower_higher_label_swap,fixed_eligible_dyad_edge_count_expected_occurrence,0.3439615384615385,0.0021586801523152985,0.0013403398822686723,5,4,21
motif_de75556f4a6d0d32,47,11.0,10.0,0.02127659574468085,0.22813877061078622,0.20990718770615222,0.018231582904633985,0.2825401739320829,0.9996,1.0,9999,within_state_lower_higher_label_swap,fixed_eligible_dyad_edge_count_expected_occurrence,0.9998999999999999,0.0001999599959991888,0.0,5,4,21
motif_f2b1e51d13a5dd59,47,14.0,7.0,0.14893617021276595,0.29196855784482884,0.14607740047210965,0.14589115737271907,1.8252990745002147,0.1146,0.9763,9999,within_state_lower_higher_label_swap,fixed_eligible_dyad_edge_count_expected_occurrence,0.49758045112781957,0.0031853860048666,0.0015211281997254554,5,4,21
motif_f7cc5c20fba39429,47,10.0,11.0,-0.02127659574468085,0.20686217486610536,0.2311837834508331,-0.024321608584727726,-0.2932951222135193,0.6037,1.0,9999,within_state_lower_higher_label_swap,fixed_eligible_dyad_edge_count_expected_occurrence,0.8799447028423772,0.004891281120524561,0.0,5,4,21
motif_fd643b6352520f0a,47,11.0,10.0,0.02127659574468085,0.2281387706107862,0.20990718770615222,0.01823158290463398,0.2566723014292742,0.9998,1.0,9999,within_state_lower_higher_label_swap,fixed_eligible_dyad_edge_count_expected_occurrence,0.9998999999999999,0.0001414072133945005,0.0,5,4,21
motif_435f8c9612b8295a,47,9.0,12.0,-0.06382978723404255,0.1897812625345088,0.2546938036130781,-0.06491254107856934,-0.917633851743768,0.2246,1.0,9999,within_state_lower_higher_label_swap,fixed_eligible_dyad_edge_count_expected_occurrence,0.6346735751295337,0.0041731863126393005,0.0,5,5,21
motif_4cddcff2e83d0e6e,47,10.0,11.0,-0.02127659574468085,0.2110578582791897,0.23341720786839718,-0.022359349589207624,-0.31353445279663583,0.5521,1.0,9999,within_state_lower_higher_label_swap,fixed_eligible_dyad_edge_count_expected_occurrence,0.8799447028423772,0.0049727818170517,0.0,5,5,21
motif_50b72c034294f2b7,47,11.0,10.0,0.02127659574468085,0.23233445402387054,0.21214061212371638,0.020193841900154094,0.28368305509112346,0.9997,1.0,9999,within_state_lower_higher_label_swap,fixed_eligible_dyad_edge_count_expected_occurrence,0.9998999999999999,0.00017317909804591517,0.0,5,5,21
motif_be9378f64da8d7b5,47,10.0,11.0,-0.02127659574468085,0.2110578582791897,0.23341720786839718,-0.022359349589207617,-0.3467607237605634,0.5106,1.0,9999,within_state_lower_higher_label_swap,fixed_eligible_dyad_edge_count_expected_occurrence,0.8785561904761905,0.004998876273723926,0.0,5,5,21
motif_bf4ee698a85dda5c,47,10.0,11.0,-0.02127659574468085,0.21105785827918966,0.23341720786839718,-0.022359349589207628,-0.2689305140680344,0.6038,1.0,9999,within_state_lower_higher_label_swap,fixed_eligible_dyad_edge_count_expected_occurrence,0.8799447028423772,0.004891069003806836,0.0,5,5,21
motif_ff504e978e810527,47,10.0,11.0,-0.02127659574468085,0.2110578582791897,0.23341720786839718,-0.022359349589207624,-0.31353445279663583,0.5521,1.0,9999,within_state_lower_higher_label_swap,fixed_eligible_dyad_edge_count_expected_occurrence,0.8799447028423772,0.0049727818170517,0.0,5,5,21
motif_31b8f3aa403ee8c6,47,10.0,11.0,-0.02127659574468085,0.21226511310403356,0.2339103541369988,-0.021645241032965327,-0.30363185342411525,0.5525,1.0,9999,within_state_lower_higher_label_swap,fixed_eligible_dyad_edge_count_expected_occurrence,0.8799447028423772,0.004972361109171377,0.0,5,6,21
motif_986ec0f4f4126cc8,47,10.0,11.0,-0.02127659574468085,0.21226511310403356,0.2339103541369988,-0.021645241032965327,-0.30363185342411525,0.5525,1.0,9999,within_state_lower_higher_label_swap,fixed_eligible_dyad_edge_count_expected_occurrence,0.8799447028423772,0.004972361109171377,0.0,5,6,21
motif_be307ea30f83fb0c,47,10.0,11.0,-0.02127659574468085,0.21226511310403356,0.2339103541369988,-0.021645241032965327,-0.30363185342411525,0.5525,1.0,9999,within_state_lower_higher_label_swap,fixed_eligible_dyad_edge_count_expected_occurrence,0.8799447028423772,0.004972361109171377,0.0,5,6,21
motif_3a1d9a86aeb5f4f8,47,10.0,11.0,-0.02127659574468085,0.21261799008518095,0.23401556671477955,-0.021397576629598614,-0.30022152979124045,0.5529,1.0,9999,within_state_lower_higher_label_swap,fixed_eligible_dyad_edge_count_expected_occurrence,0.8799447028423772,0.004971937147631695,0.0,5,7,21
motif_05f070b10dcbe41e,47,7.0,13.0,-0.1276595744680851,0.12817672681010714,0.2639276771389588,-0.1357509503288516,-1.9018915495270259,0.0373,0.9567,9999,within_state_lower_higher_label_swap,fixed_eligible_dyad_edge_count_expected_occurrence,0.319271875,0.001894959366318972,0.002035315945989713,4,3,20
motif_4cb433188dfc828f,47,8.0,12.0,-0.0851063829787234,0.149453322554788,0.24265108139427796,-0.09319775883948983,-1.2750921169742933,0.1438,0.9999,9999,within_state_lower_higher_label_swap,fixed_eligible_dyad_edge_count_expected_occurrence,0.5276423841059602,0.003508868193591774,9.999499987498824e-05,4,3,20
motif_8eae1a827fa96a7e,47,8.0,12.0,-0.0851063829787234,0.1643089833767436,0.2524603791955139,-0.0881513958187703,-1.2014478426287736,0.1439,1.0,9999,within_state_lower_higher_label_swap,fixed_eligible_dyad_edge_count_expected_occurrence,0.5276423841059602,0.0035098830464845975,0.0,4,4,20
motif_4070e95c02ddad03,47,7.0,13.0,-0.1276595744680851,0.14303238763206277,0.2737369749401948,-0.130704587308132,-1.8195459957568236,0.0373,0.9767,9999,within_state_lower_higher_label_swap,fixed_eligible_dyad_edge_count_expected_occurrence,0.319271875,0.001894959366318972,0.0015085459886924224,5,4,20
motif_915459203636bcf0,47,8.0,12.0,-0.0851063829787234,0.1643089833767436,0.2524603791955139,-0.0881513958187703,-1.2014478426287736,0.1439,1.0,9999,within_state_lower_higher_label_swap,fixed_eligible_dyad_edge_count_expected_occurrence,0.5276423841059602,0.0035098830464845975,0.0,5,4,20
motif_987d863e22801283,47,7.0,13.0,-0.1276595744680851,0.14303238763206277,0.2737369749401948,-0.130704587308132,-1.8195459957568236,0.0373,0.9767,9999,within_state_lower_higher_label_swap,fixed_eligible_dyad_edge_count_expected_occurrence,0.319271875,0.001894959366318972,0.0015085459886924224,5,4,20
motif_23cc6162d1915ee1,47,8.0,12.0,-0.0851063829787234,0.16850466678982795,0.2546938036130781,-0.0861891368232502,-1.1735668247127653,0.1439,1.0,9999,within_state_lower_higher_label_swap,fixed_eligible_dyad_edge_count_expected_occurrence,0.5276423841059602,0.0035098830464845975,0.0,5,5,20
motif_2f6cad489931cdf0,47,10.0,10.0,0.0,0.2110578582791897,0.21214061212371632,-0.0010827538445267668,-0.017783596561745968,0.7301,1.0,9999,within_state_lower_higher_label_swap,fixed_eligible_dyad_edge_count_expected_occurrence,0.8995878048780488,0.004439076367894565,0.0,5,5,20
motif_817c90b1554ba0f0,47,9.0,11.0,-0.0425531914893617,0.1897812625345088,0.23341720786839718,-0.04363594533388848,-0.6439591871035447,0.3427,1.0,9999,within_state_lower_higher_label_swap,fixed_eligible_dyad_edge_count_expected_occurrence,0.7688370370370371,0.0047461216798560905,0.0,5,5,20
motif_c0283d0dd0a2df5e,47,10.0,10.0,0.0,0.2110578582791897,0.21214061212371632,-0.0010827538445267668,-0.017783596561745968,0.7301,1.0,9999,within_state_lower_higher_label_swap,fixed_eligible_dyad_edge_count_expected_occurrence,0.8995878048780488,0.004439076367894565,0.0,5,5,20
motif_ecb1c7bc59bf9182,47,10.0,10.0,0.0,0.2110578582791897,0.21214061212371632,-0.0010827538445267668,-0.017783596561745968,0.7301,1.0,9999,within_state_lower_higher_label_swap,fixed_eligible_dyad_edge_count_expected_occurrence,0.8995878048780488,0.004439076367894565,0.0,5,5,20
motif_21aaa6da34876534,47,10.0,10.0,0.0,0.21226511310403348,0.21263375839231793,-0.00036864528828448566,-0.0060572098658759925,0.7313,1.0,9999,within_state_lower_higher_label_swap,fixed_eligible_dyad_edge_count_expected_occurrence,0.8995878048780488,0.004432835548494891,0.0,5,6,20
motif_a2c157ac518ee3be,47,9.0,11.0,-0.0425531914893617,0.19098851735935263,0.2339103541369988,-0.04292183677764619,-0.633581280351248,0.3433,1.0,9999,within_state_lower_higher_label_swap,fixed_eligible_dyad_edge_count_expected_occurrence,0.7688370370370371,0.004748106043466174,0.0,5,6,20
motif_a51efb246032f35d,47,7.0,12.0,-0.10638297872340426,0.0745742812688789,0.20057877138530283,-0.12600449011642392,-1.6994863104090443,0.0926,0.9923,9999,within_state_lower_higher_label_swap,fixed_eligible_dyad_edge_count_expected_occurrence,0.4648504504504505,0.0028987107479015563,0.0008741115489455587,3,2,19
motif_27d0f2ddf19119ae,47,7.0,12.0,-0.10638297872340426,0.12817672681010714,0.242651081394278,-0.1144743545841707,-1.4198012056698333,0.122,0.9994,9999,within_state_lower_higher_label_swap,fixed_eligible_dyad_edge_count_expected_occurrence,0.49758045112781957,0.0032728580781940424,0.0002448754785600316,4,3,19
motif_386af288f6bc33e7,47,7.0,12.0,-0.10638297872340426,0.12817672681010714,0.24265108139427785,-0.1144743545841707,-1.5231093134804967,0.0926,0.9988,9999,within_state_lower_higher_label_swap,fixed_eligible_dyad_edge_count_expected_occurrence,0.4648504504504505,0.0028987107479015563,0.0003462022530255947,4,3,19
motif_51687645c020d39b,47,7.0,12.0,-0.10638297872340426,0.12817672681010714,0.24265108139427785,-0.1144743545841707,-1.5231093134804967,0.0926,0.9988,9999,within_state_lower_higher_label_swap,fixed_eligible_dyad_edge_count_expected_occurrence,0.4648504504504505,0.0028987107479015563,0.0003462022530255947,4,3,19
motif_552754589ce397ca,47,7.0,12.0,-0.10638297872340426,0.12817672681010714,0.242651081394278,-0.1144743545841707,-1.4198012056698333,0.122,0.9994,9999,within_state_lower_higher_label_swap,fixed_eligible_dyad_edge_count_expected_occurrence,0.49758045112781957,0.0032728580781940424,0.0002448754785600316,4,3,19
motif_eed2570155f0d8ca,47,9.0,10.0,-0.02127659574468085,0.17072991829946887,0.2000978899049162,-0.0293679716054473,-0.5167148823603293,0.4571,1.0,9999,within_state_lower_higher_label_swap,fixed_eligible_dyad_edge_count_expected_occurrence,0.8210761589403973,0.0049815619036603365,0.0,4,3,19
motif_1bdf46431e951ea7,47,7.0,12.0,-0.10638297872340426,0.14303238763206277,0.2524603791955139,-0.10942799156345116,-1.3445635252363248,0.122,0.9997,9999,within_state_lower_higher_label_swap,fixed_eligible_dyad_edge_count_expected_occurrence,0.49758045112781957,0.0032728580781940424,0.00017317909804591517,4,4,19
motif_93b19383de3aeaeb,47,9.0,10.0,-0.02127659574468085,0.18558557912142445,0.20990718770615222,-0.024321608584727723,-0.42755583469486735,0.4574,1.0,9999,within_state_lower_higher_label_swap,fixed_eligible_dyad_edge_count_expected_occurrence,0.8210761589403973,0.004981819346383407,0.0,4,4,19
motif_163d77e74764a311,47,8.0,11.0,-0.06382978723404255,0.1643089833767436,0.2311837834508331,-0.06687480007408944,-0.9464821826319632,0.225,1.0,9999,within_state_lower_higher_label_swap,fixed_eligible_dyad_edge_count_expected_occurrence,0.6346735751295337,0.004175823272122517,0.0,5,4,19
motif_1ee766cd045d008b,47,9.0,10.0,-0.02127659574468085,0.18558557912142445,0.20990718770615222,-0.024321608584727723,-0.42755583469486735,0.4574,1.0,9999,within_state_lower_higher_label_swap,fixed_eligible_dyad_edge_count_expected_occurrence,0.8210761589403973,0.004981819346383407,0.0,5,4,19
motif_218d3fe939fce32f,47,9.0,10.0,-0.02127659574468085,0.18558557912142445,0.20990718770615222,-0.024321608584727723,-0.42755583469486735,0.4574,1.0,9999,within_state_lower_higher_label_swap,fixed_eligible_dyad_edge_count_expected_occurrence,0.8210761589403973,0.004981819346383407,0.0,5,4,19
motif_40fb75c9b40ab08f,47,7.0,12.0,-0.10638297872340426,0.14303238763206277,0.2524603791955139,-0.10942799156345116,-1.3445635252363248,0.122,0.9997,9999,within_state_lower_higher_label_swap,fixed_eligible_dyad_edge_count_expected_occurrence,0.49758045112781957,0.0032728580781940424,0.00017317909804591517,5,4,19
motif_41a3669f830877a0,47,9.0,10.0,-0.02127659574468085,0.18558557912142445,0.20990718770615222,-0.024321608584727723,-0.42755583469486735,0.4574,1.0,9999,within_state_lower_higher_label_swap,fixed_eligible_dyad_edge_count_expected_occurrence,0.8210761589403973,0.004981819346383407,0.0,5,4,19
motif_76777e96d0813e38,47,7.0,12.0,-0.10638297872340426,0.14303238763206277,0.25246037919551395,-0.10942799156345114,-1.446479962746826,0.0926,0.9993,9999,within_state_lower_higher_label_swap,fixed_eligible_dyad_edge_count_expected_occurrence,0.4648504504504505,0.0028987107479015563,0.00026448251359967713,5,4,19
motif_a0be1cf96934a506,47,6.0,13.0,-0.14893617021276595,0.12175579188738192,0.2737369749401948,-0.15198118305281286,-2.0508334137153317,0.0237,0.9099,9999,within_state_lower_higher_label_swap,fixed_eligible_dyad_edge_count_expected_occurrence,0.28545333333333334,0.0015211281997254537,0.002863249727145712,5,4,19
motif_cb36a7f38fcceac4,47,7.0,12.0,-0.10638297872340426,0.14303238763206277,0.2524603791955139,-0.10942799156345116,-1.3445635252363248,0.122,0.9997,9999,within_state_lower_higher_label_swap,fixed_eligible_dyad_edge_count_expected_occurrence,0.49758045112781957,0.0032728580781940424,0.00017317909804591517,5,4,19
motif_fba9e661c7a0ef63,47,7.0,12.0,-0.10638297872340426,0.14303238763206277,0.25246037919551395,-0.10942799156345112,-1.33971311303213,0.1233,0.9997,9999,within_state_lower_higher_label_swap,fixed_eligible_dyad_edge_count_expected_occurrence,0.49872089552238813,0.00328781249465355,0.00017317909804591517,5,4,19
motif_00e7451086a38d80,47,9.0,10.0,-0.02127659574468085,0.18978126253450883,0.21214061212371632,-0.022359349589207624,-0.3931682245787201,0.4575,1.0,9999,within_state_lower_higher_label_swap,fixed_eligible_dyad_edge_count_expected_occurrence,0.8210761589403973,0.004981904756215237,0.0,5,5,19
motif_1cfc59c930135712,47,8.0,11.0,-0.06382978723404255,0.16850466678982795,0.23341720786839718,-0.06491254107856934,-0.8445787194055473,0.2734,1.0,9999,within_state_lower_higher_label_swap,fixed_eligible_dyad_edge_count_expected_occurrence,0.7079552380952381,0.004457044312097424,0.0,5,5,19
motif_53c16c417891981b,47,7.0,12.0,-0.10638297872340426,0.14722807104514704,0.2546938036130781,-0.10746573256793099,-1.3158856430087225,0.1221,0.9997,9999,within_state_lower_higher_label_swap,fixed_eligible_dyad_edge_count_expected_occurrence,0.49758045112781957,0.003274012675601608,0.00017317909804591517,5,5,19
motif_67f890c9aaf1afb3,47,8.0,11.0,-0.06382978723404255,0.16850466678982795,0.23341720786839718,-0.06491254107856934,-0.8445455003081589,0.2682,1.0,9999,within_state_lower_higher_label_swap,fixed_eligible_dyad_edge_count_expected_occurrence,0.7079552380952381,0.004430223019216978,0.0,5,5,19
motif_849b9f981358deed,47,9.0,10.0,-0.02127659574468085,0.18978126253450883,0.21214061212371632,-0.022359349589207624,-0.3931682245787201,0.4575,1.0,9999,within_state_lower_higher_label_swap,fixed_eligible_dyad_edge_count_expected_occurrence,0.8210761589403973,0.004981904756215237,0.0,5,5,19
motif_948576f4e777ae04,47,9.0,10.0,-0.02127659574468085,0.18978126253450883,0.21214061212371632,-0.022359349589207624,-0.3931682245787201,0.4575,1.0,9999,within_state_lower_higher_label_swap,fixed_eligible_dyad_edge_count_expected_occurrence,0.8210761589403973,0.004981904756215237,0.0,5,5,19
motif_af15f6193d606e4e,47,9.0,10.0,-0.02127659574468085,0.1897812625345088,0.21214061212371632,-0.022359349589207624,-0.34664216335986736,0.5019,1.0,9999,within_state_lower_higher_label_swap,fixed_eligible_dyad_edge_count_expected_occurrence,0.8738012820512819,0.004999963899869678,0.0,5,5,19
motif_f3d8d555b798c814,47,8.0,11.0,-0.06382978723404255,0.16850466678982795,0.23341720786839718,-0.06491254107856934,-0.9179037612418421,0.2251,1.0,9999,within_state_lower_higher_label_swap,fixed_eligible_dyad_edge_count_expected_occurrence,0.6346735751295337,0.004176481653257919,0.0,5,5,19
motif_21f073533e4c17fc,47,9.0,10.0,-0.02127659574468085,0.19098851735935263,0.21263375839231793,-0.021645241032965334,-0.3357212026465626,0.5025,1.0,9999,within_state_lower_higher_label_swap,fixed_eligible_dyad_edge_count_expected_occurrence,0.8738012820512819,0.00499993749960937,0.0,5,6,19
motif_a1e996ad2b5dec2f,47,8.0,11.0,-0.06382978723404255,0.16971192161467175,0.2339103541369987,-0.06419843252232701,-0.8344282806988818,0.2735,1.0,9999,within_state_lower_higher_label_swap,fixed_eligible_dyad_edge_count_expected_occurrence,0.7079552380952381,0.004457552579611372,0.0,5,6,19
motif_cfd1705d4a75fb9e,47,9.0,10.0,-0.02127659574468085,0.19098851735935263,0.21263375839231793,-0.021645241032965334,-0.3357212026465626,0.5025,1.0,9999,within_state_lower_higher_label_swap,fixed_eligible_dyad_edge_count_expected_occurrence,0.8738012820512819,0.00499993749960937,0.0,5,6,19
motif_efa8d0c48c92575e,47,9.0,10.0,-0.02127659574468085,0.19134139434050007,0.21273897097009867,-0.021397576629598607,-0.33196616977924803,0.503,1.0,9999,within_state_lower_higher_label_swap,fixed_eligible_dyad_edge_count_expected_occurrence,0.8738012820512819,0.004999909999189985,0.0,5,7,19
