motif_id,null_model,evaluable_graph_count,observed_support_count,null_support_mean,null_support_standard_deviation,null_support_025,null_support_975,density_null_z,density_null_p_upper
motif_7343187d61f58156,fixed_eligible_dyad_edge_count,94,77,6.019,2.2732810663898952,2.0,11.0,31.224031664822697,0.000999000999000999
motif_1edae9dffc70a727,fixed_eligible_dyad_edge_count,94,74,6.129,2.355399521717472,2.0,11.0,28.815069110021266,0.000999000999000999
motif_05b3bb80d20cacfe,fixed_eligible_dyad_edge_count,94,73,6.014,2.267365198847545,2.0,11.0,29.543542449203866,0.000999000999000999
motif_abe15baf9aebb8d4,fixed_eligible_dyad_edge_count,94,73,6.098,2.348597860833545,2.0,11.0,28.48593244322197,0.000999000999000999
motif_1c7c35aa2acba71b,fixed_eligible_dyad_edge_count,94,72,6.016,2.3620591278211758,2.0,11.0,27.934948462050286,0.000999000999000999
motif_2f435833caec9e2b,fixed_eligible_dyad_edge_count,94,69,6.105,2.3352576792354998,2.0,11.0,26.932787999905056,0.000999000999000999
motif_06f133d1c67fa8e4,fixed_eligible_dyad_edge_count,94,69,1.509,1.210530621002364,0.0,4.0,55.753236497326235,0.000999000999000999
motif_65eb65a7562a1bcb,fixed_eligible_dyad_edge_count,94,69,1.556,1.2117476355794288,0.0,4.0,55.65845397152344,0.000999000999000999
motif_144e36faf313d657,fixed_eligible_dyad_edge_count,94,68,1.587,1.223899068113431,0.0,4.0,54.26346153067325,0.000999000999000999
motif_bfbc51aaa402bef0,fixed_eligible_dyad_edge_count,94,68,1.59,1.2367010266953904,0.0,5.0,53.699316622591695,0.000999000999000999
motif_0627f8d8deb4fba4,fixed_eligible_dyad_edge_count,94,67,5.938,2.340862156479021,2.0,11.0,26.085260864674602,0.000999000999000999
motif_e040651df1ee4832,fixed_eligible_dyad_edge_count,94,66,6.133,2.27826721468345,2.0,11.0,26.277426815501144,0.000999000999000999
motif_5611ddee26c3f8a2,fixed_eligible_dyad_edge_count,94,66,1.551,1.2070028400363646,0.0,4.0,53.39589755899686,0.000999000999000999
motif_e515cabc007964a7,fixed_eligible_dyad_edge_count,94,64,6.033,2.3882241550186647,2.0,11.0,24.272009760133663,0.000999000999000999
motif_a192df3ab4dfeb21,fixed_eligible_dyad_edge_count,94,64,1.547,1.231790691760702,0.0,4.0,50.700983874728486,0.000999000999000999
motif_58b9069656f5bf7c,fixed_eligible_dyad_edge_count,94,64,0.412,0.6408327915038882,0.0,2.0,99.22713201172726,0.000999000999000999
motif_9136b5cad501c9c7,fixed_eligible_dyad_edge_count,94,63,6.001,2.398072090190316,2.0,11.0,23.768676610333447,0.000999000999000999
motif_2c556de84cb4e746,fixed_eligible_dyad_edge_count,94,63,1.543,1.203161917033038,0.0,4.0,51.07957551677762,0.000999000999000999
motif_4b3b17f7e5440be0,fixed_eligible_dyad_edge_count,94,62,6.005,2.4051527518558413,2.0,11.0,23.28126558980242,0.000999000999000999
motif_2f11035ec8a07441,fixed_eligible_dyad_edge_count,94,62,1.565,1.2030054955079041,0.0,4.0,50.23667824101218,0.000999000999000999
motif_5ae0b065c6d1e840,fixed_eligible_dyad_edge_count,94,62,1.554,1.233127975761077,0.0,4.0,49.018432140178476,0.000999000999000999
motif_6315d36b8c285cde,fixed_eligible_dyad_edge_count,94,62,0.383,0.6298473685804408,0.0,2.0,97.82846301140115,0.000999000999000999
motif_212edb45a5b61006,fixed_eligible_dyad_edge_count,94,61,6.135,2.3601579068666845,2.0,11.0,23.24632595148605,0.000999000999000999
motif_726f3861dd21cc38,fixed_eligible_dyad_edge_count,94,61,6.021,2.3524653223996923,2.0,11.0,23.370801463682053,0.000999000999000999
motif_4074b843a40a8667,fixed_eligible_dyad_edge_count,94,61,1.531,1.2730513185491208,0.0,4.0,46.71374918944824,0.000999000999000999
motif_52dd6e9ed5d3313a,fixed_eligible_dyad_edge_count,94,60,1.538,1.207482510852232,0.0,4.0,48.41643624199407,0.000999000999000999
motif_e5793275baa46474,fixed_eligible_dyad_edge_count,94,60,1.562,1.1906189875747633,0.0,4.0,49.082032631644445,0.000999000999000999
motif_99e10474d9641594,fixed_eligible_dyad_edge_count,94,60,0.382,0.5851652915360055,0.0,2.0,101.88232429764963,0.000999000999000999
motif_fad3706020dd7d19,fixed_eligible_dyad_edge_count,94,60,0.402,0.634664319777631,0.0,2.0,93.90475900848105,0.000999000999000999
motif_2411af643dc47294,fixed_eligible_dyad_edge_count,94,59,0.373,0.6035190429764726,0.0,2.0,97.14192233414828,0.000999000999000999
motif_c03e15a1bea6ea46,fixed_eligible_dyad_edge_count,94,59,0.371,0.6178517142006955,0.0,2.0,94.89170079563081,0.000999000999000999
motif_329c5520ea9f137f,fixed_eligible_dyad_edge_count,94,58,6.052,2.3187653336792606,2.0,11.0,22.403301983807225,0.000999000999000999
motif_857e39d6361c69c4,fixed_eligible_dyad_edge_count,94,58,5.959,2.383064832940558,2.0,11.0,21.837844812549456,0.000999000999000999
motif_795694a86aef5c38,fixed_eligible_dyad_edge_count,94,58,1.587,1.2344857046377455,0.0,4.0,45.69757250980411,0.000999000999000999
motif_48c393c748427b13,fixed_eligible_dyad_edge_count,94,58,1.656,1.270936378926685,0.0,5.0,44.33266757820161,0.000999000999000999
motif_7a01626f3ff4e596,fixed_eligible_dyad_edge_count,94,58,1.599,1.2568925088402652,0.0,4.0,44.873367931869694,0.000999000999000999
motif_292d9b9a4fb005aa,fixed_eligible_dyad_edge_count,94,58,0.4,0.6069335782178931,0.0,2.0,94.90330090012128,0.000999000999000999
motif_b7d6452102fa13a0,fixed_eligible_dyad_edge_count,94,58,0.417,0.6461644748270564,0.0,2.0,89.11508175284919,0.000999000999000999
motif_67cab77b48831591,fixed_eligible_dyad_edge_count,94,57,5.966,2.367794427405053,2.0,11.0,21.553391379474572,0.000999000999000999
motif_971292dd18d037f2,fixed_eligible_dyad_edge_count,94,57,1.53,1.2612258682292732,0.0,5.0,43.98101989287483,0.000999000999000999
motif_cb84fd61ebf8f384,fixed_eligible_dyad_edge_count,94,57,1.546,1.2463697033534797,0.0,4.0,44.49241653643825,0.000999000999000999
motif_e0af2d1455e23c50,fixed_eligible_dyad_edge_count,94,57,1.604,1.2832890675256452,0.0,4.0,43.16720324502645,0.000999000999000999
motif_eedbe58232b2165f,fixed_eligible_dyad_edge_count,94,57,1.545,1.2105537742869763,0.0,4.0,45.809613069574986,0.000999000999000999
motif_394a686a6740f667,fixed_eligible_dyad_edge_count,94,57,0.405,0.6255928119522796,0.0,2.0,90.46619289531908,0.000999000999000999
motif_db33a8dd2fbd76cd,fixed_eligible_dyad_edge_count,94,57,0.408,0.6387048958196155,0.0,2.0,88.60429968581741,0.000999000999000999
motif_eeb4d747c66beaa4,fixed_eligible_dyad_edge_count,94,56,6.066,2.3023781064249507,2.0,11.0,21.68801026236985,0.000999000999000999
motif_e867f6bd35d65ed5,fixed_eligible_dyad_edge_count,94,56,1.608,1.2561504344281014,0.0,4.0,43.30054626360379,0.000999000999000999
motif_55909787035f2b7d,fixed_eligible_dyad_edge_count,94,56,0.432,0.6354366843201439,0.0,2.0,87.44852378085854,0.000999000999000999
motif_daeb8129eeb1418a,fixed_eligible_dyad_edge_count,94,56,0.406,0.6289352586392013,0.0,2.0,88.39383583023508,0.000999000999000999
motif_9ff7fa6a2454292d,fixed_eligible_dyad_edge_count,94,56,0.083,0.286693552758331,0.0,1.0,195.04100968442552,0.000999000999000999
motif_022aef1c1df514fd,fixed_eligible_dyad_edge_count,94,55,1.607,1.2024961525913547,0.0,4.0,44.40180526560453,0.000999000999000999
motif_f39afc6a70122d9e,fixed_eligible_dyad_edge_count,94,54,6.04,2.356258040188289,2.0,11.0,20.354307203198978,0.000999000999000999
motif_1cc5c04e6b29c149,fixed_eligible_dyad_edge_count,94,54,1.525,1.2501751629023563,0.0,4.0,41.97411815331234,0.000999000999000999
motif_294c7240155eb509,fixed_eligible_dyad_edge_count,94,54,1.542,1.2147887518872182,0.0,4.0,43.18281669838036,0.000999000999000999
motif_34710843320b2fac,fixed_eligible_dyad_edge_count,94,54,1.578,1.21052938063534,0.0,4.0,43.30502079386672,0.000999000999000999
motif_4d469c53f6e01433,fixed_eligible_dyad_edge_count,94,54,1.541,1.2098689114043644,0.0,4.0,43.35924289442881,0.000999000999000999
motif_e2e373750f40345c,fixed_eligible_dyad_edge_count,94,54,1.551,1.2226585352803498,0.0,4.0,42.89750448433559,0.000999000999000999
motif_c8639dca025e0856,fixed_eligible_dyad_edge_count,94,54,0.417,0.650795309244414,0.0,2.0,82.33464384095039,0.000999000999000999
motif_09058bc7eec93ac2,fixed_eligible_dyad_edge_count,94,54,0.42,0.6588125940159592,0.0,2.0,81.32813562866114,0.000999000999000999
motif_29d0f405b61cb8e4,fixed_eligible_dyad_edge_count,94,54,0.407,0.6494403535142919,0.0,2.0,82.52182007168825,0.000999000999000999
motif_65bcc7505246fac6,fixed_eligible_dyad_edge_count,94,54,0.386,0.602799607968827,0.0,2.0,88.9416636826555,0.000999000999000999
motif_ece794950718732c,fixed_eligible_dyad_edge_count,94,54,0.388,0.6227711006813402,0.0,2.0,86.0862039702003,0.000999000999000999
motif_684a163fba0cf367,fixed_eligible_dyad_edge_count,94,53,6.029,2.3348684353964444,2.0,11.0,20.117193452069028,0.000999000999000999
motif_37830cccbe20e8cf,fixed_eligible_dyad_edge_count,94,53,1.558,1.1882962795734242,0.0,4.0,43.29055041598439,0.000999000999000999
motif_e233cf1dfe3768b5,fixed_eligible_dyad_edge_count,94,53,1.584,1.2363140670850894,0.0,4.0,41.58813797308454,0.000999000999000999
motif_ed5e4d011e2b456c,fixed_eligible_dyad_edge_count,94,53,1.544,1.2064491367312244,0.0,4.0,42.650782725424996,0.000999000999000999
motif_0b0d398a14e5f2a3,fixed_eligible_dyad_edge_count,94,53,0.387,0.6112320382674652,0.0,2.0,86.07696702079187,0.000999000999000999
motif_7efc4f61929ef0b8,fixed_eligible_dyad_edge_count,94,53,0.44,0.654850233892325,0.0,2.0,80.2626269026305,0.000999000999000999
motif_8543fd62cd4a1170,fixed_eligible_dyad_edge_count,94,53,0.409,0.6325496969559954,0.0,2.0,83.14129348742475,0.000999000999000999
motif_8da5991d298f106b,fixed_eligible_dyad_edge_count,94,53,0.446,0.661454096307159,0.0,2.0,79.45222547324816,0.000999000999000999
motif_e0b714267ead3086,fixed_eligible_dyad_edge_count,94,53,0.398,0.6292789460898839,0.0,2.0,83.5909104012619,0.000999000999000999
motif_e5b4b238cd487bc9,fixed_eligible_dyad_edge_count,94,52,0.423,0.626469044297848,0.0,2.0,82.32968646967697,0.000999000999000999
motif_2ac06cbfd625bf4e,fixed_eligible_dyad_edge_count,94,52,0.094,0.30208484777501904,0.0,1.0,171.82589720176085,0.000999000999000999
motif_4fafa389d6f3cf6a,fixed_eligible_dyad_edge_count,94,51,1.559,1.23533195742887,0.0,4.0,40.022440691085905,0.000999000999000999
motif_a3bae32cb507520e,fixed_eligible_dyad_edge_count,94,51,1.556,1.1883923073952811,0.0,4.0,41.60578934440546,0.000999000999000999
motif_6156682426cc8896,fixed_eligible_dyad_edge_count,94,51,0.409,0.6197605207683895,0.0,2.0,81.62991720943508,0.000999000999000999
motif_2f49498d56eb193d,fixed_eligible_dyad_edge_count,94,51,0.401,0.6345089452494758,0.0,2.0,79.74513263970694,0.000999000999000999
motif_4351f61c6294e968,fixed_eligible_dyad_edge_count,94,51,0.434,0.6527404308529315,0.0,2.0,77.467240590453,0.000999000999000999
motif_f219a667fad3d6dc,fixed_eligible_dyad_edge_count,94,51,0.391,0.6152215027918749,0.0,2.0,82.26142904683334,0.000999000999000999
motif_f36a38d96b0a0951,fixed_eligible_dyad_edge_count,94,50,1.546,1.2607432226561757,0.0,4.0,38.43288556246648,0.000999000999000999
motif_1e95a6dab5da9df2,fixed_eligible_dyad_edge_count,94,50,0.437,0.6530371026652712,0.0,2.0,75.89614709136157,0.000999000999000999
motif_2ad1cf6160fe23c7,fixed_eligible_dyad_edge_count,94,50,0.42,0.6693639130159703,0.0,2.0,74.07032114504965,0.000999000999000999
motif_40a677a453ac6467,fixed_eligible_dyad_edge_count,94,50,0.393,0.607387783808597,0.0,2.0,81.67269958730746,0.000999000999000999
motif_7148880977761506,fixed_eligible_dyad_edge_count,94,50,0.42,0.6572914361468852,0.0,2.0,75.43077130388829,0.000999000999000999
motif_77a83db3cef85faa,fixed_eligible_dyad_edge_count,94,50,0.41,0.6436725210184984,0.0,2.0,77.04228218649534,0.000999000999000999
motif_d0038ba3c8704588,fixed_eligible_dyad_edge_count,94,50,0.419,0.630743083066978,0.0,2.0,78.60728295094921,0.000999000999000999
motif_3c069e7c4f04b0c0,fixed_eligible_dyad_edge_count,94,50,0.105,0.31949503451083155,0.0,1.0,156.16831127404723,0.000999000999000999
motif_9f155f3c63b0ae66,fixed_eligible_dyad_edge_count,94,50,0.114,0.34222963214941254,0.0,1.0,145.76762300413685,0.000999000999000999
motif_1bd7b111855e755d,fixed_eligible_dyad_edge_count,94,49,1.586,1.2288670042417542,0.0,4.0,38.583508090247555,0.000999000999000999
motif_2de10e214c2ecf82,fixed_eligible_dyad_edge_count,94,49,1.57,1.2388037110997971,0.0,5.0,38.28693728879141,0.000999000999000999
motif_bac9340a022e2595,fixed_eligible_dyad_edge_count,94,49,1.602,1.2398117329389682,0.0,4.0,38.229997943029026,0.000999000999000999
motif_ec1808fd0b66f7a0,fixed_eligible_dyad_edge_count,94,49,1.534,1.2109130069126726,0.0,4.0,39.19852188310263,0.000999000999000999
motif_5d8278297502c784,fixed_eligible_dyad_edge_count,94,49,0.426,0.6347652534023299,0.0,2.0,76.52277710483405,0.000999000999000999
motif_508757ac2e89a6f3,fixed_eligible_dyad_edge_count,94,49,0.417,0.6477117650085785,0.0,2.0,75.00712913460288,0.000999000999000999
motif_6448517953121ee6,fixed_eligible_dyad_edge_count,94,49,0.387,0.6225902493764371,0.0,2.0,78.08185246827901,0.000999000999000999
motif_eba470805227f98f,fixed_eligible_dyad_edge_count,94,49,0.359,0.5783195081038268,0.0,2.0,84.10748611867228,0.000999000999000999
motif_f86305e1294efd83,fixed_eligible_dyad_edge_count,94,49,0.391,0.6152215027918762,0.0,2.0,79.01056738006113,0.000999000999000999
motif_8d08924ed3622983,fixed_eligible_dyad_edge_count,94,49,0.122,0.34819138018801543,0.0,1.0,140.37682372724734,0.000999000999000999
motif_5b961f2be4f41e18,fixed_eligible_dyad_edge_count,94,48,1.572,1.2563416710411153,0.0,4.0,36.95491526721841,0.000999000999000999
motif_042d5c92b6ddeb0e,fixed_eligible_dyad_edge_count,94,48,0.427,0.6364558712715851,0.0,2.0,74.74673759384632,0.000999000999000999
motif_8288677f41522d3e,fixed_eligible_dyad_edge_count,94,48,0.431,0.6720793782662097,0.0,2.0,70.77884181287584,0.000999000999000999
motif_de554d8eb3595187,fixed_eligible_dyad_edge_count,94,48,0.417,0.62729937390731,0.0,2.0,75.85373424433048,0.000999000999000999
motif_e1b45ea8e38bda1d,fixed_eligible_dyad_edge_count,94,48,0.104,0.30541328929383216,0.0,1.0,156.8235622973177,0.000999000999000999
motif_e7b678b80985a50a,fixed_eligible_dyad_edge_count,94,47,1.493,1.2228844779644765,0.0,4.0,37.21283638806799,0.000999000999000999
motif_a23b58bb6552ca3b,fixed_eligible_dyad_edge_count,94,47,0.392,0.6218703423726846,0.0,2.0,74.94809902361929,0.000999000999000999
motif_2cdb329eb88af463,fixed_eligible_dyad_edge_count,94,47,0.406,0.6368434419616554,0.0,2.0,73.16397866401432,0.000999000999000999
motif_627e0dce19fa9636,fixed_eligible_dyad_edge_count,94,47,0.412,0.6185779163845391,0.0,2.0,75.31468351197744,0.000999000999000999
motif_1f4787323fa6b30a,fixed_eligible_dyad_edge_count,94,47,0.114,0.3303227408355565,0.0,1.0,141.93997022851389,0.000999000999000999
motif_7611ddb360618444,fixed_eligible_dyad_edge_count,94,47,0.11,0.319377522693759,0.0,1.0,146.8168442303353,0.000999000999000999
motif_b8f74c60dd14740c,fixed_eligible_dyad_edge_count,94,46,0.382,0.6069962474714676,0.0,2.0,75.15367712737682,0.000999000999000999
motif_8e4c0f6b5f4dcf4c,fixed_eligible_dyad_edge_count,94,46,0.097,0.3060795398008269,0.0,1.0,149.97082140763197,0.000999000999000999
motif_fb71835b862676ea,fixed_eligible_dyad_edge_count,94,46,0.429,0.6552773370019611,0.0,2.0,69.54459955611682,0.000999000999000999
motif_34712bfa3ca77994,fixed_eligible_dyad_edge_count,94,45,6.067,2.3921189839205694,2.0,11.0,16.275528208128954,0.000999000999000999
motif_130e8d015ee1c8e6,fixed_eligible_dyad_edge_count,94,45,1.579,1.2366439618128922,0.0,4.024999999999977,35.111965400571556,0.000999000999000999
motif_165c840f51ada343,fixed_eligible_dyad_edge_count,94,45,0.433,0.6587449771686694,0.0,2.0,67.65440579380504,0.000999000999000999
motif_0145829533663255,fixed_eligible_dyad_edge_count,94,45,0.423,0.6499949949757207,0.0,2.0,68.58052807262783,0.000999000999000999
motif_3ca241df6e5e399b,fixed_eligible_dyad_edge_count,94,45,0.408,0.627638375125304,0.0,2.0,71.0472809937689,0.000999000999000999
motif_472d9dc1836bab98,fixed_eligible_dyad_edge_count,94,45,0.389,0.6148634458618059,0.0,2.0,72.55432128913154,0.000999000999000999
motif_5bad6588e3c14b16,fixed_eligible_dyad_edge_count,94,45,0.397,0.6275227364683923,0.0,2.0,71.07790269244947,0.000999000999000999
motif_ebb94316f5d3356b,fixed_eligible_dyad_edge_count,94,45,0.416,0.6552658799093409,0.0,2.0,68.03955671576918,0.000999000999000999
motif_290c1bbabab0f535,fixed_eligible_dyad_edge_count,94,45,0.099,0.3021428309430664,0.0,1.0,148.60852352462675,0.000999000999000999
motif_5d4a3de6daa53094,fixed_eligible_dyad_edge_count,94,45,0.101,0.31764744592062755,0.0,1.0,141.3485314508689,0.000999000999000999
motif_a32ef714ca7c1caf,fixed_eligible_dyad_edge_count,94,45,0.099,0.2988114594326806,0.0,1.0,150.26532143462111,0.000999000999000999
motif_5665f6ba7fc7cdc0,fixed_eligible_dyad_edge_count,94,44,1.545,1.273419254054453,0.0,4.024999999999977,33.33937339554673,0.000999000999000999
motif_4b20edf7a84d17a9,fixed_eligible_dyad_edge_count,94,44,0.385,0.6459041664149535,0.0,2.0,67.52549722984766,0.000999000999000999
motif_4b7f33281feedeaf,fixed_eligible_dyad_edge_count,94,44,0.392,0.6202585918153154,0.0,2.0,70.3061603264086,0.000999000999000999
motif_57abb9a1ba9ef16c,fixed_eligible_dyad_edge_count,94,44,0.413,0.6624725427290319,0.0,2.0,65.79442495902535,0.000999000999000999
motif_0c0cba279f8eaafe,fixed_eligible_dyad_edge_count,94,44,0.107,0.3371419058270034,0.0,1.0,130.19146905612703,0.000999000999000999
motif_3a44a0047355a92b,fixed_eligible_dyad_edge_count,94,44,0.104,0.3305953618750487,0.0,1.0,132.77863231665927,0.000999000999000999
motif_72376cc605a69c03,fixed_eligible_dyad_edge_count,94,44,0.104,0.3213833960976962,0.0,1.0,136.58452967077432,0.000999000999000999
motif_7ed0d1a35df795fc,fixed_eligible_dyad_edge_count,94,44,0.103,0.3232576302200718,0.0,1.0,135.7957118293393,0.000999000999000999
motif_396f8c618dc38f26,fixed_eligible_dyad_edge_count,94,44,0.024,0.15312559370479975,0.0,0.0,287.18909057605543,0.000999000999000999
motif_904ccc169bdd8cf0,fixed_eligible_dyad_edge_count,94,43,6.073,2.433020877549261,2.0,11.0,15.177428332302645,0.000999000999000999
motif_94bb9d085649fe12,fixed_eligible_dyad_edge_count,94,43,6.135,2.3921742197209377,2.0,11.0,15.410666872039336,0.000999000999000999
motif_738262c87e2a834c,fixed_eligible_dyad_edge_count,94,43,1.589,1.2536549168932591,0.0,4.0,33.03221599658583,0.000999000999000999
motif_5bf36971a980c4ca,fixed_eligible_dyad_edge_count,94,43,0.427,0.6656681711739785,0.0,2.0,63.95528860110266,0.000999000999000999
motif_b8b1456b837147f2,fixed_eligible_dyad_edge_count,94,43,0.438,0.6438715481915434,0.0,2.0,66.1032470211564,0.000999000999000999
motif_cebe0606f15d5cc0,fixed_eligible_dyad_edge_count,94,43,0.45,0.6647871403253354,0.0,2.0,64.00544989359565,0.000999000999000999
motif_d398da6c713f53b7,fixed_eligible_dyad_edge_count,94,43,0.411,0.6280712328020444,0.0,2.0,67.80918751842151,0.000999000999000999
motif_a328587a896f8edc,fixed_eligible_dyad_edge_count,94,43,0.109,0.3243828358964537,0.0,1.0,132.2233954872114,0.000999000999000999
motif_2f35404608f3f2ef,fixed_eligible_dyad_edge_count,94,43,0.024,0.1531255937048002,0.0,0.0,280.6585036519129,0.000999000999000999
motif_2aa95981fc3e8f36,fixed_eligible_dyad_edge_count,94,42,6.08,2.4330062719852417,2.0,11.0,14.763628196770176,0.000999000999000999
motif_61367486903318cd,fixed_eligible_dyad_edge_count,94,42,6.005,2.3337569328062817,2.0,11.0,15.423628525322451,0.000999000999000999
motif_24fa1a057d5acded,fixed_eligible_dyad_edge_count,94,42,1.51,1.1879862420547205,0.0,4.0,34.08288628828664,0.000999000999000999
motif_d9bff20e093a1be3,fixed_eligible_dyad_edge_count,94,42,1.547,1.226905170050358,0.0,4.0,32.97157839700001,0.000999000999000999
motif_a5f0aedaba53c141,fixed_eligible_dyad_edge_count,94,42,0.394,0.6317936080423441,0.0,2.0,65.8537843219387,0.000999000999000999
motif_2d9dea63090b7772,fixed_eligible_dyad_edge_count,94,42,0.442,0.65350062208315,0.0,2.0,63.59290044365444,0.000999000999000999
motif_5ded3e44b292b50e,fixed_eligible_dyad_edge_count,94,42,0.414,0.6316668449451847,0.0,2.0,65.83533761948324,0.000999000999000999
motif_752a9ee5cce96695,fixed_eligible_dyad_edge_count,94,42,0.403,0.6252855203680845,0.0,2.0,66.52480929913946,0.000999000999000999
motif_f31ec24997c9f33d,fixed_eligible_dyad_edge_count,94,42,0.431,0.6447128466648224,0.0,2.0,64.47676700571652,0.000999000999000999
motif_825fab86668eb8ff,fixed_eligible_dyad_edge_count,94,42,0.107,0.31248783760115834,0.0,1.0,134.06281768146712,0.000999000999000999
motif_9346ea0f68c7424e,fixed_eligible_dyad_edge_count,94,42,0.106,0.3238346319788337,0.0,1.0,129.36849818687165,0.000999000999000999
motif_fc5100af43da23a5,fixed_eligible_dyad_edge_count,94,41,6.025,2.380344731554877,2.0,11.0,14.693249904669818,0.000999000999000999
motif_08f3fda7af28ee0d,fixed_eligible_dyad_edge_count,94,41,1.509,1.2187716785372025,0.0,4.0,32.402295438468016,0.000999000999000999
motif_ba42a46d0a454734,fixed_eligible_dyad_edge_count,94,41,1.502,1.1922321155787665,0.0,4.0,33.12945481327332,0.000999000999000999
motif_f436a966bfb8a0f7,fixed_eligible_dyad_edge_count,94,41,1.58,1.2325255044497507,0.0,4.0,31.98311098446493,0.000999000999000999
motif_60b43b9090a793bc,fixed_eligible_dyad_edge_count,94,41,0.405,0.6398315281262551,0.0,2.0,63.44638895629659,0.000999000999000999
motif_b0af780cd01e57bf,fixed_eligible_dyad_edge_count,94,41,0.397,0.599792256327761,0.0,2.0,67.69510538297477,0.000999000999000999
motif_f5528311f24310da,fixed_eligible_dyad_edge_count,94,41,0.397,0.6129981784367405,0.0,2.0,66.236738424811,0.000999000999000999
motif_fd2c20ed817a1487,fixed_eligible_dyad_edge_count,94,41,0.386,0.628807919319886,0.0,2.0,64.58888120227208,0.000999000999000999
motif_9ce65289eb9b60cb,fixed_eligible_dyad_edge_count,94,41,0.107,0.321954429468914,0.0,1.0,127.01486998472367,0.000999000999000999
motif_67b3ff2f437cc158,fixed_eligible_dyad_edge_count,94,40,6.061,2.3393913207823496,2.0,11.0,14.507619866115418,0.000999000999000999
motif_e744486a4774c589,fixed_eligible_dyad_edge_count,94,40,6.026,2.3788616990029,2.0,12.0,14.281620496996613,0.000999000999000999
motif_2f1cad9346e74372,fixed_eligible_dyad_edge_count,94,40,1.58,1.2542620034000729,0.0,4.0,30.6315585546325,0.000999000999000999
motif_1890479618ebbd5a,fixed_eligible_dyad_edge_count,94,40,0.387,0.6161254828446932,0.0,2.0,64.29372117040849,0.000999000999000999
motif_a79cab0e1b2c2fbf,fixed_eligible_dyad_edge_count,94,40,0.429,0.6335300784969518,0.0,2.0,62.46112275187009,0.000999000999000999
motif_8772d8cec906d3dc,fixed_eligible_dyad_edge_count,94,39,6.142,2.330937422855715,2.0,11.0,14.096474524719108,0.000999000999000999
motif_2768109c9ad0c060,fixed_eligible_dyad_edge_count,94,39,1.62,1.2542620034000689,0.0,4.0,29.802385704637338,0.000999000999000999
motif_d1f6be288fa1eb5b,fixed_eligible_dyad_edge_count,94,39,1.61,1.22286360457551,0.0,4.0,30.57577301352354,0.000999000999000999
motif_1ad6eca41bc12d2a,fixed_eligible_dyad_edge_count,94,39,0.39,0.619906673850416,0.0,2.0,62.28356884784342,0.000999000999000999
motif_280c39cdcfcace26,fixed_eligible_dyad_edge_count,94,39,0.429,0.6807513660819312,0.0,2.0,56.659452954160976,0.000999000999000999
motif_87cc0947b79bd1a4,fixed_eligible_dyad_edge_count,94,39,0.422,0.6514141081833791,0.0,2.0,59.22192890108536,0.000999000999000999
motif_a286a547b110eed9,fixed_eligible_dyad_edge_count,94,39,0.412,0.6623403163742133,0.0,2.0,58.26008027299112,0.000999000999000999
motif_aeb7b3cc0e77bf78,fixed_eligible_dyad_edge_count,94,39,0.409,0.6148960051074482,0.0,2.0,62.76020608274488,0.000999000999000999
motif_c297aea309bced17,fixed_eligible_dyad_edge_count,94,39,0.437,0.6651867959253766,0.0,2.0,57.97318923980289,0.000999000999000999
motif_ef33fbd9d0acc07e,fixed_eligible_dyad_edge_count,94,39,0.381,0.6182404234771566,0.0,2.0,62.46598982123487,0.000999000999000999
motif_f3686eff0a11ab0b,fixed_eligible_dyad_edge_count,94,39,0.387,0.6400317497129617,0.0,2.0,60.32981960241342,0.000999000999000999
motif_5bfc4a225f2f79e3,fixed_eligible_dyad_edge_count,94,39,0.112,0.33100689655287635,0.0,1.0,117.48395699600741,0.000999000999000999
motif_a1bf96e5bcfd11c0,fixed_eligible_dyad_edge_count,94,39,0.108,0.3293090409394247,0.0,1.0,118.10182887494442,0.000999000999000999
motif_a74b93da382c579d,fixed_eligible_dyad_edge_count,94,39,0.116,0.32962501824445073,0.0,1.0,117.96434690270848,0.000999000999000999
motif_bc3158d22549bb20,fixed_eligible_dyad_edge_count,94,39,0.116,0.3473681975435672,0.0,1.0,111.93885990418896,0.000999000999000999
motif_bc9fa3f671bd8fbc,fixed_eligible_dyad_edge_count,94,39,0.105,0.32261289354128314,0.0,1.0,120.562447374791,0.000999000999000999
motif_0993068cca98bb75,fixed_eligible_dyad_edge_count,94,39,0.028,0.1650552732972893,0.0,1.0,236.11484335799187,0.000999000999000999
motif_e390ceeffbb5a40b,fixed_eligible_dyad_edge_count,94,38,1.575,1.2328401741081045,0.0,4.0,29.54559785200996,0.000999000999000999
motif_49217163f0dffbc8,fixed_eligible_dyad_edge_count,94,38,1.596,1.262686967691661,0.0,4.0,28.83058187141248,0.000999000999000999
motif_589b182e5642be3c,fixed_eligible_dyad_edge_count,94,38,1.604,1.238029368277153,0.0,4.0,29.398333296930453,0.000999000999000999
motif_8d85dc8910d4a0d4,fixed_eligible_dyad_edge_count,94,38,1.535,1.230564622150856,0.0,4.0,29.632738779914096,0.000999000999000999
motif_91f8b80b46fb6115,fixed_eligible_dyad_edge_count,94,38,1.597,1.214935005285083,0.0,4.0,29.962919696645073,0.000999000999000999
motif_a25aafa6bbcffed2,fixed_eligible_dyad_edge_count,94,38,1.588,1.2213712571318136,0.0,4.0,29.812393068351305,0.000999000999000999
motif_15072348c6870401,fixed_eligible_dyad_edge_count,94,37,6.016,2.4243806676389794,2.0,11.0,12.780171205611142,0.000999000999000999
motif_029c13843bbf61d1,fixed_eligible_dyad_edge_count,94,37,1.549,1.2268268435700682,0.0,4.0,28.896498463334506,0.000999000999000999
motif_37475eace4a84e41,fixed_eligible_dyad_edge_count,94,37,1.548,1.2398521013545334,0.0,4.0,28.593733043859693,0.000999000999000999
motif_39ec7fe0f96a2be6,fixed_eligible_dyad_edge_count,94,37,1.626,1.2695415454941725,0.0,4.0,27.86360172737047,0.000999000999000999
motif_54c504eb0430ba25,fixed_eligible_dyad_edge_count,94,37,1.482,1.2104301471547756,0.0,4.0,29.34328765975322,0.000999000999000999
motif_a314b9317c488409,fixed_eligible_dyad_edge_count,94,37,1.587,1.2649233300999025,0.0,4.0,27.99616321188661,0.000999000999000999
motif_f4bfcdb57c53a8e9,fixed_eligible_dyad_edge_count,94,37,1.601,1.2535431266495634,0.0,4.0,28.239156074840047,0.000999000999000999
motif_a60a2225f65ee9fa,fixed_eligible_dyad_edge_count,94,37,0.348,0.601046801220386,0.0,2.0,60.980276287271685,0.000999000999000999
motif_d15afefdf81c9369,fixed_eligible_dyad_edge_count,94,37,0.41,0.624732174847979,0.0,2.0,58.56909804413985,0.000999000999000999
motif_07019d963bc595b3,fixed_eligible_dyad_edge_count,94,37,0.415,0.6349631313534534,0.0,2.0,57.617518551065125,0.000999000999000999
motif_4215b9a5488b5aa2,fixed_eligible_dyad_edge_count,94,37,0.387,0.6128675277795377,0.0,2.0,59.74047953340175,0.000999000999000999
motif_9aa9557464dbe999,fixed_eligible_dyad_edge_count,94,37,0.425,0.6251126024691616,0.0,2.0,58.50945870476886,0.000999000999000999
motif_c965da534d6c6b89,fixed_eligible_dyad_edge_count,94,37,0.369,0.5892250726048459,0.0,2.0,62.16809450769244,0.000999000999000999
motif_e188e11aa9d19f55,fixed_eligible_dyad_edge_count,94,37,0.4,0.6375001226716847,0.0,2.0,57.41175365835837,0.000999000999000999
motif_e5a69fb349d827dd,fixed_eligible_dyad_edge_count,94,37,0.416,0.642928734275697,0.0,2.0,56.90210757373346,0.000999000999000999
motif_ab039606710983b0,fixed_eligible_dyad_edge_count,94,37,0.082,0.2817008259756355,0.0,1.0,131.05392883439063,0.000999000999000999
motif_5c6c6345350ffc64,fixed_eligible_dyad_edge_count,94,36,1.61,1.2741756250703975,0.0,4.0,26.989999905311304,0.000999000999000999
motif_6a6b5b0ababd7fc9,fixed_eligible_dyad_edge_count,94,36,1.531,1.1893079725005857,0.0,4.0,28.98240051946093,0.000999000999000999
motif_b462ae70ca309b24,fixed_eligible_dyad_edge_count,94,36,1.576,1.2592894066932356,0.0,4.0,27.33605144062466,0.000999000999000999
motif_fbbeca09a9cbe02e,fixed_eligible_dyad_edge_count,94,36,0.428,0.6521052378575382,0.0,2.0,54.54947749978236,0.000999000999000999
motif_0e63e1f3da53f70b,fixed_eligible_dyad_edge_count,94,36,0.419,0.6339091739680383,0.0,2.0,56.12949214360794,0.000999000999000999
motif_5a1d60dbf66e3db1,fixed_eligible_dyad_edge_count,94,36,0.403,0.6348180794479626,0.0,2.0,56.07433239922078,0.000999000999000999
motif_5bf76cb491ac43d3,fixed_eligible_dyad_edge_count,94,36,0.415,0.6427971594431581,0.0,2.0,55.35960991306582,0.000999000999000999
motif_68738de32e9c0312,fixed_eligible_dyad_edge_count,94,36,0.432,0.6463697036478363,0.0,2.0,55.02733157087855,0.000999000999000999
motif_82337625a556d562,fixed_eligible_dyad_edge_count,94,36,0.428,0.6381404416139282,0.0,2.0,55.74321525530407,0.000999000999000999
motif_9737518e452322bd,fixed_eligible_dyad_edge_count,94,36,0.394,0.6173695369429437,0.0,2.0,57.67372354702148,0.000999000999000999
motif_a11a2373437f53ac,fixed_eligible_dyad_edge_count,94,36,0.398,0.6180436699602884,0.0,2.0,57.604343722649176,0.000999000999000999
motif_b958f616b5f82bc4,fixed_eligible_dyad_edge_count,94,36,0.42,0.6340362781434546,0.0,2.0,56.11666276286765,0.000999000999000999
motif_ebed88d2a144263b,fixed_eligible_dyad_edge_count,94,36,0.128,0.3489093546148327,0.0,1.0,102.81180348288382,0.000999000999000999
motif_b7999bf61588abbf,fixed_eligible_dyad_edge_count,94,35,1.591,1.2662236462498753,0.0,5.0,26.38475446177784,0.000999000999000999
motif_e153f64de5d09b33,fixed_eligible_dyad_edge_count,94,35,1.525,1.2291809817459276,0.0,4.0,27.233581138273177,0.000999000999000999
motif_66d789541717095f,fixed_eligible_dyad_edge_count,94,35,0.43,0.6446049297946183,0.0,2.0,53.62974808618757,0.000999000999000999
motif_f5e851e8a26bb0d0,fixed_eligible_dyad_edge_count,94,35,0.403,0.6236825955403791,0.0,2.0,55.47212676349261,0.000999000999000999
motif_0dede2e6fa5a899a,fixed_eligible_dyad_edge_count,94,35,0.391,0.6070317022095985,0.0,2.0,57.0134967811781,0.000999000999000999
motif_138711240361b16d,fixed_eligible_dyad_edge_count,94,35,0.441,0.6579908448845988,0.0,2.0,52.52200736328041,0.000999000999000999
motif_2640c36f9d12e013,fixed_eligible_dyad_edge_count,94,35,0.424,0.6329491485298203,0.0,2.0,54.626821254616175,0.000999000999000999
motif_30a6e62e9c0d1251,fixed_eligible_dyad_edge_count,94,35,0.439,0.660844698636314,0.0,2.0,52.298217828361715,0.000999000999000999
motif_4f19d2064be25086,fixed_eligible_dyad_edge_count,94,35,0.41,0.6166686957194076,0.0,2.0,56.09170733021757,0.000999000999000999
motif_9299e8337472a50e,fixed_eligible_dyad_edge_count,94,35,0.437,0.665186795925376,0.0,2.0,51.95984077212118,0.000999000999000999
motif_a6141d4b71e71270,fixed_eligible_dyad_edge_count,94,35,0.408,0.6292312229474422,0.0,2.0,54.97502148409658,0.000999000999000999
motif_0f41a99567ec9bba,fixed_eligible_dyad_edge_count,94,35,0.116,0.33861284479278164,0.0,1.0,103.02030928964818,0.000999000999000999
motif_2365c8970a548362,fixed_eligible_dyad_edge_count,94,35,0.1,0.3132061590998794,0.0,1.0,111.42820466972559,0.000999000999000999
motif_564f9cbbae11e040,fixed_eligible_dyad_edge_count,94,35,0.114,0.3422296321494125,0.0,1.0,101.93740320174636,0.000999000999000999
motif_632e37d2fe836c60,fixed_eligible_dyad_edge_count,94,35,0.121,0.3383392875110304,0.0,1.0,103.08882617973501,0.000999000999000999
motif_a789c00a2ba82862,fixed_eligible_dyad_edge_count,94,34,6.064,2.327083865983196,2.0,11.0,12.004724199399236,0.000999000999000999
motif_26c1177b7e91b833,fixed_eligible_dyad_edge_count,94,34,1.563,1.2318882045658754,0.0,4.0,26.331123132582462,0.000999000999000999
motif_561aab0d2e3fcfbf,fixed_eligible_dyad_edge_count,94,34,1.587,1.252996808056986,0.0,4.0,25.868381939665614,0.000999000999000999
motif_865a7e1db6e3d015,fixed_eligible_dyad_edge_count,94,34,1.564,1.2575712645752852,0.0,4.0,25.79257407806188,0.000999000999000999
motif_e7b47efe0af02072,fixed_eligible_dyad_edge_count,94,34,1.63,1.224990041020978,0.0,4.0,26.424704622921634,0.000999000999000999
motif_204392044e79cf6a,fixed_eligible_dyad_edge_count,94,34,0.4,0.6390683910258861,0.0,2.0,52.57653245228178,0.000999000999000999
motif_5d4f727711085252,fixed_eligible_dyad_edge_count,94,34,0.416,0.6319361861322212,0.0,2.0,53.14460658686375,0.000999000999000999
motif_aa915ce5086e7958,fixed_eligible_dyad_edge_count,94,34,0.437,0.6576195430972669,0.0,2.0,51.037108541398354,0.000999000999000999
motif_1ccba954f9a8e8c0,fixed_eligible_dyad_edge_count,94,34,0.437,0.6815390638074167,0.0,2.0,49.2458932764622,0.000999000999000999
motif_2d48a4fd368d5657,fixed_eligible_dyad_edge_count,94,34,0.439,0.6486136752333425,0.0,2.0,51.742664827296835,0.000999000999000999
motif_58108fef281175a5,fixed_eligible_dyad_edge_count,94,34,0.446,0.6910582910012442,0.0,2.0,48.554514773833446,0.000999000999000999
motif_594088dea3ed99ad,fixed_eligible_dyad_edge_count,94,34,0.427,0.6565836596368342,0.0,2.0,51.13285947227153,0.000999000999000999
motif_7d709f8abcdc82e5,fixed_eligible_dyad_edge_count,94,34,0.432,0.6616750061879414,0.0,2.0,50.73185428809349,0.000999000999000999
motif_8182686a0f8422e0,fixed_eligible_dyad_edge_count,94,34,0.434,0.6768324032595534,0.0,2.0,49.59277930304414,0.000999000999000999
motif_8d50e2fb8f9fbd00,fixed_eligible_dyad_edge_count,94,34,0.425,0.6654455784042913,0.0,2.0,50.45491485646557,0.000999000999000999
motif_b920e1f8dcf87b42,fixed_eligible_dyad_edge_count,94,34,0.4,0.6359279868070064,0.0,2.0,52.83617122860964,0.000999000999000999
motif_dc67d5aaeb0b97c0,fixed_eligible_dyad_edge_count,94,34,0.409,0.6512627297359688,0.0,2.0,51.57826245272514,0.000999000999000999
motif_027ba7efe2fe2e56,fixed_eligible_dyad_edge_count,94,34,0.122,0.3538943927801616,0.0,1.0,95.72912340842014,0.000999000999000999
motif_4278b35cbcfd2b6b,fixed_eligible_dyad_edge_count,94,34,0.127,0.36194198706699443,0.0,1.0,93.58682112150255,0.000999000999000999
motif_44f14a83080f71ac,fixed_eligible_dyad_edge_count,94,34,0.101,0.3238887214830159,0.0,1.0,104.66248977359837,0.000999000999000999
motif_857cf1d41f71c8f6,fixed_eligible_dyad_edge_count,94,34,0.113,0.32609406210070524,0.0,1.0,103.91786891702102,0.000999000999000999
motif_99f25f43459111ca,fixed_eligible_dyad_edge_count,94,34,0.106,0.31759229345949663,0.0,1.0,106.72173317178614,0.000999000999000999
motif_f548207977f75af1,fixed_eligible_dyad_edge_count,94,34,0.093,0.31055989349471386,0.0,1.0,109.18022806630418,0.000999000999000999
motif_add33857e4b485af,fixed_eligible_dyad_edge_count,94,34,0.028,0.1650552732972896,0.0,1.0,205.82196085799254,0.000999000999000999
motif_070e91bcc54960a5,fixed_eligible_dyad_edge_count,94,33,1.535,1.2092300183328348,0.0,4.0,26.02069045836357,0.000999000999000999
motif_567b7af85cfa22f3,fixed_eligible_dyad_edge_count,94,33,0.44,0.6502482778314962,0.0,2.0,50.073181444761204,0.000999000999000999
motif_9549cf95a022f9b4,fixed_eligible_dyad_edge_count,94,33,0.398,0.6212744819980814,0.0,2.0,52.47600045498195,0.000999000999000999
motif_552be5f9f12c3639,fixed_eligible_dyad_edge_count,94,33,0.093,0.30731977717915515,0.0,1.0,107.07739118532723,0.000999000999000999
motif_089bbb6e336a32e3,fixed_eligible_dyad_edge_count,94,33,0.397,0.6259255409254187,0.0,2.0,52.08766517467413,0.000999000999000999
motif_367019b89a849370,fixed_eligible_dyad_edge_count,94,33,0.421,0.6404445090475562,0.0,2.0,50.86935642316647,0.000999000999000999
motif_3a74636fdbc8b97b,fixed_eligible_dyad_edge_count,94,33,0.423,0.6375558622406923,0.0,2.0,51.096699017883736,0.000999000999000999
motif_44b052f6015177f9,fixed_eligible_dyad_edge_count,94,33,0.397,0.6291158770741541,0.0,2.0,51.823521211430304,0.000999000999000999
motif_8dcfc98226e1efc7,fixed_eligible_dyad_edge_count,94,33,0.436,0.6575228789451641,0.0,2.0,49.525272873000304,0.000999000999000999
motif_91d7797e53fe79ef,fixed_eligible_dyad_edge_count,94,33,0.413,0.6362671104464186,0.0,2.0,51.215911470162695,0.000999000999000999
motif_971e3dbb7f58e1ea,fixed_eligible_dyad_edge_count,94,33,0.411,0.6328344803181053,0.0,2.0,51.49687795712169,0.000999000999000999
motif_def29965c110d7de,fixed_eligible_dyad_edge_count,94,33,0.427,0.6442717486325799,0.0,2.0,50.557858650691784,0.000999000999000999
motif_23a242d75055148a,fixed_eligible_dyad_edge_count,94,33,0.138,0.37562893538317216,0.0,1.0,87.48527310995912,0.000999000999000999
motif_3be567c2d0a1b7d5,fixed_eligible_dyad_edge_count,94,33,0.105,0.31316620678654483,0.0,1.0,105.04006909794501,0.000999000999000999
motif_6542648bb13448a0,fixed_eligible_dyad_edge_count,94,33,0.131,0.3605120926806338,0.0,1.0,91.17308591675344,0.000999000999000999
motif_a244b5d5e3725e95,fixed_eligible_dyad_edge_count,94,33,0.116,0.33264794401086517,0.0,1.0,98.85526302524185,0.000999000999000999
motif_a97c649fcff5d5d1,fixed_eligible_dyad_edge_count,94,33,0.121,0.34997354397365443,0.0,1.0,93.94710133425139,0.000999000999000999
motif_deb1cfa3eafe01ec,fixed_eligible_dyad_edge_count,94,33,0.105,0.31316620678654483,0.0,1.0,105.04006909794501,0.000999000999000999
motif_599a47832de48e0b,fixed_eligible_dyad_edge_count,94,33,0.022,0.1467567291047932,0.0,0.0,224.71201287439234,0.000999000999000999
motif_0ef225c16706d8fe,fixed_eligible_dyad_edge_count,94,32,6.023,2.3639075825968847,2.0,11.0,10.989008280714094,0.000999000999000999
motif_8173fff60f0d3407,fixed_eligible_dyad_edge_count,94,32,1.551,1.211968591947771,0.0,4.0,25.12358835228973,0.000999000999000999
motif_9a804183b3321941,fixed_eligible_dyad_edge_count,94,32,1.556,1.2483679034733415,0.0,4.0,24.38704160471883,0.000999000999000999
motif_e8cc14ed19806fcc,fixed_eligible_dyad_edge_count,94,32,0.418,0.6524581991987765,0.0,2.0,48.40463349036449,0.000999000999000999
motif_8669434201178897,fixed_eligible_dyad_edge_count,94,32,0.118,0.3408697584007621,0.0,1.0,93.53132454336472,0.000999000999000999
motif_55f635f51d345c44,fixed_eligible_dyad_edge_count,94,32,0.39,0.6101411904405993,0.0,2.0,51.80768073890171,0.000999000999000999
motif_72859cdf5403f701,fixed_eligible_dyad_edge_count,94,32,0.409,0.6181432690736861,0.0,2.0,51.106275163912166,0.000999000999000999
motif_80fca12529cb792b,fixed_eligible_dyad_edge_count,94,32,0.408,0.6557179012090256,0.0,2.0,48.17925504511932,0.000999000999000999
motif_a60b470ee33da55c,fixed_eligible_dyad_edge_count,94,32,0.392,0.6202585918153153,0.0,2.0,50.959390836477795,0.000999000999000999
motif_d409f63c308a2d6d,fixed_eligible_dyad_edge_count,94,32,0.399,0.6326129932266611,0.0,2.0,49.95313143793992,0.000999000999000999
motif_fbe47b283d485aaf,fixed_eligible_dyad_edge_count,94,32,0.375,0.6219017299877544,0.0,2.0,50.852085586934635,0.000999000999000999
motif_010b3c71bdbcf2a6,fixed_eligible_dyad_edge_count,94,32,0.097,0.3125518975925284,0.0,1.0,102.07264856088541,0.000999000999000999
motif_0f0ac668f0dc386c,fixed_eligible_dyad_edge_count,94,32,0.113,0.33217667188010547,0.0,1.0,95.99409801874698,0.000999000999000999
motif_9f061127188bad39,fixed_eligible_dyad_edge_count,94,32,0.123,0.3605565156823581,0.0,1.0,88.41055039505345,0.000999000999000999
motif_a1fd530b04ced400,fixed_eligible_dyad_edge_count,94,32,0.119,0.3535024242688658,0.0,1.0,90.18608589725554,0.000999000999000999
motif_b715f164644b06ac,fixed_eligible_dyad_edge_count,94,32,0.031,0.1734043513556371,0.0,1.0,184.36100218981466,0.000999000999000999
motif_3194408fb9452179,fixed_eligible_dyad_edge_count,94,31,6.035,2.4049030247722163,2.0,11.0,10.380875961667765,0.000999000999000999
motif_a357866e74d5aac1,fixed_eligible_dyad_edge_count,94,31,5.928,2.410108840825372,2.0,11.0,10.402849686827329,0.000999000999000999
motif_041663865fdf67e1,fixed_eligible_dyad_edge_count,94,31,1.494,1.2318609830177667,0.0,4.0,23.952378074121086,0.000999000999000999
motif_082f79e52f52ff53,fixed_eligible_dyad_edge_count,94,31,1.501,1.2261739283244066,0.0,4.0,24.057761561046256,0.000999000999000999
motif_c99164990c51b2e9,fixed_eligible_dyad_edge_count,94,31,1.597,1.2041764991233792,0.0,4.0,24.41751688511186,0.000999000999000999
motif_d1d448d03e415c86,fixed_eligible_dyad_edge_count,94,31,1.643,1.262198139811707,0.0,4.0,23.258630379838333,0.000999000999000999
motif_038ad01f2250792b,fixed_eligible_dyad_edge_count,94,31,0.458,0.64703528084229,0.0,2.0,47.20299016808078,0.000999000999000999
motif_080cca411daac145,fixed_eligible_dyad_edge_count,94,31,0.402,0.6267286404727265,0.0,2.0,48.82176754667005,0.000999000999000999
motif_47d78b52f7b40f0b,fixed_eligible_dyad_edge_count,94,31,0.396,0.6046069380593867,0.0,2.0,50.61800993920113,0.000999000999000999
motif_9a81ed62d65435c3,fixed_eligible_dyad_edge_count,94,31,0.381,0.6246833031458586,0.0,2.0,49.015236754056005,0.000999000999000999
motif_af254a1c82e36b5f,fixed_eligible_dyad_edge_count,94,31,0.399,0.6373422983022555,0.0,2.0,48.01344596383225,0.000999000999000999
motif_fe7b90304caa5322,fixed_eligible_dyad_edge_count,94,31,0.414,0.6332495598143008,0.0,2.0,48.300073053298746,0.000999000999000999
motif_03a86f20681e50ea,fixed_eligible_dyad_edge_count,94,31,0.116,0.34155623352628545,0.0,1.0,90.42142103848687,0.000999000999000999
motif_4fb69e3be74bb949,fixed_eligible_dyad_edge_count,94,31,0.118,0.3349450524909865,0.0,1.0,92.2001975259242,0.000999000999000999
motif_da6a723978c7cfb8,fixed_eligible_dyad_edge_count,94,30,1.61,1.2318349797831813,0.0,4.0,23.04691818785419,0.000999000999000999
motif_144357e970631bdc,fixed_eligible_dyad_edge_count,94,30,0.446,0.6445925065492915,0.0,2.0,45.849121266103374,0.000999000999000999
motif_309e1fd1b1c35d59,fixed_eligible_dyad_edge_count,94,30,0.37,0.5877460722501257,0.0,2.0,50.412927280933715,0.000999000999000999
motif_4d94dac0da31b256,fixed_eligible_dyad_edge_count,94,30,0.403,0.6220755404112777,0.0,2.0,47.577823073436235,0.000999000999000999
motif_64c46f0bc8a7853d,fixed_eligible_dyad_edge_count,94,30,0.425,0.6362230581956163,0.0,2.0,46.48526899335786,0.000999000999000999
motif_747d5d7b30279f2d,fixed_eligible_dyad_edge_count,94,30,0.438,0.6515984811067203,0.0,2.0,45.368429879992725,0.000999000999000999
motif_810b92e3ea05e188,fixed_eligible_dyad_edge_count,94,30,0.416,0.6444837929376896,0.0,2.0,45.90340412619229,0.000999000999000999
motif_88f193386373d65c,fixed_eligible_dyad_edge_count,94,30,0.404,0.6333918101658562,0.0,2.0,46.72621199862083,0.000999000999000999
motif_fff7782cb017e67a,fixed_eligible_dyad_edge_count,94,30,0.417,0.6415002124103475,0.0,2.0,46.11533936808221,0.000999000999000999
motif_03815a9e83d32c65,fixed_eligible_dyad_edge_count,94,30,0.134,0.34952276916699543,0.0,1.0,85.44793825929716,0.000999000999000999
motif_2239e63c934728ab,fixed_eligible_dyad_edge_count,94,30,0.092,0.3027005576929576,0.0,1.0,98.80391442931199,0.000999000999000999
motif_5cc36c8196edf8e4,fixed_eligible_dyad_edge_count,94,30,0.094,0.30864098765274284,0.0,1.0,96.89575006689566,0.000999000999000999
motif_8a3a45dc361aa47b,fixed_eligible_dyad_edge_count,94,30,0.105,0.3287599170870498,0.0,1.0,90.93261813934674,0.000999000999000999
motif_8d236ec1aa320a9d,fixed_eligible_dyad_edge_count,94,30,0.097,0.3157383262936124,0.0,1.0,94.70817290705628,0.000999000999000999
motif_0e5e85a7dddbb60d,fixed_eligible_dyad_edge_count,94,30,0.024,0.15952883579293548,0.0,0.0,187.90333328143956,0.000999000999000999
motif_1ba4c51f0f8fad83,fixed_eligible_dyad_edge_count,94,30,0.023,0.1565103686517148,0.0,0.0,191.53363613057695,0.000999000999000999
motif_ecd6dde695a866b9,fixed_eligible_dyad_edge_count,94,29,6.119,2.3770758274589134,2.0,11.0,9.625692094332438,0.000999000999000999
motif_c1d59433f9939b77,fixed_eligible_dyad_edge_count,94,29,1.567,1.2438078863144606,0.0,4.0,22.055656907986805,0.000999000999000999
motif_f972b2865c90f585,fixed_eligible_dyad_edge_count,94,29,1.56,1.2320381154485092,0.0,4.0,22.27203822343661,0.000999000999000999
motif_53e8134231efd6a0,fixed_eligible_dyad_edge_count,94,29,0.411,0.6391302586229934,0.0,2.0,44.731100764334045,0.000999000999000999
motif_2268a823202931ea,fixed_eligible_dyad_edge_count,94,29,0.372,0.598309262818127,0.0,2.0,47.848164451203374,0.000999000999000999
motif_3dca7fe7a9c94f2f,fixed_eligible_dyad_edge_count,94,29,0.417,0.6352279232799141,0.0,2.0,44.996447656796185,0.000999000999000999
motif_462c4df0c1cacf78,fixed_eligible_dyad_edge_count,94,29,0.44,0.678867336716729,0.0,2.0,42.07007533773455,0.000999000999000999
motif_652e84642f661624,fixed_eligible_dyad_edge_count,94,29,0.421,0.6373108858046925,0.0,2.0,44.84310661650646,0.000999000999000999
motif_7434dae0d646da6b,fixed_eligible_dyad_edge_count,94,29,0.414,0.6426640000941539,0.0,2.0,44.48047501620129,0.000999000999000999
motif_90e3cc1dcf4e3b79,fixed_eligible_dyad_edge_count,94,29,0.403,0.6519325241280889,0.0,2.0,43.86496905986759,0.000999000999000999
motif_ace47faad0c74b11,fixed_eligible_dyad_edge_count,94,29,0.41,0.6559956785911968,0.0,2.0,43.582604174160586,0.000999000999000999
motif_e51d13cc35f9cbc0,fixed_eligible_dyad_edge_count,94,29,0.396,0.6095535707019957,0.0,2.0,46.92614624020338,0.000999000999000999
motif_ee6ea2d9e15ae257,fixed_eligible_dyad_edge_count,94,29,0.435,0.6482246487099992,0.0,2.0,44.06651313992123,0.000999000999000999
motif_515f2a2b2aaee61d,fixed_eligible_dyad_edge_count,94,29,0.118,0.3437938251251698,0.0,1.0,84.0096531387221,0.000999000999000999
motif_73bf87366dc57d10,fixed_eligible_dyad_edge_count,94,29,0.105,0.3131662067865446,0.0,1.0,92.2672988777967,0.000999000999000999
motif_9aea37b624069e78,fixed_eligible_dyad_edge_count,94,29,0.131,0.36327809040867287,0.0,1.0,79.46804600168308,0.000999000999000999
motif_c1cb74bf02920d95,fixed_eligible_dyad_edge_count,94,29,0.124,0.3560207167437771,0.0,1.0,81.10763964553679,0.000999000999000999
motif_cb910122203920e9,fixed_eligible_dyad_edge_count,94,29,0.1,0.31320615909988087,0.0,1.0,92.27149326518781,0.000999000999000999
motif_d9d6a0af6bcd611b,fixed_eligible_dyad_edge_count,94,29,0.094,0.30538051224211854,0.0,1.0,94.65567985255753,0.000999000999000999
motif_7c9654a7552f1afd,fixed_eligible_dyad_edge_count,94,29,0.025,0.15620307103062675,0.0,0.024999999999977263,185.49571278479453,0.000999000999000999
motif_43cc804437a47f43,fixed_eligible_dyad_edge_count,94,28,1.532,1.1825288048814586,0.0,4.0,22.382541457544672,0.000999000999000999
motif_94fda426c64e7b30,fixed_eligible_dyad_edge_count,94,28,1.511,1.289783913119768,0.0,5.0,20.53754875568855,0.000999000999000999
motif_ac678f6d8b8171a2,fixed_eligible_dyad_edge_count,94,28,1.49,1.163294138751348,0.0,4.0,22.7887334053408,0.000999000999000999
motif_c6162316b5742d5a,fixed_eligible_dyad_edge_count,94,28,1.541,1.210695991892589,0.0,4.0,21.85437151620421,0.000999000999000999
motif_4625a9fb33fe9a18,fixed_eligible_dyad_edge_count,94,28,0.383,0.6153776805261038,0.0,2.0,44.87813073816627,0.000999000999000999
motif_47ce3e87e8a12011,fixed_eligible_dyad_edge_count,94,28,0.388,0.6243763655407301,0.0,2.0,44.223326704698565,0.000999000999000999
motif_65b770a6b0dde937,fixed_eligible_dyad_edge_count,94,28,0.399,0.6404757678548076,0.0,2.0,43.0945265774005,0.000999000999000999
motif_7887aeea576de116,fixed_eligible_dyad_edge_count,94,28,0.408,0.637135732746127,0.0,2.0,43.3063138384585,0.000999000999000999
motif_85897afcde10ae9d,fixed_eligible_dyad_edge_count,94,28,0.407,0.6354169928123983,0.0,2.0,43.425026891193966,0.000999000999000999
motif_8987799e9536733a,fixed_eligible_dyad_edge_count,94,28,0.383,0.6345972846725005,0.0,2.0,43.51893817864731,0.000999000999000999
motif_92462db061392ae7,fixed_eligible_dyad_edge_count,94,28,0.421,0.6404445090475563,0.0,2.0,43.06227879291899,0.000999000999000999
motif_9dd3ef603731eb1d,fixed_eligible_dyad_edge_count,94,28,0.422,0.6452381981348745,0.0,2.0,42.74080499219818,0.000999000999000999
motif_9f5dccfd505d1842,fixed_eligible_dyad_edge_count,94,28,0.406,0.6446546203817803,0.0,2.0,42.80431587329376,0.000999000999000999
motif_a352e465397bbb21,fixed_eligible_dyad_edge_count,94,28,0.404,0.6551436584545456,0.0,2.0,42.12205925200852,0.000999000999000999
motif_d08d2b220c27d371,fixed_eligible_dyad_edge_count,94,28,0.408,0.6449433711202512,0.0,2.0,42.782050697060974,0.000999000999000999
motif_37d31d57d3f9c5b8,fixed_eligible_dyad_edge_count,94,28,0.106,0.317592293459496,0.0,1.0,87.82958709782876,0.000999000999000999
motif_4aa6795ac5be2401,fixed_eligible_dyad_edge_count,94,28,0.116,0.3356436453393076,0.0,1.0,83.07620414446285,0.000999000999000999
motif_4abc84179978fc41,fixed_eligible_dyad_edge_count,94,28,0.108,0.326255179947295,0.0,1.0,85.49136294021697,0.000999000999000999
motif_5cefd2032c431627,fixed_eligible_dyad_edge_count,94,28,0.109,0.3243828358964538,0.0,1.0,85.98173797612117,0.000999000999000999
motif_653dde72c933e69a,fixed_eligible_dyad_edge_count,94,28,0.101,0.3207832631262117,0.0,1.0,86.9714951089053,0.000999000999000999
motif_9583570644293b3f,fixed_eligible_dyad_edge_count,94,28,0.112,0.324902387743709,0.0,1.0,85.83501092026059,0.000999000999000999
motif_bd8eff38223588de,fixed_eligible_dyad_edge_count,94,28,0.097,0.3125518975925283,0.0,1.0,89.27477393330992,0.000999000999000999
motif_cafa14125e4d3e91,fixed_eligible_dyad_edge_count,94,28,0.111,0.33285100238663845,0.0,1.0,83.78824098478827,0.000999000999000999
motif_d6947d105949725e,fixed_eligible_dyad_edge_count,94,28,0.106,0.3175922934594959,0.0,1.0,87.82958709782879,0.000999000999000999
motif_daab14175ce460f2,fixed_eligible_dyad_edge_count,94,28,0.107,0.31567491292570266,0.0,1.0,88.3598881567282,0.000999000999000999
motif_018c4efb7ab2990c,fixed_eligible_dyad_edge_count,94,28,0.02,0.1400700525437897,0.0,0.0,199.75718929107057,0.000999000999000999
motif_2e153101d0a11288,fixed_eligible_dyad_edge_count,94,28,0.027,0.16822395578305466,0.0,1.0,166.2842837679706,0.000999000999000999
motif_a8e2557395de591b,fixed_eligible_dyad_edge_count,94,28,0.031,0.1734043513556371,0.0,1.0,161.29353030269718,0.000999000999000999
motif_62be63cfd14a7b5f,fixed_eligible_dyad_edge_count,94,27,6.127,2.4013824430185307,2.0,11.0,8.69207654144531,0.000999000999000999
motif_731b0357487deaf3,fixed_eligible_dyad_edge_count,94,27,6.023,2.353297475673017,2.0,11.0,8.913875197185096,0.000999000999000999
motif_38423b6b2977d305,fixed_eligible_dyad_edge_count,94,27,1.474,1.1852125247096945,0.0,4.0,21.537065688917124,0.000999000999000999
motif_878918d1010ef59c,fixed_eligible_dyad_edge_count,94,27,1.588,1.2876000597677488,0.0,5.0,19.735941923289204,0.000999000999000999
motif_b666e4a2a4e21f61,fixed_eligible_dyad_edge_count,94,27,1.6,1.2171612389003656,0.0,4.0,20.868229440946887,0.000999000999000999
motif_9222964e0f293ccf,fixed_eligible_dyad_edge_count,94,27,0.405,0.6429528663816532,0.0,2.0,41.363840789245906,0.000999000999000999
motif_1c19ace04bcdb92f,fixed_eligible_dyad_edge_count,94,27,0.396,0.6193283196880031,0.0,2.0,42.956214263546364,0.000999000999000999
motif_2432ee146ee06e9b,fixed_eligible_dyad_edge_count,94,27,0.367,0.5955381311600988,0.0,2.0,44.72089796856389,0.000999000999000999
motif_3d50d7469ea2a0a8,fixed_eligible_dyad_edge_count,94,27,0.385,0.6206127296149854,0.0,2.0,42.88503720590998,0.000999000999000999
motif_5c79379a0133821d,fixed_eligible_dyad_edge_count,94,27,0.38,0.6147991362859757,0.0,2.0,43.29869453105026,0.000999000999000999
motif_677a13f588cdb059,fixed_eligible_dyad_edge_count,94,27,0.404,0.6349702254335873,0.0,2.0,41.88542853617902,0.000999000999000999
motif_fd8026f3f9aefe0f,fixed_eligible_dyad_edge_count,94,27,0.39,0.6279285741979702,0.0,2.0,42.37743127709702,0.000999000999000999
motif_0f1eaadb5b328872,fixed_eligible_dyad_edge_count,94,27,0.12,0.3460053752757578,0.0,1.0,77.68665437228337,0.000999000999000999
motif_7062164c652c7ad4,fixed_eligible_dyad_edge_count,94,27,0.108,0.32317246237951586,0.0,1.0,83.21253550501937,0.000999000999000999
motif_8d7eadf530f2600e,fixed_eligible_dyad_edge_count,94,27,0.12,0.34310015697710694,0.0,1.0,78.3444701303169,0.000999000999000999
motif_e7faaf909e70ba88,fixed_eligible_dyad_edge_count,94,27,0.121,0.34997354397365427,0.0,1.0,76.80294828806669,0.000999000999000999
motif_fa7f3982b5280d95,fixed_eligible_dyad_edge_count,94,27,0.117,0.3455870808210719,0.0,1.0,77.78936624635774,0.000999000999000999
motif_5e83cea79dae2573,fixed_eligible_dyad_edge_count,94,27,0.033,0.17872588772459133,0.0,1.0,150.88468908071644,0.000999000999000999
motif_6ca5865328442749,fixed_eligible_dyad_edge_count,94,27,0.038,0.1964550701676952,0.0,1.0,137.2425765188197,0.000999000999000999
motif_7e70cbb5d1272c31,fixed_eligible_dyad_edge_count,94,26,1.557,1.2499253230946756,0.0,4.0,19.555568279456775,0.000999000999000999
motif_907bc8e649cc9e30,fixed_eligible_dyad_edge_count,94,26,1.618,1.2616131212331554,0.0,4.0,19.326051377912094,0.000999000999000999
motif_b366b2840430a16c,fixed_eligible_dyad_edge_count,94,26,0.429,0.6598442197931177,0.0,2.0,38.75308630879169,0.000999000999000999
motif_1b5f56b34ecdaa6c,fixed_eligible_dyad_edge_count,94,26,0.424,0.6087648105751471,0.0,2.0,42.01294088571969,0.000999000999000999
motif_26507b4dbd33a9b0,fixed_eligible_dyad_edge_count,94,26,0.414,0.6580554969279104,0.0,2.0,38.8812191668432,0.000999000999000999
motif_3584f99186f55098,fixed_eligible_dyad_edge_count,94,26,0.361,0.5822525380090808,0.0,2.0,44.03415756274494,0.000999000999000999
motif_5dceed5e09274722,fixed_eligible_dyad_edge_count,94,26,0.401,0.6249716710296471,0.0,2.0,40.96025657903084,0.000999000999000999
motif_9e18a3296a08a2d2,fixed_eligible_dyad_edge_count,94,26,0.437,0.6545681472997706,0.0,2.0,39.05322937795351,0.000999000999000999
motif_d2fceddc64f9c4b8,fixed_eligible_dyad_edge_count,94,26,0.409,0.6325496969559956,0.0,2.0,40.45690026119842,0.000999000999000999
motif_181b8ce161b66b8b,fixed_eligible_dyad_edge_count,94,26,0.097,0.3093326473017166,0.0,1.0,83.7383322644724,0.000999000999000999
motif_87672ea659340518,fixed_eligible_dyad_edge_count,94,26,0.097,0.30933264730171645,0.0,1.0,83.73833226447245,0.000999000999000999
motif_b38850de34c883b8,fixed_eligible_dyad_edge_count,94,26,0.104,0.3244831109461493,0.0,1.0,79.80692716021716,0.000999000999000999
motif_1f7ac044c9f83b05,fixed_eligible_dyad_edge_count,94,26,0.032,0.1760880660550494,0.0,1.0,147.4716633657716,0.000999000999000999
motif_2af20ff912ea7195,fixed_eligible_dyad_edge_count,94,26,0.024,0.15312559370479945,0.0,0.0,169.63852594150515,0.000999000999000999
motif_5e815e962da809ee,fixed_eligible_dyad_edge_count,94,26,0.027,0.16822395578305463,0.0,1.0,154.39537061829267,0.000999000999000999
motif_d818811728222c86,fixed_eligible_dyad_edge_count,94,26,0.029,0.17375036457282508,0.0,1.0,149.47306766147597,0.000999000999000999
motif_c6837bde7d886408,fixed_eligible_dyad_edge_count,94,26,0.009,0.09448771310560901,0.0,0.0,275.07280201553647,0.000999000999000999
motif_e8e7168a0537a3da,fixed_eligible_dyad_edge_count,94,26,0.005,0.07056897321046933,0.0,0.0,368.36301872312754,0.000999000999000999
motif_90f0469331adc789,fixed_eligible_dyad_edge_count,94,25,1.571,1.23469975438707,0.0,4.0,18.97546340051767,0.000999000999000999
motif_260b9ee8cedf65ab,fixed_eligible_dyad_edge_count,94,25,1.579,1.23096477377473,0.0,4.0,19.026539588277533,0.000999000999000999
motif_632e6b3a31ce3011,fixed_eligible_dyad_edge_count,94,25,1.573,1.2133190607351132,0.0,4.0,19.30819415777272,0.000999000999000999
motif_cf36d5d36d17f0d4,fixed_eligible_dyad_edge_count,94,25,1.558,1.2744646955723165,0.0,4.0,18.393604845580313,0.000999000999000999
motif_e0be9084453e8269,fixed_eligible_dyad_edge_count,94,25,0.369,0.6222750406582512,0.0,2.0,39.58217571115336,0.000999000999000999
motif_9f82584d66042611,fixed_eligible_dyad_edge_count,94,25,0.423,0.6312443817329907,0.0,2.0,38.934207909347855,0.000999000999000999
motif_d1701f302cafb7b8,fixed_eligible_dyad_edge_count,94,25,0.392,0.613769266673324,0.0,2.0,40.09324242215194,0.000999000999000999
motif_fe7681306acbdcba,fixed_eligible_dyad_edge_count,94,25,0.403,0.6488543842897397,0.0,2.0,37.90835138907907,0.000999000999000999
motif_82cb78c31a4d45f4,fixed_eligible_dyad_edge_count,94,25,0.096,0.3014545983641209,0.0,1.0,82.61277199002605,0.000999000999000999
motif_c38a1f8d4d13cd58,fixed_eligible_dyad_edge_count,94,25,0.092,0.2993753924851301,0.0,1.0,83.19989092369097,0.000999000999000999
motif_e9f2800f2f4139b5,fixed_eligible_dyad_edge_count,94,25,0.111,0.32678094464914254,0.0,1.0,76.16417177177442,0.000999000999000999
motif_d73c4c050c515690,fixed_eligible_dyad_edge_count,94,25,0.029,0.16789040230813432,0.0,1.0,148.7339339039165,0.000999000999000999
motif_aa88697c4878a8d2,fixed_eligible_dyad_edge_count,94,24,1.545,1.2583952314589242,0.0,4.0,17.844155348528083,0.000999000999000999
motif_b7f95b768d0ed88f,fixed_eligible_dyad_edge_count,94,24,1.545,1.2187946752675223,0.0,4.0,18.42394002506713,0.000999000999000999
motif_cefbf9695c101b62,fixed_eligible_dyad_edge_count,94,24,1.643,1.2701039973813772,0.0,4.024999999999977,17.60249557996376,0.000999000999000999
motif_daeb4bd8e246a8ce,fixed_eligible_dyad_edge_count,94,24,1.542,1.2465110467981362,0.0,5.0,18.01668750364225,0.000999000999000999
motif_df23103c2dddd8a7,fixed_eligible_dyad_edge_count,94,24,1.589,1.2520569662146521,0.0,5.0,17.899345321128038,0.000999000999000999
motif_1ef5e2e1bdccc5eb,fixed_eligible_dyad_edge_count,94,24,0.414,0.6745806542282846,0.0,2.0,34.96394367695322,0.000999000999000999
motif_24eb9a87cdb74628,fixed_eligible_dyad_edge_count,94,24,0.398,0.6324523665826564,0.0,2.0,37.318225446019284,0.000999000999000999
motif_a0117e3a50871f45,fixed_eligible_dyad_edge_count,94,24,0.413,0.637838410444085,0.0,2.0,36.97958544637963,0.000999000999000999
motif_1705651ede59320a,fixed_eligible_dyad_edge_count,94,24,0.447,0.6750160343626306,0.0,2.0,34.89250447545208,0.000999000999000999
motif_577624a63a62a8a9,fixed_eligible_dyad_edge_count,94,24,0.398,0.6212744819980831,0.0,2.0,37.98964979873875,0.000999000999000999
motif_7f263166867f6719,fixed_eligible_dyad_edge_count,94,24,0.423,0.659170316007555,0.0,2.0,35.767690727945,0.000999000999000999
motif_86d8105fe5309952,fixed_eligible_dyad_edge_count,94,24,0.409,0.6148960051074486,0.0,2.0,38.36583715628083,0.000999000999000999
motif_d68985c461e287c9,fixed_eligible_dyad_edge_count,94,24,0.42,0.632455532033678,0.0,2.0,37.283253613385064,0.000999000999000999
motif_d740706ea3c34912,fixed_eligible_dyad_edge_count,94,24,0.424,0.6757815332492304,0.0,2.0,34.88701427907338,0.000999000999000999
motif_e93a5794cad1d099,fixed_eligible_dyad_edge_count,94,24,0.411,0.6606932083164788,0.0,2.0,35.7034092421011,0.000999000999000999
motif_efae6b60f595cdfb,fixed_eligible_dyad_edge_count,94,24,0.377,0.6092965142213151,0.0,2.0,38.77094230580056,0.000999000999000999
motif_0bae3f446a0ef73b,fixed_eligible_dyad_edge_count,94,24,0.104,0.31509249956684815,0.0,1.0,75.83804766171646,0.000999000999000999
motif_1d705ca0de2416ea,fixed_eligible_dyad_edge_count,94,24,0.096,0.3112569370807347,0.0,1.0,76.79828833437281,0.000999000999000999
motif_ba7a0a0ed1ab1304,fixed_eligible_dyad_edge_count,94,24,0.111,0.3267809446491426,0.0,1.0,73.10401781734576,0.000999000999000999
motif_c88f48387ef2b4fe,fixed_eligible_dyad_edge_count,94,24,0.113,0.3381498859165082,0.0,1.0,70.6402722427589,0.000999000999000999
motif_496bfc724505030e,fixed_eligible_dyad_edge_count,94,23,1.574,1.2609972696695766,0.0,4.0,16.991313554242925,0.000999000999000999
motif_13987350646e3e50,fixed_eligible_dyad_edge_count,94,23,0.437,0.65456814729977,0.0,2.0,34.47005494092109,0.000999000999000999
motif_36015bab6274bff0,fixed_eligible_dyad_edge_count,94,23,0.431,0.6554911659730236,0.0,2.0,34.430669964099586,0.000999000999000999
motif_2ec7c5deb3b9bc46,fixed_eligible_dyad_edge_count,94,23,0.112,0.32796884541609367,0.0,1.0,69.78711642858036,0.000999000999000999
motif_0340aaab0dccc1f1,fixed_eligible_dyad_edge_count,94,23,0.419,0.6586902708199617,0.0,2.0,34.281666209962914,0.000999000999000999
motif_2611ff976d3ff14b,fixed_eligible_dyad_edge_count,94,23,0.429,0.6718708286645612,0.0,2.0,33.59425508153565,0.000999000999000999
motif_287b8ec85d70fbac,fixed_eligible_dyad_edge_count,94,23,0.418,0.6258335782519783,0.0,2.0,36.08307509334031,0.000999000999000999
motif_29d831cab5ba7ad5,fixed_eligible_dyad_edge_count,94,23,0.415,0.6238302366543074,0.0,2.0,36.20375972977305,0.000999000999000999
motif_b37ecaf5b25bba35,fixed_eligible_dyad_edge_count,94,23,0.396,0.6273576153818294,0.0,2.0,36.03048635385178,0.000999000999000999
motif_db3614fd20563588,fixed_eligible_dyad_edge_count,94,23,0.448,0.6706308565416147,0.0,2.0,33.628038107728464,0.000999000999000999
motif_eb030d5e67232bce,fixed_eligible_dyad_edge_count,94,23,0.414,0.6236930278534417,0.0,2.0,36.2133276970147,0.000999000999000999
motif_1681ae0e2b76586f,fixed_eligible_dyad_edge_count,94,23,0.122,0.3510544676246657,0.0,1.0,65.1693742990911,0.000999000999000999
motif_22c34d8dbb9b8983,fixed_eligible_dyad_edge_count,94,23,0.105,0.33777076411242235,0.0,1.0,67.78265744864679,0.000999000999000999
motif_3a17b4ce682ce2b1,fixed_eligible_dyad_edge_count,94,23,0.103,0.32325763022007187,0.0,1.0,70.83204806151632,0.000999000999000999
motif_8d6839eb022660a3,fixed_eligible_dyad_edge_count,94,23,0.023,0.1499783100768031,0.0,0.0,153.20215295287431,0.000999000999000999
motif_1fe91a45ad633b8a,fixed_eligible_dyad_edge_count,94,22,0.41,0.6295206877428983,0.0,2.0,34.29593406597869,0.000999000999000999
motif_acb44744b5c13899,fixed_eligible_dyad_edge_count,94,22,0.393,0.6394997732290131,0.0,2.0,33.78734583579321,0.000999000999000999
motif_dfcab8382e621753,fixed_eligible_dyad_edge_count,94,22,0.387,0.6046458439422135,0.0,2.0,35.74489135505506,0.000999000999000999
motif_0dd4e2d3dd505b69,fixed_eligible_dyad_edge_count,94,22,0.105,0.3257009073998424,0.0,1.0,67.22425238171317,0.000999000999000999
motif_96ca5d9e76d59355,fixed_eligible_dyad_edge_count,94,22,0.416,0.6506668635848607,0.0,2.0,33.172121108308126,0.000999000999000999
motif_9ac79cbea8a03df2,fixed_eligible_dyad_edge_count,94,22,0.447,0.6569799255857269,0.0,2.0,32.806177419781186,0.000999000999000999
motif_c8187ca9fadf7006,fixed_eligible_dyad_edge_count,94,22,0.378,0.6028925936512058,0.0,2.0,35.86376782148542,0.000999000999000999
motif_cce66e271e34786b,fixed_eligible_dyad_edge_count,94,22,0.412,0.632974451819863,0.0,2.0,34.105641922722796,0.000999000999000999
motif_d678613ad78fd8b5,fixed_eligible_dyad_edge_count,94,22,0.408,0.6276383751253041,0.0,2.0,34.40197549375353,0.000999000999000999
motif_e897bd616681fc9e,fixed_eligible_dyad_edge_count,94,22,0.424,0.6313656805866333,0.0,2.0,34.17353946124006,0.000999000999000999
motif_ecfe11186116dda0,fixed_eligible_dyad_edge_count,94,22,0.415,0.664241082903054,0.0,2.0,32.49573167871993,0.000999000999000999
motif_117ce0c6871a8986,fixed_eligible_dyad_edge_count,94,22,0.119,0.339048601167967,0.0,1.0,64.53647036036584,0.000999000999000999
motif_4105c9e59ebee4e9,fixed_eligible_dyad_edge_count,94,22,0.107,0.30926792049393986,0.0,1.0,70.78975396165926,0.000999000999000999
motif_43d3e6a7657c3f65,fixed_eligible_dyad_edge_count,94,22,0.113,0.355467800732161,0.0,1.0,61.572384207287136,0.000999000999000999
motif_64f1a25c5b185955,fixed_eligible_dyad_edge_count,94,22,0.098,0.31063240734426206,0.0,1.0,70.5077753710573,0.000999000999000999
motif_755161c6993a890a,fixed_eligible_dyad_edge_count,94,22,0.111,0.3446705641591662,0.0,1.0,63.507018806200776,0.000999000999000999
motif_aebb239dc237d823,fixed_eligible_dyad_edge_count,94,22,0.116,0.3356436453393073,0.0,1.0,65.2001022628542,0.000999000999000999
motif_b943d51a3cad6ccb,fixed_eligible_dyad_edge_count,94,22,0.11,0.3224965178168659,0.0,1.0,67.87670188870237,0.000999000999000999
motif_d7a3643ee9889ee9,fixed_eligible_dyad_edge_count,94,22,0.104,0.32138339609769634,0.0,1.0,68.13046431727886,0.000999000999000999
motif_fd5604ec6f39b5d9,fixed_eligible_dyad_edge_count,94,22,0.121,0.3471015405893175,0.0,1.0,63.03342809384625,0.000999000999000999
motif_dfad82cf69cd5d21,fixed_eligible_dyad_edge_count,94,22,0.024,0.15312559370479953,0.0,0.0,143.51617824493823,0.000999000999000999
motif_f15c0176afdf4707,fixed_eligible_dyad_edge_count,94,21,1.572,1.2626996517028102,0.0,4.0,15.386081697100671,0.000999000999000999
motif_b2134e3ae1086107,fixed_eligible_dyad_edge_count,94,21,0.442,0.6641363392234139,0.0,2.0,30.954487483757966,0.000999000999000999
motif_bd370b73f6308ca4,fixed_eligible_dyad_edge_count,94,21,0.402,0.6170711278100606,0.0,2.0,33.38026861360499,0.000999000999000999
motif_43a7c652c5ba4862,fixed_eligible_dyad_edge_count,94,21,0.102,0.32511798120328594,0.0,1.0,64.27820424651672,0.000999000999000999
motif_561797d764dd3072,fixed_eligible_dyad_edge_count,94,21,0.121,0.34128503552818334,0.0,1.0,61.17760178874239,0.000999000999000999
motif_64e9b535d46d64dd,fixed_eligible_dyad_edge_count,94,21,0.029,0.16789040230813543,0.0,1.0,124.90886740214698,0.000999000999000999
motif_6b99f87c7a88300a,fixed_eligible_dyad_edge_count,94,21,0.42,0.6618444213242578,0.0,2.0,31.094921006997847,0.000999000999000999
motif_756512b4fa9723fa,fixed_eligible_dyad_edge_count,94,21,0.399,0.6482431790765064,0.0,2.0,31.779740481571107,0.000999000999000999
motif_8b4b2fe1bc4dac47,fixed_eligible_dyad_edge_count,94,21,0.378,0.6192733641127298,0.0,2.0,33.30031807446842,0.000999000999000999
motif_91dd0c300eec0e6a,fixed_eligible_dyad_edge_count,94,21,0.404,0.6157622618861593,0.0,2.0,33.44797379578247,0.000999000999000999
motif_9e3f191e99760e38,fixed_eligible_dyad_edge_count,94,21,0.381,0.6051489115954827,0.0,2.0,34.07260527931505,0.000999000999000999
motif_de75556f4a6d0d32,fixed_eligible_dyad_edge_count,94,21,0.403,0.6379639472556449,0.0,2.0,32.285523482326774,0.000999000999000999
motif_f2b1e51d13a5dd59,fixed_eligible_dyad_edge_count,94,21,0.443,0.6596864301970966,0.0,2.0,31.161774835747522,0.000999000999000999
motif_f7cc5c20fba39429,fixed_eligible_dyad_edge_count,94,21,0.435,0.6482246487099987,0.0,2.0,31.72511264563209,0.000999000999000999
motif_fd643b6352520f0a,fixed_eligible_dyad_edge_count,94,21,0.419,0.6510475119857716,0.0,2.0,31.612132173311785,0.000999000999000999
motif_435f8c9612b8295a,fixed_eligible_dyad_edge_count,94,21,0.115,0.3404275119476867,0.0,1.0,61.34933067104572,0.000999000999000999
motif_4cddcff2e83d0e6e,fixed_eligible_dyad_edge_count,94,21,0.113,0.32609406210070657,0.0,1.0,64.0520709437191,0.000999000999000999
motif_50b72c034294f2b7,fixed_eligible_dyad_edge_count,94,21,0.113,0.33217667188010563,0.0,1.0,62.879189805173496,0.000999000999000999
motif_be9378f64da8d7b5,fixed_eligible_dyad_edge_count,94,21,0.104,0.32448311094614846,0.0,1.0,64.39780467793877,0.000999000999000999
motif_bf4ee698a85dda5c,fixed_eligible_dyad_edge_count,94,21,0.108,0.3412513039571445,0.0,1.0,61.22174408635722,0.000999000999000999
motif_ff504e978e810527,fixed_eligible_dyad_edge_count,94,21,0.121,0.34420557444276717,0.0,1.0,60.65851790401977,0.000999000999000999
motif_31b8f3aa403ee8c6,fixed_eligible_dyad_edge_count,94,21,0.037,0.1940841793363596,0.0,1.0,108.00983404046477,0.000999000999000999
motif_986ec0f4f4126cc8,fixed_eligible_dyad_edge_count,94,21,0.032,0.17608806605504815,0.0,1.0,119.07678055504934,0.000999000999000999
motif_be307ea30f83fb0c,fixed_eligible_dyad_edge_count,94,21,0.027,0.16216441439877338,0.0,1.0,129.3317037388114,0.000999000999000999
motif_3a1d9a86aeb5f4f8,fixed_eligible_dyad_edge_count,94,21,0.006,0.07726558075864028,0.0,0.0,271.7121879350183,0.000999000999000999
motif_05f070b10dcbe41e,fixed_eligible_dyad_edge_count,94,20,1.538,1.2466395269323476,0.0,5.0,14.809413307654484,0.000999000999000999
motif_4cb433188dfc828f,fixed_eligible_dyad_edge_count,94,20,1.502,1.1710539557882784,0.0,4.0,15.796027081901904,0.000999000999000999
motif_8eae1a827fa96a7e,fixed_eligible_dyad_edge_count,94,20,0.378,0.5995627368970444,0.0,2.0,32.72718398336594,0.000999000999000999
motif_4070e95c02ddad03,fixed_eligible_dyad_edge_count,94,20,0.39,0.6311087848368931,0.0,2.0,31.07229763101476,0.000999000999000999
motif_915459203636bcf0,fixed_eligible_dyad_edge_count,94,20,0.4,0.6248122841225182,0.0,2.0,31.369421661621296,0.000999000999000999
motif_987d863e22801283,fixed_eligible_dyad_edge_count,94,20,0.412,0.6345539052426178,0.0,2.0,30.868929870521637,0.000999000999000999
motif_23cc6162d1915ee1,fixed_eligible_dyad_edge_count,94,20,0.105,0.3257009073998434,0.0,1.0,61.083649286786006,0.000999000999000999
motif_2f6cad489931cdf0,fixed_eligible_dyad_edge_count,94,20,0.117,0.3455870808210719,0.0,1.0,57.533979432218544,0.000999000999000999
motif_817c90b1554ba0f0,fixed_eligible_dyad_edge_count,94,20,0.127,0.3619419870669951,0.0,1.0,54.90658920519638,0.000999000999000999
motif_c0283d0dd0a2df5e,fixed_eligible_dyad_edge_count,94,20,0.099,0.3021428309430654,0.0,1.0,65.86619956490071,0.000999000999000999
motif_ecb1c7bc59bf9182,fixed_eligible_dyad_edge_count,94,20,0.111,0.33285100238663845,0.0,1.0,59.753462832889454,0.000999000999000999
motif_21aaa6da34876534,fixed_eligible_dyad_edge_count,94,20,0.028,0.1650552732972897,0.0,1.0,121.00188985799555,0.000999000999000999
motif_a2c157ac518ee3be,fixed_eligible_dyad_edge_count,94,20,0.033,0.17872588772459144,0.0,1.0,111.71856665089418,0.000999000999000999
motif_a51efb246032f35d,fixed_eligible_dyad_edge_count,94,19,6.083,2.4523713269252516,2.0,11.0,5.26714688684407,0.000999000999000999
motif_27d0f2ddf19119ae,fixed_eligible_dyad_edge_count,94,19,1.572,1.2427229620315012,0.0,4.0,14.024042793504146,0.000999000999000999
motif_386af288f6bc33e7,fixed_eligible_dyad_edge_count,94,19,1.573,1.25548685666049,0.0,4.0,13.880670998304705,0.000999000999000999
motif_51687645c020d39b,fixed_eligible_dyad_edge_count,94,19,1.563,1.2179961061163138,0.0,4.0,14.316137721982862,0.000999000999000999
motif_552754589ce397ca,fixed_eligible_dyad_edge_count,94,19,1.59,1.2310221019199523,0.0,4.0,14.142719267872327,0.000999000999000999
motif_eed2570155f0d8ca,fixed_eligible_dyad_edge_count,94,19,1.543,1.222147554366763,0.0,4.0,14.283872628657411,0.000999000999000999
motif_1bdf46431e951ea7,fixed_eligible_dyad_edge_count,94,19,0.419,0.6495081684327467,0.0,2.0,28.607800337347054,0.000999000999000999
motif_93b19383de3aeaeb,fixed_eligible_dyad_edge_count,94,19,0.4,0.6151246852292507,0.0,2.0,30.237772026768802,0.000999000999000999
motif_163d77e74764a311,fixed_eligible_dyad_edge_count,94,19,0.402,0.6154468090540224,0.0,2.0,30.21869595617241,0.000999000999000999
motif_1ee766cd045d008b,fixed_eligible_dyad_edge_count,94,19,0.425,0.6563579860151091,0.0,2.0,28.30010511911774,0.000999000999000999
motif_218d3fe939fce32f,fixed_eligible_dyad_edge_count,94,19,0.408,0.6260414746068579,0.0,2.0,29.697712937749724,0.000999000999000999
motif_40fb75c9b40ab08f,fixed_eligible_dyad_edge_count,94,19,0.393,0.6155728469725814,0.0,2.0,30.227129236629217,0.000999000999000999
motif_41a3669f830877a0,fixed_eligible_dyad_edge_count,94,19,0.409,0.6543295401761638,0.0,2.0,28.412289005009285,0.000999000999000999
motif_76777e96d0813e38,fixed_eligible_dyad_edge_count,94,19,0.409,0.6481814091279864,0.0,2.0,28.681785281393534,0.000999000999000999
motif_a0be1cf96934a506,fixed_eligible_dyad_edge_count,94,19,0.426,0.6518810849755835,0.0,2.0,28.492926743986903,0.000999000999000999
motif_cb36a7f38fcceac4,fixed_eligible_dyad_edge_count,94,19,0.43,0.6538558920186741,0.0,2.0,28.40075347897858,0.000999000999000999
motif_fba9e661c7a0ef63,fixed_eligible_dyad_edge_count,94,19,0.42,0.6527066921872553,0.0,2.0,28.466078596095617,0.000999000999000999
motif_00e7451086a38d80,fixed_eligible_dyad_edge_count,94,19,0.117,0.33678542786828547,0.0,1.0,56.068340365916946,0.000999000999000999
motif_1cfc59c930135712,fixed_eligible_dyad_edge_count,94,19,0.122,0.3394572598004489,0.0,1.0,55.61230303661055,0.000999000999000999
motif_53c16c417891981b,fixed_eligible_dyad_edge_count,94,19,0.102,0.3125599041682937,0.0,1.0,60.462009835479805,0.000999000999000999
motif_67f890c9aaf1afb3,fixed_eligible_dyad_edge_count,94,19,0.1,0.32265167612164286,0.0,1.0,58.57710155788719,0.000999000999000999
motif_849b9f981358deed,fixed_eligible_dyad_edge_count,94,19,0.112,0.3340173162690356,0.0,1.0,56.54796646766237,0.000999000999000999
motif_948576f4e777ae04,fixed_eligible_dyad_edge_count,94,19,0.112,0.33700084505765204,0.0,1.0,56.04733720109443,0.000999000999000999
motif_af15f6193d606e4e,fixed_eligible_dyad_edge_count,94,19,0.099,0.30869773937347467,0.0,1.0,61.22817756411499,0.000999000999000999
motif_f3d8d555b798c814,fixed_eligible_dyad_edge_count,94,19,0.089,0.2918289981550231,0.0,1.0,64.80164794985264,0.000999000999000999
motif_21f073533e4c17fc,fixed_eligible_dyad_edge_count,94,19,0.033,0.1787258877245914,0.0,1.0,106.12340630377676,0.000999000999000999
motif_a1e996ad2b5dec2f,fixed_eligible_dyad_edge_count,94,19,0.027,0.16216441439877347,0.0,1.0,116.99854169820566,0.000999000999000999
motif_cfd1705d4a75fb9e,fixed_eligible_dyad_edge_count,94,19,0.022,0.14675672910479323,0.0,0.0,129.31604646522584,0.000999000999000999
motif_efa8d0c48c92575e,fixed_eligible_dyad_edge_count,94,19,0.007,0.08341437500789632,0.0,0.0,227.69456701200542,0.000999000999000999
motif_88cfe92387204dc8,fixed_eligible_dyad_edge_count,94,18,0.416,0.6287601604263203,0.0,2.0,27.96614847238009,0.000999000999000999
motif_9491a0dd792f0196,fixed_eligible_dyad_edge_count,94,18,0.122,0.3423933895875197,0.0,1.0,52.21479311133189,0.000999000999000999
motif_0eea7689c5f70452,fixed_eligible_dyad_edge_count,94,18,0.409,0.6261877602693252,0.0,2.0,28.092213096650212,0.000999000999000999
motif_19b146aa052965d1,fixed_eligible_dyad_edge_count,94,18,0.394,0.6365290010432901,0.0,2.0,27.65938389475301,0.000999000999000999
motif_1e99c7056c3cd49d,fixed_eligible_dyad_edge_count,94,18,0.416,0.6239658110291978,0.0,2.0,28.1810312186755,0.000999000999000999
motif_267c02faf2d907f0,fixed_eligible_dyad_edge_count,94,18,0.379,0.5947375158107278,0.0,2.0,29.628196526293785,0.000999000999000999
motif_78ab9ca892e33873,fixed_eligible_dyad_edge_count,94,18,0.387,0.6046458439422141,0.0,2.0,29.129448546549956,0.000999000999000999
motif_8e4b50e6b9c5c33b,fixed_eligible_dyad_edge_count,94,18,0.384,0.6316193022247962,0.0,2.0,27.89021794924561,0.000999000999000999
motif_99e8c843de8d882e,fixed_eligible_dyad_edge_count,94,18,0.417,0.6492553677348614,0.0,2.0,27.081793811492105,0.000999000999000999
motif_a1ae62206b8ba733,fixed_eligible_dyad_edge_count,94,18,0.406,0.6095371486099382,0.0,2.0,28.86452456609654,0.000999000999000999
motif_e3de499b71f201eb,fixed_eligible_dyad_edge_count,94,18,0.425,0.6578813022178177,0.0,2.0,26.71454552782091,0.000999000999000999
motif_fb2720f36e825503,fixed_eligible_dyad_edge_count,94,18,0.393,0.6426227228817567,0.0,2.0,27.398657677468567,0.000999000999000999
motif_fcb2309a55e1c264,fixed_eligible_dyad_edge_count,94,18,0.386,0.6061116822594462,0.0,2.0,29.060650892487377,0.000999000999000999
motif_2df1fc468997b780,fixed_eligible_dyad_edge_count,94,18,0.107,0.31883013134371707,0.0,1.0,56.120793616931785,0.000999000999000999
motif_3e45758c870619f1,fixed_eligible_dyad_edge_count,94,18,0.109,0.32745415896920244,0.0,1.0,54.63665526899805,0.000999000999000999
motif_4ab9c1124d55c11e,fixed_eligible_dyad_edge_count,94,18,0.103,0.3201460502544029,0.0,1.0,55.90261065466281,0.000999000999000999
motif_4d8abc0d6f5be753,fixed_eligible_dyad_edge_count,94,18,0.12,0.33721464042018034,0.0,1.0,53.02260891674496,0.000999000999000999
motif_5356ddb63baeb1a0,fixed_eligible_dyad_edge_count,94,18,0.117,0.36254991717340396,0.0,1.0,49.32562152937065,0.000999000999000999
motif_5b005ebf29769484,fixed_eligible_dyad_edge_count,94,18,0.101,0.31448036170466553,0.0,1.0,56.916113626227926,0.000999000999000999
motif_8b2b32ac1e312975,fixed_eligible_dyad_edge_count,94,18,0.106,0.32995889573228787,0.0,1.0,54.23099734979806,0.000999000999000999
motif_8d40f48fcb3125a8,fixed_eligible_dyad_edge_count,94,18,0.101,0.3207832631262116,0.0,1.0,55.797798880042166,0.000999000999000999
motif_942eea161cd3e9b4,fixed_eligible_dyad_edge_count,94,18,0.096,0.2947386484173225,0.0,1.0,60.74534200431564,0.000999000999000999
motif_9c0f066e204e2ae7,fixed_eligible_dyad_edge_count,94,18,0.102,0.3189007646552384,0.0,1.0,56.12404228428054,0.000999000999000999
motif_b290b84d8c29a912,fixed_eligible_dyad_edge_count,94,18,0.111,0.32982993767665775,0.0,1.0,54.23704144630172,0.000999000999000999
motif_b3ca1057bdd993aa,fixed_eligible_dyad_edge_count,94,18,0.11,0.3255856354417478,0.0,1.0,54.94714155840205,0.000999000999000999
motif_ca4ca54bdbc7af3a,fixed_eligible_dyad_edge_count,94,18,0.129,0.3721525191336194,0.0,1.0,48.020634232448955,0.000999000999000999
motif_e1f9610d351f3b68,fixed_eligible_dyad_edge_count,94,18,0.102,0.32511798120328617,0.0,1.0,55.05078474515052,0.000999000999000999
motif_e7f8a2637fff03ac,fixed_eligible_dyad_edge_count,94,18,0.117,0.33678542786828536,0.0,1.0,53.09909075696092,0.000999000999000999
motif_f8ae3e548d565a34,fixed_eligible_dyad_edge_count,94,18,0.111,0.32678094464914265,0.0,1.0,54.743094090773916,0.000999000999000999
motif_2b09bdd59d8c5fd2,fixed_eligible_dyad_edge_count,94,18,0.027,0.16216441439877338,0.0,1.0,110.83196067790288,0.000999000999000999
motif_6a76264f1b8e1022,fixed_eligible_dyad_edge_count,94,18,0.03,0.1706725787264304,0.0,1.0,105.28932142522997,0.000999000999000999
motif_78b018ef1263d23e,fixed_eligible_dyad_edge_count,94,18,0.04,0.19605723255835003,0.0,1.0,91.6059038763326,0.000999000999000999
motif_8e098a528736afc1,fixed_eligible_dyad_edge_count,94,18,0.034,0.1813198193162506,0.0,1.0,99.08459024363155,0.000999000999000999
motif_aea54dd1d68d6aa1,fixed_eligible_dyad_edge_count,94,18,0.036,0.1968317625352768,0.0,1.0,91.26575796820615,0.000999000999000999
motif_cec4c5befdad2280,fixed_eligible_dyad_edge_count,94,18,0.03,0.17067257872643088,0.0,1.0,105.28932142522969,0.000999000999000999
motif_e33f6b854d961970,fixed_eligible_dyad_edge_count,94,18,0.041,0.20823631374561352,0.0,1.0,86.2433630185134,0.000999000999000999
motif_fc46176829791ba1,fixed_eligible_dyad_edge_count,94,18,0.036,0.18638331132035083,0.0,1.0,96.38201978890663,0.000999000999000999
motif_47dad5662122fb76,fixed_eligible_dyad_edge_count,94,18,0.008,0.08912880535463265,0.0,0.0,201.86515378964216,0.000999000999000999
motif_8be70ed3d03cf36b,fixed_eligible_dyad_edge_count,94,17,6.007,2.2467752444334526,2.0,11.0,4.892790245591298,0.000999000999000999
motif_14e98797f2dd5952,fixed_eligible_dyad_edge_count,94,17,1.587,1.249797180742935,0.0,4.0,12.33240099872671,0.000999000999000999
motif_f2e9ca5ad6516eb7,fixed_eligible_dyad_edge_count,94,17,1.55,1.1852868449893932,0.0,4.0,13.03481943236977,0.000999000999000999
motif_0d549577edd9b883,fixed_eligible_dyad_edge_count,94,17,0.412,0.6455018765833845,0.0,2.0,25.697833889809303,0.000999000999000999
motif_51fdda337b0e40f4,fixed_eligible_dyad_edge_count,94,17,0.415,0.6238302366543064,0.0,2.0,26.58575847324715,0.000999000999000999
motif_52a0b2f4bbb23b94,fixed_eligible_dyad_edge_count,94,17,0.423,0.6637104123874393,0.0,2.0,24.976254237703927,0.000999000999000999
motif_6d42bdbb4a71b8b3,fixed_eligible_dyad_edge_count,94,17,0.386,0.6382878750308651,0.0,2.0,26.029007678074116,0.000999000999000999
motif_802a6c2d5883a39a,fixed_eligible_dyad_edge_count,94,17,0.41,0.6374216079694042,0.0,2.0,26.02672986384909,0.000999000999000999
motif_8532d57fe6419cdc,fixed_eligible_dyad_edge_count,94,17,0.385,0.6173784545610238,0.0,2.0,26.912179842449806,0.000999000999000999
motif_8ed81f4f7e46fc33,fixed_eligible_dyad_edge_count,94,17,0.412,0.6361294370335806,0.0,2.0,26.07645399551654,0.000999000999000999
motif_96ecd619dc3c46a8,fixed_eligible_dyad_edge_count,94,17,0.403,0.6363929572174735,0.0,2.0,26.07979835692672,0.000999000999000999
motif_9fd780027a6921f4,fixed_eligible_dyad_edge_count,94,17,0.401,0.624971671029647,0.0,2.0,26.559603849968084,0.000999000999000999
motif_c2fd866a78a4d483,fixed_eligible_dyad_edge_count,94,17,0.438,0.6469733955693843,0.0,2.0,25.599197916668924,0.000999000999000999
motif_ceb401621b1b58f4,fixed_eligible_dyad_edge_count,94,17,0.381,0.6100911499204069,0.0,2.0,27.24019189946966,0.000999000999000999
motif_d676c57c1d944424,fixed_eligible_dyad_edge_count,94,17,0.399,0.6451474368043414,0.0,2.0,25.73210254423549,0.000999000999000999
motif_e9a1ec2826e19932,fixed_eligible_dyad_edge_count,94,17,0.398,0.6371828638640612,0.0,2.0,26.0553146381255,0.000999000999000999
motif_0c99da1e241f58ee,fixed_eligible_dyad_edge_count,94,17,0.103,0.32325763022007153,0.0,1.0,52.2710012707098,0.000999000999000999
motif_2864047416dce450,fixed_eligible_dyad_edge_count,94,17,0.112,0.33700084505765215,0.0,1.0,50.112633982003516,0.000999000999000999
motif_7441d69f4a3677ba,fixed_eligible_dyad_edge_count,94,17,0.081,0.28020977412916465,0.0,1.0,60.37976388432857,0.000999000999000999
motif_8233cd6d0c428f2e,fixed_eligible_dyad_edge_count,94,17,0.103,0.32014605025440307,0.0,1.0,52.77903627601481,0.000999000999000999
motif_982005d603aa54fa,fixed_eligible_dyad_edge_count,94,17,0.103,0.3170039297729487,0.0,1.0,53.30217834240202,0.000999000999000999
motif_a08abd313dd26450,fixed_eligible_dyad_edge_count,94,17,0.112,0.34867976364793496,0.0,1.0,48.43412712947679,0.000999000999000999
motif_ae603c09fa29e0bd,fixed_eligible_dyad_edge_count,94,17,0.104,0.3305953618750495,0.0,1.0,51.10779505244827,0.000999000999000999
motif_c8a09e1397dea443,fixed_eligible_dyad_edge_count,94,17,0.1,0.30999370331685355,0.0,1.0,54.51723637988227,0.000999000999000999
motif_fed0cf2b822c7988,fixed_eligible_dyad_edge_count,94,17,0.102,0.30934073720040584,0.0,1.0,54.62584770738637,0.000999000999000999
motif_19953f2a0ebbb76b,fixed_eligible_dyad_edge_count,94,17,0.028,0.16505527329728964,0.0,1.0,102.82616035799626,0.000999000999000999
motif_19a8c435e078d3bf,fixed_eligible_dyad_edge_count,94,17,0.03,0.17067257872643113,0.0,1.0,99.4301493926625,0.000999000999000999
motif_7559da31aa7a931b,fixed_eligible_dyad_edge_count,94,17,0.035,0.1838717183495319,0.0,1.0,92.26541282303293,0.000999000999000999
motif_808c9822c2d6cf39,fixed_eligible_dyad_edge_count,94,17,0.035,0.1838717183495316,0.0,1.0,92.26541282303309,0.000999000999000999
motif_9b5b464292c18af7,fixed_eligible_dyad_edge_count,94,17,0.037,0.188856206322871,0.0,1.0,89.81965872490225,0.000999000999000999
motif_b3476efa1e6cab24,fixed_eligible_dyad_edge_count,94,17,0.026,0.15921478998305694,0.0,1.0,106.6106986782215,0.000999000999000999
motif_8ff5ace76cfeeabc,fixed_eligible_dyad_edge_count,94,17,0.01,0.0995485304256665,0.0,0.0,170.67052549496486,0.000999000999000999
motif_b97df8977fb14b28,fixed_eligible_dyad_edge_count,94,17,0.01,0.09954853042566593,0.0,0.0,170.67052549496583,0.000999000999000999
motif_c5044c45d3fbede6,fixed_eligible_dyad_edge_count,94,17,0.008,0.08912880535463268,0.0,0.0,190.64543648252547,0.000999000999000999
motif_e837885bb041745f,fixed_eligible_dyad_edge_count,94,17,0.013,0.11333068359382444,0.0,0.0,149.88879852592407,0.000999000999000999
motif_f5e0254eb233c8b3,fixed_eligible_dyad_edge_count,94,17,0.002,0.0446989708829853,0.0,0.0,380.2772114037709,0.000999000999000999
motif_1b70672a0200c360,fixed_eligible_dyad_edge_count,94,16,6.079,2.363968558874538,2.0,11.0,4.196756324341001,0.000999000999000999
motif_3f700015cc320b9f,fixed_eligible_dyad_edge_count,94,16,6.058,2.31819110730977,2.0,11.0,4.288688697256526,0.000999000999000999
motif_a8d23c336bd382f7,fixed_eligible_dyad_edge_count,94,16,5.974,2.38390583014661,2.0,11.0,4.205703041291443,0.001998001998001998
motif_b34b1515d11dff2d,fixed_eligible_dyad_edge_count,94,16,6.03,2.411413468261906,2.0,11.0,4.134504568055745,0.000999000999000999
motif_4b05d4f2b5167865,fixed_eligible_dyad_edge_count,94,16,1.576,1.2513152239902547,0.0,4.0,11.52707145526772,0.000999000999000999
motif_6ae867c41be1530a,fixed_eligible_dyad_edge_count,94,16,1.641,1.2742616461083458,0.0,5.0,11.268486377074169,0.000999000999000999
motif_86d38c7c09294daf,fixed_eligible_dyad_edge_count,94,16,1.509,1.232655036268631,0.0,4.0,11.755924872432836,0.000999000999000999
motif_93fb0cdad507103e,fixed_eligible_dyad_edge_count,94,16,1.532,1.165476011908581,0.0,4.0,12.41381191218791,0.000999000999000999
motif_b0a4fb709e4b902d,fixed_eligible_dyad_edge_count,94,16,1.564,1.255181054461657,0.0,4.024999999999977,11.501129616867546,0.000999000999000999
motif_e914423a10596f14,fixed_eligible_dyad_edge_count,94,16,1.51,1.2130009774816164,0.0,4.0,11.945579821447096,0.000999000999000999
motif_119901c82bb32e02,fixed_eligible_dyad_edge_count,94,16,0.449,0.6586598764406636,0.0,2.0,23.610061211009466,0.000999000999000999
motif_2cc5efe0d3208595,fixed_eligible_dyad_edge_count,94,16,0.409,0.6083494794023342,0.0,2.0,25.628360881178356,0.000999000999000999
motif_2f7f130e801e1694,fixed_eligible_dyad_edge_count,94,16,0.41,0.6665915873639111,0.0,2.0,23.387633890868443,0.000999000999000999
motif_361d94e8355254fb,fixed_eligible_dyad_edge_count,94,16,0.447,0.66153505472396,0.0,2.0,23.510469912270683,0.000999000999000999
motif_61888c130d5d9ef6,fixed_eligible_dyad_edge_count,94,16,0.408,0.6402702132271565,0.0,2.0,24.352218294540958,0.000999000999000999
motif_663ebbcf311ad7ef,fixed_eligible_dyad_edge_count,94,16,0.415,0.6286256200396023,0.0,2.0,24.79218075619981,0.000999000999000999
motif_6dcdb3a82ba650fc,fixed_eligible_dyad_edge_count,94,16,0.409,0.6419744006820938,0.0,2.0,24.28601511747923,0.000999000999000999
motif_a331fbe8eb8c5bf3,fixed_eligible_dyad_edge_count,94,16,0.373,0.6068271905899099,0.0,2.0,25.751977238872,0.000999000999000999
motif_a37d25618713175a,fixed_eligible_dyad_edge_count,94,16,0.38,0.6403202402001801,0.0,2.0,24.39404382269222,0.000999000999000999
motif_cf9c9230b4395826,fixed_eligible_dyad_edge_count,94,16,0.421,0.6482122948380227,0.0,2.0,24.033792823835483,0.000999000999000999
motif_d2d3941dc3dcdda6,fixed_eligible_dyad_edge_count,94,16,0.416,0.6628600028538268,0.0,2.0,23.510243389110574,0.000999000999000999
motif_ed7fd1b0d342bae0,fixed_eligible_dyad_edge_count,94,16,0.413,0.6331128112997172,0.0,2.0,24.619625004904655,0.000999000999000999
motif_74fdcb73cf700601,fixed_eligible_dyad_edge_count,94,16,0.099,0.3182770810163681,0.0,1.0,49.959613646143296,0.000999000999000999
motif_79f2bdd8ef302047,fixed_eligible_dyad_edge_count,94,16,0.108,0.32930904093942565,0.0,1.0,48.25862039701253,0.000999000999000999
motif_92891644fc009b21,fixed_eligible_dyad_edge_count,94,16,0.104,0.32138339609769684,0.0,1.0,49.4611737663255,0.000999000999000999
motif_979bfd561a32d6ec,fixed_eligible_dyad_edge_count,94,16,0.125,0.3542604980808621,0.0,1.0,44.81165720140899,0.000999000999000999
motif_a0be1267abde7bff,fixed_eligible_dyad_edge_count,94,16,0.082,0.28523211137134824,0.0,1.0,55.807180767512186,0.000999000999000999
motif_b604acdcd89ca6ad,fixed_eligible_dyad_edge_count,94,16,0.121,0.3412850355281838,0.0,1.0,46.527091278482644,0.000999000999000999
motif_c276fb95f931537d,fixed_eligible_dyad_edge_count,94,16,0.106,0.32072864990029293,0.0,1.0,49.55590966052167,0.000999000999000999
motif_df6253b66cf8092b,fixed_eligible_dyad_edge_count,94,16,0.112,0.32180671148930523,0.0,1.0,49.37125122863702,0.000999000999000999
motif_6a53ac480546d15f,fixed_eligible_dyad_edge_count,94,16,0.032,0.18168381603491676,0.0,1.0,87.88895097255775,0.000999000999000999
motif_732d88786176d94a,fixed_eligible_dyad_edge_count,94,16,0.027,0.16216441439877338,0.0,1.0,98.49879863729721,0.000999000999000999
motif_e72f4a6e150dd905,fixed_eligible_dyad_edge_count,94,16,0.02,0.1400700525437889,0.0,0.0,114.0857714392897,0.000999000999000999
motif_f1854ccfa9a70eef,fixed_eligible_dyad_edge_count,94,16,0.028,0.16505527329728922,0.0,1.0,96.76758385799671,0.000999000999000999
motif_dc489e744aae719a,fixed_eligible_dyad_edge_count,94,16,0.009,0.09448771310560841,0.0,0.0,169.23893567121203,0.000999000999000999
motif_a43b28fd352c3ebd,fixed_eligible_dyad_edge_count,94,15,6.198,2.3499613440051097,2.0,11.0,3.7455935275081957,0.004995004995004995
motif_c89ddfa6cc6aab27,fixed_eligible_dyad_edge_count,94,15,6.001,2.3585083340029924,2.0,11.0,3.815547255127308,0.001998001998001998
motif_d877fb80cd3afbbc,fixed_eligible_dyad_edge_count,94,15,6.053,2.4120549349069544,1.0,11.0,3.709285336133993,0.000999000999000999
motif_719ac8b104bb9f5a,fixed_eligible_dyad_edge_count,94,15,1.553,1.2452878148210207,0.0,4.0,10.798306897375907,0.000999000999000999
motif_85dc8a2a69a366ed,fixed_eligible_dyad_edge_count,94,15,1.578,1.2121820760040067,0.0,4.0,11.072594015121897,0.000999000999000999
motif_1e62e7ab2de42a0c,fixed_eligible_dyad_edge_count,94,15,0.399,0.6198251230655141,0.0,2.0,23.556644377024885,0.000999000999000999
motif_30eac748c9b6b6ad,fixed_eligible_dyad_edge_count,94,15,0.428,0.6349954481877926,0.0,2.0,22.9481959935097,0.000999000999000999
motif_55659ce9ca8581e0,fixed_eligible_dyad_edge_count,94,15,0.376,0.5890424186516372,0.0,2.0,24.826734946314133,0.000999000999000999
motif_7923ef18841b1d60,fixed_eligible_dyad_edge_count,94,15,0.427,0.6411568311123882,0.0,2.0,22.72922831488245,0.000999000999000999
motif_99a961c31f3cb611,fixed_eligible_dyad_edge_count,94,15,0.433,0.6752532613523419,0.0,2.0,21.572646640501087,0.000999000999000999
motif_bbce14c7c6af7723,fixed_eligible_dyad_edge_count,94,15,0.42,0.6434392077065373,0.0,2.0,22.65948332860952,0.000999000999000999
motif_bd3e0e800b3d3ab6,fixed_eligible_dyad_edge_count,94,15,0.409,0.6619344054792439,0.0,2.0,22.04296963448522,0.000999000999000999
motif_fd53f703a15f6171,fixed_eligible_dyad_edge_count,94,15,0.389,0.6016984635521663,0.0,2.0,24.282927221956005,0.000999000999000999
motif_29492fa27ecc5e4c,fixed_eligible_dyad_edge_count,94,15,0.119,0.34779298434551703,0.0,1.0,42.786947034033275,0.000999000999000999
motif_59930048cf08ed8a,fixed_eligible_dyad_edge_count,94,14,6.14,2.383711828657584,2.0,11.0,3.2973784437804525,0.003996003996003996
motif_6c46ddfa2e3e805e,fixed_eligible_dyad_edge_count,94,14,6.177,2.466526860740576,2.0,11.024999999999977,3.171666250434078,0.004995004995004995
motif_85885a371198be0a,fixed_eligible_dyad_edge_count,94,14,6.04,2.309054293803359,2.0,11.0,3.4472987583538734,0.003996003996003996
motif_cd9096506642a0a4,fixed_eligible_dyad_edge_count,94,14,6.191,2.3849962698518428,2.0,11.0,3.2742189573676352,0.005994005994005994
motif_f1a82655213bd83e,fixed_eligible_dyad_edge_count,94,14,6.116,2.3319481087669867,2.0,11.0,3.380864252664975,0.002997002997002997
motif_57be78ca59a7740b,fixed_eligible_dyad_edge_count,94,14,1.557,1.2117009611365486,0.0,4.0,10.269035347078328,0.000999000999000999
motif_ab6254b20120b056,fixed_eligible_dyad_edge_count,94,14,1.567,1.2810746083472793,0.0,5.0,9.705133423915001,0.000999000999000999
motif_03ca9491450a65fe,fixed_eligible_dyad_edge_count,94,14,1.539,1.2115886046620499,0.0,4.0,10.284844172396095,0.000999000999000999
motif_102c6e9d78ee3ec7,fixed_eligible_dyad_edge_count,94,14,1.583,1.1808918263352952,0.0,4.0,10.51493432597813,0.000999000999000999
motif_1f6e0e453ce3f0b3,fixed_eligible_dyad_edge_count,94,14,1.581,1.2251285401703582,0.0,4.0,10.136895511611456,0.000999000999000999
motif_20e58aec07c10b6e,fixed_eligible_dyad_edge_count,94,14,1.567,1.2446124135890848,0.0,4.0,9.989455242654214,0.000999000999000999
motif_2c3a7d57f6c65cf3,fixed_eligible_dyad_edge_count,94,14,1.53,1.2388037110997971,0.0,4.0,10.066162934666432,0.000999000999000999
motif_44f58845fafd1f04,fixed_eligible_dyad_edge_count,94,14,1.589,1.2448408045322974,0.0,4.0,9.969949534762376,0.000999000999000999
motif_56117d7bc6505b15,fixed_eligible_dyad_edge_count,94,14,1.568,1.2242854548163475,0.0,4.0,10.154494567498475,0.000999000999000999
motif_5a11e3588343dd34,fixed_eligible_dyad_edge_count,94,14,1.583,1.2444515497437674,0.0,4.0,9.977889458658845,0.000999000999000999
motif_638b01422add1be9,fixed_eligible_dyad_edge_count,94,14,1.568,1.2234675610218961,0.0,4.0,10.161282894673747,0.000999000999000999
motif_6d0715d010496bbd,fixed_eligible_dyad_edge_count,94,14,1.609,1.2392153382905862,0.0,4.0,9.999069263532961,0.000999000999000999
motif_7bb0995b40596203,fixed_eligible_dyad_edge_count,94,14,1.582,1.2517359317535068,0.0,4.0,9.920622780720306,0.000999000999000999
motif_941283ca50a50542,fixed_eligible_dyad_edge_count,94,14,1.525,1.2160813516594395,0.0,4.0,10.258359757738964,0.000999000999000999
motif_9661aa1993d88851,fixed_eligible_dyad_edge_count,94,14,1.544,1.1989585069974273,0.0,4.0,10.389016740198771,0.000999000999000999
motif_a84108f15ce496ab,fixed_eligible_dyad_edge_count,94,14,1.521,1.1853117581311532,0.0,4.0,10.52803189911427,0.000999000999000999
motif_be16fa98f74de416,fixed_eligible_dyad_edge_count,94,14,1.562,1.2335630010979004,0.0,4.0,10.082987240157077,0.000999000999000999
motif_daaa1c17175d12b5,fixed_eligible_dyad_edge_count,94,14,1.59,1.224499652674268,0.0,4.0,10.13475175178446,0.000999000999000999
motif_df714eee2f850410,fixed_eligible_dyad_edge_count,94,14,1.612,1.2605733001476125,0.0,4.024999999999977,9.827274620642347,0.000999000999000999
motif_f861045217cafed5,fixed_eligible_dyad_edge_count,94,14,1.605,1.2084847683919897,0.0,4.0,10.256645614568061,0.000999000999000999
motif_302ce535f63e4a71,fixed_eligible_dyad_edge_count,94,14,0.377,0.6043477775554731,0.0,2.0,22.541656486441774,0.000999000999000999
motif_30fd9f48f03f7c74,fixed_eligible_dyad_edge_count,94,14,0.4,0.6264123181997617,0.0,2.0,21.710939591808895,0.000999000999000999
motif_32ad1c23f2ae591a,fixed_eligible_dyad_edge_count,94,14,0.426,0.6316034538560714,0.0,2.0,21.491332761288568,0.000999000999000999
motif_8b97c1bed618017d,fixed_eligible_dyad_edge_count,94,14,0.411,0.6184346864960498,0.0,2.0,21.97321770063232,0.000999000999000999
motif_f4ce7d24158f3adb,fixed_eligible_dyad_edge_count,94,14,0.415,0.6333846984070431,0.0,2.0,21.44826048713547,0.000999000999000999
motif_f8ba0793a21c1310,fixed_eligible_dyad_edge_count,94,14,0.408,0.6355626955225903,0.0,2.0,21.385773733658176,0.000999000999000999
motif_6e730615c688e1f6,fixed_eligible_dyad_edge_count,94,14,0.115,0.3284552981501208,0.0,1.0,42.27363686383237,0.000999000999000999
motif_0736999767f979b8,fixed_eligible_dyad_edge_count,94,14,0.409,0.6357067902131655,0.0,2.0,21.37935320062046,0.000999000999000999
motif_0a54b8cc99574e71,fixed_eligible_dyad_edge_count,94,14,0.397,0.6146289683774793,0.0,2.0,22.132051530063272,0.000999000999000999
motif_0db918ee954bf825,fixed_eligible_dyad_edge_count,94,14,0.406,0.6128128095426353,0.0,2.0,22.18295666852281,0.000999000999000999
motif_409458ebc84003c3,fixed_eligible_dyad_edge_count,94,14,0.387,0.5963108137427849,0.0,2.0,22.828698870236966,0.000999000999000999
motif_4bf17d16162319a7,fixed_eligible_dyad_edge_count,94,14,0.411,0.6375621424500454,0.0,2.0,21.314000777680636,0.000999000999000999
motif_4f96fec7de252336,fixed_eligible_dyad_edge_count,94,14,0.436,0.6529397601083355,0.0,2.0,20.773738756159474,0.000999000999000999
motif_796bc0904ca42936,fixed_eligible_dyad_edge_count,94,14,0.414,0.6442196977887431,0.0,2.0,21.089078844737863,0.000999000999000999
motif_860e111160559f4a,fixed_eligible_dyad_edge_count,94,14,0.415,0.6333846984070433,0.0,2.0,21.448260487135467,0.000999000999000999
motif_99183ecf8ee38281,fixed_eligible_dyad_edge_count,94,14,0.395,0.6027755289810104,0.0,2.0,22.570591117060108,0.000999000999000999
motif_9e365847eeb5773b,fixed_eligible_dyad_edge_count,94,14,0.401,0.6454576791824667,0.0,2.0,21.06877094904878,0.000999000999000999
motif_9ffcf9a61af78c23,fixed_eligible_dyad_edge_count,94,14,0.415,0.65053685383551,0.0,2.0,20.882752329716595,0.000999000999000999
motif_a5066e794d4e1251,fixed_eligible_dyad_edge_count,94,14,0.424,0.6531850049187067,0.0,2.0,20.784310567095194,0.000999000999000999
motif_b19a02a5331c56cc,fixed_eligible_dyad_edge_count,94,14,0.415,0.6474520786855192,0.0,2.0,20.982247871658334,0.000999000999000999
motif_d664828ab1d1af28,fixed_eligible_dyad_edge_count,94,14,0.387,0.607947860100351,0.0,2.0,22.39172286543285,0.000999000999000999
motif_e443575d63a2a94c,fixed_eligible_dyad_edge_count,94,14,0.38,0.6180469092083446,0.0,2.0,22.037162223569467,0.000999000999000999
motif_e4e4f0c2ae14f178,fixed_eligible_dyad_edge_count,94,14,0.39,0.6199066738504153,0.0,2.0,21.95491769021367,0.000999000999000999
motif_eff93837e7c7eb57,fixed_eligible_dyad_edge_count,94,14,0.428,0.6474837721790643,0.0,2.0,20.961143094481457,0.000999000999000999
motif_f1f9f857e53462dc,fixed_eligible_dyad_edge_count,94,14,0.406,0.6257440016137229,0.0,2.0,21.724539052619942,0.000999000999000999
motif_0844c6f2655498c6,fixed_eligible_dyad_edge_count,94,14,0.103,0.3073849142125983,0.0,1.0,45.21041650856146,0.000999000999000999
motif_21ec8f8c9d580077,fixed_eligible_dyad_edge_count,94,14,0.118,0.331943046600148,0.0,1.0,41.820427155149844,0.000999000999000999
motif_28de9d82bd181d49,fixed_eligible_dyad_edge_count,94,14,0.1,0.31638599858416855,0.0,1.0,43.933676149395616,0.000999000999000999
motif_31a48e12b639f442,fixed_eligible_dyad_edge_count,94,14,0.112,0.3340173162690367,0.0,1.0,41.578682671690615,0.000999000999000999
motif_65ff610866fe59e4,fixed_eligible_dyad_edge_count,94,14,0.117,0.3426783162507195,0.0,1.0,40.51321411840528,0.000999000999000999
motif_814b502b446fbc42,fixed_eligible_dyad_edge_count,94,14,0.118,0.3580561467203236,0.0,1.0,38.7704557711257,0.000999000999000999
motif_9291f5dec38604a8,fixed_eligible_dyad_edge_count,94,14,0.117,0.3426783162507194,0.0,1.0,40.513214118405294,0.000999000999000999
motif_a79f126286cb40ad,fixed_eligible_dyad_edge_count,94,14,0.098,0.30411920111773216,0.0,1.0,45.71233894113179,0.000999000999000999
motif_bba5ef19a6743b98,fixed_eligible_dyad_edge_count,94,14,0.11,0.33167756935013076,0.0,1.0,41.878020353366786,0.000999000999000999
motif_bee86fa03871dbfd,fixed_eligible_dyad_edge_count,94,14,0.088,0.29384067509850237,0.0,1.0,47.34538537027377,0.000999000999000999
motif_d53e2a3c15630bbd,fixed_eligible_dyad_edge_count,94,14,0.1,0.31953419551294276,0.0,1.0,43.500821493256986,0.000999000999000999
motif_e0f4385c101dd6e6,fixed_eligible_dyad_edge_count,94,14,0.1,0.3132061590998797,0.0,1.0,44.37971475384482,0.000999000999000999
motif_f2661d2b5855f782,fixed_eligible_dyad_edge_count,94,14,0.101,0.33001198146113647,0.0,1.0,42.11665266958436,0.000999000999000999
motif_f9442f72604ce930,fixed_eligible_dyad_edge_count,94,14,0.1,0.30674760650100513,0.0,1.0,45.31412700673984,0.000999000999000999
motif_fb6b569578a347eb,fixed_eligible_dyad_edge_count,94,14,0.117,0.34847156617496367,0.0,1.0,39.83969238118412,0.000999000999000999
motif_5677d361d746bb2f,fixed_eligible_dyad_edge_count,94,14,0.039,0.1936918080779771,0.0,1.0,72.07842261650805,0.000999000999000999
motif_5e93359d0e369559,fixed_eligible_dyad_edge_count,94,14,0.029,0.16789040230813632,0.0,1.0,83.2150010240516,0.000999000999000999
motif_a9597247d36af917,fixed_eligible_dyad_edge_count,94,14,0.023,0.14997831007680296,0.0,0.0,93.1934757288735,0.000999000999000999
motif_55204e66349552de,fixed_eligible_dyad_edge_count,94,13,6.024,2.2624196212335446,2.0,11.0,3.0834244604882177,0.004995004995004995
motif_09cbb4fdf9ec0935,fixed_eligible_dyad_edge_count,94,13,1.528,1.2094125345301687,0.0,4.0,9.48559707499363,0.000999000999000999
motif_5373d5c77d75d134,fixed_eligible_dyad_edge_count,94,13,1.605,1.2800834400981913,0.0,4.0,8.901763465611213,0.000999000999000999
motif_5726b96f5e04302f,fixed_eligible_dyad_edge_count,94,13,1.557,1.1773432537442738,0.0,4.0,9.719340526739442,0.000999000999000999
motif_61dbbbd9a68fd124,fixed_eligible_dyad_edge_count,94,13,1.621,1.287251341431041,0.0,4.0,8.839765501700649,0.000999000999000999
motif_974f3af55abda56b,fixed_eligible_dyad_edge_count,94,13,1.54,1.2360938184166805,0.0,4.0,9.271140935466516,0.000999000999000999
motif_a30e4d93bac8c72d,fixed_eligible_dyad_edge_count,94,13,1.575,1.2320279594607015,0.0,4.0,9.273328508714277,0.000999000999000999
motif_a6686b16eb16c8f5,fixed_eligible_dyad_edge_count,94,13,1.539,1.2206428507016105,0.0,4.0,9.389314813429955,0.000999000999000999
motif_b8b9a74d34ecbd56,fixed_eligible_dyad_edge_count,94,13,1.527,1.1936061727788179,0.0,4.0,9.612048145905504,0.000999000999000999
motif_c91ab3029e8c5019,fixed_eligible_dyad_edge_count,94,13,1.597,1.2353611282200494,0.0,4.0,9.230499276296506,0.000999000999000999
motif_e80f1384a255b464,fixed_eligible_dyad_edge_count,94,13,1.533,1.2199997538521865,0.0,4.0,9.399182224252584,0.000999000999000999
motif_eb965207c9151610,fixed_eligible_dyad_edge_count,94,13,1.586,1.204181902394337,0.0,4.0,9.478634396767594,0.000999000999000999
motif_35b25ff849cedddd,fixed_eligible_dyad_edge_count,94,13,0.419,0.6692435183749544,0.0,2.0,18.798837276076974,0.000999000999000999
motif_40f115386ad69003,fixed_eligible_dyad_edge_count,94,13,0.429,0.6366823103906368,0.0,2.0,19.74454102908412,0.000999000999000999
motif_64488d3121115cd6,fixed_eligible_dyad_edge_count,94,13,0.401,0.6470066596393101,0.0,2.0,19.472751651464645,0.000999000999000999
motif_9adc1169610fc2b6,fixed_eligible_dyad_edge_count,94,13,0.394,0.6505283907618381,0.0,2.0,19.378093529841227,0.000999000999000999
motif_a9c4bcb9b3dd8ec6,fixed_eligible_dyad_edge_count,94,13,0.401,0.6070976590035313,0.0,2.0,20.75283904187599,0.000999000999000999
motif_011a38a32de3b7dd,fixed_eligible_dyad_edge_count,94,13,0.389,0.6261557881798007,0.0,2.0,20.14035522479072,0.000999000999000999
motif_1abbe9e8641d1ec1,fixed_eligible_dyad_edge_count,94,13,0.399,0.6214379978607534,0.0,2.0,20.277163680653345,0.000999000999000999
motif_2438fa77cf88e1ce,fixed_eligible_dyad_edge_count,94,13,0.392,0.6170224604637286,0.0,2.0,20.433615966790494,0.000999000999000999
motif_28829b66a849d9fa,fixed_eligible_dyad_edge_count,94,13,0.425,0.6563579860151076,0.0,2.0,19.158752186966694,0.000999000999000999
motif_2ea327f21ddaaa54,fixed_eligible_dyad_edge_count,94,13,0.414,0.6220859996744761,0.0,2.0,20.231929357976192,0.000999000999000999
motif_3506c47e56bf068a,fixed_eligible_dyad_edge_count,94,13,0.406,0.6273416593512311,0.0,2.0,20.075185207729,0.000999000999000999
motif_4ae20a2381227a75,fixed_eligible_dyad_edge_count,94,13,0.41,0.6421154976422127,0.0,2.0,19.607064533139738,0.000999000999000999
motif_54242edadc447171,fixed_eligible_dyad_edge_count,94,13,0.369,0.589225072604846,0.0,2.0,21.436630223763018,0.000999000999000999
motif_56e99004e75a0653,fixed_eligible_dyad_edge_count,94,13,0.445,0.6688964212958638,0.0,2.0,18.7697221875952,0.000999000999000999
motif_5ad27ac7e27a06eb,fixed_eligible_dyad_edge_count,94,13,0.396,0.5996194989687555,0.0,2.0,21.019996884151958,0.000999000999000999
motif_5f4182e9115c8239,fixed_eligible_dyad_edge_count,94,13,0.4,0.6167498523553834,0.0,2.0,20.429676556678984,0.000999000999000999
motif_5ffcfcca1c5c912f,fixed_eligible_dyad_edge_count,94,13,0.413,0.6378384104440854,0.0,2.0,19.733838216542164,0.000999000999000999
motif_67064ea6781f33f6,fixed_eligible_dyad_edge_count,94,13,0.362,0.6093663326171889,0.0,2.0,20.739577038528875,0.000999000999000999
motif_6b9f4654fad9bc4b,fixed_eligible_dyad_edge_count,94,13,0.398,0.6082482765828195,0.0,2.0,20.71851328671065,0.000999000999000999
motif_6bb58696134f3153,fixed_eligible_dyad_edge_count,94,13,0.384,0.6073820156317696,0.0,2.0,20.771112208314964,0.000999000999000999
motif_6cd82b6d43c8255f,fixed_eligible_dyad_edge_count,94,13,0.416,0.6335182281081888,0.0,2.0,19.863674700534382,0.000999000999000999
motif_6f98dc882221bf18,fixed_eligible_dyad_edge_count,94,13,0.418,0.6555194167267011,0.0,2.0,19.19393946075236,0.000999000999000999
motif_70d5ba2e015f9d9a,fixed_eligible_dyad_edge_count,94,13,0.412,0.643949276473442,0.0,2.0,19.548123524476324,0.000999000999000999
motif_78cf643a53963302,fixed_eligible_dyad_edge_count,94,13,0.397,0.6194955809162582,0.0,2.0,20.34397078565059,0.000999000999000999
motif_81ef6862ac931678,fixed_eligible_dyad_edge_count,94,13,0.385,0.6108585336623763,0.0,2.0,20.651262616185953,0.000999000999000999
motif_8341e60317787269,fixed_eligible_dyad_edge_count,94,13,0.417,0.6368017874633465,0.0,2.0,19.759680716543627,0.000999000999000999
motif_8fe255b7c26b3dcd,fixed_eligible_dyad_edge_count,94,13,0.428,0.6582167190593413,0.0,2.0,19.100092167161396,0.000999000999000999
motif_9097e761cd3f6ab1,fixed_eligible_dyad_edge_count,94,13,0.403,0.6300698278667156,0.0,2.0,19.993022110979034,0.000999000999000999
motif_94968d108ca92c97,fixed_eligible_dyad_edge_count,94,13,0.411,0.6438116910195869,0.0,2.0,19.553854295598683,0.000999000999000999
motif_c933e865cb7dd1a6,fixed_eligible_dyad_edge_count,94,13,0.423,0.6545987316665784,0.0,2.0,19.213297233221844,0.000999000999000999
motif_d900cb8df07bc59b,fixed_eligible_dyad_edge_count,94,13,0.431,0.6337512450801537,0.0,2.0,19.832702653562972,0.000999000999000999
motif_d938e0d5596e37be,fixed_eligible_dyad_edge_count,94,13,0.41,0.6374216079694042,0.0,2.0,19.751448401799884,0.000999000999000999
motif_e08df7b45c1551f1,fixed_eligible_dyad_edge_count,94,13,0.417,0.6599595037171169,0.0,2.0,19.06632138658244,0.000999000999000999
motif_e802c45973b2f5f8,fixed_eligible_dyad_edge_count,94,13,0.393,0.6106749740442317,0.0,2.0,20.64436981346949,0.000999000999000999
motif_f2b672fed13e5bf2,fixed_eligible_dyad_edge_count,94,13,0.425,0.6170540946754649,0.0,2.0,20.37908849241772,0.000999000999000999
motif_fb2dbc03f16a2ede,fixed_eligible_dyad_edge_count,94,13,0.388,0.6064848092275905,0.0,2.0,20.79524467572806,0.000999000999000999
motif_fd95d1d34b39c965,fixed_eligible_dyad_edge_count,94,13,0.424,0.6485712332848603,0.0,2.0,19.39031420851882,0.000999000999000999
motif_111e68c3b12d536d,fixed_eligible_dyad_edge_count,94,13,0.102,0.3157462520691169,0.0,1.0,40.84925764115365,0.000999000999000999
motif_399d0fcc049fe0cf,fixed_eligible_dyad_edge_count,94,13,0.11,0.33167756935013043,0.0,1.0,38.86304408602581,0.000999000999000999
motif_5a73d6adb6f33a2c,fixed_eligible_dyad_edge_count,94,13,0.095,0.3131662067865428,0.0,1.0,41.20814992275388,0.000999000999000999
motif_671a452650e51d91,fixed_eligible_dyad_edge_count,94,13,0.114,0.3303227408355562,0.0,1.0,39.010332644384924,0.000999000999000999
motif_877c11f9632c41e7,fixed_eligible_dyad_edge_count,94,13,0.114,0.3363288823712858,0.0,1.0,38.313688402694694,0.000999000999000999
motif_94540e1941e9921b,fixed_eligible_dyad_edge_count,94,13,0.105,0.3163464478622687,0.0,1.0,40.76227214542406,0.000999000999000999
motif_96ff5708a621681b,fixed_eligible_dyad_edge_count,94,13,0.094,0.2953832277758036,0.0,1.0,43.69239275086965,0.000999000999000999
motif_985b69febfb21c6b,fixed_eligible_dyad_edge_count,94,13,0.097,0.30279148383447607,0.0,1.0,42.61348382920027,0.000999000999000999
motif_c4717a59730628ea,fixed_eligible_dyad_edge_count,94,13,0.091,0.291210926655924,0.0,1.0,44.328693803623786,0.000999000999000999
motif_c4f7f91aeda9000c,fixed_eligible_dyad_edge_count,94,13,0.105,0.3226128935412843,0.0,1.0,39.970504149580265,0.000999000999000999
motif_d33defb4252b2274,fixed_eligible_dyad_edge_count,94,13,0.116,0.34155623352628606,0.0,1.0,37.721460583469195,0.000999000999000999
motif_d7259ed8f7ca4c68,fixed_eligible_dyad_edge_count,94,13,0.099,0.3151163250266446,0.0,1.0,40.940436833633285,0.000999000999000999
motif_f43670ad6edbad99,fixed_eligible_dyad_edge_count,94,13,0.111,0.3205959790480567,0.0,1.0,40.20324908088745,0.000999000999000999
motif_f7a10d05ede59dd4,fixed_eligible_dyad_edge_count,94,13,0.096,0.3047570784688616,0.0,1.0,42.34192053825736,0.000999000999000999
motif_fb737fa52b36dbc3,fixed_eligible_dyad_edge_count,94,13,0.105,0.3257009073998428,0.0,1.0,39.59153845454169,0.000999000999000999
motif_73567f6e574b83af,fixed_eligible_dyad_edge_count,94,13,0.029,0.17375036457282456,0.0,1.0,74.65308076843444,0.000999000999000999
motif_94ad76abc9083824,fixed_eligible_dyad_edge_count,94,13,0.029,0.1678904023081359,0.0,1.0,77.2587343986097,0.000999000999000999
motif_dcb214ea95ad5257,fixed_eligible_dyad_edge_count,94,13,0.027,0.1621644143987736,0.0,1.0,79.9990555763886,0.000999000999000999
motif_4f4a2ec11badf8fa,fixed_eligible_dyad_edge_count,94,12,6.145,2.363379055623657,2.0,11.0,2.477385075435968,0.013986013986013986
motif_f93a60ce0c6db0e5,fixed_eligible_dyad_edge_count,94,12,6.05,2.3027815360565094,2.0,11.0,2.5838317299474776,0.013986013986013986
motif_3486d9dc955392fb,fixed_eligible_dyad_edge_count,94,12,1.561,1.2065383270890004,0.0,4.0,8.652025191098605,0.000999000999000999
motif_67eb1a300d203ccd,fixed_eligible_dyad_edge_count,94,12,1.588,1.2123224512173825,0.0,4.0,8.588474122164891,0.000999000999000999
motif_700ceff50fa0e0f9,fixed_eligible_dyad_edge_count,94,12,1.567,1.1911884527352998,0.0,4.0,8.758479798929322,0.000999000999000999
motif_7aae84218b572ff3,fixed_eligible_dyad_edge_count,94,12,1.62,1.2390057042383262,0.0,4.0,8.377685400876393,0.000999000999000999
motif_83b41e1e6cbf411c,fixed_eligible_dyad_edge_count,94,12,1.572,1.2042700138533113,0.0,4.0,8.659187624072326,0.000999000999000999
motif_993bc0c778627e70,fixed_eligible_dyad_edge_count,94,12,1.57,1.22988317031034,0.0,4.0,8.480480302343,0.000999000999000999
motif_a287e6f85d6bd649,fixed_eligible_dyad_edge_count,94,12,1.511,1.219576306085997,0.0,4.0,8.600527861731337,0.000999000999000999
motif_ba4eff2711177a58,fixed_eligible_dyad_edge_count,94,12,1.551,1.212794240532938,0.0,4.0,8.615641178678748,0.000999000999000999
motif_cdc12b332bc8e6d2,fixed_eligible_dyad_edge_count,94,12,1.485,1.2170687146814068,0.0,4.0,8.63961079038378,0.000999000999000999
motif_d60e8245c37bbbc2,fixed_eligible_dyad_edge_count,94,12,1.511,1.208030768787922,0.0,4.0,8.682725863451427,0.000999000999000999
motif_f6d6c91aa2b5d534,fixed_eligible_dyad_edge_count,94,12,1.569,1.2786218650851724,0.0,4.0,8.158002209124716,0.000999000999000999
motif_f7f792ca3e0c89df,fixed_eligible_dyad_edge_count,94,12,1.563,1.2261869900363982,0.0,4.0,8.51175235490811,0.000999000999000999
motif_5949382023fb3815,fixed_eligible_dyad_edge_count,94,12,0.409,0.6245871509318066,0.0,2.0,18.55785855137696,0.000999000999000999
motif_6c209fd68b7f3d1b,fixed_eligible_dyad_edge_count,94,12,0.419,0.6417560680280717,0.0,2.0,18.04579742515722,0.000999000999000999
motif_b3d1490119eed083,fixed_eligible_dyad_edge_count,94,12,0.381,0.6198574216892258,0.0,2.0,18.744633190542565,0.000999000999000999
motif_d01370274886edbe,fixed_eligible_dyad_edge_count,94,12,0.419,0.6556438582560422,0.0,2.0,17.663552939860505,0.000999000999000999
motif_d314ff3c65aefeb4,fixed_eligible_dyad_edge_count,94,12,0.388,0.6275745771219978,0.0,2.0,18.50298024061398,0.000999000999000999
motif_075a62250a611f95,fixed_eligible_dyad_edge_count,94,12,0.403,0.6220755404112779,0.0,2.0,18.642430455202884,0.000999000999000999
motif_07ea21b8d2ae766c,fixed_eligible_dyad_edge_count,94,12,0.402,0.6235260898990419,0.0,2.0,18.600665133158884,0.000999000999000999
motif_07edead3c08dfaa1,fixed_eligible_dyad_edge_count,94,12,0.418,0.649382551118912,0.0,2.0,17.835403769386403,0.000999000999000999
motif_0a0816f8dfe570fc,fixed_eligible_dyad_edge_count,94,12,0.421,0.6451164043606173,0.0,2.0,17.948698749144487,0.000999000999000999
motif_1265d32ef65996bc,fixed_eligible_dyad_edge_count,94,12,0.433,0.6371160937513057,0.0,2.0,18.155246921944975,0.000999000999000999
motif_16669a869ee67143,fixed_eligible_dyad_edge_count,94,12,0.434,0.6648955452445794,0.0,2.0,17.395213553048382,0.000999000999000999
motif_185605e36a84f308,fixed_eligible_dyad_edge_count,94,12,0.384,0.6073820156317694,0.0,2.0,19.12470191913338,0.000999000999000999
motif_24567fd6741ebd9f,fixed_eligible_dyad_edge_count,94,12,0.385,0.6026094407973865,0.0,2.0,19.27450719097724,0.000999000999000999
motif_346fc16ff129ec68,fixed_eligible_dyad_edge_count,94,12,0.427,0.634881149565862,0.0,2.0,18.22860862684887,0.000999000999000999
motif_36405468b2fb3ecd,fixed_eligible_dyad_edge_count,94,12,0.389,0.6542989432263382,0.0,2.0,17.745711070151412,0.000999000999000999
motif_3b9272125fc3266c,fixed_eligible_dyad_edge_count,94,12,0.394,0.6286168619748908,0.0,2.0,18.46275641340271,0.000999000999000999
motif_449409cef3e46d92,fixed_eligible_dyad_edge_count,94,12,0.419,0.6632336533069483,0.0,2.0,17.461417921506236,0.000999000999000999
motif_4bedbd6ce315a0c5,fixed_eligible_dyad_edge_count,94,12,0.437,0.6484222786513785,0.0,2.0,17.832514983984378,0.000999000999000999
motif_5175263f411cae4d,fixed_eligible_dyad_edge_count,94,12,0.426,0.6457096413566514,0.0,2.0,17.924465206501715,0.000999000999000999
motif_53c2683415d02e5d,fixed_eligible_dyad_edge_count,94,12,0.424,0.621780194771923,0.0,2.0,18.617511617986203,0.000999000999000999
motif_7308934d28594d69,fixed_eligible_dyad_edge_count,94,12,0.357,0.6015919820882927,0.0,2.0,19.35364889602404,0.000999000999000999
motif_7a78bd7f676cdabe,fixed_eligible_dyad_edge_count,94,12,0.433,0.63554300791915,0.0,2.0,18.200184497146548,0.000999000999000999
motif_89ef67de7813ade4,fixed_eligible_dyad_edge_count,94,12,0.357,0.5881299999973683,0.0,2.0,19.796643599292842,0.000999000999000999
motif_8edabf9e56c8ca96,fixed_eligible_dyad_edge_count,94,12,0.377,0.6060018467284087,0.0,2.0,19.179809538120217,0.000999000999000999
motif_95e573bcad752592,fixed_eligible_dyad_edge_count,94,12,0.398,0.6212744819980835,0.0,2.0,18.674515590414654,0.000999000999000999
motif_a9687a8848fb0f2e,fixed_eligible_dyad_edge_count,94,12,0.427,0.644271748632581,0.0,2.0,17.962917083610815,0.000999000999000999
motif_b53e30fbc74e37c1,fixed_eligible_dyad_edge_count,94,12,0.429,0.6583254456516067,0.0,2.0,17.576413119725444,0.000999000999000999
motif_d330b84d6906863b,fixed_eligible_dyad_edge_count,94,12,0.388,0.5981754038856971,0.0,2.0,19.412366213270264,0.000999000999000999
motif_db4c71d411ebe224,fixed_eligible_dyad_edge_count,94,12,0.355,0.5876396177252889,0.0,2.0,19.816567244184395,0.000999000999000999
motif_dc2cb89797a97a1c,fixed_eligible_dyad_edge_count,94,12,0.423,0.6453584178481616,0.0,2.0,17.938868820525418,0.000999000999000999
motif_e7323604ddaa339b,fixed_eligible_dyad_edge_count,94,12,0.388,0.6275745771219976,0.0,2.0,18.502980240613986,0.000999000999000999
motif_f2e7e98c27bd0e78,fixed_eligible_dyad_edge_count,94,12,0.43,0.6224849295264074,0.0,2.0,18.586795360335177,0.000999000999000999
motif_01162d9e7d5b62cc,fixed_eligible_dyad_edge_count,94,12,0.088,0.3038887104654428,0.0,1.0,39.19856049194889,0.000999000999000999
motif_05445f0f3eb6558e,fixed_eligible_dyad_edge_count,94,12,0.102,0.328182424428399,0.0,1.0,36.25422665678381,0.000999000999000999
motif_10aad42987f5da45,fixed_eligible_dyad_edge_count,94,12,0.093,0.3105598934947129,0.0,1.0,38.34043045935907,0.000999000999000999
motif_146ddcf21ba7a801,fixed_eligible_dyad_edge_count,94,12,0.11,0.3286457180734425,0.0,1.0,36.17877655519291,0.000999000999000999
motif_14d4d9eb49f2161d,fixed_eligible_dyad_edge_count,94,12,0.089,0.29182899815502306,0.0,1.0,40.814998082105376,0.000999000999000999
motif_449d3644c6ea8d4c,fixed_eligible_dyad_edge_count,94,12,0.13,0.3566892586373051,0.0,1.0,33.27826592072921,0.000999000999000999
motif_478d0b437679e4ca,fixed_eligible_dyad_edge_count,94,12,0.101,0.31128105611471873,0.0,1.0,38.22590474511488,0.000999000999000999
motif_7439cbf2d860187d,fixed_eligible_dyad_edge_count,94,12,0.098,0.31383832540735673,0.0,1.0,37.92398517469595,0.000999000999000999
motif_74d706ac8443e6f1,fixed_eligible_dyad_edge_count,94,12,0.115,0.33148889104295265,0.0,1.0,35.853388518108744,0.000999000999000999
motif_8ab1aa5b4c450ae7,fixed_eligible_dyad_edge_count,94,12,0.103,0.323257630220072,0.0,1.0,36.80346227837094,0.000999000999000999
motif_9673b0cc1bfdf98f,fixed_eligible_dyad_edge_count,94,12,0.1,0.322651676121642,0.0,1.0,36.881878758669814,0.000999000999000999
motif_98e069eddd5e23cc,fixed_eligible_dyad_edge_count,94,12,0.109,0.3212821536005751,0.0,1.0,37.011081588998394,0.000999000999000999
motif_9ea66bab216b3d0d,fixed_eligible_dyad_edge_count,94,12,0.094,0.30538051224211854,0.0,1.0,38.98742559761123,0.000999000999000999
motif_b7b0fe66e3f224e7,fixed_eligible_dyad_edge_count,94,12,0.11,0.33765961264861794,0.0,1.0,35.21297648461502,0.000999000999000999
motif_d9c145ebf5872fb1,fixed_eligible_dyad_edge_count,94,12,0.081,0.28726559404412233,0.0,1.0,41.49122013605747,0.000999000999000999
motif_e12342bc4456bfde,fixed_eligible_dyad_edge_count,94,12,0.104,0.3244831109461494,0.0,1.0,36.66138420983716,0.000999000999000999
motif_e1e71a8d16d9a721,fixed_eligible_dyad_edge_count,94,12,0.094,0.3053805122421181,0.0,1.0,38.987425597611285,0.000999000999000999
motif_ee30235ccc60a79e,fixed_eligible_dyad_edge_count,94,12,0.107,0.3188301313437173,0.0,1.0,37.301995109046516,0.000999000999000999
motif_f1e9c47cc481f02b,fixed_eligible_dyad_edge_count,94,12,0.132,0.35875437935265136,0.0,1.0,33.08112927127196,0.000999000999000999
motif_fb2d519fff8d4721,fixed_eligible_dyad_edge_count,94,12,0.112,0.3370008450576513,0.0,1.0,35.275875934276364,0.000999000999000999
motif_0d31b4b8652ee24c,fixed_eligible_dyad_edge_count,94,12,0.031,0.17340435135563706,0.0,1.0,69.02364275422728,0.000999000999000999
motif_419ef6f60f638a05,fixed_eligible_dyad_edge_count,94,12,0.022,0.14675672910479323,0.0,0.0,81.61806326064257,0.000999000999000999
motif_588c079ffa6afa37,fixed_eligible_dyad_edge_count,94,12,0.022,0.1534260067248694,0.0,0.0,78.07020632088472,0.000999000999000999
motif_5e93be19197be591,fixed_eligible_dyad_edge_count,94,12,0.023,0.14997831007680276,0.0,0.0,79.85821412354005,0.000999000999000999
motif_6d0d0e92cb2b1d79,fixed_eligible_dyad_edge_count,94,12,0.029,0.16789040230813565,0.0,1.0,71.30246777316769,0.000999000999000999
motif_8946f37ee00f3412,fixed_eligible_dyad_edge_count,94,12,0.029,0.16789040230813576,0.0,1.0,71.30246777316763,0.000999000999000999
motif_5c241169cdbab3ed,fixed_eligible_dyad_edge_count,94,12,0.006,0.07726558075864005,0.0,0.0,155.23082700260164,0.000999000999000999
motif_e904d61f68b798c3,fixed_eligible_dyad_edge_count,94,11,6.218,2.450812616762544,2.0,11.0,1.9511895635321521,0.04895104895104895
motif_1cb44da1d64a0ec8,fixed_eligible_dyad_edge_count,94,11,1.578,1.2146569027471865,0.0,4.0,7.756922945640277,0.000999000999000999
motif_383219635c986f5d,fixed_eligible_dyad_edge_count,94,11,1.531,1.236352525604072,0.0,4.0,7.658818827076462,0.000999000999000999
motif_48c30222d1474b19,fixed_eligible_dyad_edge_count,94,11,1.62,1.2724854495117792,0.0,4.0,7.371400595267215,0.000999000999000999
motif_57557d986a68649a,fixed_eligible_dyad_edge_count,94,11,1.572,1.2403041378445623,0.0,4.0,7.601361401877012,0.000999000999000999
motif_713517eddbbfdda7,fixed_eligible_dyad_edge_count,94,11,1.587,1.1991116999132587,0.0,4.0,7.849977613162241,0.000999000999000999
motif_974102830e33eed6,fixed_eligible_dyad_edge_count,94,11,1.677,1.279964573458704,0.0,5.0,7.283795343497288,0.000999000999000999
motif_9bfe8d5673b65ee4,fixed_eligible_dyad_edge_count,94,11,1.625,1.2759322094073036,0.0,4.0,7.347569040799494,0.000999000999000999
motif_c86f394a4bbff182,fixed_eligible_dyad_edge_count,94,11,1.57,1.2436424914928914,0.0,4.0,7.582564977077982,0.000999000999000999
motif_d1708ef46a53a02b,fixed_eligible_dyad_edge_count,94,11,1.604,1.2282885217621724,0.0,4.0,7.649668488735827,0.000999000999000999
motif_e37026d7320d596e,fixed_eligible_dyad_edge_count,94,11,1.586,1.2578498265636384,0.0,4.0,7.48420026078822,0.000999000999000999
motif_f255d0e523f35e42,fixed_eligible_dyad_edge_count,94,11,1.594,1.1927223426206897,0.0,4.0,7.886160646016592,0.000999000999000999
motif_01ba827205e5178f,fixed_eligible_dyad_edge_count,94,11,0.44,0.6346674741963754,0.0,2.0,16.63863429171507,0.000999000999000999
motif_04b081bcdc62dd7b,fixed_eligible_dyad_edge_count,94,11,0.409,0.6589029922174856,0.0,2.0,16.073686301464242,0.000999000999000999
motif_391d4ef242087c7d,fixed_eligible_dyad_edge_count,94,11,0.395,0.6126584287760588,0.0,2.0,17.309808372646057,0.000999000999000999
motif_7386c7374da5bdb1,fixed_eligible_dyad_edge_count,94,11,0.395,0.6319607380006865,0.0,2.0,16.78110579076588,0.000999000999000999
motif_0396ab78436dd2df,fixed_eligible_dyad_edge_count,94,11,0.105,0.3194950345108312,0.0,1.0,34.10068646819814,0.000999000999000999
motif_dc55fac2bad792a0,fixed_eligible_dyad_edge_count,94,11,0.115,0.3404275119476877,0.0,1.0,31.974501525225314,0.000999000999000999
motif_086a285fec8c7090,fixed_eligible_dyad_edge_count,94,11,0.419,0.6401943836436313,0.0,2.0,16.52779260539403,0.000999000999000999
motif_0ccd7b9a7e46fc3f,fixed_eligible_dyad_edge_count,94,11,0.393,0.6220433569598964,0.0,2.0,17.051866049722705,0.000999000999000999
motif_13715a4789e5cf7e,fixed_eligible_dyad_edge_count,94,11,0.431,0.6462636123569555,0.0,2.0,16.354007556536153,0.000999000999000999
motif_1cc96bc8c3693daa,fixed_eligible_dyad_edge_count,94,11,0.429,0.646046729251352,0.0,2.0,16.362593480273205,0.000999000999000999
motif_1cf60642104da99a,fixed_eligible_dyad_edge_count,94,11,0.446,0.6659786239268692,0.0,2.0,15.847355486831555,0.000999000999000999
motif_238130c460c1cf98,fixed_eligible_dyad_edge_count,94,11,0.394,0.6333760061489265,0.0,2.0,16.745187530053354,0.000999000999000999
motif_26e6fa3660fc6f83,fixed_eligible_dyad_edge_count,94,11,0.412,0.6638499052471842,0.0,2.0,15.949388433003636,0.000999000999000999
motif_2ac08db1abf3558b,fixed_eligible_dyad_edge_count,94,11,0.44,0.6684660401597458,0.0,2.0,15.797361968420175,0.000999000999000999
motif_3a3efc2970aab002,fixed_eligible_dyad_edge_count,94,11,0.394,0.6222147146694226,0.0,2.0,17.045562809672347,0.000999000999000999
motif_3b72f021fcb54ab6,fixed_eligible_dyad_edge_count,94,11,0.441,0.6252278863821623,0.0,2.0,16.88824223932,0.000999000999000999
motif_3be56544eea8bb23,fixed_eligible_dyad_edge_count,94,11,0.398,0.6308676517257775,0.0,2.0,16.805426575601988,0.000999000999000999
motif_3eac306332293401,fixed_eligible_dyad_edge_count,94,11,0.429,0.644495441701777,0.0,2.0,16.40197791327661,0.000999000999000999
motif_44365a63c08941bf,fixed_eligible_dyad_edge_count,94,11,0.404,0.6190049815366288,0.0,2.0,17.117794389467278,0.000999000999000999
motif_465b02bcea219ec8,fixed_eligible_dyad_edge_count,94,11,0.374,0.6135963661076415,0.0,2.0,17.317573223919503,0.000999000999000999
motif_4948b149496acf53,fixed_eligible_dyad_edge_count,94,11,0.414,0.6379741460365081,0.0,2.0,16.59314890073024,0.000999000999000999
motif_4b6da921a66d5da8,fixed_eligible_dyad_edge_count,94,11,0.417,0.6336501499348911,0.0,2.0,16.701645223452445,0.000999000999000999
motif_528fe4e14394b194,fixed_eligible_dyad_edge_count,94,11,0.368,0.6155931732523982,0.0,2.0,17.271146695515405,0.000999000999000999
motif_52f25d4969f48446,fixed_eligible_dyad_edge_count,94,11,0.444,0.6806815168104168,0.0,2.0,15.507986832761397,0.000999000999000999
motif_65e4d6f33c59976b,fixed_eligible_dyad_edge_count,94,11,0.401,0.6217600707552599,0.0,2.0,17.046768518160487,0.000999000999000999
motif_675a6962f846b2b9,fixed_eligible_dyad_edge_count,94,11,0.425,0.651766675889311,0.0,2.0,16.225131463757045,0.000999000999000999
motif_781faaa9d26840a4,fixed_eligible_dyad_edge_count,94,11,0.442,0.6671439732779428,0.0,2.0,15.825669455011877,0.000999000999000999
motif_792fb14c94c60a57,fixed_eligible_dyad_edge_count,94,11,0.433,0.6511028604874508,0.0,2.0,16.229386539768804,0.000999000999000999
motif_7e22a990019e8169,fixed_eligible_dyad_edge_count,94,11,0.42,0.6228868179597244,0.0,2.0,16.985429286583646,0.000999000999000999
motif_828a4dac4ecb11ae,fixed_eligible_dyad_edge_count,94,11,0.372,0.5966338676038825,0.0,2.0,17.813269707069576,0.000999000999000999
motif_8789603bc887eea4,fixed_eligible_dyad_edge_count,94,11,0.435,0.669494752199918,0.0,2.0,15.780556853185283,0.000999000999000999
motif_88ef18e67577cc31,fixed_eligible_dyad_edge_count,94,11,0.409,0.6388482817752035,0.0,2.0,16.578271088982497,0.000999000999000999
motif_8ad6da11b01aa1cb,fixed_eligible_dyad_edge_count,94,11,0.421,0.6420055849999816,0.0,2.0,16.478049797651376,0.000999000999000999
motif_9204202833a6e8a9,fixed_eligible_dyad_edge_count,94,11,0.387,0.6079478601003511,0.0,2.0,17.45708916262681,0.000999000999000999
motif_9286df1009ead148,fixed_eligible_dyad_edge_count,94,11,0.454,0.6605454718036614,0.0,2.0,15.965592756549334,0.000999000999000999
motif_9c95ca232e0ed508,fixed_eligible_dyad_edge_count,94,11,0.403,0.6395310782127832,0.0,2.0,16.56995314381609,0.000999000999000999
motif_aed83699155ea9a3,fixed_eligible_dyad_edge_count,94,11,0.398,0.5932520104879138,0.0,2.0,17.87098874099137,0.000999000999000999
motif_c2aeaaaa4e535b14,fixed_eligible_dyad_edge_count,94,11,0.387,0.6257975891792953,0.0,2.0,16.959157694932095,0.000999000999000999
motif_cf5b20d210461d0a,fixed_eligible_dyad_edge_count,94,11,0.407,0.6210770779353655,0.0,2.0,17.055854057944153,0.000999000999000999
motif_cf7d404f41fb2fcf,fixed_eligible_dyad_edge_count,94,11,0.421,0.6497547084717252,0.0,2.0,16.281528801665246,0.000999000999000999
motif_d51d57345847cb5c,fixed_eligible_dyad_edge_count,94,11,0.396,0.6321262402270463,0.0,2.0,16.775130227454675,0.000999000999000999
motif_dcfe92958680857c,fixed_eligible_dyad_edge_count,94,11,0.392,0.6072105933732567,0.0,2.0,17.470050944053916,0.000999000999000999
motif_df02def0a1a2c2f5,fixed_eligible_dyad_edge_count,94,11,0.383,0.6170021812697981,0.0,2.0,17.20739459648276,0.000999000999000999
motif_df228b3d1f8167e9,fixed_eligible_dyad_edge_count,94,11,0.431,0.6720793782662103,0.0,2.0,15.725820999396332,0.000999000999000999
motif_e4a3a2522f1ab03b,fixed_eligible_dyad_edge_count,94,11,0.456,0.6815632975216105,0.0,2.0,15.47031660645676,0.000999000999000999
motif_e8f2d878acc1e510,fixed_eligible_dyad_edge_count,94,11,0.384,0.6057317152922641,0.0,2.0,17.525910781933888,0.000999000999000999
motif_ed40349308a78736,fixed_eligible_dyad_edge_count,94,11,0.401,0.6454576791824662,0.0,2.0,16.420906190820514,0.000999000999000999
motif_f710a584d4d94bf0,fixed_eligible_dyad_edge_count,94,11,0.397,0.6178776357603246,0.0,2.0,17.160355685883594,0.000999000999000999
motif_f903807597d477fc,fixed_eligible_dyad_edge_count,94,11,0.413,0.6138467298990907,0.0,2.0,17.24697629608678,0.000999000999000999
motif_f914706286314a87,fixed_eligible_dyad_edge_count,94,11,0.429,0.638252588217518,0.0,2.0,16.56240835547913,0.000999000999000999
motif_011bf603d0e66851,fixed_eligible_dyad_edge_count,94,11,0.092,0.3124638117184678,0.0,1.0,34.90964262392148,0.000999000999000999
motif_26db60bae6f1656c,fixed_eligible_dyad_edge_count,94,11,0.125,0.3485634755629116,0.0,1.0,31.199482339443193,0.000999000999000999
motif_26f938cdb39b421a,fixed_eligible_dyad_edge_count,94,11,0.104,0.32138339609769706,0.0,1.0,33.903431640531096,0.000999000999000999
motif_3331e96ab66a56e7,fixed_eligible_dyad_edge_count,94,11,0.124,0.35035231802679523,0.0,1.0,31.04303708122803,0.000999000999000999
motif_3550065e5b336c9a,fixed_eligible_dyad_edge_count,94,11,0.115,0.3404275119476868,0.0,1.0,31.974501525225403,0.000999000999000999
motif_3965e682480be767,fixed_eligible_dyad_edge_count,94,11,0.089,0.2952391677372202,0.0,1.0,36.956478652965906,0.000999000999000999
motif_4972e8524d133c5f,fixed_eligible_dyad_edge_count,94,11,0.108,0.3200600544248494,0.0,1.0,34.03111337830963,0.000999000999000999
motif_4f930e5fe36b66f6,fixed_eligible_dyad_edge_count,94,11,0.117,0.3426783162507195,0.0,1.0,31.75864793276703,0.000999000999000999
motif_529d39007846e050,fixed_eligible_dyad_edge_count,94,11,0.114,0.33632888237128566,0.0,1.0,32.36712804219576,0.000999000999000999
motif_56928b4fa02e40e8,fixed_eligible_dyad_edge_count,94,11,0.107,0.32811378919310585,0.0,1.0,33.19884856649261,0.000999000999000999
motif_7fde4663ce59098b,fixed_eligible_dyad_edge_count,94,11,0.114,0.33929208525858695,0.0,1.0,32.084450162471015,0.000999000999000999
motif_80f101ad270e968a,fixed_eligible_dyad_edge_count,94,11,0.118,0.346693230675475,0.0,1.0,31.38797945030021,0.000999000999000999
motif_817583bc3733a6ca,fixed_eligible_dyad_edge_count,94,11,0.088,0.28694657749891295,0.0,1.0,38.02798449492341,0.000999000999000999
motif_87cdc3b1cfb8e17c,fixed_eligible_dyad_edge_count,94,11,0.097,0.2961058572177862,0.0,1.0,36.8212912180958,0.000999000999000999
motif_9555fa915e69beda,fixed_eligible_dyad_edge_count,94,11,0.127,0.36194198706699526,0.0,1.0,30.040725830428215,0.000999000999000999
motif_999cbebf16d6ddd5,fixed_eligible_dyad_edge_count,94,11,0.094,0.29875282969915784,0.0,1.0,36.50509356173219,0.000999000999000999
motif_a7adbc838441c01a,fixed_eligible_dyad_edge_count,94,11,0.107,0.32811378919310585,0.0,1.0,33.19884856649261,0.000999000999000999
motif_b05fd544b500f493,fixed_eligible_dyad_edge_count,94,11,0.098,0.3232653716383798,0.0,1.0,33.72461437717956,0.000999000999000999
motif_b5e55c73f0168340,fixed_eligible_dyad_edge_count,94,11,0.116,0.3415562335262854,0.0,1.0,31.865909421800648,0.000999000999000999
motif_b7fbc5c74aa30d60,fixed_eligible_dyad_edge_count,94,11,0.118,0.3524204877702228,0.0,1.0,30.877887006089825,0.000999000999000999
motif_c2054a016827a502,fixed_eligible_dyad_edge_count,94,11,0.096,0.3176238103242322,0.0,1.0,34.329920004640506,0.000999000999000999
motif_c3997addbb13cdff,fixed_eligible_dyad_edge_count,94,11,0.101,0.3080485252259664,0.0,1.0,35.380789412983326,0.000999000999000999
motif_d19ecba045c34324,fixed_eligible_dyad_edge_count,94,11,0.099,0.30869773937347567,0.0,1.0,35.31285982891992,0.000999000999000999
motif_e7b0d5f663bba92b,fixed_eligible_dyad_edge_count,94,11,0.111,0.3328510023866385,0.0,1.0,32.714337412003275,0.000999000999000999
motif_e8033b67f6bac96c,fixed_eligible_dyad_edge_count,94,11,0.096,0.3144564880597655,0.0,1.0,34.675703679319824,0.000999000999000999
motif_08967352afdcc614,fixed_eligible_dyad_edge_count,94,11,0.039,0.19369180807797795,0.0,1.0,56.589899742105956,0.000999000999000999
motif_344caf12a230c027,fixed_eligible_dyad_edge_count,94,11,0.018,0.13301764429463442,0.0,0.0,82.56047577924957,0.000999000999000999
motif_477e409bfa6820ad,fixed_eligible_dyad_edge_count,94,11,0.031,0.1790839777061898,0.0,1.0,61.25059394199993,0.000999000999000999
motif_6d7e592e0d6b8f25,fixed_eligible_dyad_edge_count,94,11,0.024,0.15312559370479875,0.0,0.0,71.67972207937979,0.000999000999000999
motif_727e32d39b1c1ac9,fixed_eligible_dyad_edge_count,94,11,0.025,0.15620307103062764,0.0,0.024999999999977263,70.26110259924447,0.000999000999000999
motif_8eaca5acb0c1cdcc,fixed_eligible_dyad_edge_count,94,11,0.029,0.1678904023081358,0.0,1.0,65.34620114772551,0.000999000999000999
motif_da6c09a8cd413654,fixed_eligible_dyad_edge_count,94,11,0.025,0.15620307103062706,0.0,0.024999999999977263,70.26110259924472,0.000999000999000999
motif_e99c24f0afb6f644,fixed_eligible_dyad_edge_count,94,11,0.022,0.14675672910479323,0.0,0.0,74.80406565998783,0.000999000999000999
motif_67871168bdb28fdf,fixed_eligible_dyad_edge_count,94,10,6.129,2.4079362859422053,2.0,11.0,1.6076006755657617,0.09490509490509491
motif_7c0d7f3473832fb5,fixed_eligible_dyad_edge_count,94,10,6.08,2.3321747445333183,2.0,11.0,1.680834598345852,0.07492507492507493
motif_ada61f84caa7276b,fixed_eligible_dyad_edge_count,94,10,6.118,2.400382852346232,2.0,11.0,1.617242014625115,0.08591408591408592
motif_dd3936eec73d7a76,fixed_eligible_dyad_edge_count,94,10,6.076,2.3468557117410764,2.0,11.0,1.672024394328392,0.08091908091908091
motif_46aa50e42c549b4d,fixed_eligible_dyad_edge_count,94,10,1.584,1.2540002059475588,0.0,4.0,6.7113226617380235,0.000999000999000999
motif_087394640f3e289e,fixed_eligible_dyad_edge_count,94,10,1.53,1.2258069189732108,0.0,4.0,6.909734207647352,0.000999000999000999
motif_12c08351d352a5b1,fixed_eligible_dyad_edge_count,94,10,1.598,1.2214286257853473,0.0,4.0,6.878830103230738,0.000999000999000999
motif_1b9c7a3e87c9fd49,fixed_eligible_dyad_edge_count,94,10,1.561,1.2098523640274186,0.0,4.0,6.9752312355764,0.000999000999000999
motif_22d7de62ee5a7c05,fixed_eligible_dyad_edge_count,94,10,1.611,1.2526963910893456,0.0,4.0,6.696754345005273,0.000999000999000999
motif_39af596b8873f1bb,fixed_eligible_dyad_edge_count,94,10,1.584,1.2659172747642518,0.0,4.024999999999977,6.648143735590692,0.000999000999000999
motif_5aa867fd91f7ce8f,fixed_eligible_dyad_edge_count,94,10,1.565,1.209643847683374,0.0,4.0,6.973126855606407,0.000999000999000999
motif_5da5dec1c123320f,fixed_eligible_dyad_edge_count,94,10,1.554,1.2452448091177255,0.0,4.0,6.7826020539560545,0.000999000999000999
motif_652c454448653045,fixed_eligible_dyad_edge_count,94,10,1.592,1.259810748931411,0.0,4.0,6.674018305631844,0.000999000999000999
motif_88d496504b318b31,fixed_eligible_dyad_edge_count,94,10,1.559,1.223935054247984,0.0,4.0,6.8966077658314635,0.000999000999000999
motif_ac28564ee77450ea,fixed_eligible_dyad_edge_count,94,10,1.553,1.207745689145535,0.0,4.0,6.994022065999794,0.000999000999000999
motif_c15d98bfd6670e61,fixed_eligible_dyad_edge_count,94,10,1.598,1.1924000242443025,0.0,4.0,7.046293046936883,0.000999000999000999
motif_de6811501041edf5,fixed_eligible_dyad_edge_count,94,10,1.627,1.2843366071713909,0.0,5.0,6.519318964551361,0.000999000999000999
motif_e4c0bc232dde1175,fixed_eligible_dyad_edge_count,94,10,1.595,1.2306459643169088,0.0,4.0,6.8297465263824595,0.000999000999000999
motif_f21861d0ed107cfd,fixed_eligible_dyad_edge_count,94,10,1.592,1.2478353629758605,0.0,4.0,6.738068377825459,0.000999000999000999
motif_fcd8591ecdcd7847,fixed_eligible_dyad_edge_count,94,10,1.589,1.2584365946135925,0.0,4.0,6.683689934003094,0.000999000999000999
motif_0b04334a40d8ba5c,fixed_eligible_dyad_edge_count,94,10,0.412,0.6623403163742131,0.0,2.0,14.47594199381774,0.000999000999000999
motif_1d4d6e2effa25135,fixed_eligible_dyad_edge_count,94,10,0.403,0.6348180794479624,0.0,2.0,15.117716887246733,0.000999000999000999
motif_6cae25e61f560264,fixed_eligible_dyad_edge_count,94,10,0.387,0.6046458439422139,0.0,2.0,15.898562929539818,0.000999000999000999
motif_c8c7e0422afca15a,fixed_eligible_dyad_edge_count,94,10,0.425,0.6639396175977301,0.0,2.0,14.421492175213636,0.000999000999000999
motif_d3eff25aa86d3d8b,fixed_eligible_dyad_edge_count,94,10,0.41,0.6436725210184984,0.0,2.0,14.898880543829204,0.000999000999000999
motif_0740f78f6f8b675b,fixed_eligible_dyad_edge_count,94,10,0.395,0.6319607380006865,0.0,2.0,15.198729007101017,0.000999000999000999
motif_09d3041f42a81567,fixed_eligible_dyad_edge_count,94,10,0.398,0.6049479002046088,0.0,2.0,15.87244124122484,0.000999000999000999
motif_09e57b340114c015,fixed_eligible_dyad_edge_count,94,10,0.41,0.6467753229045713,0.0,2.0,14.827405530768774,0.000999000999000999
motif_180ed8b10d314230,fixed_eligible_dyad_edge_count,94,10,0.395,0.6522272613134156,0.0,2.0,14.72646203205005,0.000999000999000999
motif_1d36499c4a9df732,fixed_eligible_dyad_edge_count,94,10,0.413,0.6456375514542562,0.0,2.0,14.848888479931057,0.000999000999000999
motif_1ebb7f13b57fbbc1,fixed_eligible_dyad_edge_count,94,10,0.425,0.6594010993392518,0.0,2.0,14.520752254727144,0.000999000999000999
motif_1f505fbaf7f4c1e8,fixed_eligible_dyad_edge_count,94,10,0.383,0.6121157453339061,0.0,2.0,15.711080907997188,0.000999000999000999
motif_203df0c1bc255235,fixed_eligible_dyad_edge_count,94,10,0.383,0.6121157453339068,0.0,2.0,15.71108090799717,0.000999000999000999
motif_251aadf5e36db90e,fixed_eligible_dyad_edge_count,94,10,0.449,0.6401631110965443,0.0,2.0,14.919635065569397,0.000999000999000999
motif_2c7a714de2a8d5ba,fixed_eligible_dyad_edge_count,94,10,0.403,0.6300698278667163,0.0,2.0,15.23164509002664,0.000999000999000999
motif_2e6b19c361fb3b61,fixed_eligible_dyad_edge_count,94,10,0.415,0.6108585336623795,0.0,2.0,15.691030691727414,0.000999000999000999
motif_3533fdf8e126a819,fixed_eligible_dyad_edge_count,94,10,0.422,0.6279413271240534,0.0,2.0,15.253017417832433,0.000999000999000999
motif_36db185e49991427,fixed_eligible_dyad_edge_count,94,10,0.375,0.6105307099137174,0.0,2.0,15.764972742092274,0.000999000999000999
motif_3b98559278ce1fa8,fixed_eligible_dyad_edge_count,94,10,0.385,0.6042682683544962,0.0,2.0,15.91180689693162,0.000999000999000999
motif_4812f24418976639,fixed_eligible_dyad_edge_count,94,10,0.406,0.6176937311852414,0.0,2.0,15.531969187368741,0.000999000999000999
motif_5139a11c6fa25d1c,fixed_eligible_dyad_edge_count,94,10,0.405,0.6223844168697972,0.0,2.0,15.416517091248567,0.000999000999000999
motif_53be75c89e34bb1f,fixed_eligible_dyad_edge_count,94,10,0.407,0.6258935554411288,0.0,2.0,15.326887322300145,0.000999000999000999
motif_541c4c301a255708,fixed_eligible_dyad_edge_count,94,10,0.431,0.6353287673658791,0.0,2.0,15.061493342531609,0.000999000999000999
motif_543fefb4434ef21c,fixed_eligible_dyad_edge_count,94,10,0.421,0.6214057813901815,0.0,2.0,15.415048084313417,0.000999000999000999
motif_55287619332e2e6d,fixed_eligible_dyad_edge_count,94,10,0.414,0.6220859996744762,0.0,2.0,15.409445004414408,0.000999000999000999
motif_5610581d43484035,fixed_eligible_dyad_edge_count,94,10,0.393,0.607387783808597,0.0,2.0,15.816913438330534,0.000999000999000999
motif_5f13290666a23cee,fixed_eligible_dyad_edge_count,94,10,0.441,0.6670561925085171,0.0,2.0,14.330127067785146,0.000999000999000999
motif_646d1b0fd44f33a6,fixed_eligible_dyad_edge_count,94,10,0.426,0.6685588762188156,0.0,2.0,14.320354333111094,0.000999000999000999
motif_665e7cb8512f89ef,fixed_eligible_dyad_edge_count,94,10,0.435,0.6388921530142538,0.0,2.0,14.971227858838018,0.000999000999000999
motif_6ed9352e60276e6a,fixed_eligible_dyad_edge_count,94,10,0.41,0.6150433141480962,0.0,2.0,15.59239777003872,0.000999000999000999
motif_70a153d6aa882dca,fixed_eligible_dyad_edge_count,94,10,0.447,0.6305462620526693,0.0,2.0,15.150355453541714,0.000999000999000999
motif_718f4d796f3469f1,fixed_eligible_dyad_edge_count,94,10,0.422,0.6651002618841508,0.0,2.0,14.400836308298318,0.000999000999000999
motif_8275d3f3f06eae6a,fixed_eligible_dyad_edge_count,94,10,0.437,0.6560956191451485,0.0,2.0,14.57561934716161,0.000999000999000999
motif_82d3c8c8b210b8bd,fixed_eligible_dyad_edge_count,94,10,0.417,0.6584409954920346,0.0,2.0,14.554075559707353,0.000999000999000999
motif_88e876e35d492c3f,fixed_eligible_dyad_edge_count,94,10,0.422,0.6560078858873224,0.0,2.0,14.600434241799864,0.000999000999000999
motif_8e483057f04d2fef,fixed_eligible_dyad_edge_count,94,10,0.421,0.6246192033144232,0.0,2.0,15.335743680583075,0.000999000999000999
motif_925ab4362cf40f5c,fixed_eligible_dyad_edge_count,94,10,0.43,0.6288843260055886,0.0,2.0,15.217424897174103,0.000999000999000999
motif_95bcbd3f327e006a,fixed_eligible_dyad_edge_count,94,10,0.385,0.6349631313534514,0.0,2.0,15.142611476520237,0.000999000999000999
motif_966fe9270c5de3bb,fixed_eligible_dyad_edge_count,94,10,0.417,0.6430587255644091,0.0,2.0,14.902215954832203,0.000999000999000999
motif_9ab1765a28411628,fixed_eligible_dyad_edge_count,94,10,0.423,0.6328281531912642,0.0,2.0,15.133650346787707,0.000999000999000999
motif_9cd5325c6717ee11,fixed_eligible_dyad_edge_count,94,10,0.412,0.642392923893677,0.0,2.0,14.925444604658997,0.000999000999000999
motif_9cf631b628e60026,fixed_eligible_dyad_edge_count,94,10,0.42,0.6276894088591878,0.0,2.0,15.262325387027714,0.000999000999000999
motif_a1b0fc812dc0b591,fixed_eligible_dyad_edge_count,94,10,0.414,0.6411045273705497,0.0,2.0,14.952319927167544,0.000999000999000999
motif_a3f0efa895fffa7d,fixed_eligible_dyad_edge_count,94,10,0.419,0.6162944254322101,0.0,2.0,15.546140942749563,0.000999000999000999
motif_a5e57e6b359561b2,fixed_eligible_dyad_edge_count,94,10,0.403,0.625285520368084,0.0,2.0,15.348188447336149,0.000999000999000999
motif_a745a4c164b19b56,fixed_eligible_dyad_edge_count,94,10,0.435,0.6664977263421273,0.0,2.0,14.351136728544642,0.000999000999000999
motif_b04d4caabeafe92b,fixed_eligible_dyad_edge_count,94,10,0.44,0.6517858734468162,0.0,2.0,14.667393678608269,0.000999000999000999
motif_b68f83d7cafbd49b,fixed_eligible_dyad_edge_count,94,10,0.433,0.6355430079191503,0.0,2.0,15.053269221423095,0.000999000999000999
motif_b7206e69c07c085a,fixed_eligible_dyad_edge_count,94,10,0.438,0.6438715481915438,0.0,2.0,14.85078821522243,0.000999000999000999
motif_ba7ba43df163a8e6,fixed_eligible_dyad_edge_count,94,10,0.415,0.6349631313534543,0.0,2.0,15.09536463883992,0.000999000999000999
motif_c0faf0f683e314db,fixed_eligible_dyad_edge_count,94,10,0.403,0.645761572105381,0.0,2.0,14.861522293299108,0.000999000999000999
motif_c1698b4e5454a5a8,fixed_eligible_dyad_edge_count,94,10,0.393,0.607387783808597,0.0,2.0,15.816913438330534,0.000999000999000999
motif_c2125ab27a9a73b4,fixed_eligible_dyad_edge_count,94,10,0.394,0.610849520861838,0.0,2.0,15.725640557836643,0.000999000999000999
motif_c8fd365a5b4c96d2,fixed_eligible_dyad_edge_count,94,10,0.415,0.6141271465683278,0.0,2.0,15.607517195030189,0.000999000999000999
motif_c9e5c94ef37c7f60,fixed_eligible_dyad_edge_count,94,10,0.415,0.6396750614055466,0.0,2.0,14.984170211261716,0.000999000999000999
motif_ca7031ab053d3d24,fixed_eligible_dyad_edge_count,94,10,0.415,0.642797159443159,0.0,2.0,14.911391345137984,0.000999000999000999
motif_d1907273ee859220,fixed_eligible_dyad_edge_count,94,10,0.41,0.616668695719407,0.0,2.0,15.551300182040675,0.000999000999000999
motif_dc631d3d5270c577,fixed_eligible_dyad_edge_count,94,10,0.414,0.6220859996744755,0.0,2.0,15.409445004414424,0.000999000999000999
motif_dee294f38b4a9bbe,fixed_eligible_dyad_edge_count,94,10,0.422,0.6342856756370311,0.0,2.0,15.100451370560343,0.000999000999000999
motif_e1f5247c359d8731,fixed_eligible_dyad_edge_count,94,10,0.373,0.6133899634386349,0.0,2.0,15.694746529648931,0.000999000999000999
motif_e951a01bcbd3ee08,fixed_eligible_dyad_edge_count,94,10,0.443,0.6566446391939746,0.0,2.0,14.554295321334125,0.000999000999000999
motif_ec1db3cb95c06b2e,fixed_eligible_dyad_edge_count,94,10,0.405,0.635120758894223,0.0,2.0,15.107363230742726,0.000999000999000999
motif_f314c248ee7e3f6f,fixed_eligible_dyad_edge_count,94,10,0.413,0.6346919204100785,0.0,2.0,15.104966191795507,0.000999000999000999
motif_f84bb4f122e012b3,fixed_eligible_dyad_edge_count,94,10,0.406,0.627341659351231,0.0,2.0,15.293102023420046,0.000999000999000999
motif_f9a0d4387c99e7b1,fixed_eligible_dyad_edge_count,94,10,0.403,0.6316565443261037,0.0,2.0,15.193383312823528,0.000999000999000999
motif_0de8303cce382a80,fixed_eligible_dyad_edge_count,94,10,0.109,0.3274541589692025,0.0,1.0,30.205754695973376,0.000999000999000999
motif_11b37f722cf31f41,fixed_eligible_dyad_edge_count,94,10,0.11,0.3255856354417485,0.0,1.0,30.376032980022085,0.000999000999000999
motif_1f10dcfeea4dfe48,fixed_eligible_dyad_edge_count,94,10,0.114,0.3303227408355564,0.0,1.0,29.928305798726456,0.000999000999000999
motif_1fe7588dae073b1d,fixed_eligible_dyad_edge_count,94,10,0.098,0.3232653716383799,0.0,1.0,30.631180660689047,0.000999000999000999
motif_321b8e708c7a5260,fixed_eligible_dyad_edge_count,94,10,0.125,0.34277177901993694,0.0,1.0,28.809256200247546,0.000999000999000999
motif_5c9acfa22cf0eada,fixed_eligible_dyad_edge_count,94,10,0.113,0.3167512136225096,0.0,1.0,31.213771486233043,0.000999000999000999
motif_66861aabd56c7f23,fixed_eligible_dyad_edge_count,94,10,0.109,0.32745415896920205,0.0,1.0,30.205754695973415,0.000999000999000999
motif_68992352faf11e7c,fixed_eligible_dyad_edge_count,94,10,0.115,0.3548251694861892,0.0,1.0,27.85879032852756,0.000999000999000999
motif_6922283c67c5d574,fixed_eligible_dyad_edge_count,94,10,0.116,0.32349443372127684,0.0,1.0,30.553848751895575,0.000999000999000999
motif_7737e7d123e708ff,fixed_eligible_dyad_edge_count,94,10,0.111,0.3328510023866385,0.0,1.0,29.709990143015922,0.000999000999000999
motif_819743fa220d2e18,fixed_eligible_dyad_edge_count,94,10,0.104,0.32448311094614973,0.0,1.0,30.497735216925705,0.000999000999000999
motif_81a3388ed7ffec5a,fixed_eligible_dyad_edge_count,94,10,0.096,0.3014545983641225,0.0,1.0,32.85403524691671,0.000999000999000999
motif_87e74184cc64b636,fixed_eligible_dyad_edge_count,94,10,0.104,0.31509249956684904,0.0,1.0,31.406650471222964,0.000999000999000999
motif_8d96322e33e3aea2,fixed_eligible_dyad_edge_count,94,10,0.107,0.34009802508492454,0.0,1.0,29.08867229537619,0.000999000999000999
motif_900c1f7b3f9af601,fixed_eligible_dyad_edge_count,94,10,0.092,0.30270055769295695,0.0,1.0,32.73201765967718,0.000999000999000999
motif_959a94cfb539270b,fixed_eligible_dyad_edge_count,94,10,0.105,0.31634644786226784,0.0,1.0,31.278998284526725,0.000999000999000999
motif_96c9206f12d38442,fixed_eligible_dyad_edge_count,94,10,0.105,0.32261289354128314,0.0,1.0,30.671433777440722,0.000999000999000999
motif_9a92522ed511dd94,fixed_eligible_dyad_edge_count,94,10,0.1,0.31320615909987887,0.0,1.0,31.608573817486686,0.000999000999000999
motif_9c8693fa7e4bea34,fixed_eligible_dyad_edge_count,94,10,0.099,0.3151163250266443,0.0,1.0,31.42014301913058,0.000999000999000999
motif_9d259e4620ffdf53,fixed_eligible_dyad_edge_count,94,10,0.105,0.319495034510831,0.0,1.0,30.970747370612283,0.000999000999000999
motif_ad56782d83285014,fixed_eligible_dyad_edge_count,94,10,0.107,0.32195442946891384,0.0,1.0,30.72795120824767,0.000999000999000999
motif_b2436410dcd38e35,fixed_eligible_dyad_edge_count,94,10,0.121,0.34420557444276784,0.0,1.0,28.700871611370758,0.000999000999000999
motif_bd1dbc5a620e5dc8,fixed_eligible_dyad_edge_count,94,10,0.103,0.310624351085823,0.0,1.0,31.86163597735948,0.000999000999000999
motif_d5245003374421ea,fixed_eligible_dyad_edge_count,94,10,0.108,0.3262551799472952,0.0,1.0,30.319825118479343,0.000999000999000999
motif_d88453a4ef944f25,fixed_eligible_dyad_edge_count,94,10,0.095,0.29675421321872103,0.0,1.0,33.37779063881251,0.000999000999000999
motif_dfbf33db7fa5e4ce,fixed_eligible_dyad_edge_count,94,10,0.105,0.31949503451083133,0.0,1.0,30.97074737061225,0.000999000999000999
motif_e1a5a6a241f98754,fixed_eligible_dyad_edge_count,94,10,0.118,0.34086975840076195,0.0,1.0,28.99054479447746,0.000999000999000999
motif_e3a9e67bb90f6047,fixed_eligible_dyad_edge_count,94,10,0.116,0.33564364533930674,0.0,1.0,29.44789849963681,0.000999000999000999
motif_e6e5af1f0f12a765,fixed_eligible_dyad_edge_count,94,10,0.113,0.34109726962751996,0.0,1.0,28.985866731787848,0.000999000999000999
motif_ea18241d8395dcf8,fixed_eligible_dyad_edge_count,94,10,0.108,0.32625517994729525,0.0,1.0,30.31982511847934,0.000999000999000999
motif_eac06574eed16a88,fixed_eligible_dyad_edge_count,94,10,0.126,0.3581232361244579,0.0,1.0,27.571514506722785,0.000999000999000999
motif_ef3589435fa3d420,fixed_eligible_dyad_edge_count,94,10,0.109,0.33049694132961305,0.0,1.0,29.92765972419531,0.000999000999000999
motif_f01bf05e1a536a50,fixed_eligible_dyad_edge_count,94,10,0.115,0.34913736107283,0.0,1.0,28.3126388124873,0.000999000999000999
motif_f205695701009af7,fixed_eligible_dyad_edge_count,94,10,0.115,0.33747427885527875,0.0,1.0,29.29112118864338,0.000999000999000999
motif_3868d21d1efc6810,fixed_eligible_dyad_edge_count,94,10,0.031,0.1734043513556371,0.0,1.0,57.48990681066853,0.000999000999000999
motif_4a4ec6c355aeecb3,fixed_eligible_dyad_edge_count,94,10,0.034,0.18131981931625038,0.0,1.0,54.96365503551337,0.000999000999000999
motif_662028c6c73754c0,fixed_eligible_dyad_edge_count,94,10,0.033,0.1787258877245913,0.0,1.0,55.7669631797197,0.000999000999000999
motif_8a00835776f980e6,fixed_eligible_dyad_edge_count,94,10,0.03,0.17067257872643007,0.0,1.0,58.41594516469366,0.000999000999000999
motif_ae40213626e63afb,fixed_eligible_dyad_edge_count,94,10,0.032,0.17608806605504929,0.0,1.0,56.60803837145765,0.000999000999000999
motif_d57fa831d1729624,fixed_eligible_dyad_edge_count,94,10,0.031,0.17908397770618983,0.0,1.0,55.666621479423576,0.000999000999000999
motif_d58cd5a27e05c0f1,fixed_eligible_dyad_edge_count,94,10,0.027,0.1621644143987735,0.0,1.0,61.499312515480156,0.000999000999000999
motif_e5f62aeb23c52e7c,fixed_eligible_dyad_edge_count,94,10,0.031,0.17908397770619022,0.0,1.0,55.666621479423455,0.000999000999000999
motif_f6d2bff6f269d8da,fixed_eligible_dyad_edge_count,94,10,0.024,0.1531255937048,0.0,0.0,65.1491351552375,0.000999000999000999
motif_28abb1de8d93f5d6,fixed_eligible_dyad_edge_count,94,10,0.008,0.08912880535463258,0.0,0.0,112.10741533270932,0.000999000999000999
motif_acce998414cf3c12,fixed_eligible_dyad_edge_count,94,10,0.006,0.07726558075864047,0.0,0.0,129.3460801287304,0.000999000999000999
motif_7343187d61f58156,degree_preserving_eligible_dyad_edge_swap,94,77,51.98,3.8475470225134702,45.0,59.0,6.502844501600216,0.004975124378109453
motif_1edae9dffc70a727,degree_preserving_eligible_dyad_edge_swap,94,74,43.625,3.9740837571121617,36.0,51.0,7.643271218338018,0.004975124378109453
motif_05b3bb80d20cacfe,degree_preserving_eligible_dyad_edge_swap,94,73,19.985,3.7863514478231086,13.0,27.025000000000006,14.001605696291076,0.004975124378109453
motif_abe15baf9aebb8d4,degree_preserving_eligible_dyad_edge_swap,94,73,13.625,3.0249174580706666,7.9750000000000005,19.0,19.628634772027855,0.004975124378109453
motif_1c7c35aa2acba71b,degree_preserving_eligible_dyad_edge_swap,94,72,49.71,4.189709815930998,42.975,59.0,5.320177525241548,0.004975124378109453
motif_2f435833caec9e2b,degree_preserving_eligible_dyad_edge_swap,94,69,41.06,4.1536325447230995,32.0,48.025000000000006,6.726642209960488,0.004975124378109453
motif_06f133d1c67fa8e4,degree_preserving_eligible_dyad_edge_swap,94,69,15.095,3.4765510258265833,9.0,22.0,15.50530960125447,0.004975124378109453
motif_65eb65a7562a1bcb,degree_preserving_eligible_dyad_edge_swap,94,69,35.24,3.57157960915372,28.0,42.0,9.452400252671218,0.004975124378109453
motif_144e36faf313d657,degree_preserving_eligible_dyad_edge_swap,94,68,9.87,2.6377811598455607,4.9750000000000005,14.025000000000006,22.037461213576737,0.004975124378109453
motif_bfbc51aaa402bef0,degree_preserving_eligible_dyad_edge_swap,94,68,11.54,2.7231374160946555,6.0,16.0,20.73343771280232,0.004975124378109453
motif_0627f8d8deb4fba4,degree_preserving_eligible_dyad_edge_swap,94,67,3.78,1.8543985466585244,1.0,7.025000000000006,34.09191627868632,0.004975124378109453
motif_e040651df1ee4832,degree_preserving_eligible_dyad_edge_swap,94,66,13.55,3.472432712771208,7.0,20.025000000000006,15.104684334730214,0.004975124378109453
motif_5611ddee26c3f8a2,degree_preserving_eligible_dyad_edge_swap,94,66,30.47,4.100386058549332,22.0,38.0,8.665037753193927,0.004975124378109453
motif_e515cabc007964a7,degree_preserving_eligible_dyad_edge_swap,94,64,32.945,4.0140425618623174,25.975,41.0,7.736589615430488,0.004975124378109453
motif_a192df3ab4dfeb21,degree_preserving_eligible_dyad_edge_swap,94,64,14.525,3.2684536014334995,9.0,21.0,15.13712783877395,0.004975124378109453
motif_58b9069656f5bf7c,degree_preserving_eligible_dyad_edge_swap,94,64,8.345,2.388408986634656,4.0,13.0,23.302123008011147,0.004975124378109453
motif_9136b5cad501c9c7,degree_preserving_eligible_dyad_edge_swap,94,63,35.235,3.9110428636627126,28.0,42.025000000000006,7.099129559014326,0.004975124378109453
motif_2c556de84cb4e746,degree_preserving_eligible_dyad_edge_swap,94,63,24.735,3.8312094473084777,17.975,33.0,9.987707674630563,0.004975124378109453
motif_4b3b17f7e5440be0,degree_preserving_eligible_dyad_edge_swap,94,62,40.51,3.586672706775408,32.0,48.0,5.991625597564086,0.004975124378109453
motif_2f11035ec8a07441,degree_preserving_eligible_dyad_edge_swap,94,62,3.185,1.6291240671387333,1.0,7.0,36.10222277502663,0.004975124378109453
motif_5ae0b065c6d1e840,degree_preserving_eligible_dyad_edge_swap,94,62,2.735,1.6819392373061375,0.0,7.0,35.23611239067188,0.004975124378109453
motif_6315d36b8c285cde,degree_preserving_eligible_dyad_edge_swap,94,62,11.015,2.9932545605613985,5.0,17.0,17.033299029013268,0.004975124378109453
motif_212edb45a5b61006,degree_preserving_eligible_dyad_edge_swap,94,61,33.88,3.9539561004418227,26.0,42.0,6.858953238496896,0.004975124378109453
motif_726f3861dd21cc38,degree_preserving_eligible_dyad_edge_swap,94,61,37.505,3.8749258381621026,31.0,45.0,6.06334184995494,0.004975124378109453
motif_4074b843a40a8667,degree_preserving_eligible_dyad_edge_swap,94,61,2.655,1.586999634277207,0.0,6.0,36.76434369600407,0.004975124378109453
motif_52dd6e9ed5d3313a,degree_preserving_eligible_dyad_edge_swap,94,60,26.495,3.6546899723464707,19.0,34.0,9.167672293277539,0.004975124378109453
motif_e5793275baa46474,degree_preserving_eligible_dyad_edge_swap,94,60,10.525,3.16694215499199,4.0,16.0,15.62232512583582,0.004975124378109453
motif_99e10474d9641594,degree_preserving_eligible_dyad_edge_swap,94,60,7.305,2.416853513252844,3.0,12.0,21.803141858224492,0.004975124378109453
motif_fad3706020dd7d19,degree_preserving_eligible_dyad_edge_swap,94,60,4.08,2.035760695180109,1.0,8.0,27.468847459525502,0.004975124378109453
motif_2411af643dc47294,degree_preserving_eligible_dyad_edge_swap,94,59,19.735,3.4298094647989017,13.0,27.0,11.44815780672009,0.004975124378109453
motif_c03e15a1bea6ea46,degree_preserving_eligible_dyad_edge_swap,94,59,6.105,2.1673629856481793,2.0,10.025000000000006,24.40523361811544,0.004975124378109453
motif_329c5520ea9f137f,degree_preserving_eligible_dyad_edge_swap,94,58,43.25,3.9133196076679955,36.0,51.0,3.7691784670738255,0.004975124378109453
motif_857e39d6361c69c4,degree_preserving_eligible_dyad_edge_swap,94,58,13.695,2.943688418895194,7.0,19.0,15.050845638285407,0.004975124378109453
motif_795694a86aef5c38,degree_preserving_eligible_dyad_edge_swap,94,58,30.19,3.6497263613266697,24.0,38.0,7.619749330985764,0.004975124378109453
motif_48c393c748427b13,degree_preserving_eligible_dyad_edge_swap,94,58,23.675,3.5115566563496827,18.0,31.0,9.774867205383885,0.004975124378109453
motif_7a01626f3ff4e596,degree_preserving_eligible_dyad_edge_swap,94,58,11.78,2.7857498111011787,6.0,17.0,16.59158328426116,0.004975124378109453
motif_292d9b9a4fb005aa,degree_preserving_eligible_dyad_edge_swap,94,58,8.295,2.7651773957832715,3.0,14.0,17.97533860785826,0.004975124378109453
motif_b7d6452102fa13a0,degree_preserving_eligible_dyad_edge_swap,94,58,1.955,1.4399103126732293,0.0,5.0,38.9225630976634,0.004975124378109453
motif_67cab77b48831591,degree_preserving_eligible_dyad_edge_swap,94,57,14.86,3.054019511378309,9.0,21.0,13.798209161074354,0.004975124378109453
motif_971292dd18d037f2,degree_preserving_eligible_dyad_edge_swap,94,57,11.135,2.8260765281063382,6.0,16.025000000000006,16.22921373283994,0.004975124378109453
motif_cb84fd61ebf8f384,degree_preserving_eligible_dyad_edge_swap,94,57,27.885,3.5573937441976105,21.0,35.0,8.184362511877932,0.004975124378109453
motif_e0af2d1455e23c50,degree_preserving_eligible_dyad_edge_swap,94,57,26.945,3.4469380484058223,20.0,34.0,8.719332804342152,0.004975124378109453
motif_eedbe58232b2165f,degree_preserving_eligible_dyad_edge_swap,94,57,9.505,2.9857239890340583,4.0,15.025000000000006,15.907364570348507,0.004975124378109453
motif_394a686a6740f667,degree_preserving_eligible_dyad_edge_swap,94,57,2.33,1.5207443297881833,0.0,6.025000000000006,35.94950112857873,0.004975124378109453
motif_db33a8dd2fbd76cd,degree_preserving_eligible_dyad_edge_swap,94,57,2.28,1.4429172014537945,0.0,6.0,37.92317393185659,0.004975124378109453
motif_eeb4d747c66beaa4,degree_preserving_eligible_dyad_edge_swap,94,56,11.955,2.686832773314855,6.0,17.025000000000006,16.392907082810325,0.004975124378109453
motif_e867f6bd35d65ed5,degree_preserving_eligible_dyad_edge_swap,94,56,10.635,2.591399575286293,5.0,16.0,17.505984191954713,0.004975124378109453
motif_55909787035f2b7d,degree_preserving_eligible_dyad_edge_swap,94,56,9.12,2.3480131663058743,5.0,14.0,19.9658164923139,0.004975124378109453
motif_daeb8129eeb1418a,degree_preserving_eligible_dyad_edge_swap,94,56,7.58,2.6511777983743308,2.9750000000000005,13.0,18.26358082422482,0.004975124378109453
motif_9ff7fa6a2454292d,degree_preserving_eligible_dyad_edge_swap,94,56,5.06,1.9481727039516066,1.0,8.025000000000006,26.147579163117854,0.004975124378109453
motif_022aef1c1df514fd,degree_preserving_eligible_dyad_edge_swap,94,55,10.27,2.611743867639158,5.0,15.0,17.12648799686201,0.004975124378109453
motif_f39afc6a70122d9e,degree_preserving_eligible_dyad_edge_swap,94,54,11.345,2.9494867963442455,6.9750000000000005,17.0,14.461837921386504,0.004975124378109453
motif_1cc5c04e6b29c149,degree_preserving_eligible_dyad_edge_swap,94,54,11.68,2.8048056391427245,6.9750000000000005,17.0,15.088389515979049,0.004975124378109453
motif_294c7240155eb509,degree_preserving_eligible_dyad_edge_swap,94,54,11.5,2.9739235204570473,6.0,18.0,14.290885326287203,0.004975124378109453
motif_34710843320b2fac,degree_preserving_eligible_dyad_edge_swap,94,54,7.61,2.4139252631097343,3.0,12.025000000000006,19.217662082975252,0.004975124378109453
motif_4d469c53f6e01433,degree_preserving_eligible_dyad_edge_swap,94,54,7.805,2.249952539979632,4.0,12.0,20.531544190002418,0.004975124378109453
motif_e2e373750f40345c,degree_preserving_eligible_dyad_edge_swap,94,54,26.57,3.591601034350801,19.0,33.025000000000006,7.637262529343854,0.004975124378109453
motif_c8639dca025e0856,degree_preserving_eligible_dyad_edge_swap,94,54,8.755,2.6627855970164753,4.0,14.0,16.99160460034592,0.004975124378109453
motif_09058bc7eec93ac2,degree_preserving_eligible_dyad_edge_swap,94,54,18.71,2.887488171352134,13.0,25.0,12.22169508783637,0.004975124378109453
motif_29d0f405b61cb8e4,degree_preserving_eligible_dyad_edge_swap,94,54,4.145,1.8577489485339227,1.0,8.0,26.836241807238814,0.004975124378109453
motif_65bcc7505246fac6,degree_preserving_eligible_dyad_edge_swap,94,54,0.9,0.896671679324441,0.0,3.0,59.21899980158393,0.004975124378109453
motif_ece794950718732c,degree_preserving_eligible_dyad_edge_swap,94,54,0.55,0.6999641053252075,0.0,2.0,76.36105850765992,0.004975124378109453
motif_684a163fba0cf367,degree_preserving_eligible_dyad_edge_swap,94,53,30.97,3.9391221632599063,22.0,39.0,5.592616600082439,0.004975124378109453
motif_37830cccbe20e8cf,degree_preserving_eligible_dyad_edge_swap,94,53,22.65,3.532690121916644,15.0,29.0,8.591186589423744,0.004975124378109453
motif_e233cf1dfe3768b5,degree_preserving_eligible_dyad_edge_swap,94,53,9.58,2.7074436755510547,5.0,14.025000000000006,16.03726806658779,0.004975124378109453
motif_ed5e4d011e2b456c,degree_preserving_eligible_dyad_edge_swap,94,53,30.485,4.0486706050680015,23.0,38.025000000000006,5.561084661176539,0.004975124378109453
motif_0b0d398a14e5f2a3,degree_preserving_eligible_dyad_edge_swap,94,53,7.405,2.660142248812947,2.9750000000000005,12.025000000000006,17.14006084462068,0.004975124378109453
motif_7efc4f61929ef0b8,degree_preserving_eligible_dyad_edge_swap,94,53,6.41,2.194534096225776,2.9750000000000005,11.0,21.230018745266637,0.004975124378109453
motif_8543fd62cd4a1170,degree_preserving_eligible_dyad_edge_swap,94,53,21.32,3.3396656770058373,15.975000000000001,28.025000000000006,9.485979455405419,0.004975124378109453
motif_8da5991d298f106b,degree_preserving_eligible_dyad_edge_swap,94,53,5.71,1.9115885682519023,2.0,9.0,24.73858694564462,0.004975124378109453
motif_e0b714267ead3086,degree_preserving_eligible_dyad_edge_swap,94,53,2.665,1.6962195624447038,0.0,6.025000000000006,29.674813988970783,0.004975124378109453
motif_e5b4b238cd487bc9,degree_preserving_eligible_dyad_edge_swap,94,52,8.19,2.356195724352563,3.9750000000000005,13.0,18.59353174577131,0.004975124378109453
motif_2ac06cbfd625bf4e,degree_preserving_eligible_dyad_edge_swap,94,52,5.865,2.289757618122221,1.9750000000000005,10.025000000000006,20.148420791295056,0.004975124378109453
motif_4fafa389d6f3cf6a,degree_preserving_eligible_dyad_edge_swap,94,51,3.57,1.679046151807478,1.0,7.0,28.2481812360798,0.004975124378109453
motif_a3bae32cb507520e,degree_preserving_eligible_dyad_edge_swap,94,51,24.58,3.526439974602201,18.0,31.0,7.491974963498508,0.004975124378109453
motif_6156682426cc8896,degree_preserving_eligible_dyad_edge_swap,94,51,17.965,3.2351360910536964,12.0,24.0,10.211316949340567,0.004975124378109453
motif_2f49498d56eb193d,degree_preserving_eligible_dyad_edge_swap,94,51,8.36,2.524333834209069,3.0,13.0,16.891585186616208,0.004975124378109453
motif_4351f61c6294e968,degree_preserving_eligible_dyad_edge_swap,94,51,6.615,2.0586317844919724,3.0,11.0,21.56043656488734,0.004975124378109453
motif_f219a667fad3d6dc,degree_preserving_eligible_dyad_edge_swap,94,51,8.495,2.6333720286366717,4.0,14.0,16.140902059328607,0.004975124378109453
motif_f36a38d96b0a0951,degree_preserving_eligible_dyad_edge_swap,94,50,3.495,1.8403558209592776,0.0,7.0,25.269569868157056,0.004975124378109453
motif_1e95a6dab5da9df2,degree_preserving_eligible_dyad_edge_swap,94,50,7.09,2.4519298111885206,3.0,13.025000000000006,17.50050095406291,0.004975124378109453
motif_2ad1cf6160fe23c7,degree_preserving_eligible_dyad_edge_swap,94,50,8.385,2.6612376687639596,4.0,13.0,15.637460903418122,0.004975124378109453
motif_40a677a453ac6467,degree_preserving_eligible_dyad_edge_swap,94,50,8.79,2.4629720168485254,4.9750000000000005,14.0,16.731818192855435,0.004975124378109453
motif_7148880977761506,degree_preserving_eligible_dyad_edge_swap,94,50,2.525,1.4934951081911694,0.0,6.0,31.78785102115188,0.004975124378109453
motif_77a83db3cef85faa,degree_preserving_eligible_dyad_edge_swap,94,50,5.75,2.204951030119746,2.0,11.0,20.068472902818563,0.004975124378109453
motif_d0038ba3c8704588,degree_preserving_eligible_dyad_edge_swap,94,50,2.965,1.5543018597932587,0.0,6.025000000000006,30.26117462553653,0.004975124378109453
motif_3c069e7c4f04b0c0,degree_preserving_eligible_dyad_edge_swap,94,50,6.555,2.2765960219670456,2.0,11.0,19.083315432688075,0.004975124378109453
motif_9f155f3c63b0ae66,degree_preserving_eligible_dyad_edge_swap,94,50,4.825,1.9579434909025952,1.0,9.0,23.072678149242556,0.004975124378109453
motif_1bd7b111855e755d,degree_preserving_eligible_dyad_edge_swap,94,49,18.585,3.349458067618354,12.0,25.0,9.080573449789958,0.004975124378109453
motif_2de10e214c2ecf82,degree_preserving_eligible_dyad_edge_swap,94,49,7.1,2.2794692144219635,3.0,12.0,18.381472201906952,0.004975124378109453
motif_bac9340a022e2595,degree_preserving_eligible_dyad_edge_swap,94,49,22.965,3.499285641384538,16.975,31.0,7.440089969248384,0.004975124378109453
motif_ec1808fd0b66f7a0,degree_preserving_eligible_dyad_edge_swap,94,49,7.835,2.4694668112080977,3.0,13.0,16.669590299074116,0.004975124378109453
motif_5d8278297502c784,degree_preserving_eligible_dyad_edge_swap,94,49,6.005,2.1791554770059034,2.0,10.0,19.73012043136724,0.004975124378109453
motif_508757ac2e89a6f3,degree_preserving_eligible_dyad_edge_swap,94,49,1.75,1.2670941710034636,0.0,4.025000000000006,37.2900460607287,0.004975124378109453
motif_6448517953121ee6,degree_preserving_eligible_dyad_edge_swap,94,49,6.08,2.18574642563723,2.0,10.0,19.636312564247774,0.004975124378109453
motif_eba470805227f98f,degree_preserving_eligible_dyad_edge_swap,94,49,1.41,1.191215754963966,0.0,4.0,39.95078120960513,0.004975124378109453
motif_f86305e1294efd83,degree_preserving_eligible_dyad_edge_swap,94,49,2.93,1.732079819902237,0.0,7.0,26.598081376296104,0.004975124378109453
motif_8d08924ed3622983,degree_preserving_eligible_dyad_edge_swap,94,49,2.1,1.4835784526359324,0.0,5.025000000000006,31.612753553188185,0.004975124378109453
motif_5b961f2be4f41e18,degree_preserving_eligible_dyad_edge_swap,94,48,6.815,2.418682518568351,2.0,11.0,17.027865246397834,0.004975124378109453
motif_042d5c92b6ddeb0e,degree_preserving_eligible_dyad_edge_swap,94,48,13.66,2.971286373537198,8.0,19.025000000000006,11.557283843737888,0.004975124378109453
motif_8288677f41522d3e,degree_preserving_eligible_dyad_edge_swap,94,48,4.8,2.071583280110207,1.0,9.0,20.853614920903293,0.004975124378109453
motif_de554d8eb3595187,degree_preserving_eligible_dyad_edge_swap,94,48,5.73,2.0829771889891755,2.0,10.0,20.29306908565462,0.004975124378109453
motif_e1b45ea8e38bda1d,degree_preserving_eligible_dyad_edge_swap,94,48,4.805,1.9534726198188463,1.0,8.025000000000006,22.11190449344801,0.004975124378109453
motif_e7b678b80985a50a,degree_preserving_eligible_dyad_edge_swap,94,47,20.95,3.6142515228400676,14.0,28.0,7.207578065715247,0.004975124378109453
motif_a23b58bb6552ca3b,degree_preserving_eligible_dyad_edge_swap,94,47,15.415,3.1098441525687965,9.0,21.0,10.156457510550851,0.004975124378109453
motif_2cdb329eb88af463,degree_preserving_eligible_dyad_edge_swap,94,47,5.635,2.2285888001605434,2.0,10.0,18.56107326619435,0.004975124378109453
motif_627e0dce19fa9636,degree_preserving_eligible_dyad_edge_swap,94,47,6.025,2.278228836874344,2.0,11.0,17.985462801979267,0.004975124378109453
motif_1f4787323fa6b30a,degree_preserving_eligible_dyad_edge_swap,94,47,3.925,1.8807073939099457,0.9750000000000005,8.0,22.90361602207992,0.004975124378109453
motif_7611ddb360618444,degree_preserving_eligible_dyad_edge_swap,94,47,4.625,1.9681828468394305,1.0,9.0,21.53001184216553,0.004975124378109453
motif_b8f74c60dd14740c,degree_preserving_eligible_dyad_edge_swap,94,46,16.495,3.3878255281293934,10.0,23.0,8.709126179910259,0.004975124378109453
motif_8e4c0f6b5f4dcf4c,degree_preserving_eligible_dyad_edge_swap,94,46,12.065,2.840973539698377,6.0,18.0,11.944849019467757,0.004975124378109453
motif_fb71835b862676ea,degree_preserving_eligible_dyad_edge_swap,94,46,16.69,3.336097681227795,11.0,24.025000000000006,8.785713969026514,0.004975124378109453
motif_34712bfa3ca77994,degree_preserving_eligible_dyad_edge_swap,94,45,30.865,3.7892700931968393,23.0,38.0,3.730269854708332,0.004975124378109453
motif_130e8d015ee1c8e6,degree_preserving_eligible_dyad_edge_swap,94,45,8.13,2.26245297571832,4.0,12.0,16.29647130601418,0.004975124378109453
motif_165c840f51ada343,degree_preserving_eligible_dyad_edge_swap,94,45,14.69,2.9897479768074304,9.0,20.025000000000006,10.137978262758523,0.004975124378109453
motif_0145829533663255,degree_preserving_eligible_dyad_edge_swap,94,45,6.885,2.122332792568607,3.0,11.0,17.959011957719582,0.004975124378109453
motif_3ca241df6e5e399b,degree_preserving_eligible_dyad_edge_swap,94,45,8.28,2.5305371150118043,3.0,13.0,14.510753382026056,0.004975124378109453
motif_472d9dc1836bab98,degree_preserving_eligible_dyad_edge_swap,94,45,2.305,1.3382561967878976,0.0,5.0,31.90345772541698,0.004975124378109453
motif_5bad6588e3c14b16,degree_preserving_eligible_dyad_edge_swap,94,45,0.545,0.7880865447462303,0.0,2.0,56.408779335669074,0.004975124378109453
motif_ebb94316f5d3356b,degree_preserving_eligible_dyad_edge_swap,94,45,7.505,2.4433223529864025,3.0,12.0,15.345907982289337,0.004975124378109453
motif_290c1bbabab0f535,degree_preserving_eligible_dyad_edge_swap,94,45,1.885,1.248828596854511,0.0,4.0,34.52435354907469,0.004975124378109453
motif_5d4a3de6daa53094,degree_preserving_eligible_dyad_edge_swap,94,45,6.33,2.1433782568083477,2.0,11.0,18.041612523205565,0.004975124378109453
motif_a32ef714ca7c1caf,degree_preserving_eligible_dyad_edge_swap,94,45,1.2,1.1118367256583184,0.0,4.0,39.394273447898584,0.004975124378109453
motif_5665f6ba7fc7cdc0,degree_preserving_eligible_dyad_edge_swap,94,44,20.97,3.6172534626516444,14.0,29.025000000000006,6.3667089513593975,0.004975124378109453
motif_4b20edf7a84d17a9,degree_preserving_eligible_dyad_edge_swap,94,44,4.815,2.152659918244887,1.0,9.0,18.203061091019165,0.004975124378109453
motif_4b7f33281feedeaf,degree_preserving_eligible_dyad_edge_swap,94,44,5.725,2.1709306065585006,2.0,10.0,17.630687910690984,0.004975124378109453
motif_57abb9a1ba9ef16c,degree_preserving_eligible_dyad_edge_swap,94,44,1.82,1.286809774980329,0.0,5.0,32.77873763481848,0.004975124378109453
motif_0c0cba279f8eaafe,degree_preserving_eligible_dyad_edge_swap,94,44,4.455,1.9459983421726479,0.9750000000000005,8.0,20.321188946054914,0.004975124378109453
motif_3a44a0047355a92b,degree_preserving_eligible_dyad_edge_swap,94,44,3.47,1.823658039001851,0.0,8.0,22.224561366879627,0.004975124378109453
motif_72376cc605a69c03,degree_preserving_eligible_dyad_edge_swap,94,44,3.995,1.9683360316948781,1.0,8.0,20.32427357718633,0.004975124378109453
motif_7ed0d1a35df795fc,degree_preserving_eligible_dyad_edge_swap,94,44,10.705,2.680278804968208,5.0,16.0,12.42221515846928,0.004975124378109453
motif_396f8c618dc38f26,degree_preserving_eligible_dyad_edge_swap,94,44,2.815,1.6167387609337271,0.0,6.0,25.474121728988624,0.004975124378109453
motif_904ccc169bdd8cf0,degree_preserving_eligible_dyad_edge_swap,94,43,9.675,2.797948817962848,5.0,16.025000000000006,11.910510937888965,0.004975124378109453
motif_94bb9d085649fe12,degree_preserving_eligible_dyad_edge_swap,94,43,1.185,1.0847388125522588,0.0,4.0,38.548450111796384,0.004975124378109453
motif_738262c87e2a834c,degree_preserving_eligible_dyad_edge_swap,94,43,8.11,2.2344718216187096,4.0,12.0,15.614428278949957,0.004975124378109453
motif_5bf36971a980c4ca,degree_preserving_eligible_dyad_edge_swap,94,43,1.435,1.20124516637893,0.0,4.0,34.60159604662119,0.004975124378109453
motif_b8b1456b837147f2,degree_preserving_eligible_dyad_edge_swap,94,43,5.745,2.173382838991814,2.0,10.0,17.141480705388197,0.004975124378109453
motif_cebe0606f15d5cc0,degree_preserving_eligible_dyad_edge_swap,94,43,6.165,2.0044611050374717,2.0,10.0,18.376510228823523,0.004975124378109453
motif_d398da6c713f53b7,degree_preserving_eligible_dyad_edge_swap,94,43,6.425,2.072644270336033,2.0,10.0,17.646539989262212,0.004975124378109453
motif_a328587a896f8edc,degree_preserving_eligible_dyad_edge_swap,94,43,4.37,1.9627434394350223,1.0,9.0,19.68163501344816,0.004975124378109453
motif_2f35404608f3f2ef,degree_preserving_eligible_dyad_edge_swap,94,43,3.345,1.6733125453339146,0.0,7.0,23.698501580340885,0.004975124378109453
motif_2aa95981fc3e8f36,degree_preserving_eligible_dyad_edge_swap,94,42,38.07,3.8962809222546606,30.0,46.0,1.008654170070937,0.20398009950248755
motif_61367486903318cd,degree_preserving_eligible_dyad_edge_swap,94,42,22.7,3.603460090401388,16.0,30.0,5.355963300775778,0.004975124378109453
motif_24fa1a057d5acded,degree_preserving_eligible_dyad_edge_swap,94,42,24.125,3.7549799429370188,17.0,31.025000000000006,4.760345000942609,0.004975124378109453
motif_d9bff20e093a1be3,degree_preserving_eligible_dyad_edge_swap,94,42,23.105,3.673068493889545,16.0,30.025000000000006,5.144200286880956,0.004975124378109453
motif_a5f0aedaba53c141,degree_preserving_eligible_dyad_edge_swap,94,42,16.72,3.261100101092688,11.0,23.0,7.751985286047951,0.004975124378109453
motif_2d9dea63090b7772,degree_preserving_eligible_dyad_edge_swap,94,42,6.895,2.1603961576037265,3.0,11.0,16.24933458451336,0.004975124378109453
motif_5ded3e44b292b50e,degree_preserving_eligible_dyad_edge_swap,94,42,1.745,1.2113263630372058,0.0,4.025000000000006,33.23216700994361,0.004975124378109453
motif_752a9ee5cce96695,degree_preserving_eligible_dyad_edge_swap,94,42,6.21,2.3608830644953813,2.0,11.0,15.159581826916874,0.004975124378109453
motif_f31ec24997c9f33d,degree_preserving_eligible_dyad_edge_swap,94,42,14.88,3.1167564637410106,9.0,21.025000000000006,8.701353575584838,0.004975124378109453
motif_825fab86668eb8ff,degree_preserving_eligible_dyad_edge_swap,94,42,5.395,1.9565570724845844,2.0,9.0,18.708884353430182,0.004975124378109453
motif_9346ea0f68c7424e,degree_preserving_eligible_dyad_edge_swap,94,42,1.23,1.101438073223241,0.0,4.0,37.015244879533675,0.004975124378109453
motif_fc5100af43da23a5,degree_preserving_eligible_dyad_edge_swap,94,41,10.065,2.6468479404945984,5.0,15.025000000000006,11.687486661670254,0.004975124378109453
motif_08f3fda7af28ee0d,degree_preserving_eligible_dyad_edge_swap,94,41,22.39,3.8486308992932767,15.0,29.0,4.835485783637332,0.004975124378109453
motif_ba42a46d0a454734,degree_preserving_eligible_dyad_edge_swap,94,41,18.16,3.366163287242898,11.975000000000001,25.0,6.7851729256745035,0.004975124378109453
motif_f436a966bfb8a0f7,degree_preserving_eligible_dyad_edge_swap,94,41,0.96,0.9502181711924492,0.0,3.0,42.13769133645691,0.004975124378109453
motif_60b43b9090a793bc,degree_preserving_eligible_dyad_edge_swap,94,41,16.985,3.5166188363541746,10.0,23.025000000000006,6.829002834124995,0.004975124378109453
motif_b0af780cd01e57bf,degree_preserving_eligible_dyad_edge_swap,94,41,2.025,1.3240621977526554,0.0,4.025000000000006,29.43592836209105,0.004975124378109453
motif_f5528311f24310da,degree_preserving_eligible_dyad_edge_swap,94,41,2.335,1.4187456417483373,0.0,5.025000000000006,27.252947154327575,0.004975124378109453
motif_fd2c20ed817a1487,degree_preserving_eligible_dyad_edge_swap,94,41,6.84,2.4359947355769878,2.0,12.025000000000006,14.023018810797588,0.004975124378109453
motif_9ce65289eb9b60cb,degree_preserving_eligible_dyad_edge_swap,94,41,11.745,2.749138741332542,6.0,17.0,10.641514580606339,0.004975124378109453
motif_67b3ff2f437cc158,degree_preserving_eligible_dyad_edge_swap,94,40,33.12,3.7262615482046,25.0,40.0,1.846354559656433,0.04975124378109453
motif_e744486a4774c589,degree_preserving_eligible_dyad_edge_swap,94,40,11.935,2.6582147256454274,7.0,17.0,10.557837833505221,0.004975124378109453
motif_2f1cad9346e74372,degree_preserving_eligible_dyad_edge_swap,94,40,7.435,2.479215105167043,3.0,13.0,13.135205546356113,0.004975124378109453
motif_1890479618ebbd5a,degree_preserving_eligible_dyad_edge_swap,94,40,16.8,3.4582942319841554,10.975000000000001,24.0,6.708509584127917,0.004975124378109453
motif_a79cab0e1b2c2fbf,degree_preserving_eligible_dyad_edge_swap,94,40,6.195,2.1819209184735273,2.0,10.0,15.493228793851058,0.004975124378109453
motif_8772d8cec906d3dc,degree_preserving_eligible_dyad_edge_swap,94,39,32.175,3.934689812373777,25.0,39.025000000000006,1.734571294168299,0.05472636815920398
motif_2768109c9ad0c060,degree_preserving_eligible_dyad_edge_swap,94,39,7.8,2.3574963297370415,3.0,12.025000000000006,13.234379034422544,0.004975124378109453
motif_d1f6be288fa1eb5b,degree_preserving_eligible_dyad_edge_swap,94,39,8.45,2.4345709433885787,4.0,13.0,12.548412311813234,0.004975124378109453
motif_1ad6eca41bc12d2a,degree_preserving_eligible_dyad_edge_swap,94,39,7.195,2.3354327717054453,3.0,12.0,13.618460948792142,0.004975124378109453
motif_280c39cdcfcace26,degree_preserving_eligible_dyad_edge_swap,94,39,5.55,2.3095823982424535,2.0,10.0,14.48313774189429,0.004975124378109453
motif_87cc0947b79bd1a4,degree_preserving_eligible_dyad_edge_swap,94,39,5.645,2.116927469127777,2.0,10.0,15.756326320307531,0.004975124378109453
motif_a286a547b110eed9,degree_preserving_eligible_dyad_edge_swap,94,39,5.855,2.366851267955618,2.0,11.0,14.003837270530813,0.004975124378109453
motif_aeb7b3cc0e77bf78,degree_preserving_eligible_dyad_edge_swap,94,39,4.565,1.9298696808138667,1.0,9.0,17.843173734652403,0.004975124378109453
motif_c297aea309bced17,degree_preserving_eligible_dyad_edge_swap,94,39,0.835,0.8897941718969106,0.0,3.0,42.89194198545695,0.004975124378109453
motif_ef33fbd9d0acc07e,degree_preserving_eligible_dyad_edge_swap,94,39,14.015,3.2692837258950176,8.975000000000001,21.0,7.642346793611486,0.004975124378109453
motif_f3686eff0a11ab0b,degree_preserving_eligible_dyad_edge_swap,94,39,5.065,2.1102227846853125,1.0,10.0,16.081240448297294,0.004975124378109453
motif_5bfc4a225f2f79e3,degree_preserving_eligible_dyad_edge_swap,94,39,4.43,2.011299737275832,0.9750000000000005,8.0,17.187890675520446,0.004975124378109453
motif_a1bf96e5bcfd11c0,degree_preserving_eligible_dyad_edge_swap,94,39,5.385,2.2070638081547016,1.0,10.0,15.230642573992947,0.004975124378109453
motif_a74b93da382c579d,degree_preserving_eligible_dyad_edge_swap,94,39,3.905,1.7696421010557886,1.0,8.0,19.83169363966981,0.004975124378109453
motif_bc3158d22549bb20,degree_preserving_eligible_dyad_edge_swap,94,39,4.03,1.8726006423765709,1.0,8.0,18.67456371029467,0.004975124378109453
motif_bc9fa3f671bd8fbc,degree_preserving_eligible_dyad_edge_swap,94,39,4.215,1.9845572142630246,1.0,8.025000000000006,17.52783933363069,0.004975124378109453
motif_0993068cca98bb75,degree_preserving_eligible_dyad_edge_swap,94,39,3.305,1.7165979560495728,0.0,7.0,20.794036177315117,0.004975124378109453
motif_e390ceeffbb5a40b,degree_preserving_eligible_dyad_edge_swap,94,38,5.27,2.0042918773592446,1.9750000000000005,10.0,16.329956913822066,0.004975124378109453
motif_49217163f0dffbc8,degree_preserving_eligible_dyad_edge_swap,94,38,26.415,3.594073150207886,20.0,33.025000000000006,3.223362328985961,0.004975124378109453
motif_589b182e5642be3c,degree_preserving_eligible_dyad_edge_swap,94,38,23.77,3.6912363959320293,17.0,31.0,3.855076856004763,0.004975124378109453
motif_8d85dc8910d4a0d4,degree_preserving_eligible_dyad_edge_swap,94,38,5.01,2.0100001250031214,1.0,9.0,16.412934302652726,0.004975124378109453
motif_91f8b80b46fb6115,degree_preserving_eligible_dyad_edge_swap,94,38,10.195,2.574903032764671,5.0,15.0,10.798464892150054,0.004975124378109453
motif_a25aafa6bbcffed2,degree_preserving_eligible_dyad_edge_swap,94,38,27.19,3.6497263613266697,20.975,35.0,2.961865885219565,0.004975124378109453
motif_15072348c6870401,degree_preserving_eligible_dyad_edge_swap,94,37,23.065,3.270205839263911,16.0,30.0,4.261199656819346,0.004975124378109453
motif_029c13843bbf61d1,degree_preserving_eligible_dyad_edge_swap,94,37,17.17,3.1401277060097823,12.0,23.0,6.315029787498147,0.004975124378109453
motif_37475eace4a84e41,degree_preserving_eligible_dyad_edge_swap,94,37,2.9,1.5465961977823999,0.0,6.0,22.048418358259628,0.004975124378109453
motif_39ec7fe0f96a2be6,degree_preserving_eligible_dyad_edge_swap,94,37,11.54,2.9938630697481825,6.0,17.0,8.50406294705438,0.004975124378109453
motif_54c504eb0430ba25,degree_preserving_eligible_dyad_edge_swap,94,37,15.775,3.413596079057213,9.0,22.025000000000006,6.217783096898227,0.004975124378109453
motif_a314b9317c488409,degree_preserving_eligible_dyad_edge_swap,94,37,7.155,2.155039670145193,3.0,11.0,13.848932998059023,0.004975124378109453
motif_f4bfcdb57c53a8e9,degree_preserving_eligible_dyad_edge_swap,94,37,23.085,3.37858687119795,16.975,29.025000000000006,4.1185858261108255,0.004975124378109453
motif_a60a2225f65ee9fa,degree_preserving_eligible_dyad_edge_swap,94,37,12.56,3.1791405557739703,7.0,19.0,7.687612287418986,0.004975124378109453
motif_d15afefdf81c9369,degree_preserving_eligible_dyad_edge_swap,94,37,4.41,1.8271817000025257,1.0,8.0,17.836211910372654,0.004975124378109453
motif_07019d963bc595b3,degree_preserving_eligible_dyad_edge_swap,94,37,0.795,0.828496852846092,0.0,2.0250000000000057,43.69962284784408,0.004975124378109453
motif_4215b9a5488b5aa2,degree_preserving_eligible_dyad_edge_swap,94,37,3.64,1.796255177672867,1.0,7.0,18.57197151866777,0.004975124378109453
motif_9aa9557464dbe999,degree_preserving_eligible_dyad_edge_swap,94,37,6.745,2.128999340289886,3.0,11.0,14.210901538316334,0.004975124378109453
motif_c965da534d6c6b89,degree_preserving_eligible_dyad_edge_swap,94,37,12.225,3.10039306958483,6.0,18.025000000000006,7.990922261775534,0.004975124378109453
motif_e188e11aa9d19f55,degree_preserving_eligible_dyad_edge_swap,94,37,5.75,2.17281051351428,2.0,10.0,14.382294178730104,0.004975124378109453
motif_e5a69fb349d827dd,degree_preserving_eligible_dyad_edge_swap,94,37,6.775,2.256063855612915,2.9750000000000005,11.025000000000006,13.397227177237252,0.004975124378109453
motif_ab039606710983b0,degree_preserving_eligible_dyad_edge_swap,94,37,9.66,2.86275686784996,5.0,16.0,9.550234708032816,0.004975124378109453
motif_5c6c6345350ffc64,degree_preserving_eligible_dyad_edge_swap,94,36,9.065,2.5931442275593968,3.9750000000000005,13.0,10.387004206607727,0.004975124378109453
motif_6a6b5b0ababd7fc9,degree_preserving_eligible_dyad_edge_swap,94,36,17.645,3.2683921023453375,11.975000000000001,25.0,5.615911257045565,0.004975124378109453
motif_b462ae70ca309b24,degree_preserving_eligible_dyad_edge_swap,94,36,5.615,2.006716110399948,2.0,10.0,15.141653491755806,0.004975124378109453
motif_fbbeca09a9cbe02e,degree_preserving_eligible_dyad_edge_swap,94,36,6.155,2.0596567504436876,2.0,10.0,14.490278534795102,0.004975124378109453
motif_0e63e1f3da53f70b,degree_preserving_eligible_dyad_edge_swap,94,36,4.345,1.74389819213239,1.9750000000000005,8.0,18.15186238669882,0.004975124378109453
motif_5a1d60dbf66e3db1,degree_preserving_eligible_dyad_edge_swap,94,36,4.315,1.786542377986515,1.0,8.0,17.735375544637183,0.004975124378109453
motif_5bf76cb491ac43d3,degree_preserving_eligible_dyad_edge_swap,94,36,18.93,3.049853773576859,13.0,26.0,5.596989648451361,0.004975124378109453
motif_68738de32e9c0312,degree_preserving_eligible_dyad_edge_swap,94,36,2.35,1.462255434174847,0.0,5.025000000000006,23.012395244739675,0.004975124378109453
motif_82337625a556d562,degree_preserving_eligible_dyad_edge_swap,94,36,17.56,3.2386485176853523,11.0,24.0,5.693733018357604,0.004975124378109453
motif_9737518e452322bd,degree_preserving_eligible_dyad_edge_swap,94,36,5.895,2.155739097218488,2.0,11.0,13.96504801478247,0.004975124378109453
motif_a11a2373437f53ac,degree_preserving_eligible_dyad_edge_swap,94,36,1.32,1.0832669738727456,0.0,3.0250000000000057,32.014268722710966,0.004975124378109453
motif_b958f616b5f82bc4,degree_preserving_eligible_dyad_edge_swap,94,36,12.845,2.9383916908137384,7.0,20.0,7.880161134538061,0.004975124378109453
motif_ebed88d2a144263b,degree_preserving_eligible_dyad_edge_swap,94,36,3.64,1.674640890027699,1.0,7.0,19.323545837618212,0.004975124378109453
motif_b7999bf61588abbf,degree_preserving_eligible_dyad_edge_swap,94,35,18.505,3.0424096176233424,13.0,25.0,5.4216894084385325,0.004975124378109453
motif_e153f64de5d09b33,degree_preserving_eligible_dyad_edge_swap,94,35,6.775,2.206517299493666,3.0,12.025000000000006,12.79165135323292,0.004975124378109453
motif_66d789541717095f,degree_preserving_eligible_dyad_edge_swap,94,35,13.735,2.8785770842815297,8.0,20.0,7.387330398799301,0.004975124378109453
motif_f5e851e8a26bb0d0,degree_preserving_eligible_dyad_edge_swap,94,35,5.73,2.0092999856071283,3.0,10.025000000000006,14.567262334974735,0.004975124378109453
motif_0dede2e6fa5a899a,degree_preserving_eligible_dyad_edge_swap,94,35,12.08,2.8870878722182223,6.9750000000000005,18.0,7.938795427930633,0.004975124378109453
motif_138711240361b16d,degree_preserving_eligible_dyad_edge_swap,94,35,5.705,2.0880071526090926,2.0,9.0,14.03012435249281,0.004975124378109453
motif_2640c36f9d12e013,degree_preserving_eligible_dyad_edge_swap,94,35,5.49,2.1242557076674613,2.0,10.0,13.891924542551164,0.004975124378109453
motif_30a6e62e9c0d1251,degree_preserving_eligible_dyad_edge_swap,94,35,7.785,2.3336677195191333,3.0,12.0,11.661900180719739,0.004975124378109453
motif_4f19d2064be25086,degree_preserving_eligible_dyad_edge_swap,94,35,13.99,3.0654338065126367,8.975000000000001,20.0,6.853842335581807,0.004975124378109453
motif_9299e8337472a50e,degree_preserving_eligible_dyad_edge_swap,94,35,2.295,1.4346659303330132,0.0,5.0,22.7962477595105,0.004975124378109453
motif_a6141d4b71e71270,degree_preserving_eligible_dyad_edge_swap,94,35,8.9,2.661846565014293,4.0,14.0,9.805223314913292,0.004975124378109453
motif_0f41a99567ec9bba,degree_preserving_eligible_dyad_edge_swap,94,35,4.65,1.9093791250603114,2.0,9.0,15.895219342068243,0.004975124378109453
motif_2365c8970a548362,degree_preserving_eligible_dyad_edge_swap,94,35,3.655,1.7294304404170782,1.0,8.0,18.124464140020965,0.004975124378109453
motif_564f9cbbae11e040,degree_preserving_eligible_dyad_edge_swap,94,35,10.11,2.680264743542581,5.0,15.0,9.286396077091322,0.004975124378109453
motif_632e37d2fe836c60,degree_preserving_eligible_dyad_edge_swap,94,35,8.76,2.4744726863267026,4.0,14.0,10.604279507709045,0.004975124378109453
motif_a789c00a2ba82862,degree_preserving_eligible_dyad_edge_swap,94,34,2.23,1.3988868510750088,0.0,5.0,22.710914735945632,0.004975124378109453
motif_26c1177b7e91b833,degree_preserving_eligible_dyad_edge_swap,94,34,7.78,2.3364277160575306,3.9750000000000005,12.0,11.222260299258656,0.004975124378109453
motif_561aab0d2e3fcfbf,degree_preserving_eligible_dyad_edge_swap,94,34,19.43,3.6567690382351166,12.975000000000001,26.0,3.984391644004946,0.004975124378109453
motif_865a7e1db6e3d015,degree_preserving_eligible_dyad_edge_swap,94,34,0.765,0.7828404664935875,0.0,2.0,42.454371513090706,0.004975124378109453
motif_e7b47efe0af02072,degree_preserving_eligible_dyad_edge_swap,94,34,5.33,2.117431837849733,1.9750000000000005,10.0,13.539987208804128,0.004975124378109453
motif_204392044e79cf6a,degree_preserving_eligible_dyad_edge_swap,94,34,1.22,0.9881712463233793,0.0,3.0,33.172388006595305,0.004975124378109453
motif_5d4f727711085252,degree_preserving_eligible_dyad_edge_swap,94,34,15.7,3.2531391874410067,9.975000000000001,23.0,5.625335697485233,0.004975124378109453
motif_aa915ce5086e7958,degree_preserving_eligible_dyad_edge_swap,94,34,6.655,2.1233270091862213,2.9750000000000005,11.0,12.878374306781952,0.004975124378109453
motif_1ccba954f9a8e8c0,degree_preserving_eligible_dyad_edge_swap,94,34,0.65,0.7485329034435887,0.0,2.0,44.55381967389138,0.004975124378109453
motif_2d48a4fd368d5657,degree_preserving_eligible_dyad_edge_swap,94,34,3.85,1.8802063395800435,1.0,8.0,16.035474067561225,0.004975124378109453
motif_58108fef281175a5,degree_preserving_eligible_dyad_edge_swap,94,34,6.82,2.5177959572634285,2.0,12.0,10.795155946449972,0.004975124378109453
motif_594088dea3ed99ad,degree_preserving_eligible_dyad_edge_swap,94,34,8.64,2.6619220773209418,4.0,14.0,9.526950550529733,0.004975124378109453
motif_7d709f8abcdc82e5,degree_preserving_eligible_dyad_edge_swap,94,34,3.49,1.7989108932935085,0.0,7.0,16.960261963915972,0.004975124378109453
motif_8182686a0f8422e0,degree_preserving_eligible_dyad_edge_swap,94,34,4.22,1.6988319960354454,1.0,8.0,17.529691028599306,0.004975124378109453
motif_8d50e2fb8f9fbd00,degree_preserving_eligible_dyad_edge_swap,94,34,14.495,3.149535341018036,8.975000000000001,21.0,6.192977022983755,0.004975124378109453
motif_b920e1f8dcf87b42,degree_preserving_eligible_dyad_edge_swap,94,34,3.67,1.7482511002564065,0.9750000000000005,7.0,17.34876643037814,0.004975124378109453
motif_dc67d5aaeb0b97c0,degree_preserving_eligible_dyad_edge_swap,94,34,0.625,0.7259545786419811,0.0,2.0,45.973950687704864,0.004975124378109453
motif_027ba7efe2fe2e56,degree_preserving_eligible_dyad_edge_swap,94,34,3.155,1.5758781551246248,0.9750000000000005,6.0,19.573213766365516,0.004975124378109453
motif_4278b35cbcfd2b6b,degree_preserving_eligible_dyad_edge_swap,94,34,0.52,0.6722048024838949,0.0,2.0,49.806249339913236,0.004975124378109453
motif_44f14a83080f71ac,degree_preserving_eligible_dyad_edge_swap,94,34,11.625,2.744455351409346,6.9750000000000005,17.0,8.152801607251465,0.004975124378109453
motif_857cf1d41f71c8f6,degree_preserving_eligible_dyad_edge_swap,94,34,4.9,1.9231465004808022,2.0,9.0,15.131452540263972,0.004975124378109453
motif_99f25f43459111ca,degree_preserving_eligible_dyad_edge_swap,94,34,9.395,2.74346642775176,4.0,14.025000000000006,8.968580679940567,0.004975124378109453
motif_f548207977f75af1,degree_preserving_eligible_dyad_edge_swap,94,34,2.67,1.563111186996808,0.0,6.0,20.04335984581753,0.004975124378109453
motif_add33857e4b485af,degree_preserving_eligible_dyad_edge_swap,94,34,6.785,2.265931869271648,2.0,11.0,12.010511158372948,0.004975124378109453
motif_070e91bcc54960a5,degree_preserving_eligible_dyad_edge_swap,94,33,13.5,2.830203217307245,9.0,19.0,6.889964607754558,0.004975124378109453
motif_567b7af85cfa22f3,degree_preserving_eligible_dyad_edge_swap,94,33,5.995,2.118351259895655,2.0,10.0,12.748121858378767,0.004975124378109453
motif_9549cf95a022f9b4,degree_preserving_eligible_dyad_edge_swap,94,33,3.285,1.5703838790684892,0.9750000000000005,7.0,18.9221249632454,0.004975124378109453
motif_552be5f9f12c3639,degree_preserving_eligible_dyad_edge_swap,94,33,2.73,1.4927294483697153,0.0,6.0,20.278289567516328,0.004975124378109453
motif_089bbb6e336a32e3,degree_preserving_eligible_dyad_edge_swap,94,33,13.045,2.9676607033573186,8.0,19.0,6.724151442725538,0.004975124378109453
motif_367019b89a849370,degree_preserving_eligible_dyad_edge_swap,94,33,13.685,3.0334442338038774,8.0,20.0,6.367349623493616,0.004975124378109453
motif_3a74636fdbc8b97b,degree_preserving_eligible_dyad_edge_swap,94,33,12.745,2.840832031846625,8.0,19.0,7.129953398488559,0.004975124378109453
motif_44b052f6015177f9,degree_preserving_eligible_dyad_edge_swap,94,33,10.34,2.6380288057372487,6.0,16.0,8.589746992420434,0.004975124378109453
motif_8dcfc98226e1efc7,degree_preserving_eligible_dyad_edge_swap,94,33,4.435,1.8555295604621176,1.0,9.0,15.394527044282668,0.004975124378109453
motif_91d7797e53fe79ef,degree_preserving_eligible_dyad_edge_swap,94,33,2.335,1.436346216015243,0.0,5.0,21.34930955927312,0.004975124378109453
motif_971e3dbb7f58e1ea,degree_preserving_eligible_dyad_edge_swap,94,33,12.855,2.8923699659795425,8.0,18.0,6.964876636442878,0.004975124378109453
motif_def29965c110d7de,degree_preserving_eligible_dyad_edge_swap,94,33,1.365,1.156921491149429,0.0,4.0,27.34411992690176,0.004975124378109453
motif_23a242d75055148a,degree_preserving_eligible_dyad_edge_swap,94,33,3.16,1.6818271949186216,1.0,7.0,17.742607617570286,0.004975124378109453
motif_3be567c2d0a1b7d5,degree_preserving_eligible_dyad_edge_swap,94,33,2.78,1.5009544701982287,0.0,6.0,20.133855223475827,0.004975124378109453
motif_6542648bb13448a0,degree_preserving_eligible_dyad_edge_swap,94,33,5.1,1.8755233775398514,2.0,9.0,14.875847634912871,0.004975124378109453
motif_a244b5d5e3725e95,degree_preserving_eligible_dyad_edge_swap,94,33,0.89,0.8434792744532392,0.0,3.0,38.068510955191364,0.004975124378109453
motif_a97c649fcff5d5d1,degree_preserving_eligible_dyad_edge_swap,94,33,10.11,2.6557797026759804,5.0,15.025000000000006,8.618937774445634,0.004975124378109453
motif_deb1cfa3eafe01ec,degree_preserving_eligible_dyad_edge_swap,94,33,1.695,1.2121557688845945,0.0,4.0,25.825888721221315,0.004975124378109453
motif_599a47832de48e0b,degree_preserving_eligible_dyad_edge_swap,94,33,2.285,1.40486412726655,0.0,5.025000000000006,21.863324291554303,0.004975124378109453
motif_0ef225c16706d8fe,degree_preserving_eligible_dyad_edge_swap,94,32,32.925,4.330489660941077,25.0,41.025000000000006,-0.2136017107587278,0.6517412935323383
motif_8173fff60f0d3407,degree_preserving_eligible_dyad_edge_swap,94,32,1.985,1.3280033753059977,0.0,5.0,22.601599181240005,0.004975124378109453
motif_9a804183b3321941,degree_preserving_eligible_dyad_edge_swap,94,32,6.79,2.153855955579883,3.0,12.0,11.704589591838657,0.004975124378109453
motif_e8cc14ed19806fcc,degree_preserving_eligible_dyad_edge_swap,94,32,4.265,1.8224658870738129,1.0,8.0,15.218391848492628,0.004975124378109453
motif_8669434201178897,degree_preserving_eligible_dyad_edge_swap,94,32,3.6,1.6472910608620388,0.9750000000000005,7.0,17.240426221422023,0.004975124378109453
motif_55f635f51d345c44,degree_preserving_eligible_dyad_edge_swap,94,32,10.505,2.587168763543513,6.0,16.0,8.30830995754579,0.004975124378109453
motif_72859cdf5403f701,degree_preserving_eligible_dyad_edge_swap,94,32,2.545,1.384760923073132,0.0,5.0,21.270819756114985,0.004975124378109453
motif_80fca12529cb792b,degree_preserving_eligible_dyad_edge_swap,94,32,5.425,1.9502286942302425,2.0,9.025000000000006,13.62660701210182,0.004975124378109453
motif_a60b470ee33da55c,degree_preserving_eligible_dyad_edge_swap,94,32,2.085,1.2552502803551406,0.0,5.0,23.83190067206065,0.004975124378109453
motif_d409f63c308a2d6d,degree_preserving_eligible_dyad_edge_swap,94,32,4.36,1.8101889182066022,1.0,8.0,15.269124521756334,0.004975124378109453
motif_fbe47b283d485aaf,degree_preserving_eligible_dyad_edge_swap,94,32,10.48,2.544004677471128,6.9750000000000005,16.0,8.459103943705006,0.004975124378109453
motif_010b3c71bdbcf2a6,degree_preserving_eligible_dyad_edge_swap,94,32,7.985,2.42573617277302,4.0,13.0,9.900087350615241,0.004975124378109453
motif_0f0ac668f0dc386c,degree_preserving_eligible_dyad_edge_swap,94,32,1.665,1.1788653943900689,0.0,4.0,25.732369568533286,0.004975124378109453
motif_9f061127188bad39,degree_preserving_eligible_dyad_edge_swap,94,32,3.435,1.627581058043658,1.0,7.0,17.550585182119868,0.004975124378109453
motif_a1fd530b04ced400,degree_preserving_eligible_dyad_edge_swap,94,32,1.94,1.351120882153391,0.0,5.0,22.248194367398817,0.004975124378109453
motif_b715f164644b06ac,degree_preserving_eligible_dyad_edge_swap,94,32,2.875,1.449094328144064,0.0,6.0,20.098760608153103,0.004975124378109453
motif_3194408fb9452179,degree_preserving_eligible_dyad_edge_swap,94,31,28.075,4.074602672000468,20.0,36.025000000000006,0.7178614052603911,0.2537313432835821
motif_a357866e74d5aac1,degree_preserving_eligible_dyad_edge_swap,94,31,25.42,3.358571124749333,19.0,32.025000000000006,1.6614208223494036,0.07462686567164178
motif_041663865fdf67e1,degree_preserving_eligible_dyad_edge_swap,94,31,20.675,3.174865960847283,15.0,27.0,3.252105798269526,0.004975124378109453
motif_082f79e52f52ff53,degree_preserving_eligible_dyad_edge_swap,94,31,1.86,1.2879027398591414,0.0,5.0,22.625932143903242,0.004975124378109453
motif_c99164990c51b2e9,degree_preserving_eligible_dyad_edge_swap,94,31,20.655,3.4358405085218964,14.0,27.0,3.010908094930877,0.004975124378109453
motif_d1d448d03e415c86,degree_preserving_eligible_dyad_edge_swap,94,31,1.565,1.2342576553536124,0.0,4.0,23.84834306866578,0.004975124378109453
motif_038ad01f2250792b,degree_preserving_eligible_dyad_edge_swap,94,31,4.765,1.9746572757782344,2.0,9.0,13.28584981394328,0.004975124378109453
motif_080cca411daac145,degree_preserving_eligible_dyad_edge_swap,94,31,3.345,1.7030787964550205,0.0,6.050000000000011,16.23823868723175,0.004975124378109453
motif_47d78b52f7b40f0b,degree_preserving_eligible_dyad_edge_swap,94,31,1.9,1.264116272242686,0.0,5.0,23.020034342547696,0.004975124378109453
motif_9a81ed62d65435c3,degree_preserving_eligible_dyad_edge_swap,94,31,1.605,1.2067544412211766,0.0,4.025000000000006,24.35872535116067,0.004975124378109453
motif_af254a1c82e36b5f,degree_preserving_eligible_dyad_edge_swap,94,31,6.205,2.448048140558609,2.0,12.0,10.128477291440086,0.004975124378109453
motif_fe7b90304caa5322,degree_preserving_eligible_dyad_edge_swap,94,31,0.26,0.5036549828092066,0.0,2.0,61.033844693729264,0.004975124378109453
motif_03a86f20681e50ea,degree_preserving_eligible_dyad_edge_swap,94,31,4.825,2.1063137916618038,1.0,9.0,12.42692333099566,0.004975124378109453
motif_4fb69e3be74bb949,degree_preserving_eligible_dyad_edge_swap,94,31,2.5,1.526976847059996,0.0,6.0,18.664330146768894,0.004975124378109453
motif_da6a723978c7cfb8,degree_preserving_eligible_dyad_edge_swap,94,30,23.83,3.518950848673064,17.0,30.025000000000006,1.7533635067186581,0.05970149253731343
motif_144357e970631bdc,degree_preserving_eligible_dyad_edge_swap,94,30,16.99,3.1670254579425583,11.0,24.0,4.107955610957381,0.004975124378109453
motif_309e1fd1b1c35d59,degree_preserving_eligible_dyad_edge_swap,94,30,9.52,2.5122013810390427,5.0,14.025000000000006,8.15221269862112,0.004975124378109453
motif_4d94dac0da31b256,degree_preserving_eligible_dyad_edge_swap,94,30,1.65,1.380954443810295,0.0,5.0,20.52927967831972,0.004975124378109453
motif_64c46f0bc8a7853d,degree_preserving_eligible_dyad_edge_swap,94,30,13.45,3.1650573359259226,7.0,20.0,5.228973204416967,0.004975124378109453
motif_747d5d7b30279f2d,degree_preserving_eligible_dyad_edge_swap,94,30,5.78,2.069544654115219,2.0,10.0,11.703057458479746,0.004975124378109453
motif_810b92e3ea05e188,degree_preserving_eligible_dyad_edge_swap,94,30,5.65,1.8988226979344216,2.0,9.0,12.823735479088402,0.004975124378109453
motif_88f193386373d65c,degree_preserving_eligible_dyad_edge_swap,94,30,5.23,2.0489242182817065,1.0,9.0,12.089270934955767,0.004975124378109453
motif_fff7782cb017e67a,degree_preserving_eligible_dyad_edge_swap,94,30,6.93,2.2783887456669705,3.0,12.0,10.125576701462569,0.004975124378109453
motif_03815a9e83d32c65,degree_preserving_eligible_dyad_edge_swap,94,30,4.055,1.754241092052408,1.0,7.0,14.789871311043768,0.004975124378109453
motif_2239e63c934728ab,degree_preserving_eligible_dyad_edge_swap,94,30,7.31,2.2559580522847336,3.0,12.0,10.05781112686053,0.004975124378109453
motif_5cc36c8196edf8e4,degree_preserving_eligible_dyad_edge_swap,94,30,7.26,2.3062946418171224,3.0,12.0,9.859971743282214,0.004975124378109453
motif_8a3a45dc361aa47b,degree_preserving_eligible_dyad_edge_swap,94,30,4.5,1.7335008294281664,1.0,8.0,14.710116988182659,0.004975124378109453
motif_8d236ec1aa320a9d,degree_preserving_eligible_dyad_edge_swap,94,30,0.81,0.8229741382089744,0.0,3.0,35.468915297296874,0.004975124378109453
motif_0e5e85a7dddbb60d,degree_preserving_eligible_dyad_edge_swap,94,30,0.575,0.6977170237468271,0.0,2.0,42.17325792336855,0.004975124378109453
motif_1ba4c51f0f8fad83,degree_preserving_eligible_dyad_edge_swap,94,30,5.525,2.0519325368243444,2.0,9.025000000000006,11.927780061365235,0.004975124378109453
motif_ecd6dde695a866b9,degree_preserving_eligible_dyad_edge_swap,94,29,22.725,3.568338577125919,16.0,30.025000000000006,1.7585214699705238,0.05472636815920398
motif_c1d59433f9939b77,degree_preserving_eligible_dyad_edge_swap,94,29,1.03,0.9345947446264707,0.0,3.0,29.927409886280458,0.004975124378109453
motif_f972b2865c90f585,degree_preserving_eligible_dyad_edge_swap,94,29,22.31,3.780922755680433,15.0,31.0,1.769409330023733,0.06965174129353234
motif_53e8134231efd6a0,degree_preserving_eligible_dyad_edge_swap,94,29,3.49,1.5755353241958578,1.0,7.0,16.191322154595372,0.004975124378109453
motif_2268a823202931ea,degree_preserving_eligible_dyad_edge_swap,94,29,9.305,2.6885154970521277,4.0,15.0,7.325604044906918,0.004975124378109453
motif_3dca7fe7a9c94f2f,degree_preserving_eligible_dyad_edge_swap,94,29,14.78,3.112884554758861,9.0,21.0,4.5681103008658,0.004975124378109453
motif_462c4df0c1cacf78,degree_preserving_eligible_dyad_edge_swap,94,29,17.115,3.2765000017253976,12.0,24.025000000000006,3.627346251714142,0.004975124378109453
motif_652e84642f661624,degree_preserving_eligible_dyad_edge_swap,94,29,1.425,1.2048374022369754,0.0,4.0,22.88690569267069,0.004975124378109453
motif_7434dae0d646da6b,degree_preserving_eligible_dyad_edge_swap,94,29,0.5,0.6419192328537429,0.0,2.0,44.398108891829295,0.004975124378109453
motif_90e3cc1dcf4e3b79,degree_preserving_eligible_dyad_edge_swap,94,29,7.34,2.458581525103019,3.0,12.025000000000006,8.809958009870105,0.004975124378109453
motif_ace47faad0c74b11,degree_preserving_eligible_dyad_edge_swap,94,29,0.54,0.6861149822327322,0.0,2.0,41.479927908564875,0.004975124378109453
motif_e51d13cc35f9cbc0,degree_preserving_eligible_dyad_edge_swap,94,29,6.305,2.1853727991710676,2.0,11.0,10.384955833900937,0.004975124378109453
motif_ee6ea2d9e15ae257,degree_preserving_eligible_dyad_edge_swap,94,29,14.9,3.0490133505874146,9.0,21.0,4.624446789412559,0.004975124378109453
motif_515f2a2b2aaee61d,degree_preserving_eligible_dyad_edge_swap,94,29,5.525,2.18707372013072,2.0,10.0,10.733520221072801,0.004975124378109453
motif_73bf87366dc57d10,degree_preserving_eligible_dyad_edge_swap,94,29,7.39,2.337782310364519,3.0,13.0,9.243803370481684,0.004975124378109453
motif_9aea37b624069e78,degree_preserving_eligible_dyad_edge_swap,94,29,10.79,2.764800282663303,5.0,16.0,6.586370854410684,0.004975124378109453
motif_c1cb74bf02920d95,degree_preserving_eligible_dyad_edge_swap,94,29,12.15,2.7578121107484734,7.0,18.0,6.109915876548563,0.004975124378109453
motif_cb910122203920e9,degree_preserving_eligible_dyad_edge_swap,94,29,2.92,1.484797331482614,0.0,6.0,17.56468674008078,0.004975124378109453
motif_d9d6a0af6bcd611b,degree_preserving_eligible_dyad_edge_swap,94,29,1.54,1.1467235387711627,0.0,4.0,23.946486726370278,0.004975124378109453
motif_7c9654a7552f1afd,degree_preserving_eligible_dyad_edge_swap,94,29,1.26,1.0761928055761518,0.0,4.0,25.77605040311441,0.004975124378109453
motif_43cc804437a47f43,degree_preserving_eligible_dyad_edge_swap,94,28,18.66,3.2599904429986,12.0,25.0,2.8650390739823437,0.009950248756218905
motif_94fda426c64e7b30,degree_preserving_eligible_dyad_edge_swap,94,28,6.985,2.0137155338468937,3.0,11.025000000000006,10.435932805193232,0.004975124378109453
motif_ac678f6d8b8171a2,degree_preserving_eligible_dyad_edge_swap,94,28,9.625,2.797050672102949,4.0,15.0,6.569419776076079,0.004975124378109453
motif_c6162316b5742d5a,degree_preserving_eligible_dyad_edge_swap,94,28,17.495,3.0621657852706794,12.0,24.0,3.4305784652581806,0.004975124378109453
motif_4625a9fb33fe9a18,degree_preserving_eligible_dyad_edge_swap,94,28,5.92,1.9500289908938877,2.9750000000000005,10.025000000000006,11.32290858397884,0.004975124378109453
motif_47ce3e87e8a12011,degree_preserving_eligible_dyad_edge_swap,94,28,9.84,2.5744004522300354,5.0,15.0,7.054069612312714,0.004975124378109453
motif_65b770a6b0dde937,degree_preserving_eligible_dyad_edge_swap,94,28,12.61,3.266688886534351,7.0,19.0,4.711192444263445,0.004975124378109453
motif_7887aeea576de116,degree_preserving_eligible_dyad_edge_swap,94,28,1.355,1.088530889542156,0.0,4.0,24.47794569358255,0.004975124378109453
motif_85897afcde10ae9d,degree_preserving_eligible_dyad_edge_swap,94,28,0.62,0.7198548150661142,0.0,2.0,38.035447463785204,0.004975124378109453
motif_8987799e9536733a,degree_preserving_eligible_dyad_edge_swap,94,28,14.145,2.7296943337631956,9.0,20.0,5.075659874671499,0.004975124378109453
motif_92462db061392ae7,degree_preserving_eligible_dyad_edge_swap,94,28,6.995,2.1088411640700646,3.0,11.0,9.960446693605096,0.004975124378109453
motif_9dd3ef603731eb1d,degree_preserving_eligible_dyad_edge_swap,94,28,1.06,1.0827101673729063,0.0,4.0,24.8820051864548,0.004975124378109453
motif_9f5dccfd505d1842,degree_preserving_eligible_dyad_edge_swap,94,28,4.765,1.8566125202236603,2.0,9.025000000000006,12.514727627281621,0.004975124378109453
motif_a352e465397bbb21,degree_preserving_eligible_dyad_edge_swap,94,28,0.425,0.6682873934176865,0.0,2.0,41.26218790239148,0.004975124378109453
motif_d08d2b220c27d371,degree_preserving_eligible_dyad_edge_swap,94,28,4.885,1.7252994787738405,2.0,8.025000000000006,13.397674017978424,0.004975124378109453
motif_37d31d57d3f9c5b8,degree_preserving_eligible_dyad_edge_swap,94,28,0.73,0.7209011669170131,0.0,2.0,37.827654124381795,0.004975124378109453
motif_4aa6795ac5be2401,degree_preserving_eligible_dyad_edge_swap,94,28,3.825,1.7549284513468728,1.0,8.025000000000006,13.775490380503072,0.004975124378109453
motif_4abc84179978fc41,degree_preserving_eligible_dyad_edge_swap,94,28,3.87,1.6903807070223453,1.0,7.0,14.274890798124225,0.004975124378109453
motif_5cefd2032c431627,degree_preserving_eligible_dyad_edge_swap,94,28,9.965,2.887118331711836,4.0,16.025000000000006,6.246713133266918,0.004975124378109453
motif_653dde72c933e69a,degree_preserving_eligible_dyad_edge_swap,94,28,9.25,2.7886164866377268,4.0,15.0,6.723764307442337,0.004975124378109453
motif_9583570644293b3f,degree_preserving_eligible_dyad_edge_swap,94,28,3.965,1.6423341031996697,1.0,8.0,14.634659265233502,0.004975124378109453
motif_bd8eff38223588de,degree_preserving_eligible_dyad_edge_swap,94,28,0.98,1.074884591210662,0.0,4.0,25.13758241670102,0.004975124378109453
motif_cafa14125e4d3e91,degree_preserving_eligible_dyad_edge_swap,94,28,5.365,1.9366279039069334,2.0,9.0,11.6878415075691,0.004975124378109453
motif_d6947d105949725e,degree_preserving_eligible_dyad_edge_swap,94,28,2.89,1.4416280578867868,0.0,6.0,17.417807500783205,0.004975124378109453
motif_daab14175ce460f2,degree_preserving_eligible_dyad_edge_swap,94,28,2.86,1.5756947897203197,0.0,6.0,15.954866490649666,0.004975124378109453
motif_018c4efb7ab2990c,degree_preserving_eligible_dyad_edge_swap,94,28,2.37,1.3498929791936778,0.0,5.025000000000006,18.986690348822606,0.004975124378109453
motif_2e153101d0a11288,degree_preserving_eligible_dyad_edge_swap,94,28,7.25,2.4117592986392453,3.0,12.0,8.603677826268772,0.004975124378109453
motif_a8e2557395de591b,degree_preserving_eligible_dyad_edge_swap,94,28,3.165,1.503020409628158,1.0,7.0,16.52339505232939,0.004975124378109453
motif_62be63cfd14a7b5f,degree_preserving_eligible_dyad_edge_swap,94,27,27.415,3.8375001023030455,19.0,35.025000000000006,-0.10814331959260148,0.582089552238806
motif_731b0357487deaf3,degree_preserving_eligible_dyad_edge_swap,94,27,20.94,3.5268389479566724,14.0,28.0,1.7182525455297446,0.05970149253731343
motif_38423b6b2977d305,degree_preserving_eligible_dyad_edge_swap,94,27,17.875,3.19537589896375,12.0,24.025000000000006,2.8556890608579755,0.009950248756218905
motif_878918d1010ef59c,degree_preserving_eligible_dyad_edge_swap,94,27,1.68,1.1463729123942854,0.0,4.0,22.087053633461462,0.004975124378109453
motif_b666e4a2a4e21f61,degree_preserving_eligible_dyad_edge_swap,94,27,17.665,3.080621062489392,11.975000000000001,23.025000000000006,3.0302331285291424,0.014925373134328358
motif_9222964e0f293ccf,degree_preserving_eligible_dyad_edge_swap,94,27,0.915,0.8784265284183687,0.0,3.0,29.695141433133593,0.004975124378109453
motif_1c19ace04bcdb92f,degree_preserving_eligible_dyad_edge_swap,94,27,10.65,2.704453799154052,5.0,16.0,6.045583032372101,0.004975124378109453
motif_2432ee146ee06e9b,degree_preserving_eligible_dyad_edge_swap,94,27,1.315,1.1099255260452539,0.0,4.0,23.14119226676184,0.004975124378109453
motif_3d50d7469ea2a0a8,degree_preserving_eligible_dyad_edge_swap,94,27,6.715,2.286902845141345,3.0,12.0,8.870075107517854,0.004975124378109453
motif_5c79379a0133821d,degree_preserving_eligible_dyad_edge_swap,94,27,14.555,2.9953020166344277,9.0,21.0,4.154839789405749,0.004975124378109453
motif_677a13f588cdb059,degree_preserving_eligible_dyad_edge_swap,94,27,4.24,1.796814601890756,1.0,8.025000000000006,12.66686055202916,0.004975124378109453
motif_fd8026f3f9aefe0f,degree_preserving_eligible_dyad_edge_swap,94,27,12.955,2.9181420054238454,8.0,18.025000000000006,4.812994012592624,0.004975124378109453
motif_0f1eaadb5b328872,degree_preserving_eligible_dyad_edge_swap,94,27,4.17,1.6808408998633,1.0,8.0,13.58248719546075,0.004975124378109453
motif_7062164c652c7ad4,degree_preserving_eligible_dyad_edge_swap,94,27,3.545,1.6888564713747947,1.0,7.0,13.888095523538906,0.004975124378109453
motif_8d7eadf530f2600e,degree_preserving_eligible_dyad_edge_swap,94,27,4.365,1.9878462373424637,1.0,9.0,11.386695597875093,0.004975124378109453
motif_e7faaf909e70ba88,degree_preserving_eligible_dyad_edge_swap,94,27,4.775,1.9295051048776068,1.0,9.0,11.518497641606285,0.004975124378109453
motif_fa7f3982b5280d95,degree_preserving_eligible_dyad_edge_swap,94,27,7.9,2.3532293645565137,3.9750000000000005,13.0,8.116505890873736,0.004975124378109453
motif_5e83cea79dae2573,degree_preserving_eligible_dyad_edge_swap,94,27,3.29,1.5838062416391963,0.0,6.025000000000006,14.970265539211915,0.004975124378109453
motif_6ca5865328442749,degree_preserving_eligible_dyad_edge_swap,94,27,3.67,1.704590314622113,1.0,7.0,13.686573131311013,0.004975124378109453
motif_7e70cbb5d1272c31,degree_preserving_eligible_dyad_edge_swap,94,26,15.075,3.1414516696847063,9.975000000000001,22.0,3.4776915734299663,0.009950248756218905
motif_907bc8e649cc9e30,degree_preserving_eligible_dyad_edge_swap,94,26,18.76,3.3628774470114284,12.975000000000001,26.0,2.1529181821461107,0.03482587064676617
motif_b366b2840430a16c,degree_preserving_eligible_dyad_edge_swap,94,26,0.695,0.809475914577701,0.0,3.0,31.26096718171223,0.004975124378109453
motif_1b5f56b34ecdaa6c,degree_preserving_eligible_dyad_edge_swap,94,26,13.34,2.894180610645295,7.9750000000000005,19.0,4.374295078003888,0.004975124378109453
motif_26507b4dbd33a9b0,degree_preserving_eligible_dyad_edge_swap,94,26,4.29,1.6276196510988725,1.9750000000000005,7.0,13.338497102405155,0.004975124378109453
motif_3584f99186f55098,degree_preserving_eligible_dyad_edge_swap,94,26,7.1,2.3976537945652123,3.0,12.0,7.882706019876944,0.004975124378109453
motif_5dceed5e09274722,degree_preserving_eligible_dyad_edge_swap,94,26,4.55,1.7586826956903296,2.0,8.025000000000006,12.196628790721288,0.004975124378109453
motif_9e18a3296a08a2d2,degree_preserving_eligible_dyad_edge_swap,94,26,1.17,0.9828171998094065,0.0,3.0,25.26410812185132,0.004975124378109453
motif_d2fceddc64f9c4b8,degree_preserving_eligible_dyad_edge_swap,94,26,12.365,2.5699803491417756,7.0,17.0,5.305488037896204,0.004975124378109453
motif_181b8ce161b66b8b,degree_preserving_eligible_dyad_edge_swap,94,26,3.09,1.6170883941120424,0.9750000000000005,6.025000000000006,14.167438269557357,0.004975124378109453
motif_87672ea659340518,degree_preserving_eligible_dyad_edge_swap,94,26,2.3,1.3854955755792753,0.0,5.0,17.105792625928117,0.004975124378109453
motif_b38850de34c883b8,degree_preserving_eligible_dyad_edge_swap,94,26,3.635,1.5504173534404362,1.0,7.0,14.425148138577784,0.004975124378109453
motif_1f7ac044c9f83b05,degree_preserving_eligible_dyad_edge_swap,94,26,2.565,1.4685223147588629,0.0,6.0,15.958218519715254,0.004975124378109453
motif_2af20ff912ea7195,degree_preserving_eligible_dyad_edge_swap,94,26,1.875,1.2796729324598344,0.0,5.0,18.852473462594883,0.004975124378109453
motif_5e815e962da809ee,degree_preserving_eligible_dyad_edge_swap,94,26,1.935,1.2958282502983798,0.0,5.0,18.571133940364977,0.004975124378109453
motif_d818811728222c86,degree_preserving_eligible_dyad_edge_swap,94,26,2.475,1.5068937066747876,0.0,6.0,15.61158553904365,0.004975124378109453
motif_c6837bde7d886408,degree_preserving_eligible_dyad_edge_swap,94,26,2.035,1.3200331197306872,0.0,5.0,18.154847512378577,0.004975124378109453
motif_e8e7168a0537a3da,degree_preserving_eligible_dyad_edge_swap,94,26,1.55,1.159405496591955,0.0,4.0,21.08839407081491,0.004975124378109453
motif_90f0469331adc789,degree_preserving_eligible_dyad_edge_swap,94,25,16.825,3.193016091220646,10.975000000000001,23.0,2.5602752277000933,0.014925373134328358
motif_260b9ee8cedf65ab,degree_preserving_eligible_dyad_edge_swap,94,25,21.88,3.539525562279519,15.0,30.0,0.8814740690813556,0.19900497512437812
motif_632e6b3a31ce3011,degree_preserving_eligible_dyad_edge_swap,94,25,6.405,2.2796841445680527,2.9750000000000005,11.0,8.156831745444858,0.004975124378109453
motif_cf36d5d36d17f0d4,degree_preserving_eligible_dyad_edge_swap,94,25,13.285,3.028138556205427,7.9750000000000005,19.0,3.8687133308325614,0.004975124378109453
motif_e0be9084453e8269,degree_preserving_eligible_dyad_edge_swap,94,25,4.54,1.784466757336824,1.0,8.0,11.465610057390442,0.004975124378109453
motif_9f82584d66042611,degree_preserving_eligible_dyad_edge_swap,94,25,0.28,0.5127519603710181,0.0,1.0,48.21044464093916,0.004975124378109453
motif_d1701f302cafb7b8,degree_preserving_eligible_dyad_edge_swap,94,25,5.185,1.8514628197358747,2.0,9.0,10.70234832089513,0.004975124378109453
motif_fe7681306acbdcba,degree_preserving_eligible_dyad_edge_swap,94,25,1.505,1.0797240481254926,0.0,4.0,21.760189597323166,0.004975124378109453
motif_82cb78c31a4d45f4,degree_preserving_eligible_dyad_edge_swap,94,25,0.305,0.5599488490637676,0.0,2.0,44.102242626786264,0.004975124378109453
motif_c38a1f8d4d13cd58,degree_preserving_eligible_dyad_edge_swap,94,25,3.805,1.6155572183083273,1.0,7.0,13.119312494665824,0.004975124378109453
motif_e9f2800f2f4139b5,degree_preserving_eligible_dyad_edge_swap,94,25,2.155,1.268471560777974,0.0,5.0,18.00986376548229,0.004975124378109453
motif_d73c4c050c515690,degree_preserving_eligible_dyad_edge_swap,94,25,1.785,1.2354784640680212,0.0,5.0,18.79029111002121,0.004975124378109453
motif_aa88697c4878a8d2,degree_preserving_eligible_dyad_edge_swap,94,24,15.535,3.2467649148129425,10.0,22.0,2.6072106303045035,0.009950248756218905
motif_b7f95b768d0ed88f,degree_preserving_eligible_dyad_edge_swap,94,24,15.155,3.3326427257791167,9.0,23.0,2.6540498720672754,0.01990049751243781
motif_cefbf9695c101b62,degree_preserving_eligible_dyad_edge_swap,94,24,14.79,2.808082376492155,10.0,20.025000000000006,3.27981831199165,0.004975124378109453
motif_daeb4bd8e246a8ce,degree_preserving_eligible_dyad_edge_swap,94,24,5.265,1.9936519859810118,2.0,9.0,9.39732718234728,0.004975124378109453
motif_df23103c2dddd8a7,degree_preserving_eligible_dyad_edge_swap,94,24,14.875,3.0057524413519934,9.0,21.0,3.035845492283974,0.014925373134328358
motif_1ef5e2e1bdccc5eb,degree_preserving_eligible_dyad_edge_swap,94,24,0.77,0.7347101435089033,0.0,2.0,31.617911097641592,0.004975124378109453
motif_24eb9a87cdb74628,degree_preserving_eligible_dyad_edge_swap,94,24,10.535,2.613989230752961,6.0,15.025000000000006,5.1511306326695925,0.004975124378109453
motif_a0117e3a50871f45,degree_preserving_eligible_dyad_edge_swap,94,24,2.915,1.4310887727100943,0.0,6.0,14.733537431134147,0.004975124378109453
motif_1705651ede59320a,degree_preserving_eligible_dyad_edge_swap,94,24,0.755,0.9050250558734787,0.0,3.0,25.68437177417729,0.004975124378109453
motif_577624a63a62a8a9,degree_preserving_eligible_dyad_edge_swap,94,24,5.15,2.2298793261172722,1.0,9.025000000000006,8.453372242713305,0.004975124378109453
motif_7f263166867f6719,degree_preserving_eligible_dyad_edge_swap,94,24,10.67,2.6488074494992295,6.0,16.0,5.032453379168842,0.004975124378109453
motif_86d8105fe5309952,degree_preserving_eligible_dyad_edge_swap,94,24,14.81,2.9234625302591346,9.0,21.0,3.1435326791020652,0.009950248756218905
motif_d68985c461e287c9,degree_preserving_eligible_dyad_edge_swap,94,24,11.745,2.7764217237191646,7.0,18.0,4.413954802076601,0.004975124378109453
motif_d740706ea3c34912,degree_preserving_eligible_dyad_edge_swap,94,24,10.795,2.4128997963313106,6.0,15.025000000000006,5.472668206146612,0.004975124378109453
motif_e93a5794cad1d099,degree_preserving_eligible_dyad_edge_swap,94,24,3.805,1.8986837546047515,1.0,8.0,10.636315790358667,0.004975124378109453
motif_efae6b60f595cdfb,degree_preserving_eligible_dyad_edge_swap,94,24,5.495,2.039798738717221,2.0,10.0,9.071973449516562,0.004975124378109453
motif_0bae3f446a0ef73b,degree_preserving_eligible_dyad_edge_swap,94,24,8.5,2.268419856026675,4.0,13.0,6.832950240150662,0.004975124378109453
motif_1d705ca0de2416ea,degree_preserving_eligible_dyad_edge_swap,94,24,0.375,0.5709684974896847,0.0,2.0,41.37706389033629,0.004975124378109453
motif_ba7a0a0ed1ab1304,degree_preserving_eligible_dyad_edge_swap,94,24,0.64,0.7896312987335905,0.0,3.0,29.583427148169953,0.004975124378109453
motif_c88f48387ef2b4fe,degree_preserving_eligible_dyad_edge_swap,94,24,3.42,1.5830763257867047,1.0,7.0,13.000004904863216,0.004975124378109453
motif_496bfc724505030e,degree_preserving_eligible_dyad_edge_swap,94,23,5.71,2.2182205734693765,2.0,10.0,7.79453594777449,0.004975124378109453
motif_13987350646e3e50,degree_preserving_eligible_dyad_edge_swap,94,23,4.46,1.8179451650463985,1.0,8.0,10.198327406386216,0.004975124378109453
motif_36015bab6274bff0,degree_preserving_eligible_dyad_edge_swap,94,23,12.255,3.0357956578765157,7.0,19.0,3.539434537407545,0.009950248756218905
motif_2ec7c5deb3b9bc46,degree_preserving_eligible_dyad_edge_swap,94,23,2.49,1.3299412462935967,0.0,5.0,15.421733897763652,0.004975124378109453
motif_0340aaab0dccc1f1,degree_preserving_eligible_dyad_edge_swap,94,23,11.405,2.848075255908205,6.0,17.0,4.071170512768822,0.004975124378109453
motif_2611ff976d3ff14b,degree_preserving_eligible_dyad_edge_swap,94,23,10.195,2.7794968996340645,5.0,15.0,4.6069488336849185,0.004975124378109453
motif_287b8ec85d70fbac,degree_preserving_eligible_dyad_edge_swap,94,23,4.97,1.8209004343894812,1.9750000000000005,9.0,9.901694600916041,0.004975124378109453
motif_29d831cab5ba7ad5,degree_preserving_eligible_dyad_edge_swap,94,23,10.195,2.5335884337750665,6.0,15.025000000000006,5.0540963280766364,0.004975124378109453
motif_b37ecaf5b25bba35,degree_preserving_eligible_dyad_edge_swap,94,23,5.425,2.0384186895161776,2.0,10.0,8.6218793471578,0.004975124378109453
motif_db3614fd20563588,degree_preserving_eligible_dyad_edge_swap,94,23,9.92,2.427563660675691,5.0,15.0,5.388118223997181,0.004975124378109453
motif_eb030d5e67232bce,degree_preserving_eligible_dyad_edge_swap,94,23,4.74,1.8273192051163192,2.0,9.0,9.992780653141358,0.004975124378109453
motif_1681ae0e2b76586f,degree_preserving_eligible_dyad_edge_swap,94,23,0.525,0.6492167681601433,0.0,2.0,34.6186375679934,0.004975124378109453
motif_22c34d8dbb9b8983,degree_preserving_eligible_dyad_edge_swap,94,23,0.48,0.7364180591138062,0.0,3.0,30.580455926216978,0.004975124378109453
motif_3a17b4ce682ce2b1,degree_preserving_eligible_dyad_edge_swap,94,23,2.525,1.3816365650886449,0.0,6.0,14.819381968720798,0.004975124378109453
motif_8d6839eb022660a3,degree_preserving_eligible_dyad_edge_swap,94,23,2.095,1.2424546137934724,0.0,5.0,16.825564304657124,0.004975124378109453
motif_1fe91a45ad633b8a,degree_preserving_eligible_dyad_edge_swap,94,22,12.565,3.0778467641384597,7.0,19.0,3.0654547555557117,0.009950248756218905
motif_acb44744b5c13899,degree_preserving_eligible_dyad_edge_swap,94,22,11.685,2.715260243688398,6.0,17.025000000000006,3.79889921195478,0.004975124378109453
motif_dfcab8382e621753,degree_preserving_eligible_dyad_edge_swap,94,22,9.35,2.880797628240201,4.0,15.025000000000006,4.391144964850423,0.004975124378109453
motif_0dd4e2d3dd505b69,degree_preserving_eligible_dyad_edge_swap,94,22,7.385,2.4529287181820862,3.9750000000000005,13.0,5.958183738348281,0.004975124378109453
motif_96ca5d9e76d59355,degree_preserving_eligible_dyad_edge_swap,94,22,3.205,1.7110269037413277,0.9750000000000005,7.0,10.984631485865533,0.004975124378109453
motif_9ac79cbea8a03df2,degree_preserving_eligible_dyad_edge_swap,94,22,11.495,2.53814616002472,7.0,16.025000000000006,4.13884754371186,0.004975124378109453
motif_c8187ca9fadf7006,degree_preserving_eligible_dyad_edge_swap,94,22,6.875,2.4370207942811635,2.9750000000000005,12.0,6.206348355948825,0.004975124378109453
motif_cce66e271e34786b,degree_preserving_eligible_dyad_edge_swap,94,22,3.81,1.7083595822635096,1.0,8.0,10.647641274619108,0.004975124378109453
motif_d678613ad78fd8b5,degree_preserving_eligible_dyad_edge_swap,94,22,4.295,1.9537298435319899,1.0,8.025000000000006,9.062153633274376,0.004975124378109453
motif_e897bd616681fc9e,degree_preserving_eligible_dyad_edge_swap,94,22,0.39,0.5913106131349496,0.0,2.0,36.545936298065634,0.004975124378109453
motif_ecfe11186116dda0,degree_preserving_eligible_dyad_edge_swap,94,22,4.425,2.0629234756363743,1.0,9.0,8.519462892135847,0.004975124378109453
motif_117ce0c6871a8986,degree_preserving_eligible_dyad_edge_swap,94,22,2.485,1.4457614362865228,0.0,5.0,13.498077559825363,0.004975124378109453
motif_4105c9e59ebee4e9,degree_preserving_eligible_dyad_edge_swap,94,22,7.245,2.543090945638583,2.9750000000000005,13.0,5.801994625990438,0.004975124378109453
motif_43d3e6a7657c3f65,degree_preserving_eligible_dyad_edge_swap,94,22,9.225,2.6926990438412366,4.0,15.0,4.744310371119671,0.004975124378109453
motif_64f1a25c5b185955,degree_preserving_eligible_dyad_edge_swap,94,22,8.38,2.156117858816056,4.0,13.0,6.3169088574215815,0.004975124378109453
motif_755161c6993a890a,degree_preserving_eligible_dyad_edge_swap,94,22,0.18,0.4104171183750457,0.0,1.0,53.1654237191455,0.004975124378109453
motif_aebb239dc237d823,degree_preserving_eligible_dyad_edge_swap,94,22,0.695,0.8693409968730453,0.0,3.0,24.50706923592985,0.004975124378109453
motif_b943d51a3cad6ccb,degree_preserving_eligible_dyad_edge_swap,94,22,8.04,2.4285570710271935,3.9750000000000005,13.0,5.748269277483117,0.004975124378109453
motif_d7a3643ee9889ee9,degree_preserving_eligible_dyad_edge_swap,94,22,0.705,0.7215108380663688,0.0,2.0,29.514456161282446,0.004975124378109453
motif_fd5604ec6f39b5d9,degree_preserving_eligible_dyad_edge_swap,94,22,3.25,1.7729117520062894,0.0,7.025000000000006,10.575822501476365,0.004975124378109453
motif_dfad82cf69cd5d21,degree_preserving_eligible_dyad_edge_swap,94,22,5.645,2.170838015247156,2.0,10.0,7.533956879844828,0.004975124378109453
motif_f15c0176afdf4707,degree_preserving_eligible_dyad_edge_swap,94,21,14.345,3.1345016354298747,9.0,21.0,2.1231445295090148,0.03980099502487562
motif_b2134e3ae1086107,degree_preserving_eligible_dyad_edge_swap,94,21,4.33,1.9260447142281056,1.0,9.0,8.655043092642208,0.004975124378109453
motif_bd370b73f6308ca4,degree_preserving_eligible_dyad_edge_swap,94,21,3.605,1.6712090528992656,1.0,7.0,10.408631984025345,0.004975124378109453
motif_43a7c652c5ba4862,degree_preserving_eligible_dyad_edge_swap,94,21,1.83,1.1522754416663292,0.0,4.0,16.636647199803086,0.004975124378109453
motif_561797d764dd3072,degree_preserving_eligible_dyad_edge_swap,94,21,3.045,1.4879668094855667,1.0,6.0,12.0668014135393,0.004975124378109453
motif_64e9b535d46d64dd,degree_preserving_eligible_dyad_edge_swap,94,21,1.54,1.0789907810206898,0.0,4.0,18.035371888526686,0.004975124378109453
motif_6b99f87c7a88300a,degree_preserving_eligible_dyad_edge_swap,94,21,4.64,2.0151187353572833,1.0,9.0,8.11862830360681,0.004975124378109453
motif_756512b4fa9723fa,degree_preserving_eligible_dyad_edge_swap,94,21,13.005,2.8132806007743842,8.0,18.025000000000006,2.8418779121426043,0.004975124378109453
motif_8b4b2fe1bc4dac47,degree_preserving_eligible_dyad_edge_swap,94,21,8.69,2.440014004408282,4.0,13.025000000000006,5.045053011072881,0.004975124378109453
motif_91dd0c300eec0e6a,degree_preserving_eligible_dyad_edge_swap,94,21,1.6,1.203011297081006,0.0,4.025000000000006,16.12619935246849,0.004975124378109453
motif_9e3f191e99760e38,degree_preserving_eligible_dyad_edge_swap,94,21,0.76,0.9470398207628606,0.0,3.0,21.371857398452633,0.004975124378109453
motif_de75556f4a6d0d32,degree_preserving_eligible_dyad_edge_swap,94,21,4.345,1.8957702190977939,1.0,8.025000000000006,8.785347418278464,0.004975124378109453
motif_f2b1e51d13a5dd59,degree_preserving_eligible_dyad_edge_swap,94,21,0.615,0.8062413569323644,0.0,3.0,25.2839919767476,0.004975124378109453
motif_f7cc5c20fba39429,degree_preserving_eligible_dyad_edge_swap,94,21,8.2,2.4060225941620113,3.9750000000000005,13.0,5.3199832915359995,0.004975124378109453
motif_fd643b6352520f0a,degree_preserving_eligible_dyad_edge_swap,94,21,11.26,2.7532347352773408,7.0,18.0,3.5376569513673752,0.004975124378109453
motif_435f8c9612b8295a,degree_preserving_eligible_dyad_edge_swap,94,21,0.73,0.7811214718395877,0.0,2.0,25.949869169852597,0.004975124378109453
motif_4cddcff2e83d0e6e,degree_preserving_eligible_dyad_edge_swap,94,21,2.99,1.6319362978995253,0.0,6.025000000000006,11.035969984355868,0.004975124378109453
motif_50b72c034294f2b7,degree_preserving_eligible_dyad_edge_swap,94,21,9.235,2.591011715246133,5.0,15.0,4.5406973387159635,0.004975124378109453
motif_be9378f64da8d7b5,degree_preserving_eligible_dyad_edge_swap,94,21,2.295,1.3883850565771128,0.0,5.0,13.472487269572609,0.004975124378109453
motif_bf4ee698a85dda5c,degree_preserving_eligible_dyad_edge_swap,94,21,0.355,0.5661959814827681,0.0,2.0,36.4626395721396,0.004975124378109453
motif_ff504e978e810527,degree_preserving_eligible_dyad_edge_swap,94,21,3.68,1.7501184453814316,1.0,7.0,9.896473033415274,0.004975124378109453
motif_31b8f3aa403ee8c6,degree_preserving_eligible_dyad_edge_swap,94,21,2.53,1.4420462847763185,0.0,5.0,12.808188055395846,0.004975124378109453
motif_986ec0f4f4126cc8,degree_preserving_eligible_dyad_edge_swap,94,21,2.115,1.303946464357163,0.0,5.0,14.482956560114742,0.004975124378109453
motif_be307ea30f83fb0c,degree_preserving_eligible_dyad_edge_swap,94,21,1.595,1.1565739563827795,0.0,4.0,16.778001867420336,0.004975124378109453
motif_3a1d9a86aeb5f4f8,degree_preserving_eligible_dyad_edge_swap,94,21,1.325,1.0653873714552289,0.0,4.0,18.467461251324593,0.004975124378109453
motif_05f070b10dcbe41e,degree_preserving_eligible_dyad_edge_swap,94,20,6.585,2.3580877611843105,2.9750000000000005,11.025000000000006,5.688931608407373,0.004975124378109453
motif_4cb433188dfc828f,degree_preserving_eligible_dyad_edge_swap,94,20,11.835,2.7868634771371568,7.0,17.025000000000006,2.929817002872206,0.009950248756218905
motif_8eae1a827fa96a7e,degree_preserving_eligible_dyad_edge_swap,94,20,9.505,2.56571421776397,4.0,14.025000000000006,4.090478950202971,0.004975124378109453
motif_4070e95c02ddad03,degree_preserving_eligible_dyad_edge_swap,94,20,0.33,0.5855032624603883,0.0,2.0,33.59503056796504,0.004975124378109453
motif_915459203636bcf0,degree_preserving_eligible_dyad_edge_swap,94,20,0.825,0.8353827395918836,0.0,3.0,22.95355061964498,0.004975124378109453
motif_987d863e22801283,degree_preserving_eligible_dyad_edge_swap,94,20,5.57,2.293775715970479,2.0,10.0,6.290937644657546,0.004975124378109453
motif_23cc6162d1915ee1,degree_preserving_eligible_dyad_edge_swap,94,20,0.675,0.7497905905306103,0.0,2.0,25.77386305464853,0.004975124378109453
motif_2f6cad489931cdf0,degree_preserving_eligible_dyad_edge_swap,94,20,3.375,1.6937291970574353,0.9750000000000005,7.025000000000006,9.815618712178484,0.004975124378109453
motif_817c90b1554ba0f0,degree_preserving_eligible_dyad_edge_swap,94,20,1.25,1.0785715474249138,0.0,4.0,17.384104044618613,0.004975124378109453
motif_c0283d0dd0a2df5e,degree_preserving_eligible_dyad_edge_swap,94,20,2.35,1.4656879633913054,0.0,6.0,12.042126592321512,0.004975124378109453
motif_ecb1c7bc59bf9182,degree_preserving_eligible_dyad_edge_swap,94,20,3.36,1.8129628156292312,0.0,7.025000000000006,9.17834599615034,0.004975124378109453
motif_21aaa6da34876534,degree_preserving_eligible_dyad_edge_swap,94,20,1.7,1.2071811927630434,0.0,4.025000000000006,15.15928189546612,0.004975124378109453
motif_a2c157ac518ee3be,degree_preserving_eligible_dyad_edge_swap,94,20,0.545,0.6709889199184044,0.0,2.0,28.994517528494843,0.004975124378109453
motif_a51efb246032f35d,degree_preserving_eligible_dyad_edge_swap,94,19,20.57,3.5023466648525847,13.975000000000001,27.0,-0.44827087385596714,0.7263681592039801
motif_27d0f2ddf19119ae,degree_preserving_eligible_dyad_edge_swap,94,19,19.2,3.578270546018356,12.975000000000001,26.0,-0.055892922971558144,0.5621890547263682
motif_386af288f6bc33e7,degree_preserving_eligible_dyad_edge_swap,94,19,16.735,3.1788836888973613,10.975000000000001,23.0,0.7125142728281595,0.2935323383084577
motif_51687645c020d39b,degree_preserving_eligible_dyad_edge_swap,94,19,1.345,1.123515212251619,0.0,4.0,15.714072944876195,0.004975124378109453
motif_552754589ce397ca,degree_preserving_eligible_dyad_edge_swap,94,19,16.275,3.327874508409022,10.0,23.0,0.8188409728534984,0.25870646766169153
motif_eed2570155f0d8ca,degree_preserving_eligible_dyad_edge_swap,94,19,12.94,2.8490322786207805,7.9750000000000005,19.0,2.127038028131311,0.03482587064676617
motif_1bdf46431e951ea7,degree_preserving_eligible_dyad_edge_swap,94,19,12.9,2.946763832652207,7.0,18.025000000000006,2.0700674863753,0.029850746268656716
motif_93b19383de3aeaeb,degree_preserving_eligible_dyad_edge_swap,94,19,9.55,2.553448746795706,5.0,14.0,3.7008771027257534,0.004975124378109453
motif_163d77e74764a311,degree_preserving_eligible_dyad_edge_swap,94,19,7.625,2.4890463552923174,3.0,13.0,4.57002336489796,0.004975124378109453
motif_1ee766cd045d008b,degree_preserving_eligible_dyad_edge_swap,94,19,7.885,2.4251146167805366,4.0,13.0,4.583288527102991,0.004975124378109453
motif_218d3fe939fce32f,degree_preserving_eligible_dyad_edge_swap,94,19,3.24,1.713792702498081,0.9750000000000005,7.0,9.195978006574366,0.004975124378109453
motif_40fb75c9b40ab08f,degree_preserving_eligible_dyad_edge_swap,94,19,0.975,1.019594460715441,0.0,3.0,17.678597417400645,0.004975124378109453
motif_41a3669f830877a0,degree_preserving_eligible_dyad_edge_swap,94,19,3.355,1.6500266481782941,0.0,7.0,9.481665049029846,0.004975124378109453
motif_76777e96d0813e38,degree_preserving_eligible_dyad_edge_swap,94,19,1.215,1.0744988314062813,0.0,4.0,16.55190259883612,0.004975124378109453
motif_a0be1cf96934a506,degree_preserving_eligible_dyad_edge_swap,94,19,4.955,2.033136300418741,2.0,9.0,6.908046448783251,0.004975124378109453
motif_cb36a7f38fcceac4,degree_preserving_eligible_dyad_edge_swap,94,19,0.68,0.8191182905230163,0.0,2.0250000000000057,22.365512053579554,0.004975124378109453
motif_fba9e661c7a0ef63,degree_preserving_eligible_dyad_edge_swap,94,19,10.435,2.8594856690421238,5.9750000000000005,17.0,2.995293906427977,0.009950248756218905
motif_00e7451086a38d80,degree_preserving_eligible_dyad_edge_swap,94,19,2.325,1.4316504865287083,0.0,6.0,11.647395895091343,0.004975124378109453
motif_1cfc59c930135712,degree_preserving_eligible_dyad_edge_swap,94,19,6.295,2.133243690537037,2.0,10.0,5.955719009674679,0.004975124378109453
motif_53c16c417891981b,degree_preserving_eligible_dyad_edge_swap,94,19,0.615,0.7936779089250107,0.0,2.0250000000000057,23.16430858571002,0.004975124378109453
motif_67f890c9aaf1afb3,degree_preserving_eligible_dyad_edge_swap,94,19,3.545,1.7815286192215738,0.0,7.0,8.67513428257636,0.004975124378109453
motif_849b9f981358deed,degree_preserving_eligible_dyad_edge_swap,94,19,6.0,2.121912477651722,2.0,10.025000000000006,6.1265486380413,0.004975124378109453
motif_948576f4e777ae04,degree_preserving_eligible_dyad_edge_swap,94,19,2.53,1.4662364223518487,0.0,6.0,11.232840590320391,0.004975124378109453
motif_af15f6193d606e4e,degree_preserving_eligible_dyad_edge_swap,94,19,1.18,1.0786181369822856,0.0,4.0,16.521138843313054,0.004975124378109453
motif_f3d8d555b798c814,degree_preserving_eligible_dyad_edge_swap,94,19,6.05,2.080659926235717,2.0,10.0,6.223986840285259,0.004975124378109453
motif_21f073533e4c17fc,degree_preserving_eligible_dyad_edge_swap,94,19,0.93,0.9484713964847593,0.0,3.0,19.051707902812186,0.004975124378109453
motif_a1e996ad2b5dec2f,degree_preserving_eligible_dyad_edge_swap,94,19,0.33,0.5591630500872835,0.0,2.0,33.389187638714105,0.004975124378109453
motif_cfd1705d4a75fb9e,degree_preserving_eligible_dyad_edge_swap,94,19,0.505,0.6945408085011044,0.0,2.0,26.629104832463693,0.004975124378109453
motif_efa8d0c48c92575e,degree_preserving_eligible_dyad_edge_swap,94,19,0.365,0.5860822999473354,0.0,2.0,31.795875769792943,0.004975124378109453
motif_88cfe92387204dc8,degree_preserving_eligible_dyad_edge_swap,94,18,10.27,2.584666808809757,5.0,15.0,2.990714305477416,0.004975124378109453
motif_9491a0dd792f0196,degree_preserving_eligible_dyad_edge_swap,94,18,7.62,2.3394368604689055,3.0,12.0,4.436965226716776,0.004975124378109453
motif_0eea7689c5f70452,degree_preserving_eligible_dyad_edge_swap,94,18,5.505,2.241673594106102,2.0,10.025000000000006,5.573960469915136,0.004975124378109453
motif_19b146aa052965d1,degree_preserving_eligible_dyad_edge_swap,94,18,3.285,1.5543018597932599,0.9750000000000005,6.025000000000006,9.467272980009987,0.004975124378109453
motif_1e99c7056c3cd49d,degree_preserving_eligible_dyad_edge_swap,94,18,4.355,1.9846078559021525,1.0,8.025000000000006,6.875413679040048,0.004975124378109453
motif_267c02faf2d907f0,degree_preserving_eligible_dyad_edge_swap,94,18,8.615,2.615526696384015,3.9750000000000005,14.025000000000006,3.588187424343568,0.004975124378109453
motif_78ab9ca892e33873,degree_preserving_eligible_dyad_edge_swap,94,18,3.455,1.571727276968186,1.0,7.0,9.254150012626148,0.004975124378109453
motif_8e4b50e6b9c5c33b,degree_preserving_eligible_dyad_edge_swap,94,18,3.605,1.637799418327338,1.0,7.0,8.789232575684643,0.004975124378109453
motif_99e8c843de8d882e,degree_preserving_eligible_dyad_edge_swap,94,18,10.18,2.6195246797346075,5.0,15.0,2.9852744127580695,0.004975124378109453
motif_a1ae62206b8ba733,degree_preserving_eligible_dyad_edge_swap,94,18,9.66,2.6683328128252666,4.9750000000000005,15.0,3.125547143112742,0.009950248756218905
motif_e3de499b71f201eb,degree_preserving_eligible_dyad_edge_swap,94,18,7.905,2.5314057508382324,4.0,13.0,3.987902767723906,0.009950248756218905
motif_fb2720f36e825503,degree_preserving_eligible_dyad_edge_swap,94,18,5.87,2.2911452886424155,2.0,11.0,5.294295416414841,0.004975124378109453
motif_fcb2309a55e1c264,degree_preserving_eligible_dyad_edge_swap,94,18,11.26,2.7330841084237787,6.0,16.0,2.4660785151932574,0.01990049751243781
motif_2df1fc468997b780,degree_preserving_eligible_dyad_edge_swap,94,18,2.28,1.3678284884697138,0.0,5.025000000000006,11.492668951198022,0.004975124378109453
motif_3e45758c870619f1,degree_preserving_eligible_dyad_edge_swap,94,18,6.08,2.0627346828565467,2.9750000000000005,11.0,5.778736402246735,0.004975124378109453
motif_4ab9c1124d55c11e,degree_preserving_eligible_dyad_edge_swap,94,18,2.745,1.374562516058387,0.0,6.0,11.098076531101926,0.004975124378109453
motif_4d8abc0d6f5be753,degree_preserving_eligible_dyad_edge_swap,94,18,7.18,2.313951568053334,3.0,12.0,4.675983780033295,0.004975124378109453
motif_5356ddb63baeb1a0,degree_preserving_eligible_dyad_edge_swap,94,18,2.485,1.3962530619716926,0.0,5.025000000000006,11.11188252514253,0.004975124378109453
motif_5b005ebf29769484,degree_preserving_eligible_dyad_edge_swap,94,18,2.82,1.4962599940682924,1.0,6.025000000000006,10.145295643924804,0.004975124378109453
motif_8b2b32ac1e312975,degree_preserving_eligible_dyad_edge_swap,94,18,1.93,1.1798560511806255,0.0,5.0,13.62030561602792,0.004975124378109453
motif_8d40f48fcb3125a8,degree_preserving_eligible_dyad_edge_swap,94,18,6.875,2.305635438196886,2.0,11.025000000000006,4.825134024093708,0.004975124378109453
motif_942eea161cd3e9b4,degree_preserving_eligible_dyad_edge_swap,94,18,2.975,1.5673730543355942,0.9750000000000005,6.0,9.586103294578496,0.004975124378109453
motif_9c0f066e204e2ae7,degree_preserving_eligible_dyad_edge_swap,94,18,2.67,1.456608575669376,0.0,6.0,10.524447168626057,0.004975124378109453
motif_b290b84d8c29a912,degree_preserving_eligible_dyad_edge_swap,94,18,7.895,2.255974758403287,3.0,12.0,4.479216783060119,0.004975124378109453
motif_b3ca1057bdd993aa,degree_preserving_eligible_dyad_edge_swap,94,18,5.6,2.232694475989846,1.0,11.0,5.553827509024747,0.004975124378109453
motif_ca4ca54bdbc7af3a,degree_preserving_eligible_dyad_edge_swap,94,18,7.625,2.3838600933619443,3.0,13.0,4.35218494109199,0.004975124378109453
motif_e1f9610d351f3b68,degree_preserving_eligible_dyad_edge_swap,94,18,0.365,0.6194299535352522,0.0,2.0,28.469724299498832,0.004975124378109453
motif_e7f8a2637fff03ac,degree_preserving_eligible_dyad_edge_swap,94,18,1.935,1.169449898596187,0.0,4.0,13.737228092699397,0.004975124378109453
motif_f8ae3e548d565a34,degree_preserving_eligible_dyad_edge_swap,94,18,4.32,2.009425028390861,1.0,9.0,6.807917591707756,0.004975124378109453
motif_2b09bdd59d8c5fd2,degree_preserving_eligible_dyad_edge_swap,94,18,1.625,1.0910209132577748,0.0,4.0,15.00887819932292,0.004975124378109453
motif_6a76264f1b8e1022,degree_preserving_eligible_dyad_edge_swap,94,18,4.315,1.9272640539553338,1.0,8.0,7.1007395026717814,0.004975124378109453
motif_78b018ef1263d23e,degree_preserving_eligible_dyad_edge_swap,94,18,1.91,1.280664086524084,0.0,5.0,12.563794182493783,0.004975124378109453
motif_8e098a528736afc1,degree_preserving_eligible_dyad_edge_swap,94,18,4.24,1.8627261590793718,1.0,7.050000000000011,7.387022473985495,0.004975124378109453
motif_aea54dd1d68d6aa1,degree_preserving_eligible_dyad_edge_swap,94,18,1.815,1.2403496832278442,0.0,4.025000000000006,13.048739576311013,0.004975124378109453
motif_cec4c5befdad2280,degree_preserving_eligible_dyad_edge_swap,94,18,1.67,1.16096476948265,0.0,4.0,14.065887638672262,0.004975124378109453
motif_e33f6b854d961970,degree_preserving_eligible_dyad_edge_swap,94,18,5.66,2.0629295654383837,2.0,10.0,5.9817844519464645,0.004975124378109453
motif_fc46176829791ba1,degree_preserving_eligible_dyad_edge_swap,94,18,4.6,1.826659086169455,1.0,8.0,7.335796866234137,0.004975124378109453
motif_47dad5662122fb76,degree_preserving_eligible_dyad_edge_swap,94,18,3.215,1.5783634422334083,0.0,6.0,9.367297546551763,0.004975124378109453
motif_8be70ed3d03cf36b,degree_preserving_eligible_dyad_edge_swap,94,17,18.385,3.0763770050803156,13.0,24.025000000000006,-0.4502048993711819,0.7014925373134329
motif_14e98797f2dd5952,degree_preserving_eligible_dyad_edge_swap,94,17,11.535,2.6388620586957767,7.0,18.0,2.070968424435571,0.04477611940298507
motif_f2e9ca5ad6516eb7,degree_preserving_eligible_dyad_edge_swap,94,17,5.805,1.991684976402173,2.0,10.0,5.620868828474529,0.004975124378109453
motif_0d549577edd9b883,degree_preserving_eligible_dyad_edge_swap,94,17,0.645,0.7758768746541663,0.0,2.0250000000000057,21.079375522424172,0.004975124378109453
motif_51fdda337b0e40f4,degree_preserving_eligible_dyad_edge_swap,94,17,10.45,2.606042456759321,5.9750000000000005,15.0,2.5133895969389117,0.009950248756218905
motif_52a0b2f4bbb23b94,degree_preserving_eligible_dyad_edge_swap,94,17,3.82,1.7615662286412768,1.0,8.0,7.481978131566439,0.004975124378109453
motif_6d42bdbb4a71b8b3,degree_preserving_eligible_dyad_edge_swap,94,17,10.25,2.7081674346818656,5.0,16.0,2.4924603676851085,0.01990049751243781
motif_802a6c2d5883a39a,degree_preserving_eligible_dyad_edge_swap,94,17,11.5,2.803443682760911,6.0,17.025000000000006,1.9618728329807016,0.05472636815920398
motif_8532d57fe6419cdc,degree_preserving_eligible_dyad_edge_swap,94,17,0.315,0.5543568866614211,0.0,2.0,30.097939434800466,0.004975124378109453
motif_8ed81f4f7e46fc33,degree_preserving_eligible_dyad_edge_swap,94,17,9.275,2.3679974789474554,4.0,14.0,3.2622500947229316,0.004975124378109453
motif_96ecd619dc3c46a8,degree_preserving_eligible_dyad_edge_swap,94,17,3.68,1.8177240172850977,1.0,8.0,7.327845081727194,0.004975124378109453
motif_9fd780027a6921f4,degree_preserving_eligible_dyad_edge_swap,94,17,7.595,2.4578813853647645,3.0,13.0,3.8264661818105767,0.004975124378109453
motif_c2fd866a78a4d483,degree_preserving_eligible_dyad_edge_swap,94,17,4.95,1.9613091720434372,1.0,9.0,6.14385542665128,0.004975124378109453
motif_ceb401621b1b58f4,degree_preserving_eligible_dyad_edge_swap,94,17,8.705,2.390932409949039,5.0,14.0,3.469357797603656,0.004975124378109453
motif_d676c57c1d944424,degree_preserving_eligible_dyad_edge_swap,94,17,13.485,3.1463107533719414,8.0,19.025000000000006,1.1171814469479628,0.1691542288557214
motif_e9a1ec2826e19932,degree_preserving_eligible_dyad_edge_swap,94,17,3.3,1.6257970600299432,0.0,7.0,8.426635978630493,0.004975124378109453
motif_0c99da1e241f58ee,degree_preserving_eligible_dyad_edge_swap,94,17,9.005,2.4422937978414643,5.0,14.0,3.2735619306187074,0.009950248756218905
motif_2864047416dce450,degree_preserving_eligible_dyad_edge_swap,94,17,3.035,1.46441028657859,0.0,6.025000000000006,9.536261885067375,0.004975124378109453
motif_7441d69f4a3677ba,degree_preserving_eligible_dyad_edge_swap,94,17,5.865,2.13296099661136,2.0,10.025000000000006,5.220442388627922,0.004975124378109453
motif_8233cd6d0c428f2e,degree_preserving_eligible_dyad_edge_swap,94,17,2.6,1.4106557867685945,0.0,6.0,10.208018238798173,0.004975124378109453
motif_982005d603aa54fa,degree_preserving_eligible_dyad_edge_swap,94,17,5.44,2.225119272959198,1.9750000000000005,10.0,5.195227123544839,0.004975124378109453
motif_a08abd313dd26450,degree_preserving_eligible_dyad_edge_swap,94,17,0.175,0.4064492650074863,0.0,1.0,41.39508039137456,0.004975124378109453
motif_ae603c09fa29e0bd,degree_preserving_eligible_dyad_edge_swap,94,17,0.57,0.7333409471205173,0.0,2.0250000000000057,22.404312843177284,0.004975124378109453
motif_c8a09e1397dea443,degree_preserving_eligible_dyad_edge_swap,94,17,2.57,1.4441356024248415,0.0,5.025000000000006,9.992136455725246,0.004975124378109453
motif_fed0cf2b822c7988,degree_preserving_eligible_dyad_edge_swap,94,17,7.035,2.275889577030083,3.0,12.0,4.3785076835774275,0.004975124378109453
motif_19953f2a0ebbb76b,degree_preserving_eligible_dyad_edge_swap,94,17,4.265,1.7890720763771273,1.0,7.0,7.118215173191002,0.004975124378109453
motif_19a8c435e078d3bf,degree_preserving_eligible_dyad_edge_swap,94,17,2.515,1.3560862248567496,0.0,5.0,10.6814741824622,0.004975124378109453
motif_7559da31aa7a931b,degree_preserving_eligible_dyad_edge_swap,94,17,2.16,1.2214169216456807,0.0,5.0,12.149823485338052,0.004975124378109453
motif_808c9822c2d6cf39,degree_preserving_eligible_dyad_edge_swap,94,17,2.17,1.374973732046941,0.0,5.025000000000006,10.785660594346329,0.004975124378109453
motif_9b5b464292c18af7,degree_preserving_eligible_dyad_edge_swap,94,17,1.655,1.0917576074233835,0.0,4.0,14.055317678266666,0.004975124378109453
motif_b3476efa1e6cab24,degree_preserving_eligible_dyad_edge_swap,94,17,1.31,1.0242781500370002,0.0,4.0,15.318104754488052,0.004975124378109453
motif_8ff5ace76cfeeabc,degree_preserving_eligible_dyad_edge_swap,94,17,1.405,1.0519066202322547,0.0,4.0,14.82546045442391,0.004975124378109453
motif_b97df8977fb14b28,degree_preserving_eligible_dyad_edge_swap,94,17,1.085,0.9445825431927708,0.0,3.0,16.848712814664054,0.004975124378109453
motif_c5044c45d3fbede6,degree_preserving_eligible_dyad_edge_swap,94,17,1.15,1.0211334720981364,0.0,4.0,15.52196694466669,0.004975124378109453
motif_e837885bb041745f,degree_preserving_eligible_dyad_edge_swap,94,17,1.8,1.1430365975403323,0.0,4.0,13.297911924000022,0.004975124378109453
motif_f5e0254eb233c8b3,degree_preserving_eligible_dyad_edge_swap,94,17,0.935,0.9137558474470721,0.0,3.0,17.581282839265818,0.004975124378109453
motif_1b70672a0200c360,degree_preserving_eligible_dyad_edge_swap,94,16,16.975,2.7699708831443215,12.0,22.05000000000001,-0.351989259501975,0.681592039800995
motif_3f700015cc320b9f,degree_preserving_eligible_dyad_edge_swap,94,16,25.675,3.8514338516412066,18.975,33.0,-2.5120514521824657,1.0
motif_a8d23c336bd382f7,degree_preserving_eligible_dyad_edge_swap,94,16,15.465,2.801430897840759,10.0,21.0,0.19097383426889405,0.5124378109452736
motif_b34b1515d11dff2d,degree_preserving_eligible_dyad_edge_swap,94,16,7.29,2.065728970824711,3.9750000000000005,11.0,4.216429223298672,0.004975124378109453
motif_4b05d4f2b5167865,degree_preserving_eligible_dyad_edge_swap,94,16,13.495,2.5852257077089016,8.975000000000001,18.0,0.9689676195507126,0.24378109452736318
motif_6ae867c41be1530a,degree_preserving_eligible_dyad_edge_swap,94,16,14.44,2.8979979226698886,9.0,21.0,0.5383026632961808,0.3482587064676617
motif_86d38c7c09294daf,degree_preserving_eligible_dyad_edge_swap,94,16,12.515,2.4494435836219486,8.0,17.0,1.4227721035512857,0.10945273631840796
motif_93fb0cdad507103e,degree_preserving_eligible_dyad_edge_swap,94,16,11.67,2.3619896220928593,7.0,16.0,1.8332002645140202,0.05472636815920398
motif_b0a4fb709e4b902d,degree_preserving_eligible_dyad_edge_swap,94,16,14.38,2.9289063594303504,9.0,20.0,0.553107474666782,0.3681592039800995
motif_e914423a10596f14,degree_preserving_eligible_dyad_edge_swap,94,16,5.595,2.1689853589725283,2.0,10.0,4.797173921417783,0.004975124378109453
motif_119901c82bb32e02,degree_preserving_eligible_dyad_edge_swap,94,16,3.86,1.7307157145014065,1.0,8.0,7.014439112259031,0.004975124378109453
motif_2cc5efe0d3208595,degree_preserving_eligible_dyad_edge_swap,94,16,4.78,1.8813018052433963,1.0,8.0,5.96395536788867,0.004975124378109453
motif_2f7f130e801e1694,degree_preserving_eligible_dyad_edge_swap,94,16,9.185,2.604745379583639,5.0,15.0,2.6163785732827973,0.014925373134328358
motif_361d94e8355254fb,degree_preserving_eligible_dyad_edge_swap,94,16,1.05,0.9391003927901925,0.0,3.0,15.919490732595218,0.004975124378109453
motif_61888c130d5d9ef6,degree_preserving_eligible_dyad_edge_swap,94,16,5.245,2.11597774304108,2.0,10.0,5.082756676137306,0.004975124378109453
motif_663ebbcf311ad7ef,degree_preserving_eligible_dyad_edge_swap,94,16,3.53,1.4730749297791048,1.0,7.0,8.465285606258972,0.004975124378109453
motif_6dcdb3a82ba650fc,degree_preserving_eligible_dyad_edge_swap,94,16,10.685,2.7647775633628062,6.0,17.0,1.9223969661904197,0.04975124378109453
motif_a331fbe8eb8c5bf3,degree_preserving_eligible_dyad_edge_swap,94,16,9.38,2.1256036683196315,5.0,13.025000000000006,3.1144093786935145,0.004975124378109453
motif_a37d25618713175a,degree_preserving_eligible_dyad_edge_swap,94,16,9.635,2.6222425095506483,4.0,16.0,2.4273117291088067,0.03482587064676617
motif_cf9c9230b4395826,degree_preserving_eligible_dyad_edge_swap,94,16,1.0,0.956333030027515,0.0,3.0,15.68491260786886,0.004975124378109453
motif_d2d3941dc3dcdda6,degree_preserving_eligible_dyad_edge_swap,94,16,11.715,2.556649621366245,7.0,17.0,1.676021604286216,0.07462686567164178
motif_ed7fd1b0d342bae0,degree_preserving_eligible_dyad_edge_swap,94,16,11.66,2.593846603214042,6.9750000000000005,16.025000000000006,1.673190694708891,0.06965174129353234
motif_74fdcb73cf700601,degree_preserving_eligible_dyad_edge_swap,94,16,7.185,2.2552618540095843,3.0,12.0,3.9086370322488238,0.004975124378109453
motif_79f2bdd8ef302047,degree_preserving_eligible_dyad_edge_swap,94,16,0.505,0.6945408085011044,0.0,2.0,22.309704210815077,0.004975124378109453
motif_92891644fc009b21,degree_preserving_eligible_dyad_edge_swap,94,16,2.235,1.3108649183538534,0.0,5.0,10.500700573546276,0.004975124378109453
motif_979bfd561a32d6ec,degree_preserving_eligible_dyad_edge_swap,94,16,0.355,0.5572500679147142,0.0,2.0,28.07536669945176,0.004975124378109453
motif_a0be1267abde7bff,degree_preserving_eligible_dyad_edge_swap,94,16,7.43,2.3585831706480738,3.0,12.025000000000006,3.6335373315010977,0.009950248756218905
motif_b604acdcd89ca6ad,degree_preserving_eligible_dyad_edge_swap,94,16,2.965,1.3904827259104218,0.0,6.0,9.374442240169007,0.004975124378109453
motif_c276fb95f931537d,degree_preserving_eligible_dyad_edge_swap,94,16,6.89,2.0564642535504105,3.0,11.0,4.429933554289561,0.004975124378109453
motif_df6253b66cf8092b,degree_preserving_eligible_dyad_edge_swap,94,16,3.245,1.5930044935852863,0.0,7.0,8.006882624224765,0.004975124378109453
motif_6a53ac480546d15f,degree_preserving_eligible_dyad_edge_swap,94,16,1.2,0.9510639374223613,0.0,3.0,15.56151949164635,0.004975124378109453
motif_732d88786176d94a,degree_preserving_eligible_dyad_edge_swap,94,16,0.32,0.5468962217705806,0.0,2.0,28.670887411209172,0.004975124378109453
motif_e72f4a6e150dd905,degree_preserving_eligible_dyad_edge_swap,94,16,5.26,1.8107440376401203,2.0,9.0,5.931263489895054,0.004975124378109453
motif_f1854ccfa9a70eef,degree_preserving_eligible_dyad_edge_swap,94,16,1.84,1.1537136890849091,0.0,4.0,12.273409021636281,0.004975124378109453
motif_dc489e744aae719a,degree_preserving_eligible_dyad_edge_swap,94,16,0.995,0.8825357481335634,0.0,3.0,17.002144141734117,0.004975124378109453
motif_a43b28fd352c3ebd,degree_preserving_eligible_dyad_edge_swap,94,15,29.475,4.205688299238516,20.975,38.025000000000006,-3.4417671900746547,1.0
motif_c89ddfa6cc6aab27,degree_preserving_eligible_dyad_edge_swap,94,15,24.62,3.658211661838891,17.975,32.0,-2.629700216734936,1.0
motif_d877fb80cd3afbbc,degree_preserving_eligible_dyad_edge_swap,94,15,8.81,2.429694854385452,4.0,13.025000000000006,2.5476450216896267,0.024875621890547265
motif_719ac8b104bb9f5a,degree_preserving_eligible_dyad_edge_swap,94,15,5.645,1.938495246085344,2.0,9.025000000000006,4.825908146482057,0.004975124378109453
motif_85dc8a2a69a366ed,degree_preserving_eligible_dyad_edge_swap,94,15,5.8,1.9465211849908266,2.0,9.0,4.7263806173490766,0.004975124378109453
motif_1e62e7ab2de42a0c,degree_preserving_eligible_dyad_edge_swap,94,15,4.415,1.9081351889993239,1.0,8.025000000000006,5.547300873137323,0.004975124378109453
motif_30eac748c9b6b6ad,degree_preserving_eligible_dyad_edge_swap,94,15,0.465,0.686389578349155,0.0,2.0,21.176020817446453,0.004975124378109453
motif_55659ce9ca8581e0,degree_preserving_eligible_dyad_edge_swap,94,15,4.085,1.7357532071063264,1.0,7.025000000000006,6.288336357561103,0.004975124378109453
motif_7923ef18841b1d60,degree_preserving_eligible_dyad_edge_swap,94,15,4.88,1.7695356117939636,1.0,9.0,5.7190146005257825,0.004975124378109453
motif_99a961c31f3cb611,degree_preserving_eligible_dyad_edge_swap,94,15,10.17,2.431183511446978,6.0,15.0,1.986686721614572,0.06467661691542288
motif_bbce14c7c6af7723,degree_preserving_eligible_dyad_edge_swap,94,15,3.67,1.6199447847157125,0.9750000000000005,7.0,6.994065542788439,0.004975124378109453
motif_bd3e0e800b3d3ab6,degree_preserving_eligible_dyad_edge_swap,94,15,3.465,1.5494447052000155,1.0,7.0,7.444602547795317,0.004975124378109453
motif_fd53f703a15f6171,degree_preserving_eligible_dyad_edge_swap,94,15,4.315,1.7409565325536431,1.0,8.0,6.137430659642714,0.004975124378109453
motif_29492fa27ecc5e4c,degree_preserving_eligible_dyad_edge_swap,94,15,0.135,0.3569482599782605,0.0,1.0,41.64469102862508,0.004975124378109453
motif_59930048cf08ed8a,degree_preserving_eligible_dyad_edge_swap,94,14,8.16,2.375418503196149,3.9750000000000005,12.0,2.4585141490403575,0.014925373134328358
motif_6c46ddfa2e3e805e,degree_preserving_eligible_dyad_edge_swap,94,14,3.495,1.6953898471054802,1.0,7.0,6.196214999125461,0.004975124378109453
motif_85885a371198be0a,degree_preserving_eligible_dyad_edge_swap,94,14,7.71,2.438365875069514,4.0,13.0,2.579596468401479,0.024875621890547265
motif_cd9096506642a0a4,degree_preserving_eligible_dyad_edge_swap,94,14,32.905,3.595918261126566,26.0,40.0,-5.257349758021822,1.0
motif_f1a82655213bd83e,degree_preserving_eligible_dyad_edge_swap,94,14,29.285,3.713857656597428,23.0,37.0,-4.115666623045497,1.0
motif_57be78ca59a7740b,degree_preserving_eligible_dyad_edge_swap,94,14,5.785,1.8590468730997367,2.0,9.0,4.418931076386728,0.004975124378109453
motif_ab6254b20120b056,degree_preserving_eligible_dyad_edge_swap,94,14,5.93,2.0945250478042503,2.0,10.0,3.852902121395019,0.004975124378109453
motif_03ca9491450a65fe,degree_preserving_eligible_dyad_edge_swap,94,14,18.66,3.2522740401388077,12.0,25.025000000000006,-1.4328435865143487,0.9303482587064676
motif_102c6e9d78ee3ec7,degree_preserving_eligible_dyad_edge_swap,94,14,23.31,3.496430340451263,17.0,31.025000000000006,-2.6627157110181163,1.0
motif_1f6e0e453ce3f0b3,degree_preserving_eligible_dyad_edge_swap,94,14,9.2,2.550002463295688,5.0,14.0,1.882351122828469,0.05970149253731343
motif_20e58aec07c10b6e,degree_preserving_eligible_dyad_edge_swap,94,14,2.58,1.537994517440941,0.0,6.0,7.425254037317157,0.004975124378109453
motif_2c3a7d57f6c65cf3,degree_preserving_eligible_dyad_edge_swap,94,14,5.5,1.8674681217974374,2.0,9.0,4.55161718734923,0.004975124378109453
motif_44f58845fafd1f04,degree_preserving_eligible_dyad_edge_swap,94,14,2.545,1.493023979383812,0.0,6.0,7.672348306641136,0.004975124378109453
motif_56117d7bc6505b15,degree_preserving_eligible_dyad_edge_swap,94,14,17.15,3.1919339296193576,11.0,24.0,-0.9868625320749168,0.8955223880597015
motif_5a11e3588343dd34,degree_preserving_eligible_dyad_edge_swap,94,14,19.745,3.469895658286715,13.0,26.025000000000006,-1.6556693819538753,0.9502487562189055
motif_638b01422add1be9,degree_preserving_eligible_dyad_edge_swap,94,14,6.45,2.1472197753884212,3.0,11.0,3.5161747700624835,0.004975124378109453
motif_6d0715d010496bbd,degree_preserving_eligible_dyad_edge_swap,94,14,5.625,1.9809076139170074,2.0,10.0,4.227859967401226,0.004975124378109453
motif_7bb0995b40596203,degree_preserving_eligible_dyad_edge_swap,94,14,3.865,1.6554387294414348,1.0,7.0,6.1222441034828705,0.004975124378109453
motif_941283ca50a50542,degree_preserving_eligible_dyad_edge_swap,94,14,8.42,2.5742442907272234,4.0,14.0,2.16762644481719,0.03482587064676617
motif_9661aa1993d88851,degree_preserving_eligible_dyad_edge_swap,94,14,5.25,2.063684561615279,1.0,10.0,4.239989077183014,0.004975124378109453
motif_a84108f15ce496ab,degree_preserving_eligible_dyad_edge_swap,94,14,10.385,2.5355314231911907,5.0,15.0,1.425736619524992,0.13432835820895522
motif_be16fa98f74de416,degree_preserving_eligible_dyad_edge_swap,94,14,6.735,2.1135540098998704,3.0,11.025000000000006,3.4373382302845332,0.009950248756218905
motif_daaa1c17175d12b5,degree_preserving_eligible_dyad_edge_swap,94,14,20.465,3.447929245272009,14.0,27.0,-1.8750384767509845,0.9850746268656716
motif_df714eee2f850410,degree_preserving_eligible_dyad_edge_swap,94,14,6.94,2.328844689527342,2.9750000000000005,12.0,3.031546084523517,0.014925373134328358
motif_f861045217cafed5,degree_preserving_eligible_dyad_edge_swap,94,14,21.055,3.365801255340585,15.0,27.025000000000006,-2.096083358696741,0.9850746268656716
motif_302ce535f63e4a71,degree_preserving_eligible_dyad_edge_swap,94,14,6.715,2.2222662614285036,3.0,11.0,3.2781850340998746,0.004975124378109453
motif_30fd9f48f03f7c74,degree_preserving_eligible_dyad_edge_swap,94,14,3.76,1.8328109503981833,1.0,8.0,5.587046496953399,0.004975124378109453
motif_32ad1c23f2ae591a,degree_preserving_eligible_dyad_edge_swap,94,14,5.045,1.9703773584451707,1.0,9.025000000000006,4.544814708521829,0.004975124378109453
motif_8b97c1bed618017d,degree_preserving_eligible_dyad_edge_swap,94,14,4.46,1.9461080862627047,1.0,9.0,4.902091547402469,0.004975124378109453
motif_f4ce7d24158f3adb,degree_preserving_eligible_dyad_edge_swap,94,14,14.9,2.8619844118844084,9.0,22.0,-0.3144671215757656,0.7064676616915423
motif_f8ba0793a21c1310,degree_preserving_eligible_dyad_edge_swap,94,14,3.87,1.6874053109484635,1.0,7.0,6.003299820305821,0.004975124378109453
motif_6e730615c688e1f6,degree_preserving_eligible_dyad_edge_swap,94,14,3.22,1.6929056820275632,1.0,7.0,6.367749907418932,0.004975124378109453
motif_0736999767f979b8,degree_preserving_eligible_dyad_edge_swap,94,14,2.42,1.5379945174409406,0.0,6.0,7.529285617524755,0.004975124378109453
motif_0a54b8cc99574e71,degree_preserving_eligible_dyad_edge_swap,94,14,1.685,1.3434280758473345,0.0,5.0,9.166847277799084,0.004975124378109453
motif_0db918ee954bf825,degree_preserving_eligible_dyad_edge_swap,94,14,5.895,2.1650432005624065,2.0,10.025000000000006,3.743574261194691,0.004975124378109453
motif_409458ebc84003c3,degree_preserving_eligible_dyad_edge_swap,94,14,5.715,2.2425252725420846,2.0,10.0,3.6944957104578267,0.004975124378109453
motif_4bf17d16162319a7,degree_preserving_eligible_dyad_edge_swap,94,14,8.665,2.4128581438017767,4.0,13.0,2.2110707227877078,0.01990049751243781
motif_4f96fec7de252336,degree_preserving_eligible_dyad_edge_swap,94,14,8.745,2.430950968873154,4.0,13.0,2.1617054672377494,0.024875621890547265
motif_796bc0904ca42936,degree_preserving_eligible_dyad_edge_swap,94,14,3.115,1.5275608698363783,0.0,6.0,7.12573895740464,0.004975124378109453
motif_860e111160559f4a,degree_preserving_eligible_dyad_edge_swap,94,14,4.335,1.8465709086311897,1.0,8.0,5.234025920599165,0.004975124378109453
motif_99183ecf8ee38281,degree_preserving_eligible_dyad_edge_swap,94,14,7.96,2.1776387562595922,4.0,12.025000000000006,2.773646447390828,0.014925373134328358
motif_9e365847eeb5773b,degree_preserving_eligible_dyad_edge_swap,94,14,7.965,2.330435506132107,3.9750000000000005,13.0,2.5896447183884823,0.004975124378109453
motif_9ffcf9a61af78c23,degree_preserving_eligible_dyad_edge_swap,94,14,2.035,1.4261643396250279,0.0,5.0,8.38963622042736,0.004975124378109453
motif_a5066e794d4e1251,degree_preserving_eligible_dyad_edge_swap,94,14,8.1,2.054532922013708,4.0,13.0,2.8716989330194025,0.01990049751243781
motif_b19a02a5331c56cc,degree_preserving_eligible_dyad_edge_swap,94,14,7.285,2.16963396861981,3.0,12.0,3.094992103332378,0.009950248756218905
motif_d664828ab1d1af28,degree_preserving_eligible_dyad_edge_swap,94,14,8.02,2.1802217396794434,4.0,12.0,2.7428402768239692,0.014925373134328358
motif_e443575d63a2a94c,degree_preserving_eligible_dyad_edge_swap,94,14,3.49,1.6983290635328012,1.0,7.0,6.188435578048395,0.004975124378109453
motif_e4e4f0c2ae14f178,degree_preserving_eligible_dyad_edge_swap,94,14,6.73,2.1564674258597027,2.9750000000000005,11.025000000000006,3.3712542618638084,0.004975124378109453
motif_eff93837e7c7eb57,degree_preserving_eligible_dyad_edge_swap,94,14,4.645,1.8291264356484318,1.0,8.0,5.114463285685125,0.004975124378109453
motif_f1f9f857e53462dc,degree_preserving_eligible_dyad_edge_swap,94,14,7.095,2.251961735530036,3.0,12.0,3.06621550937445,0.004975124378109453
motif_0844c6f2655498c6,degree_preserving_eligible_dyad_edge_swap,94,14,0.46,0.6934003317712677,0.0,2.0,19.526959217646358,0.004975124378109453
motif_21ec8f8c9d580077,degree_preserving_eligible_dyad_edge_swap,94,14,5.77,1.9917165143079048,2.0,10.0,4.132114154237365,0.004975124378109453
motif_28de9d82bd181d49,degree_preserving_eligible_dyad_edge_swap,94,14,6.94,2.1539726065922364,2.9750000000000005,11.025000000000006,3.277664710494859,0.009950248756218905
motif_31a48e12b639f442,degree_preserving_eligible_dyad_edge_swap,94,14,4.445,1.9092409499654897,1.0,8.025000000000006,5.004606673753101,0.004975124378109453
motif_65ff610866fe59e4,degree_preserving_eligible_dyad_edge_swap,94,14,5.37,1.8137110405721923,2.0,9.0,4.758200069884006,0.004975124378109453
motif_814b502b446fbc42,degree_preserving_eligible_dyad_edge_swap,94,14,0.5,0.6098026701174832,0.0,2.0,22.138309098251604,0.004975124378109453
motif_9291f5dec38604a8,degree_preserving_eligible_dyad_edge_swap,94,14,3.25,1.603231660987884,1.0,6.025000000000006,6.705206902772886,0.004975124378109453
motif_a79f126286cb40ad,degree_preserving_eligible_dyad_edge_swap,94,14,2.91,1.6356272136124272,0.0,6.025000000000006,6.780273590280242,0.004975124378109453
motif_bba5ef19a6743b98,degree_preserving_eligible_dyad_edge_swap,94,14,6.255,2.1384197894660195,3.0,10.0,3.621833298659282,0.004975124378109453
motif_bee86fa03871dbfd,degree_preserving_eligible_dyad_edge_swap,94,14,5.355,1.8832707035138536,2.0,9.0,4.590418140031565,0.004975124378109453
motif_d53e2a3c15630bbd,degree_preserving_eligible_dyad_edge_swap,94,14,1.695,1.2162943144224938,0.0,4.0,10.116794803766316,0.004975124378109453
motif_e0f4385c101dd6e6,degree_preserving_eligible_dyad_edge_swap,94,14,0.23,0.4777459639077565,0.0,1.0250000000000057,28.8228494645299,0.004975124378109453
motif_f2661d2b5855f782,degree_preserving_eligible_dyad_edge_swap,94,14,1.285,1.1446949956935377,0.0,4.0,11.10776237149211,0.004975124378109453
motif_f9442f72604ce930,degree_preserving_eligible_dyad_edge_swap,94,14,1.455,1.2672825356350605,0.0,4.025000000000006,9.899134287140988,0.004975124378109453
motif_fb6b569578a347eb,degree_preserving_eligible_dyad_edge_swap,94,14,1.89,1.332960584412754,0.0,5.0,9.085039829092286,0.004975124378109453
motif_5677d361d746bb2f,degree_preserving_eligible_dyad_edge_swap,94,14,4.285,1.7258819025960448,1.0,8.0,5.62900624045414,0.004975124378109453
motif_5e93359d0e369559,degree_preserving_eligible_dyad_edge_swap,94,14,1.115,1.0944239667950793,0.0,3.0250000000000057,11.773316731844375,0.004975124378109453
motif_a9597247d36af917,degree_preserving_eligible_dyad_edge_swap,94,14,1.355,1.0977249200050072,0.0,4.0,11.519279347272466,0.004975124378109453
motif_55204e66349552de,degree_preserving_eligible_dyad_edge_swap,94,13,27.45,3.700808006300446,21.0,35.0,-3.90455272886342,1.0
motif_09cbb4fdf9ec0935,degree_preserving_eligible_dyad_edge_swap,94,13,3.58,1.6725991569107321,0.0,7.0,5.631953095922045,0.004975124378109453
motif_5373d5c77d75d134,degree_preserving_eligible_dyad_edge_swap,94,13,9.685,2.594112971817683,4.0,15.0,1.2778934595424323,0.12935323383084577
motif_5726b96f5e04302f,degree_preserving_eligible_dyad_edge_swap,94,13,6.58,2.3921143482861313,2.0,12.0,2.6838181897950286,0.01990049751243781
motif_61dbbbd9a68fd124,degree_preserving_eligible_dyad_edge_swap,94,13,19.13,3.4412659818428684,13.0,27.0,-1.7813211859657703,0.9900497512437811
motif_974f3af55abda56b,degree_preserving_eligible_dyad_edge_swap,94,13,7.595,2.329831662994013,3.0,12.0,2.319910097304695,0.024875621890547265
motif_a30e4d93bac8c72d,degree_preserving_eligible_dyad_edge_swap,94,13,2.05,1.3290341072716896,0.0,5.0,8.239066206117712,0.004975124378109453
motif_a6686b16eb16c8f5,degree_preserving_eligible_dyad_edge_swap,94,13,21.865,3.4198320508880866,15.975000000000001,29.0,-2.5922325623265245,1.0
motif_b8b9a74d34ecbd56,degree_preserving_eligible_dyad_edge_swap,94,13,13.655,2.9048521182920353,8.0,19.0,-0.2254848003708772,0.6268656716417911
motif_c91ab3029e8c5019,degree_preserving_eligible_dyad_edge_swap,94,13,17.015,3.5294560914548194,10.950000000000001,24.0,-1.1375690463243708,0.9203980099502488
motif_e80f1384a255b464,degree_preserving_eligible_dyad_edge_swap,94,13,5.905,2.1019194386639004,2.0,10.0,3.3754861720628004,0.004975124378109453
motif_eb965207c9151610,degree_preserving_eligible_dyad_edge_swap,94,13,19.58,3.146921603391074,14.0,26.0,-2.0909322917067565,0.9950248756218906
motif_35b25ff849cedddd,degree_preserving_eligible_dyad_edge_swap,94,13,7.71,2.2295187303192194,3.9750000000000005,12.0,2.3727093780650073,0.01990049751243781
motif_40f115386ad69003,degree_preserving_eligible_dyad_edge_swap,94,13,4.835,1.8829504806454194,1.9750000000000005,9.0,4.3362797290352955,0.004975124378109453
motif_64488d3121115cd6,degree_preserving_eligible_dyad_edge_swap,94,13,4.38,1.79491184817349,1.0,8.0,4.80246425960793,0.004975124378109453
motif_9adc1169610fc2b6,degree_preserving_eligible_dyad_edge_swap,94,13,4.495,1.7650928484980892,1.0,8.0,4.818443407799692,0.004975124378109453
motif_a9c4bcb9b3dd8ec6,degree_preserving_eligible_dyad_edge_swap,94,13,4.43,1.6396776248908937,2.0,8.0,5.226637157148655,0.004975124378109453
motif_011a38a32de3b7dd,degree_preserving_eligible_dyad_edge_swap,94,13,11.31,2.9406012443702667,6.0,18.0,0.5747124004777856,0.34328358208955223
motif_1abbe9e8641d1ec1,degree_preserving_eligible_dyad_edge_swap,94,13,10.025,2.8042277844955263,5.0,15.025000000000006,1.0608981254834813,0.21890547263681592
motif_2438fa77cf88e1ce,degree_preserving_eligible_dyad_edge_swap,94,13,14.14,3.2839490873093955,9.0,21.025000000000006,-0.3471430188748831,0.7114427860696517
motif_28829b66a849d9fa,degree_preserving_eligible_dyad_edge_swap,94,13,6.545,2.229986366769963,2.0,11.0,2.8946365306034507,0.004975124378109453
motif_2ea327f21ddaaa54,degree_preserving_eligible_dyad_edge_swap,94,13,15.48,3.0158042670048113,9.0,21.0,-0.822334535146423,0.835820895522388
motif_3506c47e56bf068a,degree_preserving_eligible_dyad_edge_swap,94,13,12.355,3.0339742912556136,6.0,18.025000000000006,0.21259244083214218,0.48258706467661694
motif_4ae20a2381227a75,degree_preserving_eligible_dyad_edge_swap,94,13,0.67,0.7772519559416208,0.0,2.0,15.863581822785537,0.004975124378109453
motif_54242edadc447171,degree_preserving_eligible_dyad_edge_swap,94,13,3.9,1.7792777033753453,1.0,8.0,5.1144349095911315,0.004975124378109453
motif_56e99004e75a0653,degree_preserving_eligible_dyad_edge_swap,94,13,4.495,1.671509713886848,2.0,8.0,5.088214522081887,0.004975124378109453
motif_5ad27ac7e27a06eb,degree_preserving_eligible_dyad_edge_swap,94,13,12.975,2.672091947685262,7.9750000000000005,19.025000000000006,0.009355965471793352,0.6019900497512438
motif_5f4182e9115c8239,degree_preserving_eligible_dyad_edge_swap,94,13,3.325,1.6981737160400416,0.9750000000000005,7.0,5.6972969894747045,0.004975124378109453
motif_5ffcfcca1c5c912f,degree_preserving_eligible_dyad_edge_swap,94,13,1.83,1.2323528177176706,0.0,4.0,9.06396272188264,0.004975124378109453
motif_67064ea6781f33f6,degree_preserving_eligible_dyad_edge_swap,94,13,14.515,3.075233373503146,9.0,21.025000000000006,-0.49264553807641315,0.7611940298507462
motif_6b9f4654fad9bc4b,degree_preserving_eligible_dyad_edge_swap,94,13,0.53,0.8076891784871378,0.0,2.0250000000000057,15.439107434071659,0.004975124378109453
motif_6bb58696134f3153,degree_preserving_eligible_dyad_edge_swap,94,13,2.83,1.4703433434877358,0.0,6.0,6.916751821976626,0.004975124378109453
motif_6cd82b6d43c8255f,degree_preserving_eligible_dyad_edge_swap,94,13,1.43,1.1231237844404696,0.0,4.0,10.301624950240077,0.004975124378109453
motif_6f98dc882221bf18,degree_preserving_eligible_dyad_edge_swap,94,13,6.365,2.246555151838312,2.0,11.0,2.953410689504199,0.009950248756218905
motif_70d5ba2e015f9d9a,degree_preserving_eligible_dyad_edge_swap,94,13,4.4,1.9949685454882333,1.0,8.0,4.310844910036064,0.004975124378109453
motif_78cf643a53963302,degree_preserving_eligible_dyad_edge_swap,94,13,4.29,1.7752910441550949,1.0,8.0,4.906237784884059,0.004975124378109453
motif_81ef6862ac931678,degree_preserving_eligible_dyad_edge_swap,94,13,2.725,1.644046668205066,0.0,6.025000000000006,6.249822586373426,0.004975124378109453
motif_8341e60317787269,degree_preserving_eligible_dyad_edge_swap,94,13,2.95,1.4344995450412719,0.0,6.0,7.005927631514761,0.004975124378109453
motif_8fe255b7c26b3dcd,degree_preserving_eligible_dyad_edge_swap,94,13,5.475,2.019845011219111,2.0,10.0,3.7255333741959547,0.004975124378109453
motif_9097e761cd3f6ab1,degree_preserving_eligible_dyad_edge_swap,94,13,5.815,1.9875934287954744,3.0,10.0,3.6149244085367442,0.009950248756218905
motif_94968d108ca92c97,degree_preserving_eligible_dyad_edge_swap,94,13,4.955,2.0528139774783916,1.0,9.0,3.9190107278411124,0.004975124378109453
motif_c933e865cb7dd1a6,degree_preserving_eligible_dyad_edge_swap,94,13,13.64,2.9536452225178484,8.0,19.0,-0.2166814061217649,0.6616915422885572
motif_d900cb8df07bc59b,degree_preserving_eligible_dyad_edge_swap,94,13,2.09,1.3269150378181507,0.0,5.0,8.222078798608942,0.004975124378109453
motif_d938e0d5596e37be,degree_preserving_eligible_dyad_edge_swap,94,13,5.045,2.028187050931901,2.0,10.0,3.922222063465437,0.004975124378109453
motif_e08df7b45c1551f1,degree_preserving_eligible_dyad_edge_swap,94,13,3.07,1.4682913188413682,0.0,6.025000000000006,6.762963093615363,0.004975124378109453
motif_e802c45973b2f5f8,degree_preserving_eligible_dyad_edge_swap,94,13,3.02,1.7275770932335617,0.0,6.0,5.776876782569578,0.004975124378109453
motif_f2b672fed13e5bf2,degree_preserving_eligible_dyad_edge_swap,94,13,2.17,1.3713141553133668,0.0,5.0,7.897533878752368,0.004975124378109453
motif_fb2dbc03f16a2ede,degree_preserving_eligible_dyad_edge_swap,94,13,5.1,2.066726102781787,2.0,9.025000000000006,3.8224707131567652,0.004975124378109453
motif_fd95d1d34b39c965,degree_preserving_eligible_dyad_edge_swap,94,13,12.135,2.892856389531334,7.0,19.0,0.2990124235445152,0.4228855721393035
motif_111e68c3b12d536d,degree_preserving_eligible_dyad_edge_swap,94,13,0.46,0.7624346087785614,0.0,2.0,16.447312144039973,0.004975124378109453
motif_399d0fcc049fe0cf,degree_preserving_eligible_dyad_edge_swap,94,13,2.74,1.620347999101106,0.0,6.025000000000006,6.33197313521032,0.004975124378109453
motif_5a73d6adb6f33a2c,degree_preserving_eligible_dyad_edge_swap,94,13,10.26,2.4417639229205563,6.0,15.0,1.1221396033744033,0.18407960199004975
motif_671a452650e51d91,degree_preserving_eligible_dyad_edge_swap,94,13,1.735,1.221571193547278,0.0,4.0,9.221730227026686,0.004975124378109453
motif_877c11f9632c41e7,degree_preserving_eligible_dyad_edge_swap,94,13,3.865,1.5904157036928306,1.0,7.0,5.7437813137717315,0.004975124378109453
motif_94540e1941e9921b,degree_preserving_eligible_dyad_edge_swap,94,13,2.11,1.239184364591176,0.0,5.0,8.788038576965715,0.004975124378109453
motif_96ff5708a621681b,degree_preserving_eligible_dyad_edge_swap,94,13,2.14,1.3928749055505898,0.0,5.0,7.796823646346868,0.004975124378109453
motif_985b69febfb21c6b,degree_preserving_eligible_dyad_edge_swap,94,13,2.88,1.583711054301759,0.0,6.0,6.39005453205086,0.004975124378109453
motif_c4717a59730628ea,degree_preserving_eligible_dyad_edge_swap,94,13,3.26,1.6449710174471794,0.9750000000000005,7.0,5.9210769653045,0.004975124378109453
motif_c4f7f91aeda9000c,degree_preserving_eligible_dyad_edge_swap,94,13,8.86,2.57361954996066,4.9750000000000005,14.025000000000006,1.608629371836752,0.10945273631840796
motif_d33defb4252b2274,degree_preserving_eligible_dyad_edge_swap,94,13,2.945,1.5243336133616296,0.9750000000000005,6.025000000000006,6.5963250510664775,0.004975124378109453
motif_d7259ed8f7ca4c68,degree_preserving_eligible_dyad_edge_swap,94,13,4.95,1.831466995821634,1.0,8.0,4.395383601432907,0.004975124378109453
motif_f43670ad6edbad99,degree_preserving_eligible_dyad_edge_swap,94,13,3.745,1.7247751291780484,1.0,7.0,5.365916891676495,0.004975124378109453
motif_f7a10d05ede59dd4,degree_preserving_eligible_dyad_edge_swap,94,13,3.31,1.6636522152984174,1.0,7.025000000000006,5.824534665895815,0.004975124378109453
motif_fb737fa52b36dbc3,degree_preserving_eligible_dyad_edge_swap,94,13,2.41,1.4943444471182543,0.0,6.0,7.086719544762336,0.004975124378109453
motif_73567f6e574b83af,degree_preserving_eligible_dyad_edge_swap,94,13,1.715,1.149076535493659,0.0,4.0,9.820929808780587,0.004975124378109453
motif_94ad76abc9083824,degree_preserving_eligible_dyad_edge_swap,94,13,2.0,1.4177624100166717,0.0,5.025000000000006,7.758704788816237,0.004975124378109453
motif_dcb214ea95ad5257,degree_preserving_eligible_dyad_edge_swap,94,13,2.455,1.4451356633296182,0.0,6.0,7.296892788393397,0.004975124378109453
motif_4f4a2ec11badf8fa,degree_preserving_eligible_dyad_edge_swap,94,12,19.64,3.658870957469952,12.975000000000001,26.0,-2.088075826889214,0.9800995024875622
motif_f93a60ce0c6db0e5,degree_preserving_eligible_dyad_edge_swap,94,12,12.495,2.625727944053021,8.0,18.0,-0.1885191499451109,0.6666666666666666
motif_3486d9dc955392fb,degree_preserving_eligible_dyad_edge_swap,94,12,10.025,2.433925835943726,5.0,14.0,0.8114462531411589,0.26865671641791045
motif_67eb1a300d203ccd,degree_preserving_eligible_dyad_edge_swap,94,12,4.61,1.948559576228182,2.0,9.025000000000006,3.7925450625968486,0.004975124378109453
motif_700ceff50fa0e0f9,degree_preserving_eligible_dyad_edge_swap,94,12,13.095,2.87004543588078,8.0,19.0,-0.3815270609693185,0.7064676616915423
motif_7aae84218b572ff3,degree_preserving_eligible_dyad_edge_swap,94,12,9.175,2.1743999345513427,5.9750000000000005,14.0,1.299209016294833,0.13930348258706468
motif_83b41e1e6cbf411c,degree_preserving_eligible_dyad_edge_swap,94,12,0.845,0.8687627660751768,0.0,3.0,12.840099087573837,0.004975124378109453
motif_993bc0c778627e70,degree_preserving_eligible_dyad_edge_swap,94,12,1.655,1.2585286934996,0.0,5.0,8.21991588545636,0.004975124378109453
motif_a287e6f85d6bd649,degree_preserving_eligible_dyad_edge_swap,94,12,15.355,3.211001033663951,10.0,21.0,-1.0448455060669157,0.8955223880597015
motif_ba4eff2711177a58,degree_preserving_eligible_dyad_edge_swap,94,12,5.84,2.1110858383982,2.0,10.0,2.917929668209958,0.004975124378109453
motif_cdc12b332bc8e6d2,degree_preserving_eligible_dyad_edge_swap,94,12,11.325,2.3078139060863703,7.0,16.0,0.29248458821564044,0.4228855721393035
motif_d60e8245c37bbbc2,degree_preserving_eligible_dyad_edge_swap,94,12,12.305,2.6184453940090173,8.0,18.0,-0.11648132922605044,0.6169154228855721
motif_f6d6c91aa2b5d534,degree_preserving_eligible_dyad_edge_swap,94,12,8.51,2.1218887954606633,5.0,12.0,1.6447610296383695,0.0945273631840796
motif_f7f792ca3e0c89df,degree_preserving_eligible_dyad_edge_swap,94,12,6.915,2.071043482288007,3.0,10.0,2.4552840360368937,0.01990049751243781
motif_5949382023fb3815,degree_preserving_eligible_dyad_edge_swap,94,12,10.835,2.7377456522258243,6.0,16.0,0.42553259067468097,0.43283582089552236
motif_6c209fd68b7f3d1b,degree_preserving_eligible_dyad_edge_swap,94,12,3.005,1.5187190450140677,0.0,6.0,5.922754461748836,0.004975124378109453
motif_b3d1490119eed083,degree_preserving_eligible_dyad_edge_swap,94,12,11.985,2.823941968455802,7.0,18.0,0.005311723883689764,0.5522388059701493
motif_d01370274886edbe,degree_preserving_eligible_dyad_edge_swap,94,12,9.045,2.038073531203663,5.0,13.0,1.449898619827917,0.11442786069651742
motif_d314ff3c65aefeb4,degree_preserving_eligible_dyad_edge_swap,94,12,2.87,1.408195680783351,0.0,6.0,6.483473940866772,0.004975124378109453
motif_075a62250a611f95,degree_preserving_eligible_dyad_edge_swap,94,12,1.11,0.9708826218068978,0.0,3.0,11.216597923786868,0.004975124378109453
motif_07ea21b8d2ae766c,degree_preserving_eligible_dyad_edge_swap,94,12,4.465,1.9718559989010365,1.0,9.0,3.821272955124228,0.004975124378109453
motif_07edead3c08dfaa1,degree_preserving_eligible_dyad_edge_swap,94,12,6.87,1.8357422882157821,3.0,10.0,2.7945099009436745,0.009950248756218905
motif_0a0816f8dfe570fc,degree_preserving_eligible_dyad_edge_swap,94,12,5.28,1.8946101811965084,2.0,9.0,3.5469037729735517,0.009950248756218905
motif_1265d32ef65996bc,degree_preserving_eligible_dyad_edge_swap,94,12,3.435,1.561398355359902,1.0,7.0,5.485467542986984,0.004975124378109453
motif_16669a869ee67143,degree_preserving_eligible_dyad_edge_swap,94,12,6.405,1.73378344239574,3.0,10.0,3.2270466213870606,0.004975124378109453
motif_185605e36a84f308,degree_preserving_eligible_dyad_edge_swap,94,12,4.07,1.7579968042687384,1.0,8.0,4.510815935924631,0.004975124378109453
motif_24567fd6741ebd9f,degree_preserving_eligible_dyad_edge_swap,94,12,11.465,2.9156956986344054,6.0,17.025000000000006,0.18348965574513576,0.48756218905472637
motif_346fc16ff129ec68,degree_preserving_eligible_dyad_edge_swap,94,12,0.75,0.8128985300149721,0.0,3.0,13.839365658334744,0.004975124378109453
motif_36405468b2fb3ecd,degree_preserving_eligible_dyad_edge_swap,94,12,3.635,1.6959232821370416,1.0,7.0,4.932416512060157,0.004975124378109453
motif_3b9272125fc3266c,degree_preserving_eligible_dyad_edge_swap,94,12,3.635,1.7311148991242178,1.0,7.0,4.832146037349634,0.004975124378109453
motif_449409cef3e46d92,degree_preserving_eligible_dyad_edge_swap,94,12,2.82,1.5523041716126482,1.0,6.025000000000006,5.9137894285648525,0.004975124378109453
motif_4bedbd6ce315a0c5,degree_preserving_eligible_dyad_edge_swap,94,12,5.82,1.9587710227584003,2.0,9.025000000000006,3.1550395264154654,0.004975124378109453
motif_5175263f411cae4d,degree_preserving_eligible_dyad_edge_swap,94,12,7.305,1.972671326096678,4.0,12.0,2.380021414560727,0.03980099502487562
motif_53c2683415d02e5d,degree_preserving_eligible_dyad_edge_swap,94,12,2.29,1.478794837309852,0.0,5.0,6.566157627155324,0.004975124378109453
motif_7308934d28594d69,degree_preserving_eligible_dyad_edge_swap,94,12,8.175,1.9295051048776064,5.0,12.025000000000006,1.9823736098602491,0.05472636815920398
motif_7a78bd7f676cdabe,degree_preserving_eligible_dyad_edge_swap,94,12,4.95,1.9067454974274367,1.0,9.0,3.6973995792893146,0.004975124378109453
motif_89ef67de7813ade4,degree_preserving_eligible_dyad_edge_swap,94,12,8.715,2.1580223125601683,5.0,14.0,1.5222270784136809,0.11442786069651742
motif_8edabf9e56c8ca96,degree_preserving_eligible_dyad_edge_swap,94,12,10.225,2.666444190887102,5.0,15.0,0.6656805366736267,0.3034825870646766
motif_95e573bcad752592,degree_preserving_eligible_dyad_edge_swap,94,12,0.615,0.7873210094105809,0.0,2.0250000000000057,14.460429562934252,0.004975124378109453
motif_a9687a8848fb0f2e,degree_preserving_eligible_dyad_edge_swap,94,12,1.44,1.1281683469657704,0.0,4.0,9.360305160485415,0.004975124378109453
motif_b53e30fbc74e37c1,degree_preserving_eligible_dyad_edge_swap,94,12,5.36,1.9310735941777697,2.0,9.0,3.438501784716931,0.004975124378109453
motif_d330b84d6906863b,degree_preserving_eligible_dyad_edge_swap,94,12,1.555,1.2388092029065765,0.0,4.0,8.431484021504883,0.004975124378109453
motif_db4c71d411ebe224,degree_preserving_eligible_dyad_edge_swap,94,12,3.685,1.6026908904877004,1.0,7.0,5.188149536102833,0.004975124378109453
motif_dc2cb89797a97a1c,degree_preserving_eligible_dyad_edge_swap,94,12,1.825,1.3087932222060372,0.0,5.0,7.774337326449111,0.004975124378109453
motif_e7323604ddaa339b,degree_preserving_eligible_dyad_edge_swap,94,12,1.555,1.1239623914021457,0.0,4.0,9.293015566979815,0.004975124378109453
motif_f2e7e98c27bd0e78,degree_preserving_eligible_dyad_edge_swap,94,12,0.64,0.7703030794244904,0.0,2.0,14.747442017870803,0.004975124378109453
motif_01162d9e7d5b62cc,degree_preserving_eligible_dyad_edge_swap,94,12,6.58,1.7229167742683555,4.0,10.0,3.145828098575236,0.009950248756218905
motif_05445f0f3eb6558e,degree_preserving_eligible_dyad_edge_swap,94,12,2.275,1.2478624940353409,0.0,4.025000000000006,7.793326625717606,0.004975124378109453
motif_10aad42987f5da45,degree_preserving_eligible_dyad_edge_swap,94,12,3.455,1.5812897858819783,1.0,6.025000000000006,5.403816603567037,0.004975124378109453
motif_146ddcf21ba7a801,degree_preserving_eligible_dyad_edge_swap,94,12,2.4,1.4177624100166728,0.0,6.0,6.77123327023962,0.004975124378109453
motif_14d4d9eb49f2161d,degree_preserving_eligible_dyad_edge_swap,94,12,2.355,1.469616912445803,0.0,6.0,6.562934815405979,0.004975124378109453
motif_449d3644c6ea8d4c,degree_preserving_eligible_dyad_edge_swap,94,12,2.365,1.407722777071334,0.0,5.0,6.8443873729491855,0.004975124378109453
motif_478d0b437679e4ca,degree_preserving_eligible_dyad_edge_swap,94,12,1.285,1.0814911537215128,0.0,4.0,9.907616870585281,0.004975124378109453
motif_7439cbf2d860187d,degree_preserving_eligible_dyad_edge_swap,94,12,2.8,1.476788584264201,0.0,6.0,6.229733963297009,0.004975124378109453
motif_74d706ac8443e6f1,degree_preserving_eligible_dyad_edge_swap,94,12,1.595,1.1212766413925985,0.0,4.0,9.279601140247816,0.004975124378109453
motif_8ab1aa5b4c450ae7,degree_preserving_eligible_dyad_edge_swap,94,12,7.865,2.4240783359649236,3.9750000000000005,12.025000000000006,1.7058029596861317,0.06467661691542288
motif_9673b0cc1bfdf98f,degree_preserving_eligible_dyad_edge_swap,94,12,3.355,1.6712090528992667,1.0,7.0,5.172901609767119,0.004975124378109453
motif_98e069eddd5e23cc,degree_preserving_eligible_dyad_edge_swap,94,12,3.04,1.6589637741735357,0.0,7.0,5.400961816941242,0.004975124378109453
motif_9ea66bab216b3d0d,degree_preserving_eligible_dyad_edge_swap,94,12,8.85,2.6707987249408607,4.0,14.025000000000006,1.1794224591258746,0.1691542288557214
motif_b7b0fe66e3f224e7,degree_preserving_eligible_dyad_edge_swap,94,12,2.86,1.4870969324264522,0.0,6.0,6.146203250575288,0.004975124378109453
motif_d9c145ebf5872fb1,degree_preserving_eligible_dyad_edge_swap,94,12,7.855,2.341235124789422,3.0,13.0,1.7704330317412327,0.06467661691542288
motif_e12342bc4456bfde,degree_preserving_eligible_dyad_edge_swap,94,12,1.54,1.1727217836765664,0.0,4.0,8.91942159307995,0.004975124378109453
motif_e1e71a8d16d9a721,degree_preserving_eligible_dyad_edge_swap,94,12,7.51,2.2904433311624035,3.0,13.0,1.9603191831519002,0.06467661691542288
motif_ee30235ccc60a79e,degree_preserving_eligible_dyad_edge_swap,94,12,1.3,1.0514407440226745,0.0,3.0250000000000057,10.176512619306726,0.004975124378109453
motif_f1e9c47cc481f02b,degree_preserving_eligible_dyad_edge_swap,94,12,1.295,1.0926777766652396,0.0,4.0,9.797032783691051,0.004975124378109453
motif_fb2d519fff8d4721,degree_preserving_eligible_dyad_edge_swap,94,12,2.32,1.30618936347925,0.0,5.0,7.410870330635467,0.004975124378109453
motif_0d31b4b8652ee24c,degree_preserving_eligible_dyad_edge_swap,94,12,1.32,1.0358401537498931,0.0,4.0,10.310471129485409,0.004975124378109453
motif_419ef6f60f638a05,degree_preserving_eligible_dyad_edge_swap,94,12,2.325,1.4032893876630141,0.0,6.0,6.894515190564069,0.004975124378109453
motif_588c079ffa6afa37,degree_preserving_eligible_dyad_edge_swap,94,12,5.745,2.029920660875009,2.0,10.0,3.081401219545076,0.004975124378109453
motif_5e93be19197be591,degree_preserving_eligible_dyad_edge_swap,94,12,1.79,1.2939363805009574,0.0,4.025000000000006,7.890650694933797,0.004975124378109453
motif_6d0d0e92cb2b1d79,degree_preserving_eligible_dyad_edge_swap,94,12,0.105,0.3073226906378775,0.0,1.0,38.70524488546809,0.004975124378109453
motif_8946f37ee00f3412,degree_preserving_eligible_dyad_edge_swap,94,12,1.935,1.3638458039252188,0.0,5.0,7.379866529656365,0.004975124378109453
motif_5c241169cdbab3ed,degree_preserving_eligible_dyad_edge_swap,94,12,1.47,1.181558463221372,0.0,4.0,8.911958508842012,0.004975124378109453
motif_e904d61f68b798c3,degree_preserving_eligible_dyad_edge_swap,94,11,2.49,1.4458048826843726,0.0,5.025000000000006,5.8859947852713,0.004975124378109453
motif_1cb44da1d64a0ec8,degree_preserving_eligible_dyad_edge_swap,94,11,4.355,1.7069102828115599,1.0,8.0,3.8929989858954976,0.004975124378109453
motif_383219635c986f5d,degree_preserving_eligible_dyad_edge_swap,94,11,4.515,1.7650359086415126,1.9750000000000005,8.0,3.674146213258223,0.004975124378109453
motif_48c30222d1474b19,degree_preserving_eligible_dyad_edge_swap,94,11,2.045,1.277157254713113,0.0,4.025000000000006,7.011665922072812,0.004975124378109453
motif_57557d986a68649a,degree_preserving_eligible_dyad_edge_swap,94,11,5.265,2.0335811420512675,2.0,10.0,2.8201481029742053,0.014925373134328358
motif_713517eddbbfdda7,degree_preserving_eligible_dyad_edge_swap,94,11,16.255,3.4041026090387354,8.975000000000001,22.0,-1.5437254993567682,0.9502487562189055
motif_974102830e33eed6,degree_preserving_eligible_dyad_edge_swap,94,11,2.175,1.3798168256554224,0.0,5.0,6.395776479829534,0.004975124378109453
motif_9bfe8d5673b65ee4,degree_preserving_eligible_dyad_edge_swap,94,11,0.475,0.6335470855017313,0.0,2.0,16.61281417097015,0.004975124378109453
motif_c86f394a4bbff182,degree_preserving_eligible_dyad_edge_swap,94,11,15.485,3.1828331931909952,8.975000000000001,21.0,-1.4091219136443334,0.9353233830845771
motif_d1708ef46a53a02b,degree_preserving_eligible_dyad_edge_swap,94,11,5.43,1.8472035090969545,2.0,9.0,3.0153688927989397,0.004975124378109453
motif_e37026d7320d596e,degree_preserving_eligible_dyad_edge_swap,94,11,18.59,3.638418674680156,11.0,25.025000000000006,-2.0860710870958843,0.9800995024875622
motif_f255d0e523f35e42,degree_preserving_eligible_dyad_edge_swap,94,11,13.4,2.945058035789931,8.0,19.025000000000006,-0.8149245178987674,0.8606965174129353
motif_01ba827205e5178f,degree_preserving_eligible_dyad_edge_swap,94,11,13.0,2.8968879507145204,8.0,18.0,-0.6903960505295684,0.8009950248756219
motif_04b081bcdc62dd7b,degree_preserving_eligible_dyad_edge_swap,94,11,0.415,0.586939083242192,0.0,2.0,18.034239501533165,0.004975124378109453
motif_391d4ef242087c7d,degree_preserving_eligible_dyad_edge_swap,94,11,3.57,1.5993403162667366,1.0,7.0,4.645665418691809,0.004975124378109453
motif_7386c7374da5bdb1,degree_preserving_eligible_dyad_edge_swap,94,11,3.58,1.4847973314826133,1.0,7.0,4.99731501577452,0.004975124378109453
motif_0396ab78436dd2df,degree_preserving_eligible_dyad_edge_swap,94,11,2.29,1.2900469392730007,0.0,5.0,6.751692310442964,0.004975124378109453
motif_dc55fac2bad792a0,degree_preserving_eligible_dyad_edge_swap,94,11,2.845,1.3894704533395137,1.0,6.0,5.86914243509095,0.004975124378109453
motif_086a285fec8c7090,degree_preserving_eligible_dyad_edge_swap,94,11,3.895,1.811181074443445,1.0,8.0,3.9228545948578253,0.004975124378109453
motif_0ccd7b9a7e46fc3f,degree_preserving_eligible_dyad_edge_swap,94,11,6.75,2.1425340747130566,3.0,11.0,1.983632395937129,0.03482587064676617
motif_13715a4789e5cf7e,degree_preserving_eligible_dyad_edge_swap,94,11,9.025,2.366936191508628,5.0,14.025000000000006,0.8344120162957086,0.23383084577114427
motif_1cc96bc8c3693daa,degree_preserving_eligible_dyad_edge_swap,94,11,0.435,0.6306851980944831,0.0,2.0,16.751621937411088,0.004975124378109453
motif_1cf60642104da99a,degree_preserving_eligible_dyad_edge_swap,94,11,1.165,1.083348150910131,0.0,4.0,9.078337367112802,0.004975124378109453
motif_238130c460c1cf98,degree_preserving_eligible_dyad_edge_swap,94,11,13.135,3.102402214008919,7.9750000000000005,19.025000000000006,-0.6881764041939475,0.7910447761194029
motif_26e6fa3660fc6f83,degree_preserving_eligible_dyad_edge_swap,94,11,0.335,0.5235892747595361,0.0,1.0250000000000057,20.369019218161053,0.004975124378109453
motif_2ac08db1abf3558b,degree_preserving_eligible_dyad_edge_swap,94,11,1.3,0.9667850675481969,0.0,3.0,10.033253848861735,0.004975124378109453
motif_3a3efc2970aab002,degree_preserving_eligible_dyad_edge_swap,94,11,1.41,1.1656300731092528,0.0,4.025000000000006,8.227310037067946,0.004975124378109453
motif_3b72f021fcb54ab6,degree_preserving_eligible_dyad_edge_swap,94,11,3.835,1.6618011055998445,1.0,7.0,4.31158697382965,0.004975124378109453
motif_3be56544eea8bb23,degree_preserving_eligible_dyad_edge_swap,94,11,1.335,1.1220830413827645,0.0,4.0,8.613444498804325,0.004975124378109453
motif_3eac306332293401,degree_preserving_eligible_dyad_edge_swap,94,11,1.28,1.0664363235377923,0.0,4.0,9.114468239186476,0.004975124378109453
motif_44365a63c08941bf,degree_preserving_eligible_dyad_edge_swap,94,11,3.855,1.8414477044546247,1.0,8.0,3.8800993276733373,0.004975124378109453
motif_465b02bcea219ec8,degree_preserving_eligible_dyad_edge_swap,94,11,4.65,1.9510337422291246,1.0,8.0,3.2546848691324537,0.009950248756218905
motif_4948b149496acf53,degree_preserving_eligible_dyad_edge_swap,94,11,3.725,1.6440466682050667,0.9750000000000005,7.0,4.425056867724249,0.004975124378109453
motif_4b6da921a66d5da8,degree_preserving_eligible_dyad_edge_swap,94,11,1.76,1.2886828615248747,0.0,4.025000000000006,7.170111651105904,0.004975124378109453
motif_528fe4e14394b194,degree_preserving_eligible_dyad_edge_swap,94,11,3.635,1.5471728147149453,1.0,7.0,4.760295637276269,0.004975124378109453
motif_52f25d4969f48446,degree_preserving_eligible_dyad_edge_swap,94,11,4.43,1.783537222803502,1.0,8.0,3.6836909911376927,0.004975124378109453
motif_65e4d6f33c59976b,degree_preserving_eligible_dyad_edge_swap,94,11,3.415,1.6542240738280176,1.0,6.025000000000006,4.585231299679767,0.004975124378109453
motif_675a6962f846b2b9,degree_preserving_eligible_dyad_edge_swap,94,11,4.78,2.1175504953843514,1.0,9.0,2.9373561639062697,0.014925373134328358
motif_781faaa9d26840a4,degree_preserving_eligible_dyad_edge_swap,94,11,1.48,1.1603153270949482,0.0,4.0,8.20466624692012,0.004975124378109453
motif_792fb14c94c60a57,degree_preserving_eligible_dyad_edge_swap,94,11,1.835,1.263231478725978,0.0,5.0,7.255202355504382,0.004975124378109453
motif_7e22a990019e8169,degree_preserving_eligible_dyad_edge_swap,94,11,4.115,1.768449055048381,1.0,8.0,3.89324192311078,0.004975124378109453
motif_828a4dac4ecb11ae,degree_preserving_eligible_dyad_edge_swap,94,11,5.965,2.167316614279664,2.0,11.0,2.323149265237118,0.03482587064676617
motif_8789603bc887eea4,degree_preserving_eligible_dyad_edge_swap,94,11,5.475,1.9643493430926546,2.0,9.025000000000006,2.8126361634338872,0.01990049751243781
motif_88ef18e67577cc31,degree_preserving_eligible_dyad_edge_swap,94,11,0.285,0.524548142470113,0.0,1.0250000000000057,20.427105030899053,0.004975124378109453
motif_8ad6da11b01aa1cb,degree_preserving_eligible_dyad_edge_swap,94,11,0.755,0.8882114601771067,0.0,3.0,11.534415462233708,0.004975124378109453
motif_9204202833a6e8a9,degree_preserving_eligible_dyad_edge_swap,94,11,3.685,1.6275810580436574,1.0,7.0,4.494399811209763,0.004975124378109453
motif_9286df1009ead148,degree_preserving_eligible_dyad_edge_swap,94,11,1.625,1.1317150235250752,0.0,4.0,8.283887555719348,0.004975124378109453
motif_9c95ca232e0ed508,degree_preserving_eligible_dyad_edge_swap,94,11,7.06,2.2431134141957085,3.0,12.0,1.7564871999183902,0.06467661691542288
motif_aed83699155ea9a3,degree_preserving_eligible_dyad_edge_swap,94,11,6.92,2.10135156315163,3.0,11.0,1.9416075213424886,0.05970149253731343
motif_c2aeaaaa4e535b14,degree_preserving_eligible_dyad_edge_swap,94,11,3.67,1.6261370200694039,1.0,7.0,4.507615231394925,0.004975124378109453
motif_cf5b20d210461d0a,degree_preserving_eligible_dyad_edge_swap,94,11,1.5,1.0703871464176318,0.0,4.0,8.875293422379528,0.004975124378109453
motif_cf7d404f41fb2fcf,degree_preserving_eligible_dyad_edge_swap,94,11,7.16,2.256069424071688,3.0,13.0,1.702075281473245,0.0845771144278607
motif_d51d57345847cb5c,degree_preserving_eligible_dyad_edge_swap,94,11,11.47,2.7871023839271607,6.0,17.0,-0.16863391984106021,0.6368159203980099
motif_dcfe92958680857c,degree_preserving_eligible_dyad_edge_swap,94,11,10.395,2.48593531127809,5.0,15.0,0.24336916461794525,0.472636815920398
motif_df02def0a1a2c2f5,degree_preserving_eligible_dyad_edge_swap,94,11,3.27,1.6093633061730601,0.9750000000000005,7.0,4.803141696066959,0.004975124378109453
motif_df228b3d1f8167e9,degree_preserving_eligible_dyad_edge_swap,94,11,1.785,1.2354784640680208,0.0,4.0,7.458648829586282,0.004975124378109453
motif_e4a3a2522f1ab03b,degree_preserving_eligible_dyad_edge_swap,94,11,0.43,0.6139909808972075,0.0,2.0,17.21523658955765,0.004975124378109453
motif_e8f2d878acc1e510,degree_preserving_eligible_dyad_edge_swap,94,11,4.295,1.770209935595324,1.0,8.0,3.7876863445267577,0.004975124378109453
motif_ed40349308a78736,degree_preserving_eligible_dyad_edge_swap,94,11,1.965,1.2616392782177124,0.0,5.0,7.161317942449864,0.004975124378109453
motif_f710a584d4d94bf0,degree_preserving_eligible_dyad_edge_swap,94,11,3.365,1.5406632390241561,1.0,7.0,4.955657931343873,0.004975124378109453
motif_f903807597d477fc,degree_preserving_eligible_dyad_edge_swap,94,11,2.785,1.374123750032001,0.0,5.0,5.978355297191164,0.004975124378109453
motif_f914706286314a87,degree_preserving_eligible_dyad_edge_swap,94,11,3.375,1.5641636871507423,0.0,6.0,4.874809498927563,0.004975124378109453
motif_011bf603d0e66851,degree_preserving_eligible_dyad_edge_swap,94,11,4.72,1.8892980802882602,1.9750000000000005,8.025000000000006,3.323985804845484,0.009950248756218905
motif_26db60bae6f1656c,degree_preserving_eligible_dyad_edge_swap,94,11,3.32,1.6797941965352674,0.9750000000000005,6.025000000000006,4.57198864946713,0.004975124378109453
motif_26f938cdb39b421a,degree_preserving_eligible_dyad_edge_swap,94,11,2.915,1.4996733312633488,0.0,6.0,5.391174085351686,0.004975124378109453
motif_3331e96ab66a56e7,degree_preserving_eligible_dyad_edge_swap,94,11,3.1,1.4767885842642021,1.0,6.0,5.349445468483298,0.004975124378109453
motif_3550065e5b336c9a,degree_preserving_eligible_dyad_edge_swap,94,11,2.695,1.3231510281204044,0.0,6.0,6.276683329035859,0.004975124378109453
motif_3965e682480be767,degree_preserving_eligible_dyad_edge_swap,94,11,3.465,1.718587418075624,1.0,7.0,4.38441473546761,0.004975124378109453
motif_4972e8524d133c5f,degree_preserving_eligible_dyad_edge_swap,94,11,0.24,0.5036549828092075,0.0,2.0,21.363831128969608,0.004975124378109453
motif_4f930e5fe36b66f6,degree_preserving_eligible_dyad_edge_swap,94,11,1.34,1.019606782024202,0.0,4.0,9.47424062913962,0.004975124378109453
motif_529d39007846e050,degree_preserving_eligible_dyad_edge_swap,94,11,5.705,2.0045112438280723,2.0,10.0,2.641541680698177,0.024875621890547265
motif_56928b4fa02e40e8,degree_preserving_eligible_dyad_edge_swap,94,11,1.665,1.1265525300735315,0.0,4.0,8.286342403749867,0.004975124378109453
motif_7fde4663ce59098b,degree_preserving_eligible_dyad_edge_swap,94,11,1.055,0.9883619258563187,0.0,3.0,10.06210350665181,0.004975124378109453
motif_80f101ad270e968a,degree_preserving_eligible_dyad_edge_swap,94,11,9.12,2.5033846435110294,4.9750000000000005,14.025000000000006,0.7509832757315618,0.29850746268656714
motif_817583bc3733a6ca,degree_preserving_eligible_dyad_edge_swap,94,11,2.89,1.5652957400340815,0.0,6.0,5.1811295415800585,0.004975124378109453
motif_87cdc3b1cfb8e17c,degree_preserving_eligible_dyad_edge_swap,94,11,4.705,1.8749807369194738,2.0,8.0,3.3573678257316177,0.009950248756218905
motif_9555fa915e69beda,degree_preserving_eligible_dyad_edge_swap,94,11,0.37,0.5609575445915405,0.0,2.0,18.949740675544714,0.004975124378109453
motif_999cbebf16d6ddd5,degree_preserving_eligible_dyad_edge_swap,94,11,2.86,1.4179041791695708,0.0,6.0,5.740867485676913,0.004975124378109453
motif_a7adbc838441c01a,degree_preserving_eligible_dyad_edge_swap,94,11,0.295,0.4890509730808804,0.0,1.0,21.88933381026027,0.004975124378109453
motif_b05fd544b500f493,degree_preserving_eligible_dyad_edge_swap,94,11,5.58,1.9293032564312902,2.0,9.0,2.809304334055597,0.004975124378109453
motif_b5e55c73f0168340,degree_preserving_eligible_dyad_edge_swap,94,11,3.03,1.506801998043052,0.9750000000000005,6.0,5.289347910575496,0.004975124378109453
motif_b7fbc5c74aa30d60,degree_preserving_eligible_dyad_edge_swap,94,11,0.295,0.4992204979041198,0.0,1.0,21.44343039787601,0.004975124378109453
motif_c2054a016827a502,degree_preserving_eligible_dyad_edge_swap,94,11,1.095,0.9954544933050475,0.0,3.0,9.950228831771124,0.004975124378109453
motif_c3997addbb13cdff,degree_preserving_eligible_dyad_edge_swap,94,11,5.3,1.8156217700997925,2.0,9.0,3.139420386927124,0.009950248756218905
motif_d19ecba045c34324,degree_preserving_eligible_dyad_edge_swap,94,11,4.52,1.9771559697310712,1.0,9.0,3.2774349111574628,0.009950248756218905
motif_e7b0d5f663bba92b,degree_preserving_eligible_dyad_edge_swap,94,11,4.275,1.7819234709384708,1.0,8.0,3.774011684384066,0.004975124378109453
motif_e8033b67f6bac96c,degree_preserving_eligible_dyad_edge_swap,94,11,2.89,1.2790935861030852,1.0,5.025000000000006,6.340427383979076,0.004975124378109453
motif_08967352afdcc614,degree_preserving_eligible_dyad_edge_swap,94,11,0.255,0.45938018106331957,0.0,1.0,23.390212383844528,0.004975124378109453
motif_344caf12a230c027,degree_preserving_eligible_dyad_edge_swap,94,11,3.455,1.6251710385441325,1.0,7.0,4.642588269822353,0.004975124378109453
motif_477e409bfa6820ad,degree_preserving_eligible_dyad_edge_swap,94,11,0.87,0.9313630795396869,0.0,3.0,10.876531636842005,0.004975124378109453
motif_6d7e592e0d6b8f25,degree_preserving_eligible_dyad_edge_swap,94,11,3.73,1.6187034950926402,1.0,7.0,4.491248719756381,0.004975124378109453
motif_727e32d39b1c1ac9,degree_preserving_eligible_dyad_edge_swap,94,11,2.295,1.235153033059214,0.0,5.0,7.047709690223201,0.004975124378109453
motif_8eaca5acb0c1cdcc,degree_preserving_eligible_dyad_edge_swap,94,11,0.19,0.4526860094100306,0.0,1.0250000000000057,23.879686527286946,0.004975124378109453
motif_da6c09a8cd413654,degree_preserving_eligible_dyad_edge_swap,94,11,1.825,1.2172854716942894,0.0,4.025000000000006,7.537262386964741,0.004975124378109453
motif_e99c24f0afb6f644,degree_preserving_eligible_dyad_edge_swap,94,11,2.295,1.2986173551804543,0.0,5.0,6.703283276843596,0.004975124378109453
motif_67871168bdb28fdf,degree_preserving_eligible_dyad_edge_swap,94,10,0.955,0.9473448746669775,0.0,3.0,9.54773730441051,0.004975124378109453
motif_7c0d7f3473832fb5,degree_preserving_eligible_dyad_edge_swap,94,10,21.77,3.263487667939619,15.975000000000001,28.0,-3.606571005500661,1.0
motif_ada61f84caa7276b,degree_preserving_eligible_dyad_edge_swap,94,10,1.655,1.1279790261423668,0.0,4.0,7.398187206139367,0.004975124378109453
motif_dd3936eec73d7a76,degree_preserving_eligible_dyad_edge_swap,94,10,21.285,3.2629756435271244,15.0,28.025000000000006,-3.4584996128875303,1.0
motif_46aa50e42c549b4d,degree_preserving_eligible_dyad_edge_swap,94,10,0.245,0.48595861850004546,0.0,1.0250000000000057,20.07372568081965,0.004975124378109453
motif_087394640f3e289e,degree_preserving_eligible_dyad_edge_swap,94,10,6.12,1.9710467081295024,2.0,10.0,1.96849723753227,0.03980099502487562
motif_12c08351d352a5b1,degree_preserving_eligible_dyad_edge_swap,94,10,17.455,3.0977338126232454,12.0,24.0,-2.406598000648384,0.9950248756218906
motif_1b9c7a3e87c9fd49,degree_preserving_eligible_dyad_edge_swap,94,10,0.6,0.7366909581630513,0.0,2.0,12.759760243887104,0.004975124378109453
motif_22d7de62ee5a7c05,degree_preserving_eligible_dyad_edge_swap,94,10,1.455,1.1018372049130725,0.0,4.0,7.755229140836774,0.004975124378109453
motif_39af596b8873f1bb,degree_preserving_eligible_dyad_edge_swap,94,10,0.825,0.8821940442205962,0.0,3.0,10.400206235926202,0.004975124378109453
motif_5aa867fd91f7ce8f,degree_preserving_eligible_dyad_edge_swap,94,10,15.29,2.799120464875426,10.0,20.025000000000006,-1.889879362600219,0.9850746268656716
motif_5da5dec1c123320f,degree_preserving_eligible_dyad_edge_swap,94,10,1.61,1.290825765074005,0.0,4.0,6.499715319455984,0.004975124378109453
motif_652c454448653045,degree_preserving_eligible_dyad_edge_swap,94,10,1.87,1.288955792560738,0.0,5.0,6.3074312144160665,0.004975124378109453
motif_88d496504b318b31,degree_preserving_eligible_dyad_edge_swap,94,10,1.465,1.1022019988328615,0.0,4.0,7.743589658735733,0.004975124378109453
motif_ac28564ee77450ea,degree_preserving_eligible_dyad_edge_swap,94,10,1.31,1.014418664127714,0.0,3.0250000000000057,8.566482762294623,0.004975124378109453
motif_c15d98bfd6670e61,degree_preserving_eligible_dyad_edge_swap,94,10,14.42,2.8379339926667893,9.0,21.0,-1.557471037529859,0.9601990049751243
motif_de6811501041edf5,degree_preserving_eligible_dyad_edge_swap,94,10,4.69,1.8550217054358642,1.0,8.025000000000006,2.8625001984827656,0.009950248756218905
motif_e4c0bc232dde1175,degree_preserving_eligible_dyad_edge_swap,94,10,4.915,1.8988954737163655,1.9750000000000005,9.0,2.6778725160938146,0.014925373134328358
motif_f21861d0ed107cfd,degree_preserving_eligible_dyad_edge_swap,94,10,15.445,2.899831046889198,10.0,21.025000000000006,-1.877695600866519,0.9850746268656716
motif_fcd8591ecdcd7847,degree_preserving_eligible_dyad_edge_swap,94,10,17.135,2.9291079472826147,12.0,23.0,-2.4358952037323403,1.0
motif_0b04334a40d8ba5c,degree_preserving_eligible_dyad_edge_swap,94,10,3.545,1.5971000730123588,0.9750000000000005,7.0,4.041700397536736,0.004975124378109453
motif_1d4d6e2effa25135,degree_preserving_eligible_dyad_edge_swap,94,10,0.535,0.7080122929972166,0.0,2.0,13.368411952187968,0.004975124378109453
motif_6cae25e61f560264,degree_preserving_eligible_dyad_edge_swap,94,10,3.53,1.539790496746016,1.0,7.0,4.201870328251031,0.004975124378109453
motif_c8c7e0422afca15a,degree_preserving_eligible_dyad_edge_swap,94,10,3.785,1.6979961586452035,1.0,7.0,3.6601967374053554,0.004975124378109453
motif_d3eff25aa86d3d8b,degree_preserving_eligible_dyad_edge_swap,94,10,0.205,0.45165802868361765,0.0,1.0,21.686761615968766,0.004975124378109453
motif_0740f78f6f8b675b,degree_preserving_eligible_dyad_edge_swap,94,10,0.405,0.5853959704431312,0.0,2.0,16.390615044269623,0.004975124378109453
motif_09d3041f42a81567,degree_preserving_eligible_dyad_edge_swap,94,10,0.52,0.7014701002234787,0.0,2.0,13.514474810800637,0.004975124378109453
motif_09e57b340114c015,degree_preserving_eligible_dyad_edge_swap,94,10,4.305,1.6478934321791257,1.0,8.0,3.455927360830063,0.004975124378109453
motif_180ed8b10d314230,degree_preserving_eligible_dyad_edge_swap,94,10,1.135,0.9958582571539536,0.0,3.0,8.901869253296281,0.004975124378109453
motif_1d36499c4a9df732,degree_preserving_eligible_dyad_edge_swap,94,10,3.125,1.6713293237847273,0.0,7.0,4.113492118017503,0.004975124378109453
motif_1ebb7f13b57fbbc1,degree_preserving_eligible_dyad_edge_swap,94,10,4.33,1.8623754216202688,1.0,8.0,3.044498941608182,0.009950248756218905
motif_1f505fbaf7f4c1e8,degree_preserving_eligible_dyad_edge_swap,94,10,3.52,1.6410561619375383,1.0,7.025000000000006,3.9486765598255262,0.004975124378109453
motif_203df0c1bc255235,degree_preserving_eligible_dyad_edge_swap,94,10,10.475,2.4328933082332695,6.0,15.0,-0.1952407852792104,0.6716417910447762
motif_251aadf5e36db90e,degree_preserving_eligible_dyad_edge_swap,94,10,5.56,2.041380949481139,2.0,9.0,2.174998253573652,0.024875621890547265
motif_2c7a714de2a8d5ba,degree_preserving_eligible_dyad_edge_swap,94,10,1.13,1.1355825547680225,0.0,4.0,7.810968883554195,0.004975124378109453
motif_2e6b19c361fb3b61,degree_preserving_eligible_dyad_edge_swap,94,10,3.33,1.6718478928671765,1.0,7.0,3.9895973960652125,0.004975124378109453
motif_3533fdf8e126a819,degree_preserving_eligible_dyad_edge_swap,94,10,2.71,1.6521342980198273,0.0,6.0,4.412474221216436,0.004975124378109453
motif_36db185e49991427,degree_preserving_eligible_dyad_edge_swap,94,10,3.85,1.6032316609878845,1.0,7.0,3.836002088563092,0.004975124378109453
motif_3b98559278ce1fa8,degree_preserving_eligible_dyad_edge_swap,94,10,10.2,2.530219368009671,5.0,16.0,-0.07904452970705221,0.5771144278606966
motif_4812f24418976639,degree_preserving_eligible_dyad_edge_swap,94,10,4.695,1.7542410920524096,1.0,8.0,3.0240997226859556,0.004975124378109453
motif_5139a11c6fa25d1c,degree_preserving_eligible_dyad_edge_swap,94,10,5.785,2.2143377017262824,2.0,10.025000000000006,1.9035036962582603,0.05970149253731343
motif_53be75c89e34bb1f,degree_preserving_eligible_dyad_edge_swap,94,10,1.155,0.9724728878420918,0.0,3.0,9.09536924944712,0.004975124378109453
motif_541c4c301a255708,degree_preserving_eligible_dyad_edge_swap,94,10,1.315,1.1144437736481434,0.0,3.0250000000000057,7.793125328853121,0.004975124378109453
motif_543fefb4434ef21c,degree_preserving_eligible_dyad_edge_swap,94,10,0.715,0.822897808977579,0.0,3.0,11.28329653901531,0.004975124378109453
motif_55287619332e2e6d,degree_preserving_eligible_dyad_edge_swap,94,10,11.915,2.8439789170108143,7.0,19.0,-0.6733523896909808,0.8059701492537313
motif_5610581d43484035,degree_preserving_eligible_dyad_edge_swap,94,10,11.2,2.5578728599833114,6.9750000000000005,16.0,-0.46913981487251427,0.7512437810945274
motif_5f13290666a23cee,degree_preserving_eligible_dyad_edge_swap,94,10,1.285,1.0627427301810932,0.0,4.0,8.20047952575968,0.004975124378109453
motif_646d1b0fd44f33a6,degree_preserving_eligible_dyad_edge_swap,94,10,8.835,2.588683334638512,4.0,14.025000000000006,0.45003573222395765,0.40298507462686567
motif_665e7cb8512f89ef,degree_preserving_eligible_dyad_edge_swap,94,10,5.215,1.8454820562932883,2.0,8.025000000000006,2.59281849080171,0.009950248756218905
motif_6ed9352e60276e6a,degree_preserving_eligible_dyad_edge_swap,94,10,1.105,0.8762500044803185,0.0,3.0,10.151212501591251,0.004975124378109453
motif_70a153d6aa882dca,degree_preserving_eligible_dyad_edge_swap,94,10,10.075,2.3402475924503907,6.0,15.0,-0.0320478911043209,0.6069651741293532
motif_718f4d796f3469f1,degree_preserving_eligible_dyad_edge_swap,94,10,4.03,1.6951304777755072,1.0,7.0,3.5218527884852473,0.004975124378109453
motif_8275d3f3f06eae6a,degree_preserving_eligible_dyad_edge_swap,94,10,1.615,1.2141440312595597,0.0,4.0,6.906099922347232,0.004975124378109453
motif_82d3c8c8b210b8bd,degree_preserving_eligible_dyad_edge_swap,94,10,0.315,0.5264606386237244,0.0,2.0,18.39643705428495,0.004975124378109453
motif_88e876e35d492c3f,degree_preserving_eligible_dyad_edge_swap,94,10,0.44,0.6469099336936778,0.0,2.0,14.777945896448104,0.004975124378109453
motif_8e483057f04d2fef,degree_preserving_eligible_dyad_edge_swap,94,10,1.165,1.1420580030856833,0.0,4.0,7.7360344011679345,0.004975124378109453
motif_925ab4362cf40f5c,degree_preserving_eligible_dyad_edge_swap,94,10,10.345,2.737415242716253,5.0,16.0,-0.12603129938652194,0.6169154228855721
motif_95bcbd3f327e006a,degree_preserving_eligible_dyad_edge_swap,94,10,2.35,1.351529935232345,0.0,5.0,5.660251985972378,0.004975124378109453
motif_966fe9270c5de3bb,degree_preserving_eligible_dyad_edge_swap,94,10,4.265,1.7749725739264135,1.0,8.0,3.231035839226303,0.004975124378109453
motif_9ab1765a28411628,degree_preserving_eligible_dyad_edge_swap,94,10,11.95,2.5197710672114217,7.0,17.0,-0.7738798279631108,0.835820895522388
motif_9cd5325c6717ee11,degree_preserving_eligible_dyad_edge_swap,94,10,1.42,1.0906638981342818,0.0,4.0,7.866768135148851,0.004975124378109453
motif_9cf631b628e60026,degree_preserving_eligible_dyad_edge_swap,94,10,12.665,2.7441623741459606,8.0,19.0,-0.9711524453174538,0.8955223880597015
motif_a1b0fc812dc0b591,degree_preserving_eligible_dyad_edge_swap,94,10,3.33,1.6597814229166727,0.0,7.0,4.01860143022872,0.004975124378109453
motif_a3f0efa895fffa7d,degree_preserving_eligible_dyad_edge_swap,94,10,3.33,1.456608575669376,1.0,6.0,4.579129981391768,0.009950248756218905
motif_a5e57e6b359561b2,degree_preserving_eligible_dyad_edge_swap,94,10,0.49,0.6724290327016669,0.0,2.0,14.142756391393428,0.004975124378109453
motif_a745a4c164b19b56,degree_preserving_eligible_dyad_edge_swap,94,10,5.215,2.022182263181942,2.0,9.025000000000006,2.366255548335545,0.029850746268656716
motif_b04d4caabeafe92b,degree_preserving_eligible_dyad_edge_swap,94,10,3.435,1.618292107974847,1.0,7.0,4.056745977841746,0.004975124378109453
motif_b68f83d7cafbd49b,degree_preserving_eligible_dyad_edge_swap,94,10,4.785,1.9018042213862112,1.0,9.0,2.7421329395298244,0.01990049751243781
motif_b7206e69c07c085a,degree_preserving_eligible_dyad_edge_swap,94,10,1.545,1.137737771272846,0.0,4.0,7.4314136468730885,0.004975124378109453
motif_ba7ba43df163a8e6,degree_preserving_eligible_dyad_edge_swap,94,10,2.06,1.321032031459005,0.0,5.0,6.010452291024858,0.004975124378109453
motif_c0faf0f683e314db,degree_preserving_eligible_dyad_edge_swap,94,10,4.605,1.8644990705064988,1.0,9.0,2.893538583816202,0.009950248756218905
motif_c1698b4e5454a5a8,degree_preserving_eligible_dyad_edge_swap,94,10,10.16,2.959424091740465,4.0,15.025000000000006,-0.05406457305208415,0.5920398009950248
motif_c2125ab27a9a73b4,degree_preserving_eligible_dyad_edge_swap,94,10,0.29,0.5169489151787848,0.0,2.0,18.783287313102946,0.004975124378109453
motif_c8fd365a5b4c96d2,degree_preserving_eligible_dyad_edge_swap,94,10,7.405,2.381033726775033,3.0,12.0,1.089862764571072,0.1691542288557214
motif_c9e5c94ef37c7f60,degree_preserving_eligible_dyad_edge_swap,94,10,4.635,1.9262208163047754,1.0,8.0,2.785246610662277,0.014925373134328358
motif_ca7031ab053d3d24,degree_preserving_eligible_dyad_edge_swap,94,10,11.22,2.764018631444961,6.0,17.0,-0.44138631560606184,0.736318407960199
motif_d1907273ee859220,degree_preserving_eligible_dyad_edge_swap,94,10,11.365,2.6432382682447635,6.9750000000000005,17.0,-0.5164120149132169,0.7711442786069652
motif_dc631d3d5270c577,degree_preserving_eligible_dyad_edge_swap,94,10,10.67,2.5580889537851084,5.9750000000000005,15.0,-0.261914269638132,0.6865671641791045
motif_dee294f38b4a9bbe,degree_preserving_eligible_dyad_edge_swap,94,10,11.02,3.071934882056908,5.9750000000000005,18.0,-0.33203828829764365,0.6915422885572139
motif_e1f5247c359d8731,degree_preserving_eligible_dyad_edge_swap,94,10,9.45,2.819084280560716,4.0,15.025000000000006,0.1950988141051979,0.46766169154228854
motif_e951a01bcbd3ee08,degree_preserving_eligible_dyad_edge_swap,94,10,1.26,1.0715132773407838,0.0,4.0,8.156688474911293,0.004975124378109453
motif_ec1db3cb95c06b2e,degree_preserving_eligible_dyad_edge_swap,94,10,1.665,1.2166247898990823,0.0,4.0,6.850920735135917,0.004975124378109453
motif_f314c248ee7e3f6f,degree_preserving_eligible_dyad_edge_swap,94,10,4.71,1.9812944350073145,1.0,9.0,2.6699716642471016,0.024875621890547265
motif_f84bb4f122e012b3,degree_preserving_eligible_dyad_edge_swap,94,10,4.08,1.863049858127621,1.0,8.0,3.177585384617481,0.004975124378109453
motif_f9a0d4387c99e7b1,degree_preserving_eligible_dyad_edge_swap,94,10,0.535,0.6863895783491561,0.0,2.0,13.789545031794313,0.004975124378109453
motif_0de8303cce382a80,degree_preserving_eligible_dyad_edge_swap,94,10,7.95,2.531708462420875,3.0,14.0,0.809729884158836,0.24378109452736318
motif_11b37f722cf31f41,degree_preserving_eligible_dyad_edge_swap,94,10,1.17,0.9879169496964225,0.0,3.0,8.937998282865149,0.004975124378109453
motif_1f10dcfeea4dfe48,degree_preserving_eligible_dyad_edge_swap,94,10,1.985,1.39445239697782,0.0,6.0,5.747775985304923,0.004975124378109453
motif_1fe7588dae073b1d,degree_preserving_eligible_dyad_edge_swap,94,10,7.335,2.518828594294814,3.0,13.0,1.0580315016417816,0.20398009950248755
motif_321b8e708c7a5260,degree_preserving_eligible_dyad_edge_swap,94,10,3.305,1.5144115065117796,0.9750000000000005,6.0,4.420859172828745,0.004975124378109453
motif_5c9acfa22cf0eada,degree_preserving_eligible_dyad_edge_swap,94,10,0.18,0.4224836828938576,0.0,1.0,23.243501222903134,0.004975124378109453
motif_66861aabd56c7f23,degree_preserving_eligible_dyad_edge_swap,94,10,0.355,0.5389129203112419,0.0,2.0,17.897140032251702,0.004975124378109453
motif_68992352faf11e7c,degree_preserving_eligible_dyad_edge_swap,94,10,2.645,1.3143869541830653,0.0,5.0,5.595764608430228,0.004975124378109453
motif_6922283c67c5d574,degree_preserving_eligible_dyad_edge_swap,94,10,2.735,1.5153403186766456,0.0,6.0,4.794302580389705,0.004975124378109453
motif_7737e7d123e708ff,degree_preserving_eligible_dyad_edge_swap,94,10,3.8,1.7189455690471216,1.0,7.025000000000006,3.6068623181808492,0.004975124378109453
motif_819743fa220d2e18,degree_preserving_eligible_dyad_edge_swap,94,10,1.92,1.2535777943279638,0.0,5.0,6.4455513144532395,0.004975124378109453
motif_81a3388ed7ffec5a,degree_preserving_eligible_dyad_edge_swap,94,10,2.75,1.3403292177895332,0.0,6.0,5.409118822282094,0.004975124378109453
motif_87e74184cc64b636,degree_preserving_eligible_dyad_edge_swap,94,10,3.275,1.4765758977816037,0.9750000000000005,6.0,4.554456029049091,0.004975124378109453
motif_8d96322e33e3aea2,degree_preserving_eligible_dyad_edge_swap,94,10,2.385,1.5026860372789677,0.0,5.025000000000006,5.067592172340326,0.004975124378109453
motif_900c1f7b3f9af601,degree_preserving_eligible_dyad_edge_swap,94,10,1.87,1.1747340124470738,0.0,4.0,6.920715595068621,0.004975124378109453
motif_959a94cfb539270b,degree_preserving_eligible_dyad_edge_swap,94,10,1.88,1.2301080558819735,0.0,5.0,6.601046112309258,0.004975124378109453
motif_96c9206f12d38442,degree_preserving_eligible_dyad_edge_swap,94,10,8.705,2.3677003664158236,4.0,14.0,0.5469442072859686,0.36318407960199006
motif_9a92522ed511dd94,degree_preserving_eligible_dyad_edge_swap,94,10,0.775,0.7464320491646235,0.0,2.0,12.358794092944223,0.004975124378109453
motif_9c8693fa7e4bea34,degree_preserving_eligible_dyad_edge_swap,94,10,3.11,1.499715215847067,0.9750000000000005,6.0,4.594205571294681,0.004975124378109453
motif_9d259e4620ffdf53,degree_preserving_eligible_dyad_edge_swap,94,10,2.52,1.5102996474625914,0.0,6.0,4.952659568296213,0.004975124378109453
motif_ad56782d83285014,degree_preserving_eligible_dyad_edge_swap,94,10,0.48,0.6570835517419761,0.0,2.0,14.488264049163597,0.004975124378109453
motif_b2436410dcd38e35,degree_preserving_eligible_dyad_edge_swap,94,10,0.465,0.6640631743271772,0.0,2.0,14.3585736547743,0.004975124378109453
motif_bd1dbc5a620e5dc8,degree_preserving_eligible_dyad_edge_swap,94,10,8.04,2.1822490818594438,4.0,12.025000000000006,0.898155951258291,0.22885572139303484
motif_d5245003374421ea,degree_preserving_eligible_dyad_edge_swap,94,10,2.88,1.5805348627161973,0.0,6.0,4.504804144442637,0.004975124378109453
motif_d88453a4ef944f25,degree_preserving_eligible_dyad_edge_swap,94,10,0.255,0.511156929949282,0.0,1.0250000000000057,19.06459529163953,0.004975124378109453
motif_dfbf33db7fa5e4ce,degree_preserving_eligible_dyad_edge_swap,94,10,0.9,0.8327468623077591,0.0,3.0,10.92769052864579,0.004975124378109453
motif_e1a5a6a241f98754,degree_preserving_eligible_dyad_edge_swap,94,10,7.19,2.2559580522847393,3.0,12.0,1.2455905362044077,0.14925373134328357
motif_e3a9e67bb90f6047,degree_preserving_eligible_dyad_edge_swap,94,10,3.315,1.590099709272073,1.0,6.0,4.20413887319073,0.004975124378109453
motif_e6e5af1f0f12a765,degree_preserving_eligible_dyad_edge_swap,94,10,0.24,0.4727764672016775,0.0,1.0,20.64400552288185,0.004975124378109453
motif_ea18241d8395dcf8,degree_preserving_eligible_dyad_edge_swap,94,10,6.885,2.431323026315396,2.0,11.0,1.281195450495403,0.16417910447761194
motif_eac06574eed16a88,degree_preserving_eligible_dyad_edge_swap,94,10,3.05,1.4588148283855593,0.0,6.0,4.764141318532815,0.004975124378109453
motif_ef3589435fa3d420,degree_preserving_eligible_dyad_edge_swap,94,10,2.705,1.5361555485518814,0.0,6.0,4.748868047169393,0.004975124378109453
motif_f01bf05e1a536a50,degree_preserving_eligible_dyad_edge_swap,94,10,1.15,1.0112433264682807,0.0,3.0,8.751602871791702,0.004975124378109453
motif_f205695701009af7,degree_preserving_eligible_dyad_edge_swap,94,10,1.81,1.200460548139001,0.0,4.025000000000006,6.822381637361132,0.004975124378109453
motif_3868d21d1efc6810,degree_preserving_eligible_dyad_edge_swap,94,10,1.495,1.0609443977303317,0.0,4.0,8.016442726117095,0.004975124378109453
motif_4a4ec6c355aeecb3,degree_preserving_eligible_dyad_edge_swap,94,10,1.405,1.0801893561899845,0.0,4.0,7.9569382448981525,0.004975124378109453
motif_662028c6c73754c0,degree_preserving_eligible_dyad_edge_swap,94,10,2.205,1.4364161852633215,0.0,5.025000000000006,5.42670020010324,0.004975124378109453
motif_8a00835776f980e6,degree_preserving_eligible_dyad_edge_swap,94,10,1.45,1.0112433264682799,0.0,4.0,8.454938367663178,0.004975124378109453
motif_ae40213626e63afb,degree_preserving_eligible_dyad_edge_swap,94,10,2.075,1.3706818902360625,0.0,5.025000000000006,5.7817937600642955,0.004975124378109453
motif_d57fa831d1729624,degree_preserving_eligible_dyad_edge_swap,94,10,1.58,1.1224524477622366,0.0,4.0,7.501431367347836,0.004975124378109453
motif_d58cd5a27e05c0f1,degree_preserving_eligible_dyad_edge_swap,94,10,0.625,0.7189991648082596,0.0,2.0,13.038958122434112,0.004975124378109453
motif_e5f62aeb23c52e7c,degree_preserving_eligible_dyad_edge_swap,94,10,5.28,2.0253667699367,1.9750000000000005,9.0,2.3304421056278692,0.024875621890547265
motif_f6d2bff6f269d8da,degree_preserving_eligible_dyad_edge_swap,94,10,0.98,0.8794699180093751,0.0,3.0,10.256177971858552,0.004975124378109453
motif_28abb1de8d93f5d6,degree_preserving_eligible_dyad_edge_swap,94,10,1.13,0.9150335688710032,0.0,3.0,9.693633437890243,0.004975124378109453
motif_acce998414cf3c12,degree_preserving_eligible_dyad_edge_swap,94,10,0.79,0.786762336969921,0.0,2.0,11.706203471140626,0.004975124378109453
