motif_id,node_count,edge_count,baseline_support_count,paired_state_count,evaluable_graph_count,bootstrap_support_mean,bootstrap_support_median,bootstrap_support_025,bootstrap_support_975,support_count_10pct,support_10pct,p_boot_support_10pct,support_count_20pct,support_20pct,p_boot_support_20pct,support_count_30pct,support_30pct,p_boot_support_30pct,primary_support
motif_7343187d61f58156,3,2,77,47,94,75.738,76.0,73.0,77.0,10,True,1.0,19,True,1.0,29,True,1.0,True
motif_1edae9dffc70a727,3,2,74,47,94,72.838,73.0,71.0,74.0,10,True,1.0,19,True,1.0,29,True,1.0,True
motif_05b3bb80d20cacfe,3,2,73,47,94,71.414,72.0,69.0,73.0,10,True,1.0,19,True,1.0,29,True,1.0,True
motif_abe15baf9aebb8d4,3,2,73,47,94,71.954,72.0,70.0,73.0,10,True,1.0,19,True,1.0,29,True,1.0,True
motif_1c7c35aa2acba71b,3,2,72,47,94,70.734,71.0,69.0,72.0,10,True,1.0,19,True,1.0,29,True,1.0,True
motif_2f435833caec9e2b,3,2,69,47,94,67.48,68.0,65.0,69.0,10,True,1.0,19,True,1.0,29,True,1.0,True
motif_06f133d1c67fa8e4,4,3,69,47,94,67.222,67.0,65.0,69.0,10,True,1.0,19,True,1.0,29,True,1.0,True
motif_65eb65a7562a1bcb,4,3,69,47,94,67.458,68.0,65.0,69.0,10,True,1.0,19,True,1.0,29,True,1.0,True
motif_144e36faf313d657,4,3,68,47,94,66.606,67.0,64.0,68.0,10,True,1.0,19,True,1.0,29,True,1.0,True
motif_bfbc51aaa402bef0,4,3,68,47,94,66.652,67.0,64.0,68.0,10,True,1.0,19,True,1.0,29,True,1.0,True
motif_0627f8d8deb4fba4,3,2,67,47,94,65.872,66.0,64.0,67.0,10,True,1.0,19,True,1.0,29,True,1.0,True
motif_e040651df1ee4832,3,2,66,47,94,63.99,64.0,61.0,66.0,10,True,1.0,19,True,1.0,29,True,1.0,True
motif_5611ddee26c3f8a2,4,3,66,47,94,64.176,64.0,62.0,66.0,10,True,1.0,19,True,1.0,29,True,1.0,True
motif_e515cabc007964a7,3,2,64,47,94,62.482,63.0,60.0,64.0,10,True,1.0,19,True,1.0,29,True,1.0,True
motif_a192df3ab4dfeb21,4,3,64,47,94,62.356,63.0,60.0,64.0,10,True,1.0,19,True,1.0,29,True,1.0,True
motif_58b9069656f5bf7c,5,4,64,47,94,62.388,62.0,60.0,64.0,10,True,1.0,19,True,1.0,29,True,1.0,True
motif_9136b5cad501c9c7,3,2,63,47,94,61.622,62.0,59.0,63.0,10,True,1.0,19,True,1.0,29,True,1.0,True
motif_2c556de84cb4e746,4,3,63,47,94,61.232,61.0,58.0,63.0,10,True,1.0,19,True,1.0,29,True,1.0,True
motif_4b3b17f7e5440be0,3,2,62,47,94,60.784,61.0,59.0,62.0,10,True,1.0,19,True,1.0,29,True,1.0,True
motif_2f11035ec8a07441,4,3,62,47,94,60.714,61.0,58.0,62.0,10,True,1.0,19,True,1.0,29,True,1.0,True
motif_5ae0b065c6d1e840,4,3,62,47,94,60.548,61.0,58.0,62.0,10,True,1.0,19,True,1.0,29,True,1.0,True
motif_6315d36b8c285cde,5,4,62,47,94,60.206,60.0,57.475,62.0,10,True,1.0,19,True,1.0,29,True,1.0,True
motif_212edb45a5b61006,3,2,61,47,94,59.394,60.0,57.0,61.0,10,True,1.0,19,True,1.0,29,True,1.0,True
motif_726f3861dd21cc38,3,2,61,47,94,59.632,60.0,57.0,61.0,10,True,1.0,19,True,1.0,29,True,1.0,True
motif_4074b843a40a8667,4,3,61,47,94,59.314,59.0,56.0,61.0,10,True,1.0,19,True,1.0,29,True,1.0,True
motif_52dd6e9ed5d3313a,3,3,60,47,94,58.398,59.0,56.0,60.0,10,True,1.0,19,True,1.0,29,True,1.0,True
motif_e5793275baa46474,4,3,60,47,94,58.178,58.0,55.0,60.0,10,True,1.0,19,True,1.0,29,True,1.0,True
motif_99e10474d9641594,5,4,60,47,94,58.238,58.0,55.0,60.0,10,True,1.0,19,True,1.0,29,True,1.0,True
motif_fad3706020dd7d19,5,4,60,47,94,58.466,59.0,56.0,60.0,10,True,1.0,19,True,1.0,29,True,1.0,True
motif_2411af643dc47294,4,4,59,47,94,57.178,57.0,55.0,59.0,10,True,1.0,19,True,1.0,29,True,1.0,True
motif_c03e15a1bea6ea46,5,4,59,47,94,57.134,57.0,54.0,59.0,10,True,1.0,19,True,1.0,29,True,1.0,True
motif_329c5520ea9f137f,3,2,58,47,94,56.774,57.0,54.0,58.0,10,True,1.0,19,True,1.0,29,True,1.0,True
motif_857e39d6361c69c4,3,2,58,47,94,56.028,56.0,53.0,58.0,10,True,1.0,19,True,1.0,29,True,1.0,True
motif_795694a86aef5c38,3,3,58,47,94,56.434,57.0,54.0,58.0,10,True,1.0,19,True,1.0,29,True,1.0,True
motif_48c393c748427b13,4,3,58,47,94,56.174,56.0,53.0,58.0,10,True,1.0,19,True,1.0,29,True,1.0,True
motif_7a01626f3ff4e596,4,3,58,47,94,55.694,56.0,52.0,58.0,10,True,1.0,19,True,1.0,29,True,1.0,True
motif_292d9b9a4fb005aa,5,4,58,47,94,56.082,56.0,53.0,58.0,10,True,1.0,19,True,1.0,29,True,1.0,True
motif_b7d6452102fa13a0,5,4,58,47,94,56.094,56.0,53.0,58.0,10,True,1.0,19,True,1.0,29,True,1.0,True
motif_67cab77b48831591,3,2,57,47,94,55.454,56.0,53.0,57.0,10,True,1.0,19,True,1.0,29,True,1.0,True
motif_971292dd18d037f2,4,3,57,47,94,55.104,55.0,53.0,57.0,10,True,1.0,19,True,1.0,29,True,1.0,True
motif_cb84fd61ebf8f384,4,3,57,47,94,55.554,56.0,53.0,57.0,10,True,1.0,19,True,1.0,29,True,1.0,True
motif_e0af2d1455e23c50,4,3,57,47,94,55.288,55.0,53.0,57.0,10,True,1.0,19,True,1.0,29,True,1.0,True
motif_eedbe58232b2165f,4,3,57,47,94,55.3,55.0,53.0,57.0,10,True,1.0,19,True,1.0,29,True,1.0,True
motif_394a686a6740f667,5,4,57,47,94,55.486,56.0,53.0,57.0,10,True,1.0,19,True,1.0,29,True,1.0,True
motif_db33a8dd2fbd76cd,5,4,57,47,94,55.222,55.0,52.475,57.0,10,True,1.0,19,True,1.0,29,True,1.0,True
motif_eeb4d747c66beaa4,3,2,56,47,94,54.2,54.0,51.0,56.0,10,True,1.0,19,True,1.0,29,True,1.0,True
motif_e867f6bd35d65ed5,4,3,56,47,94,53.916,54.0,51.0,56.0,10,True,1.0,19,True,1.0,29,True,1.0,True
motif_55909787035f2b7d,5,4,56,47,94,53.604,54.0,50.475,56.0,10,True,1.0,19,True,1.0,29,True,1.0,True
motif_daeb8129eeb1418a,5,4,56,47,94,54.176,54.0,51.0,56.0,10,True,1.0,19,True,1.0,29,True,1.0,True
motif_9ff7fa6a2454292d,5,5,56,47,94,54.112,54.0,51.0,56.0,10,True,1.0,19,True,1.0,29,True,1.0,True
motif_022aef1c1df514fd,4,3,55,47,94,53.038,53.0,50.0,55.0,10,True,1.0,19,True,1.0,29,True,1.0,True
motif_f39afc6a70122d9e,3,2,54,47,94,53.112,53.0,51.0,54.0,10,True,1.0,19,True,1.0,29,True,1.0,True
motif_1cc5c04e6b29c149,4,3,54,47,94,52.3,52.0,50.0,54.0,10,True,1.0,19,True,1.0,29,True,1.0,True
motif_294c7240155eb509,4,3,54,47,94,52.398,53.0,50.0,54.0,10,True,1.0,19,True,1.0,29,True,1.0,True
motif_34710843320b2fac,4,3,54,47,94,52.768,53.0,50.0,54.0,10,True,1.0,19,True,1.0,29,True,1.0,True
motif_4d469c53f6e01433,4,3,54,47,94,52.644,53.0,50.0,54.0,10,True,1.0,19,True,1.0,29,True,1.0,True
motif_e2e373750f40345c,4,3,54,47,94,52.682,53.0,50.0,54.0,10,True,1.0,19,True,1.0,29,True,1.0,True
motif_c8639dca025e0856,4,4,54,47,94,52.016,52.0,49.475,54.0,10,True,1.0,19,True,1.0,29,True,1.0,True
motif_09058bc7eec93ac2,5,4,54,47,94,52.13,52.0,49.0,54.0,10,True,1.0,19,True,1.0,29,True,1.0,True
motif_29d0f405b61cb8e4,5,4,54,47,94,51.326,52.0,48.0,54.0,10,True,1.0,19,True,1.0,29,True,1.0,True
motif_65bcc7505246fac6,5,4,54,47,94,52.352,52.0,49.475,54.0,10,True,1.0,19,True,1.0,29,True,1.0,True
motif_ece794950718732c,5,4,54,47,94,52.562,53.0,50.0,54.0,10,True,1.0,19,True,1.0,29,True,1.0,True
motif_684a163fba0cf367,3,2,53,47,94,51.602,52.0,49.0,53.0,10,True,1.0,19,True,1.0,29,True,1.0,True
motif_37830cccbe20e8cf,4,3,53,47,94,51.278,51.0,48.0,53.0,10,True,1.0,19,True,1.0,29,True,1.0,True
motif_e233cf1dfe3768b5,4,3,53,47,94,51.906,52.0,49.0,53.0,10,True,1.0,19,True,1.0,29,True,1.0,True
motif_ed5e4d011e2b456c,4,3,53,47,94,51.656,52.0,49.0,53.0,10,True,1.0,19,True,1.0,29,True,1.0,True
motif_0b0d398a14e5f2a3,4,4,53,47,94,51.424,52.0,49.0,53.0,10,True,1.0,19,True,1.0,29,True,1.0,True
motif_7efc4f61929ef0b8,4,4,53,47,94,51.626,52.0,49.0,53.0,10,True,1.0,19,True,1.0,29,True,1.0,True
motif_8543fd62cd4a1170,4,4,53,47,94,51.47,52.0,49.0,53.0,10,True,1.0,19,True,1.0,29,True,1.0,True
motif_8da5991d298f106b,5,4,53,47,94,51.124,51.0,48.0,53.0,10,True,1.0,19,True,1.0,29,True,1.0,True
motif_e0b714267ead3086,5,4,53,47,94,50.856,51.0,48.0,53.0,10,True,1.0,19,True,1.0,29,True,1.0,True
motif_e5b4b238cd487bc9,5,4,52,47,94,49.91,50.0,47.0,52.0,10,True,1.0,19,True,1.0,29,True,1.0,True
motif_2ac06cbfd625bf4e,5,5,52,47,94,50.328,50.0,48.0,52.0,10,True,1.0,19,True,1.0,29,True,1.0,True
motif_4fafa389d6f3cf6a,4,3,51,47,94,48.836,49.0,46.0,51.0,10,True,1.0,19,True,1.0,29,True,1.0,True
motif_a3bae32cb507520e,4,3,51,47,94,49.572,50.0,47.0,51.0,10,True,1.0,19,True,1.0,29,True,1.0,True
motif_6156682426cc8896,4,4,51,47,94,49.306,49.0,46.0,51.0,10,True,1.0,19,True,1.0,29,True,1.0,True
motif_2f49498d56eb193d,5,4,51,47,94,49.26,49.0,47.0,51.0,10,True,1.0,19,True,1.0,29,True,1.0,True
motif_4351f61c6294e968,5,4,51,47,94,49.56,50.0,47.0,51.0,10,True,1.0,19,True,1.0,29,True,1.0,True
motif_f219a667fad3d6dc,5,4,51,47,94,49.318,50.0,47.0,51.0,10,True,1.0,19,True,1.0,29,True,1.0,True
motif_f36a38d96b0a0951,4,3,50,47,94,48.73,49.0,46.0,50.0,10,True,1.0,19,True,1.0,29,True,1.0,True
motif_1e95a6dab5da9df2,5,4,50,47,94,48.762,49.0,46.0,50.0,10,True,1.0,19,True,1.0,29,True,1.0,True
motif_2ad1cf6160fe23c7,5,4,50,47,94,48.134,48.0,45.0,50.0,10,True,1.0,19,True,1.0,29,True,1.0,True
motif_40a677a453ac6467,5,4,50,47,94,48.266,48.0,46.0,50.0,10,True,1.0,19,True,1.0,29,True,1.0,True
motif_7148880977761506,5,4,50,47,94,48.436,49.0,46.0,50.0,10,True,1.0,19,True,1.0,29,True,1.0,True
motif_77a83db3cef85faa,5,4,50,47,94,48.804,49.0,46.0,50.0,10,True,1.0,19,True,1.0,29,True,1.0,True
motif_d0038ba3c8704588,5,4,50,47,94,47.758,48.0,45.0,50.0,10,True,1.0,19,True,1.0,29,True,1.0,True
motif_3c069e7c4f04b0c0,5,5,50,47,94,48.09,48.0,46.0,50.0,10,True,1.0,19,True,1.0,29,True,1.0,True
motif_9f155f3c63b0ae66,5,5,50,47,94,48.628,49.0,46.0,50.0,10,True,1.0,19,True,1.0,29,True,1.0,True
motif_1bd7b111855e755d,4,3,49,47,94,47.046,47.0,44.0,49.0,10,True,1.0,19,True,1.0,29,True,1.0,True
motif_2de10e214c2ecf82,4,3,49,47,94,47.164,47.0,44.475,49.0,10,True,1.0,19,True,1.0,29,True,1.0,True
motif_bac9340a022e2595,4,3,49,47,94,47.564,48.0,45.0,49.0,10,True,1.0,19,True,1.0,29,True,1.0,True
motif_ec1808fd0b66f7a0,4,3,49,47,94,47.212,47.0,44.0,49.0,10,True,1.0,19,True,1.0,29,True,1.0,True
motif_5d8278297502c784,4,4,49,47,94,47.024,47.0,44.0,49.0,10,True,1.0,19,True,1.0,29,True,1.0,True
motif_508757ac2e89a6f3,5,4,49,47,94,47.496,48.0,45.0,49.0,10,True,1.0,19,True,1.0,29,True,1.0,True
motif_6448517953121ee6,5,4,49,47,94,46.942,47.0,44.0,49.0,10,True,1.0,19,True,1.0,29,True,1.0,True
motif_eba470805227f98f,5,4,49,47,94,46.968,47.0,44.0,49.0,10,True,1.0,19,True,1.0,29,True,1.0,True
motif_f86305e1294efd83,5,4,49,47,94,47.584,48.0,45.0,49.0,10,True,1.0,19,True,1.0,29,True,1.0,True
motif_8d08924ed3622983,5,5,49,47,94,47.354,47.0,45.0,49.0,10,True,1.0,19,True,1.0,29,True,1.0,True
motif_5b961f2be4f41e18,4,3,48,47,94,46.816,47.0,44.0,48.0,10,True,1.0,19,True,1.0,29,True,1.0,True
motif_042d5c92b6ddeb0e,5,4,48,47,94,45.852,46.0,43.0,48.0,10,True,1.0,19,True,1.0,29,True,1.0,True
motif_8288677f41522d3e,5,4,48,47,94,46.504,47.0,44.0,48.0,10,True,1.0,19,True,1.0,29,True,1.0,True
motif_de554d8eb3595187,5,4,48,47,94,46.056,46.0,43.0,48.0,10,True,1.0,19,True,1.0,29,True,1.0,True
motif_e1b45ea8e38bda1d,5,5,48,47,94,45.918,46.0,43.0,48.0,10,True,1.0,19,True,1.0,29,True,1.0,True
motif_e7b678b80985a50a,4,3,47,47,94,45.714,46.0,43.0,47.0,10,True,1.0,19,True,1.0,29,True,1.0,True
motif_a23b58bb6552ca3b,4,4,47,47,94,45.596,46.0,43.0,47.0,10,True,1.0,19,True,1.0,29,True,1.0,True
motif_2cdb329eb88af463,5,4,47,47,94,45.79,46.0,43.0,47.0,10,True,1.0,19,True,1.0,29,True,1.0,True
motif_627e0dce19fa9636,5,4,47,47,94,45.264,45.0,43.0,47.0,10,True,1.0,19,True,1.0,29,True,1.0,True
motif_1f4787323fa6b30a,5,5,47,47,94,45.534,46.0,43.0,47.0,10,True,1.0,19,True,1.0,29,True,1.0,True
motif_7611ddb360618444,5,5,47,47,94,45.052,45.0,43.0,47.0,10,True,1.0,19,True,1.0,29,True,1.0,True
motif_b8f74c60dd14740c,4,4,46,47,94,44.66,45.0,42.0,46.0,10,True,1.0,19,True,1.0,29,True,1.0,True
motif_8e4c0f6b5f4dcf4c,4,5,46,47,94,44.544,45.0,42.0,46.0,10,True,1.0,19,True,1.0,29,True,1.0,True
motif_fb71835b862676ea,5,4,46,47,94,44.474,45.0,42.0,46.0,10,True,1.0,19,True,1.0,29,True,1.0,True
motif_34712bfa3ca77994,3,2,45,47,94,43.26,43.0,40.0,45.0,10,True,1.0,19,True,1.0,29,True,1.0,True
motif_130e8d015ee1c8e6,4,3,45,47,94,42.928,43.0,40.0,45.0,10,True,1.0,19,True,1.0,29,True,1.0,True
motif_165c840f51ada343,4,4,45,47,94,43.294,43.0,41.0,45.0,10,True,1.0,19,True,1.0,29,True,1.0,True
motif_0145829533663255,5,4,45,47,94,42.684,43.0,40.0,45.0,10,True,1.0,19,True,1.0,29,True,1.0,True
motif_3ca241df6e5e399b,5,4,45,47,94,42.724,43.0,39.0,45.0,10,True,1.0,19,True,1.0,29,True,1.0,True
motif_472d9dc1836bab98,5,4,45,47,94,43.01,43.0,40.0,45.0,10,True,1.0,19,True,1.0,29,True,1.0,True
motif_5bad6588e3c14b16,5,4,45,47,94,42.916,43.0,40.0,45.0,10,True,1.0,19,True,1.0,29,True,1.0,True
motif_ebb94316f5d3356b,5,4,45,47,94,42.758,43.0,40.0,45.0,10,True,1.0,19,True,1.0,29,True,1.0,True
motif_290c1bbabab0f535,5,5,45,47,94,42.886,43.0,40.0,45.0,10,True,1.0,19,True,1.0,29,True,1.0,True
motif_5d4a3de6daa53094,5,5,45,47,94,42.566,43.0,39.0,45.0,10,True,1.0,19,True,1.0,29,True,1.0,True
motif_a32ef714ca7c1caf,5,5,45,47,94,43.23,43.0,40.0,45.0,10,True,1.0,19,True,1.0,29,True,1.0,True
motif_5665f6ba7fc7cdc0,4,3,44,47,94,42.556,43.0,40.0,44.0,10,True,1.0,19,True,1.0,29,True,1.0,True
motif_4b20edf7a84d17a9,5,4,44,47,94,42.838,43.0,40.0,44.0,10,True,1.0,19,True,1.0,29,True,1.0,True
motif_4b7f33281feedeaf,5,4,44,47,94,42.448,43.0,40.0,44.0,10,True,1.0,19,True,1.0,29,True,1.0,True
motif_57abb9a1ba9ef16c,5,4,44,47,94,42.55,43.0,40.0,44.0,10,True,1.0,19,True,1.0,29,True,1.0,True
motif_0c0cba279f8eaafe,5,5,44,47,94,42.338,43.0,40.0,44.0,10,True,1.0,19,True,1.0,29,True,1.0,True
motif_3a44a0047355a92b,5,5,44,47,94,42.724,43.0,40.0,44.0,10,True,1.0,19,True,1.0,29,True,1.0,True
motif_72376cc605a69c03,5,5,44,47,94,42.752,43.0,40.0,44.0,10,True,1.0,19,True,1.0,29,True,1.0,True
motif_7ed0d1a35df795fc,5,5,44,47,94,42.13,42.0,39.0,44.0,10,True,1.0,19,True,1.0,29,True,1.0,True
motif_396f8c618dc38f26,5,6,44,47,94,42.638,43.0,40.0,44.0,10,True,1.0,19,True,1.0,29,True,1.0,True
motif_904ccc169bdd8cf0,3,2,43,47,94,41.002,41.0,38.0,43.0,10,True,1.0,19,True,1.0,29,True,1.0,True
motif_94bb9d085649fe12,3,2,43,47,94,41.982,42.0,40.0,43.0,10,True,1.0,19,True,1.0,29,True,1.0,True
motif_738262c87e2a834c,4,3,43,47,94,41.034,41.0,38.0,43.0,10,True,1.0,19,True,1.0,29,True,1.0,True
motif_5bf36971a980c4ca,5,4,43,47,94,41.542,42.0,39.0,43.0,10,True,1.0,19,True,1.0,29,True,1.0,True
motif_b8b1456b837147f2,5,4,43,47,94,41.052,41.0,38.0,43.0,10,True,1.0,19,True,1.0,29,True,1.0,True
motif_cebe0606f15d5cc0,5,4,43,47,94,40.91,41.0,38.0,43.0,10,True,1.0,19,True,1.0,29,True,1.0,True
motif_d398da6c713f53b7,5,4,43,47,94,40.782,41.0,38.0,43.0,10,True,1.0,19,True,1.0,29,True,1.0,True
motif_a328587a896f8edc,5,5,43,47,94,41.43,42.0,39.0,43.0,10,True,1.0,19,True,1.0,29,True,1.0,True
motif_2f35404608f3f2ef,5,6,43,47,94,41.322,41.0,39.0,43.0,10,True,1.0,19,True,1.0,29,True,1.0,True
motif_2aa95981fc3e8f36,3,2,42,47,94,40.728,41.0,38.0,42.0,10,True,1.0,19,True,1.0,29,True,1.0,True
motif_61367486903318cd,3,2,42,47,94,40.278,40.0,37.0,42.0,10,True,1.0,19,True,1.0,29,True,1.0,True
motif_24fa1a057d5acded,4,3,42,47,94,40.558,41.0,38.0,42.0,10,True,1.0,19,True,1.0,29,True,1.0,True
motif_d9bff20e093a1be3,4,3,42,47,94,40.294,40.0,37.0,42.0,10,True,1.0,19,True,1.0,29,True,1.0,True
motif_a5f0aedaba53c141,4,4,42,47,94,40.394,41.0,38.0,42.0,10,True,1.0,19,True,1.0,29,True,1.0,True
motif_2d9dea63090b7772,5,4,42,47,94,39.986,40.0,37.0,42.0,10,True,1.0,19,True,1.0,29,True,1.0,True
motif_5ded3e44b292b50e,5,4,42,47,94,40.516,41.0,38.0,42.0,10,True,1.0,19,True,1.0,29,True,1.0,True
motif_752a9ee5cce96695,5,4,42,47,94,40.544,41.0,38.0,42.0,10,True,1.0,19,True,1.0,29,True,1.0,True
motif_f31ec24997c9f33d,5,4,42,47,94,40.336,41.0,37.475,42.0,10,True,1.0,19,True,1.0,29,True,1.0,True
motif_825fab86668eb8ff,5,5,42,47,94,39.79,40.0,37.0,42.0,10,True,1.0,19,True,1.0,29,True,1.0,True
motif_9346ea0f68c7424e,5,5,42,47,94,40.352,41.0,38.0,42.0,10,True,1.0,19,True,1.0,29,True,1.0,True
motif_fc5100af43da23a5,3,2,41,47,94,38.992,39.0,36.0,41.0,10,True,1.0,19,True,1.0,29,True,1.0,True
motif_08f3fda7af28ee0d,4,3,41,47,94,39.374,40.0,36.475,41.0,10,True,1.0,19,True,1.0,29,True,1.0,True
motif_ba42a46d0a454734,4,3,41,47,94,39.124,39.0,36.0,41.0,10,True,1.0,19,True,1.0,29,True,1.0,True
motif_f436a966bfb8a0f7,4,3,41,47,94,39.978,40.0,38.0,41.0,10,True,1.0,19,True,1.0,29,True,1.0,True
motif_60b43b9090a793bc,5,4,41,47,94,39.352,40.0,37.0,41.0,10,True,1.0,19,True,1.0,29,True,1.0,True
motif_b0af780cd01e57bf,5,4,41,47,94,39.194,39.0,36.0,41.0,10,True,1.0,19,True,1.0,29,True,1.0,True
motif_f5528311f24310da,5,4,41,47,94,38.69,39.0,36.0,41.0,10,True,1.0,19,True,1.0,29,True,1.0,True
motif_fd2c20ed817a1487,5,4,41,47,94,39.294,39.5,36.0,41.0,10,True,1.0,19,True,1.0,29,True,1.0,True
motif_9ce65289eb9b60cb,5,5,41,47,94,39.196,39.0,36.0,41.0,10,True,1.0,19,True,1.0,29,True,1.0,True
motif_67b3ff2f437cc158,3,2,40,47,94,38.896,39.0,37.0,40.0,10,True,1.0,19,True,1.0,29,True,1.0,True
motif_e744486a4774c589,3,2,40,47,94,38.4,39.0,36.0,40.0,10,True,1.0,19,True,1.0,29,True,1.0,True
motif_2f1cad9346e74372,4,3,40,47,94,38.032,38.0,35.0,40.0,10,True,1.0,19,True,1.0,29,True,1.0,True
motif_1890479618ebbd5a,5,4,40,47,94,38.282,38.0,35.0,40.0,10,True,1.0,19,True,1.0,29,True,1.0,True
motif_a79cab0e1b2c2fbf,5,4,40,47,94,38.382,39.0,36.0,40.0,10,True,1.0,19,True,1.0,29,True,1.0,True
motif_8772d8cec906d3dc,3,2,39,47,94,37.842,38.0,35.0,39.0,10,True,1.0,19,True,1.0,29,True,1.0,True
motif_2768109c9ad0c060,4,3,39,47,94,37.732,38.0,35.0,39.0,10,True,1.0,19,True,1.0,29,True,1.0,True
motif_d1f6be288fa1eb5b,4,3,39,47,94,36.89,37.0,34.0,39.0,10,True,1.0,19,True,1.0,29,True,1.0,True
motif_1ad6eca41bc12d2a,5,4,39,47,94,37.342,37.0,35.0,39.0,10,True,1.0,19,True,1.0,29,True,1.0,True
motif_280c39cdcfcace26,5,4,39,47,94,37.178,37.0,34.0,39.0,10,True,1.0,19,True,1.0,29,True,1.0,True
motif_87cc0947b79bd1a4,5,4,39,47,94,37.696,38.0,35.0,39.0,10,True,1.0,19,True,1.0,29,True,1.0,True
motif_a286a547b110eed9,5,4,39,47,94,36.988,37.0,34.0,39.0,10,True,1.0,19,True,1.0,29,True,1.0,True
motif_aeb7b3cc0e77bf78,5,4,39,47,94,37.768,38.0,35.0,39.0,10,True,1.0,19,True,1.0,29,True,1.0,True
motif_c297aea309bced17,5,4,39,47,94,37.856,38.0,36.0,39.0,10,True,1.0,19,True,1.0,29,True,1.0,True
motif_ef33fbd9d0acc07e,5,4,39,47,94,37.14,37.0,34.0,39.0,10,True,1.0,19,True,1.0,29,True,1.0,True
motif_f3686eff0a11ab0b,5,4,39,47,94,37.136,37.0,34.0,39.0,10,True,1.0,19,True,1.0,29,True,1.0,True
motif_5bfc4a225f2f79e3,5,5,39,47,94,37.478,38.0,35.0,39.0,10,True,1.0,19,True,1.0,29,True,1.0,True
motif_a1bf96e5bcfd11c0,5,5,39,47,94,37.186,37.0,34.0,39.0,10,True,1.0,19,True,1.0,29,True,1.0,True
motif_a74b93da382c579d,5,5,39,47,94,37.578,38.0,35.0,39.0,10,True,1.0,19,True,1.0,29,True,1.0,True
motif_bc3158d22549bb20,5,5,39,47,94,37.034,37.0,34.0,39.0,10,True,1.0,19,True,1.0,29,True,1.0,True
motif_bc9fa3f671bd8fbc,5,5,39,47,94,37.034,37.0,34.0,39.0,10,True,1.0,19,True,1.0,29,True,1.0,True
motif_0993068cca98bb75,5,6,39,47,94,36.932,37.0,34.0,39.0,10,True,1.0,19,True,1.0,29,True,1.0,True
motif_e390ceeffbb5a40b,3,3,38,47,94,35.912,36.0,33.0,38.0,10,True,1.0,19,True,1.0,29,True,1.0,True
motif_49217163f0dffbc8,4,3,38,47,94,36.688,37.0,34.0,38.0,10,True,1.0,19,True,1.0,29,True,1.0,True
motif_589b182e5642be3c,4,3,38,47,94,36.806,37.0,35.0,38.0,10,True,1.0,19,True,1.0,29,True,1.0,True
motif_8d85dc8910d4a0d4,4,3,38,47,94,36.032,36.0,33.0,38.0,10,True,1.0,19,True,1.0,29,True,1.0,True
motif_91f8b80b46fb6115,4,3,38,47,94,36.35,37.0,33.0,38.0,10,True,1.0,19,True,1.0,29,True,1.0,True
motif_a25aafa6bbcffed2,4,3,38,47,94,36.836,37.0,34.0,38.0,10,True,1.0,19,True,1.0,29,True,1.0,True
motif_15072348c6870401,3,2,37,47,94,35.398,36.0,33.0,37.0,10,True,1.0,19,True,1.0,29,True,1.0,True
motif_029c13843bbf61d1,4,3,37,47,94,35.214,35.0,32.0,37.0,10,True,1.0,19,True,1.0,29,True,1.0,True
motif_37475eace4a84e41,4,3,37,47,94,34.68,35.0,31.0,37.0,10,True,1.0,19,True,1.0,29,True,1.0,True
motif_39ec7fe0f96a2be6,4,3,37,47,94,35.608,36.0,33.0,37.0,10,True,1.0,19,True,1.0,29,True,1.0,True
motif_54c504eb0430ba25,4,3,37,47,94,35.468,36.0,33.0,37.0,10,True,1.0,19,True,1.0,29,True,1.0,True
motif_a314b9317c488409,4,3,37,47,94,35.414,36.0,33.0,37.0,10,True,1.0,19,True,1.0,29,True,1.0,True
motif_f4bfcdb57c53a8e9,4,3,37,47,94,35.95,36.0,34.0,37.0,10,True,1.0,19,True,1.0,29,True,1.0,True
motif_a60a2225f65ee9fa,4,4,37,47,94,35.342,36.0,32.0,37.0,10,True,1.0,19,True,1.0,29,True,1.0,True
motif_d15afefdf81c9369,4,4,37,47,94,34.804,35.0,32.0,37.0,10,True,1.0,19,True,1.0,29,True,1.0,True
motif_07019d963bc595b3,5,4,37,47,94,36.086,36.0,34.0,37.0,10,True,1.0,19,True,1.0,29,True,1.0,True
motif_4215b9a5488b5aa2,5,4,37,47,94,34.964,35.0,32.0,37.0,10,True,1.0,19,True,1.0,29,True,1.0,True
motif_9aa9557464dbe999,5,4,37,47,94,35.728,36.0,33.0,37.0,10,True,1.0,19,True,1.0,29,True,1.0,True
motif_c965da534d6c6b89,5,4,37,47,94,35.314,36.0,32.0,37.0,10,True,1.0,19,True,1.0,29,True,1.0,True
motif_e188e11aa9d19f55,5,4,37,47,94,35.222,35.0,32.0,37.0,10,True,1.0,19,True,1.0,29,True,1.0,True
motif_e5a69fb349d827dd,5,4,37,47,94,34.876,35.0,32.0,37.0,10,True,1.0,19,True,1.0,29,True,1.0,True
motif_ab039606710983b0,5,5,37,47,94,35.188,35.0,32.0,37.0,10,True,1.0,19,True,1.0,29,True,1.0,True
motif_5c6c6345350ffc64,4,3,36,47,94,34.514,35.0,32.0,36.0,10,True,1.0,19,True,1.0,29,True,1.0,True
motif_6a6b5b0ababd7fc9,4,3,36,47,94,34.32,34.0,31.0,36.0,10,True,1.0,19,True,1.0,29,True,1.0,True
motif_b462ae70ca309b24,4,3,36,47,94,33.954,34.0,31.0,36.0,10,True,1.0,19,True,1.0,29,True,0.998,True
motif_fbbeca09a9cbe02e,4,4,36,47,94,34.422,35.0,32.0,36.0,10,True,1.0,19,True,1.0,29,True,1.0,True
motif_0e63e1f3da53f70b,5,4,36,47,94,34.37,35.0,32.0,36.0,10,True,1.0,19,True,1.0,29,True,1.0,True
motif_5a1d60dbf66e3db1,5,4,36,47,94,33.776,34.0,31.0,36.0,10,True,1.0,19,True,1.0,29,True,0.998,True
motif_5bf76cb491ac43d3,5,4,36,47,94,34.85,35.0,33.0,36.0,10,True,1.0,19,True,1.0,29,True,1.0,True
motif_68738de32e9c0312,5,4,36,47,94,34.33,35.0,31.0,36.0,10,True,1.0,19,True,1.0,29,True,1.0,True
motif_82337625a556d562,5,4,36,47,94,34.794,35.0,33.0,36.0,10,True,1.0,19,True,1.0,29,True,1.0,True
motif_9737518e452322bd,5,4,36,47,94,34.798,35.0,32.0,36.0,10,True,1.0,19,True,1.0,29,True,1.0,True
motif_a11a2373437f53ac,5,4,36,47,94,34.312,34.0,31.0,36.0,10,True,1.0,19,True,1.0,29,True,1.0,True
motif_b958f616b5f82bc4,5,4,36,47,94,34.558,35.0,32.0,36.0,10,True,1.0,19,True,1.0,29,True,1.0,True
motif_ebed88d2a144263b,5,5,36,47,94,34.286,34.0,32.0,36.0,10,True,1.0,19,True,1.0,29,True,1.0,True
motif_b7999bf61588abbf,4,3,35,47,94,33.36,34.0,30.0,35.0,10,True,1.0,19,True,1.0,29,True,0.998,True
motif_e153f64de5d09b33,4,3,35,47,94,33.178,33.0,30.0,35.0,10,True,1.0,19,True,1.0,29,True,0.998,True
motif_66d789541717095f,4,4,35,47,94,33.24,33.0,30.0,35.0,10,True,1.0,19,True,1.0,29,True,0.998,True
motif_f5e851e8a26bb0d0,4,4,35,47,94,33.072,33.0,30.0,35.0,10,True,1.0,19,True,1.0,29,True,0.998,True
motif_0dede2e6fa5a899a,5,4,35,47,94,33.524,34.0,31.0,35.0,10,True,1.0,19,True,1.0,29,True,1.0,True
motif_138711240361b16d,5,4,35,47,94,33.332,33.5,30.0,35.0,10,True,1.0,19,True,1.0,29,True,1.0,True
motif_2640c36f9d12e013,5,4,35,47,94,33.024,33.0,30.0,35.0,10,True,1.0,19,True,1.0,29,True,0.998,True
motif_30a6e62e9c0d1251,5,4,35,47,94,33.452,34.0,31.0,35.0,10,True,1.0,19,True,1.0,29,True,0.998,True
motif_4f19d2064be25086,5,4,35,47,94,33.628,34.0,31.0,35.0,10,True,1.0,19,True,1.0,29,True,1.0,True
motif_9299e8337472a50e,5,4,35,47,94,32.692,33.0,30.0,35.0,10,True,1.0,19,True,1.0,29,True,0.994,True
motif_a6141d4b71e71270,5,4,35,47,94,33.706,34.0,31.0,35.0,10,True,1.0,19,True,1.0,29,True,1.0,True
motif_0f41a99567ec9bba,5,5,35,47,94,32.918,33.0,30.0,35.0,10,True,1.0,19,True,1.0,29,True,0.998,True
motif_2365c8970a548362,5,5,35,47,94,32.836,33.0,30.0,35.0,10,True,1.0,19,True,1.0,29,True,1.0,True
motif_564f9cbbae11e040,5,5,35,47,94,33.53,34.0,31.0,35.0,10,True,1.0,19,True,1.0,29,True,1.0,True
motif_632e37d2fe836c60,5,5,35,47,94,33.428,34.0,31.0,35.0,10,True,1.0,19,True,1.0,29,True,1.0,True
motif_a789c00a2ba82862,3,2,34,47,94,33.076,33.0,31.0,34.0,10,True,1.0,19,True,1.0,29,True,1.0,True
motif_26c1177b7e91b833,3,3,34,47,94,32.518,33.0,30.0,34.0,10,True,1.0,19,True,1.0,29,True,0.99,True
motif_561aab0d2e3fcfbf,4,3,34,47,94,33.022,33.0,31.0,34.0,10,True,1.0,19,True,1.0,29,True,1.0,True
motif_865a7e1db6e3d015,4,3,34,47,94,33.132,33.0,31.0,34.0,10,True,1.0,19,True,1.0,29,True,1.0,True
motif_e7b47efe0af02072,4,3,34,47,94,32.516,33.0,30.0,34.0,10,True,1.0,19,True,1.0,29,True,0.994,True
motif_204392044e79cf6a,4,4,34,47,94,31.774,32.0,29.0,34.0,10,True,1.0,19,True,1.0,29,True,0.976,True
motif_5d4f727711085252,4,4,34,47,94,32.96,33.0,31.0,34.0,10,True,1.0,19,True,1.0,29,True,1.0,True
motif_aa915ce5086e7958,4,4,34,47,94,32.374,33.0,30.0,34.0,10,True,1.0,19,True,1.0,29,True,0.988,True
motif_1ccba954f9a8e8c0,5,4,34,47,94,32.938,33.0,31.0,34.0,10,True,1.0,19,True,1.0,29,True,1.0,True
motif_2d48a4fd368d5657,5,4,34,47,94,32.334,33.0,30.0,34.0,10,True,1.0,19,True,1.0,29,True,0.992,True
motif_58108fef281175a5,5,4,34,47,94,32.78,33.0,30.0,34.0,10,True,1.0,19,True,1.0,29,True,1.0,True
motif_594088dea3ed99ad,5,4,34,47,94,32.644,33.0,30.0,34.0,10,True,1.0,19,True,1.0,29,True,0.998,True
motif_7d709f8abcdc82e5,5,4,34,47,94,32.196,32.0,29.0,34.0,10,True,1.0,19,True,1.0,29,True,0.99,True
motif_8182686a0f8422e0,5,4,34,47,94,31.99,32.0,29.0,34.0,10,True,1.0,19,True,1.0,29,True,0.99,True
motif_8d50e2fb8f9fbd00,5,4,34,47,94,32.934,33.0,31.0,34.0,10,True,1.0,19,True,1.0,29,True,1.0,True
motif_b920e1f8dcf87b42,5,4,34,47,94,32.356,33.0,29.475,34.0,10,True,1.0,19,True,1.0,29,True,0.996,True
motif_dc67d5aaeb0b97c0,5,4,34,47,94,32.95,33.0,30.475,34.0,10,True,1.0,19,True,1.0,29,True,1.0,True
motif_027ba7efe2fe2e56,5,5,34,47,94,31.876,32.0,29.0,34.0,10,True,1.0,19,True,1.0,29,True,0.988,True
motif_4278b35cbcfd2b6b,5,5,34,47,94,32.764,33.0,30.0,34.0,10,True,1.0,19,True,1.0,29,True,1.0,True
motif_44f14a83080f71ac,5,5,34,47,94,32.872,33.0,31.0,34.0,10,True,1.0,19,True,1.0,29,True,1.0,True
motif_857cf1d41f71c8f6,5,5,34,47,94,32.41,33.0,30.0,34.0,10,True,1.0,19,True,1.0,29,True,0.996,True
motif_99f25f43459111ca,5,5,34,47,94,32.524,33.0,30.0,34.0,10,True,1.0,19,True,1.0,29,True,1.0,True
motif_f548207977f75af1,5,5,34,47,94,32.248,32.0,29.0,34.0,10,True,1.0,19,True,1.0,29,True,0.996,True
motif_add33857e4b485af,5,6,34,47,94,32.43,33.0,30.0,34.0,10,True,1.0,19,True,1.0,29,True,1.0,True
motif_070e91bcc54960a5,4,3,33,47,94,31.494,32.0,29.0,33.0,10,True,1.0,19,True,1.0,29,True,0.978,True
motif_567b7af85cfa22f3,4,4,33,47,94,31.638,32.0,29.0,33.0,10,True,1.0,19,True,1.0,29,True,0.984,True
motif_9549cf95a022f9b4,4,4,33,47,94,31.148,31.0,28.0,33.0,10,True,1.0,19,True,1.0,29,True,0.966,True
motif_552be5f9f12c3639,4,5,33,47,94,31.062,31.0,28.0,33.0,10,True,1.0,19,True,1.0,29,True,0.96,True
motif_089bbb6e336a32e3,5,4,33,47,94,31.418,32.0,29.0,33.0,10,True,1.0,19,True,1.0,29,True,0.986,True
motif_367019b89a849370,5,4,33,47,94,31.444,32.0,29.0,33.0,10,True,1.0,19,True,1.0,29,True,0.984,True
motif_3a74636fdbc8b97b,5,4,33,47,94,31.484,32.0,29.0,33.0,10,True,1.0,19,True,1.0,29,True,0.982,True
motif_44b052f6015177f9,5,4,33,47,94,31.338,31.0,28.0,33.0,10,True,1.0,19,True,1.0,29,True,0.966,True
motif_8dcfc98226e1efc7,5,4,33,47,94,31.396,32.0,29.0,33.0,10,True,1.0,19,True,1.0,29,True,0.978,True
motif_91d7797e53fe79ef,5,4,33,47,94,31.34,31.0,28.0,33.0,10,True,1.0,19,True,1.0,29,True,0.964,True
motif_971e3dbb7f58e1ea,5,4,33,47,94,31.382,31.5,29.0,33.0,10,True,1.0,19,True,1.0,29,True,0.98,True
motif_def29965c110d7de,5,4,33,47,94,31.108,31.0,28.0,33.0,10,True,1.0,19,True,1.0,29,True,0.958,True
motif_23a242d75055148a,5,5,33,47,94,31.278,31.0,29.0,33.0,10,True,1.0,19,True,1.0,29,True,0.976,True
motif_3be567c2d0a1b7d5,5,5,33,47,94,31.002,31.0,28.0,33.0,10,True,1.0,19,True,1.0,29,True,0.958,True
motif_6542648bb13448a0,5,5,33,47,94,31.51,32.0,29.0,33.0,10,True,1.0,19,True,1.0,29,True,0.982,True
motif_a244b5d5e3725e95,5,5,33,47,94,30.746,31.0,28.0,33.0,10,True,1.0,19,True,1.0,29,True,0.936,True
motif_a97c649fcff5d5d1,5,5,33,47,94,31.358,32.0,29.0,33.0,10,True,1.0,19,True,1.0,29,True,0.982,True
motif_deb1cfa3eafe01ec,5,5,33,47,94,31.456,32.0,29.0,33.0,10,True,1.0,19,True,1.0,29,True,0.976,True
motif_599a47832de48e0b,5,6,33,47,94,30.916,31.0,28.0,33.0,10,True,1.0,19,True,1.0,29,True,0.952,True
motif_0ef225c16706d8fe,3,2,32,47,94,30.864,31.0,29.0,32.0,10,True,1.0,19,True,1.0,29,True,0.992,True
motif_8173fff60f0d3407,4,3,32,47,94,30.826,31.0,29.0,32.0,10,True,1.0,19,True,1.0,29,True,0.992,True
motif_9a804183b3321941,4,3,32,47,94,30.004,30.0,27.0,32.0,10,True,1.0,19,True,1.0,29,True,0.868,True
motif_e8cc14ed19806fcc,4,4,32,47,94,30.67,31.0,28.0,32.0,10,True,1.0,19,True,1.0,29,True,0.956,True
motif_8669434201178897,4,5,32,47,94,30.61,31.0,28.0,32.0,10,True,1.0,19,True,1.0,29,True,0.954,True
motif_55f635f51d345c44,5,4,32,47,94,30.29,30.0,28.0,32.0,10,True,1.0,19,True,1.0,29,True,0.912,True
motif_72859cdf5403f701,5,4,32,47,94,30.102,30.0,27.0,32.0,10,True,1.0,19,True,1.0,29,True,0.884,True
motif_80fca12529cb792b,5,4,32,47,94,29.846,30.0,27.0,32.0,10,True,1.0,19,True,1.0,29,True,0.84,True
motif_a60b470ee33da55c,5,4,32,47,94,30.024,30.0,27.0,32.0,10,True,1.0,19,True,1.0,29,True,0.874,True
motif_d409f63c308a2d6d,5,4,32,47,94,30.256,30.0,28.0,32.0,10,True,1.0,19,True,1.0,29,True,0.926,True
motif_fbe47b283d485aaf,5,4,32,47,94,30.436,31.0,27.475,32.0,10,True,1.0,19,True,1.0,29,True,0.918,True
motif_010b3c71bdbcf2a6,5,5,32,47,94,30.336,31.0,27.0,32.0,10,True,1.0,19,True,1.0,29,True,0.91,True
motif_0f0ac668f0dc386c,5,5,32,47,94,29.942,30.0,27.0,32.0,10,True,1.0,19,True,1.0,29,True,0.856,True
motif_9f061127188bad39,5,5,32,47,94,30.582,31.0,28.0,32.0,10,True,1.0,19,True,1.0,29,True,0.946,True
motif_a1fd530b04ced400,5,5,32,47,94,30.42,31.0,27.0,32.0,10,True,1.0,19,True,1.0,29,True,0.924,True
motif_b715f164644b06ac,5,6,32,47,94,30.522,31.0,28.0,32.0,10,True,1.0,19,True,1.0,29,True,0.944,True
motif_3194408fb9452179,3,2,31,47,94,30.024,30.0,28.0,31.0,10,True,1.0,19,True,1.0,29,True,0.93,True
motif_a357866e74d5aac1,3,2,31,47,94,29.966,30.0,28.0,31.0,10,True,1.0,19,True,1.0,29,True,0.924,True
motif_041663865fdf67e1,4,3,31,47,94,29.798,30.0,28.0,31.0,10,True,1.0,19,True,1.0,29,True,0.886,True
motif_082f79e52f52ff53,4,3,31,47,94,29.954,30.0,28.0,31.0,10,True,1.0,19,True,1.0,29,True,0.92,True
motif_c99164990c51b2e9,4,3,31,47,94,29.902,30.0,28.0,31.0,10,True,1.0,19,True,1.0,29,True,0.904,True
motif_d1d448d03e415c86,4,3,31,47,94,29.974,30.0,28.0,31.0,10,True,1.0,19,True,1.0,29,True,0.922,True
motif_038ad01f2250792b,5,4,31,47,94,29.89,30.0,28.0,31.0,10,True,1.0,19,True,1.0,29,True,0.902,True
motif_080cca411daac145,5,4,31,47,94,29.51,30.0,27.0,31.0,10,True,1.0,19,True,1.0,29,True,0.804,True
motif_47d78b52f7b40f0b,5,4,31,47,94,28.664,29.0,25.475,31.0,10,True,1.0,19,True,1.0,29,True,0.554,True
motif_9a81ed62d65435c3,5,4,31,47,94,29.786,30.0,28.0,31.0,10,True,1.0,19,True,1.0,29,True,0.882,True
motif_af254a1c82e36b5f,5,4,31,47,94,30.036,30.0,28.0,31.0,10,True,1.0,19,True,1.0,29,True,0.934,True
motif_fe7b90304caa5322,5,4,31,47,94,29.926,30.0,28.0,31.0,10,True,1.0,19,True,1.0,29,True,0.92,True
motif_03a86f20681e50ea,5,5,31,47,94,29.988,30.0,28.0,31.0,10,True,1.0,19,True,1.0,29,True,0.924,True
motif_4fb69e3be74bb949,5,5,31,47,94,29.288,29.0,26.0,31.0,10,True,1.0,19,True,1.0,29,True,0.774,True
motif_da6a723978c7cfb8,4,3,30,47,94,28.962,29.0,27.0,30.0,10,True,1.0,19,True,1.0,29,True,0.726,True
motif_144357e970631bdc,4,4,30,47,94,28.902,29.0,26.0,30.0,10,True,1.0,19,True,1.0,29,True,0.71,True
motif_309e1fd1b1c35d59,5,4,30,47,94,28.686,29.0,26.0,30.0,10,True,1.0,19,True,1.0,29,True,0.614,True
motif_4d94dac0da31b256,5,4,30,47,94,28.11,28.0,25.0,30.0,10,True,1.0,19,True,1.0,29,True,0.412,True
motif_64c46f0bc8a7853d,5,4,30,47,94,28.812,29.0,26.475,30.0,10,True,1.0,19,True,1.0,29,True,0.668,True
motif_747d5d7b30279f2d,5,4,30,47,94,28.95,29.0,27.0,30.0,10,True,1.0,19,True,1.0,29,True,0.724,True
motif_810b92e3ea05e188,5,4,30,47,94,28.032,28.0,25.0,30.0,10,True,1.0,19,True,1.0,29,True,0.39,True
motif_88f193386373d65c,5,4,30,47,94,28.142,28.0,25.0,30.0,10,True,1.0,19,True,1.0,29,True,0.402,True
motif_fff7782cb017e67a,5,4,30,47,94,28.73,29.0,26.0,30.0,10,True,1.0,19,True,1.0,29,True,0.65,True
motif_03815a9e83d32c65,5,5,30,47,94,28.89,29.0,26.0,30.0,10,True,1.0,19,True,1.0,29,True,0.708,True
motif_2239e63c934728ab,5,5,30,47,94,28.618,29.0,26.0,30.0,10,True,1.0,19,True,1.0,29,True,0.59,True
motif_5cc36c8196edf8e4,5,5,30,47,94,28.58,29.0,26.0,30.0,10,True,1.0,19,True,1.0,29,True,0.58,True
motif_8a3a45dc361aa47b,5,5,30,47,94,27.938,28.0,25.0,30.0,10,True,1.0,19,True,1.0,29,True,0.366,True
motif_8d236ec1aa320a9d,5,5,30,47,94,28.14,28.0,25.0,30.0,10,True,1.0,19,True,1.0,29,True,0.41,True
motif_0e5e85a7dddbb60d,5,6,30,47,94,28.066,28.0,25.0,30.0,10,True,1.0,19,True,1.0,29,True,0.384,True
motif_1ba4c51f0f8fad83,5,6,30,47,94,28.512,29.0,26.0,30.0,10,True,1.0,19,True,1.0,29,True,0.556,True
motif_ecd6dde695a866b9,3,2,29,47,94,27.972,28.0,26.0,29.0,10,True,1.0,19,True,1.0,29,True,0.352,True
motif_c1d59433f9939b77,3,3,29,47,94,27.96,28.0,26.0,29.0,10,True,1.0,19,True,1.0,29,True,0.348,True
motif_f972b2865c90f585,4,3,29,47,94,27.814,28.0,26.0,29.0,10,True,1.0,19,True,1.0,29,True,0.284,True
motif_53e8134231efd6a0,4,4,29,47,94,27.172,27.0,24.475,29.0,10,True,1.0,19,True,1.0,29,True,0.154,True
motif_2268a823202931ea,5,4,29,47,94,27.554,28.0,25.0,29.0,10,True,1.0,19,True,1.0,29,True,0.236,True
motif_3dca7fe7a9c94f2f,5,4,29,47,94,28.004,28.0,26.0,29.0,10,True,1.0,19,True,1.0,29,True,0.352,True
motif_462c4df0c1cacf78,5,4,29,47,94,27.974,28.0,26.0,29.0,10,True,1.0,19,True,1.0,29,True,0.346,True
motif_652e84642f661624,5,4,29,47,94,27.778,28.0,26.0,29.0,10,True,1.0,19,True,1.0,29,True,0.278,True
motif_7434dae0d646da6b,5,4,29,47,94,28.064,28.0,26.0,29.0,10,True,1.0,19,True,1.0,29,True,0.406,True
motif_90e3cc1dcf4e3b79,5,4,29,47,94,27.836,28.0,25.475,29.0,10,True,1.0,19,True,1.0,29,True,0.29,True
motif_ace47faad0c74b11,5,4,29,47,94,28.114,28.0,26.0,29.0,10,True,1.0,19,True,1.0,29,True,0.38,True
motif_e51d13cc35f9cbc0,5,4,29,47,94,27.518,28.0,25.0,29.0,10,True,1.0,19,True,1.0,29,True,0.224,True
motif_ee6ea2d9e15ae257,5,4,29,47,94,28.068,28.0,26.0,29.0,10,True,1.0,19,True,1.0,29,True,0.388,True
motif_515f2a2b2aaee61d,5,5,29,47,94,27.778,28.0,25.0,29.0,10,True,1.0,19,True,1.0,29,True,0.272,True
motif_73bf87366dc57d10,5,5,29,47,94,27.444,28.0,25.0,29.0,10,True,1.0,19,True,1.0,29,True,0.204,True
motif_9aea37b624069e78,5,5,29,47,94,27.944,28.0,26.0,29.0,10,True,1.0,19,True,1.0,29,True,0.328,True
motif_c1cb74bf02920d95,5,5,29,47,94,27.97,28.0,26.0,29.0,10,True,1.0,19,True,1.0,29,True,0.344,True
motif_cb910122203920e9,5,5,29,47,94,27.032,27.0,24.0,29.0,10,True,1.0,19,True,1.0,29,True,0.126,True
motif_d9d6a0af6bcd611b,5,5,29,47,94,27.708,28.0,25.0,29.0,10,True,1.0,19,True,1.0,29,True,0.27,True
motif_7c9654a7552f1afd,5,6,29,47,94,27.66,28.0,25.0,29.0,10,True,1.0,19,True,1.0,29,True,0.25,True
motif_43cc804437a47f43,4,3,28,47,94,26.508,27.0,24.0,28.0,10,True,1.0,19,True,1.0,29,False,0.0,True
motif_94fda426c64e7b30,4,3,28,47,94,26.832,27.0,25.0,28.0,10,True,1.0,19,True,1.0,29,False,0.0,True
motif_ac678f6d8b8171a2,4,3,28,47,94,26.672,27.0,24.0,28.0,10,True,1.0,19,True,1.0,29,False,0.0,True
motif_c6162316b5742d5a,4,3,28,47,94,26.876,27.0,25.0,28.0,10,True,1.0,19,True,1.0,29,False,0.0,True
motif_4625a9fb33fe9a18,5,4,28,47,94,26.684,27.0,24.475,28.0,10,True,1.0,19,True,1.0,29,False,0.0,True
motif_47ce3e87e8a12011,5,4,28,47,94,26.428,27.0,24.0,28.0,10,True,1.0,19,True,1.0,29,False,0.0,True
motif_65b770a6b0dde937,5,4,28,47,94,27.102,27.0,25.0,28.0,10,True,1.0,19,True,1.0,29,False,0.0,True
motif_7887aeea576de116,5,4,28,47,94,26.864,27.0,24.475,28.0,10,True,1.0,19,True,1.0,29,False,0.0,True
motif_85897afcde10ae9d,5,4,28,47,94,26.634,27.0,24.0,28.0,10,True,1.0,19,True,1.0,29,False,0.0,True
motif_8987799e9536733a,5,4,28,47,94,26.738,27.0,24.0,28.0,10,True,1.0,19,True,1.0,29,False,0.0,True
motif_92462db061392ae7,5,4,28,47,94,26.592,27.0,24.0,28.0,10,True,1.0,19,True,1.0,29,False,0.0,True
motif_9dd3ef603731eb1d,5,4,28,47,94,26.472,27.0,24.0,28.0,10,True,1.0,19,True,1.0,29,False,0.0,True
motif_9f5dccfd505d1842,5,4,28,47,94,26.25,26.0,24.0,28.0,10,True,1.0,19,True,1.0,29,False,0.0,True
motif_a352e465397bbb21,5,4,28,47,94,26.82,27.0,24.475,28.0,10,True,1.0,19,True,1.0,29,False,0.0,True
motif_d08d2b220c27d371,5,4,28,47,94,26.614,27.0,24.0,28.0,10,True,1.0,19,True,1.0,29,False,0.0,True
motif_37d31d57d3f9c5b8,5,5,28,47,94,25.878,26.0,23.0,28.0,10,True,1.0,19,True,1.0,29,False,0.0,True
motif_4aa6795ac5be2401,5,5,28,47,94,26.182,26.0,24.0,28.0,10,True,1.0,19,True,1.0,29,False,0.0,True
motif_4abc84179978fc41,5,5,28,47,94,26.508,27.0,24.0,28.0,10,True,1.0,19,True,1.0,29,False,0.0,True
motif_5cefd2032c431627,5,5,28,47,94,27.06,27.0,25.0,28.0,10,True,1.0,19,True,1.0,29,False,0.0,True
motif_653dde72c933e69a,5,5,28,47,94,27.098,27.0,25.0,28.0,10,True,1.0,19,True,1.0,29,False,0.0,True
motif_9583570644293b3f,5,5,28,47,94,26.176,26.0,24.0,28.0,10,True,1.0,19,True,1.0,29,False,0.0,True
motif_bd8eff38223588de,5,5,28,47,94,26.17,26.0,23.0,28.0,10,True,1.0,19,True,1.0,29,False,0.0,True
motif_cafa14125e4d3e91,5,5,28,47,94,26.532,27.0,24.0,28.0,10,True,1.0,19,True,1.0,29,False,0.0,True
motif_d6947d105949725e,5,5,28,47,94,26.158,26.0,23.0,28.0,10,True,1.0,19,True,1.0,29,False,0.0,True
motif_daab14175ce460f2,5,5,28,47,94,26.144,26.0,24.0,28.0,10,True,1.0,19,True,1.0,29,False,0.0,True
motif_018c4efb7ab2990c,5,6,28,47,94,26.074,26.0,23.0,28.0,10,True,1.0,19,True,1.0,29,False,0.0,True
motif_2e153101d0a11288,5,6,28,47,94,27.056,27.0,25.0,28.0,10,True,1.0,19,True,1.0,29,False,0.0,True
motif_a8e2557395de591b,5,6,28,47,94,26.108,26.0,24.0,28.0,10,True,1.0,19,True,1.0,29,False,0.0,True
motif_62be63cfd14a7b5f,3,2,27,47,94,26.108,26.0,24.0,27.0,10,True,1.0,19,True,1.0,29,False,0.0,True
motif_731b0357487deaf3,3,2,27,47,94,25.592,26.0,23.0,27.0,10,True,1.0,19,True,1.0,29,False,0.0,True
motif_38423b6b2977d305,4,3,27,47,94,26.152,26.0,24.0,27.0,10,True,1.0,19,True,1.0,29,False,0.0,True
motif_878918d1010ef59c,4,3,27,47,94,26.06,26.0,24.0,27.0,10,True,1.0,19,True,1.0,29,False,0.0,True
motif_b666e4a2a4e21f61,4,3,27,47,94,25.948,26.0,24.0,27.0,10,True,1.0,19,True,1.0,29,False,0.0,True
motif_9222964e0f293ccf,4,4,27,47,94,25.946,26.0,24.0,27.0,10,True,1.0,19,True,1.0,29,False,0.0,True
motif_1c19ace04bcdb92f,5,4,27,47,94,25.49,26.0,23.0,27.0,10,True,1.0,19,True,1.0,29,False,0.0,True
motif_2432ee146ee06e9b,5,4,27,47,94,26.14,26.0,24.0,27.0,10,True,1.0,19,True,1.0,29,False,0.0,True
motif_3d50d7469ea2a0a8,5,4,27,47,94,25.736,26.0,23.475,27.0,10,True,1.0,19,True,1.0,29,False,0.0,True
motif_5c79379a0133821d,5,4,27,47,94,26.03,26.0,24.0,27.0,10,True,1.0,19,True,1.0,29,False,0.0,True
motif_677a13f588cdb059,5,4,27,47,94,25.316,25.0,23.0,27.0,10,True,1.0,19,True,1.0,29,False,0.0,True
motif_fd8026f3f9aefe0f,5,4,27,47,94,26.014,26.0,24.0,27.0,10,True,1.0,19,True,1.0,29,False,0.0,True
motif_0f1eaadb5b328872,5,5,27,47,94,25.706,26.0,23.0,27.0,10,True,1.0,19,True,1.0,29,False,0.0,True
motif_7062164c652c7ad4,5,5,27,47,94,25.234,25.0,23.0,27.0,10,True,1.0,19,True,1.0,29,False,0.0,True
motif_8d7eadf530f2600e,5,5,27,47,94,25.726,26.0,23.0,27.0,10,True,1.0,19,True,1.0,29,False,0.0,True
motif_e7faaf909e70ba88,5,5,27,47,94,25.634,26.0,23.0,27.0,10,True,1.0,19,True,1.0,29,False,0.0,True
motif_fa7f3982b5280d95,5,5,27,47,94,25.414,26.0,23.0,27.0,10,True,1.0,19,True,1.0,29,False,0.0,True
motif_5e83cea79dae2573,5,6,27,47,94,25.646,26.0,23.0,27.0,10,True,1.0,19,True,1.0,29,False,0.0,True
motif_6ca5865328442749,5,6,27,47,94,25.63,26.0,23.0,27.0,10,True,1.0,19,True,1.0,29,False,0.0,True
motif_7e70cbb5d1272c31,4,3,26,47,94,24.988,25.0,23.0,26.0,10,True,1.0,19,True,1.0,29,False,0.0,True
motif_907bc8e649cc9e30,4,3,26,47,94,25.06,25.0,23.0,26.0,10,True,1.0,19,True,1.0,29,False,0.0,True
motif_b366b2840430a16c,4,4,26,47,94,24.978,25.0,23.0,26.0,10,True,1.0,19,True,1.0,29,False,0.0,True
motif_1b5f56b34ecdaa6c,5,4,26,47,94,24.502,25.0,22.0,26.0,10,True,1.0,19,True,1.0,29,False,0.0,True
motif_26507b4dbd33a9b0,5,4,26,47,94,24.934,25.0,23.0,26.0,10,True,1.0,19,True,1.0,29,False,0.0,True
motif_3584f99186f55098,5,4,26,47,94,24.694,25.0,22.0,26.0,10,True,1.0,19,True,0.998,29,False,0.0,True
motif_5dceed5e09274722,5,4,26,47,94,25.086,25.0,23.0,26.0,10,True,1.0,19,True,1.0,29,False,0.0,True
motif_9e18a3296a08a2d2,5,4,26,47,94,25.012,25.0,23.0,26.0,10,True,1.0,19,True,1.0,29,False,0.0,True
motif_d2fceddc64f9c4b8,5,4,26,47,94,25.064,25.0,23.0,26.0,10,True,1.0,19,True,1.0,29,False,0.0,True
motif_181b8ce161b66b8b,5,5,26,47,94,24.834,25.0,23.0,26.0,10,True,1.0,19,True,1.0,29,False,0.0,True
motif_87672ea659340518,5,5,26,47,94,24.408,24.0,22.0,26.0,10,True,1.0,19,True,1.0,29,False,0.0,True
motif_b38850de34c883b8,5,5,26,47,94,24.87,25.0,23.0,26.0,10,True,1.0,19,True,1.0,29,False,0.0,True
motif_1f7ac044c9f83b05,5,6,26,47,94,24.792,25.0,22.475,26.0,10,True,1.0,19,True,1.0,29,False,0.0,True
motif_2af20ff912ea7195,5,6,26,47,94,24.34,24.0,22.0,26.0,10,True,1.0,19,True,1.0,29,False,0.0,True
motif_5e815e962da809ee,5,6,26,47,94,24.348,24.0,22.0,26.0,10,True,1.0,19,True,1.0,29,False,0.0,True
motif_d818811728222c86,5,6,26,47,94,24.83,25.0,22.475,26.0,10,True,1.0,19,True,1.0,29,False,0.0,True
motif_c6837bde7d886408,5,7,26,47,94,24.788,25.0,22.0,26.0,10,True,1.0,19,True,1.0,29,False,0.0,True
motif_e8e7168a0537a3da,5,7,26,47,94,24.28,24.0,22.0,26.0,10,True,1.0,19,True,1.0,29,False,0.0,True
motif_90f0469331adc789,3,3,25,47,94,23.582,24.0,21.0,25.0,10,True,1.0,19,True,1.0,29,False,0.0,True
motif_260b9ee8cedf65ab,4,3,25,47,94,24.028,24.0,22.0,25.0,10,True,1.0,19,True,1.0,29,False,0.0,True
motif_632e6b3a31ce3011,4,3,25,47,94,23.974,24.0,22.0,25.0,10,True,1.0,19,True,1.0,29,False,0.0,True
motif_cf36d5d36d17f0d4,4,3,25,47,94,23.528,24.0,21.0,25.0,10,True,1.0,19,True,1.0,29,False,0.0,True
motif_e0be9084453e8269,4,4,25,47,94,23.774,24.0,21.475,25.0,10,True,1.0,19,True,1.0,29,False,0.0,True
motif_9f82584d66042611,5,4,25,47,94,23.964,24.0,22.0,25.0,10,True,1.0,19,True,1.0,29,False,0.0,True
motif_d1701f302cafb7b8,5,4,25,47,94,24.024,24.0,22.0,25.0,10,True,1.0,19,True,1.0,29,False,0.0,True
motif_fe7681306acbdcba,5,4,25,47,94,23.994,24.0,22.0,25.0,10,True,1.0,19,True,1.0,29,False,0.0,True
motif_82cb78c31a4d45f4,5,5,25,47,94,23.762,24.0,21.0,25.0,10,True,1.0,19,True,1.0,29,False,0.0,True
motif_c38a1f8d4d13cd58,5,5,25,47,94,23.656,24.0,21.0,25.0,10,True,1.0,19,True,1.0,29,False,0.0,True
motif_e9f2800f2f4139b5,5,5,25,47,94,23.376,23.0,21.0,25.0,10,True,1.0,19,True,1.0,29,False,0.0,True
motif_d73c4c050c515690,5,6,25,47,94,23.302,23.0,21.0,25.0,10,True,1.0,19,True,1.0,29,False,0.0,True
motif_aa88697c4878a8d2,4,3,24,47,94,22.75,23.0,20.0,24.0,10,True,1.0,19,True,0.998,29,False,0.0,True
motif_b7f95b768d0ed88f,4,3,24,47,94,22.73,23.0,20.0,24.0,10,True,1.0,19,True,0.998,29,False,0.0,True
motif_cefbf9695c101b62,4,3,24,47,94,22.966,23.0,21.0,24.0,10,True,1.0,19,True,1.0,29,False,0.0,True
motif_daeb4bd8e246a8ce,4,3,24,47,94,22.74,23.0,20.0,24.0,10,True,1.0,19,True,1.0,29,False,0.0,True
motif_df23103c2dddd8a7,4,3,24,47,94,22.876,23.0,21.0,24.0,10,True,1.0,19,True,0.998,29,False,0.0,True
motif_1ef5e2e1bdccc5eb,4,4,24,47,94,22.956,23.0,21.0,24.0,10,True,1.0,19,True,1.0,29,False,0.0,True
motif_24eb9a87cdb74628,4,4,24,47,94,22.538,23.0,20.0,24.0,10,True,1.0,19,True,1.0,29,False,0.0,True
motif_a0117e3a50871f45,4,4,24,47,94,22.484,23.0,20.0,24.0,10,True,1.0,19,True,0.998,29,False,0.0,True
motif_1705651ede59320a,5,4,24,47,94,22.832,23.0,21.0,24.0,10,True,1.0,19,True,0.998,29,False,0.0,True
motif_577624a63a62a8a9,5,4,24,47,94,22.5,23.0,20.0,24.0,10,True,1.0,19,True,0.996,29,False,0.0,True
motif_7f263166867f6719,5,4,24,47,94,23.188,23.0,21.0,24.0,10,True,1.0,19,True,1.0,29,False,0.0,True
motif_86d8105fe5309952,5,4,24,47,94,23.0,23.0,21.0,24.0,10,True,1.0,19,True,1.0,29,False,0.0,True
motif_d68985c461e287c9,5,4,24,47,94,23.002,23.0,21.0,24.0,10,True,1.0,19,True,1.0,29,False,0.0,True
motif_d740706ea3c34912,5,4,24,47,94,22.748,23.0,20.475,24.0,10,True,1.0,19,True,0.998,29,False,0.0,True
motif_e93a5794cad1d099,5,4,24,47,94,22.584,23.0,20.0,24.0,10,True,1.0,19,True,0.996,29,False,0.0,True
motif_efae6b60f595cdfb,5,4,24,47,94,22.874,23.0,21.0,24.0,10,True,1.0,19,True,1.0,29,False,0.0,True
motif_0bae3f446a0ef73b,5,5,24,47,94,23.14,23.0,21.0,24.0,10,True,1.0,19,True,1.0,29,False,0.0,True
motif_1d705ca0de2416ea,5,5,24,47,94,22.872,23.0,21.0,24.0,10,True,1.0,19,True,1.0,29,False,0.0,True
motif_ba7a0a0ed1ab1304,5,5,24,47,94,23.002,23.0,21.0,24.0,10,True,1.0,19,True,1.0,29,False,0.0,True
motif_c88f48387ef2b4fe,5,5,24,47,94,22.948,23.0,21.0,24.0,10,True,1.0,19,True,0.996,29,False,0.0,True
motif_496bfc724505030e,4,3,23,47,94,21.594,22.0,19.0,23.0,10,True,1.0,19,True,0.998,29,False,0.0,True
motif_13987350646e3e50,4,4,23,47,94,21.676,22.0,19.0,23.0,10,True,1.0,19,True,0.994,29,False,0.0,True
motif_36015bab6274bff0,4,4,23,47,94,21.742,22.0,19.0,23.0,10,True,1.0,19,True,0.994,29,False,0.0,True
motif_2ec7c5deb3b9bc46,4,5,23,47,94,21.502,22.0,19.0,23.0,10,True,1.0,19,True,0.992,29,False,0.0,True
motif_0340aaab0dccc1f1,5,4,23,47,94,21.762,22.0,19.0,23.0,10,True,1.0,19,True,0.998,29,False,0.0,True
motif_2611ff976d3ff14b,5,4,23,47,94,21.626,22.0,19.0,23.0,10,True,1.0,19,True,0.99,29,False,0.0,True
motif_287b8ec85d70fbac,5,4,23,47,94,21.368,21.0,19.0,23.0,10,True,1.0,19,True,0.988,29,False,0.0,True
motif_29d831cab5ba7ad5,5,4,23,47,94,21.872,22.0,20.0,23.0,10,True,1.0,19,True,1.0,29,False,0.0,True
motif_b37ecaf5b25bba35,5,4,23,47,94,21.94,22.0,20.0,23.0,10,True,1.0,19,True,0.998,29,False,0.0,True
motif_db3614fd20563588,5,4,23,47,94,21.978,22.0,20.0,23.0,10,True,1.0,19,True,1.0,29,False,0.0,True
motif_eb030d5e67232bce,5,4,23,47,94,21.942,22.0,20.0,23.0,10,True,1.0,19,True,1.0,29,False,0.0,True
motif_1681ae0e2b76586f,5,5,23,47,94,21.968,22.0,20.0,23.0,10,True,1.0,19,True,1.0,29,False,0.0,True
motif_22c34d8dbb9b8983,5,5,23,47,94,21.87,22.0,20.0,23.0,10,True,1.0,19,True,1.0,29,False,0.0,True
motif_3a17b4ce682ce2b1,5,5,23,47,94,22.046,22.0,20.0,23.0,10,True,1.0,19,True,0.996,29,False,0.0,True
motif_8d6839eb022660a3,5,6,23,47,94,21.998,22.0,20.0,23.0,10,True,1.0,19,True,0.996,29,False,0.0,True
motif_1fe91a45ad633b8a,4,4,22,47,94,20.846,21.0,18.475,22.0,10,True,1.0,19,True,0.974,29,False,0.0,True
motif_acb44744b5c13899,4,4,22,47,94,20.868,21.0,19.0,22.0,10,True,1.0,19,True,0.984,29,False,0.0,True
motif_dfcab8382e621753,4,4,22,47,94,20.794,21.0,18.0,22.0,10,True,1.0,19,True,0.968,29,False,0.0,True
motif_0dd4e2d3dd505b69,4,5,22,47,94,20.742,21.0,18.0,22.0,10,True,1.0,19,True,0.966,29,False,0.0,True
motif_96ca5d9e76d59355,5,4,22,47,94,20.534,21.0,18.0,22.0,10,True,1.0,19,True,0.954,29,False,0.0,True
motif_9ac79cbea8a03df2,5,4,22,47,94,21.044,21.0,19.0,22.0,10,True,1.0,19,True,0.988,29,False,0.0,True
motif_c8187ca9fadf7006,5,4,22,47,94,20.986,21.0,19.0,22.0,10,True,1.0,19,True,0.99,29,False,0.0,True
motif_cce66e271e34786b,5,4,22,47,94,20.934,21.0,19.0,22.0,10,True,1.0,19,True,0.984,29,False,0.0,True
motif_d678613ad78fd8b5,5,4,22,47,94,20.794,21.0,18.0,22.0,10,True,1.0,19,True,0.97,29,False,0.0,True
motif_e897bd616681fc9e,5,4,22,47,94,20.708,21.0,18.0,22.0,10,True,1.0,19,True,0.952,29,False,0.0,True
motif_ecfe11186116dda0,5,4,22,47,94,20.62,21.0,18.0,22.0,10,True,1.0,19,True,0.952,29,False,0.0,True
motif_117ce0c6871a8986,5,5,22,47,94,20.582,21.0,18.0,22.0,10,True,1.0,19,True,0.956,29,False,0.0,True
motif_4105c9e59ebee4e9,5,5,22,47,94,20.716,21.0,18.0,22.0,10,True,1.0,19,True,0.962,29,False,0.0,True
motif_43d3e6a7657c3f65,5,5,22,47,94,20.802,21.0,18.0,22.0,10,True,1.0,19,True,0.972,29,False,0.0,True
motif_64f1a25c5b185955,5,5,22,47,94,20.74,21.0,19.0,22.0,10,True,1.0,19,True,0.98,29,False,0.0,True
motif_755161c6993a890a,5,5,22,47,94,20.924,21.0,19.0,22.0,10,True,1.0,19,True,0.984,29,False,0.0,True
motif_aebb239dc237d823,5,5,22,47,94,20.836,21.0,19.0,22.0,10,True,1.0,19,True,0.984,29,False,0.0,True
motif_b943d51a3cad6ccb,5,5,22,47,94,20.706,21.0,18.0,22.0,10,True,1.0,19,True,0.962,29,False,0.0,True
motif_d7a3643ee9889ee9,5,5,22,47,94,21.044,21.0,19.0,22.0,10,True,1.0,19,True,0.988,29,False,0.0,True
motif_fd5604ec6f39b5d9,5,5,22,47,94,20.726,21.0,18.0,22.0,10,True,1.0,19,True,0.964,29,False,0.0,True
motif_dfad82cf69cd5d21,5,6,22,47,94,20.664,21.0,18.0,22.0,10,True,1.0,19,True,0.96,29,False,0.0,True
motif_f15c0176afdf4707,4,3,21,47,94,19.478,20.0,17.0,21.0,10,True,1.0,19,True,0.802,29,False,0.0,True
motif_b2134e3ae1086107,4,4,21,47,94,19.684,20.0,17.0,21.0,10,True,1.0,19,True,0.862,29,False,0.0,True
motif_bd370b73f6308ca4,4,4,21,47,94,19.908,20.0,18.0,21.0,10,True,1.0,19,True,0.916,29,False,0.0,True
motif_43a7c652c5ba4862,4,5,21,47,94,19.758,20.0,18.0,21.0,10,True,1.0,19,True,0.88,29,False,0.0,True
motif_561797d764dd3072,4,5,21,47,94,19.844,20.0,18.0,21.0,10,True,1.0,19,True,0.898,29,False,0.0,True
motif_64e9b535d46d64dd,4,6,21,47,94,19.708,20.0,17.0,21.0,10,True,1.0,19,True,0.868,29,False,0.0,True
motif_6b99f87c7a88300a,5,4,21,47,94,19.858,20.0,18.0,21.0,10,True,1.0,19,True,0.9,29,False,0.0,True
motif_756512b4fa9723fa,5,4,21,47,94,20.092,20.0,18.0,21.0,10,True,1.0,19,True,0.946,29,False,0.0,True
motif_8b4b2fe1bc4dac47,5,4,21,47,94,19.168,19.0,16.0,21.0,10,True,1.0,19,True,0.742,29,False,0.0,True
motif_91dd0c300eec0e6a,5,4,21,47,94,19.63,20.0,17.0,21.0,10,True,1.0,19,True,0.844,29,False,0.0,True
motif_9e3f191e99760e38,5,4,21,47,94,19.476,20.0,17.0,21.0,10,True,1.0,19,True,0.8,29,False,0.0,True
motif_de75556f4a6d0d32,5,4,21,47,94,19.788,20.0,17.0,21.0,10,True,1.0,19,True,0.894,29,False,0.0,True
motif_f2b1e51d13a5dd59,5,4,21,47,94,20.14,20.0,18.0,21.0,10,True,1.0,19,True,0.946,29,False,0.0,True
motif_f7cc5c20fba39429,5,4,21,47,94,19.938,20.0,18.0,21.0,10,True,1.0,19,True,0.922,29,False,0.0,True
motif_fd643b6352520f0a,5,4,21,47,94,20.198,20.0,18.0,21.0,10,True,1.0,19,True,0.96,29,False,0.0,True
motif_435f8c9612b8295a,5,5,21,47,94,19.502,20.0,17.0,21.0,10,True,1.0,19,True,0.818,29,False,0.0,True
motif_4cddcff2e83d0e6e,5,5,21,47,94,19.83,20.0,18.0,21.0,10,True,1.0,19,True,0.9,29,False,0.0,True
motif_50b72c034294f2b7,5,5,21,47,94,20.088,20.0,18.0,21.0,10,True,1.0,19,True,0.946,29,False,0.0,True
motif_be9378f64da8d7b5,5,5,21,47,94,19.616,20.0,17.0,21.0,10,True,1.0,19,True,0.85,29,False,0.0,True
motif_bf4ee698a85dda5c,5,5,21,47,94,19.928,20.0,18.0,21.0,10,True,1.0,19,True,0.92,29,False,0.0,True
motif_ff504e978e810527,5,5,21,47,94,19.808,20.0,18.0,21.0,10,True,1.0,19,True,0.896,29,False,0.0,True
motif_31b8f3aa403ee8c6,5,6,21,47,94,19.766,20.0,18.0,21.0,10,True,1.0,19,True,0.88,29,False,0.0,True
motif_986ec0f4f4126cc8,5,6,21,47,94,19.67,20.0,17.0,21.0,10,True,1.0,19,True,0.864,29,False,0.0,True
motif_be307ea30f83fb0c,5,6,21,47,94,19.68,20.0,17.0,21.0,10,True,1.0,19,True,0.86,29,False,0.0,True
motif_3a1d9a86aeb5f4f8,5,7,21,47,94,19.63,20.0,17.0,21.0,10,True,1.0,19,True,0.846,29,False,0.0,True
motif_05f070b10dcbe41e,4,3,20,47,94,18.804,19.0,16.0,20.0,10,True,1.0,19,True,0.662,29,False,0.0,True
motif_4cb433188dfc828f,4,3,20,47,94,18.77,19.0,17.0,20.0,10,True,1.0,19,True,0.64,29,False,0.0,True
motif_8eae1a827fa96a7e,4,4,20,47,94,18.704,19.0,17.0,20.0,10,True,1.0,19,True,0.612,29,False,0.0,True
motif_4070e95c02ddad03,5,4,20,47,94,18.768,19.0,16.0,20.0,10,True,1.0,19,True,0.646,29,False,0.0,True
motif_915459203636bcf0,5,4,20,47,94,18.77,19.0,17.0,20.0,10,True,1.0,19,True,0.64,29,False,0.0,True
motif_987d863e22801283,5,4,20,47,94,18.648,19.0,16.0,20.0,10,True,1.0,19,True,0.612,29,False,0.0,True
motif_23cc6162d1915ee1,5,5,20,47,94,18.704,19.0,17.0,20.0,10,True,1.0,19,True,0.612,29,False,0.0,True
motif_2f6cad489931cdf0,5,5,20,47,94,18.834,19.0,16.0,20.0,10,True,1.0,19,True,0.68,29,False,0.0,True
motif_817c90b1554ba0f0,5,5,20,47,94,18.654,19.0,16.475,20.0,10,True,1.0,19,True,0.594,29,False,0.0,True
motif_c0283d0dd0a2df5e,5,5,20,47,94,18.84,19.0,16.0,20.0,10,True,1.0,19,True,0.678,29,False,0.0,True
motif_ecb1c7bc59bf9182,5,5,20,47,94,18.794,19.0,16.0,20.0,10,True,1.0,19,True,0.66,29,False,0.0,True
motif_21aaa6da34876534,5,6,20,47,94,18.8,19.0,16.0,20.0,10,True,1.0,19,True,0.664,29,False,0.0,True
motif_a2c157ac518ee3be,5,6,20,47,94,18.59,19.0,16.0,20.0,10,True,1.0,19,True,0.574,29,False,0.0,True
motif_a51efb246032f35d,3,2,19,47,94,18.08,18.0,16.0,19.0,10,True,1.0,19,True,0.386,29,False,0.0,True
motif_27d0f2ddf19119ae,4,3,19,47,94,18.07,18.0,16.0,19.0,10,True,1.0,19,True,0.358,29,False,0.0,True
motif_386af288f6bc33e7,4,3,19,47,94,17.97,18.0,16.0,19.0,10,True,1.0,19,True,0.344,29,False,0.0,True
motif_51687645c020d39b,4,3,19,47,94,18.08,18.0,16.0,19.0,10,True,1.0,19,True,0.386,29,False,0.0,True
motif_552754589ce397ca,4,3,19,47,94,18.176,18.0,17.0,19.0,10,True,1.0,19,True,0.402,29,False,0.0,True
motif_eed2570155f0d8ca,4,3,19,47,94,18.056,18.0,16.0,19.0,10,True,1.0,19,True,0.392,29,False,0.0,True
motif_1bdf46431e951ea7,4,4,19,47,94,17.984,18.0,16.0,19.0,10,True,1.0,19,True,0.32,29,False,0.0,True
motif_93b19383de3aeaeb,4,4,19,47,94,18.0,18.0,16.0,19.0,10,True,1.0,19,True,0.364,29,False,0.0,True
motif_163d77e74764a311,5,4,19,47,94,17.77,18.0,16.0,19.0,10,True,1.0,19,True,0.26,29,False,0.0,True
motif_1ee766cd045d008b,5,4,19,47,94,17.954,18.0,16.0,19.0,10,True,1.0,19,True,0.348,29,False,0.0,True
motif_218d3fe939fce32f,5,4,19,47,94,18.054,18.0,16.0,19.0,10,True,1.0,19,True,0.39,29,False,0.0,True
motif_40fb75c9b40ab08f,5,4,19,47,94,18.038,18.0,16.0,19.0,10,True,1.0,19,True,0.35,29,False,0.0,True
motif_41a3669f830877a0,5,4,19,47,94,17.836,18.0,15.475000000000001,19.0,10,True,1.0,19,True,0.31,29,False,0.0,True
motif_76777e96d0813e38,5,4,19,47,94,17.97,18.0,16.0,19.0,10,True,1.0,19,True,0.344,29,False,0.0,True
motif_a0be1cf96934a506,5,4,19,47,94,17.838,18.0,16.0,19.0,10,True,1.0,19,True,0.292,29,False,0.0,True
motif_cb36a7f38fcceac4,5,4,19,47,94,18.142,18.0,16.475,19.0,10,True,1.0,19,True,0.386,29,False,0.0,True
motif_fba9e661c7a0ef63,5,4,19,47,94,17.554,18.0,15.0,19.0,10,True,1.0,19,True,0.218,29,False,0.0,True
motif_00e7451086a38d80,5,5,19,47,94,17.998,18.0,16.0,19.0,10,True,1.0,19,True,0.362,29,False,0.0,True
motif_1cfc59c930135712,5,5,19,47,94,18.052,18.0,16.0,19.0,10,True,1.0,19,True,0.368,29,False,0.0,True
motif_53c16c417891981b,5,5,19,47,94,17.952,18.0,16.0,19.0,10,True,1.0,19,True,0.312,29,False,0.0,True
motif_67f890c9aaf1afb3,5,5,19,47,94,17.986,18.0,16.0,19.0,10,True,1.0,19,True,0.326,29,False,0.0,True
motif_849b9f981358deed,5,5,19,47,94,17.906,18.0,16.0,19.0,10,True,1.0,19,True,0.324,29,False,0.0,True
motif_948576f4e777ae04,5,5,19,47,94,17.78,18.0,15.0,19.0,10,True,1.0,19,True,0.282,29,False,0.0,True
motif_af15f6193d606e4e,5,5,19,47,94,17.848,18.0,16.0,19.0,10,True,1.0,19,True,0.298,29,False,0.0,True
motif_f3d8d555b798c814,5,5,19,47,94,17.714,18.0,16.0,19.0,10,True,1.0,19,True,0.244,29,False,0.0,True
motif_21f073533e4c17fc,5,6,19,47,94,17.806,18.0,16.0,19.0,10,True,1.0,19,True,0.282,29,False,0.0,True
motif_a1e996ad2b5dec2f,5,6,19,47,94,18.052,18.0,16.0,19.0,10,True,1.0,19,True,0.368,29,False,0.0,True
motif_cfd1705d4a75fb9e,5,6,19,47,94,17.814,18.0,16.0,19.0,10,True,1.0,19,True,0.28,29,False,0.0,True
motif_efa8d0c48c92575e,5,7,19,47,94,17.774,18.0,16.0,19.0,10,True,1.0,19,True,0.266,29,False,0.0,True
motif_88cfe92387204dc8,4,4,18,47,94,17.07,17.0,15.0,18.0,10,True,1.0,19,False,0.0,29,False,0.0,False
motif_9491a0dd792f0196,4,5,18,47,94,17.068,17.0,15.0,18.0,10,True,1.0,19,False,0.0,29,False,0.0,False
motif_0eea7689c5f70452,5,4,18,47,94,17.018,17.0,15.0,18.0,10,True,1.0,19,False,0.0,29,False,0.0,False
motif_19b146aa052965d1,5,4,18,47,94,16.9,17.0,15.0,18.0,10,True,1.0,19,False,0.0,29,False,0.0,False
motif_1e99c7056c3cd49d,5,4,18,47,94,16.376,17.0,14.0,18.0,10,True,1.0,19,False,0.0,29,False,0.0,False
motif_267c02faf2d907f0,5,4,18,47,94,16.958,17.0,15.0,18.0,10,True,1.0,19,False,0.0,29,False,0.0,False
motif_78ab9ca892e33873,5,4,18,47,94,16.768,17.0,15.0,18.0,10,True,1.0,19,False,0.0,29,False,0.0,False
motif_8e4b50e6b9c5c33b,5,4,18,47,94,17.034,17.0,15.0,18.0,10,True,1.0,19,False,0.0,29,False,0.0,False
motif_99e8c843de8d882e,5,4,18,47,94,17.0,17.0,15.0,18.0,10,True,1.0,19,False,0.0,29,False,0.0,False
motif_a1ae62206b8ba733,5,4,18,47,94,17.106,17.0,15.0,18.0,10,True,1.0,19,False,0.0,29,False,0.0,False
motif_e3de499b71f201eb,5,4,18,47,94,16.592,17.0,14.0,18.0,10,True,1.0,19,False,0.0,29,False,0.0,False
motif_fb2720f36e825503,5,4,18,47,94,16.918,17.0,15.0,18.0,10,True,1.0,19,False,0.0,29,False,0.0,False
motif_fcb2309a55e1c264,5,4,18,47,94,16.912,17.0,15.0,18.0,10,True,1.0,19,False,0.0,29,False,0.0,False
motif_2df1fc468997b780,5,5,18,47,94,16.152,16.0,13.0,18.0,10,True,1.0,19,False,0.0,29,False,0.0,False
motif_3e45758c870619f1,5,5,18,47,94,17.042,17.0,15.0,18.0,10,True,1.0,19,False,0.0,29,False,0.0,False
motif_4ab9c1124d55c11e,5,5,18,47,94,16.842,17.0,15.0,18.0,10,True,1.0,19,False,0.0,29,False,0.0,False
motif_4d8abc0d6f5be753,5,5,18,47,94,17.104,17.0,15.0,18.0,10,True,1.0,19,False,0.0,29,False,0.0,False
motif_5356ddb63baeb1a0,5,5,18,47,94,16.896,17.0,15.0,18.0,10,True,1.0,19,False,0.0,29,False,0.0,False
motif_5b005ebf29769484,5,5,18,47,94,16.662,17.0,14.0,18.0,10,True,1.0,19,False,0.0,29,False,0.0,False
motif_8b2b32ac1e312975,5,5,18,47,94,16.778,17.0,15.0,18.0,10,True,1.0,19,False,0.0,29,False,0.0,False
motif_8d40f48fcb3125a8,5,5,18,47,94,16.908,17.0,15.0,18.0,10,True,1.0,19,False,0.0,29,False,0.0,False
motif_942eea161cd3e9b4,5,5,18,47,94,16.978,17.0,15.0,18.0,10,True,1.0,19,False,0.0,29,False,0.0,False
motif_9c0f066e204e2ae7,5,5,18,47,94,17.068,17.0,15.0,18.0,10,True,1.0,19,False,0.0,29,False,0.0,False
motif_b290b84d8c29a912,5,5,18,47,94,16.83,17.0,15.0,18.0,10,True,1.0,19,False,0.0,29,False,0.0,False
motif_b3ca1057bdd993aa,5,5,18,47,94,17.076,17.0,15.0,18.0,10,True,1.0,19,False,0.0,29,False,0.0,False
motif_ca4ca54bdbc7af3a,5,5,18,47,94,17.064,17.0,15.0,18.0,10,True,1.0,19,False,0.0,29,False,0.0,False
motif_e1f9610d351f3b68,5,5,18,47,94,16.59,17.0,14.0,18.0,10,True,1.0,19,False,0.0,29,False,0.0,False
motif_e7f8a2637fff03ac,5,5,18,47,94,16.94,17.0,15.0,18.0,10,True,1.0,19,False,0.0,29,False,0.0,False
motif_f8ae3e548d565a34,5,5,18,47,94,16.838,17.0,15.0,18.0,10,True,1.0,19,False,0.0,29,False,0.0,False
motif_2b09bdd59d8c5fd2,5,6,18,47,94,16.722,17.0,15.0,18.0,10,True,1.0,19,False,0.0,29,False,0.0,False
motif_6a76264f1b8e1022,5,6,18,47,94,17.074,17.0,15.0,18.0,10,True,1.0,19,False,0.0,29,False,0.0,False
motif_78b018ef1263d23e,5,6,18,47,94,17.066,17.0,15.0,18.0,10,True,1.0,19,False,0.0,29,False,0.0,False
motif_8e098a528736afc1,5,6,18,47,94,17.036,17.0,15.0,18.0,10,True,1.0,19,False,0.0,29,False,0.0,False
motif_aea54dd1d68d6aa1,5,6,18,47,94,16.894,17.0,15.0,18.0,10,True,1.0,19,False,0.0,29,False,0.0,False
motif_cec4c5befdad2280,5,6,18,47,94,16.892,17.0,15.0,18.0,10,True,1.0,19,False,0.0,29,False,0.0,False
motif_e33f6b854d961970,5,6,18,47,94,17.062,17.0,15.0,18.0,10,True,1.0,19,False,0.0,29,False,0.0,False
motif_fc46176829791ba1,5,6,18,47,94,17.04,17.0,15.0,18.0,10,True,1.0,19,False,0.0,29,False,0.0,False
motif_47dad5662122fb76,5,7,18,47,94,17.034,17.0,15.0,18.0,10,True,1.0,19,False,0.0,29,False,0.0,False
motif_8be70ed3d03cf36b,3,2,17,47,94,15.88,16.0,14.0,17.0,10,True,1.0,19,False,0.0,29,False,0.0,False
motif_14e98797f2dd5952,4,3,17,47,94,16.046,16.0,14.0,17.0,10,True,1.0,19,False,0.0,29,False,0.0,False
motif_f2e9ca5ad6516eb7,4,3,17,47,94,15.956,16.0,14.0,17.0,10,True,1.0,19,False,0.0,29,False,0.0,False
motif_0d549577edd9b883,4,4,17,47,94,16.046,16.0,14.0,17.0,10,True,1.0,19,False,0.0,29,False,0.0,False
motif_51fdda337b0e40f4,5,4,17,47,94,15.928,16.0,14.0,17.0,10,True,1.0,19,False,0.0,29,False,0.0,False
motif_52a0b2f4bbb23b94,5,4,17,47,94,15.844,16.0,14.0,17.0,10,True,1.0,19,False,0.0,29,False,0.0,False
motif_6d42bdbb4a71b8b3,5,4,17,47,94,15.822,16.0,13.0,17.0,10,True,1.0,19,False,0.0,29,False,0.0,False
motif_802a6c2d5883a39a,5,4,17,47,94,16.31,16.0,15.0,17.0,10,True,1.0,19,False,0.0,29,False,0.0,False
motif_8532d57fe6419cdc,5,4,17,47,94,15.956,16.0,14.0,17.0,10,True,1.0,19,False,0.0,29,False,0.0,False
motif_8ed81f4f7e46fc33,5,4,17,47,94,15.97,16.0,14.0,17.0,10,True,1.0,19,False,0.0,29,False,0.0,False
motif_96ecd619dc3c46a8,5,4,17,47,94,15.576,16.0,13.0,17.0,10,True,1.0,19,False,0.0,29,False,0.0,False
motif_9fd780027a6921f4,5,4,17,47,94,15.66,16.0,13.0,17.0,10,True,1.0,19,False,0.0,29,False,0.0,False
motif_c2fd866a78a4d483,5,4,17,47,94,15.856,16.0,14.0,17.0,10,True,1.0,19,False,0.0,29,False,0.0,False
motif_ceb401621b1b58f4,5,4,17,47,94,16.026,16.0,14.0,17.0,10,True,1.0,19,False,0.0,29,False,0.0,False
motif_d676c57c1d944424,5,4,17,47,94,16.234,16.0,14.475000000000001,17.0,10,True,1.0,19,False,0.0,29,False,0.0,False
motif_e9a1ec2826e19932,5,4,17,47,94,15.868,16.0,14.0,17.0,10,True,1.0,19,False,0.0,29,False,0.0,False
motif_0c99da1e241f58ee,5,5,17,47,94,16.182,16.0,14.0,17.0,10,True,1.0,19,False,0.0,29,False,0.0,False
motif_2864047416dce450,5,5,17,47,94,16.06,16.0,14.0,17.0,10,True,1.0,19,False,0.0,29,False,0.0,False
motif_7441d69f4a3677ba,5,5,17,47,94,15.568,16.0,13.0,17.0,10,True,1.0,19,False,0.0,29,False,0.0,False
motif_8233cd6d0c428f2e,5,5,17,47,94,16.096,16.0,14.0,17.0,10,True,1.0,19,False,0.0,29,False,0.0,False
motif_982005d603aa54fa,5,5,17,47,94,16.0,16.0,14.0,17.0,10,True,1.0,19,False,0.0,29,False,0.0,False
motif_a08abd313dd26450,5,5,17,47,94,15.844,16.0,14.0,17.0,10,True,1.0,19,False,0.0,29,False,0.0,False
motif_ae603c09fa29e0bd,5,5,17,47,94,15.97,16.0,14.0,17.0,10,True,1.0,19,False,0.0,29,False,0.0,False
motif_c8a09e1397dea443,5,5,17,47,94,15.822,16.0,14.0,17.0,10,True,1.0,19,False,0.0,29,False,0.0,False
motif_fed0cf2b822c7988,5,5,17,47,94,15.984,16.0,14.0,17.0,10,True,1.0,19,False,0.0,29,False,0.0,False
motif_19953f2a0ebbb76b,5,6,17,47,94,15.96,16.0,14.0,17.0,10,True,1.0,19,False,0.0,29,False,0.0,False
motif_19a8c435e078d3bf,5,6,17,47,94,16.058,16.0,14.0,17.0,10,True,1.0,19,False,0.0,29,False,0.0,False
motif_7559da31aa7a931b,5,6,17,47,94,16.054,16.0,14.0,17.0,10,True,1.0,19,False,0.0,29,False,0.0,False
motif_808c9822c2d6cf39,5,6,17,47,94,16.094,16.0,14.0,17.0,10,True,1.0,19,False,0.0,29,False,0.0,False
motif_9b5b464292c18af7,5,6,17,47,94,16.034,16.0,14.0,17.0,10,True,1.0,19,False,0.0,29,False,0.0,False
motif_b3476efa1e6cab24,5,6,17,47,94,16.068,16.0,14.0,17.0,10,True,1.0,19,False,0.0,29,False,0.0,False
motif_8ff5ace76cfeeabc,5,7,17,47,94,16.032,16.0,14.0,17.0,10,True,1.0,19,False,0.0,29,False,0.0,False
motif_b97df8977fb14b28,5,7,17,47,94,16.028,16.0,14.0,17.0,10,True,1.0,19,False,0.0,29,False,0.0,False
motif_c5044c45d3fbede6,5,7,17,47,94,16.066,16.0,14.0,17.0,10,True,1.0,19,False,0.0,29,False,0.0,False
motif_e837885bb041745f,5,7,17,47,94,16.052,16.0,14.0,17.0,10,True,1.0,19,False,0.0,29,False,0.0,False
motif_f5e0254eb233c8b3,5,8,17,47,94,16.026,16.0,14.0,17.0,10,True,1.0,19,False,0.0,29,False,0.0,False
motif_1b70672a0200c360,3,2,16,47,94,15.058,15.0,13.0,16.0,10,True,1.0,19,False,0.0,29,False,0.0,False
motif_3f700015cc320b9f,3,2,16,47,94,15.116,15.0,13.0,16.0,10,True,1.0,19,False,0.0,29,False,0.0,False
motif_a8d23c336bd382f7,3,2,16,47,94,15.084,15.0,13.0,16.0,10,True,1.0,19,False,0.0,29,False,0.0,False
motif_b34b1515d11dff2d,3,2,16,47,94,15.108,15.0,13.0,16.0,10,True,1.0,19,False,0.0,29,False,0.0,False
motif_4b05d4f2b5167865,4,3,16,47,94,14.794,15.0,13.0,16.0,10,True,1.0,19,False,0.0,29,False,0.0,False
motif_6ae867c41be1530a,4,3,16,47,94,15.08,15.0,13.0,16.0,10,True,1.0,19,False,0.0,29,False,0.0,False
motif_86d38c7c09294daf,4,3,16,47,94,14.834,15.0,13.0,16.0,10,True,1.0,19,False,0.0,29,False,0.0,False
motif_93fb0cdad507103e,4,3,16,47,94,14.914,15.0,13.0,16.0,10,True,1.0,19,False,0.0,29,False,0.0,False
motif_b0a4fb709e4b902d,4,3,16,47,94,15.208,15.0,13.0,16.0,10,True,1.0,19,False,0.0,29,False,0.0,False
motif_e914423a10596f14,4,3,16,47,94,14.784,15.0,13.0,16.0,10,True,1.0,19,False,0.0,29,False,0.0,False
motif_119901c82bb32e02,5,4,16,47,94,15.308,15.0,14.0,16.0,10,True,1.0,19,False,0.0,29,False,0.0,False
motif_2cc5efe0d3208595,5,4,16,47,94,15.274,15.0,13.475000000000001,16.0,10,True,1.0,19,False,0.0,29,False,0.0,False
motif_2f7f130e801e1694,5,4,16,47,94,15.244,15.0,13.475000000000001,16.0,10,True,1.0,19,False,0.0,29,False,0.0,False
motif_361d94e8355254fb,5,4,16,47,94,15.08,15.0,13.0,16.0,10,True,1.0,19,False,0.0,29,False,0.0,False
motif_61888c130d5d9ef6,5,4,16,47,94,14.96,15.0,13.0,16.0,10,True,1.0,19,False,0.0,29,False,0.0,False
motif_663ebbcf311ad7ef,5,4,16,47,94,14.884,15.0,13.0,16.0,10,True,1.0,19,False,0.0,29,False,0.0,False
motif_6dcdb3a82ba650fc,5,4,16,47,94,15.198,15.0,14.0,16.0,10,True,1.0,19,False,0.0,29,False,0.0,False
motif_a331fbe8eb8c5bf3,5,4,16,47,94,14.666,15.0,12.0,16.0,10,True,1.0,19,False,0.0,29,False,0.0,False
motif_a37d25618713175a,5,4,16,47,94,15.202,15.0,13.0,16.0,10,True,1.0,19,False,0.0,29,False,0.0,False
motif_cf9c9230b4395826,5,4,16,47,94,15.208,15.0,13.0,16.0,10,True,1.0,19,False,0.0,29,False,0.0,False
motif_d2d3941dc3dcdda6,5,4,16,47,94,14.994,15.0,13.0,16.0,10,True,1.0,19,False,0.0,29,False,0.0,False
motif_ed7fd1b0d342bae0,5,4,16,47,94,15.136,15.0,13.0,16.0,10,True,1.0,19,False,0.0,29,False,0.0,False
motif_74fdcb73cf700601,5,5,16,47,94,15.142,15.0,13.0,16.0,10,True,1.0,19,False,0.0,29,False,0.0,False
motif_79f2bdd8ef302047,5,5,16,47,94,15.198,15.0,14.0,16.0,10,True,1.0,19,False,0.0,29,False,0.0,False
motif_92891644fc009b21,5,5,16,47,94,15.094,15.0,13.0,16.0,10,True,1.0,19,False,0.0,29,False,0.0,False
motif_979bfd561a32d6ec,5,5,16,47,94,15.244,15.0,13.475000000000001,16.0,10,True,1.0,19,False,0.0,29,False,0.0,False
motif_a0be1267abde7bff,5,5,16,47,94,15.094,15.0,13.0,16.0,10,True,1.0,19,False,0.0,29,False,0.0,False
motif_b604acdcd89ca6ad,5,5,16,47,94,14.82,15.0,13.0,16.0,10,True,1.0,19,False,0.0,29,False,0.0,False
motif_c276fb95f931537d,5,5,16,47,94,15.152,15.0,13.0,16.0,10,True,1.0,19,False,0.0,29,False,0.0,False
motif_df6253b66cf8092b,5,5,16,47,94,15.19,15.0,13.0,16.0,10,True,1.0,19,False,0.0,29,False,0.0,False
motif_6a53ac480546d15f,5,6,16,47,94,15.008,15.0,13.0,16.0,10,True,1.0,19,False,0.0,29,False,0.0,False
motif_732d88786176d94a,5,6,16,47,94,15.142,15.0,13.0,16.0,10,True,1.0,19,False,0.0,29,False,0.0,False
motif_e72f4a6e150dd905,5,6,16,47,94,15.044,15.0,13.0,16.0,10,True,1.0,19,False,0.0,29,False,0.0,False
motif_f1854ccfa9a70eef,5,6,16,47,94,15.052,15.0,13.0,16.0,10,True,1.0,19,False,0.0,29,False,0.0,False
motif_dc489e744aae719a,5,7,16,47,94,14.968,15.0,13.0,16.0,10,True,1.0,19,False,0.0,29,False,0.0,False
motif_a43b28fd352c3ebd,3,2,15,47,94,14.336,14.0,13.0,15.0,10,True,1.0,19,False,0.0,29,False,0.0,False
motif_c89ddfa6cc6aab27,3,2,15,47,94,14.07,14.0,12.0,15.0,10,True,1.0,19,False,0.0,29,False,0.0,False
motif_d877fb80cd3afbbc,3,2,15,47,94,14.478,15.0,13.0,15.0,10,True,1.0,19,False,0.0,29,False,0.0,False
motif_719ac8b104bb9f5a,4,3,15,47,94,14.05,14.0,12.0,15.0,10,True,1.0,19,False,0.0,29,False,0.0,False
motif_85dc8a2a69a366ed,4,3,15,47,94,14.056,14.0,12.0,15.0,10,True,1.0,19,False,0.0,29,False,0.0,False
motif_1e62e7ab2de42a0c,5,4,15,47,94,13.814,14.0,12.0,15.0,10,True,1.0,19,False,0.0,29,False,0.0,False
motif_30eac748c9b6b6ad,5,4,15,47,94,14.08,14.0,12.0,15.0,10,True,1.0,19,False,0.0,29,False,0.0,False
motif_55659ce9ca8581e0,5,4,15,47,94,13.848,14.0,12.0,15.0,10,True,1.0,19,False,0.0,29,False,0.0,False
motif_7923ef18841b1d60,5,4,15,47,94,13.818,14.0,11.0,15.0,10,True,0.998,19,False,0.0,29,False,0.0,False
motif_99a961c31f3cb611,5,4,15,47,94,14.15,14.0,12.0,15.0,10,True,1.0,19,False,0.0,29,False,0.0,False
motif_bbce14c7c6af7723,5,4,15,47,94,14.156,14.0,12.0,15.0,10,True,1.0,19,False,0.0,29,False,0.0,False
motif_bd3e0e800b3d3ab6,5,4,15,47,94,13.938,14.0,12.0,15.0,10,True,1.0,19,False,0.0,29,False,0.0,False
motif_fd53f703a15f6171,5,4,15,47,94,13.916,14.0,12.0,15.0,10,True,1.0,19,False,0.0,29,False,0.0,False
motif_29492fa27ecc5e4c,5,5,15,47,94,13.938,14.0,12.0,15.0,10,True,1.0,19,False,0.0,29,False,0.0,False
motif_59930048cf08ed8a,3,2,14,47,94,13.216,13.0,11.0,14.0,10,True,0.998,19,False,0.0,29,False,0.0,False
motif_6c46ddfa2e3e805e,3,2,14,47,94,13.542,14.0,12.0,14.0,10,True,1.0,19,False,0.0,29,False,0.0,False
motif_85885a371198be0a,3,2,14,47,94,13.384,14.0,12.0,14.0,10,True,1.0,19,False,0.0,29,False,0.0,False
motif_cd9096506642a0a4,3,2,14,47,94,13.218,13.0,11.0,14.0,10,True,0.998,19,False,0.0,29,False,0.0,False
motif_f1a82655213bd83e,3,2,14,47,94,13.15,13.0,11.0,14.0,10,True,0.998,19,False,0.0,29,False,0.0,False
motif_57be78ca59a7740b,3,3,14,47,94,13.31,13.0,11.0,14.0,10,True,1.0,19,False,0.0,29,False,0.0,False
motif_ab6254b20120b056,3,3,14,47,94,13.134,13.0,11.0,14.0,10,True,0.998,19,False,0.0,29,False,0.0,False
motif_03ca9491450a65fe,4,3,14,47,94,13.126,13.0,11.0,14.0,10,True,0.998,19,False,0.0,29,False,0.0,False
motif_102c6e9d78ee3ec7,4,3,14,47,94,13.134,13.0,11.0,14.0,10,True,0.998,19,False,0.0,29,False,0.0,False
motif_1f6e0e453ce3f0b3,4,3,14,47,94,12.972,13.0,11.0,14.0,10,True,0.998,19,False,0.0,29,False,0.0,False
motif_20e58aec07c10b6e,4,3,14,47,94,13.292,13.0,11.0,14.0,10,True,1.0,19,False,0.0,29,False,0.0,False
motif_2c3a7d57f6c65cf3,4,3,14,47,94,13.066,13.0,11.0,14.0,10,True,0.998,19,False,0.0,29,False,0.0,False
motif_44f58845fafd1f04,4,3,14,47,94,13.488,14.0,12.0,14.0,10,True,1.0,19,False,0.0,29,False,0.0,False
motif_56117d7bc6505b15,4,3,14,47,94,13.04,13.0,11.0,14.0,10,True,0.996,19,False,0.0,29,False,0.0,False
motif_5a11e3588343dd34,4,3,14,47,94,13.126,13.0,11.0,14.0,10,True,1.0,19,False,0.0,29,False,0.0,False
motif_638b01422add1be9,4,3,14,47,94,13.222,13.0,11.0,14.0,10,True,1.0,19,False,0.0,29,False,0.0,False
motif_6d0715d010496bbd,4,3,14,47,94,13.334,13.0,12.0,14.0,10,True,1.0,19,False,0.0,29,False,0.0,False
motif_7bb0995b40596203,4,3,14,47,94,13.012,13.0,11.0,14.0,10,True,0.998,19,False,0.0,29,False,0.0,False
motif_941283ca50a50542,4,3,14,47,94,13.054,13.0,11.0,14.0,10,True,0.998,19,False,0.0,29,False,0.0,False
motif_9661aa1993d88851,4,3,14,47,94,13.19,13.0,11.0,14.0,10,True,0.998,19,False,0.0,29,False,0.0,False
motif_a84108f15ce496ab,4,3,14,47,94,12.998,13.0,11.0,14.0,10,True,0.998,19,False,0.0,29,False,0.0,False
motif_be16fa98f74de416,4,3,14,47,94,13.514,14.0,12.0,14.0,10,True,1.0,19,False,0.0,29,False,0.0,False
motif_daaa1c17175d12b5,4,3,14,47,94,13.242,13.0,11.0,14.0,10,True,1.0,19,False,0.0,29,False,0.0,False
motif_df714eee2f850410,4,3,14,47,94,13.2,13.0,11.0,14.0,10,True,0.998,19,False,0.0,29,False,0.0,False
motif_f861045217cafed5,4,3,14,47,94,13.192,13.0,11.0,14.0,10,True,0.998,19,False,0.0,29,False,0.0,False
motif_302ce535f63e4a71,4,4,14,47,94,12.918,13.0,11.0,14.0,10,True,0.998,19,False,0.0,29,False,0.0,False
motif_30fd9f48f03f7c74,4,4,14,47,94,13.11,13.0,11.0,14.0,10,True,0.998,19,False,0.0,29,False,0.0,False
motif_32ad1c23f2ae591a,4,4,14,47,94,13.118,13.0,11.0,14.0,10,True,0.998,19,False,0.0,29,False,0.0,False
motif_8b97c1bed618017d,4,4,14,47,94,13.174,13.0,11.0,14.0,10,True,0.998,19,False,0.0,29,False,0.0,False
motif_f4ce7d24158f3adb,4,4,14,47,94,13.11,13.0,11.0,14.0,10,True,0.998,19,False,0.0,29,False,0.0,False
motif_f8ba0793a21c1310,4,4,14,47,94,12.984,13.0,11.0,14.0,10,True,0.996,19,False,0.0,29,False,0.0,False
motif_6e730615c688e1f6,4,5,14,47,94,13.094,13.0,11.0,14.0,10,True,0.998,19,False,0.0,29,False,0.0,False
motif_0736999767f979b8,5,4,14,47,94,12.954,13.0,11.0,14.0,10,True,0.998,19,False,0.0,29,False,0.0,False
motif_0a54b8cc99574e71,5,4,14,47,94,12.94,13.0,11.0,14.0,10,True,0.998,19,False,0.0,29,False,0.0,False
motif_0db918ee954bf825,5,4,14,47,94,12.946,13.0,11.0,14.0,10,True,0.998,19,False,0.0,29,False,0.0,False
motif_409458ebc84003c3,5,4,14,47,94,12.876,13.0,11.0,14.0,10,True,0.996,19,False,0.0,29,False,0.0,False
motif_4bf17d16162319a7,5,4,14,47,94,12.908,13.0,11.0,14.0,10,True,1.0,19,False,0.0,29,False,0.0,False
motif_4f96fec7de252336,5,4,14,47,94,13.14,13.0,11.0,14.0,10,True,1.0,19,False,0.0,29,False,0.0,False
motif_796bc0904ca42936,5,4,14,47,94,12.922,13.0,11.0,14.0,10,True,0.998,19,False,0.0,29,False,0.0,False
motif_860e111160559f4a,5,4,14,47,94,13.162,13.0,11.0,14.0,10,True,0.998,19,False,0.0,29,False,0.0,False
motif_99183ecf8ee38281,5,4,14,47,94,13.244,13.0,11.0,14.0,10,True,1.0,19,False,0.0,29,False,0.0,False
motif_9e365847eeb5773b,5,4,14,47,94,12.974,13.0,11.0,14.0,10,True,1.0,19,False,0.0,29,False,0.0,False
motif_9ffcf9a61af78c23,5,4,14,47,94,13.242,13.0,11.0,14.0,10,True,1.0,19,False,0.0,29,False,0.0,False
motif_a5066e794d4e1251,5,4,14,47,94,13.098,13.0,11.0,14.0,10,True,0.998,19,False,0.0,29,False,0.0,False
motif_b19a02a5331c56cc,5,4,14,47,94,13.21,13.0,11.0,14.0,10,True,1.0,19,False,0.0,29,False,0.0,False
motif_d664828ab1d1af28,5,4,14,47,94,12.83,13.0,11.0,14.0,10,True,0.998,19,False,0.0,29,False,0.0,False
motif_e443575d63a2a94c,5,4,14,47,94,12.844,13.0,11.0,14.0,10,True,0.998,19,False,0.0,29,False,0.0,False
motif_e4e4f0c2ae14f178,5,4,14,47,94,12.888,13.0,11.0,14.0,10,True,0.998,19,False,0.0,29,False,0.0,False
motif_eff93837e7c7eb57,5,4,14,47,94,12.996,13.0,11.0,14.0,10,True,0.996,19,False,0.0,29,False,0.0,False
motif_f1f9f857e53462dc,5,4,14,47,94,12.888,13.0,11.0,14.0,10,True,0.998,19,False,0.0,29,False,0.0,False
motif_0844c6f2655498c6,5,5,14,47,94,13.244,13.0,11.0,14.0,10,True,1.0,19,False,0.0,29,False,0.0,False
motif_21ec8f8c9d580077,5,5,14,47,94,13.168,13.0,11.0,14.0,10,True,1.0,19,False,0.0,29,False,0.0,False
motif_28de9d82bd181d49,5,5,14,47,94,13.094,13.0,11.0,14.0,10,True,1.0,19,False,0.0,29,False,0.0,False
motif_31a48e12b639f442,5,5,14,47,94,12.864,13.0,11.0,14.0,10,True,0.996,19,False,0.0,29,False,0.0,False
motif_65ff610866fe59e4,5,5,14,47,94,13.208,13.0,11.0,14.0,10,True,1.0,19,False,0.0,29,False,0.0,False
motif_814b502b446fbc42,5,5,14,47,94,13.098,13.0,11.0,14.0,10,True,0.998,19,False,0.0,29,False,0.0,False
motif_9291f5dec38604a8,5,5,14,47,94,12.908,13.0,11.0,14.0,10,True,0.994,19,False,0.0,29,False,0.0,False
motif_a79f126286cb40ad,5,5,14,47,94,12.76,13.0,10.0,14.0,10,True,0.998,19,False,0.0,29,False,0.0,False
motif_bba5ef19a6743b98,5,5,14,47,94,12.824,13.0,10.0,14.0,10,True,1.0,19,False,0.0,29,False,0.0,False
motif_bee86fa03871dbfd,5,5,14,47,94,12.754,13.0,11.0,14.0,10,True,0.998,19,False,0.0,29,False,0.0,False
motif_d53e2a3c15630bbd,5,5,14,47,94,12.658,13.0,10.0,14.0,10,True,0.994,19,False,0.0,29,False,0.0,False
motif_e0f4385c101dd6e6,5,5,14,47,94,12.984,13.0,11.0,14.0,10,True,0.996,19,False,0.0,29,False,0.0,False
motif_f2661d2b5855f782,5,5,14,47,94,12.86,13.0,11.0,14.0,10,True,0.996,19,False,0.0,29,False,0.0,False
motif_f9442f72604ce930,5,5,14,47,94,12.928,13.0,11.0,14.0,10,True,0.998,19,False,0.0,29,False,0.0,False
motif_fb6b569578a347eb,5,5,14,47,94,12.872,13.0,11.0,14.0,10,True,0.998,19,False,0.0,29,False,0.0,False
motif_5677d361d746bb2f,5,6,14,47,94,13.166,13.0,11.0,14.0,10,True,1.0,19,False,0.0,29,False,0.0,False
motif_5e93359d0e369559,5,6,14,47,94,12.848,13.0,11.0,14.0,10,True,0.996,19,False,0.0,29,False,0.0,False
motif_a9597247d36af917,5,6,14,47,94,12.59,13.0,10.0,14.0,10,True,0.994,19,False,0.0,29,False,0.0,False
motif_55204e66349552de,3,2,13,47,94,12.236,12.0,10.0,13.0,10,True,0.99,19,False,0.0,29,False,0.0,False
motif_09cbb4fdf9ec0935,4,3,13,47,94,11.996,12.0,10.0,13.0,10,True,0.984,19,False,0.0,29,False,0.0,False
motif_5373d5c77d75d134,4,3,13,47,94,11.774,12.0,10.0,13.0,10,True,0.976,19,False,0.0,29,False,0.0,False
motif_5726b96f5e04302f,4,3,13,47,94,12.408,13.0,11.0,13.0,10,True,1.0,19,False,0.0,29,False,0.0,False
motif_61dbbbd9a68fd124,4,3,13,47,94,12.212,12.0,10.0,13.0,10,True,0.992,19,False,0.0,29,False,0.0,False
motif_974f3af55abda56b,4,3,13,47,94,12.504,13.0,11.0,13.0,10,True,1.0,19,False,0.0,29,False,0.0,False
motif_a30e4d93bac8c72d,4,3,13,47,94,12.418,13.0,11.0,13.0,10,True,1.0,19,False,0.0,29,False,0.0,False
motif_a6686b16eb16c8f5,4,3,13,47,94,12.22,12.0,10.0,13.0,10,True,0.99,19,False,0.0,29,False,0.0,False
motif_b8b9a74d34ecbd56,4,3,13,47,94,12.074,12.0,10.0,13.0,10,True,0.988,19,False,0.0,29,False,0.0,False
motif_c91ab3029e8c5019,4,3,13,47,94,12.208,12.0,10.0,13.0,10,True,0.996,19,False,0.0,29,False,0.0,False
motif_e80f1384a255b464,4,3,13,47,94,12.22,12.0,10.0,13.0,10,True,0.99,19,False,0.0,29,False,0.0,False
motif_eb965207c9151610,4,3,13,47,94,12.22,12.0,10.0,13.0,10,True,0.99,19,False,0.0,29,False,0.0,False
motif_35b25ff849cedddd,4,4,13,47,94,11.696,12.0,9.0,13.0,10,True,0.962,19,False,0.0,29,False,0.0,False
motif_40f115386ad69003,4,4,13,47,94,12.396,13.0,11.0,13.0,10,True,1.0,19,False,0.0,29,False,0.0,False
motif_64488d3121115cd6,4,4,13,47,94,12.206,12.0,10.0,13.0,10,True,0.99,19,False,0.0,29,False,0.0,False
motif_9adc1169610fc2b6,4,4,13,47,94,12.314,12.0,10.0,13.0,10,True,0.998,19,False,0.0,29,False,0.0,False
motif_a9c4bcb9b3dd8ec6,4,4,13,47,94,12.192,12.0,10.0,13.0,10,True,0.992,19,False,0.0,29,False,0.0,False
motif_011a38a32de3b7dd,5,4,13,47,94,12.12,12.0,10.0,13.0,10,True,0.99,19,False,0.0,29,False,0.0,False
motif_1abbe9e8641d1ec1,5,4,13,47,94,11.952,12.0,10.0,13.0,10,True,0.986,19,False,0.0,29,False,0.0,False
motif_2438fa77cf88e1ce,5,4,13,47,94,12.128,12.0,10.0,13.0,10,True,0.99,19,False,0.0,29,False,0.0,False
motif_28829b66a849d9fa,5,4,13,47,94,11.974,12.0,10.0,13.0,10,True,0.986,19,False,0.0,29,False,0.0,False
motif_2ea327f21ddaaa54,5,4,13,47,94,12.204,12.0,10.0,13.0,10,True,0.99,19,False,0.0,29,False,0.0,False
motif_3506c47e56bf068a,5,4,13,47,94,12.082,12.0,10.0,13.0,10,True,0.996,19,False,0.0,29,False,0.0,False
motif_4ae20a2381227a75,5,4,13,47,94,12.326,13.0,10.0,13.0,10,True,0.998,19,False,0.0,29,False,0.0,False
motif_54242edadc447171,5,4,13,47,94,12.194,12.0,10.0,13.0,10,True,0.99,19,False,0.0,29,False,0.0,False
motif_56e99004e75a0653,5,4,13,47,94,12.424,13.0,11.0,13.0,10,True,1.0,19,False,0.0,29,False,0.0,False
motif_5ad27ac7e27a06eb,5,4,13,47,94,12.196,12.0,10.0,13.0,10,True,0.99,19,False,0.0,29,False,0.0,False
motif_5f4182e9115c8239,5,4,13,47,94,12.184,12.0,10.0,13.0,10,True,0.992,19,False,0.0,29,False,0.0,False
motif_5ffcfcca1c5c912f,5,4,13,47,94,12.262,12.0,11.0,13.0,10,True,0.998,19,False,0.0,29,False,0.0,False
motif_67064ea6781f33f6,5,4,13,47,94,12.194,12.0,10.0,13.0,10,True,0.99,19,False,0.0,29,False,0.0,False
motif_6b9f4654fad9bc4b,5,4,13,47,94,11.774,12.0,10.0,13.0,10,True,0.976,19,False,0.0,29,False,0.0,False
motif_6bb58696134f3153,5,4,13,47,94,12.454,13.0,11.0,13.0,10,True,1.0,19,False,0.0,29,False,0.0,False
motif_6cd82b6d43c8255f,5,4,13,47,94,12.368,13.0,11.0,13.0,10,True,1.0,19,False,0.0,29,False,0.0,False
motif_6f98dc882221bf18,5,4,13,47,94,11.592,12.0,9.0,13.0,10,True,0.968,19,False,0.0,29,False,0.0,False
motif_70d5ba2e015f9d9a,5,4,13,47,94,12.194,12.0,10.0,13.0,10,True,0.992,19,False,0.0,29,False,0.0,False
motif_78cf643a53963302,5,4,13,47,94,12.136,12.0,10.0,13.0,10,True,0.986,19,False,0.0,29,False,0.0,False
motif_81ef6862ac931678,5,4,13,47,94,12.104,12.0,10.0,13.0,10,True,0.998,19,False,0.0,29,False,0.0,False
motif_8341e60317787269,5,4,13,47,94,11.916,12.0,10.0,13.0,10,True,0.982,19,False,0.0,29,False,0.0,False
motif_8fe255b7c26b3dcd,5,4,13,47,94,12.308,12.0,11.0,13.0,10,True,1.0,19,False,0.0,29,False,0.0,False
motif_9097e761cd3f6ab1,5,4,13,47,94,12.438,13.0,11.0,13.0,10,True,1.0,19,False,0.0,29,False,0.0,False
motif_94968d108ca92c97,5,4,13,47,94,11.966,12.0,10.0,13.0,10,True,0.984,19,False,0.0,29,False,0.0,False
motif_c933e865cb7dd1a6,5,4,13,47,94,12.118,12.0,10.0,13.0,10,True,0.996,19,False,0.0,29,False,0.0,False
motif_d900cb8df07bc59b,5,4,13,47,94,12.524,13.0,11.0,13.0,10,True,1.0,19,False,0.0,29,False,0.0,False
motif_d938e0d5596e37be,5,4,13,47,94,12.204,12.0,10.0,13.0,10,True,0.99,19,False,0.0,29,False,0.0,False
motif_e08df7b45c1551f1,5,4,13,47,94,11.89,12.0,10.0,13.0,10,True,0.978,19,False,0.0,29,False,0.0,False
motif_e802c45973b2f5f8,5,4,13,47,94,11.98,12.0,10.0,13.0,10,True,0.996,19,False,0.0,29,False,0.0,False
motif_f2b672fed13e5bf2,5,4,13,47,94,12.358,13.0,11.0,13.0,10,True,1.0,19,False,0.0,29,False,0.0,False
motif_fb2dbc03f16a2ede,5,4,13,47,94,12.342,12.0,11.0,13.0,10,True,1.0,19,False,0.0,29,False,0.0,False
motif_fd95d1d34b39c965,5,4,13,47,94,12.188,12.0,10.0,13.0,10,True,0.992,19,False,0.0,29,False,0.0,False
motif_111e68c3b12d536d,5,5,13,47,94,11.696,12.0,9.0,13.0,10,True,0.962,19,False,0.0,29,False,0.0,False
motif_399d0fcc049fe0cf,5,5,13,47,94,12.17,12.0,10.0,13.0,10,True,0.992,19,False,0.0,29,False,0.0,False
motif_5a73d6adb6f33a2c,5,5,13,47,94,12.18,12.0,10.0,13.0,10,True,0.99,19,False,0.0,29,False,0.0,False
motif_671a452650e51d91,5,5,13,47,94,12.346,12.0,11.0,13.0,10,True,1.0,19,False,0.0,29,False,0.0,False
motif_877c11f9632c41e7,5,5,13,47,94,12.33,12.0,11.0,13.0,10,True,1.0,19,False,0.0,29,False,0.0,False
motif_94540e1941e9921b,5,5,13,47,94,12.034,12.0,10.0,13.0,10,True,0.984,19,False,0.0,29,False,0.0,False
motif_96ff5708a621681b,5,5,13,47,94,11.972,12.0,10.0,13.0,10,True,0.996,19,False,0.0,29,False,0.0,False
motif_985b69febfb21c6b,5,5,13,47,94,12.182,12.0,10.0,13.0,10,True,0.99,19,False,0.0,29,False,0.0,False
motif_c4717a59730628ea,5,5,13,47,94,12.112,12.0,10.0,13.0,10,True,0.99,19,False,0.0,29,False,0.0,False
motif_c4f7f91aeda9000c,5,5,13,47,94,12.106,12.0,10.0,13.0,10,True,0.99,19,False,0.0,29,False,0.0,False
motif_d33defb4252b2274,5,5,13,47,94,12.118,12.0,10.0,13.0,10,True,0.988,19,False,0.0,29,False,0.0,False
motif_d7259ed8f7ca4c68,5,5,13,47,94,11.53,12.0,9.0,13.0,10,True,0.954,19,False,0.0,29,False,0.0,False
motif_f43670ad6edbad99,5,5,13,47,94,12.19,12.0,10.0,13.0,10,True,0.99,19,False,0.0,29,False,0.0,False
motif_f7a10d05ede59dd4,5,5,13,47,94,12.178,12.0,10.0,13.0,10,True,0.99,19,False,0.0,29,False,0.0,False
motif_fb737fa52b36dbc3,5,5,13,47,94,12.104,12.0,10.0,13.0,10,True,0.99,19,False,0.0,29,False,0.0,False
motif_73567f6e574b83af,5,6,13,47,94,11.99,12.0,10.0,13.0,10,True,0.982,19,False,0.0,29,False,0.0,False
motif_94ad76abc9083824,5,6,13,47,94,12.09,12.0,10.0,13.0,10,True,0.99,19,False,0.0,29,False,0.0,False
motif_dcb214ea95ad5257,5,6,13,47,94,12.166,12.0,10.0,13.0,10,True,0.99,19,False,0.0,29,False,0.0,False
motif_4f4a2ec11badf8fa,3,2,12,47,94,11.278,11.0,9.0,12.0,10,True,0.972,19,False,0.0,29,False,0.0,False
motif_f93a60ce0c6db0e5,3,2,12,47,94,11.298,11.0,10.0,12.0,10,True,0.978,19,False,0.0,29,False,0.0,False
motif_3486d9dc955392fb,4,3,12,47,94,11.134,11.0,9.0,12.0,10,True,0.954,19,False,0.0,29,False,0.0,False
motif_67eb1a300d203ccd,4,3,12,47,94,11.442,12.0,10.0,12.0,10,True,0.99,19,False,0.0,29,False,0.0,False
motif_700ceff50fa0e0f9,4,3,12,47,94,10.982,11.0,9.0,12.0,10,True,0.926,19,False,0.0,29,False,0.0,False
motif_7aae84218b572ff3,4,3,12,47,94,11.17,11.0,9.0,12.0,10,True,0.956,19,False,0.0,29,False,0.0,False
motif_83b41e1e6cbf411c,4,3,12,47,94,11.282,11.0,10.0,12.0,10,True,0.976,19,False,0.0,29,False,0.0,False
motif_993bc0c778627e70,4,3,12,47,94,11.23,11.0,9.0,12.0,10,True,0.964,19,False,0.0,29,False,0.0,False
motif_a287e6f85d6bd649,4,3,12,47,94,11.23,11.0,9.0,12.0,10,True,0.954,19,False,0.0,29,False,0.0,False
motif_ba4eff2711177a58,4,3,12,47,94,11.0,11.0,9.0,12.0,10,True,0.926,19,False,0.0,29,False,0.0,False
motif_cdc12b332bc8e6d2,4,3,12,47,94,11.368,12.0,9.475000000000001,12.0,10,True,0.974,19,False,0.0,29,False,0.0,False
motif_d60e8245c37bbbc2,4,3,12,47,94,11.292,11.0,9.0,12.0,10,True,0.97,19,False,0.0,29,False,0.0,False
motif_f6d6c91aa2b5d534,4,3,12,47,94,11.156,11.0,9.0,12.0,10,True,0.958,19,False,0.0,29,False,0.0,False
motif_f7f792ca3e0c89df,4,3,12,47,94,11.072,11.0,9.0,12.0,10,True,0.934,19,False,0.0,29,False,0.0,False
motif_5949382023fb3815,4,4,12,47,94,11.168,11.0,9.0,12.0,10,True,0.952,19,False,0.0,29,False,0.0,False
motif_6c209fd68b7f3d1b,4,4,12,47,94,11.252,11.0,9.0,12.0,10,True,0.966,19,False,0.0,29,False,0.0,False
motif_b3d1490119eed083,4,4,12,47,94,11.216,11.0,9.0,12.0,10,True,0.954,19,False,0.0,29,False,0.0,False
motif_d01370274886edbe,4,4,12,47,94,11.264,11.0,9.0,12.0,10,True,0.966,19,False,0.0,29,False,0.0,False
motif_d314ff3c65aefeb4,4,4,12,47,94,11.142,11.0,9.0,12.0,10,True,0.958,19,False,0.0,29,False,0.0,False
motif_075a62250a611f95,5,4,12,47,94,10.936,11.0,9.0,12.0,10,True,0.916,19,False,0.0,29,False,0.0,False
motif_07ea21b8d2ae766c,5,4,12,47,94,10.98,11.0,9.0,12.0,10,True,0.928,19,False,0.0,29,False,0.0,False
motif_07edead3c08dfaa1,5,4,12,47,94,11.008,11.0,9.0,12.0,10,True,0.934,19,False,0.0,29,False,0.0,False
motif_0a0816f8dfe570fc,5,4,12,47,94,11.056,11.0,9.0,12.0,10,True,0.93,19,False,0.0,29,False,0.0,False
motif_1265d32ef65996bc,5,4,12,47,94,11.41,12.0,10.0,12.0,10,True,0.99,19,False,0.0,29,False,0.0,False
motif_16669a869ee67143,5,4,12,47,94,11.032,11.0,9.0,12.0,10,True,0.936,19,False,0.0,29,False,0.0,False
motif_185605e36a84f308,5,4,12,47,94,11.636,12.0,10.0,12.0,10,True,0.996,19,False,0.0,29,False,0.0,False
motif_24567fd6741ebd9f,5,4,12,47,94,11.214,11.0,9.0,12.0,10,True,0.952,19,False,0.0,29,False,0.0,False
motif_346fc16ff129ec68,5,4,12,47,94,11.118,11.0,9.0,12.0,10,True,0.952,19,False,0.0,29,False,0.0,False
motif_36405468b2fb3ecd,5,4,12,47,94,11.156,11.0,9.0,12.0,10,True,0.96,19,False,0.0,29,False,0.0,False
motif_3b9272125fc3266c,5,4,12,47,94,11.214,11.0,9.0,12.0,10,True,0.954,19,False,0.0,29,False,0.0,False
motif_449409cef3e46d92,5,4,12,47,94,10.792,11.0,9.0,12.0,10,True,0.884,19,False,0.0,29,False,0.0,False
motif_4bedbd6ce315a0c5,5,4,12,47,94,11.07,11.0,9.0,12.0,10,True,0.934,19,False,0.0,29,False,0.0,False
motif_5175263f411cae4d,5,4,12,47,94,11.008,11.0,9.0,12.0,10,True,0.936,19,False,0.0,29,False,0.0,False
motif_53c2683415d02e5d,5,4,12,47,94,11.556,12.0,10.0,12.0,10,True,0.992,19,False,0.0,29,False,0.0,False
motif_7308934d28594d69,5,4,12,47,94,11.306,11.0,9.0,12.0,10,True,0.966,19,False,0.0,29,False,0.0,False
motif_7a78bd7f676cdabe,5,4,12,47,94,10.958,11.0,9.0,12.0,10,True,0.918,19,False,0.0,29,False,0.0,False
motif_89ef67de7813ade4,5,4,12,47,94,11.244,11.0,9.0,12.0,10,True,0.964,19,False,0.0,29,False,0.0,False
motif_8edabf9e56c8ca96,5,4,12,47,94,11.206,11.0,9.0,12.0,10,True,0.952,19,False,0.0,29,False,0.0,False
motif_95e573bcad752592,5,4,12,47,94,11.142,11.0,9.0,12.0,10,True,0.956,19,False,0.0,29,False,0.0,False
motif_a9687a8848fb0f2e,5,4,12,47,94,11.366,12.0,10.0,12.0,10,True,0.99,19,False,0.0,29,False,0.0,False
motif_b53e30fbc74e37c1,5,4,12,47,94,11.074,11.0,9.0,12.0,10,True,0.934,19,False,0.0,29,False,0.0,False
motif_d330b84d6906863b,5,4,12,47,94,11.056,11.0,9.0,12.0,10,True,0.932,19,False,0.0,29,False,0.0,False
motif_db4c71d411ebe224,5,4,12,47,94,11.23,11.0,9.0,12.0,10,True,0.97,19,False,0.0,29,False,0.0,False
motif_dc2cb89797a97a1c,5,4,12,47,94,11.462,12.0,10.0,12.0,10,True,0.988,19,False,0.0,29,False,0.0,False
motif_e7323604ddaa339b,5,4,12,47,94,10.938,11.0,9.0,12.0,10,True,0.914,19,False,0.0,29,False,0.0,False
motif_f2e7e98c27bd0e78,5,4,12,47,94,11.154,11.0,9.0,12.0,10,True,0.954,19,False,0.0,29,False,0.0,False
motif_01162d9e7d5b62cc,5,5,12,47,94,11.216,11.0,9.0,12.0,10,True,0.958,19,False,0.0,29,False,0.0,False
motif_05445f0f3eb6558e,5,5,12,47,94,11.016,11.0,9.0,12.0,10,True,0.94,19,False,0.0,29,False,0.0,False
motif_10aad42987f5da45,5,5,12,47,94,11.278,11.0,9.0,12.0,10,True,0.962,19,False,0.0,29,False,0.0,False
motif_146ddcf21ba7a801,5,5,12,47,94,11.204,11.0,9.0,12.0,10,True,0.96,19,False,0.0,29,False,0.0,False
motif_14d4d9eb49f2161d,5,5,12,47,94,11.19,11.0,9.0,12.0,10,True,0.952,19,False,0.0,29,False,0.0,False
motif_449d3644c6ea8d4c,5,5,12,47,94,10.718,11.0,8.0,12.0,10,True,0.866,19,False,0.0,29,False,0.0,False
motif_478d0b437679e4ca,5,5,12,47,94,11.042,11.0,9.0,12.0,10,True,0.928,19,False,0.0,29,False,0.0,False
motif_7439cbf2d860187d,5,5,12,47,94,11.2,11.0,9.0,12.0,10,True,0.952,19,False,0.0,29,False,0.0,False
motif_74d706ac8443e6f1,5,5,12,47,94,10.616,11.0,8.0,12.0,10,True,0.844,19,False,0.0,29,False,0.0,False
motif_8ab1aa5b4c450ae7,5,5,12,47,94,11.048,11.0,9.0,12.0,10,True,0.94,19,False,0.0,29,False,0.0,False
motif_9673b0cc1bfdf98f,5,5,12,47,94,10.97,11.0,9.0,12.0,10,True,0.928,19,False,0.0,29,False,0.0,False
motif_98e069eddd5e23cc,5,5,12,47,94,11.2,11.0,9.0,12.0,10,True,0.954,19,False,0.0,29,False,0.0,False
motif_9ea66bab216b3d0d,5,5,12,47,94,11.2,11.0,9.0,12.0,10,True,0.952,19,False,0.0,29,False,0.0,False
motif_b7b0fe66e3f224e7,5,5,12,47,94,11.128,11.0,9.0,12.0,10,True,0.956,19,False,0.0,29,False,0.0,False
motif_d9c145ebf5872fb1,5,5,12,47,94,11.192,11.0,9.0,12.0,10,True,0.952,19,False,0.0,29,False,0.0,False
motif_e12342bc4456bfde,5,5,12,47,94,11.404,12.0,10.0,12.0,10,True,0.982,19,False,0.0,29,False,0.0,False
motif_e1e71a8d16d9a721,5,5,12,47,94,11.192,11.0,9.0,12.0,10,True,0.95,19,False,0.0,29,False,0.0,False
motif_ee30235ccc60a79e,5,5,12,47,94,10.898,11.0,9.0,12.0,10,True,0.906,19,False,0.0,29,False,0.0,False
motif_f1e9c47cc481f02b,5,5,12,47,94,11.45,12.0,10.0,12.0,10,True,0.988,19,False,0.0,29,False,0.0,False
motif_fb2d519fff8d4721,5,5,12,47,94,11.096,11.0,9.0,12.0,10,True,0.948,19,False,0.0,29,False,0.0,False
motif_0d31b4b8652ee24c,5,6,12,47,94,10.556,11.0,8.0,12.0,10,True,0.83,19,False,0.0,29,False,0.0,False
motif_419ef6f60f638a05,5,6,12,47,94,11.186,11.0,9.0,12.0,10,True,0.952,19,False,0.0,29,False,0.0,False
motif_588c079ffa6afa37,5,6,12,47,94,11.178,11.0,9.0,12.0,10,True,0.95,19,False,0.0,29,False,0.0,False
motif_5e93be19197be591,5,6,12,47,94,11.178,11.0,9.0,12.0,10,True,0.95,19,False,0.0,29,False,0.0,False
motif_6d0d0e92cb2b1d79,5,6,12,47,94,11.016,11.0,9.0,12.0,10,True,0.94,19,False,0.0,29,False,0.0,False
motif_8946f37ee00f3412,5,6,12,47,94,11.176,11.0,9.0,12.0,10,True,0.952,19,False,0.0,29,False,0.0,False
motif_5c241169cdbab3ed,5,7,12,47,94,11.164,11.0,9.0,12.0,10,True,0.95,19,False,0.0,29,False,0.0,False
motif_e904d61f68b798c3,3,2,11,47,94,10.312,10.0,8.0,11.0,10,True,0.858,19,False,0.0,29,False,0.0,False
motif_1cb44da1d64a0ec8,4,3,11,47,94,10.29,10.0,9.0,11.0,10,True,0.868,19,False,0.0,29,False,0.0,False
motif_383219635c986f5d,4,3,11,47,94,10.426,11.0,9.0,11.0,10,True,0.886,19,False,0.0,29,False,0.0,False
motif_48c30222d1474b19,4,3,11,47,94,10.228,10.0,8.0,11.0,10,True,0.82,19,False,0.0,29,False,0.0,False
motif_57557d986a68649a,4,3,11,47,94,10.598,11.0,9.0,11.0,10,True,0.94,19,False,0.0,29,False,0.0,False
motif_713517eddbbfdda7,4,3,11,47,94,10.454,11.0,9.0,11.0,10,True,0.894,19,False,0.0,29,False,0.0,False
motif_974102830e33eed6,4,3,11,47,94,10.31,10.0,8.0,11.0,10,True,0.856,19,False,0.0,29,False,0.0,False
motif_9bfe8d5673b65ee4,4,3,11,47,94,10.298,10.0,8.0,11.0,10,True,0.854,19,False,0.0,29,False,0.0,False
motif_c86f394a4bbff182,4,3,11,47,94,10.372,11.0,9.0,11.0,10,True,0.884,19,False,0.0,29,False,0.0,False
motif_d1708ef46a53a02b,4,3,11,47,94,10.4,11.0,9.0,11.0,10,True,0.882,19,False,0.0,29,False,0.0,False
motif_e37026d7320d596e,4,3,11,47,94,10.48,11.0,9.0,11.0,10,True,0.898,19,False,0.0,29,False,0.0,False
motif_f255d0e523f35e42,4,3,11,47,94,10.228,10.0,8.475000000000001,11.0,10,True,0.836,19,False,0.0,29,False,0.0,False
motif_01ba827205e5178f,4,4,11,47,94,10.426,11.0,9.0,11.0,10,True,0.882,19,False,0.0,29,False,0.0,False
motif_04b081bcdc62dd7b,4,4,11,47,94,10.216,10.0,8.0,11.0,10,True,0.818,19,False,0.0,29,False,0.0,False
motif_391d4ef242087c7d,4,4,11,47,94,10.376,11.0,9.0,11.0,10,True,0.868,19,False,0.0,29,False,0.0,False
motif_7386c7374da5bdb1,4,4,11,47,94,10.4,11.0,9.0,11.0,10,True,0.874,19,False,0.0,29,False,0.0,False
motif_0396ab78436dd2df,4,5,11,47,94,10.298,10.0,8.0,11.0,10,True,0.858,19,False,0.0,29,False,0.0,False
motif_dc55fac2bad792a0,4,5,11,47,94,10.35,11.0,9.0,11.0,10,True,0.856,19,False,0.0,29,False,0.0,False
motif_086a285fec8c7090,5,4,11,47,94,10.44,11.0,9.0,11.0,10,True,0.894,19,False,0.0,29,False,0.0,False
motif_0ccd7b9a7e46fc3f,5,4,11,47,94,10.336,11.0,8.0,11.0,10,True,0.858,19,False,0.0,29,False,0.0,False
motif_13715a4789e5cf7e,5,4,11,47,94,10.014,10.0,8.0,11.0,10,True,0.754,19,False,0.0,29,False,0.0,False
motif_1cc96bc8c3693daa,5,4,11,47,94,10.59,11.0,9.0,11.0,10,True,0.938,19,False,0.0,29,False,0.0,False
motif_1cf60642104da99a,5,4,11,47,94,10.18,10.0,8.0,11.0,10,True,0.816,19,False,0.0,29,False,0.0,False
motif_238130c460c1cf98,5,4,11,47,94,10.34,11.0,8.0,11.0,10,True,0.858,19,False,0.0,29,False,0.0,False
motif_26e6fa3660fc6f83,5,4,11,47,94,10.28,10.0,8.0,11.0,10,True,0.846,19,False,0.0,29,False,0.0,False
motif_2ac08db1abf3558b,5,4,11,47,94,10.238,10.0,8.0,11.0,10,True,0.82,19,False,0.0,29,False,0.0,False
motif_3a3efc2970aab002,5,4,11,47,94,10.332,10.0,9.0,11.0,10,True,0.872,19,False,0.0,29,False,0.0,False
motif_3b72f021fcb54ab6,5,4,11,47,94,10.318,10.0,9.0,11.0,10,True,0.858,19,False,0.0,29,False,0.0,False
motif_3be56544eea8bb23,5,4,11,47,94,10.412,11.0,9.0,11.0,10,True,0.886,19,False,0.0,29,False,0.0,False
motif_3eac306332293401,5,4,11,47,94,10.484,11.0,9.0,11.0,10,True,0.912,19,False,0.0,29,False,0.0,False
motif_44365a63c08941bf,5,4,11,47,94,10.612,11.0,9.0,11.0,10,True,0.95,19,False,0.0,29,False,0.0,False
motif_465b02bcea219ec8,5,4,11,47,94,10.644,11.0,9.0,11.0,10,True,0.954,19,False,0.0,29,False,0.0,False
motif_4948b149496acf53,5,4,11,47,94,10.194,10.0,8.0,11.0,10,True,0.828,19,False,0.0,29,False,0.0,False
motif_4b6da921a66d5da8,5,4,11,47,94,10.336,11.0,8.0,11.0,10,True,0.852,19,False,0.0,29,False,0.0,False
motif_528fe4e14394b194,5,4,11,47,94,10.284,10.0,8.0,11.0,10,True,0.844,19,False,0.0,29,False,0.0,False
motif_52f25d4969f48446,5,4,11,47,94,10.124,10.0,8.0,11.0,10,True,0.798,19,False,0.0,29,False,0.0,False
motif_65e4d6f33c59976b,5,4,11,47,94,10.638,11.0,9.0,11.0,10,True,0.954,19,False,0.0,29,False,0.0,False
motif_675a6962f846b2b9,5,4,11,47,94,10.466,11.0,9.0,11.0,10,True,0.898,19,False,0.0,29,False,0.0,False
motif_781faaa9d26840a4,5,4,11,47,94,10.106,10.0,8.0,11.0,10,True,0.764,19,False,0.0,29,False,0.0,False
motif_792fb14c94c60a57,5,4,11,47,94,10.4,11.0,9.0,11.0,10,True,0.882,19,False,0.0,29,False,0.0,False
motif_7e22a990019e8169,5,4,11,47,94,10.502,11.0,9.0,11.0,10,True,0.92,19,False,0.0,29,False,0.0,False
motif_828a4dac4ecb11ae,5,4,11,47,94,10.36,11.0,8.475000000000001,11.0,10,True,0.872,19,False,0.0,29,False,0.0,False
motif_8789603bc887eea4,5,4,11,47,94,9.822,10.0,8.0,11.0,10,True,0.654,19,False,0.0,29,False,0.0,False
motif_88ef18e67577cc31,5,4,11,47,94,10.26,10.0,8.475000000000001,11.0,10,True,0.852,19,False,0.0,29,False,0.0,False
motif_8ad6da11b01aa1cb,5,4,11,47,94,10.152,10.0,8.0,11.0,10,True,0.794,19,False,0.0,29,False,0.0,False
motif_9204202833a6e8a9,5,4,11,47,94,10.386,11.0,9.0,11.0,10,True,0.88,19,False,0.0,29,False,0.0,False
motif_9286df1009ead148,5,4,11,47,94,10.292,10.0,8.0,11.0,10,True,0.848,19,False,0.0,29,False,0.0,False
motif_9c95ca232e0ed508,5,4,11,47,94,9.986,10.0,8.0,11.0,10,True,0.742,19,False,0.0,29,False,0.0,False
motif_aed83699155ea9a3,5,4,11,47,94,10.33,11.0,8.475000000000001,11.0,10,True,0.856,19,False,0.0,29,False,0.0,False
motif_c2aeaaaa4e535b14,5,4,11,47,94,10.104,10.0,8.0,11.0,10,True,0.78,19,False,0.0,29,False,0.0,False
motif_cf5b20d210461d0a,5,4,11,47,94,10.212,10.0,8.0,11.0,10,True,0.814,19,False,0.0,29,False,0.0,False
motif_cf7d404f41fb2fcf,5,4,11,47,94,9.962,10.0,8.0,11.0,10,True,0.734,19,False,0.0,29,False,0.0,False
motif_d51d57345847cb5c,5,4,11,47,94,10.316,10.0,8.0,11.0,10,True,0.858,19,False,0.0,29,False,0.0,False
motif_dcfe92958680857c,5,4,11,47,94,10.092,10.0,8.0,11.0,10,True,0.772,19,False,0.0,29,False,0.0,False
motif_df02def0a1a2c2f5,5,4,11,47,94,10.166,10.0,8.0,11.0,10,True,0.786,19,False,0.0,29,False,0.0,False
motif_df228b3d1f8167e9,5,4,11,47,94,10.226,10.0,8.0,11.0,10,True,0.818,19,False,0.0,29,False,0.0,False
motif_e4a3a2522f1ab03b,5,4,11,47,94,10.296,10.0,8.0,11.0,10,True,0.852,19,False,0.0,29,False,0.0,False
motif_e8f2d878acc1e510,5,4,11,47,94,10.33,11.0,8.475000000000001,11.0,10,True,0.852,19,False,0.0,29,False,0.0,False
motif_ed40349308a78736,5,4,11,47,94,10.194,10.0,8.0,11.0,10,True,0.798,19,False,0.0,29,False,0.0,False
motif_f710a584d4d94bf0,5,4,11,47,94,10.064,10.0,8.0,11.0,10,True,0.774,19,False,0.0,29,False,0.0,False
motif_f903807597d477fc,5,4,11,47,94,10.192,10.0,8.0,11.0,10,True,0.796,19,False,0.0,29,False,0.0,False
motif_f914706286314a87,5,4,11,47,94,10.186,10.0,8.0,11.0,10,True,0.802,19,False,0.0,29,False,0.0,False
motif_011bf603d0e66851,5,5,11,47,94,10.334,11.0,8.0,11.0,10,True,0.858,19,False,0.0,29,False,0.0,False
motif_26db60bae6f1656c,5,5,11,47,94,10.412,11.0,9.0,11.0,10,True,0.882,19,False,0.0,29,False,0.0,False
motif_26f938cdb39b421a,5,5,11,47,94,10.612,11.0,9.0,11.0,10,True,0.95,19,False,0.0,29,False,0.0,False
motif_3331e96ab66a56e7,5,5,11,47,94,10.304,10.0,8.0,11.0,10,True,0.842,19,False,0.0,29,False,0.0,False
motif_3550065e5b336c9a,5,5,11,47,94,10.638,11.0,9.0,11.0,10,True,0.954,19,False,0.0,29,False,0.0,False
motif_3965e682480be767,5,5,11,47,94,10.642,11.0,9.0,11.0,10,True,0.952,19,False,0.0,29,False,0.0,False
motif_4972e8524d133c5f,5,5,11,47,94,9.822,10.0,8.0,11.0,10,True,0.654,19,False,0.0,29,False,0.0,False
motif_4f930e5fe36b66f6,5,5,11,47,94,10.21,10.0,8.0,11.0,10,True,0.812,19,False,0.0,29,False,0.0,False
motif_529d39007846e050,5,5,11,47,94,9.9,10.0,7.475000000000001,11.0,10,True,0.708,19,False,0.0,29,False,0.0,False
motif_56928b4fa02e40e8,5,5,11,47,94,10.184,10.0,8.0,11.0,10,True,0.794,19,False,0.0,29,False,0.0,False
motif_7fde4663ce59098b,5,5,11,47,94,10.362,11.0,9.0,11.0,10,True,0.868,19,False,0.0,29,False,0.0,False
motif_80f101ad270e968a,5,5,11,47,94,10.29,10.0,8.0,11.0,10,True,0.844,19,False,0.0,29,False,0.0,False
motif_817583bc3733a6ca,5,5,11,47,94,10.61,11.0,9.0,11.0,10,True,0.948,19,False,0.0,29,False,0.0,False
motif_87cdc3b1cfb8e17c,5,5,11,47,94,10.328,10.5,8.475000000000001,11.0,10,True,0.856,19,False,0.0,29,False,0.0,False
motif_9555fa915e69beda,5,5,11,47,94,10.214,10.0,8.0,11.0,10,True,0.816,19,False,0.0,29,False,0.0,False
motif_999cbebf16d6ddd5,5,5,11,47,94,10.238,10.0,8.0,11.0,10,True,0.828,19,False,0.0,29,False,0.0,False
motif_a7adbc838441c01a,5,5,11,47,94,10.2,10.0,8.0,11.0,10,True,0.812,19,False,0.0,29,False,0.0,False
motif_b05fd544b500f493,5,5,11,47,94,9.928,10.0,8.0,11.0,10,True,0.718,19,False,0.0,29,False,0.0,False
motif_b5e55c73f0168340,5,5,11,47,94,10.102,10.0,8.0,11.0,10,True,0.778,19,False,0.0,29,False,0.0,False
motif_b7fbc5c74aa30d60,5,5,11,47,94,10.278,10.0,8.0,11.0,10,True,0.844,19,False,0.0,29,False,0.0,False
motif_c2054a016827a502,5,5,11,47,94,10.386,11.0,9.0,11.0,10,True,0.874,19,False,0.0,29,False,0.0,False
motif_c3997addbb13cdff,5,5,11,47,94,10.304,10.0,8.0,11.0,10,True,0.842,19,False,0.0,29,False,0.0,False
motif_d19ecba045c34324,5,5,11,47,94,9.842,10.0,8.0,11.0,10,True,0.684,19,False,0.0,29,False,0.0,False
motif_e7b0d5f663bba92b,5,5,11,47,94,9.772,10.0,8.0,11.0,10,True,0.636,19,False,0.0,29,False,0.0,False
motif_e8033b67f6bac96c,5,5,11,47,94,10.26,10.0,8.0,11.0,10,True,0.832,19,False,0.0,29,False,0.0,False
motif_08967352afdcc614,5,6,11,47,94,10.198,10.0,8.0,11.0,10,True,0.81,19,False,0.0,29,False,0.0,False
motif_344caf12a230c027,5,6,11,47,94,9.8,10.0,7.0,11.0,10,True,0.668,19,False,0.0,29,False,0.0,False
motif_477e409bfa6820ad,5,6,11,47,94,10.336,11.0,8.475000000000001,11.0,10,True,0.856,19,False,0.0,29,False,0.0,False
motif_6d7e592e0d6b8f25,5,6,11,47,94,10.302,10.0,8.0,11.0,10,True,0.842,19,False,0.0,29,False,0.0,False
motif_727e32d39b1c1ac9,5,6,11,47,94,10.214,10.0,8.0,11.0,10,True,0.816,19,False,0.0,29,False,0.0,False
motif_8eaca5acb0c1cdcc,5,6,11,47,94,9.772,10.0,8.0,11.0,10,True,0.636,19,False,0.0,29,False,0.0,False
motif_da6c09a8cd413654,5,6,11,47,94,10.252,10.0,8.0,11.0,10,True,0.844,19,False,0.0,29,False,0.0,False
motif_e99c24f0afb6f644,5,6,11,47,94,10.61,11.0,9.0,11.0,10,True,0.948,19,False,0.0,29,False,0.0,False
motif_67871168bdb28fdf,3,2,10,47,94,9.606,10.0,8.0,10.0,10,True,0.678,19,False,0.0,29,False,0.0,False
motif_7c0d7f3473832fb5,3,2,10,47,94,9.424,10.0,8.0,10.0,10,True,0.558,19,False,0.0,29,False,0.0,False
motif_ada61f84caa7276b,3,2,10,47,94,9.418,10.0,8.0,10.0,10,True,0.554,19,False,0.0,29,False,0.0,False
motif_dd3936eec73d7a76,3,2,10,47,94,9.318,9.0,7.475000000000001,10.0,10,True,0.492,19,False,0.0,29,False,0.0,False
motif_46aa50e42c549b4d,3,3,10,47,94,9.586,10.0,8.0,10.0,10,True,0.668,19,False,0.0,29,False,0.0,False
motif_087394640f3e289e,4,3,10,47,94,9.13,9.0,7.0,10.0,10,True,0.402,19,False,0.0,29,False,0.0,False
motif_12c08351d352a5b1,4,3,10,47,94,9.318,9.0,7.475000000000001,10.0,10,True,0.492,19,False,0.0,29,False,0.0,False
motif_1b9c7a3e87c9fd49,4,3,10,47,94,9.384,10.0,8.0,10.0,10,True,0.532,19,False,0.0,29,False,0.0,False
motif_22d7de62ee5a7c05,4,3,10,47,94,9.282,9.0,7.475000000000001,10.0,10,True,0.49,19,False,0.0,29,False,0.0,False
motif_39af596b8873f1bb,4,3,10,47,94,9.596,10.0,8.0,10.0,10,True,0.67,19,False,0.0,29,False,0.0,False
motif_5aa867fd91f7ce8f,4,3,10,47,94,9.424,10.0,8.0,10.0,10,True,0.558,19,False,0.0,29,False,0.0,False
motif_5da5dec1c123320f,4,3,10,47,94,9.418,10.0,8.0,10.0,10,True,0.554,19,False,0.0,29,False,0.0,False
motif_652c454448653045,4,3,10,47,94,9.328,9.0,7.0,10.0,10,True,0.492,19,False,0.0,29,False,0.0,False
motif_88d496504b318b31,4,3,10,47,94,9.388,10.0,8.0,10.0,10,True,0.538,19,False,0.0,29,False,0.0,False
motif_ac28564ee77450ea,4,3,10,47,94,9.354,10.0,8.0,10.0,10,True,0.52,19,False,0.0,29,False,0.0,False
motif_c15d98bfd6670e61,4,3,10,47,94,9.422,10.0,8.0,10.0,10,True,0.556,19,False,0.0,29,False,0.0,False
motif_de6811501041edf5,4,3,10,47,94,9.422,10.0,8.0,10.0,10,True,0.558,19,False,0.0,29,False,0.0,False
motif_e4c0bc232dde1175,4,3,10,47,94,9.314,9.0,7.475000000000001,10.0,10,True,0.49,19,False,0.0,29,False,0.0,False
motif_f21861d0ed107cfd,4,3,10,47,94,9.262,9.0,7.0,10.0,10,True,0.462,19,False,0.0,29,False,0.0,False
motif_fcd8591ecdcd7847,4,3,10,47,94,9.41,10.0,8.0,10.0,10,True,0.552,19,False,0.0,29,False,0.0,False
motif_0b04334a40d8ba5c,4,4,10,47,94,9.422,10.0,8.0,10.0,10,True,0.558,19,False,0.0,29,False,0.0,False
motif_1d4d6e2effa25135,4,4,10,47,94,9.356,10.0,8.0,10.0,10,True,0.516,19,False,0.0,29,False,0.0,False
motif_6cae25e61f560264,4,4,10,47,94,9.446,10.0,8.0,10.0,10,True,0.552,19,False,0.0,29,False,0.0,False
motif_c8c7e0422afca15a,4,4,10,47,94,9.258,9.0,7.0,10.0,10,True,0.46,19,False,0.0,29,False,0.0,False
motif_d3eff25aa86d3d8b,4,4,10,47,94,9.576,10.0,8.0,10.0,10,True,0.66,19,False,0.0,29,False,0.0,False
motif_0740f78f6f8b675b,5,4,10,47,94,9.314,9.0,7.0,10.0,10,True,0.482,19,False,0.0,29,False,0.0,False
motif_09d3041f42a81567,5,4,10,47,94,9.248,9.0,7.0,10.0,10,True,0.472,19,False,0.0,29,False,0.0,False
motif_09e57b340114c015,5,4,10,47,94,9.488,10.0,8.0,10.0,10,True,0.572,19,False,0.0,29,False,0.0,False
motif_180ed8b10d314230,5,4,10,47,94,9.232,9.0,7.0,10.0,10,True,0.458,19,False,0.0,29,False,0.0,False
motif_1d36499c4a9df732,5,4,10,47,94,9.414,10.0,8.0,10.0,10,True,0.552,19,False,0.0,29,False,0.0,False
motif_1ebb7f13b57fbbc1,5,4,10,47,94,9.43,10.0,8.0,10.0,10,True,0.54,19,False,0.0,29,False,0.0,False
motif_1f505fbaf7f4c1e8,5,4,10,47,94,9.554,10.0,8.0,10.0,10,True,0.63,19,False,0.0,29,False,0.0,False
motif_203df0c1bc255235,5,4,10,47,94,9.262,9.0,7.0,10.0,10,True,0.462,19,False,0.0,29,False,0.0,False
motif_251aadf5e36db90e,5,4,10,47,94,9.172,9.0,7.0,10.0,10,True,0.406,19,False,0.0,29,False,0.0,False
motif_2c7a714de2a8d5ba,5,4,10,47,94,9.416,10.0,8.0,10.0,10,True,0.552,19,False,0.0,29,False,0.0,False
motif_2e6b19c361fb3b61,5,4,10,47,94,9.314,9.0,7.475000000000001,10.0,10,True,0.49,19,False,0.0,29,False,0.0,False
motif_3533fdf8e126a819,5,4,10,47,94,8.894,9.0,7.0,10.0,10,True,0.296,19,False,0.0,29,False,0.0,False
motif_36db185e49991427,5,4,10,47,94,9.118,9.0,7.0,10.0,10,True,0.392,19,False,0.0,29,False,0.0,False
motif_3b98559278ce1fa8,5,4,10,47,94,9.416,10.0,8.0,10.0,10,True,0.552,19,False,0.0,29,False,0.0,False
motif_4812f24418976639,5,4,10,47,94,9.47,10.0,8.0,10.0,10,True,0.56,19,False,0.0,29,False,0.0,False
motif_5139a11c6fa25d1c,5,4,10,47,94,9.218,9.0,7.0,10.0,10,True,0.44,19,False,0.0,29,False,0.0,False
motif_53be75c89e34bb1f,5,4,10,47,94,9.324,10.0,7.0,10.0,10,True,0.504,19,False,0.0,29,False,0.0,False
motif_541c4c301a255708,5,4,10,47,94,9.404,10.0,8.0,10.0,10,True,0.548,19,False,0.0,29,False,0.0,False
motif_543fefb4434ef21c,5,4,10,47,94,9.502,10.0,8.0,10.0,10,True,0.596,19,False,0.0,29,False,0.0,False
motif_55287619332e2e6d,5,4,10,47,94,9.318,9.0,7.475000000000001,10.0,10,True,0.492,19,False,0.0,29,False,0.0,False
motif_5610581d43484035,5,4,10,47,94,9.408,10.0,8.0,10.0,10,True,0.55,19,False,0.0,29,False,0.0,False
motif_5f13290666a23cee,5,4,10,47,94,9.252,9.0,7.0,10.0,10,True,0.476,19,False,0.0,29,False,0.0,False
motif_646d1b0fd44f33a6,5,4,10,47,94,9.488,10.0,8.0,10.0,10,True,0.59,19,False,0.0,29,False,0.0,False
motif_665e7cb8512f89ef,5,4,10,47,94,9.13,9.0,7.0,10.0,10,True,0.402,19,False,0.0,29,False,0.0,False
motif_6ed9352e60276e6a,5,4,10,47,94,9.264,9.0,7.0,10.0,10,True,0.45,19,False,0.0,29,False,0.0,False
motif_70a153d6aa882dca,5,4,10,47,94,9.422,10.0,8.0,10.0,10,True,0.556,19,False,0.0,29,False,0.0,False
motif_718f4d796f3469f1,5,4,10,47,94,9.408,10.0,8.0,10.0,10,True,0.552,19,False,0.0,29,False,0.0,False
motif_8275d3f3f06eae6a,5,4,10,47,94,9.326,9.0,7.0,10.0,10,True,0.492,19,False,0.0,29,False,0.0,False
motif_82d3c8c8b210b8bd,5,4,10,47,94,9.416,10.0,8.0,10.0,10,True,0.554,19,False,0.0,29,False,0.0,False
motif_88e876e35d492c3f,5,4,10,47,94,9.132,9.0,7.0,10.0,10,True,0.404,19,False,0.0,29,False,0.0,False
motif_8e483057f04d2fef,5,4,10,47,94,9.418,10.0,8.0,10.0,10,True,0.554,19,False,0.0,29,False,0.0,False
motif_925ab4362cf40f5c,5,4,10,47,94,9.452,10.0,8.0,10.0,10,True,0.57,19,False,0.0,29,False,0.0,False
motif_95bcbd3f327e006a,5,4,10,47,94,9.382,10.0,8.0,10.0,10,True,0.522,19,False,0.0,29,False,0.0,False
motif_966fe9270c5de3bb,5,4,10,47,94,9.314,9.0,7.475000000000001,10.0,10,True,0.49,19,False,0.0,29,False,0.0,False
motif_9ab1765a28411628,5,4,10,47,94,9.41,10.0,8.0,10.0,10,True,0.552,19,False,0.0,29,False,0.0,False
motif_9cd5325c6717ee11,5,4,10,47,94,9.126,9.0,7.0,10.0,10,True,0.4,19,False,0.0,29,False,0.0,False
motif_9cf631b628e60026,5,4,10,47,94,9.262,9.0,7.0,10.0,10,True,0.462,19,False,0.0,29,False,0.0,False
motif_a1b0fc812dc0b591,5,4,10,47,94,9.176,9.0,7.0,10.0,10,True,0.414,19,False,0.0,29,False,0.0,False
motif_a3f0efa895fffa7d,5,4,10,47,94,9.334,9.0,8.0,10.0,10,True,0.468,19,False,0.0,29,False,0.0,False
motif_a5e57e6b359561b2,5,4,10,47,94,9.156,9.0,7.0,10.0,10,True,0.418,19,False,0.0,29,False,0.0,False
motif_a745a4c164b19b56,5,4,10,47,94,9.21,9.0,7.0,10.0,10,True,0.43,19,False,0.0,29,False,0.0,False
motif_b04d4caabeafe92b,5,4,10,47,94,9.42,10.0,8.0,10.0,10,True,0.556,19,False,0.0,29,False,0.0,False
motif_b68f83d7cafbd49b,5,4,10,47,94,9.274,9.0,7.0,10.0,10,True,0.458,19,False,0.0,29,False,0.0,False
motif_b7206e69c07c085a,5,4,10,47,94,9.312,9.0,7.0,10.0,10,True,0.488,19,False,0.0,29,False,0.0,False
motif_ba7ba43df163a8e6,5,4,10,47,94,9.162,9.0,7.0,10.0,10,True,0.426,19,False,0.0,29,False,0.0,False
motif_c0faf0f683e314db,5,4,10,47,94,9.548,10.0,8.0,10.0,10,True,0.626,19,False,0.0,29,False,0.0,False
motif_c1698b4e5454a5a8,5,4,10,47,94,9.398,10.0,8.0,10.0,10,True,0.54,19,False,0.0,29,False,0.0,False
motif_c2125ab27a9a73b4,5,4,10,47,94,9.058,9.0,7.0,10.0,10,True,0.372,19,False,0.0,29,False,0.0,False
motif_c8fd365a5b4c96d2,5,4,10,47,94,9.05,9.0,7.0,10.0,10,True,0.372,19,False,0.0,29,False,0.0,False
motif_c9e5c94ef37c7f60,5,4,10,47,94,9.074,9.0,7.0,10.0,10,True,0.372,19,False,0.0,29,False,0.0,False
motif_ca7031ab053d3d24,5,4,10,47,94,9.306,9.0,7.475000000000001,10.0,10,True,0.482,19,False,0.0,29,False,0.0,False
motif_d1907273ee859220,5,4,10,47,94,9.402,10.0,8.0,10.0,10,True,0.546,19,False,0.0,29,False,0.0,False
motif_dc631d3d5270c577,5,4,10,47,94,9.342,9.0,8.0,10.0,10,True,0.478,19,False,0.0,29,False,0.0,False
motif_dee294f38b4a9bbe,5,4,10,47,94,9.424,10.0,8.0,10.0,10,True,0.56,19,False,0.0,29,False,0.0,False
motif_e1f5247c359d8731,5,4,10,47,94,9.326,9.5,7.0,10.0,10,True,0.5,19,False,0.0,29,False,0.0,False
motif_e951a01bcbd3ee08,5,4,10,47,94,9.324,9.0,7.0,10.0,10,True,0.49,19,False,0.0,29,False,0.0,False
motif_ec1db3cb95c06b2e,5,4,10,47,94,9.608,10.0,8.0,10.0,10,True,0.678,19,False,0.0,29,False,0.0,False
motif_f314c248ee7e3f6f,5,4,10,47,94,9.178,9.0,7.0,10.0,10,True,0.424,19,False,0.0,29,False,0.0,False
motif_f84bb4f122e012b3,5,4,10,47,94,9.454,10.0,8.0,10.0,10,True,0.568,19,False,0.0,29,False,0.0,False
motif_f9a0d4387c99e7b1,5,4,10,47,94,9.32,9.0,7.475000000000001,10.0,10,True,0.498,19,False,0.0,29,False,0.0,False
motif_0de8303cce382a80,5,5,10,47,94,9.374,10.0,8.0,10.0,10,True,0.53,19,False,0.0,29,False,0.0,False
motif_11b37f722cf31f41,5,5,10,47,94,9.07,9.0,7.0,10.0,10,True,0.37,19,False,0.0,29,False,0.0,False
motif_1f10dcfeea4dfe48,5,5,10,47,94,8.856,9.0,7.0,10.0,10,True,0.284,19,False,0.0,29,False,0.0,False
motif_1fe7588dae073b1d,5,5,10,47,94,9.304,9.0,7.0,10.0,10,True,0.494,19,False,0.0,29,False,0.0,False
motif_321b8e708c7a5260,5,5,10,47,94,9.43,10.0,8.0,10.0,10,True,0.54,19,False,0.0,29,False,0.0,False
motif_5c9acfa22cf0eada,5,5,10,47,94,9.482,10.0,8.0,10.0,10,True,0.588,19,False,0.0,29,False,0.0,False
motif_66861aabd56c7f23,5,5,10,47,94,9.3,9.0,7.0,10.0,10,True,0.478,19,False,0.0,29,False,0.0,False
motif_68992352faf11e7c,5,5,10,47,94,9.42,10.0,8.0,10.0,10,True,0.556,19,False,0.0,29,False,0.0,False
motif_6922283c67c5d574,5,5,10,47,94,9.154,9.0,7.0,10.0,10,True,0.404,19,False,0.0,29,False,0.0,False
motif_7737e7d123e708ff,5,5,10,47,94,9.142,9.0,7.0,10.0,10,True,0.4,19,False,0.0,29,False,0.0,False
motif_819743fa220d2e18,5,5,10,47,94,9.008,9.0,7.0,10.0,10,True,0.356,19,False,0.0,29,False,0.0,False
motif_81a3388ed7ffec5a,5,5,10,47,94,9.236,9.0,7.0,10.0,10,True,0.444,19,False,0.0,29,False,0.0,False
motif_87e74184cc64b636,5,5,10,47,94,9.118,9.0,7.0,10.0,10,True,0.392,19,False,0.0,29,False,0.0,False
motif_8d96322e33e3aea2,5,5,10,47,94,9.414,10.0,8.0,10.0,10,True,0.552,19,False,0.0,29,False,0.0,False
motif_900c1f7b3f9af601,5,5,10,47,94,9.26,9.0,7.0,10.0,10,True,0.46,19,False,0.0,29,False,0.0,False
motif_959a94cfb539270b,5,5,10,47,94,9.336,9.0,8.0,10.0,10,True,0.498,19,False,0.0,29,False,0.0,False
motif_96c9206f12d38442,5,5,10,47,94,9.262,9.0,7.0,10.0,10,True,0.462,19,False,0.0,29,False,0.0,False
motif_9a92522ed511dd94,5,5,10,47,94,9.142,9.0,7.0,10.0,10,True,0.394,19,False,0.0,29,False,0.0,False
motif_9c8693fa7e4bea34,5,5,10,47,94,9.444,10.0,8.0,10.0,10,True,0.56,19,False,0.0,29,False,0.0,False
motif_9d259e4620ffdf53,5,5,10,47,94,9.258,9.0,7.0,10.0,10,True,0.46,19,False,0.0,29,False,0.0,False
motif_ad56782d83285014,5,5,10,47,94,9.292,9.0,7.0,10.0,10,True,0.482,19,False,0.0,29,False,0.0,False
motif_b2436410dcd38e35,5,5,10,47,94,9.22,9.0,7.0,10.0,10,True,0.458,19,False,0.0,29,False,0.0,False
motif_bd1dbc5a620e5dc8,5,5,10,47,94,9.402,10.0,8.0,10.0,10,True,0.546,19,False,0.0,29,False,0.0,False
motif_d5245003374421ea,5,5,10,47,94,9.314,9.0,7.475000000000001,10.0,10,True,0.49,19,False,0.0,29,False,0.0,False
motif_d88453a4ef944f25,5,5,10,47,94,9.424,10.0,8.0,10.0,10,True,0.542,19,False,0.0,29,False,0.0,False
motif_dfbf33db7fa5e4ce,5,5,10,47,94,9.24,9.0,7.0,10.0,10,True,0.436,19,False,0.0,29,False,0.0,False
motif_e1a5a6a241f98754,5,5,10,47,94,9.45,10.0,8.0,10.0,10,True,0.568,19,False,0.0,29,False,0.0,False
motif_e3a9e67bb90f6047,5,5,10,47,94,9.258,9.0,7.0,10.0,10,True,0.46,19,False,0.0,29,False,0.0,False
motif_e6e5af1f0f12a765,5,5,10,47,94,9.416,10.0,8.0,10.0,10,True,0.554,19,False,0.0,29,False,0.0,False
motif_ea18241d8395dcf8,5,5,10,47,94,9.278,9.0,7.0,10.0,10,True,0.472,19,False,0.0,29,False,0.0,False
motif_eac06574eed16a88,5,5,10,47,94,9.408,10.0,8.0,10.0,10,True,0.552,19,False,0.0,29,False,0.0,False
motif_ef3589435fa3d420,5,5,10,47,94,9.4,10.0,8.0,10.0,10,True,0.546,19,False,0.0,29,False,0.0,False
motif_f01bf05e1a536a50,5,5,10,47,94,9.206,9.0,7.0,10.0,10,True,0.424,19,False,0.0,29,False,0.0,False
motif_f205695701009af7,5,5,10,47,94,9.358,10.0,8.0,10.0,10,True,0.514,19,False,0.0,29,False,0.0,False
motif_3868d21d1efc6810,5,6,10,47,94,9.216,9.0,7.0,10.0,10,True,0.438,19,False,0.0,29,False,0.0,False
motif_4a4ec6c355aeecb3,5,6,10,47,94,9.312,9.0,8.0,10.0,10,True,0.49,19,False,0.0,29,False,0.0,False
motif_662028c6c73754c0,5,6,10,47,94,9.258,9.0,7.0,10.0,10,True,0.46,19,False,0.0,29,False,0.0,False
motif_8a00835776f980e6,5,6,10,47,94,9.238,9.0,7.0,10.0,10,True,0.454,19,False,0.0,29,False,0.0,False
motif_ae40213626e63afb,5,6,10,47,94,9.4,10.0,8.0,10.0,10,True,0.546,19,False,0.0,29,False,0.0,False
motif_d57fa831d1729624,5,6,10,47,94,8.954,9.0,7.0,10.0,10,True,0.334,19,False,0.0,29,False,0.0,False
motif_d58cd5a27e05c0f1,5,6,10,47,94,9.12,9.0,7.0,10.0,10,True,0.384,19,False,0.0,29,False,0.0,False
motif_e5f62aeb23c52e7c,5,6,10,47,94,9.256,9.0,7.0,10.0,10,True,0.466,19,False,0.0,29,False,0.0,False
motif_f6d2bff6f269d8da,5,6,10,47,94,8.868,9.0,6.475000000000001,10.0,10,True,0.302,19,False,0.0,29,False,0.0,False
motif_28abb1de8d93f5d6,5,7,10,47,94,9.194,9.0,7.0,10.0,10,True,0.432,19,False,0.0,29,False,0.0,False
motif_acce998414cf3c12,5,7,10,47,94,8.828,9.0,6.0,10.0,10,True,0.284,19,False,0.0,29,False,0.0,False
